epoch,global_step,loss
0,0,10.076746940612793
0,10,8.772470474243164
0,20,8.773703575134277
0,30,8.040494918823242
0,40,7.509066581726074
0,50,6.833877086639404
0,60,6.775418281555176
0,70,6.588899612426758
0,80,6.1894121170043945
0,90,6.4633588790893555
0,100,6.393139362335205
0,110,5.846797943115234
0,120,6.296062469482422
0,130,5.96099853515625
0,140,6.236212730407715
0,150,6.187130928039551
0,160,6.00767707824707
0,170,5.8306708335876465
0,180,5.887787818908691
0,190,6.117142677307129
0,200,6.255947589874268
0,210,5.759909152984619
0,220,6.110660552978516
0,230,5.746538162231445
0,240,6.369122505187988
0,250,6.050329685211182
0,260,5.443041801452637
0,270,6.1297125816345215
0,280,5.608422756195068
0,290,5.552447319030762
0,300,6.035900115966797
0,310,6.017448902130127
0,320,5.74136209487915
0,330,5.519527435302734
0,340,5.7640228271484375
0,350,4.899389266967773
0,360,5.059361457824707
0,370,5.202042579650879
0,380,5.39886474609375
0,390,6.128853797912598
0,400,5.260263442993164
0,410,5.576808929443359
0,420,5.486398696899414
0,430,5.613615989685059
0,440,6.125730514526367
0,450,5.3314971923828125
0,460,6.042699813842773
0,470,5.430381774902344
0,480,5.503414630889893
0,490,4.72450065612793
0,500,5.010016918182373
0,510,5.900165557861328
0,520,5.753223896026611
0,530,5.605390548706055
0,540,5.869738578796387
0,550,6.26969575881958
0,560,5.554881572723389
0,570,5.3646159172058105
0,580,5.497417449951172
0,590,5.530526161193848
0,600,5.351108074188232
0,610,5.810546398162842
0,620,5.4689741134643555
0,630,5.663170337677002
0,640,5.970310688018799
0,650,5.809326648712158
0,660,5.289558410644531
0,670,5.591211795806885
0,680,5.694414138793945
0,690,5.482369422912598
0,700,5.668753147125244
0,710,5.59470796585083
0,720,4.968687534332275
0,730,5.481601715087891
0,740,5.470479488372803
0,750,5.60984468460083
0,760,4.96942663192749
0,770,4.865805149078369
0,780,5.472509384155273
0,790,5.658228874206543
0,800,5.082913875579834
0,810,5.158263206481934
0,820,5.335018157958984
0,830,5.491067409515381
0,840,5.306354522705078
0,850,5.705618858337402
0,860,5.778026103973389
0,870,5.215372562408447
0,880,5.560027122497559
0,890,5.447227954864502
0,900,5.5163068771362305
0,910,5.476377964019775
0,920,5.819670677185059
0,930,5.419356822967529
0,940,5.313317775726318
0,950,5.060133457183838
0,960,5.176933288574219
0,970,5.484225273132324
0,980,5.130055904388428
0,990,5.848666667938232
0,1000,5.537843704223633
0,1010,5.8466477394104
0,1020,5.084356784820557
0,1030,5.563298225402832
0,1040,5.247409820556641
0,1050,5.677877426147461
0,1060,5.365695953369141
0,1070,5.22348165512085
0,1080,5.867397308349609
0,1090,5.364434242248535
0,1100,5.383804798126221
0,1110,5.331899642944336
0,1120,5.328996658325195
0,1130,5.46733283996582
0,1140,4.553910732269287
0,1150,5.143918991088867
0,1160,5.620078086853027
0,1170,5.509100437164307
0,1180,5.814444541931152
0,1190,5.354400634765625
0,1200,5.725722312927246
0,1210,5.102632522583008
0,1220,5.746369361877441
0,1230,5.534732341766357
0,1240,5.179356098175049
0,1250,5.303210258483887
0,1260,5.166048049926758
0,1270,5.382002830505371
0,1280,5.431802749633789
0,1290,5.445532321929932
0,1300,5.562394142150879
0,1310,4.931893348693848
0,1320,5.425882816314697
0,1330,5.528715133666992
0,1340,5.321517467498779
0,1350,5.627651214599609
0,1360,5.432569980621338
0,1370,5.303585529327393
0,1380,5.159955978393555
0,1390,5.631805419921875
0,1400,4.89980411529541
0,1410,5.600230693817139
0,1420,5.144903182983398
0,1430,4.661634922027588
0,1440,5.308409690856934
0,1450,5.178127288818359
0,1460,5.040160655975342
0,1470,5.1310811042785645
0,1480,5.0718207359313965
0,1490,4.927247524261475
0,1500,4.808497428894043
0,1510,5.494189262390137
0,1520,5.31876802444458
0,1530,5.216347694396973
0,1540,5.325542449951172
0,1550,5.005023956298828
0,1560,5.111210346221924
0,1570,4.9092888832092285
0,1580,5.157867431640625
0,1590,5.029211044311523
0,1600,5.045035362243652
0,1610,5.4028167724609375
0,1620,5.002448081970215
0,1630,5.656033515930176
0,1640,4.607974052429199
0,1650,5.048712253570557
0,1660,5.922719955444336
0,1670,5.213945388793945
0,1680,4.949138164520264
0,1690,5.630280494689941
0,1700,5.025368690490723
0,1710,5.4712653160095215
0,1720,4.803766250610352
0,1730,5.727899074554443
0,1740,4.669469833374023
0,1750,5.020292282104492
0,1760,5.586920738220215
0,1770,5.138461112976074
0,1780,4.636146068572998
0,1790,5.5389933586120605
0,1800,5.383190155029297
0,1810,5.271594047546387
0,1820,5.381793975830078
0,1830,4.968310356140137
0,1840,4.821444988250732
0,1850,4.367583751678467
0,1860,5.259322166442871
0,1870,4.399526119232178
0,1880,4.680258750915527
0,1890,5.137784004211426
0,1900,5.391058921813965
0,1910,5.408928871154785
0,1920,4.824200630187988
0,1930,5.1074700355529785
0,1940,5.270079612731934
0,1950,4.8423943519592285
0,1960,5.604623794555664
0,1970,5.137234687805176
0,1980,5.515056610107422
0,1990,4.861001014709473
0,2000,5.37106990814209
0,2010,5.37228536605835
0,2020,4.69877290725708
0,2030,4.675837993621826
0,2040,5.278559684753418
0,2050,5.022644519805908
0,2060,5.105492115020752
0,2070,4.706892490386963
0,2080,4.799030303955078
0,2090,5.1616668701171875
0,2100,4.84401798248291
0,2110,4.499551773071289
0,2120,5.047069549560547
0,2130,5.303671836853027
0,2140,4.944465160369873
0,2150,4.768252372741699
0,2160,5.204553604125977
0,2170,5.250051975250244
0,2180,5.437946319580078
0,2190,5.111610412597656
0,2200,5.257083892822266
0,2210,5.077489376068115
0,2220,5.409528732299805
0,2230,5.135770797729492
0,2240,5.198971748352051
0,2250,4.924253463745117
0,2260,4.795525550842285
0,2270,4.686681747436523
0,2280,4.937710285186768
0,2290,5.264784812927246
0,2300,5.158807277679443
0,2310,5.184441566467285
0,2320,4.839442253112793
0,2330,5.0488386154174805
0,2340,4.897418975830078
0,2350,5.146087169647217
0,2360,4.960232734680176
0,2370,4.8866167068481445
0,2380,5.290236949920654
0,2390,4.898619651794434
0,2400,4.740558624267578
0,2410,4.515883445739746
0,2420,4.951137542724609
0,2430,4.987436294555664
0,2440,5.287235260009766
0,2450,4.9605913162231445
0,2460,4.846113204956055
0,2470,5.273041248321533
0,2480,5.70310640335083
0,2490,5.056875705718994
0,2500,5.54685640335083
0,2510,5.2252278327941895
0,2520,4.458866596221924
0,2530,4.483585834503174
0,2540,4.786944389343262
0,2550,4.910882949829102
0,2560,4.716269016265869
0,2570,4.717443466186523
0,2580,4.902585029602051
0,2590,5.124168395996094
0,2600,4.5595703125
0,2610,4.347200870513916
0,2620,5.694025993347168
0,2630,4.869399547576904
0,2640,5.329541206359863
0,2650,4.924527645111084
0,2660,4.445265293121338
0,2670,4.796436786651611
0,2680,5.305805683135986
0,2690,4.985116958618164
0,2700,4.4807844161987305
0,2710,5.621199607849121
0,2720,5.238128662109375
0,2730,5.193892002105713
0,2740,4.423674583435059
0,2750,4.056586742401123
0,2760,5.267995357513428
0,2770,4.873382568359375
0,2780,4.950026035308838
0,2790,5.224566459655762
0,2800,4.494389533996582
0,2810,5.159395694732666
0,2820,4.86834716796875
0,2830,4.925621032714844
0,2840,4.974025726318359
0,2850,5.256252288818359
0,2860,4.638997554779053
0,2870,5.116794586181641
0,2880,4.770608901977539
0,2890,4.932521820068359
0,2900,4.917984485626221
0,2910,5.094796657562256
0,2920,4.558381080627441
0,2930,4.922486305236816
0,2940,4.890151023864746
0,2950,4.974850654602051
0,2960,4.482131004333496
0,2970,5.312766075134277
0,2980,5.327881336212158
0,2990,4.522611618041992
0,3000,5.083069801330566
0,3010,5.018338203430176
0,3020,4.795773506164551
0,3030,4.971462726593018
0,3040,4.29384183883667
0,3050,4.551743030548096
0,3060,4.909420013427734
0,3070,5.146702766418457
0,3080,4.854045391082764
0,3090,5.023863792419434
0,3100,4.804348945617676
0,3110,4.8140082359313965
0,3120,4.8080010414123535
0,3130,5.508781433105469
0,3140,4.880542755126953
0,3150,4.868101596832275
0,3160,4.985514163970947
0,3170,4.411853790283203
0,3180,4.578211784362793
0,3190,4.715331077575684
0,3200,4.711121559143066
0,3210,5.029193878173828
0,3220,4.777681350708008
0,3230,4.530991077423096
0,3240,4.739643096923828
0,3250,5.501364707946777
0,3260,4.763404369354248
0,3270,5.290997505187988
0,3280,4.865635395050049
0,3290,4.856987476348877
0,3300,4.794188976287842
0,3310,4.797284126281738
0,3320,5.032846450805664
0,3330,5.104062080383301
0,3340,5.01763916015625
0,3350,4.766470432281494
0,3360,5.216555595397949
0,3370,4.340363025665283
0,3380,5.112527370452881
0,3390,4.913177490234375
0,3400,4.501646995544434
0,3410,4.871004104614258
0,3420,4.764343738555908
0,3430,4.819204807281494
0,3440,4.835511684417725
0,3450,4.895412921905518
0,3460,4.505524635314941
0,3470,5.052119731903076
0,3480,4.898711681365967
0,3490,4.615288257598877
0,3500,4.364906311035156
0,3510,5.156464576721191
0,3520,4.211989402770996
0,3530,4.668307304382324
0,3540,5.164098262786865
0,3550,4.989782333374023
0,3560,4.747490882873535
0,3570,4.687265872955322
0,3580,5.016556739807129
0,3590,4.684636116027832
0,3600,4.742469787597656
0,3610,4.895569801330566
0,3620,5.264115333557129
0,3630,4.846226692199707
0,3640,4.488241195678711
0,3650,4.028158664703369
0,3660,5.063231945037842
0,3670,5.277503967285156
0,3680,4.851166248321533
0,3690,4.488429069519043
0,3700,5.009468078613281
0,3710,5.459989547729492
0,3720,4.680076599121094
0,3730,4.539361476898193
0,3740,5.4985857009887695
0,3750,4.402898788452148
0,3760,4.775326728820801
0,3770,4.718491077423096
0,3780,4.866894245147705
0,3790,5.270301342010498
0,3800,4.51836633682251
0,3810,4.425927639007568
0,3820,5.263247489929199
0,3830,4.920211315155029
0,3840,4.4628472328186035
0,3850,5.189931392669678
0,3860,4.710294723510742
0,3870,4.792308330535889
0,3880,4.8431291580200195
0,3890,4.803953170776367
0,3900,4.460228443145752
0,3910,4.928327560424805
0,3920,4.626874923706055
0,3930,5.210869789123535
0,3940,4.470618724822998
0,3950,4.035443305969238
0,3960,4.8484787940979
0,3970,5.096873760223389
0,3980,4.460096836090088
0,3990,5.02414608001709
0,4000,4.498739242553711
0,4010,4.810590744018555
0,4020,4.41496467590332
0,4030,4.953099727630615
0,4040,4.799919128417969
0,4050,4.487392425537109
0,4060,4.306471824645996
0,4070,4.636605262756348
0,4080,4.904575347900391
0,4090,5.232646942138672
0,4100,4.894346237182617
0,4110,4.6120710372924805
0,4120,4.800951957702637
0,4130,4.947866439819336
0,4140,4.799217224121094
0,4150,4.249220371246338
0,4160,4.834534168243408
0,4170,4.388604640960693
0,4180,4.697881698608398
0,4190,4.570918083190918
0,4200,4.6111063957214355
0,4210,4.580626487731934
0,4220,5.278716087341309
0,4230,4.758237361907959
0,4240,5.198320388793945
0,4250,4.784878730773926
0,4260,4.423462867736816
0,4270,5.341453552246094
0,4280,4.414936065673828
0,4290,4.950881004333496
0,4300,4.881044387817383
0,4310,5.048824310302734
0,4320,5.177939414978027
0,4330,5.151015758514404
0,4340,4.774574279785156
0,4350,4.405818462371826
0,4360,5.231845855712891
0,4370,4.925538063049316
0,4380,4.256882190704346
0,4390,4.3149919509887695
0,4400,4.6624040603637695
0,4410,4.63698673248291
0,4420,5.051529407501221
0,4430,4.198852062225342
0,4440,5.131982326507568
0,4450,4.534696578979492
0,4460,5.047250270843506
0,4470,5.260020732879639
0,4480,4.915566444396973
0,4490,4.69661808013916
0,4500,4.739763259887695
0,4510,4.707688331604004
0,4520,4.189596176147461
0,4530,4.499935150146484
0,4540,4.861940383911133
0,4550,5.041263580322266
0,4560,4.513656139373779
0,4570,4.714479923248291
0,4580,4.408802509307861
0,4590,4.61287784576416
0,4600,5.00715446472168
0,4610,4.454402446746826
0,4620,4.452004432678223
0,4630,5.066422462463379
0,4640,4.928890705108643
0,4650,4.896686553955078
0,4660,4.049482822418213
0,4670,4.70815896987915
0,4680,4.577908515930176
0,4690,5.212802410125732
0,4700,4.419882774353027
0,4710,4.447896957397461
0,4720,4.469019889831543
0,4730,4.315682411193848
0,4740,4.748556137084961
0,4750,4.83681583404541
0,4760,4.28162956237793
0,4770,4.995223045349121
0,4780,4.357604503631592
0,4790,4.950639247894287
0,4800,4.821288585662842
0,4810,5.03514289855957
0,4820,4.2979278564453125
0,4830,4.495134353637695
0,4840,4.572501182556152
0,4850,4.675179481506348
0,4860,4.476160526275635
0,4870,4.17315149307251
0,4880,4.9811811447143555
0,4890,4.535477638244629
0,4900,5.034930229187012
0,4910,5.054568767547607
0,4920,5.046813011169434
0,4930,4.289356708526611
0,4940,5.15891695022583
0,4950,5.028008937835693
0,4960,4.30415678024292
0,4970,4.260593891143799
0,4980,4.406571865081787
0,4990,4.670577049255371
0,5000,5.102162837982178
0,5010,4.648355960845947
0,5020,4.233684062957764
0,5030,4.3334197998046875
0,5040,5.028356552124023
0,5050,4.449321269989014
0,5060,4.986001014709473
0,5070,5.2394819259643555
0,5080,3.8038408756256104
0,5090,4.885424613952637
0,5100,5.1496171951293945
0,5110,5.0728759765625
0,5120,4.632686138153076
0,5130,4.436473369598389
0,5140,4.469171524047852
0,5150,4.364964962005615
0,5160,3.972418785095215
0,5170,5.047880172729492
0,5180,4.311030864715576
0,5190,4.693936824798584
0,5200,4.697011947631836
0,5210,4.695901393890381
0,5220,4.716534614562988
0,5230,4.987632751464844
0,5240,4.778776168823242
0,5250,5.0855865478515625
0,5260,4.652497291564941
0,5270,4.657586097717285
0,5280,4.664546966552734
0,5290,3.9485363960266113
0,5300,4.593449592590332
0,5310,4.266398906707764
0,5320,4.77131462097168
0,5330,4.694995403289795
0,5340,4.176194190979004
0,5350,4.214902400970459
0,5360,4.602695465087891
0,5370,5.000843524932861
0,5380,4.436709880828857
0,5390,4.764980316162109
0,5400,4.835505962371826
0,5410,4.662658214569092
0,5420,4.330986022949219
0,5430,4.323357582092285
0,5440,4.100229740142822
0,5450,4.738967418670654
0,5460,4.7470479011535645
0,5470,4.205033779144287
0,5480,4.670485973358154
0,5490,4.538423538208008
0,5500,4.147574424743652
0,5510,4.427688121795654
0,5520,4.322121620178223
0,5530,4.381786346435547
0,5540,4.076962471008301
0,5550,4.540022850036621
0,5560,4.8134765625
0,5570,4.158848762512207
0,5580,4.61409854888916
0,5590,5.014931678771973
0,5600,3.8743605613708496
0,5610,5.001344203948975
0,5620,4.8607048988342285
0,5630,4.449379920959473
0,5640,4.745645523071289
0,5650,4.384402275085449
0,5660,4.823598861694336
0,5670,4.23900032043457
0,5680,5.028280258178711
0,5690,4.376228332519531
0,5700,5.058534622192383
0,5710,4.480837345123291
0,5720,4.351476669311523
0,5730,4.411727428436279
0,5740,4.470139503479004
0,5750,4.765068054199219
0,5760,4.460498332977295
0,5770,5.035310745239258
0,5780,4.385560989379883
0,5790,4.197470664978027
0,5800,4.428574085235596
0,5810,4.893835067749023
0,5820,4.418801784515381
0,5830,4.115208625793457
0,5840,4.475092887878418
0,5850,4.320087432861328
0,5860,4.514891624450684
0,5870,4.224489212036133
0,5880,4.252471446990967
0,5890,4.7369561195373535
0,5900,4.31726598739624
0,5910,4.641957759857178
0,5920,4.53720760345459
0,5930,5.1204423904418945
0,5940,4.456437110900879
0,5950,3.248722553253174
0,5960,4.828753471374512
0,5970,5.038954257965088
0,5980,4.187865734100342
0,5990,3.9050588607788086
0,6000,4.8410515785217285
0,6010,4.1704559326171875
0,6020,4.699618339538574
0,6030,4.158936023712158
0,6040,4.579311847686768
0,6050,4.927145957946777
0,6060,4.62712287902832
0,6070,4.323009014129639
0,6080,4.302386283874512
0,6090,4.608915328979492
0,6100,4.831709861755371
0,6110,4.867506504058838
0,6120,4.835692882537842
0,6130,4.41680908203125
0,6140,4.387588024139404
0,6150,4.640690803527832
0,6160,4.684279441833496
0,6170,4.816779613494873
0,6180,5.230389595031738
0,6190,4.896883010864258
0,6200,4.814349174499512
0,6210,4.488217830657959
0,6220,3.6819863319396973
0,6230,4.317183494567871
0,6240,4.0166335105896
0,6250,4.852731704711914
0,6260,4.413995742797852
0,6270,4.472672462463379
0,6280,4.342212677001953
0,6290,4.59830379486084
0,6300,4.4233598709106445
0,6310,4.82879638671875
0,6320,3.9811086654663086
0,6330,4.761948108673096
0,6340,4.245950222015381
0,6350,4.436938762664795
0,6360,4.705537796020508
0,6370,4.674768447875977
0,6380,4.462882995605469
0,6390,4.10403299331665
0,6400,4.612018585205078
0,6410,4.520462989807129
0,6420,4.728779315948486
0,6430,4.335492134094238
0,6440,4.095401763916016
0,6450,4.31685209274292
0,6460,3.6820969581604004
0,6470,4.821444034576416
0,6480,4.449737548828125
0,6490,4.3929057121276855
0,6500,4.197039604187012
0,6510,4.769867420196533
0,6520,4.215823173522949
0,6530,4.816807746887207
0,6540,4.431586742401123
0,6550,4.3640313148498535
0,6560,4.972510814666748
0,6570,4.605499744415283
0,6580,4.510499000549316
0,6590,4.348834037780762
0,6600,4.465053558349609
0,6610,4.802477836608887
0,6620,4.222338676452637
0,6630,3.970872402191162
0,6640,4.638272285461426
0,6650,4.650767803192139
0,6660,5.0318732261657715
0,6670,4.359776020050049
0,6680,4.323898792266846
0,6690,4.528037071228027
0,6700,5.060099124908447
0,6710,4.0954389572143555
0,6720,4.7573957443237305
0,6730,4.515920639038086
0,6740,5.029604911804199
0,6750,4.157837867736816
0,6760,4.457361698150635
0,6770,5.055727005004883
0,6780,4.299588203430176
0,6790,4.641728401184082
0,6800,4.328651428222656
0,6810,4.151758670806885
0,6820,4.620786666870117
0,6830,4.707296371459961
0,6840,4.957995414733887
0,6850,3.841165065765381
0,6860,4.056405544281006
0,6870,4.599618911743164
0,6880,4.578795433044434
0,6890,4.456132411956787
0,6900,3.991539478302002
0,6910,4.138477802276611
0,6920,3.569793701171875
0,6930,4.839166164398193
0,6940,4.475411415100098
0,6950,4.490238189697266
0,6960,4.00506591796875
0,6970,4.550910949707031
0,6980,4.552752494812012
0,6990,4.604517936706543
0,7000,4.6638031005859375
0,7010,4.631894588470459
0,7020,4.287346839904785
0,7030,4.7699432373046875
0,7040,4.108161449432373
0,7050,4.559142112731934
0,7060,4.273543357849121
0,7070,4.262784004211426
0,7080,4.924624919891357
0,7090,4.206841945648193
0,7100,3.97182035446167
0,7110,4.150498390197754
0,7120,4.815443992614746
0,7130,4.23339319229126
0,7140,3.549553394317627
0,7150,4.598557949066162
0,7160,4.215647220611572
0,7170,4.269378185272217
0,7180,4.798858165740967
0,7190,4.541148662567139
0,7200,4.5295610427856445
0,7210,4.214994430541992
0,7220,4.662818431854248
0,7230,4.148891448974609
0,7240,4.194590091705322
0,7250,4.503612995147705
0,7260,4.28408145904541
0,7270,3.735196352005005
0,7280,4.299008846282959
0,7290,4.234238147735596
0,7300,4.7183661460876465
0,7310,4.228999137878418
0,7320,4.560198783874512
0,7330,4.725119590759277
0,7340,4.632639408111572
0,7350,4.714089393615723
0,7360,4.530485153198242
0,7370,4.955595970153809
0,7380,4.065451622009277
0,7390,4.480916976928711
0,7400,3.3360941410064697
0,7410,4.720962047576904
0,7420,4.772078514099121
0,7430,4.044726371765137
0,7440,4.690764427185059
0,7450,4.46099853515625
0,7460,4.93325662612915
0,7470,4.502019882202148
0,7480,4.666987419128418
0,7490,4.78092622756958
0,7500,4.484287261962891
0,7510,4.284867286682129
0,7520,4.64082145690918
0,7530,4.35737943649292
0,7540,4.44563102722168
0,7550,4.491679668426514
0,7560,4.874433517456055
0,7570,4.332290172576904
0,7580,4.902493476867676
0,7590,4.4835524559021
0,7600,4.253899574279785
0,7610,4.846665859222412
0,7620,4.421595573425293
0,7630,4.864530563354492
0,7640,4.442116737365723
0,7650,4.2025299072265625
0,7660,4.388532638549805
0,7670,4.480382442474365
0,7680,4.610914707183838
0,7690,4.824541091918945
0,7700,4.902800559997559
0,7710,4.935179233551025
0,7720,4.786670207977295
0,7730,4.9143877029418945
0,7740,4.685462474822998
0,7750,4.526865005493164
0,7760,4.364200115203857
0,7770,4.735618591308594
0,7780,4.721169471740723
0,7790,4.594489097595215
0,7800,4.2351884841918945
0,7810,4.502847671508789
0,7820,4.1081085205078125
0,7830,4.341726779937744
0,7840,4.715665340423584
0,7850,4.474681377410889
0,7860,4.809826374053955
0,7870,4.722355842590332
0,7880,4.534526824951172
0,7890,4.098501205444336
0,7900,4.541196823120117
0,7910,4.371354103088379
0,7920,4.176048755645752
0,7930,4.391980171203613
0,7940,5.0753068923950195
0,7950,4.276123046875
0,7960,4.5958333015441895
0,7970,4.555024147033691
0,7980,4.705934047698975
0,7990,3.977236032485962
0,8000,4.642582416534424
0,8010,4.038848876953125
0,8020,4.4167799949646
0,8030,4.975543975830078
0,8040,4.499164581298828
0,8050,4.439136505126953
0,8060,3.969651699066162
0,8070,4.546810626983643
0,8080,4.223465919494629
0,8090,4.247347354888916
0,8100,4.366226673126221
0,8110,4.700301647186279
0,8120,4.413950443267822
0,8130,5.0790019035339355
0,8140,3.9008893966674805
0,8150,4.3219451904296875
0,8160,4.374512195587158
0,8170,4.643848419189453
0,8180,4.52280330657959
0,8190,4.467626094818115
0,8200,4.0453996658325195
0,8210,4.421947956085205
0,8220,4.394573211669922
0,8230,4.211296081542969
0,8240,3.985079288482666
0,8250,4.686881065368652
0,8260,4.4040093421936035
0,8270,3.7938036918640137
0,8280,4.164555549621582
0,8290,3.9331631660461426
0,8300,4.131041526794434
0,8310,4.057129383087158
0,8320,4.296422004699707
0,8330,3.9253058433532715
0,8340,4.080873966217041
0,8350,4.58106803894043
0,8360,4.103221893310547
0,8370,4.338510036468506
0,8380,4.8907470703125
0,8390,4.584245681762695
0,8400,4.317432403564453
0,8410,4.675850868225098
0,8420,4.139221668243408
0,8430,4.3018622398376465
0,8440,4.182618141174316
0,8450,4.604516506195068
0,8460,3.7117860317230225
0,8470,4.573412895202637
0,8480,4.376577377319336
0,8490,4.068885803222656
0,8500,5.004138946533203
0,8510,4.374022483825684
0,8520,4.807946681976318
0,8530,4.0241241455078125
0,8540,4.068450927734375
0,8550,4.797691822052002
0,8560,3.9524590969085693
0,8570,4.615442276000977
0,8580,3.9641542434692383
0,8590,4.2415337562561035
0,8600,4.249077796936035
0,8610,4.095860481262207
0,8620,3.9421143531799316
0,8630,4.31353759765625
0,8640,4.609222412109375
0,8650,4.091586112976074
0,8660,4.227022647857666
0,8670,4.100805282592773
0,8680,4.9059038162231445
0,8690,3.9576640129089355
0,8700,3.7645483016967773
0,8710,3.654937267303467
0,8720,4.3464202880859375
0,8730,4.069770812988281
0,8740,4.317340850830078
0,8750,4.031185150146484
0,8760,4.698576927185059
0,8770,4.73807954788208
0,8780,4.295681476593018
0,8790,4.337353229522705
0,8800,4.492356300354004
0,8810,4.2263312339782715
0,8820,4.285851955413818
0,8830,4.281322956085205
0,8840,3.9109206199645996
0,8850,4.454846382141113
0,8860,4.081109046936035
0,8870,3.893537998199463
0,8880,4.296786308288574
0,8890,4.4933180809021
0,8900,4.156630039215088
0,8910,4.43829870223999
0,8920,4.712464809417725
0,8930,4.106380462646484
0,8940,4.204751968383789
0,8950,4.174623489379883
0,8960,4.494887828826904
0,8970,4.4592180252075195
0,8980,4.217615604400635
0,8990,4.460847854614258
0,9000,4.499709129333496
0,9010,4.747576713562012
0,9020,5.0514020919799805
0,9030,3.963243007659912
0,9040,3.7187819480895996
0,9050,4.437114715576172
0,9060,4.276333332061768
0,9070,3.595780611038208
0,9080,4.1894612312316895
0,9090,4.400176048278809
0,9100,4.163632392883301
0,9110,4.40699577331543
0,9120,3.943605422973633
0,9130,4.832718849182129
0,9140,4.373910427093506
0,9150,3.8969552516937256
0,9160,4.29599666595459
0,9170,4.506933212280273
0,9180,4.1033430099487305
0,9190,4.057639122009277
0,9200,4.782951354980469
0,9210,4.6497955322265625
0,9220,4.409802436828613
0,9230,4.773996829986572
0,9240,4.505286693572998
0,9250,4.317200660705566
0,9260,4.814094543457031
0,9270,3.916769027709961
0,9280,4.310896873474121
0,9290,4.303099632263184
0,9300,4.123023986816406
0,9310,4.173198223114014
0,9320,3.847811222076416
0,9330,4.397953987121582
0,9340,4.686265468597412
0,9350,4.227869510650635
0,9360,4.292163372039795
0,9370,4.034426689147949
0,9380,5.149628639221191
0,9390,4.814366340637207
0,9400,3.961550235748291
0,9410,4.0852742195129395
0,9420,4.703493118286133
0,9430,4.351910591125488
0,9440,4.063626766204834
0,9450,4.0773138999938965
0,9460,4.390897274017334
0,9470,4.612612247467041
0,9480,4.598295211791992
0,9490,4.400040626525879
0,9500,4.334939479827881
0,9510,4.04683780670166
0,9520,4.0112199783325195
0,9530,4.6984968185424805
0,9540,4.5040740966796875
0,9550,4.805285930633545
0,9560,4.263618469238281
0,9570,4.305352687835693
0,9580,4.469719886779785
0,9590,3.8102831840515137
0,9600,4.673372745513916
0,9610,4.271047592163086
0,9620,4.072615623474121
0,9630,4.34650993347168
0,9640,3.890589714050293
0,9650,4.071308612823486
0,9660,4.773317337036133
0,9670,4.125964164733887
0,9680,4.447032928466797
0,9690,4.236570835113525
0,9700,4.526853561401367
0,9710,4.317950248718262
0,9720,4.701359748840332
0,9730,4.386331081390381
0,9740,4.575008869171143
0,9750,4.46184778213501
0,9760,4.544341087341309
0,9770,4.8468122482299805
0,9780,4.011052131652832
0,9790,3.5003600120544434
0,9800,3.78596830368042
0,9810,4.9350457191467285
0,9820,4.151094913482666
0,9830,4.645010471343994
0,9840,4.3976521492004395
0,9850,4.0614423751831055
0,9860,4.0521769523620605
0,9870,3.5920896530151367
0,9880,3.8986425399780273
0,9890,4.245630264282227
0,9900,4.684521675109863
0,9910,4.709660530090332
0,9920,4.397250652313232
0,9930,3.852382183074951
0,9940,4.335692405700684
0,9950,4.679797172546387
0,9960,4.522863388061523
0,9970,3.509157180786133
0,9980,4.3145751953125
0,9990,4.2820305824279785
0,10000,4.744024276733398
0,10010,3.871561288833618
0,10020,4.208888053894043
0,10030,4.051239967346191
0,10040,4.374115467071533
0,10050,4.716839790344238
0,10060,4.409259796142578
0,10070,4.139578819274902
0,10080,4.63845157623291
0,10090,4.476422309875488
0,10100,4.938312530517578
0,10110,3.8256731033325195
0,10120,4.250438690185547
0,10130,4.382435321807861
0,10140,4.825969219207764
0,10150,4.927998065948486
0,10160,4.398838043212891
0,10170,3.7317309379577637
0,10180,4.479156017303467
0,10190,4.328497886657715
0,10200,4.221248149871826
0,10210,4.227432727813721
0,10220,4.380681037902832
0,10230,4.524272918701172
0,10240,4.122810363769531
0,10250,4.368686676025391
0,10260,4.962227821350098
0,10270,4.613648891448975
0,10280,4.654226303100586
0,10290,3.886718988418579
0,10300,4.033087730407715
0,10310,4.529105186462402
0,10320,4.591261863708496
0,10330,4.32434606552124
0,10340,4.446802139282227
0,10350,4.080947399139404
0,10360,4.502046585083008
0,10370,3.9866812229156494
0,10380,4.068243980407715
0,10390,4.162026405334473
0,10400,4.534023284912109
0,10410,4.707012176513672
0,10420,4.03653621673584
0,10430,4.615929126739502
0,10440,4.421801567077637
0,10450,3.8619916439056396
0,10460,4.198204517364502
0,10470,4.028757095336914
0,10480,4.040484428405762
0,10490,4.112000942230225
0,10500,3.8430066108703613
0,10510,4.261011600494385
0,10520,4.498412132263184
0,10530,3.7343387603759766
0,10540,4.193519592285156
0,10550,3.540221691131592
0,10560,3.591247081756592
0,10570,4.065694808959961
0,10580,4.539142608642578
0,10590,4.268867492675781
0,10600,4.151426315307617
0,10610,4.299806118011475
0,10620,4.248316287994385
0,10630,4.103920936584473
0,10640,4.600965976715088
0,10650,3.9746694564819336
0,10660,3.902129888534546
0,10670,4.0266923904418945
0,10680,3.888828754425049
0,10690,4.452540397644043
0,10700,3.7659764289855957
0,10710,3.912992000579834
0,10720,4.469141006469727
0,10730,4.291563987731934
0,10740,4.48671293258667
0,10750,3.858443260192871
0,10760,3.7864837646484375
0,10770,4.105864524841309
0,10780,3.9060475826263428
0,10790,4.2276153564453125
0,10800,3.820751190185547
0,10810,4.037510871887207
0,10820,4.418906211853027
0,10830,4.560683250427246
0,10840,3.5608901977539062
0,10850,4.299046993255615
0,10860,4.347019195556641
0,10870,4.162827491760254
0,10880,4.262911796569824
0,10890,4.562505722045898
0,10900,3.9670023918151855
0,10910,4.218680381774902
0,10920,4.481101989746094
0,10930,4.222100257873535
0,10940,4.404778957366943
0,10950,4.0218000411987305
0,10960,4.477478504180908
0,10970,4.462940692901611
0,10980,3.752127170562744
0,10990,4.024385929107666
0,11000,3.9200029373168945
0,11010,4.1266703605651855
0,11020,4.499978542327881
0,11030,4.052143096923828
0,11040,4.43989372253418
0,11050,4.206882476806641
0,11060,4.177754878997803
0,11070,3.8771138191223145
0,11080,3.8963356018066406
0,11090,3.6901559829711914
0,11100,4.331244468688965
0,11110,4.090428829193115
0,11120,4.396956443786621
0,11130,3.702423095703125
0,11140,4.682823181152344
0,11150,4.267327785491943
0,11160,4.083200454711914
0,11170,3.549525260925293
0,11180,4.567809581756592
0,11190,4.102295875549316
0,11200,3.974557876586914
0,11210,3.8784737586975098
0,11220,3.771562099456787
0,11230,4.109322547912598
0,11240,4.097111701965332
0,11250,4.156777381896973
0,11260,4.555562496185303
0,11270,3.929161548614502
0,11280,3.886986494064331
0,11290,4.021278381347656
0,11300,3.85888671875
0,11310,4.402032375335693
0,11320,4.152811527252197
0,11330,3.659198760986328
0,11340,4.247472763061523
0,11350,4.271038055419922
0,11360,4.075125217437744
0,11370,4.070046901702881
0,11380,3.94297456741333
0,11390,3.714555025100708
0,11400,3.138221263885498
0,11410,4.028728008270264
0,11420,4.232487678527832
0,11430,4.090395450592041
0,11440,4.05203104019165
0,11450,3.969346761703491
0,11460,4.113587379455566
0,11470,4.591039657592773
0,11480,4.599240303039551
0,11490,4.3801751136779785
0,11500,4.426026821136475
0,11510,3.7174603939056396
0,11520,3.624854564666748
0,11530,4.0917158126831055
0,11540,4.285099983215332
0,11550,4.377264499664307
0,11560,4.6583170890808105
0,11570,3.9186391830444336
0,11580,4.311032295227051
0,11590,4.017052173614502
0,11600,3.9041690826416016
0,11610,4.142937183380127
0,11620,4.086872577667236
0,11630,4.1457905769348145
0,11640,4.477129936218262
0,11650,4.405169486999512
0,11660,4.267049789428711
0,11670,4.365398406982422
0,11680,3.716926097869873
0,11690,4.454959869384766
0,11700,3.0098824501037598
0,11710,4.203014373779297
0,11720,3.7323155403137207
0,11730,4.159391403198242
0,11740,4.146320343017578
0,11750,3.619196891784668
0,11760,4.234531402587891
0,11770,4.19610595703125
0,11780,4.41405725479126
0,11790,4.4697675704956055
0,11800,4.540198802947998
0,11810,3.6882665157318115
0,11820,4.459053993225098
0,11830,4.467199802398682
0,11840,4.389875411987305
0,11850,3.824920177459717
0,11860,4.445446968078613
0,11870,4.689319610595703
0,11880,4.139418601989746
0,11890,4.721452236175537
0,11900,4.185243606567383
0,11910,4.087018013000488
0,11920,4.229621887207031
0,11930,4.73576021194458
0,11940,4.080955982208252
0,11950,4.046154975891113
0,11960,4.142508506774902
0,11970,4.304029941558838
0,11980,4.1523590087890625
0,11990,4.026586055755615
0,12000,4.105422019958496
0,12010,4.695319175720215
0,12020,4.29701566696167
0,12030,4.447662353515625
0,12040,4.1708173751831055
0,12050,4.088619232177734
0,12060,4.162474155426025
0,12070,3.839482545852661
0,12080,4.057121276855469
0,12090,4.182277679443359
0,12100,3.915316581726074
0,12110,4.464005470275879
0,12120,4.0616044998168945
0,12130,4.1244215965271
0,12140,4.363348960876465
0,12150,4.101982116699219
0,12160,3.717322826385498
0,12170,4.272824764251709
0,12180,4.597850799560547
0,12190,4.454900741577148
0,12200,3.986368179321289
0,12210,3.8757846355438232
0,12220,3.9771275520324707
0,12230,3.5164613723754883
0,12240,4.040693283081055
0,12250,3.3557024002075195
0,12260,3.8452839851379395
0,12270,4.316152095794678
0,12280,4.541581153869629
0,12290,4.2461066246032715
0,12300,4.586228370666504
0,12310,3.603797435760498
0,12320,4.028746128082275
0,12330,4.363598823547363
0,12340,3.49271821975708
0,12350,3.962977886199951
0,12360,4.760980129241943
0,12370,4.047469139099121
0,12380,3.8091678619384766
0,12390,4.2814040184021
0,12400,4.20075798034668
0,12410,4.05061674118042
0,12420,4.513735294342041
0,12430,4.224357604980469
0,12440,4.826176166534424
0,12450,3.900866985321045
0,12460,4.07326602935791
0,12470,3.9570014476776123
0,12480,3.7925734519958496
0,12490,4.076517581939697
0,12500,4.120683670043945
0,12510,4.022465229034424
0,12520,3.589433193206787
0,12530,3.341599941253662
0,12540,4.456942558288574
0,12550,4.5111775398254395
0,12560,3.9968111515045166
0,12570,4.07807731628418
0,12580,4.2981977462768555
0,12590,4.361618518829346
0,12600,4.015904426574707
0,12610,4.832197189331055
0,12620,4.531930923461914
0,12630,4.479330062866211
0,12640,4.044669151306152
0,12650,4.399792671203613
0,12660,4.105752944946289
0,12670,4.361640930175781
0,12680,3.8876025676727295
0,12690,3.824538469314575
0,12700,4.484442234039307
0,12710,4.2138543128967285
0,12720,3.648765802383423
0,12730,4.473094940185547
0,12740,4.447287559509277
0,12750,3.9243643283843994
0,12760,4.474839210510254
0,12770,4.054835319519043
0,12780,4.116734504699707
0,12790,4.503477096557617
0,12800,4.022143840789795
0,12810,4.125214576721191
0,12820,3.3785605430603027
0,12830,4.737270355224609
0,12840,3.665595054626465
0,12850,4.038995742797852
0,12860,4.329648494720459
0,12870,4.242465496063232
0,12880,4.267030715942383
0,12890,3.7978169918060303
0,12900,3.661080837249756
0,12910,3.48060941696167
0,12920,4.157623767852783
0,12930,4.471060276031494
0,12940,4.038569450378418
0,12950,4.2320876121521
0,12960,4.204721450805664
0,12970,4.034176349639893
0,12980,4.546631336212158
0,12990,3.5552947521209717
0,13000,4.412489891052246
0,13010,3.856842279434204
0,13020,4.326904296875
0,13030,4.4529337882995605
0,13040,3.9108638763427734
0,13050,3.537315845489502
0,13060,4.3899078369140625
0,13070,3.6645753383636475
0,13080,4.328031063079834
0,13090,4.2993574142456055
0,13100,3.779421091079712
0,13110,4.116591930389404
0,13120,4.11531925201416
0,13130,4.144351959228516
0,13140,4.2935919761657715
0,13150,4.336081027984619
0,13160,3.8483924865722656
0,13170,3.7626729011535645
0,13180,3.6489484310150146
0,13190,4.135059356689453
0,13200,4.328070163726807
0,13210,3.7472307682037354
0,13220,4.801510810852051
0,13230,4.253996849060059
0,13240,4.1206278800964355
0,13250,3.9579215049743652
0,13260,4.244070529937744
0,13270,3.8842077255249023
0,13280,4.75990629196167
0,13290,3.891293525695801
0,13300,4.139096260070801
0,13310,4.451468467712402
0,13320,4.060807704925537
0,13330,4.075087547302246
0,13340,4.099322319030762
0,13350,4.50864839553833
0,13360,4.411484718322754
0,13370,4.257114410400391
0,13380,3.8558566570281982
0,13390,3.943458318710327
0,13400,3.9384548664093018
0,13410,4.030689716339111
0,13420,3.824388027191162
0,13430,3.2906787395477295
0,13440,4.178580284118652
0,13450,3.6697499752044678
0,13460,3.7776660919189453
0,13470,3.4323043823242188
0,13480,4.052401542663574
0,13490,3.797752618789673
0,13500,4.105915546417236
0,13510,4.059392929077148
0,13520,4.050370693206787
0,13530,3.5680065155029297
0,13540,4.575891971588135
0,13550,3.921593189239502
0,13560,3.9743237495422363
0,13570,4.672855377197266
0,13580,4.2186150550842285
0,13590,3.5318942070007324
0,13600,4.011258602142334
0,13610,3.893136978149414
0,13620,4.13217830657959
0,13630,3.6985323429107666
0,13640,3.4044692516326904
0,13650,3.949500560760498
0,13660,3.521383285522461
0,13670,3.571652412414551
0,13680,4.550364017486572
0,13690,3.563812494277954
0,13700,3.835205078125
0,13710,4.2349138259887695
0,13720,4.0620198249816895
0,13730,4.512557506561279
0,13740,3.6865148544311523
0,13750,3.994597911834717
0,13760,3.834043025970459
0,13770,3.747758626937866
0,13780,4.171210765838623
0,13790,3.880911350250244
0,13800,3.993752956390381
0,13810,4.171469688415527
0,13820,4.563363075256348
0,13830,4.071767330169678
0,13840,3.7818808555603027
0,13850,3.8565659523010254
0,13860,3.8684818744659424
0,13870,4.230048656463623
0,13880,4.3111114501953125
0,13890,4.368846893310547
0,13900,3.705024003982544
0,13910,3.9125254154205322
0,13920,3.937779426574707
0,13930,3.8709774017333984
0,13940,3.9286108016967773
0,13950,4.174407958984375
0,13960,4.556825160980225
0,13970,4.0206522941589355
0,13980,4.0886688232421875
0,13990,3.8712503910064697
0,14000,3.3437585830688477
0,14010,4.544529914855957
0,14020,3.247161865234375
0,14030,3.833193302154541
0,14040,3.9836840629577637
0,14050,4.010518550872803
0,14060,4.259539604187012
0,14070,3.6619577407836914
0,14080,3.8069260120391846
0,14090,3.797043800354004
0,14100,4.115146160125732
0,14110,3.9347147941589355
0,14120,3.474980592727661
0,14130,4.083593368530273
0,14140,3.093740463256836
0,14150,4.078627586364746
0,14160,3.8519885540008545
0,14170,4.1905903816223145
0,14180,4.001687526702881
0,14190,4.627558708190918
0,14200,4.218413352966309
0,14210,3.922353744506836
0,14220,3.427001476287842
0,14230,3.920369863510132
0,14240,3.4526455402374268
0,14250,3.6472761631011963
0,14260,4.427999496459961
0,14270,3.4956932067871094
0,14280,3.958794593811035
0,14290,4.476873874664307
0,14300,4.279876708984375
0,14310,3.505836009979248
0,14320,3.9983901977539062
0,14330,3.9319872856140137
0,14340,4.114356994628906
0,14350,4.114954948425293
0,14360,4.076737403869629
0,14370,4.044975280761719
0,14380,3.5844674110412598
0,14390,4.259330749511719
0,14400,4.6664814949035645
0,14410,3.7665233612060547
0,14420,4.143287658691406
0,14430,3.9854512214660645
0,14440,3.746429443359375
0,14450,3.803722858428955
0,14460,3.7522006034851074
0,14470,3.7986083030700684
0,14480,3.8811087608337402
0,14490,4.232309818267822
0,14500,3.912909507751465
0,14510,4.046499729156494
0,14520,3.559598207473755
0,14530,4.464282989501953
0,14540,3.9958605766296387
0,14550,4.436956882476807
0,14560,4.430973529815674
0,14570,3.616183280944824
0,14580,4.405641555786133
0,14590,4.086785316467285
0,14600,4.12211799621582
0,14610,4.475731372833252
0,14620,3.835317850112915
0,14630,4.233764171600342
0,14640,4.097604751586914
0,14650,3.108755111694336
0,14660,4.1263628005981445
0,14670,3.498725414276123
0,14680,3.8970232009887695
0,14690,3.828662395477295
0,14700,4.010690212249756
0,14710,4.083138465881348
0,14720,3.762061595916748
0,14730,3.903169631958008
0,14740,3.6933939456939697
0,14750,4.124682426452637
0,14760,4.2586822509765625
0,14770,4.024211883544922
0,14780,4.122182369232178
0,14790,4.0619611740112305
0,14800,4.067128658294678
0,14810,3.700929641723633
0,14820,4.553698539733887
0,14830,3.9361000061035156
0,14840,4.373815059661865
0,14850,3.7662272453308105
0,14860,3.9464633464813232
0,14870,3.858948230743408
0,14880,3.79427433013916
0,14890,3.6787312030792236
0,14900,3.786921977996826
0,14910,3.78399395942688
0,14920,3.8966474533081055
0,14930,3.8500752449035645
0,14940,3.5823073387145996
0,14950,4.033017158508301
0,14960,4.41489315032959
0,14970,3.9809319972991943
0,14980,3.9693825244903564
0,14990,4.459419250488281
0,15000,4.341826438903809
0,15010,3.3206448554992676
0,15020,3.889598846435547
0,15030,3.8106696605682373
0,15040,3.848900556564331
0,15050,4.020302772521973
0,15060,4.370453834533691
0,15070,3.688760280609131
0,15080,3.9860873222351074
0,15090,4.087223529815674
0,15100,4.192204475402832
0,15110,4.216835975646973
0,15120,3.7997162342071533
0,15130,4.062407970428467
0,15140,4.227992534637451
0,15150,4.043479919433594
0,15160,3.926028251647949
0,15170,4.567569732666016
0,15180,3.8294949531555176
0,15190,3.9889402389526367
0,15200,4.568301200866699
0,15210,4.777419090270996
0,15220,4.204837799072266
0,15230,3.129760503768921
0,15240,3.9048314094543457
0,15250,3.6300048828125
0,15260,3.8702430725097656
0,15270,4.019164085388184
0,15280,3.151362419128418
0,15290,3.7953128814697266
0,15300,4.028833389282227
0,15310,3.9759774208068848
0,15320,3.9493088722229004
0,15330,3.858457565307617
0,15340,4.017453193664551
0,15350,4.175704002380371
0,15360,4.106530666351318
0,15370,4.0287580490112305
0,15380,4.078554153442383
0,15390,4.173714637756348
0,15400,4.472591400146484
0,15410,3.5109434127807617
0,15420,3.986980438232422
0,15430,4.107280254364014
0,15440,3.8471546173095703
0,15450,4.25205659866333
0,15460,3.8139898777008057
0,15470,3.9293601512908936
0,15480,3.956571578979492
0,15490,4.589382648468018
0,15500,4.545666217803955
0,15510,3.7042758464813232
0,15520,3.3726158142089844
0,15530,3.934788465499878
0,15540,4.002383708953857
0,15550,3.888850450515747
0,15560,3.8939995765686035
0,15570,3.7752699851989746
0,15580,4.092977523803711
0,15590,3.6798977851867676
0,15600,4.70314884185791
0,15610,3.330378770828247
0,15620,3.880098342895508
0,15630,4.09733772277832
0,15640,4.091681480407715
0,15650,4.014410495758057
0,15660,3.9679880142211914
0,15670,3.230846881866455
0,15680,3.4797749519348145
0,15690,4.0243377685546875
0,15700,3.40738582611084
0,15710,3.7998228073120117
0,15720,3.833925724029541
0,15730,4.515471458435059
0,15740,4.13701057434082
0,15750,4.290799617767334
0,15760,3.578782558441162
0,15770,4.14742374420166
0,15780,3.530003309249878
0,15790,3.8061041831970215
0,15800,4.172019004821777
0,15810,4.226890563964844
0,15820,3.605337619781494
0,15830,4.64127254486084
0,15840,4.202600002288818
0,15850,3.6192116737365723
0,15860,4.138807773590088
0,15870,4.30657958984375
0,15880,4.359358310699463
0,15890,4.592496871948242
0,15900,4.1462507247924805
0,15910,3.820683002471924
0,15920,4.033184051513672
0,15930,4.391231060028076
0,15940,4.390858173370361
0,15950,4.062068462371826
0,15960,4.250785827636719
0,15970,3.557415008544922
0,15980,3.960090398788452
0,15990,3.8435049057006836
0,16000,3.77173113822937
0,16010,4.342836380004883
0,16020,4.153806686401367
0,16030,4.440140247344971
0,16040,3.3826241493225098
0,16050,3.7218241691589355
0,16060,4.249354839324951
0,16070,4.3600873947143555
0,16080,3.93231201171875
0,16090,4.607338905334473
0,16100,4.414582252502441
0,16110,4.426028251647949
0,16120,4.085237503051758
0,16130,3.9047670364379883
0,16140,4.123537063598633
0,16150,4.0173468589782715
0,16160,4.455009460449219
0,16170,4.11435079574585
0,16180,4.548067092895508
0,16190,3.618253231048584
0,16200,3.9905543327331543
0,16210,4.138648986816406
0,16220,3.6775946617126465
0,16230,3.887037754058838
0,16240,4.172319412231445
0,16250,3.9138782024383545
0,16260,4.265925884246826
0,16270,4.2997355461120605
0,16280,3.507370948791504
0,16290,4.105412006378174
0,16300,4.160501480102539
0,16310,3.956104278564453
0,16320,3.501923084259033
0,16330,4.194363594055176
0,16340,4.593057632446289
0,16350,3.762910842895508
0,16360,3.392885684967041
0,16370,3.7972230911254883
0,16380,3.8497142791748047
0,16390,3.9671406745910645
0,16400,3.871164321899414
0,16410,4.0334906578063965
0,16420,3.559109926223755
0,16430,3.9914989471435547
0,16440,3.8668212890625
0,16450,4.5105204582214355
0,16460,4.115925312042236
0,16470,4.4085540771484375
0,16480,3.772286891937256
0,16490,3.9489197731018066
0,16500,3.595790386199951
0,16510,3.6048450469970703
0,16520,3.357186794281006
0,16530,3.959059238433838
0,16540,4.09380578994751
0,16550,3.760836124420166
0,16560,4.373935699462891
0,16570,3.713799238204956
0,16580,3.914943218231201
0,16590,3.918520450592041
0,16600,4.378841876983643
0,16610,3.614307403564453
0,16620,4.13108491897583
0,16630,3.9672012329101562
0,16640,3.7299857139587402
0,16650,3.8619401454925537
0,16660,3.636577844619751
0,16670,3.9891159534454346
0,16680,3.6801810264587402
0,16690,3.8774666786193848
0,16700,4.128711223602295
0,16710,4.1748247146606445
0,16720,3.5630717277526855
0,16730,3.602196455001831
0,16740,4.186082363128662
0,16750,4.23201847076416
0,16760,3.8045737743377686
0,16770,3.557126998901367
0,16780,3.5016729831695557
0,16790,4.144866466522217
0,16800,4.598838806152344
0,16810,4.381661891937256
0,16820,3.441605567932129
0,16830,3.9005086421966553
0,16840,3.400221347808838
0,16850,3.8622703552246094
0,16860,3.058598518371582
0,16870,3.7388339042663574
0,16880,3.858750343322754
0,16890,4.145841121673584
0,16900,4.025478363037109
0,16910,3.773076295852661
0,16920,3.8021678924560547
0,16930,3.9613356590270996
0,16940,3.7075343132019043
0,16950,4.0937886238098145
0,16960,3.5796146392822266
0,16970,3.718766450881958
0,16980,3.631354808807373
0,16990,3.8716065883636475
0,17000,3.614795207977295
0,17010,3.4717230796813965
0,17020,4.033381938934326
0,17030,4.04927396774292
0,17040,3.7285332679748535
0,17050,4.276872634887695
0,17060,4.415015697479248
0,17070,4.209207534790039
0,17080,4.379679203033447
0,17090,3.8721909523010254
0,17100,4.625522136688232
0,17110,3.9385359287261963
0,17120,3.312079906463623
0,17130,4.223756790161133
0,17140,4.046873092651367
0,17150,4.855917930603027
0,17160,4.164803504943848
0,17170,4.0910186767578125
0,17180,4.385243892669678
0,17190,3.924501895904541
0,17200,4.176386833190918
0,17210,3.904266595840454
0,17220,4.136357307434082
0,17230,4.001199722290039
0,17240,4.187897682189941
0,17250,3.9601612091064453
0,17260,3.5299088954925537
0,17270,3.3196468353271484
0,17280,4.016817092895508
0,17290,4.166849136352539
0,17300,3.4726967811584473
0,17310,3.395954132080078
0,17320,3.943676710128784
0,17330,3.679281234741211
0,17340,3.8618078231811523
0,17350,4.597437858581543
0,17360,4.346149921417236
0,17370,3.956737995147705
0,17380,4.021604537963867
0,17390,3.8111488819122314
0,17400,4.002571105957031
0,17410,3.9548263549804688
0,17420,4.330626487731934
0,17430,3.449026107788086
0,17440,4.118065357208252
0,17450,4.482680320739746
0,17460,4.113846778869629
0,17470,4.257505416870117
0,17480,4.177639484405518
0,17490,4.503977298736572
0,17500,3.7844271659851074
0,17510,3.579524040222168
0,17520,4.229484558105469
0,17530,4.360574722290039
0,17540,3.975862741470337
0,17550,4.027331352233887
0,17560,4.15597677230835
0,17570,3.3828275203704834
0,17580,3.992558002471924
0,17590,3.473580837249756
0,17600,4.480401515960693
0,17610,4.108550548553467
0,17620,3.424346923828125
0,17630,4.286488056182861
0,17640,4.018723011016846
0,17650,3.6586968898773193
0,17660,3.6325881481170654
0,17670,3.917074680328369
0,17680,3.900545358657837
0,17690,4.077207565307617
0,17700,4.022989273071289
0,17710,4.4771528244018555
0,17720,4.248009204864502
0,17730,3.895599842071533
0,17740,3.3934988975524902
0,17750,3.9542713165283203
0,17760,4.28099250793457
0,17770,3.925293445587158
0,17780,3.857865333557129
0,17790,3.7994797229766846
0,17800,3.4939422607421875
0,17810,4.37791633605957
0,17820,3.9180550575256348
0,17830,3.8770875930786133
0,17840,4.422391891479492
0,17850,3.610374927520752
0,17860,4.037182331085205
0,17870,3.8918967247009277
0,17880,3.9262678623199463
0,17890,4.0729451179504395
0,17900,4.207029342651367
0,17910,3.7977218627929688
0,17920,4.369648456573486
0,17930,3.953441619873047
0,17940,4.117056369781494
0,17950,3.793391704559326
0,17960,3.879956007003784
0,17970,4.361048698425293
0,17980,4.056234359741211
0,17990,3.4193596839904785
0,18000,3.7606263160705566
0,18010,3.401703357696533
0,18020,3.8025174140930176
0,18030,3.928321361541748
0,18040,4.003246307373047
0,18050,4.319712162017822
0,18060,3.670396327972412
0,18070,4.467362880706787
0,18080,4.016779899597168
0,18090,3.6615986824035645
0,18100,4.002758026123047
0,18110,3.8604631423950195
0,18120,4.218662738800049
0,18130,4.028655052185059
0,18140,4.0171403884887695
0,18150,4.388155460357666
0,18160,4.378229141235352
0,18170,4.40645694732666
0,18180,3.484553813934326
0,18190,3.745959758758545
0,18200,3.4589006900787354
0,18210,3.993586540222168
0,18220,4.068039894104004
0,18230,3.4986696243286133
0,18240,3.9802894592285156
0,18250,4.047661781311035
0,18260,3.7170705795288086
0,18270,3.7619099617004395
0,18280,4.160989284515381
0,18290,4.073208808898926
0,18300,3.6468863487243652
0,18310,3.9121673107147217
0,18320,3.9786057472229004
0,18330,3.9934186935424805
0,18340,3.5623056888580322
0,18350,3.885345458984375
0,18360,3.927292823791504
0,18370,3.0350098609924316
0,18380,3.8006105422973633
0,18390,4.1284074783325195
0,18400,3.509192943572998
0,18410,4.066056251525879
0,18420,4.330251216888428
0,18430,3.568953037261963
0,18440,4.166213035583496
0,18450,3.935216188430786
0,18460,3.997939348220825
0,18470,4.246147155761719
0,18480,3.576253652572632
0,18490,3.705918312072754
0,18500,3.8206992149353027
0,18510,4.043618202209473
0,18520,4.56148624420166
0,18530,4.3158183097839355
0,18540,3.7754597663879395
0,18550,4.017616271972656
0,18560,4.538902282714844
0,18570,3.609982967376709
0,18580,4.594609260559082
0,18590,4.129945278167725
0,18600,3.4020965099334717
0,18610,3.7498252391815186
0,18620,3.7884140014648438
0,18630,3.6791796684265137
0,18640,4.544048309326172
0,18650,3.7575488090515137
0,18660,3.5646111965179443
0,18670,3.659411907196045
0,18680,3.678133010864258
0,18690,3.5390067100524902
0,18700,4.048887729644775
0,18710,3.930615186691284
0,18720,4.408092498779297
0,18730,3.669673442840576
0,18740,3.874992847442627
0,18750,4.143645763397217
0,18760,4.1065673828125
0,18770,3.532956123352051
0,18780,3.5167174339294434
0,18790,3.9665091037750244
0,18800,4.508364677429199
0,18810,3.9071130752563477
0,18820,3.421994686126709
0,18830,3.400819778442383
0,18840,3.68027925491333
0,18850,4.603039741516113
0,18860,4.27250337600708
0,18870,3.664869546890259
0,18880,4.13546895980835
0,18890,4.245052337646484
0,18900,4.352288722991943
0,18910,3.8237709999084473
0,18920,3.218160629272461
0,18930,3.5405964851379395
0,18940,4.230518341064453
0,18950,3.94649076461792
0,18960,4.204019069671631
0,18970,4.0657758712768555
0,18980,3.8733291625976562
0,18990,3.8222317695617676
0,19000,3.5191211700439453
0,19010,3.7960827350616455
0,19020,3.6936278343200684
0,19030,3.980825185775757
0,19040,3.6010665893554688
0,19050,4.067953586578369
0,19060,3.9501452445983887
0,19070,3.524533271789551
0,19080,3.1913254261016846
0,19090,3.64736270904541
0,19100,3.9653663635253906
0,19110,4.089139938354492
0,19120,4.3819122314453125
0,19130,3.228761672973633
0,19140,3.8430886268615723
0,19150,3.9787731170654297
0,19160,3.661311388015747
0,19170,4.148680686950684
0,19180,3.66517972946167
0,19190,4.042243957519531
0,19200,5.003914833068848
0,19210,4.053205490112305
0,19220,4.109306335449219
0,19230,3.749967575073242
0,19240,4.03398323059082
0,19250,3.7246603965759277
0,19260,4.211247444152832
0,19270,4.127577781677246
0,19280,4.179074764251709
1,19290,3.892350673675537
1,19300,4.128006935119629
1,19310,4.256364822387695
1,19320,4.0666093826293945
1,19330,4.083954811096191
1,19340,4.285923480987549
1,19350,3.5627329349517822
1,19360,4.444901466369629
1,19370,4.272159099578857
1,19380,4.122126579284668
1,19390,3.969770908355713
1,19400,4.2584919929504395
1,19410,3.758561134338379
1,19420,3.794440746307373
1,19430,3.97896409034729
1,19440,3.522010326385498
1,19450,4.080880641937256
1,19460,4.1503825187683105
1,19470,3.496675968170166
1,19480,3.875277042388916
1,19490,3.3403310775756836
1,19500,3.9694082736968994
1,19510,3.9076485633850098
1,19520,3.4064877033233643
1,19530,3.801344871520996
1,19540,4.431666851043701
1,19550,3.779813528060913
1,19560,3.4906606674194336
1,19570,4.301225185394287
1,19580,3.723670244216919
1,19590,3.433823585510254
1,19600,4.417383193969727
1,19610,3.9543731212615967
1,19620,3.509861469268799
1,19630,4.091325759887695
1,19640,3.5787529945373535
1,19650,3.7147417068481445
1,19660,4.017424583435059
1,19670,3.5604467391967773
1,19680,3.768580436706543
1,19690,3.975327968597412
1,19700,3.439058303833008
1,19710,3.7682838439941406
1,19720,3.6592743396759033
1,19730,3.6894094944000244
1,19740,3.7679460048675537
1,19750,4.14755916595459
1,19760,3.8906238079071045
1,19770,3.9762284755706787
1,19780,4.1133575439453125
1,19790,3.6722054481506348
1,19800,3.2016336917877197
1,19810,4.204917907714844
1,19820,3.6555564403533936
1,19830,4.1371941566467285
1,19840,3.847465991973877
1,19850,4.045182228088379
1,19860,3.8108932971954346
1,19870,3.8461790084838867
1,19880,3.548332691192627
1,19890,3.809715747833252
1,19900,3.723621368408203
1,19910,3.358482837677002
1,19920,4.112697601318359
1,19930,3.173863410949707
1,19940,3.5193350315093994
1,19950,4.245337009429932
1,19960,4.162370204925537
1,19970,3.7980847358703613
1,19980,3.949431896209717
1,19990,3.693425416946411
1,20000,3.5524590015411377
1,20010,3.826885938644409
1,20020,4.345066070556641
1,20030,3.9041366577148438
1,20040,3.5932517051696777
1,20050,3.8447885513305664
1,20060,3.853721857070923
1,20070,3.718066453933716
1,20080,3.8942551612854004
1,20090,4.434295177459717
1,20100,4.06102180480957
1,20110,3.976768970489502
1,20120,4.004151821136475
1,20130,3.7202746868133545
1,20140,3.7749221324920654
1,20150,4.605600357055664
1,20160,3.794055700302124
1,20170,3.3249473571777344
1,20180,3.487663507461548
1,20190,3.6354360580444336
1,20200,4.3843278884887695
1,20210,3.701841115951538
1,20220,4.0399675369262695
1,20230,3.8230857849121094
1,20240,4.003207206726074
1,20250,3.5373494625091553
1,20260,3.112506866455078
1,20270,4.201961517333984
1,20280,3.8762869834899902
1,20290,2.750734567642212
1,20300,3.716243028640747
1,20310,4.413939476013184
1,20320,4.395556926727295
1,20330,3.864567756652832
1,20340,3.679389476776123
1,20350,3.384235143661499
1,20360,4.029581069946289
1,20370,3.551116466522217
1,20380,3.321075677871704
1,20390,4.024298191070557
1,20400,3.9390182495117188
1,20410,3.200908660888672
1,20420,3.6477599143981934
1,20430,4.0391130447387695
1,20440,3.286768674850464
1,20450,3.9249608516693115
1,20460,3.453286647796631
1,20470,3.673734188079834
1,20480,3.501211643218994
1,20490,4.030261993408203
1,20500,3.871966600418091
1,20510,3.9893441200256348
1,20520,3.7139291763305664
1,20530,4.182808876037598
1,20540,3.9294307231903076
1,20550,3.237170696258545
1,20560,3.416882038116455
1,20570,3.473942995071411
1,20580,3.9802398681640625
1,20590,3.2818715572357178
1,20600,4.002138614654541
1,20610,4.048758506774902
1,20620,3.59379243850708
1,20630,4.27580451965332
1,20640,3.6101412773132324
1,20650,4.044219017028809
1,20660,3.345856189727783
1,20670,3.9689409732818604
1,20680,3.4605445861816406
1,20690,4.076107978820801
1,20700,4.256301403045654
1,20710,4.06905460357666
1,20720,3.8230929374694824
1,20730,3.3086190223693848
1,20740,3.1711349487304688
1,20750,3.9121100902557373
1,20760,3.7113163471221924
1,20770,3.145528793334961
1,20780,3.562781810760498
1,20790,3.377910852432251
1,20800,3.267394542694092
1,20810,3.967104911804199
1,20820,3.840193271636963
1,20830,3.8881356716156006
1,20840,3.6591405868530273
1,20850,3.8027384281158447
1,20860,4.106340408325195
1,20870,3.528920888900757
1,20880,3.8985166549682617
1,20890,3.1180343627929688
1,20900,3.522369623184204
1,20910,3.8891820907592773
1,20920,3.5327045917510986
1,20930,3.584930181503296
1,20940,3.6836538314819336
1,20950,3.601743221282959
1,20960,3.676866292953491
1,20970,3.13187575340271
1,20980,4.090458869934082
1,20990,3.723247528076172
1,21000,3.9863200187683105
1,21010,3.4949655532836914
1,21020,4.183387279510498
1,21030,4.251428127288818
1,21040,3.8249926567077637
1,21050,3.578763484954834
1,21060,3.72119402885437
1,21070,3.502129077911377
1,21080,3.657073497772217
1,21090,4.161943435668945
1,21100,3.4320905208587646
1,21110,3.986980438232422
1,21120,3.514284610748291
1,21130,3.21921968460083
1,21140,3.7814736366271973
1,21150,3.924574375152588
1,21160,3.58028507232666
1,21170,3.7261099815368652
1,21180,3.661001205444336
1,21190,3.7244997024536133
1,21200,4.047242164611816
1,21210,3.7935023307800293
1,21220,3.74471378326416
1,21230,4.265585899353027
1,21240,3.8230934143066406
1,21250,3.407327651977539
1,21260,3.6845502853393555
1,21270,3.7083826065063477
1,21280,3.2135062217712402
1,21290,3.6234707832336426
1,21300,4.0064568519592285
1,21310,4.0781450271606445
1,21320,4.420863628387451
1,21330,3.453819990158081
1,21340,3.5236496925354004
1,21350,3.540231704711914
1,21360,3.852464437484741
1,21370,3.672027587890625
1,21380,3.64959979057312
1,21390,3.7748401165008545
1,21400,4.395747184753418
1,21410,3.763258695602417
1,21420,3.911694049835205
1,21430,4.008547306060791
1,21440,3.8717751502990723
1,21450,3.6753554344177246
1,21460,3.710202217102051
1,21470,3.7816567420959473
1,21480,3.837306499481201
1,21490,3.731081485748291
1,21500,4.275529861450195
1,21510,4.0003437995910645
1,21520,3.903733015060425
1,21530,3.780559539794922
1,21540,4.083524703979492
1,21550,2.9663407802581787
1,21560,3.7285642623901367
1,21570,3.8948092460632324
1,21580,4.565035343170166
1,21590,4.104698181152344
1,21600,3.588442802429199
1,21610,4.121715545654297
1,21620,3.6918106079101562
1,21630,4.0402655601501465
1,21640,3.7078258991241455
1,21650,3.5030388832092285
1,21660,3.820183038711548
1,21670,3.926176071166992
1,21680,3.7343497276306152
1,21690,3.316042900085449
1,21700,3.872802734375
1,21710,3.519449472427368
1,21720,4.026173114776611
1,21730,3.6093759536743164
1,21740,4.039731979370117
1,21750,3.299957036972046
1,21760,3.889303684234619
1,21770,3.5871753692626953
1,21780,3.27268648147583
1,21790,4.052577972412109
1,21800,3.975419759750366
1,21810,3.8569130897521973
1,21820,4.256938934326172
1,21830,3.694946527481079
1,21840,3.739931583404541
1,21850,3.479897975921631
1,21860,3.9561500549316406
1,21870,3.248917818069458
1,21880,3.718488931655884
1,21890,2.8812341690063477
1,21900,3.5018255710601807
1,21910,4.188997745513916
1,21920,3.6142759323120117
1,21930,3.1064040660858154
1,21940,4.455052852630615
1,21950,4.125722408294678
1,21960,3.9559454917907715
1,21970,3.238844394683838
1,21980,4.022008419036865
1,21990,4.058265209197998
1,22000,3.1689159870147705
1,22010,3.4177603721618652
1,22020,3.840798854827881
1,22030,3.4363722801208496
1,22040,3.64616322517395
1,22050,3.276775360107422
1,22060,3.287275791168213
1,22070,4.216671466827393
1,22080,4.072300910949707
1,22090,4.134352684020996
1,22100,3.817988395690918
1,22110,3.820864677429199
1,22120,4.04061222076416
1,22130,3.7471296787261963
1,22140,3.862924337387085
1,22150,3.623353958129883
1,22160,4.257476329803467
1,22170,4.054529190063477
1,22180,3.773482322692871
1,22190,3.6965255737304688
1,22200,3.7550854682922363
1,22210,4.054769515991211
1,22220,3.8653903007507324
1,22230,3.3418643474578857
1,22240,3.224595069885254
1,22250,3.617366075515747
1,22260,3.1959636211395264
1,22270,3.9169368743896484
1,22280,3.6790428161621094
1,22290,4.1973557472229
1,22300,4.005742073059082
1,22310,3.7285513877868652
1,22320,3.6619391441345215
1,22330,3.9093267917633057
1,22340,3.515608072280884
1,22350,3.3274002075195312
1,22360,3.5347518920898438
1,22370,3.6004226207733154
1,22380,3.7016358375549316
1,22390,3.5608997344970703
1,22400,3.811307907104492
1,22410,3.6976778507232666
1,22420,3.1316237449645996
1,22430,3.7233681678771973
1,22440,3.6419413089752197
1,22450,3.354215145111084
1,22460,3.0538697242736816
1,22470,3.533191680908203
1,22480,3.55143404006958
1,22490,3.958129405975342
1,22500,3.226224899291992
1,22510,3.0582337379455566
1,22520,3.398061990737915
1,22530,3.9113597869873047
1,22540,3.374356746673584
1,22550,3.7936387062072754
1,22560,3.5425455570220947
1,22570,3.700735092163086
1,22580,3.496541976928711
1,22590,3.8499274253845215
1,22600,3.238098621368408
1,22610,4.120641708374023
1,22620,3.7517733573913574
1,22630,3.8985161781311035
1,22640,3.0389857292175293
1,22650,3.9011874198913574
1,22660,3.537041187286377
1,22670,3.785644769668579
1,22680,3.3265154361724854
1,22690,3.5641098022460938
1,22700,4.007420063018799
1,22710,3.677555561065674
1,22720,3.7382640838623047
1,22730,3.859839677810669
1,22740,3.5910773277282715
1,22750,3.796853542327881
1,22760,3.90781307220459
1,22770,4.059015274047852
1,22780,4.330722332000732
1,22790,4.019195556640625
1,22800,3.7677416801452637
1,22810,3.687830924987793
1,22820,4.082103729248047
1,22830,3.989074230194092
1,22840,4.182905673980713
1,22850,3.3112692832946777
1,22860,3.6734066009521484
1,22870,3.8280301094055176
1,22880,3.8796277046203613
1,22890,3.774719715118408
1,22900,3.673764705657959
1,22910,3.5083189010620117
1,22920,3.74947452545166
1,22930,3.5399723052978516
1,22940,2.9539074897766113
1,22950,3.4564294815063477
1,22960,3.594935894012451
1,22970,3.713350772857666
1,22980,3.68788480758667
1,22990,2.9483160972595215
1,23000,4.109532833099365
1,23010,3.1189565658569336
1,23020,3.843627452850342
1,23030,3.375119209289551
1,23040,3.488976001739502
1,23050,3.694666862487793
1,23060,3.4914913177490234
1,23070,3.4716529846191406
1,23080,3.4639625549316406
1,23090,3.761566400527954
1,23100,3.371821641921997
1,23110,3.8533945083618164
1,23120,3.7017483711242676
1,23130,3.4279017448425293
1,23140,3.87264347076416
1,23150,4.081231117248535
1,23160,4.005707263946533
1,23170,4.423660755157471
1,23180,4.171567916870117
1,23190,3.5451245307922363
1,23200,3.8512396812438965
1,23210,3.922508478164673
1,23220,3.6089882850646973
1,23230,3.4852707386016846
1,23240,3.089606761932373
1,23250,4.178561687469482
1,23260,3.6774773597717285
1,23270,3.974209785461426
1,23280,3.834373712539673
1,23290,3.9427080154418945
1,23300,3.852839708328247
1,23310,3.5573043823242188
1,23320,3.3773975372314453
1,23330,3.50422739982605
1,23340,3.0361878871917725
1,23350,3.9222474098205566
1,23360,3.475952386856079
1,23370,3.3784844875335693
1,23380,4.16574764251709
1,23390,3.8913466930389404
1,23400,3.3551249504089355
1,23410,3.7703163623809814
1,23420,3.7852354049682617
1,23430,3.984037399291992
1,23440,3.420968532562256
1,23450,3.5985190868377686
1,23460,2.8773648738861084
1,23470,3.0590665340423584
1,23480,4.246933937072754
1,23490,3.3602077960968018
1,23500,3.6316542625427246
1,23510,4.136850357055664
1,23520,3.477729558944702
1,23530,3.612332344055176
1,23540,3.4502134323120117
1,23550,3.173841714859009
1,23560,3.577160358428955
1,23570,3.7201900482177734
1,23580,3.344247341156006
1,23590,3.3297438621520996
1,23600,4.202988147735596
1,23610,3.4661147594451904
1,23620,3.578341484069824
1,23630,3.8720340728759766
1,23640,3.42314076423645
1,23650,3.5648725032806396
1,23660,3.622253656387329
1,23670,3.7463128566741943
1,23680,3.6502208709716797
1,23690,3.26308274269104
1,23700,3.726672649383545
1,23710,3.604531764984131
1,23720,3.7392234802246094
1,23730,3.7444567680358887
1,23740,3.754539966583252
1,23750,3.9500272274017334
1,23760,3.990593433380127
1,23770,3.9523961544036865
1,23780,4.406352996826172
1,23790,4.22116756439209
1,23800,3.6451730728149414
1,23810,4.225619316101074
1,23820,3.7392659187316895
1,23830,3.304529905319214
1,23840,3.4577982425689697
1,23850,3.7547101974487305
1,23860,3.6384501457214355
1,23870,3.5908455848693848
1,23880,4.1444597244262695
1,23890,3.8520922660827637
1,23900,3.147144317626953
1,23910,3.507540464401245
1,23920,3.7150187492370605
1,23930,3.875154972076416
1,23940,3.6278152465820312
1,23950,3.861629009246826
1,23960,3.6684858798980713
1,23970,3.3429126739501953
1,23980,3.382868766784668
1,23990,3.0419931411743164
1,24000,4.195949554443359
1,24010,3.5885958671569824
1,24020,3.449723243713379
1,24030,3.857283115386963
1,24040,3.677783727645874
1,24050,3.7765703201293945
1,24060,3.520063877105713
1,24070,3.663182497024536
1,24080,3.4596428871154785
1,24090,4.220033645629883
1,24100,3.5554451942443848
1,24110,4.432816028594971
1,24120,3.9225125312805176
1,24130,3.5631473064422607
1,24140,3.8538832664489746
1,24150,4.187107563018799
1,24160,4.323252201080322
1,24170,4.038652420043945
1,24180,3.5212881565093994
1,24190,4.0094218254089355
1,24200,4.049727916717529
1,24210,4.096670150756836
1,24220,4.436741828918457
1,24230,3.769742488861084
1,24240,3.3402061462402344
1,24250,4.018468856811523
1,24260,3.867025375366211
1,24270,3.672933578491211
1,24280,3.394643783569336
1,24290,3.568000316619873
1,24300,4.379412651062012
1,24310,3.11175537109375
1,24320,2.729097366333008
1,24330,3.8053460121154785
1,24340,2.6540536880493164
1,24350,3.6705570220947266
1,24360,3.310181140899658
1,24370,3.6479244232177734
1,24380,3.4318432807922363
1,24390,3.632474660873413
1,24400,3.5662312507629395
1,24410,3.6269969940185547
1,24420,3.6011037826538086
1,24430,4.017535209655762
1,24440,3.7222301959991455
1,24450,3.5433099269866943
1,24460,3.2055540084838867
1,24470,3.5933103561401367
1,24480,3.9508113861083984
1,24490,3.585362195968628
1,24500,4.21209192276001
1,24510,3.1618146896362305
1,24520,3.847395420074463
1,24530,4.2100982666015625
1,24540,4.046274662017822
1,24550,3.3357040882110596
1,24560,4.458627700805664
1,24570,3.1544899940490723
1,24580,3.5214760303497314
1,24590,4.385578632354736
1,24600,3.7003281116485596
1,24610,3.5969338417053223
1,24620,4.096920967102051
1,24630,3.5632853507995605
1,24640,3.176556348800659
1,24650,3.768914222717285
1,24660,3.473421096801758
1,24670,3.685232162475586
1,24680,3.6322152614593506
1,24690,4.149888515472412
1,24700,3.438959836959839
1,24710,3.414985418319702
1,24720,4.139959812164307
1,24730,3.5407752990722656
1,24740,3.5277597904205322
1,24750,3.5813262462615967
1,24760,3.5412325859069824
1,24770,4.175652980804443
1,24780,3.382749080657959
1,24790,3.869981288909912
1,24800,3.7639517784118652
1,24810,3.431690216064453
1,24820,3.4377667903900146
1,24830,3.742846727371216
1,24840,3.5081377029418945
1,24850,3.2844457626342773
1,24860,3.4020333290100098
1,24870,3.8336713314056396
1,24880,4.1737213134765625
1,24890,3.589750051498413
1,24900,3.779740810394287
1,24910,4.1495184898376465
1,24920,3.4739489555358887
1,24930,4.162656307220459
1,24940,3.321694850921631
1,24950,3.525986909866333
1,24960,3.481820583343506
1,24970,3.28875732421875
1,24980,4.037625312805176
1,24990,3.335603952407837
1,25000,3.5338077545166016
1,25010,3.8661320209503174
1,25020,4.073375225067139
1,25030,3.1494197845458984
1,25040,3.8176827430725098
1,25050,3.2358779907226562
1,25060,4.259622573852539
1,25070,4.1606221199035645
1,25080,3.6254782676696777
1,25090,2.9953417778015137
1,25100,3.589308261871338
1,25110,3.8746895790100098
1,25120,4.153252601623535
1,25130,3.796860694885254
1,25140,3.6224918365478516
1,25150,3.498948097229004
1,25160,4.301906585693359
1,25170,3.5185890197753906
1,25180,3.3921029567718506
1,25190,3.772919178009033
1,25200,3.495209217071533
1,25210,3.5913562774658203
1,25220,3.9364371299743652
1,25230,3.95015549659729
1,25240,4.228400707244873
1,25250,3.580068349838257
1,25260,3.6855344772338867
1,25270,3.7643003463745117
1,25280,3.602963447570801
1,25290,3.357382297515869
1,25300,3.749075412750244
1,25310,3.74426531791687
1,25320,3.516526699066162
1,25330,3.3075366020202637
1,25340,3.6119942665100098
1,25350,3.716643810272217
1,25360,3.8613667488098145
1,25370,3.4023184776306152
1,25380,3.576298952102661
1,25390,2.9024038314819336
1,25400,3.6935875415802
1,25410,3.82709002494812
1,25420,3.277130603790283
1,25430,3.740504741668701
1,25440,3.1889379024505615
1,25450,3.385432243347168
1,25460,4.06570291519165
1,25470,3.626908779144287
1,25480,3.214506149291992
1,25490,3.894465923309326
1,25500,3.4994728565216064
1,25510,3.9073286056518555
1,25520,3.718985080718994
1,25530,3.629150867462158
1,25540,3.89093017578125
1,25550,4.374794006347656
1,25560,3.2323269844055176
1,25570,3.8087029457092285
1,25580,3.3633346557617188
1,25590,3.9830245971679688
1,25600,3.9203507900238037
1,25610,3.7248551845550537
1,25620,4.506667137145996
1,25630,3.2888169288635254
1,25640,3.8561110496520996
1,25650,3.473674774169922
1,25660,3.8740897178649902
1,25670,4.154986381530762
1,25680,3.6015491485595703
1,25690,3.3395724296569824
1,25700,4.133415222167969
1,25710,3.4237990379333496
1,25720,3.3812289237976074
1,25730,3.632629871368408
1,25740,3.924078941345215
1,25750,3.4636754989624023
1,25760,3.7923247814178467
1,25770,4.092763900756836
1,25780,4.392340660095215
1,25790,3.682962656021118
1,25800,3.54548978805542
1,25810,3.5466599464416504
1,25820,3.94679594039917
1,25830,3.691474676132202
1,25840,3.7388343811035156
1,25850,4.25917911529541
1,25860,3.8687033653259277
1,25870,4.011119842529297
1,25880,3.856987237930298
1,25890,3.832510471343994
1,25900,3.6779232025146484
1,25910,3.607333183288574
1,25920,3.4526615142822266
1,25930,3.7588467597961426
1,25940,3.6981050968170166
1,25950,5.23402214050293
1,25960,3.4336185455322266
1,25970,3.996398448944092
1,25980,3.737039566040039
1,25990,3.35701847076416
1,26000,3.438537120819092
1,26010,3.7746171951293945
1,26020,3.6361584663391113
1,26030,3.1432888507843018
1,26040,3.8610401153564453
1,26050,3.369576930999756
1,26060,4.160544395446777
1,26070,3.7240419387817383
1,26080,3.781843662261963
1,26090,4.157657146453857
1,26100,3.6759581565856934
1,26110,3.7905735969543457
1,26120,3.9560532569885254
1,26130,3.431088447570801
1,26140,3.7860121726989746
1,26150,3.548598527908325
1,26160,4.239990234375
1,26170,3.804523468017578
1,26180,2.9731030464172363
1,26190,3.9404239654541016
1,26200,3.8040332794189453
1,26210,3.3916540145874023
1,26220,3.9950015544891357
1,26230,4.359880447387695
1,26240,4.00678825378418
1,26250,3.714674234390259
1,26260,3.668921709060669
1,26270,3.4207520484924316
1,26280,3.657294750213623
1,26290,4.048158645629883
1,26300,3.855635166168213
1,26310,3.497835636138916
1,26320,3.7811293601989746
1,26330,2.932525634765625
1,26340,3.485280752182007
1,26350,3.6534972190856934
1,26360,3.582880973815918
1,26370,3.361696720123291
1,26380,2.84378981590271
1,26390,4.06950044631958
1,26400,3.7879397869110107
1,26410,3.512887954711914
1,26420,3.339423656463623
1,26430,3.875387191772461
1,26440,3.567366123199463
1,26450,3.8767595291137695
1,26460,3.5626134872436523
1,26470,3.960954189300537
1,26480,3.9296226501464844
1,26490,3.5903847217559814
1,26500,3.399181365966797
1,26510,3.994368076324463
1,26520,3.700394630432129
1,26530,3.8901729583740234
1,26540,4.570781707763672
1,26550,3.4071338176727295
1,26560,3.5835824012756348
1,26570,3.918250560760498
1,26580,3.5088701248168945
1,26590,3.873910903930664
1,26600,3.3742904663085938
1,26610,3.8758678436279297
1,26620,3.945131778717041
1,26630,3.5962862968444824
1,26640,3.8106720447540283
1,26650,3.5417113304138184
1,26660,3.5635600090026855
1,26670,3.2039437294006348
1,26680,3.5132975578308105
1,26690,3.3887243270874023
1,26700,3.65537428855896
1,26710,3.8224551677703857
1,26720,3.134192943572998
1,26730,4.002699851989746
1,26740,3.567849636077881
1,26750,3.112797498703003
1,26760,3.7176671028137207
1,26770,3.3316335678100586
1,26780,4.09515380859375
1,26790,3.817455768585205
1,26800,4.154063701629639
1,26810,4.057528495788574
1,26820,4.328802585601807
1,26830,3.56593656539917
1,26840,3.1218454837799072
1,26850,3.185403823852539
1,26860,3.9823458194732666
1,26870,3.8617725372314453
1,26880,3.7957816123962402
1,26890,3.4937081336975098
1,26900,3.8706789016723633
1,26910,3.265150547027588
1,26920,3.1146581172943115
1,26930,4.103218078613281
1,26940,3.495569944381714
1,26950,4.010065078735352
1,26960,3.2281346321105957
1,26970,3.2865185737609863
1,26980,3.6191840171813965
1,26990,3.6738715171813965
1,27000,3.608707904815674
1,27010,4.125645160675049
1,27020,3.727940559387207
1,27030,3.7290687561035156
1,27040,3.7367825508117676
1,27050,3.256593704223633
1,27060,3.1589102745056152
1,27070,3.8628368377685547
1,27080,3.4232630729675293
1,27090,3.2477996349334717
1,27100,3.364072561264038
1,27110,3.9712886810302734
1,27120,3.58638858795166
1,27130,3.4584720134735107
1,27140,3.6558003425598145
1,27150,2.895336627960205
1,27160,3.5993857383728027
1,27170,3.458573341369629
1,27180,3.417173385620117
1,27190,3.3139305114746094
1,27200,3.978029251098633
1,27210,3.6268951892852783
1,27220,3.5036630630493164
1,27230,3.629310369491577
1,27240,3.994875431060791
1,27250,3.8830621242523193
1,27260,3.5718510150909424
1,27270,3.639573097229004
1,27280,3.4815833568573
1,27290,3.832622528076172
1,27300,3.1605076789855957
1,27310,4.1080451011657715
1,27320,3.8099639415740967
1,27330,3.851621150970459
1,27340,3.493082046508789
1,27350,3.6773853302001953
1,27360,3.759573459625244
1,27370,3.53543758392334
1,27380,3.620084762573242
1,27390,3.860682964324951
1,27400,3.4350171089172363
1,27410,3.5264134407043457
1,27420,4.338820457458496
1,27430,3.5932505130767822
1,27440,3.445222854614258
1,27450,3.682488441467285
1,27460,4.101005554199219
1,27470,4.1702704429626465
1,27480,3.050304412841797
1,27490,3.2829976081848145
1,27500,2.9694879055023193
1,27510,3.804168701171875
1,27520,3.6667051315307617
1,27530,3.5067319869995117
1,27540,3.865504264831543
1,27550,3.414642095565796
1,27560,3.9016714096069336
1,27570,3.251364231109619
1,27580,3.8345770835876465
1,27590,3.3354592323303223
1,27600,3.3553154468536377
1,27610,3.4162514209747314
1,27620,3.055004835128784
1,27630,3.7218611240386963
1,27640,3.371596336364746
1,27650,3.402855396270752
1,27660,2.9879050254821777
1,27670,3.3804144859313965
1,27680,3.5764877796173096
1,27690,3.6338372230529785
1,27700,3.1496164798736572
1,27710,3.5368518829345703
1,27720,3.052914619445801
1,27730,3.3885574340820312
1,27740,3.7513792514801025
1,27750,3.526153564453125
1,27760,3.781132221221924
1,27770,3.3849456310272217
1,27780,3.5537314414978027
1,27790,4.312664031982422
1,27800,3.2727620601654053
1,27810,3.5676679611206055
1,27820,3.458955764770508
1,27830,3.471588611602783
1,27840,3.6770131587982178
1,27850,3.320363998413086
1,27860,3.7242698669433594
1,27870,3.278454303741455
1,27880,3.220161199569702
1,27890,3.163005828857422
1,27900,3.580491542816162
1,27910,3.1266770362854004
1,27920,3.951371431350708
1,27930,3.275130271911621
1,27940,3.582568645477295
1,27950,3.755341053009033
1,27960,4.05241584777832
1,27970,3.29341983795166
1,27980,3.6625452041625977
1,27990,3.9668781757354736
1,28000,3.266301155090332
1,28010,3.3888752460479736
1,28020,3.956747531890869
1,28030,3.1508398056030273
1,28040,3.0781188011169434
1,28050,3.843292713165283
1,28060,3.5780153274536133
1,28070,3.3237643241882324
1,28080,3.7045860290527344
1,28090,3.1576404571533203
1,28100,3.581425428390503
1,28110,3.685096263885498
1,28120,3.164958953857422
1,28130,4.20443868637085
1,28140,3.365734577178955
1,28150,3.820944309234619
1,28160,4.014847755432129
1,28170,4.227176189422607
1,28180,3.382465362548828
1,28190,3.3226685523986816
1,28200,3.1541199684143066
1,28210,4.18246603012085
1,28220,3.611844062805176
1,28230,4.427839279174805
1,28240,3.413161277770996
1,28250,3.962531566619873
1,28260,4.252492427825928
1,28270,3.671025037765503
1,28280,3.314695119857788
1,28290,3.57895565032959
1,28300,3.649487018585205
1,28310,3.7787599563598633
1,28320,3.6570968627929688
1,28330,3.522361993789673
1,28340,4.0450568199157715
1,28350,3.157926321029663
1,28360,3.8806214332580566
1,28370,3.4201111793518066
1,28380,3.555379867553711
1,28390,4.316886901855469
1,28400,3.859123706817627
1,28410,3.615891933441162
1,28420,3.363563060760498
1,28430,4.776127815246582
1,28440,3.055370330810547
1,28450,3.3805441856384277
1,28460,3.9301252365112305
1,28470,4.101556777954102
1,28480,3.9010794162750244
1,28490,2.974158763885498
1,28500,3.8874220848083496
1,28510,3.7776193618774414
1,28520,3.8268182277679443
1,28530,3.1002659797668457
1,28540,3.308884620666504
1,28550,3.1891207695007324
1,28560,3.268028497695923
1,28570,2.8363561630249023
1,28580,2.993905544281006
1,28590,4.231871604919434
1,28600,3.7352206707000732
1,28610,3.47824764251709
1,28620,3.623746156692505
1,28630,4.046805381774902
1,28640,3.7605361938476562
1,28650,3.2766189575195312
1,28660,3.8207364082336426
1,28670,3.6428639888763428
1,28680,3.4634292125701904
1,28690,3.844193458557129
1,28700,3.42504620552063
1,28710,3.6385345458984375
1,28720,3.7861850261688232
1,28730,3.685152769088745
1,28740,3.592409610748291
1,28750,3.8174257278442383
1,28760,3.53415846824646
1,28770,3.3673295974731445
1,28780,3.4292821884155273
1,28790,3.209439516067505
1,28800,3.9887185096740723
1,28810,3.1291885375976562
1,28820,3.256232261657715
1,28830,3.6478357315063477
1,28840,3.2087621688842773
1,28850,4.070469379425049
1,28860,3.7349343299865723
1,28870,3.6098461151123047
1,28880,3.2867822647094727
1,28890,3.8401639461517334
1,28900,3.3906240463256836
1,28910,3.4462547302246094
1,28920,3.791745901107788
1,28930,3.601809501647949
1,28940,2.3362836837768555
1,28950,3.4227263927459717
1,28960,3.501652479171753
1,28970,3.839266300201416
1,28980,3.509061813354492
1,28990,3.8334243297576904
1,29000,3.420224666595459
1,29010,3.4139795303344727
1,29020,3.7369868755340576
1,29030,3.5786914825439453
1,29040,3.4981489181518555
1,29050,3.483818531036377
1,29060,3.5806896686553955
1,29070,3.57979679107666
1,29080,3.6175248622894287
1,29090,4.012260437011719
1,29100,3.2172508239746094
1,29110,3.355405807495117
1,29120,3.3066983222961426
1,29130,3.4089889526367188
1,29140,3.43949818611145
1,29150,2.994060516357422
1,29160,3.6434102058410645
1,29170,3.109367847442627
1,29180,3.7753543853759766
1,29190,3.8847475051879883
1,29200,3.1462628841400146
1,29210,2.949782371520996
1,29220,3.077500343322754
1,29230,3.476266860961914
1,29240,3.6608457565307617
1,29250,3.117410659790039
1,29260,3.3578922748565674
1,29270,4.060312271118164
1,29280,3.5444228649139404
1,29290,3.560668706893921
1,29300,3.788112163543701
1,29310,3.331601619720459
1,29320,3.947237968444824
1,29330,4.058169364929199
1,29340,4.113589763641357
1,29350,3.4295248985290527
1,29360,3.4502477645874023
1,29370,3.4247121810913086
1,29380,3.4658641815185547
1,29390,3.4340882301330566
1,29400,3.535019874572754
1,29410,3.4590587615966797
1,29420,4.4575066566467285
1,29430,3.514878273010254
1,29440,3.3532462120056152
1,29450,3.646989345550537
1,29460,3.3271074295043945
1,29470,3.660764455795288
1,29480,3.4516894817352295
1,29490,3.9264838695526123
1,29500,3.841172218322754
1,29510,3.533381462097168
1,29520,3.834191083908081
1,29530,3.499854564666748
1,29540,3.5997633934020996
1,29550,3.239886999130249
1,29560,3.7350995540618896
1,29570,3.9925270080566406
1,29580,3.7475900650024414
1,29590,3.722975254058838
1,29600,3.5856518745422363
1,29610,3.453195571899414
1,29620,3.4504952430725098
1,29630,3.3680832386016846
1,29640,3.4579386711120605
1,29650,3.8372573852539062
1,29660,3.353179931640625
1,29670,3.8502204418182373
1,29680,2.9235785007476807
1,29690,3.757643222808838
1,29700,3.4697957038879395
1,29710,3.418564796447754
1,29720,3.6453073024749756
1,29730,3.5131893157958984
1,29740,3.5431456565856934
1,29750,3.7501275539398193
1,29760,4.118349075317383
1,29770,3.7836177349090576
1,29780,4.427238941192627
1,29790,4.125289440155029
1,29800,3.8044490814208984
1,29810,3.8582310676574707
1,29820,3.119870185852051
1,29830,3.230956554412842
1,29840,3.7788548469543457
1,29850,3.587242603302002
1,29860,3.922401189804077
1,29870,3.2000083923339844
1,29880,3.6057591438293457
1,29890,3.7475900650024414
1,29900,3.625906467437744
1,29910,3.649313449859619
1,29920,3.003924608230591
1,29930,3.4879798889160156
1,29940,3.1659488677978516
1,29950,3.528087615966797
1,29960,3.9964489936828613
1,29970,3.504098892211914
1,29980,3.10164213180542
1,29990,3.6590576171875
1,30000,3.5963213443756104
1,30010,3.444021224975586
1,30020,3.816124439239502
1,30030,3.5276455879211426
1,30040,3.213286876678467
1,30050,3.808055877685547
1,30060,3.7607860565185547
1,30070,3.4062371253967285
1,30080,2.8605144023895264
1,30090,3.2371444702148438
1,30100,3.91758131980896
1,30110,3.4970173835754395
1,30120,3.297534704208374
1,30130,3.3087220191955566
1,30140,3.8926138877868652
1,30150,3.2622833251953125
1,30160,4.339480876922607
1,30170,3.225236177444458
1,30180,4.477905750274658
1,30190,3.466369390487671
1,30200,3.507643699645996
1,30210,3.742648124694824
1,30220,3.588775873184204
1,30230,3.738232374191284
1,30240,3.8375587463378906
1,30250,3.1276450157165527
1,30260,3.9879541397094727
1,30270,3.6143877506256104
1,30280,3.5329039096832275
1,30290,3.432263135910034
1,30300,3.694406032562256
1,30310,3.0693154335021973
1,30320,4.396770477294922
1,30330,3.080798625946045
1,30340,3.7848122119903564
1,30350,3.741377353668213
1,30360,3.3267059326171875
1,30370,3.6982386112213135
1,30380,3.5945334434509277
1,30390,3.281342029571533
1,30400,3.2334671020507812
1,30410,3.621506690979004
1,30420,3.077234983444214
1,30430,3.4123120307922363
1,30440,3.095118761062622
1,30450,4.075304985046387
1,30460,3.159562826156616
1,30470,3.36059308052063
1,30480,3.4414806365966797
1,30490,3.572129964828491
1,30500,3.721160411834717
1,30510,4.456570148468018
1,30520,3.627479076385498
1,30530,3.702988624572754
1,30540,3.38456130027771
1,30550,3.960205554962158
1,30560,3.989417552947998
1,30570,3.9013519287109375
1,30580,3.775548219680786
1,30590,2.9505655765533447
1,30600,3.633152961730957
1,30610,3.8248162269592285
1,30620,4.007840156555176
1,30630,3.5685324668884277
1,30640,3.8684439659118652
1,30650,3.985384941101074
1,30660,3.4561028480529785
1,30670,3.793149948120117
1,30680,3.5162646770477295
1,30690,3.3375234603881836
1,30700,3.187260150909424
1,30710,3.8108315467834473
1,30720,3.8010711669921875
1,30730,3.5837020874023438
1,30740,3.8137106895446777
1,30750,3.7385482788085938
1,30760,3.3905508518218994
1,30770,3.59114408493042
1,30780,3.8923795223236084
1,30790,3.4331133365631104
1,30800,3.6320457458496094
1,30810,3.545252561569214
1,30820,3.6227078437805176
1,30830,3.6205196380615234
1,30840,3.351693630218506
1,30850,3.6166601181030273
1,30860,3.351309299468994
1,30870,3.4668993949890137
1,30880,3.561573028564453
1,30890,3.773552894592285
1,30900,3.6437315940856934
1,30910,4.3422746658325195
1,30920,3.563002586364746
1,30930,3.580031156539917
1,30940,3.653164863586426
1,30950,2.7117810249328613
1,30960,3.946722984313965
1,30970,3.7946646213531494
1,30980,3.649503707885742
1,30990,3.6154980659484863
1,31000,3.933901309967041
1,31010,3.61995792388916
1,31020,4.463804721832275
1,31030,3.4554123878479004
1,31040,3.157654285430908
1,31050,3.5596046447753906
1,31060,3.776740550994873
1,31070,3.68326997756958
1,31080,4.292619228363037
1,31090,3.370454788208008
1,31100,2.826728105545044
1,31110,3.8344979286193848
1,31120,3.1320557594299316
1,31130,3.6082520484924316
1,31140,3.516580104827881
1,31150,3.6582841873168945
1,31160,3.9912989139556885
1,31170,3.8188276290893555
1,31180,3.916816234588623
1,31190,3.0710959434509277
1,31200,3.7434051036834717
1,31210,3.7875256538391113
1,31220,3.5502820014953613
1,31230,3.5035619735717773
1,31240,3.6285400390625
1,31250,3.3760502338409424
1,31260,3.615109443664551
1,31270,3.407406806945801
1,31280,3.4700613021850586
1,31290,3.5889675617218018
1,31300,3.707146644592285
1,31310,2.970287799835205
1,31320,4.016199111938477
1,31330,3.4054136276245117
1,31340,3.6625819206237793
1,31350,3.9505186080932617
1,31360,3.834049701690674
1,31370,3.2522244453430176
1,31380,4.117306709289551
1,31390,3.3322067260742188
1,31400,3.560004711151123
1,31410,3.3907651901245117
1,31420,3.8436098098754883
1,31430,3.4913978576660156
1,31440,3.385554552078247
1,31450,3.423790693283081
1,31460,4.007558822631836
1,31470,3.6708035469055176
1,31480,3.3999993801116943
1,31490,3.6612260341644287
1,31500,3.684718608856201
1,31510,3.7178032398223877
1,31520,3.123535633087158
1,31530,3.5781807899475098
1,31540,3.2721519470214844
1,31550,3.339639902114868
1,31560,3.650540590286255
1,31570,3.585611343383789
1,31580,3.7287521362304688
1,31590,3.3166441917419434
1,31600,4.146218776702881
1,31610,3.46724796295166
1,31620,3.9233274459838867
1,31630,3.8362131118774414
1,31640,3.7956790924072266
1,31650,3.7477989196777344
1,31660,3.5441572666168213
1,31670,3.483738422393799
1,31680,3.8657379150390625
1,31690,3.893909454345703
1,31700,2.781106472015381
1,31710,2.698296308517456
1,31720,3.554286003112793
1,31730,4.002399444580078
1,31740,3.6564745903015137
1,31750,3.8673925399780273
1,31760,3.2030177116394043
1,31770,3.415356159210205
1,31780,3.72918701171875
1,31790,3.90944766998291
1,31800,3.8939247131347656
1,31810,3.8840746879577637
1,31820,3.6586999893188477
1,31830,3.2837634086608887
1,31840,4.482363700866699
1,31850,3.720273494720459
1,31860,4.225427150726318
1,31870,3.4275736808776855
1,31880,3.773728370666504
1,31890,3.3158631324768066
1,31900,3.539097785949707
1,31910,3.8067941665649414
1,31920,3.4442944526672363
1,31930,3.6895864009857178
1,31940,4.017733097076416
1,31950,3.321053981781006
1,31960,3.483365535736084
1,31970,3.4418814182281494
1,31980,3.5133309364318848
1,31990,3.92746639251709
1,32000,3.640228748321533
1,32010,4.198141574859619
1,32020,2.8352670669555664
1,32030,3.7171826362609863
1,32040,2.86474609375
1,32050,3.2897427082061768
1,32060,3.880056381225586
1,32070,3.4082040786743164
1,32080,3.4601430892944336
1,32090,3.470989227294922
1,32100,3.2078142166137695
1,32110,3.1578426361083984
1,32120,3.5582056045532227
1,32130,3.9346704483032227
1,32140,3.2898454666137695
1,32150,4.198912620544434
1,32160,3.9184086322784424
1,32170,3.2169957160949707
1,32180,2.879025936126709
1,32190,3.619028091430664
1,32200,3.3230419158935547
1,32210,3.7190704345703125
1,32220,3.1904683113098145
1,32230,2.9852561950683594
1,32240,3.252769708633423
1,32250,3.460716724395752
1,32260,2.770543098449707
1,32270,3.2953147888183594
1,32280,3.39510440826416
1,32290,4.1873459815979
1,32300,4.209450721740723
1,32310,3.3217663764953613
1,32320,3.293790817260742
1,32330,3.78594708442688
1,32340,3.2570762634277344
1,32350,3.5667223930358887
1,32360,3.6262826919555664
1,32370,3.401453971862793
1,32380,2.719843864440918
1,32390,3.969329833984375
1,32400,3.250955104827881
1,32410,3.4752368927001953
1,32420,3.710240364074707
1,32430,3.270073413848877
1,32440,2.7321815490722656
1,32450,3.1102352142333984
1,32460,3.5632688999176025
1,32470,3.4663429260253906
1,32480,3.6413872241973877
1,32490,3.500229835510254
1,32500,3.5695910453796387
1,32510,4.408816814422607
1,32520,3.4034485816955566
1,32530,3.575754165649414
1,32540,3.737320899963379
1,32550,3.0524487495422363
1,32560,4.029562950134277
1,32570,3.612729072570801
1,32580,3.0824146270751953
1,32590,3.6507344245910645
1,32600,3.015679359436035
1,32610,3.9908528327941895
1,32620,3.197197437286377
1,32630,3.839353561401367
1,32640,3.8364856243133545
1,32650,3.641205310821533
1,32660,3.2623186111450195
1,32670,3.0915937423706055
1,32680,2.9866247177124023
1,32690,3.9337687492370605
1,32700,3.7509708404541016
1,32710,2.9676337242126465
1,32720,3.9003653526306152
1,32730,3.9026196002960205
1,32740,3.7102253437042236
1,32750,3.891547918319702
1,32760,3.72291898727417
1,32770,3.192318916320801
1,32780,2.987002372741699
1,32790,3.157191276550293
1,32800,3.8731689453125
1,32810,3.7430734634399414
1,32820,3.878091812133789
1,32830,3.2778353691101074
1,32840,4.069039344787598
1,32850,3.8525381088256836
1,32860,3.3140501976013184
1,32870,3.6409339904785156
1,32880,3.49052095413208
1,32890,3.7990546226501465
1,32900,3.6471517086029053
1,32910,3.1937055587768555
1,32920,3.8940155506134033
1,32930,2.9503509998321533
1,32940,3.381561756134033
1,32950,3.4253993034362793
1,32960,3.458674907684326
1,32970,3.707657814025879
1,32980,3.492455244064331
1,32990,4.04728889465332
1,33000,3.32550311088562
1,33010,3.122851848602295
1,33020,3.89400315284729
1,33030,3.749098062515259
1,33040,4.179653644561768
1,33050,3.4980969429016113
1,33060,3.644597053527832
1,33070,3.537104845046997
1,33080,4.0889482498168945
1,33090,3.685425281524658
1,33100,3.5046463012695312
1,33110,4.137109279632568
1,33120,3.760908842086792
1,33130,3.4717459678649902
1,33140,4.025510787963867
1,33150,3.795487642288208
1,33160,3.931539535522461
1,33170,3.9500412940979004
1,33180,3.4473648071289062
1,33190,3.6619210243225098
1,33200,3.6620640754699707
1,33210,3.2106435298919678
1,33220,3.2339093685150146
1,33230,3.5162668228149414
1,33240,3.2577171325683594
1,33250,3.8776276111602783
1,33260,3.865330696105957
1,33270,4.0047807693481445
1,33280,3.3003334999084473
1,33290,3.5816171169281006
1,33300,3.730480670928955
1,33310,3.296419143676758
1,33320,3.623666763305664
1,33330,3.7636704444885254
1,33340,3.5870633125305176
1,33350,3.740168571472168
1,33360,3.4761271476745605
1,33370,3.4780309200286865
1,33380,3.31360125541687
1,33390,3.487771511077881
1,33400,3.3430917263031006
1,33410,3.4282329082489014
1,33420,3.607835292816162
1,33430,3.3147058486938477
1,33440,4.271199703216553
1,33450,3.7557942867279053
1,33460,3.606022834777832
1,33470,3.5324044227600098
1,33480,3.6098599433898926
1,33490,3.166808843612671
1,33500,3.238161563873291
1,33510,3.8835768699645996
1,33520,3.1749086380004883
1,33530,3.7864274978637695
1,33540,3.709298610687256
1,33550,3.6586127281188965
1,33560,3.585333824157715
1,33570,3.917890787124634
1,33580,3.7870821952819824
1,33590,3.5621533393859863
1,33600,3.9439306259155273
1,33610,3.7475337982177734
1,33620,3.3954591751098633
1,33630,3.259122371673584
1,33640,3.2508692741394043
1,33650,3.857882261276245
1,33660,3.539884567260742
1,33670,3.3952829837799072
1,33680,3.7290525436401367
1,33690,3.732344150543213
1,33700,3.445052146911621
1,33710,3.0406570434570312
1,33720,3.2772979736328125
1,33730,4.093780994415283
1,33740,3.0910613536834717
1,33750,3.5374412536621094
1,33760,3.049976348876953
1,33770,4.3199143409729
1,33780,3.384718656539917
1,33790,3.552412986755371
1,33800,3.3679885864257812
1,33810,3.261016845703125
1,33820,3.1428842544555664
1,33830,3.670804738998413
1,33840,3.302065849304199
1,33850,3.61185359954834
1,33860,3.8302974700927734
1,33870,3.833268880844116
1,33880,3.8146512508392334
1,33890,3.4586477279663086
1,33900,4.000613689422607
1,33910,3.96134090423584
1,33920,3.7611775398254395
1,33930,3.645049810409546
1,33940,3.1609110832214355
1,33950,3.3989193439483643
1,33960,3.8448078632354736
1,33970,3.611259937286377
1,33980,3.547057628631592
1,33990,3.1372387409210205
1,34000,3.5658583641052246
1,34010,3.96040678024292
1,34020,3.8790929317474365
1,34030,3.835655689239502
1,34040,3.6964797973632812
1,34050,3.495994806289673
1,34060,3.5153865814208984
1,34070,3.1860876083374023
1,34080,3.3833067417144775
1,34090,3.0382227897644043
1,34100,3.768660068511963
1,34110,3.87045955657959
1,34120,2.868147373199463
1,34130,3.5518758296966553
1,34140,3.0394458770751953
1,34150,3.27691388130188
1,34160,3.856290102005005
1,34170,3.9792227745056152
1,34180,3.4581356048583984
1,34190,3.800396203994751
1,34200,3.5311684608459473
1,34210,3.126199245452881
1,34220,2.9679739475250244
1,34230,3.9557275772094727
1,34240,4.001238822937012
1,34250,3.856499195098877
1,34260,3.3452436923980713
1,34270,3.7862606048583984
1,34280,2.613307476043701
1,34290,3.8115074634552
1,34300,3.6280813217163086
1,34310,3.3658158779144287
1,34320,3.8422577381134033
1,34330,4.4114508628845215
1,34340,3.2921743392944336
1,34350,3.8056390285491943
1,34360,3.642035961151123
1,34370,2.9492266178131104
1,34380,3.3448596000671387
1,34390,3.0823450088500977
1,34400,3.61975359916687
1,34410,3.1712450981140137
1,34420,3.6123180389404297
1,34430,3.391848564147949
1,34440,3.3279380798339844
1,34450,3.419971466064453
1,34460,3.6855952739715576
1,34470,3.165498971939087
1,34480,3.4192285537719727
1,34490,4.131562232971191
1,34500,3.3897545337677
1,34510,3.2527225017547607
1,34520,3.6011791229248047
1,34530,3.2145254611968994
1,34540,3.489224433898926
1,34550,3.7103042602539062
1,34560,3.562997817993164
1,34570,3.7355453968048096
1,34580,3.9435741901397705
1,34590,4.092652797698975
1,34600,3.919431209564209
1,34610,3.6959962844848633
1,34620,3.132924795150757
1,34630,4.280866622924805
1,34640,4.054278373718262
1,34650,3.518866777420044
1,34660,3.301119327545166
1,34670,3.7811388969421387
1,34680,3.832409381866455
1,34690,3.9626598358154297
1,34700,3.6591544151306152
1,34710,3.3625309467315674
1,34720,3.1345176696777344
1,34730,2.9900588989257812
1,34740,3.7517457008361816
1,34750,3.7608470916748047
1,34760,4.138147354125977
1,34770,4.071552276611328
1,34780,3.3594932556152344
1,34790,3.6662020683288574
1,34800,3.974430561065674
1,34810,3.487826347351074
1,34820,3.1934852600097656
1,34830,3.341320514678955
1,34840,3.8765034675598145
1,34850,3.488912582397461
1,34860,3.678898811340332
1,34870,3.6376147270202637
1,34880,3.7927775382995605
1,34890,3.2821431159973145
1,34900,3.2257556915283203
1,34910,3.7874088287353516
1,34920,3.600654125213623
1,34930,3.944302558898926
1,34940,3.976001739501953
1,34950,4.178104877471924
1,34960,4.422713279724121
1,34970,3.814352512359619
1,34980,3.1967239379882812
1,34990,3.5260403156280518
1,35000,3.455726146697998
1,35010,4.266824245452881
1,35020,3.287254810333252
1,35030,4.005099773406982
1,35040,3.6113181114196777
1,35050,3.8710274696350098
1,35060,3.9916114807128906
1,35070,3.374209403991699
1,35080,3.590266466140747
1,35090,3.8492913246154785
1,35100,3.6945438385009766
1,35110,3.085319995880127
1,35120,3.395724296569824
1,35130,3.379835367202759
1,35140,3.543558120727539
1,35150,3.3103461265563965
1,35160,3.581054925918579
1,35170,3.0956268310546875
1,35180,3.891916513442993
1,35190,3.48758602142334
1,35200,4.010916709899902
1,35210,3.702672004699707
1,35220,3.5402655601501465
1,35230,3.9243147373199463
1,35240,3.5989580154418945
1,35250,3.6663589477539062
1,35260,3.5032777786254883
1,35270,3.7211742401123047
1,35280,3.9313716888427734
1,35290,3.5851731300354004
1,35300,3.0835580825805664
1,35310,3.8197154998779297
1,35320,4.054676055908203
1,35330,3.327674627304077
1,35340,3.5728235244750977
1,35350,3.6481823921203613
1,35360,3.290109157562256
1,35370,3.9025487899780273
1,35380,3.578500270843506
1,35390,4.3336873054504395
1,35400,3.45125150680542
1,35410,4.0113205909729
1,35420,3.833056926727295
1,35430,3.9488885402679443
1,35440,3.854990005493164
1,35450,3.5668373107910156
1,35460,3.9160547256469727
1,35470,3.3866000175476074
1,35480,3.729583740234375
1,35490,3.340735673904419
1,35500,3.929062843322754
1,35510,3.7734527587890625
1,35520,3.719532012939453
1,35530,3.8615059852600098
1,35540,3.211479425430298
1,35550,3.4416749477386475
1,35560,3.4290363788604736
1,35570,3.5509519577026367
1,35580,3.214287757873535
1,35590,3.2703185081481934
1,35600,2.9364752769470215
1,35610,3.282322406768799
1,35620,4.071857929229736
1,35630,2.7727723121643066
1,35640,3.973909378051758
1,35650,3.907158613204956
1,35660,3.7623472213745117
1,35670,3.7072463035583496
1,35680,3.6389315128326416
1,35690,3.3325114250183105
1,35700,3.385709285736084
1,35710,3.5333762168884277
1,35720,3.598902463912964
1,35730,3.3133318424224854
1,35740,3.323319435119629
1,35750,3.5676658153533936
1,35760,3.141723394393921
1,35770,3.6231865882873535
1,35780,3.5578908920288086
1,35790,3.703803777694702
1,35800,3.940260887145996
1,35810,3.659809112548828
1,35820,3.79862642288208
1,35830,3.203974485397339
1,35840,3.4080491065979004
1,35850,4.0080647468566895
1,35860,3.446284294128418
1,35870,3.726754665374756
1,35880,3.6174798011779785
1,35890,3.4744222164154053
1,35900,3.412046432495117
1,35910,3.7397727966308594
1,35920,3.312145948410034
1,35930,3.7030282020568848
1,35940,2.9682698249816895
1,35950,3.3458662033081055
1,35960,2.8704371452331543
1,35970,3.7167954444885254
1,35980,2.8184146881103516
1,35990,3.8094000816345215
1,36000,3.61997127532959
1,36010,3.259805202484131
1,36020,3.3993492126464844
1,36030,3.312119483947754
1,36040,3.6628332138061523
1,36050,3.5348963737487793
1,36060,3.785594940185547
1,36070,3.992119789123535
1,36080,4.055417060852051
1,36090,3.5557000637054443
1,36100,3.097745180130005
1,36110,3.956850051879883
1,36120,3.725637912750244
1,36130,3.3967180252075195
1,36140,3.407923698425293
1,36150,3.6288318634033203
1,36160,3.1497244834899902
1,36170,2.898955821990967
1,36180,3.184408664703369
1,36190,3.3190321922302246
1,36200,3.275829315185547
1,36210,3.2287087440490723
1,36220,3.5444159507751465
1,36230,3.669491767883301
1,36240,4.078855037689209
1,36250,4.129158973693848
1,36260,4.113341331481934
1,36270,3.5481553077697754
1,36280,4.011281967163086
1,36290,3.517317771911621
1,36300,3.1465468406677246
1,36310,3.2144670486450195
1,36320,3.9782557487487793
1,36330,3.6074159145355225
1,36340,3.1281065940856934
1,36350,3.9126415252685547
1,36360,3.8349826335906982
1,36370,3.639969825744629
1,36380,3.6025118827819824
1,36390,3.2410569190979004
1,36400,3.570871114730835
1,36410,3.7804107666015625
1,36420,3.644803524017334
1,36430,3.4623029232025146
1,36440,3.2783961296081543
1,36450,3.6207613945007324
1,36460,3.1208362579345703
1,36470,4.236401557922363
1,36480,3.1523213386535645
1,36490,3.7478718757629395
1,36500,3.7050366401672363
1,36510,3.446910858154297
1,36520,3.5735387802124023
1,36530,3.3962011337280273
1,36540,3.1666581630706787
1,36550,3.3004541397094727
1,36560,3.670029640197754
1,36570,3.398688793182373
1,36580,3.5521645545959473
1,36590,3.61307692527771
1,36600,3.361586809158325
1,36610,3.5570292472839355
1,36620,3.90527081489563
1,36630,3.837111473083496
1,36640,3.91367769241333
1,36650,3.099270820617676
1,36660,3.1989991664886475
1,36670,3.4027252197265625
1,36680,3.244041681289673
1,36690,3.302913188934326
1,36700,3.091494083404541
1,36710,3.5641045570373535
1,36720,3.7877907752990723
1,36730,3.2182514667510986
1,36740,3.782381534576416
1,36750,3.237577199935913
1,36760,3.9402384757995605
1,36770,3.266876697540283
1,36780,3.8998613357543945
1,36790,3.8791680335998535
1,36800,3.262498378753662
1,36810,3.481334686279297
1,36820,3.5554590225219727
1,36830,3.6195621490478516
1,36840,3.7451179027557373
1,36850,3.8058791160583496
1,36860,3.689700126647949
1,36870,3.4667487144470215
1,36880,3.665584087371826
1,36890,4.181303977966309
1,36900,3.5276741981506348
1,36910,3.5200400352478027
1,36920,3.9090542793273926
1,36930,3.772555351257324
1,36940,3.1609115600585938
1,36950,3.3823628425598145
1,36960,3.455080986022949
1,36970,3.233734607696533
1,36980,3.909729480743408
1,36990,3.45782470703125
1,37000,3.3739190101623535
1,37010,3.1332180500030518
1,37020,3.214573383331299
1,37030,3.97609281539917
1,37040,3.7896361351013184
1,37050,2.83390212059021
1,37060,3.700404644012451
1,37070,3.235577344894409
1,37080,3.9390130043029785
1,37090,3.5883476734161377
1,37100,3.227797508239746
1,37110,3.4464077949523926
1,37120,2.921746253967285
1,37130,3.058485984802246
1,37140,3.607044219970703
1,37150,4.270999431610107
1,37160,3.6084399223327637
1,37170,3.238466739654541
1,37180,3.822941541671753
1,37190,3.6871535778045654
1,37200,3.520406723022461
1,37210,3.2577757835388184
1,37220,2.8017661571502686
1,37230,2.94866681098938
1,37240,3.828524351119995
1,37250,3.3650763034820557
1,37260,3.1881296634674072
1,37270,3.3635826110839844
1,37280,2.981456756591797
1,37290,2.977731704711914
1,37300,3.301309585571289
1,37310,3.3968753814697266
1,37320,3.4137659072875977
1,37330,3.954498767852783
1,37340,3.5299792289733887
1,37350,3.0626909732818604
1,37360,3.6821751594543457
1,37370,2.709649085998535
1,37380,2.9355015754699707
1,37390,3.1797943115234375
1,37400,3.6685104370117188
1,37410,3.9890389442443848
1,37420,3.535269260406494
1,37430,3.79963755607605
1,37440,3.219058036804199
1,37450,3.7070956230163574
1,37460,3.0067427158355713
1,37470,3.0764122009277344
1,37480,3.0964956283569336
1,37490,3.410613536834717
1,37500,3.1860084533691406
1,37510,3.2637996673583984
1,37520,4.13407039642334
1,37530,3.430293560028076
1,37540,3.9336507320404053
1,37550,3.6138060092926025
1,37560,3.8840692043304443
1,37570,3.6205341815948486
1,37580,3.925213098526001
1,37590,3.81484317779541
1,37600,3.7845635414123535
1,37610,3.74588680267334
1,37620,3.6573495864868164
1,37630,3.3292198181152344
1,37640,3.5071589946746826
1,37650,3.4614174365997314
1,37660,3.8624491691589355
1,37670,3.539139747619629
1,37680,3.7001404762268066
1,37690,3.6736340522766113
1,37700,3.3218870162963867
1,37710,3.575570583343506
1,37720,3.8074893951416016
1,37730,3.575125217437744
1,37740,3.8271431922912598
1,37750,3.632537841796875
1,37760,3.709850549697876
1,37770,3.9094600677490234
1,37780,3.520030975341797
1,37790,3.4512476921081543
1,37800,3.735250473022461
1,37810,4.615956783294678
1,37820,3.552497386932373
1,37830,3.5608623027801514
1,37840,3.569613456726074
1,37850,4.046731948852539
1,37860,3.3992605209350586
1,37870,3.66658353805542
1,37880,3.814822196960449
1,37890,3.6140174865722656
1,37900,3.824988842010498
1,37910,3.8141069412231445
1,37920,3.5517406463623047
1,37930,3.8844451904296875
1,37940,3.4594969749450684
1,37950,3.607262372970581
1,37960,3.2076570987701416
1,37970,3.19539737701416
1,37980,4.16042423248291
1,37990,3.553868293762207
1,38000,3.4750983715057373
1,38010,3.780036211013794
1,38020,3.935873031616211
1,38030,3.8244245052337646
1,38040,3.588951587677002
1,38050,3.559746265411377
1,38060,3.564894914627075
1,38070,3.213019371032715
1,38080,2.9924516677856445
1,38090,3.0382440090179443
1,38100,3.9450483322143555
1,38110,4.063058853149414
1,38120,3.5065183639526367
1,38130,3.321333408355713
1,38140,3.182229995727539
1,38150,3.6893563270568848
1,38160,3.015721082687378
1,38170,3.2618489265441895
1,38180,3.8961963653564453
1,38190,3.7305965423583984
1,38200,3.294942855834961
1,38210,3.300748825073242
1,38220,3.026494026184082
1,38230,3.545076370239258
1,38240,3.8068106174468994
1,38250,3.239260196685791
1,38260,3.720795154571533
1,38270,3.1897177696228027
1,38280,3.4336183071136475
1,38290,3.169219493865967
1,38300,3.983478546142578
1,38310,3.2650139331817627
1,38320,3.8371877670288086
1,38330,3.365230083465576
1,38340,3.783517837524414
1,38350,4.269975185394287
1,38360,3.746721029281616
1,38370,3.82625675201416
1,38380,3.4836339950561523
1,38390,3.530775547027588
1,38400,3.5533666610717773
1,38410,2.915475368499756
1,38420,3.3191184997558594
1,38430,3.414654493331909
1,38440,3.786278247833252
1,38450,3.083913564682007
1,38460,3.1892213821411133
1,38470,3.4019463062286377
1,38480,3.545548439025879
1,38490,3.5797510147094727
1,38500,3.6104929447174072
1,38510,3.2866618633270264
1,38520,3.6173830032348633
1,38530,3.22918438911438
1,38540,3.7960944175720215
1,38550,3.6662075519561768
1,38560,3.972172498703003
1,38570,3.264946460723877
2,38580,3.3694558143615723
2,38590,3.344712257385254
2,38600,3.8302125930786133
2,38610,3.6538665294647217
2,38620,3.6838431358337402
2,38630,3.9956064224243164
2,38640,3.7404427528381348
2,38650,3.446924924850464
2,38660,4.001683712005615
2,38670,3.3012399673461914
2,38680,3.1634840965270996
2,38690,3.55765700340271
2,38700,3.5442862510681152
2,38710,3.7528505325317383
2,38720,3.6286821365356445
2,38730,3.8077232837677
2,38740,3.100369453430176
2,38750,3.8577356338500977
2,38760,3.7477645874023438
2,38770,3.116252899169922
2,38780,3.5355472564697266
2,38790,3.623605251312256
2,38800,3.2362163066864014
2,38810,3.6379213333129883
2,38820,3.421759605407715
2,38830,3.7906227111816406
2,38840,3.725137948989868
2,38850,3.0387954711914062
2,38860,3.39140248298645
2,38870,2.7355551719665527
2,38880,3.6790146827697754
2,38890,3.262828826904297
2,38900,3.2846508026123047
2,38910,3.668704032897949
2,38920,3.24033784866333
2,38930,3.1404268741607666
2,38940,3.190697193145752
2,38950,3.7795310020446777
2,38960,3.2592580318450928
2,38970,3.431145191192627
2,38980,3.101104736328125
2,38990,4.262197971343994
2,39000,3.4969069957733154
2,39010,3.529838800430298
2,39020,3.3916313648223877
2,39030,3.753811836242676
2,39040,3.62433123588562
2,39050,3.377856731414795
2,39060,3.952090263366699
2,39070,3.4593842029571533
2,39080,3.806363821029663
2,39090,3.89966082572937
2,39100,3.30082631111145
2,39110,2.789653778076172
2,39120,4.009171485900879
2,39130,3.856639862060547
2,39140,3.140700340270996
2,39150,3.50773286819458
2,39160,3.379549026489258
2,39170,3.36600923538208
2,39180,3.367591381072998
2,39190,4.012255668640137
2,39200,3.0474090576171875
2,39210,3.6455907821655273
2,39220,3.8674769401550293
2,39230,4.126708984375
2,39240,3.101353645324707
2,39250,3.135111093521118
2,39260,3.6141562461853027
2,39270,3.483015298843384
2,39280,3.2773499488830566
2,39290,4.300599098205566
2,39300,3.4940624237060547
2,39310,3.564915418624878
2,39320,3.531163215637207
2,39330,4.023006439208984
2,39340,3.1433053016662598
2,39350,3.537301540374756
2,39360,3.7635154724121094
2,39370,3.8212833404541016
2,39380,3.6613943576812744
2,39390,3.0143933296203613
2,39400,3.0718564987182617
2,39410,3.756385564804077
2,39420,3.7292001247406006
2,39430,3.3813071250915527
2,39440,3.314793109893799
2,39450,3.203575849533081
2,39460,3.5926270484924316
2,39470,3.201176166534424
2,39480,3.544135570526123
2,39490,3.7261667251586914
2,39500,3.62089204788208
2,39510,3.124086856842041
2,39520,3.944631576538086
2,39530,3.1189451217651367
2,39540,3.351916790008545
2,39550,3.5592703819274902
2,39560,3.7790915966033936
2,39570,3.525326728820801
2,39580,3.6434359550476074
2,39590,3.7926719188690186
2,39600,4.069199562072754
2,39610,3.6327037811279297
2,39620,3.941887378692627
2,39630,3.4702703952789307
2,39640,3.056777238845825
2,39650,3.0866475105285645
2,39660,3.0362367630004883
2,39670,3.394105911254883
2,39680,3.711618661880493
2,39690,3.7137248516082764
2,39700,3.287463903427124
2,39710,3.363847255706787
2,39720,3.172621726989746
2,39730,3.1409506797790527
2,39740,3.5984134674072266
2,39750,3.317610263824463
2,39760,3.160484790802002
2,39770,3.678523302078247
2,39780,3.4410834312438965
2,39790,3.699164628982544
2,39800,3.40150785446167
2,39810,3.241252899169922
2,39820,4.051838397979736
2,39830,3.76888108253479
2,39840,3.9266300201416016
2,39850,3.4847354888916016
2,39860,3.4190709590911865
2,39870,3.7213785648345947
2,39880,3.8886356353759766
2,39890,3.780446767807007
2,39900,3.55056095123291
2,39910,3.299445867538452
2,39920,3.2903332710266113
2,39930,3.2319412231445312
2,39940,3.576645851135254
2,39950,3.371039867401123
2,39960,3.1041178703308105
2,39970,3.5067920684814453
2,39980,3.0003533363342285
2,39990,3.4492242336273193
2,40000,2.997412919998169
2,40010,2.9750332832336426
2,40020,3.3438079357147217
2,40030,2.940654754638672
2,40040,3.0812249183654785
2,40050,3.746511936187744
2,40060,3.2122485637664795
2,40070,3.6362781524658203
2,40080,4.134594917297363
2,40090,3.6447319984436035
2,40100,2.957252025604248
2,40110,3.5077967643737793
2,40120,3.0701777935028076
2,40130,3.27585768699646
2,40140,3.2789225578308105
2,40150,3.5147361755371094
2,40160,3.3340699672698975
2,40170,3.886258125305176
2,40180,3.1991677284240723
2,40190,3.7020440101623535
2,40200,3.2986655235290527
2,40210,3.0429558753967285
2,40220,2.903093099594116
2,40230,2.9647908210754395
2,40240,3.032818078994751
2,40250,3.676236867904663
2,40260,3.289151191711426
2,40270,3.4562559127807617
2,40280,3.4908640384674072
2,40290,2.8967671394348145
2,40300,3.3311266899108887
2,40310,3.182570457458496
2,40320,3.244166612625122
2,40330,3.6765716075897217
2,40340,3.2864603996276855
2,40350,3.781320810317993
2,40360,3.1707301139831543
2,40370,3.7143683433532715
2,40380,3.234266757965088
2,40390,3.354433536529541
2,40400,3.388378858566284
2,40410,3.1981711387634277
2,40420,3.357072353363037
2,40430,3.3747615814208984
2,40440,3.0806055068969727
2,40450,3.5523362159729004
2,40460,3.5650758743286133
2,40470,3.1849210262298584
2,40480,3.2287139892578125
2,40490,3.219860553741455
2,40500,3.685455799102783
2,40510,3.2843241691589355
2,40520,3.1704587936401367
2,40530,3.356539726257324
2,40540,3.598694086074829
2,40550,3.754309892654419
2,40560,2.8120603561401367
2,40570,3.253829002380371
2,40580,3.277996063232422
2,40590,3.652647018432617
2,40600,3.126459836959839
2,40610,3.429906129837036
2,40620,3.6241698265075684
2,40630,3.91033935546875
2,40640,3.7082912921905518
2,40650,3.2365598678588867
2,40660,3.817209482192993
2,40670,3.4840335845947266
2,40680,3.4247992038726807
2,40690,3.2904157638549805
2,40700,3.3966989517211914
2,40710,3.7968385219573975
2,40720,3.579515218734741
2,40730,3.88090181350708
2,40740,3.27201771736145
2,40750,3.174165725708008
2,40760,3.957919120788574
2,40770,3.43802547454834
2,40780,3.669450283050537
2,40790,3.873469591140747
2,40800,3.1494150161743164
2,40810,3.196650981903076
2,40820,3.857393980026245
2,40830,3.372805118560791
2,40840,3.356019973754883
2,40850,3.7157058715820312
2,40860,3.5761375427246094
2,40870,3.6492161750793457
2,40880,3.792509078979492
2,40890,3.088096857070923
2,40900,2.8913252353668213
2,40910,3.6126465797424316
2,40920,3.269599437713623
2,40930,3.5604052543640137
2,40940,3.067373514175415
2,40950,3.756516456604004
2,40960,3.2116546630859375
2,40970,3.5018224716186523
2,40980,2.925081253051758
2,40990,3.281683921813965
2,41000,2.9617528915405273
2,41010,3.3493738174438477
2,41020,3.790452003479004
2,41030,3.5039615631103516
2,41040,3.921830177307129
2,41050,3.1812362670898438
2,41060,3.756047010421753
2,41070,3.582552909851074
2,41080,3.1983394622802734
2,41090,3.748842716217041
2,41100,3.536144733428955
2,41110,3.4321401119232178
2,41120,3.1096420288085938
2,41130,3.54435396194458
2,41140,2.8641152381896973
2,41150,3.3486123085021973
2,41160,3.0817160606384277
2,41170,3.1748080253601074
2,41180,4.045792579650879
2,41190,2.9505181312561035
2,41200,3.543246269226074
2,41210,2.951817512512207
2,41220,3.2198410034179688
2,41230,3.5759358406066895
2,41240,2.812521457672119
2,41250,3.5043249130249023
2,41260,3.5091257095336914
2,41270,3.248579978942871
2,41280,3.396874189376831
2,41290,2.8599414825439453
2,41300,3.091327428817749
2,41310,3.2325119972229004
2,41320,2.813079357147217
2,41330,3.325281858444214
2,41340,2.9817538261413574
2,41350,3.143596649169922
2,41360,3.365692138671875
2,41370,3.5353081226348877
2,41380,3.5889477729797363
2,41390,3.615245819091797
2,41400,3.5069847106933594
2,41410,2.6391379833221436
2,41420,3.7007765769958496
2,41430,3.023970127105713
2,41440,3.475853443145752
2,41450,3.3135883808135986
2,41460,3.51871919631958
2,41470,3.8434243202209473
2,41480,3.482645034790039
2,41490,2.952082872390747
2,41500,3.0790112018585205
2,41510,3.093015193939209
2,41520,3.632694721221924
2,41530,3.1930718421936035
2,41540,3.166048049926758
2,41550,3.322324752807617
2,41560,3.2815706729888916
2,41570,3.7410905361175537
2,41580,2.989439010620117
2,41590,3.375645637512207
2,41600,3.150937080383301
2,41610,3.6946940422058105
2,41620,3.45100736618042
2,41630,2.9665780067443848
2,41640,3.3458199501037598
2,41650,3.442450523376465
2,41660,3.6086955070495605
2,41670,3.190988063812256
2,41680,3.1381916999816895
2,41690,3.681722640991211
2,41700,3.821575164794922
2,41710,3.713242530822754
2,41720,3.193506956100464
2,41730,3.3463597297668457
2,41740,3.397566318511963
2,41750,3.52160382270813
2,41760,3.419055938720703
2,41770,3.4211297035217285
2,41780,3.1963181495666504
2,41790,3.55131196975708
2,41800,3.398693561553955
2,41810,3.200310707092285
2,41820,3.256441831588745
2,41830,3.802478313446045
2,41840,3.158689498901367
2,41850,3.8997936248779297
2,41860,3.3778417110443115
2,41870,3.5230348110198975
2,41880,2.876636028289795
2,41890,3.145958185195923
2,41900,3.2553858757019043
2,41910,3.3476169109344482
2,41920,3.4123573303222656
2,41930,3.143995523452759
2,41940,3.020350456237793
2,41950,3.0761942863464355
2,41960,3.0034193992614746
2,41970,2.951679229736328
2,41980,3.2158477306365967
2,41990,3.369964838027954
2,42000,3.09696626663208
2,42010,3.672119379043579
2,42020,4.0319719314575195
2,42030,3.5237021446228027
2,42040,3.812490463256836
2,42050,3.4810116291046143
2,42060,3.741729736328125
2,42070,3.3309035301208496
2,42080,3.3688673973083496
2,42090,4.351107597351074
2,42100,3.2222132682800293
2,42110,3.2520627975463867
2,42120,3.217599391937256
2,42130,3.1392040252685547
2,42140,2.97336483001709
2,42150,3.1841444969177246
2,42160,2.9719295501708984
2,42170,3.273597240447998
2,42180,3.8723716735839844
2,42190,3.790666103363037
2,42200,3.434434175491333
2,42210,3.6842849254608154
2,42220,2.7827084064483643
2,42230,3.519284248352051
2,42240,3.583296060562134
2,42250,3.14131236076355
2,42260,3.394134998321533
2,42270,3.8251914978027344
2,42280,3.3088736534118652
2,42290,2.8498668670654297
2,42300,3.7753500938415527
2,42310,3.1226489543914795
2,42320,3.5567805767059326
2,42330,3.3584718704223633
2,42340,2.8492932319641113
2,42350,3.583390235900879
2,42360,3.444807529449463
2,42370,3.137190341949463
2,42380,3.1517672538757324
2,42390,3.730147361755371
2,42400,3.379936695098877
2,42410,2.831134796142578
2,42420,3.799274444580078
2,42430,3.9540510177612305
2,42440,4.130660533905029
2,42450,3.6680307388305664
2,42460,3.219050168991089
2,42470,3.8650059700012207
2,42480,3.017465353012085
2,42490,2.8329219818115234
2,42500,3.2330167293548584
2,42510,3.187460422515869
2,42520,3.163377285003662
2,42530,2.6235241889953613
2,42540,2.5711727142333984
2,42550,3.5720510482788086
2,42560,3.410334587097168
2,42570,3.232001781463623
2,42580,3.5722830295562744
2,42590,2.7880444526672363
2,42600,3.1423287391662598
2,42610,3.495041847229004
2,42620,3.5982627868652344
2,42630,3.5929923057556152
2,42640,3.2954931259155273
2,42650,3.8244009017944336
2,42660,3.6214213371276855
2,42670,3.706667900085449
2,42680,3.2726385593414307
2,42690,3.9054770469665527
2,42700,3.3313751220703125
2,42710,2.801449775695801
2,42720,3.6400718688964844
2,42730,2.7996292114257812
2,42740,3.837451934814453
2,42750,3.48667573928833
2,42760,3.639256477355957
2,42770,3.2427539825439453
2,42780,3.2359538078308105
2,42790,3.2439427375793457
2,42800,3.653848886489868
2,42810,3.4546475410461426
2,42820,3.145472764968872
2,42830,3.7154173851013184
2,42840,3.191831588745117
2,42850,3.1983180046081543
2,42860,3.4198055267333984
2,42870,3.053467273712158
2,42880,3.520052433013916
2,42890,3.2134788036346436
2,42900,3.625999689102173
2,42910,2.9715516567230225
2,42920,3.552206039428711
2,42930,3.936807155609131
2,42940,3.076200246810913
2,42950,3.4947876930236816
2,42960,3.7904610633850098
2,42970,3.150184154510498
2,42980,3.8595693111419678
2,42990,3.297484874725342
2,43000,3.4415347576141357
2,43010,3.4291229248046875
2,43020,2.7408432960510254
2,43030,3.3485515117645264
2,43040,2.772047519683838
2,43050,3.3603549003601074
2,43060,3.405139446258545
2,43070,3.440131664276123
2,43080,2.8835363388061523
2,43090,3.9083406925201416
2,43100,3.8763837814331055
2,43110,3.5119590759277344
2,43120,4.027896881103516
2,43130,3.173323631286621
2,43140,3.3533225059509277
2,43150,4.328361511230469
2,43160,3.476538896560669
2,43170,3.586117744445801
2,43180,3.329789400100708
2,43190,3.0913422107696533
2,43200,3.386476993560791
2,43210,3.4859426021575928
2,43220,3.3166251182556152
2,43230,2.7478811740875244
2,43240,3.4568355083465576
2,43250,3.5590906143188477
2,43260,3.1287012100219727
2,43270,3.883143424987793
2,43280,3.2631404399871826
2,43290,3.895961284637451
2,43300,3.7556073665618896
2,43310,3.6403908729553223
2,43320,3.670011043548584
2,43330,3.4705517292022705
2,43340,3.461238384246826
2,43350,2.5941362380981445
2,43360,3.341397762298584
2,43370,3.0465359687805176
2,43380,3.8761863708496094
2,43390,3.344353199005127
2,43400,3.2722439765930176
2,43410,3.098193645477295
2,43420,3.544449806213379
2,43430,2.9569954872131348
2,43440,3.247436046600342
2,43450,2.8776464462280273
2,43460,3.4653432369232178
2,43470,3.578460693359375
2,43480,3.205233573913574
2,43490,3.4041318893432617
2,43500,3.7027812004089355
2,43510,3.648937225341797
2,43520,3.444945812225342
2,43530,3.053727149963379
2,43540,3.5779714584350586
2,43550,3.7249341011047363
2,43560,3.0083189010620117
2,43570,3.6459081172943115
2,43580,3.2988147735595703
2,43590,3.7671570777893066
2,43600,3.412686347961426
2,43610,3.7379775047302246
2,43620,3.336352825164795
2,43630,3.3511064052581787
2,43640,3.9953246116638184
2,43650,3.128758430480957
2,43660,3.5867881774902344
2,43670,3.626192569732666
2,43680,3.230830192565918
2,43690,2.430603265762329
2,43700,3.031886577606201
2,43710,2.9448492527008057
2,43720,3.013265609741211
2,43730,3.4926085472106934
2,43740,2.962387800216675
2,43750,3.5744338035583496
2,43760,3.2565855979919434
2,43770,3.238436222076416
2,43780,2.88014554977417
2,43790,3.641313076019287
2,43800,2.661057949066162
2,43810,3.4721145629882812
2,43820,3.2301573753356934
2,43830,3.3799383640289307
2,43840,3.498811721801758
2,43850,3.357333183288574
2,43860,3.6961851119995117
2,43870,3.4154200553894043
2,43880,3.351138114929199
2,43890,2.9413585662841797
2,43900,3.4770381450653076
2,43910,3.130258560180664
2,43920,3.4259116649627686
2,43930,2.820194721221924
2,43940,3.6175522804260254
2,43950,2.7803707122802734
2,43960,2.838012933731079
2,43970,3.6816916465759277
2,43980,3.442626714706421
2,43990,3.554189920425415
2,44000,3.2509756088256836
2,44010,3.318936824798584
2,44020,3.5199437141418457
2,44030,3.4720377922058105
2,44040,3.34065580368042
2,44050,3.6155123710632324
2,44060,2.661900043487549
2,44070,3.40627384185791
2,44080,3.4336676597595215
2,44090,3.1376142501831055
2,44100,3.4407577514648438
2,44110,2.848731279373169
2,44120,3.294308662414551
2,44130,3.8769943714141846
2,44140,3.834336757659912
2,44150,3.7417430877685547
2,44160,3.251556873321533
2,44170,3.5933632850646973
2,44180,3.4712812900543213
2,44190,3.3638265132904053
2,44200,3.22895884513855
2,44210,2.9842448234558105
2,44220,3.7973146438598633
2,44230,3.507844924926758
2,44240,3.6341753005981445
2,44250,3.6775712966918945
2,44260,3.786139965057373
2,44270,3.6381092071533203
2,44280,3.410757064819336
2,44290,3.35269832611084
2,44300,3.730830192565918
2,44310,3.7551398277282715
2,44320,2.7585644721984863
2,44330,3.1346654891967773
2,44340,3.4994564056396484
2,44350,2.9392025470733643
2,44360,3.434560537338257
2,44370,3.5368547439575195
2,44380,3.466683864593506
2,44390,3.571800470352173
2,44400,3.553312301635742
2,44410,3.336629867553711
2,44420,3.9803245067596436
2,44430,3.6240134239196777
2,44440,3.225276470184326
2,44450,2.9279356002807617
2,44460,3.5367918014526367
2,44470,3.289660692214966
2,44480,3.6900367736816406
2,44490,2.952324628829956
2,44500,3.6764121055603027
2,44510,3.791842222213745
2,44520,3.3103694915771484
2,44530,3.0434646606445312
2,44540,3.446979284286499
2,44550,3.805253028869629
2,44560,3.513416051864624
2,44570,3.3618593215942383
2,44580,4.294484615325928
2,44590,3.037766933441162
2,44600,3.411993980407715
2,44610,3.308424472808838
2,44620,3.6352427005767822
2,44630,3.0709567070007324
2,44640,2.9471349716186523
2,44650,3.6499123573303223
2,44660,3.6831412315368652
2,44670,2.8924341201782227
2,44680,3.014770269393921
2,44690,2.7869045734405518
2,44700,3.1487581729888916
2,44710,3.0608937740325928
2,44720,3.581350326538086
2,44730,3.404463529586792
2,44740,3.4486193656921387
2,44750,3.5158841609954834
2,44760,3.2238082885742188
2,44770,3.7540841102600098
2,44780,3.5503616333007812
2,44790,2.7953085899353027
2,44800,3.2641849517822266
2,44810,2.866051197052002
2,44820,3.2240500450134277
2,44830,3.252890110015869
2,44840,3.888422727584839
2,44850,2.996202230453491
2,44860,3.356580972671509
2,44870,2.62666654586792
2,44880,3.4111428260803223
2,44890,3.8958282470703125
2,44900,3.7618823051452637
2,44910,3.4600744247436523
2,44920,3.5145182609558105
2,44930,3.036052703857422
2,44940,3.3362374305725098
2,44950,3.34055495262146
2,44960,3.3179001808166504
2,44970,3.1175038814544678
2,44980,3.177544593811035
2,44990,3.6130423545837402
2,45000,3.775447368621826
2,45010,3.5327115058898926
2,45020,3.3560287952423096
2,45030,3.3235740661621094
2,45040,3.8383326530456543
2,45050,3.2931861877441406
2,45060,3.2963833808898926
2,45070,3.494800329208374
2,45080,3.2835018634796143
2,45090,3.4275259971618652
2,45100,3.681959629058838
2,45110,3.198056221008301
2,45120,3.272115468978882
2,45130,3.3753857612609863
2,45140,3.392038106918335
2,45150,2.97123384475708
2,45160,3.244263172149658
2,45170,3.7909083366394043
2,45180,3.2748007774353027
2,45190,3.935365676879883
2,45200,3.502164363861084
2,45210,3.4274001121520996
2,45220,4.014166355133057
2,45230,3.6714632511138916
2,45240,3.6677162647247314
2,45250,3.5388870239257812
2,45260,3.6394803524017334
2,45270,3.2535948753356934
2,45280,4.115384578704834
2,45290,3.0935096740722656
2,45300,3.027322769165039
2,45310,3.2583911418914795
2,45320,3.417396068572998
2,45330,3.9279561042785645
2,45340,3.5141706466674805
2,45350,3.198300838470459
2,45360,3.093635082244873
2,45370,2.9207282066345215
2,45380,3.159853935241699
2,45390,3.2357606887817383
2,45400,3.26686954498291
2,45410,3.865339756011963
2,45420,3.381803274154663
2,45430,3.151754140853882
2,45440,3.0831761360168457
2,45450,3.4241065979003906
2,45460,3.6251227855682373
2,45470,3.046569347381592
2,45480,3.4980196952819824
2,45490,3.21696138381958
2,45500,3.4623491764068604
2,45510,3.4217448234558105
2,45520,3.152041435241699
2,45530,3.6496145725250244
2,45540,3.2008919715881348
2,45550,3.266815662384033
2,45560,3.402914047241211
2,45570,4.1091628074646
2,45580,3.33077335357666
2,45590,3.3488259315490723
2,45600,3.159562349319458
2,45610,3.772583246231079
2,45620,3.859675884246826
2,45630,3.8542141914367676
2,45640,3.5043232440948486
2,45650,3.4784858226776123
2,45660,3.2948460578918457
2,45670,3.3251380920410156
2,45680,3.7542452812194824
2,45690,3.161189556121826
2,45700,3.7786688804626465
2,45710,3.8465938568115234
2,45720,2.939631700515747
2,45730,4.018240451812744
2,45740,3.381263256072998
2,45750,3.32987117767334
2,45760,3.291994094848633
2,45770,2.9977774620056152
2,45780,3.6035075187683105
2,45790,3.3665037155151367
2,45800,3.277799129486084
2,45810,3.264702796936035
2,45820,4.0321173667907715
2,45830,2.979275703430176
2,45840,3.5644969940185547
2,45850,3.2889111042022705
2,45860,3.3846042156219482
2,45870,3.4662885665893555
2,45880,4.087833404541016
2,45890,3.4804019927978516
2,45900,2.8801565170288086
2,45910,3.0819947719573975
2,45920,3.2651829719543457
2,45930,3.5227179527282715
2,45940,3.2972846031188965
2,45950,3.2764694690704346
2,45960,3.535341739654541
2,45970,3.0624265670776367
2,45980,3.855139970779419
2,45990,3.813602924346924
2,46000,3.0363752841949463
2,46010,3.003464698791504
2,46020,2.77170991897583
2,46030,4.026586055755615
2,46040,3.476867198944092
2,46050,3.374807357788086
2,46060,3.3863658905029297
2,46070,3.335071086883545
2,46080,3.488109827041626
2,46090,4.140344619750977
2,46100,2.952528953552246
2,46110,3.7963218688964844
2,46120,3.7748303413391113
2,46130,3.1782007217407227
2,46140,2.997185707092285
2,46150,3.550253391265869
2,46160,3.288499116897583
2,46170,3.8630428314208984
2,46180,3.2790651321411133
2,46190,3.5110974311828613
2,46200,3.7718920707702637
2,46210,3.0404410362243652
2,46220,3.468329906463623
2,46230,3.7356925010681152
2,46240,3.5014419555664062
2,46250,3.4006810188293457
2,46260,3.598586082458496
2,46270,3.482954502105713
2,46280,3.3993451595306396
2,46290,3.2865285873413086
2,46300,3.427978515625
2,46310,3.3362131118774414
2,46320,3.6396842002868652
2,46330,3.0468907356262207
2,46340,3.935206413269043
2,46350,3.3816161155700684
2,46360,2.807485818862915
2,46370,3.360591173171997
2,46380,3.253054141998291
2,46390,3.259913206100464
2,46400,3.4022531509399414
2,46410,3.620622158050537
2,46420,2.9597439765930176
2,46430,3.7731637954711914
2,46440,2.860445499420166
2,46450,3.1616721153259277
2,46460,3.985628604888916
2,46470,3.113992691040039
2,46480,3.618483066558838
2,46490,3.3919217586517334
2,46500,3.0266642570495605
2,46510,3.0347988605499268
2,46520,3.2036333084106445
2,46530,3.0079708099365234
2,46540,3.2351725101470947
2,46550,3.2403507232666016
2,46560,2.972867727279663
2,46570,4.18402099609375
2,46580,3.035356044769287
2,46590,3.470942497253418
2,46600,3.670114278793335
2,46610,3.278200626373291
2,46620,3.727570056915283
2,46630,3.3362796306610107
2,46640,2.785762310028076
2,46650,3.4644546508789062
2,46660,3.2855358123779297
2,46670,3.0830821990966797
2,46680,3.8713271617889404
2,46690,3.5158090591430664
2,46700,2.9668264389038086
2,46710,3.5698323249816895
2,46720,3.1225972175598145
2,46730,3.4880595207214355
2,46740,3.0342884063720703
2,46750,3.2049331665039062
2,46760,3.202610731124878
2,46770,3.7877426147460938
2,46780,3.6262996196746826
2,46790,3.6195578575134277
2,46800,3.0384092330932617
2,46810,2.9534454345703125
2,46820,2.9494094848632812
2,46830,3.314434766769409
2,46840,2.76855206489563
2,46850,3.392915725708008
2,46860,3.598984479904175
2,46870,3.397186756134033
2,46880,2.4579224586486816
2,46890,3.6959691047668457
2,46900,3.1003026962280273
2,46910,3.13327693939209
2,46920,3.333439350128174
2,46930,3.0492730140686035
2,46940,3.6141304969787598
2,46950,3.261727809906006
2,46960,3.0876030921936035
2,46970,3.139529228210449
2,46980,3.488208293914795
2,46990,3.4758846759796143
2,47000,3.467303991317749
2,47010,3.4757161140441895
2,47020,3.5119214057922363
2,47030,3.7329301834106445
2,47040,3.5734262466430664
2,47050,3.6516177654266357
2,47060,2.787440299987793
2,47070,3.784052848815918
2,47080,2.937370777130127
2,47090,3.398081064224243
2,47100,3.774989604949951
2,47110,3.1240453720092773
2,47120,3.1303887367248535
2,47130,3.318084716796875
2,47140,3.373716354370117
2,47150,3.2672972679138184
2,47160,3.111862897872925
2,47170,3.4521901607513428
2,47180,3.6262340545654297
2,47190,3.9565913677215576
2,47200,3.3609166145324707
2,47210,4.188964366912842
2,47220,3.67578125
2,47230,3.638371467590332
2,47240,3.403810977935791
2,47250,2.947918653488159
2,47260,3.0318593978881836
2,47270,3.520550489425659
2,47280,2.820478916168213
2,47290,3.0516905784606934
2,47300,2.8908376693725586
2,47310,3.4485697746276855
2,47320,3.784608840942383
2,47330,3.4661340713500977
2,47340,3.6308889389038086
2,47350,3.197352886199951
2,47360,2.822611093521118
2,47370,3.656360626220703
2,47380,3.768496513366699
2,47390,3.1505465507507324
2,47400,2.9778318405151367
2,47410,2.906857967376709
2,47420,3.2679781913757324
2,47430,3.7240188121795654
2,47440,3.0047647953033447
2,47450,3.0210952758789062
2,47460,3.1726202964782715
2,47470,3.6995155811309814
2,47480,3.9240739345550537
2,47490,3.1218957901000977
2,47500,3.6006126403808594
2,47510,3.526576519012451
2,47520,3.0729503631591797
2,47530,3.1232619285583496
2,47540,4.042180061340332
2,47550,3.6468796730041504
2,47560,3.3707082271575928
2,47570,3.535364866256714
2,47580,3.378009080886841
2,47590,3.920633316040039
2,47600,3.2938265800476074
2,47610,3.6668505668640137
2,47620,3.7704880237579346
2,47630,3.358095169067383
2,47640,3.2126870155334473
2,47650,3.1987736225128174
2,47660,3.8665034770965576
2,47670,3.201301097869873
2,47680,3.6047301292419434
2,47690,3.367372989654541
2,47700,3.958186626434326
2,47710,2.9840307235717773
2,47720,3.342205286026001
2,47730,3.8253512382507324
2,47740,3.0671586990356445
2,47750,4.036669731140137
2,47760,3.0890567302703857
2,47770,2.9811673164367676
2,47780,3.865565538406372
2,47790,3.1665003299713135
2,47800,3.1324734687805176
2,47810,2.9522805213928223
2,47820,3.203911304473877
2,47830,3.0989551544189453
2,47840,2.5617423057556152
2,47850,3.532285690307617
2,47860,3.3019156455993652
2,47870,3.2916462421417236
2,47880,3.2590808868408203
2,47890,3.2949767112731934
2,47900,2.9521031379699707
2,47910,3.3766355514526367
2,47920,3.662252902984619
2,47930,3.0211520195007324
2,47940,3.43621826171875
2,47950,3.326846122741699
2,47960,3.1876392364501953
2,47970,3.387732982635498
2,47980,3.2439887523651123
2,47990,2.9867947101593018
2,48000,2.805755615234375
2,48010,2.950929880142212
2,48020,3.581026792526245
2,48030,3.379648447036743
2,48040,3.110792875289917
2,48050,3.689096450805664
2,48060,3.7022180557250977
2,48070,3.4454050064086914
2,48080,3.4582877159118652
2,48090,4.136802673339844
2,48100,2.9837536811828613
2,48110,3.230114221572876
2,48120,3.9540672302246094
2,48130,3.3408126831054688
2,48140,3.2794320583343506
2,48150,3.5689308643341064
2,48160,3.323824405670166
2,48170,3.013972282409668
2,48180,2.774754047393799
2,48190,3.497800827026367
2,48200,3.373843193054199
2,48210,3.645730495452881
2,48220,3.864945888519287
2,48230,3.0602025985717773
2,48240,3.336597442626953
2,48250,3.4735043048858643
2,48260,3.215165138244629
2,48270,3.2840051651000977
2,48280,2.9165267944335938
2,48290,2.7516231536865234
2,48300,3.5071022510528564
2,48310,3.1711325645446777
2,48320,3.327085494995117
2,48330,3.6091363430023193
2,48340,2.5180296897888184
2,48350,3.1347875595092773
2,48360,3.315981864929199
2,48370,2.8101794719696045
2,48380,3.392573118209839
2,48390,3.7811522483825684
2,48400,3.6606802940368652
2,48410,3.541670799255371
2,48420,3.283663272857666
2,48430,3.7946577072143555
2,48440,3.8472366333007812
2,48450,3.922334671020508
2,48460,3.4773242473602295
2,48470,3.0532617568969727
2,48480,3.3165016174316406
2,48490,2.777369976043701
2,48500,3.1023569107055664
2,48510,3.2031397819519043
2,48520,3.178988456726074
2,48530,3.259202003479004
2,48540,3.057063102722168
2,48550,3.499638557434082
2,48560,3.0679514408111572
2,48570,3.3237686157226562
2,48580,3.563040256500244
2,48590,3.6936161518096924
2,48600,3.4571642875671387
2,48610,3.401571750640869
2,48620,3.4652676582336426
2,48630,3.044473171234131
2,48640,3.34506893157959
2,48650,3.1349499225616455
2,48660,3.6698031425476074
2,48670,3.4594504833221436
2,48680,3.335618019104004
2,48690,3.2096023559570312
2,48700,3.547682285308838
2,48710,2.842707633972168
2,48720,3.115295171737671
2,48730,3.889216661453247
2,48740,2.960200071334839
2,48750,3.6624555587768555
2,48760,3.6919631958007812
2,48770,3.181002140045166
2,48780,3.2016336917877197
2,48790,3.3094863891601562
2,48800,3.962615966796875
2,48810,3.4094462394714355
2,48820,3.135202169418335
2,48830,3.4959678649902344
2,48840,3.4746832847595215
2,48850,3.587310552597046
2,48860,4.217367172241211
2,48870,3.4491024017333984
2,48880,3.2420454025268555
2,48890,3.0924253463745117
2,48900,3.5216755867004395
2,48910,3.625516891479492
2,48920,3.0110902786254883
2,48930,3.6084489822387695
2,48940,3.548126220703125
2,48950,3.7446951866149902
2,48960,3.8833374977111816
2,48970,3.1717445850372314
2,48980,3.4327383041381836
2,48990,3.828217029571533
2,49000,3.521836757659912
2,49010,3.091437339782715
2,49020,2.822317600250244
2,49030,3.176729202270508
2,49040,3.3433146476745605
2,49050,3.363208293914795
2,49060,3.5021257400512695
2,49070,3.2470762729644775
2,49080,3.7513487339019775
2,49090,3.3928654193878174
2,49100,3.713033437728882
2,49110,3.4461443424224854
2,49120,3.4912362098693848
2,49130,3.8424782752990723
2,49140,3.5845696926116943
2,49150,3.2207095623016357
2,49160,3.067302703857422
2,49170,3.375267505645752
2,49180,3.4021992683410645
2,49190,3.3073959350585938
2,49200,3.160825729370117
2,49210,3.2212889194488525
2,49220,3.396440267562866
2,49230,3.924844741821289
2,49240,3.3031258583068848
2,49250,3.277193546295166
2,49260,3.2645864486694336
2,49270,2.9688727855682373
2,49280,3.0836708545684814
2,49290,3.2526097297668457
2,49300,3.0865797996520996
2,49310,3.146953821182251
2,49320,3.4770522117614746
2,49330,3.3615453243255615
2,49340,3.0255300998687744
2,49350,3.116973400115967
2,49360,2.754338264465332
2,49370,3.005061626434326
2,49380,3.1215109825134277
2,49390,3.6251964569091797
2,49400,3.384350299835205
2,49410,3.879180669784546
2,49420,3.3324673175811768
2,49430,3.236159324645996
2,49440,3.617340087890625
2,49450,2.6229991912841797
2,49460,3.4679999351501465
2,49470,3.4947190284729004
2,49480,2.98396635055542
2,49490,3.491726875305176
2,49500,3.1718764305114746
2,49510,3.6438121795654297
2,49520,3.890993595123291
2,49530,3.4950363636016846
2,49540,3.6484804153442383
2,49550,3.3518784046173096
2,49560,3.3984036445617676
2,49570,3.1717841625213623
2,49580,3.6286134719848633
2,49590,3.39774227142334
2,49600,3.109027862548828
2,49610,3.5194003582000732
2,49620,3.2531251907348633
2,49630,3.2693793773651123
2,49640,3.1570022106170654
2,49650,3.538658618927002
2,49660,2.697075366973877
2,49670,3.7448384761810303
2,49680,4.055891990661621
2,49690,3.5680103302001953
2,49700,3.5455784797668457
2,49710,3.6086058616638184
2,49720,3.4001617431640625
2,49730,3.224059820175171
2,49740,2.937966823577881
2,49750,3.388331413269043
2,49760,3.1544294357299805
2,49770,3.2841262817382812
2,49780,2.9824914932250977
2,49790,3.890855312347412
2,49800,3.4209465980529785
2,49810,3.6553571224212646
2,49820,3.3217501640319824
2,49830,3.309319496154785
2,49840,3.025355815887451
2,49850,3.4913086891174316
2,49860,3.313141345977783
2,49870,2.959918975830078
2,49880,3.998133420944214
2,49890,3.746041774749756
2,49900,3.399484157562256
2,49910,3.786501884460449
2,49920,3.3789591789245605
2,49930,3.6268177032470703
2,49940,3.5999903678894043
2,49950,2.9427497386932373
2,49960,2.9713525772094727
2,49970,3.140489101409912
2,49980,3.1063456535339355
2,49990,3.243605136871338
2,50000,2.9825472831726074
2,50010,3.6368424892425537
2,50020,3.355497121810913
2,50030,3.2333719730377197
2,50040,3.47335147857666
2,50050,3.646380662918091
2,50060,3.5630221366882324
2,50070,2.7793567180633545
2,50080,3.0762338638305664
2,50090,3.337456703186035
2,50100,3.1834301948547363
2,50110,3.3953051567077637
2,50120,3.387099504470825
2,50130,3.3539438247680664
2,50140,3.358231544494629
2,50150,3.0002007484436035
2,50160,3.384739398956299
2,50170,3.303105354309082
2,50180,3.1243813037872314
2,50190,3.7338480949401855
2,50200,2.9163713455200195
2,50210,3.575035572052002
2,50220,3.338444232940674
2,50230,3.086339235305786
2,50240,2.7841742038726807
2,50250,3.23831844329834
2,50260,2.7975285053253174
2,50270,3.2723021507263184
2,50280,2.6623716354370117
2,50290,3.7329764366149902
2,50300,3.1539783477783203
2,50310,3.7364890575408936
2,50320,3.261500358581543
2,50330,3.52942156791687
2,50340,3.37672758102417
2,50350,3.653780460357666
2,50360,3.826467514038086
2,50370,3.1986083984375
2,50380,3.3899736404418945
2,50390,3.5194270610809326
2,50400,3.5464119911193848
2,50410,3.7903761863708496
2,50420,3.371286630630493
2,50430,2.955082416534424
2,50440,3.555885076522827
2,50450,3.3651983737945557
2,50460,3.5779662132263184
2,50470,3.5850305557250977
2,50480,3.228132724761963
2,50490,2.713773250579834
2,50500,3.2902393341064453
2,50510,3.505615472793579
2,50520,3.430774688720703
2,50530,3.059009313583374
2,50540,2.889942169189453
2,50550,3.4066038131713867
2,50560,3.19562029838562
2,50570,2.993863105773926
2,50580,2.7379117012023926
2,50590,3.2732810974121094
2,50600,3.327505588531494
2,50610,3.0369551181793213
2,50620,3.6791372299194336
2,50630,4.175057411193848
2,50640,3.948662042617798
2,50650,3.986196994781494
2,50660,3.1636016368865967
2,50670,2.6857528686523438
2,50680,3.580233097076416
2,50690,3.3815221786499023
2,50700,3.129879951477051
2,50710,2.815342903137207
2,50720,3.727680206298828
2,50730,3.2545299530029297
2,50740,3.292532444000244
2,50750,3.244997024536133
2,50760,3.0155341625213623
2,50770,3.069234848022461
2,50780,2.9488348960876465
2,50790,3.59208345413208
2,50800,3.7222633361816406
2,50810,2.870715618133545
2,50820,3.663115978240967
2,50830,3.6332170963287354
2,50840,2.997366428375244
2,50850,3.031857490539551
2,50860,2.8669588565826416
2,50870,3.1279854774475098
2,50880,3.133822441101074
2,50890,3.340117931365967
2,50900,3.2713027000427246
2,50910,3.3844351768493652
2,50920,3.805056095123291
2,50930,2.7706971168518066
2,50940,3.2608346939086914
2,50950,2.7743172645568848
2,50960,3.440481662750244
2,50970,3.6501171588897705
2,50980,4.089807033538818
2,50990,3.633779287338257
2,51000,3.1153645515441895
2,51010,3.075528621673584
2,51020,3.204855442047119
2,51030,4.069657802581787
2,51040,3.6035566329956055
2,51050,2.9019615650177
2,51060,3.1451785564422607
2,51070,4.010566234588623
2,51080,3.3227598667144775
2,51090,3.295680522918701
2,51100,3.722930908203125
2,51110,3.506183385848999
2,51120,3.2325761318206787
2,51130,3.395850658416748
2,51140,3.663804531097412
2,51150,3.328610420227051
2,51160,3.3863205909729004
2,51170,3.4828436374664307
2,51180,3.2072155475616455
2,51190,3.3674721717834473
2,51200,3.701590061187744
2,51210,3.1602227687835693
2,51220,3.4091482162475586
2,51230,3.4940953254699707
2,51240,3.2759599685668945
2,51250,3.40391206741333
2,51260,2.8076915740966797
2,51270,2.827521324157715
2,51280,3.5097498893737793
2,51290,2.8681631088256836
2,51300,3.0845518112182617
2,51310,3.371501922607422
2,51320,3.6517157554626465
2,51330,3.8719398975372314
2,51340,3.8490991592407227
2,51350,2.6507365703582764
2,51360,3.4504802227020264
2,51370,3.3335771560668945
2,51380,2.8914761543273926
2,51390,3.0249125957489014
2,51400,3.4327659606933594
2,51410,3.196310043334961
2,51420,3.5058512687683105
2,51430,3.7973434925079346
2,51440,3.5051627159118652
2,51450,2.9815917015075684
2,51460,3.497343063354492
2,51470,3.1765871047973633
2,51480,3.195045232772827
2,51490,3.1432294845581055
2,51500,3.008800983428955
2,51510,3.3557381629943848
2,51520,3.2163238525390625
2,51530,3.2683887481689453
2,51540,3.1372647285461426
2,51550,3.091928720474243
2,51560,2.9303412437438965
2,51570,3.7069454193115234
2,51580,2.8483009338378906
2,51590,3.2759838104248047
2,51600,3.549164295196533
2,51610,2.8250889778137207
2,51620,3.552370071411133
2,51630,3.134995937347412
2,51640,2.4951961040496826
2,51650,3.4784343242645264
2,51660,3.6445417404174805
2,51670,3.0245046615600586
2,51680,3.4528136253356934
2,51690,2.902590751647949
2,51700,3.144746780395508
2,51710,3.3051538467407227
2,51720,3.332367420196533
2,51730,3.3332204818725586
2,51740,3.1698837280273438
2,51750,3.422145366668701
2,51760,3.2910170555114746
2,51770,3.738584518432617
2,51780,3.3131179809570312
2,51790,2.753322124481201
2,51800,3.4676904678344727
2,51810,3.064743757247925
2,51820,3.60294771194458
2,51830,3.4229602813720703
2,51840,2.9353413581848145
2,51850,3.2138471603393555
2,51860,3.17543363571167
2,51870,3.3696937561035156
2,51880,2.7721567153930664
2,51890,2.7369275093078613
2,51900,3.490088939666748
2,51910,3.2282679080963135
2,51920,3.4255170822143555
2,51930,3.3099632263183594
2,51940,3.5253005027770996
2,51950,3.0251877307891846
2,51960,3.3184432983398438
2,51970,3.2206408977508545
2,51980,3.3634581565856934
2,51990,2.9376442432403564
2,52000,2.9731240272521973
2,52010,3.135364532470703
2,52020,2.8290791511535645
2,52030,3.4476704597473145
2,52040,4.103481292724609
2,52050,3.2523388862609863
2,52060,3.0645711421966553
2,52070,3.2345705032348633
2,52080,3.5733439922332764
2,52090,3.371307849884033
2,52100,3.4599552154541016
2,52110,3.4313607215881348
2,52120,2.8829336166381836
2,52130,3.3493270874023438
2,52140,3.1467652320861816
2,52150,3.2343220710754395
2,52160,4.1786723136901855
2,52170,3.908674478530884
2,52180,2.8435921669006348
2,52190,3.383314609527588
2,52200,3.453418493270874
2,52210,3.6931262016296387
2,52220,3.557703971862793
2,52230,3.673895835876465
2,52240,3.152891159057617
2,52250,3.806317090988159
2,52260,3.0485801696777344
2,52270,2.9738144874572754
2,52280,2.8889689445495605
2,52290,3.812851905822754
2,52300,3.774016857147217
2,52310,3.409756660461426
2,52320,3.319770336151123
2,52330,3.3643317222595215
2,52340,3.3629775047302246
2,52350,2.7856059074401855
2,52360,3.2158148288726807
2,52370,3.898829460144043
2,52380,2.941434860229492
2,52390,3.1465978622436523
2,52400,4.056382656097412
2,52410,3.5860252380371094
2,52420,2.896512269973755
2,52430,3.3031039237976074
2,52440,3.3945236206054688
2,52450,3.2689595222473145
2,52460,3.3915412425994873
2,52470,3.3649611473083496
2,52480,3.437983512878418
2,52490,3.5033631324768066
2,52500,3.2255899906158447
2,52510,3.9916276931762695
2,52520,3.059067964553833
2,52530,3.407623767852783
2,52540,2.9604220390319824
2,52550,3.432276725769043
2,52560,3.468329429626465
2,52570,3.0511584281921387
2,52580,2.926379680633545
2,52590,3.6139066219329834
2,52600,3.4697461128234863
2,52610,3.3720314502716064
2,52620,3.3494763374328613
2,52630,4.083726406097412
2,52640,3.766678810119629
2,52650,3.0517282485961914
2,52660,2.82523250579834
2,52670,3.157318115234375
2,52680,3.192908763885498
2,52690,3.366678237915039
2,52700,3.3896734714508057
2,52710,3.4557344913482666
2,52720,3.2847719192504883
2,52730,2.5847561359405518
2,52740,2.884445905685425
2,52750,2.9539170265197754
2,52760,3.07686710357666
2,52770,3.1812238693237305
2,52780,3.431795835494995
2,52790,3.503676414489746
2,52800,3.157052516937256
2,52810,3.063103675842285
2,52820,3.408512592315674
2,52830,3.432224750518799
2,52840,3.600285053253174
2,52850,3.6556363105773926
2,52860,3.672614812850952
2,52870,3.317978858947754
2,52880,3.262932538986206
2,52890,3.0524260997772217
2,52900,3.351943016052246
2,52910,3.170553684234619
2,52920,3.231962203979492
2,52930,3.09397292137146
2,52940,3.3319945335388184
2,52950,3.776604175567627
2,52960,3.009659767150879
2,52970,3.5535173416137695
2,52980,3.3108954429626465
2,52990,3.2486019134521484
2,53000,3.251976251602173
2,53010,3.25848650932312
2,53020,3.1768245697021484
2,53030,3.6256513595581055
2,53040,3.398113965988159
2,53050,2.84098482131958
2,53060,3.7390143871307373
2,53070,3.805692195892334
2,53080,3.409923553466797
2,53090,2.9832379817962646
2,53100,3.5065040588378906
2,53110,3.302522897720337
2,53120,3.9565486907958984
2,53130,2.9315004348754883
2,53140,3.326077699661255
2,53150,3.471143960952759
2,53160,3.346357822418213
2,53170,3.1345343589782715
2,53180,3.1478652954101562
2,53190,3.5715861320495605
2,53200,3.235325336456299
2,53210,2.5313780307769775
2,53220,2.9493138790130615
2,53230,3.841989040374756
2,53240,3.385885238647461
2,53250,2.8578476905822754
2,53260,2.781050682067871
2,53270,3.82175612449646
2,53280,3.544239044189453
2,53290,3.565856456756592
2,53300,3.3686814308166504
2,53310,3.5887064933776855
2,53320,3.600029468536377
2,53330,3.5915603637695312
2,53340,3.148709297180176
2,53350,3.561861515045166
2,53360,2.8153629302978516
2,53370,3.2596752643585205
2,53380,3.3437018394470215
2,53390,3.3481264114379883
2,53400,3.2584309577941895
2,53410,3.0766782760620117
2,53420,2.8924219608306885
2,53430,3.462006092071533
2,53440,3.328587532043457
2,53450,3.3589096069335938
2,53460,3.218120574951172
2,53470,2.639681339263916
2,53480,3.20808744430542
2,53490,3.094094753265381
2,53500,3.136671543121338
2,53510,3.2588841915130615
2,53520,2.739778995513916
2,53530,2.9729323387145996
2,53540,3.005420684814453
2,53550,3.369259834289551
2,53560,3.046344757080078
2,53570,3.207777500152588
2,53580,3.2090015411376953
2,53590,3.1855568885803223
2,53600,3.32957124710083
2,53610,3.718681573867798
2,53620,3.395540952682495
2,53630,3.5784873962402344
2,53640,2.8147330284118652
2,53650,2.8717470169067383
2,53660,3.6538710594177246
2,53670,3.3601698875427246
2,53680,3.155364513397217
2,53690,2.876072883605957
2,53700,2.9091854095458984
2,53710,3.1749114990234375
2,53720,3.043161392211914
2,53730,2.7807750701904297
2,53740,2.6611642837524414
2,53750,3.5330142974853516
2,53760,3.141345977783203
2,53770,3.5721588134765625
2,53780,3.436350107192993
2,53790,3.2653346061706543
2,53800,3.2212138175964355
2,53810,3.422731399536133
2,53820,2.792957305908203
2,53830,3.8348546028137207
2,53840,3.1433238983154297
2,53850,4.225254535675049
2,53860,3.1013917922973633
2,53870,2.964649200439453
2,53880,2.9360337257385254
2,53890,3.3885090351104736
2,53900,3.210503339767456
2,53910,3.8081655502319336
2,53920,3.533768653869629
2,53930,2.973931312561035
2,53940,3.5078048706054688
2,53950,3.0495331287384033
2,53960,3.44966983795166
2,53970,3.7750229835510254
2,53980,3.4164628982543945
2,53990,2.671175479888916
2,54000,3.4994993209838867
2,54010,3.369314193725586
2,54020,3.3486576080322266
2,54030,3.2284183502197266
2,54040,3.416839122772217
2,54050,3.7431588172912598
2,54060,3.9064834117889404
2,54070,3.6105618476867676
2,54080,3.4422945976257324
2,54090,3.2500503063201904
2,54100,3.4167704582214355
2,54110,3.0759057998657227
2,54120,3.237583637237549
2,54130,3.7292537689208984
2,54140,3.7497081756591797
2,54150,3.0111303329467773
2,54160,3.3559842109680176
2,54170,3.1767966747283936
2,54180,3.382918357849121
2,54190,3.165571451187134
2,54200,4.158233642578125
2,54210,2.967080593109131
2,54220,3.0917248725891113
2,54230,3.5476198196411133
2,54240,3.177002429962158
2,54250,2.381920337677002
2,54260,3.498943328857422
2,54270,3.570352554321289
2,54280,3.2407729625701904
2,54290,3.1048102378845215
2,54300,3.3711860179901123
2,54310,3.4523797035217285
2,54320,2.9895403385162354
2,54330,3.7076730728149414
2,54340,3.0206761360168457
2,54350,3.0981462001800537
2,54360,3.6894965171813965
2,54370,3.707873821258545
2,54380,3.6751363277435303
2,54390,3.104773759841919
2,54400,3.479222297668457
2,54410,3.6679515838623047
2,54420,3.3964624404907227
2,54430,3.228130340576172
2,54440,3.2547554969787598
2,54450,3.314192533493042
2,54460,3.185962200164795
2,54470,3.0582175254821777
2,54480,3.546480655670166
2,54490,3.799757480621338
2,54500,3.5309619903564453
2,54510,3.7823524475097656
2,54520,3.28908109664917
2,54530,3.2495431900024414
2,54540,3.445483922958374
2,54550,3.0318453311920166
2,54560,3.101675033569336
2,54570,3.4107484817504883
2,54580,3.5935006141662598
2,54590,3.2602014541625977
2,54600,3.6343483924865723
2,54610,3.1865499019622803
2,54620,3.3652162551879883
2,54630,3.284834861755371
2,54640,3.2909340858459473
2,54650,3.0782384872436523
2,54660,3.086911201477051
2,54670,3.524705171585083
2,54680,2.979987382888794
2,54690,3.0940113067626953
2,54700,3.4972434043884277
2,54710,2.8017566204071045
2,54720,3.1010971069335938
2,54730,3.234461784362793
2,54740,2.7464256286621094
2,54750,2.9200949668884277
2,54760,3.2331714630126953
2,54770,3.9139466285705566
2,54780,3.2434539794921875
2,54790,3.774905204772949
2,54800,3.168476104736328
2,54810,3.682342767715454
2,54820,3.1835994720458984
2,54830,3.4525065422058105
2,54840,3.1660892963409424
2,54850,3.1615872383117676
2,54860,3.318286895751953
2,54870,3.8707170486450195
2,54880,3.3916096687316895
2,54890,3.579195499420166
2,54900,3.3265843391418457
2,54910,3.038980484008789
2,54920,3.255199909210205
2,54930,3.266979694366455
2,54940,2.770097255706787
2,54950,3.4797019958496094
2,54960,3.567394733428955
2,54970,3.336437702178955
2,54980,3.5775084495544434
2,54990,3.1543054580688477
2,55000,3.319582939147949
2,55010,2.7703709602355957
2,55020,3.1712613105773926
2,55030,3.3884835243225098
2,55040,3.1891345977783203
2,55050,3.38839054107666
2,55060,3.065004825592041
2,55070,3.341261386871338
2,55080,3.070354700088501
2,55090,3.0899763107299805
2,55100,3.2645339965820312
2,55110,3.3356175422668457
2,55120,3.424571990966797
2,55130,3.515115737915039
2,55140,3.9421193599700928
2,55150,3.7849533557891846
2,55160,2.800022840499878
2,55170,3.049050807952881
2,55180,3.4788010120391846
2,55190,3.4894115924835205
2,55200,4.054006576538086
2,55210,3.6587436199188232
2,55220,3.5462751388549805
2,55230,2.8286774158477783
2,55240,3.2734947204589844
2,55250,2.8311586380004883
2,55260,3.169804573059082
2,55270,2.834519624710083
2,55280,3.28657865524292
2,55290,3.1164534091949463
2,55300,3.651007890701294
2,55310,2.981654644012451
2,55320,3.3665151596069336
2,55330,3.1176090240478516
2,55340,2.868496894836426
2,55350,3.1297574043273926
2,55360,3.6638693809509277
2,55370,2.97479248046875
2,55380,3.19923996925354
2,55390,3.418381690979004
2,55400,3.538630962371826
2,55410,3.4193530082702637
2,55420,3.438234806060791
2,55430,2.9354825019836426
2,55440,3.1036126613616943
2,55450,3.1612985134124756
2,55460,3.239619255065918
2,55470,2.7066192626953125
2,55480,3.75106143951416
2,55490,3.453073024749756
2,55500,3.5716114044189453
2,55510,3.2140870094299316
2,55520,3.257160186767578
2,55530,3.4980649948120117
2,55540,3.8398122787475586
2,55550,3.3967533111572266
2,55560,3.643472671508789
2,55570,2.784181594848633
2,55580,3.718083381652832
2,55590,3.1574320793151855
2,55600,3.3670241832733154
2,55610,3.157327175140381
2,55620,3.165093421936035
2,55630,3.7801408767700195
2,55640,3.3664379119873047
2,55650,2.8343958854675293
2,55660,3.0853772163391113
2,55670,3.4684112071990967
2,55680,2.985177993774414
2,55690,3.063871383666992
2,55700,2.9088120460510254
2,55710,3.1497726440429688
2,55720,3.530524492263794
2,55730,3.2172226905822754
2,55740,3.0209810733795166
2,55750,4.005868911743164
2,55760,3.257981300354004
2,55770,2.639292001724243
2,55780,3.3870790004730225
2,55790,3.1289010047912598
2,55800,3.223414659500122
2,55810,3.190490245819092
2,55820,3.2223401069641113
2,55830,3.410573959350586
2,55840,3.116997241973877
2,55850,2.620494842529297
2,55860,3.27193546295166
2,55870,3.5252275466918945
2,55880,3.6127119064331055
2,55890,3.629531145095825
2,55900,3.3163743019104004
2,55910,3.5962023735046387
2,55920,3.1600494384765625
2,55930,3.270050048828125
2,55940,3.4228711128234863
2,55950,3.732034683227539
2,55960,3.1970958709716797
2,55970,3.7921247482299805
2,55980,2.924232006072998
2,55990,3.1497886180877686
2,56000,3.788578510284424
2,56010,3.228093385696411
2,56020,3.3139772415161133
2,56030,3.3741016387939453
2,56040,3.11360502243042
2,56050,3.3062469959259033
2,56060,3.523308753967285
2,56070,3.017534017562866
2,56080,3.048262119293213
2,56090,3.19059681892395
2,56100,3.4548449516296387
2,56110,3.727644205093384
2,56120,3.0159549713134766
2,56130,3.6474313735961914
2,56140,3.9583678245544434
2,56150,3.0091376304626465
2,56160,2.822505235671997
2,56170,3.1908392906188965
2,56180,3.392561912536621
2,56190,3.3225839138031006
2,56200,3.6143155097961426
2,56210,3.1778273582458496
2,56220,3.5540010929107666
2,56230,3.105240821838379
2,56240,3.345630645751953
2,56250,3.036008596420288
2,56260,3.2997684478759766
2,56270,3.9510273933410645
2,56280,3.3900210857391357
2,56290,3.287001132965088
2,56300,3.3689708709716797
2,56310,2.879343032836914
2,56320,3.051255226135254
2,56330,3.385871410369873
2,56340,3.159599781036377
2,56350,3.1606225967407227
2,56360,3.597778081893921
2,56370,2.78147029876709
2,56380,3.453317642211914
2,56390,3.297778367996216
2,56400,3.139725685119629
2,56410,2.7350075244903564
2,56420,3.648758888244629
2,56430,3.426748037338257
2,56440,3.5968360900878906
2,56450,3.3363256454467773
2,56460,2.750922679901123
2,56470,3.581937551498413
2,56480,2.9669628143310547
2,56490,3.008749008178711
2,56500,3.2453904151916504
2,56510,3.4342331886291504
2,56520,2.9300765991210938
2,56530,3.1837804317474365
2,56540,2.922710418701172
2,56550,3.689690113067627
2,56560,3.6509742736816406
2,56570,2.859532594680786
2,56580,3.7130401134490967
2,56590,3.3381083011627197
2,56600,3.265535354614258
2,56610,3.5552828311920166
2,56620,3.0646700859069824
2,56630,3.111851215362549
2,56640,3.386124610900879
2,56650,3.3913369178771973
2,56660,3.295717716217041
2,56670,3.385352611541748
2,56680,3.1142704486846924
2,56690,4.206815242767334
2,56700,3.052569627761841
2,56710,3.5286645889282227
2,56720,3.183314800262451
2,56730,3.0276424884796143
2,56740,3.4324817657470703
2,56750,3.374904155731201
2,56760,3.527400016784668
2,56770,3.3650569915771484
2,56780,3.0864248275756836
2,56790,3.3934879302978516
2,56800,3.5342049598693848
2,56810,3.0649662017822266
2,56820,2.803731679916382
2,56830,2.59142804145813
2,56840,3.4722795486450195
2,56850,3.0700371265411377
2,56860,3.3632402420043945
2,56870,3.557499885559082
2,56880,3.001797676086426
2,56890,3.094341516494751
2,56900,3.4991798400878906
2,56910,3.3161230087280273
2,56920,3.557211399078369
2,56930,3.323181629180908
2,56940,3.562735080718994
2,56950,3.3494107723236084
2,56960,3.4437828063964844
2,56970,2.5757391452789307
2,56980,3.59786319732666
2,56990,3.4312822818756104
2,57000,3.6146583557128906
2,57010,2.974532127380371
2,57020,3.087691307067871
2,57030,3.122803211212158
2,57040,3.443970203399658
2,57050,3.1988978385925293
2,57060,3.142545223236084
2,57070,3.6012353897094727
2,57080,3.285125255584717
2,57090,3.536315441131592
2,57100,2.9412484169006348
2,57110,3.792039632797241
2,57120,3.1913328170776367
2,57130,2.8920841217041016
2,57140,3.580993175506592
2,57150,3.331423282623291
2,57160,3.795837879180908
2,57170,2.9490303993225098
2,57180,3.5511722564697266
2,57190,3.225827693939209
2,57200,3.232649326324463
2,57210,3.3324904441833496
2,57220,3.3471829891204834
2,57230,2.5465078353881836
2,57240,3.469238758087158
2,57250,3.4364495277404785
2,57260,3.4828755855560303
2,57270,3.147707939147949
2,57280,2.8191065788269043
2,57290,3.247990131378174
2,57300,3.285693645477295
2,57310,3.266676425933838
2,57320,3.312561273574829
2,57330,3.501622200012207
2,57340,3.331336259841919
2,57350,3.0208749771118164
2,57360,3.0756826400756836
2,57370,3.4304051399230957
2,57380,3.2412734031677246
2,57390,3.1866884231567383
2,57400,3.182529926300049
2,57410,3.0502641201019287
2,57420,3.607752561569214
2,57430,3.4369277954101562
2,57440,3.3305792808532715
2,57450,2.8226709365844727
2,57460,3.2461228370666504
2,57470,3.4683897495269775
2,57480,3.25380539894104
2,57490,2.977200984954834
2,57500,3.4991092681884766
2,57510,2.842207670211792
2,57520,2.4373178482055664
2,57530,3.196133613586426
2,57540,3.229349136352539
2,57550,3.3183441162109375
2,57560,3.0873608589172363
2,57570,3.1853384971618652
2,57580,3.3944783210754395
2,57590,3.231220006942749
2,57600,3.7751238346099854
2,57610,2.6607322692871094
2,57620,3.811066150665283
2,57630,3.6900389194488525
2,57640,3.4147491455078125
2,57650,3.088106632232666
2,57660,3.222137451171875
2,57670,3.281217575073242
2,57680,3.2518539428710938
2,57690,3.3312296867370605
2,57700,3.0590438842773438
2,57710,2.922874927520752
2,57720,2.9579086303710938
2,57730,3.129265546798706
2,57740,3.2328763008117676
2,57750,3.262432098388672
2,57760,3.375145435333252
2,57770,3.252971887588501
2,57780,2.965156078338623
2,57790,3.2830872535705566
2,57800,3.8999080657958984
2,57810,3.188779354095459
2,57820,3.1579179763793945
2,57830,3.6188931465148926
2,57840,3.1605641841888428
2,57850,3.217876434326172
3,57860,3.6138699054718018
3,57870,2.9431166648864746
3,57880,3.0413994789123535
3,57890,3.434077739715576
3,57900,3.2445173263549805
3,57910,3.465888023376465
3,57920,2.9639525413513184
3,57930,3.029608726501465
3,57940,3.9524192810058594
3,57950,3.5566606521606445
3,57960,3.140840768814087
3,57970,3.0026936531066895
3,57980,3.486504554748535
3,57990,3.2982683181762695
3,58000,3.4740307331085205
3,58010,3.633232593536377
3,58020,3.167375087738037
3,58030,3.277841567993164
3,58040,3.4507229328155518
3,58050,2.7703845500946045
3,58060,3.5619850158691406
3,58070,3.340169906616211
3,58080,3.148470401763916
3,58090,3.4878640174865723
3,58100,3.8631880283355713
3,58110,3.0083799362182617
3,58120,3.291079044342041
3,58130,3.8210082054138184
3,58140,3.0645499229431152
3,58150,3.6996636390686035
3,58160,2.8260293006896973
3,58170,3.2869222164154053
3,58180,3.6805105209350586
3,58190,3.453670024871826
3,58200,4.043771743774414
3,58210,3.410217761993408
3,58220,3.3959741592407227
3,58230,3.3280766010284424
3,58240,3.1730947494506836
3,58250,3.080998420715332
3,58260,4.043852806091309
3,58270,3.3620452880859375
3,58280,3.2509775161743164
3,58290,3.4180164337158203
3,58300,3.263349771499634
3,58310,3.1300387382507324
3,58320,3.6135916709899902
3,58330,2.8830313682556152
3,58340,2.923372745513916
3,58350,3.551133632659912
3,58360,3.2488298416137695
3,58370,3.1538639068603516
3,58380,3.3737950325012207
3,58390,2.8286046981811523
3,58400,3.3538084030151367
3,58410,3.2584104537963867
3,58420,3.1620163917541504
3,58430,3.574338912963867
3,58440,3.0684633255004883
3,58450,4.158273696899414
3,58460,3.535299777984619
3,58470,3.080684185028076
3,58480,2.939453125
3,58490,3.144606590270996
3,58500,2.582968235015869
3,58510,3.8089849948883057
3,58520,3.6721866130828857
3,58530,2.866424560546875
3,58540,3.1637442111968994
3,58550,3.3874616622924805
3,58560,3.48781681060791
3,58570,3.9440269470214844
3,58580,3.6110525131225586
3,58590,3.5780110359191895
3,58600,3.294638156890869
3,58610,3.4055116176605225
3,58620,3.2499895095825195
3,58630,3.5042550563812256
3,58640,3.3532748222351074
3,58650,3.243974208831787
3,58660,3.5729775428771973
3,58670,3.6394805908203125
3,58680,3.322998523712158
3,58690,3.7247729301452637
3,58700,3.2225143909454346
3,58710,3.1959593296051025
3,58720,3.0408027172088623
3,58730,3.402151107788086
3,58740,2.7331490516662598
3,58750,3.553053855895996
3,58760,3.3193774223327637
3,58770,3.0489892959594727
3,58780,3.4862678050994873
3,58790,2.907766342163086
3,58800,3.5509414672851562
3,58810,3.138871192932129
3,58820,3.224000930786133
3,58830,3.6077990531921387
3,58840,3.8191134929656982
3,58850,4.217602729797363
3,58860,3.2306180000305176
3,58870,3.1609296798706055
3,58880,4.041222095489502
3,58890,3.390437602996826
3,58900,3.9141781330108643
3,58910,3.3622994422912598
3,58920,2.938026189804077
3,58930,3.1181087493896484
3,58940,3.274293899536133
3,58950,3.8138904571533203
3,58960,3.299809455871582
3,58970,3.4565224647521973
3,58980,3.6398839950561523
3,58990,3.2818336486816406
3,59000,3.3681979179382324
3,59010,3.1980643272399902
3,59020,3.5732550621032715
3,59030,3.2299556732177734
3,59040,3.3787057399749756
3,59050,3.1397342681884766
3,59060,3.6908602714538574
3,59070,3.190725803375244
3,59080,3.5165860652923584
3,59090,3.514535903930664
3,59100,3.5138158798217773
3,59110,3.4540748596191406
3,59120,2.8462271690368652
3,59130,3.4500303268432617
3,59140,2.805729627609253
3,59150,2.9580211639404297
3,59160,3.6531572341918945
3,59170,3.0929720401763916
3,59180,3.7356414794921875
3,59190,3.2322049140930176
3,59200,3.127382278442383
3,59210,3.8139712810516357
3,59220,3.196430206298828
3,59230,3.2647011280059814
3,59240,3.9087038040161133
3,59250,3.228309154510498
3,59260,3.2770016193389893
3,59270,3.207003116607666
3,59280,3.7198164463043213
3,59290,3.195767402648926
3,59300,3.045841693878174
3,59310,3.4858717918395996
3,59320,4.018326282501221
3,59330,3.0204451084136963
3,59340,2.9594779014587402
3,59350,3.3691864013671875
3,59360,2.9217584133148193
3,59370,3.762299060821533
3,59380,2.870844602584839
3,59390,3.4867653846740723
3,59400,3.520231246948242
3,59410,3.407820224761963
3,59420,3.1459457874298096
3,59430,3.18037486076355
3,59440,3.720262289047241
3,59450,3.8215389251708984
3,59460,2.6870875358581543
3,59470,3.510688304901123
3,59480,3.55043888092041
3,59490,3.1519460678100586
3,59500,3.360283374786377
3,59510,3.129850149154663
3,59520,3.817377805709839
3,59530,3.2082271575927734
3,59540,2.9257259368896484
3,59550,3.604276180267334
3,59560,3.417778968811035
3,59570,3.539562463760376
3,59580,3.434563159942627
3,59590,3.5162148475646973
3,59600,3.536602258682251
3,59610,3.6092140674591064
3,59620,3.490061044692993
3,59630,3.310351848602295
3,59640,3.4495577812194824
3,59650,3.1057682037353516
3,59660,3.164726495742798
3,59670,3.3002634048461914
3,59680,3.206017017364502
3,59690,3.0290236473083496
3,59700,2.9487757682800293
3,59710,3.288222551345825
3,59720,3.9249753952026367
3,59730,4.396938800811768
3,59740,3.4903454780578613
3,59750,3.4305224418640137
3,59760,3.291919469833374
3,59770,3.146946907043457
3,59780,2.86750864982605
3,59790,2.9299044609069824
3,59800,3.168445110321045
3,59810,2.871368885040283
3,59820,3.140707492828369
3,59830,3.6530938148498535
3,59840,3.198429822921753
3,59850,3.486236333847046
3,59860,3.004875659942627
3,59870,3.3394250869750977
3,59880,2.5255298614501953
3,59890,3.3200716972351074
3,59900,3.8150625228881836
3,59910,2.8161802291870117
3,59920,2.914529323577881
3,59930,2.476344108581543
3,59940,3.1035544872283936
3,59950,3.233927011489868
3,59960,3.1013033390045166
3,59970,3.290667772293091
3,59980,3.68896484375
3,59990,3.697775363922119
3,60000,4.1091132164001465
3,60010,3.147427797317505
3,60020,4.014585494995117
3,60030,3.1737563610076904
3,60040,3.388160467147827
3,60050,2.842731475830078
3,60060,2.8146162033081055
3,60070,2.978698253631592
3,60080,3.03397798538208
3,60090,3.2004270553588867
3,60100,3.4308485984802246
3,60110,3.390878200531006
3,60120,3.2921090126037598
3,60130,3.1442434787750244
3,60140,3.2714078426361084
3,60150,4.065629959106445
3,60160,2.8488593101501465
3,60170,2.895164966583252
3,60180,3.3557381629943848
3,60190,3.037012815475464
3,60200,3.062870502471924
3,60210,3.326427936553955
3,60220,3.0880467891693115
3,60230,2.921450614929199
3,60240,2.9659595489501953
3,60250,2.986847400665283
3,60260,3.04445219039917
3,60270,3.278972625732422
3,60280,3.0838232040405273
3,60290,3.01353120803833
3,60300,3.3018980026245117
3,60310,3.7777109146118164
3,60320,3.4899511337280273
3,60330,3.1610801219940186
3,60340,3.241396188735962
3,60350,3.3130996227264404
3,60360,3.1543734073638916
3,60370,3.1233930587768555
3,60380,3.358013153076172
3,60390,3.2073614597320557
3,60400,3.2992031574249268
3,60410,3.178898334503174
3,60420,3.08229398727417
3,60430,2.9145565032958984
3,60440,3.0312423706054688
3,60450,2.992316722869873
3,60460,3.0835118293762207
3,60470,3.034621238708496
3,60480,3.0345993041992188
3,60490,3.218902111053467
3,60500,2.9411516189575195
3,60510,2.8919172286987305
3,60520,2.651120662689209
3,60530,3.220008373260498
3,60540,3.087529182434082
3,60550,3.1743581295013428
3,60560,2.6678099632263184
3,60570,3.213886260986328
3,60580,3.230797290802002
3,60590,2.997321128845215
3,60600,3.225813865661621
3,60610,3.1747817993164062
3,60620,3.7408692836761475
3,60630,3.165498733520508
3,60640,3.446617603302002
3,60650,3.318263530731201
3,60660,3.170935869216919
3,60670,3.1462345123291016
3,60680,3.5123932361602783
3,60690,2.659883737564087
3,60700,3.2291159629821777
3,60710,3.23541259765625
3,60720,3.1990325450897217
3,60730,3.098118782043457
3,60740,3.0403928756713867
3,60750,3.804926872253418
3,60760,3.129239082336426
3,60770,3.062626838684082
3,60780,2.7458462715148926
3,60790,3.45871639251709
3,60800,3.134371042251587
3,60810,3.3636314868927
3,60820,3.450064182281494
3,60830,3.0824975967407227
3,60840,3.2346014976501465
3,60850,3.1664767265319824
3,60860,3.8930585384368896
3,60870,3.1481075286865234
3,60880,2.852450370788574
3,60890,3.241580009460449
3,60900,3.243112087249756
3,60910,2.6203176975250244
3,60920,3.0758771896362305
3,60930,3.4795994758605957
3,60940,3.109117269515991
3,60950,3.2912158966064453
3,60960,3.2717032432556152
3,60970,3.0453906059265137
3,60980,3.2055611610412598
3,60990,3.1686201095581055
3,61000,3.1243696212768555
3,61010,3.049276828765869
3,61020,3.678952217102051
3,61030,3.5207841396331787
3,61040,2.6600682735443115
3,61050,3.5760254859924316
3,61060,2.6134262084960938
3,61070,2.873659610748291
3,61080,3.4127275943756104
3,61090,2.8629379272460938
3,61100,3.4491190910339355
3,61110,3.1997251510620117
3,61120,2.9600448608398438
3,61130,2.955803871154785
3,61140,3.197465181350708
3,61150,3.810450315475464
3,61160,3.0071096420288086
3,61170,2.3682851791381836
3,61180,3.6634373664855957
3,61190,3.0083260536193848
3,61200,2.7855515480041504
3,61210,3.233351469039917
3,61220,3.068169116973877
3,61230,3.127580404281616
3,61240,3.4567394256591797
3,61250,3.520080089569092
3,61260,3.063072443008423
3,61270,3.6375603675842285
3,61280,3.497455358505249
3,61290,3.0751731395721436
3,61300,3.2497429847717285
3,61310,3.355930805206299
3,61320,3.225768566131592
3,61330,2.7812113761901855
3,61340,2.741885185241699
3,61350,2.8935775756835938
3,61360,3.1183314323425293
3,61370,2.980325698852539
3,61380,3.512481927871704
3,61390,2.9047834873199463
3,61400,3.3129618167877197
3,61410,2.860457181930542
3,61420,3.2430295944213867
3,61430,3.0526952743530273
3,61440,3.4751176834106445
3,61450,3.2993624210357666
3,61460,3.242931604385376
3,61470,3.2546072006225586
3,61480,4.019782543182373
3,61490,3.81343412399292
3,61500,3.264167308807373
3,61510,3.7719287872314453
3,61520,2.868382453918457
3,61530,3.405242443084717
3,61540,2.841993570327759
3,61550,3.16414213180542
3,61560,3.466014862060547
3,61570,3.10731840133667
3,61580,2.975337505340576
3,61590,3.3488078117370605
3,61600,3.2491579055786133
3,61610,2.924792766571045
3,61620,3.380277633666992
3,61630,3.2825160026550293
3,61640,3.1357686519622803
3,61650,4.195242881774902
3,61660,3.342787265777588
3,61670,3.077089309692383
3,61680,3.3119874000549316
3,61690,2.8610799312591553
3,61700,3.563345193862915
3,61710,2.6894092559814453
3,61720,3.13158917427063
3,61730,3.2199110984802246
3,61740,3.1765687465667725
3,61750,3.2611327171325684
3,61760,3.203432559967041
3,61770,2.5267858505249023
3,61780,3.218168258666992
3,61790,3.1335816383361816
3,61800,3.066148042678833
3,61810,3.1409339904785156
3,61820,2.9982547760009766
3,61830,3.323249340057373
3,61840,2.8298330307006836
3,61850,2.849081516265869
3,61860,2.9167447090148926
3,61870,3.2788968086242676
3,61880,2.958401679992676
3,61890,3.0411999225616455
3,61900,3.1175804138183594
3,61910,3.0670371055603027
3,61920,2.5852043628692627
3,61930,3.1988301277160645
3,61940,3.193696975708008
3,61950,3.293168544769287
3,61960,3.05436110496521
3,61970,3.4684367179870605
3,61980,3.017740249633789
3,61990,2.4487993717193604
3,62000,3.595745086669922
3,62010,2.665224313735962
3,62020,3.2776145935058594
3,62030,3.153122901916504
3,62040,3.2061290740966797
3,62050,3.1583731174468994
3,62060,3.5732626914978027
3,62070,3.0641870498657227
3,62080,3.4173312187194824
3,62090,3.2694284915924072
3,62100,2.8691627979278564
3,62110,3.360273599624634
3,62120,2.9031291007995605
3,62130,3.363964796066284
3,62140,3.067214250564575
3,62150,3.093309164047241
3,62160,3.5781989097595215
3,62170,2.9129583835601807
3,62180,3.250335216522217
3,62190,3.3819868564605713
3,62200,3.076723575592041
3,62210,3.2444653511047363
3,62220,3.2311747074127197
3,62230,3.256460666656494
3,62240,3.209092140197754
3,62250,2.8974597454071045
3,62260,3.0481128692626953
3,62270,3.3920865058898926
3,62280,3.4388601779937744
3,62290,4.061378479003906
3,62300,3.047065258026123
3,62310,3.188906192779541
3,62320,3.097386360168457
3,62330,3.2578887939453125
3,62340,2.9478678703308105
3,62350,3.553433895111084
3,62360,4.103285789489746
3,62370,3.330169200897217
3,62380,3.445524215698242
3,62390,3.175089120864868
3,62400,3.158353805541992
3,62410,3.0349459648132324
3,62420,3.5673930644989014
3,62430,3.2993783950805664
3,62440,2.904326915740967
3,62450,3.2762420177459717
3,62460,3.026035785675049
3,62470,2.953932762145996
3,62480,3.0305874347686768
3,62490,3.4742867946624756
3,62500,3.107555866241455
3,62510,3.0737154483795166
3,62520,2.821129322052002
3,62530,3.4206433296203613
3,62540,3.0318102836608887
3,62550,3.1676270961761475
3,62560,2.7247886657714844
3,62570,3.643275260925293
3,62580,3.2771010398864746
3,62590,3.402646541595459
3,62600,3.187412738800049
3,62610,2.923952102661133
3,62620,3.293195962905884
3,62630,3.398183822631836
3,62640,3.3056116104125977
3,62650,2.893233299255371
3,62660,3.1773881912231445
3,62670,2.941406726837158
3,62680,3.242729663848877
3,62690,3.07175350189209
3,62700,3.178508758544922
3,62710,3.308478355407715
3,62720,3.258718252182007
3,62730,3.476876735687256
3,62740,3.2365617752075195
3,62750,3.5283772945404053
3,62760,2.8795247077941895
3,62770,2.9008688926696777
3,62780,3.1096744537353516
3,62790,3.0346670150756836
3,62800,3.1748814582824707
3,62810,2.808553695678711
3,62820,2.88970947265625
3,62830,2.8141088485717773
3,62840,3.172041893005371
3,62850,2.8435187339782715
3,62860,3.6440024375915527
3,62870,3.4936351776123047
3,62880,2.912433624267578
3,62890,2.982255458831787
3,62900,3.094235420227051
3,62910,3.5724003314971924
3,62920,3.1458263397216797
3,62930,3.113302707672119
3,62940,3.536853313446045
3,62950,2.557481288909912
3,62960,3.1670048236846924
3,62970,3.163668632507324
3,62980,3.287689208984375
3,62990,3.074843168258667
3,63000,2.801034927368164
3,63010,3.4654288291931152
3,63020,3.000535249710083
3,63030,2.8960323333740234
3,63040,3.4342546463012695
3,63050,3.1856062412261963
3,63060,3.0795931816101074
3,63070,3.228775978088379
3,63080,3.0604636669158936
3,63090,3.1548328399658203
3,63100,3.270153045654297
3,63110,2.94588041305542
3,63120,3.2731611728668213
3,63130,3.1962809562683105
3,63140,3.4012651443481445
3,63150,3.0535664558410645
3,63160,2.8966498374938965
3,63170,3.454690456390381
3,63180,3.0883188247680664
3,63190,3.2652359008789062
3,63200,3.0020689964294434
3,63210,3.0407462120056152
3,63220,2.9408528804779053
3,63230,3.775738000869751
3,63240,3.0888595581054688
3,63250,2.584296703338623
3,63260,3.155780792236328
3,63270,2.905632495880127
3,63280,2.7880778312683105
3,63290,2.7562732696533203
3,63300,3.0911388397216797
3,63310,2.997152090072632
3,63320,3.399944305419922
3,63330,2.82957124710083
3,63340,2.9181525707244873
3,63350,2.821375846862793
3,63360,3.124258518218994
3,63370,3.224600315093994
3,63380,3.1917014122009277
3,63390,2.649763584136963
3,63400,3.517566204071045
3,63410,3.290839195251465
3,63420,2.7784910202026367
3,63430,3.3168537616729736
3,63440,2.95391583442688
3,63450,3.286630630493164
3,63460,3.792668342590332
3,63470,3.345057487487793
3,63480,3.085695743560791
3,63490,2.607942581176758
3,63500,2.9515552520751953
3,63510,3.398134231567383
3,63520,3.3615665435791016
3,63530,2.726809501647949
3,63540,3.1154985427856445
3,63550,3.9909958839416504
3,63560,2.709473133087158
3,63570,3.1386122703552246
3,63580,3.1780195236206055
3,63590,2.8249330520629883
3,63600,3.276432514190674
3,63610,3.160768508911133
3,63620,3.1454498767852783
3,63630,3.3224408626556396
3,63640,3.3707151412963867
3,63650,3.0857620239257812
3,63660,3.225558280944824
3,63670,3.3691062927246094
3,63680,3.2911791801452637
3,63690,3.757826328277588
3,63700,3.2847514152526855
3,63710,3.372224807739258
3,63720,2.8566112518310547
3,63730,3.5399117469787598
3,63740,2.8714632987976074
3,63750,3.2151169776916504
3,63760,3.060999870300293
3,63770,2.8461029529571533
3,63780,2.886892557144165
3,63790,3.116574764251709
3,63800,2.9592437744140625
3,63810,3.3848071098327637
3,63820,2.851679563522339
3,63830,3.003859519958496
3,63840,2.706361770629883
3,63850,3.0386457443237305
3,63860,3.061354160308838
3,63870,3.1104536056518555
3,63880,3.3071041107177734
3,63890,3.313075065612793
3,63900,3.287562847137451
3,63910,3.5340418815612793
3,63920,2.7156295776367188
3,63930,3.325808048248291
3,63940,3.288186550140381
3,63950,3.640590190887451
3,63960,3.0765128135681152
3,63970,3.175621509552002
3,63980,3.2213432788848877
3,63990,2.6022515296936035
3,64000,2.7526473999023438
3,64010,2.8462579250335693
3,64020,3.049464225769043
3,64030,3.6198277473449707
3,64040,2.5452427864074707
3,64050,3.8916711807250977
3,64060,3.03520131111145
3,64070,3.57136869430542
3,64080,2.954437255859375
3,64090,3.0857152938842773
3,64100,2.9637632369995117
3,64110,3.1727375984191895
3,64120,3.128556251525879
3,64130,3.2486090660095215
3,64140,3.6509156227111816
3,64150,3.259409189224243
3,64160,3.1788229942321777
3,64170,3.0699691772460938
3,64180,3.2554397583007812
3,64190,2.8894906044006348
3,64200,2.8902902603149414
3,64210,3.0657103061676025
3,64220,3.405628204345703
3,64230,2.8387503623962402
3,64240,2.4115281105041504
3,64250,2.747128486633301
3,64260,3.193958282470703
3,64270,2.8576245307922363
3,64280,3.080103635787964
3,64290,3.2932827472686768
3,64300,3.576849937438965
3,64310,3.4146981239318848
3,64320,3.4183149337768555
3,64330,3.21195125579834
3,64340,3.3852553367614746
3,64350,3.0884804725646973
3,64360,3.2099432945251465
3,64370,3.200369358062744
3,64380,3.289189338684082
3,64390,3.0462803840637207
3,64400,3.35626220703125
3,64410,3.5817198753356934
3,64420,3.429823875427246
3,64430,2.984499454498291
3,64440,3.0535356998443604
3,64450,3.628695487976074
3,64460,3.4288649559020996
3,64470,2.6488587856292725
3,64480,3.006415605545044
3,64490,3.2009634971618652
3,64500,3.683077812194824
3,64510,2.5860586166381836
3,64520,3.3339338302612305
3,64530,2.9974894523620605
3,64540,3.1127233505249023
3,64550,3.1349680423736572
3,64560,2.94631290435791
3,64570,3.339293956756592
3,64580,3.172182083129883
3,64590,2.9870102405548096
3,64600,3.100689172744751
3,64610,3.6120967864990234
3,64620,3.321808338165283
3,64630,2.7201735973358154
3,64640,3.359037399291992
3,64650,3.3086700439453125
3,64660,3.188138008117676
3,64670,3.030860662460327
3,64680,2.9499287605285645
3,64690,3.110311508178711
3,64700,2.647235870361328
3,64710,3.1216001510620117
3,64720,3.7064859867095947
3,64730,3.6090831756591797
3,64740,3.181401014328003
3,64750,3.3231518268585205
3,64760,3.0615670680999756
3,64770,3.2363972663879395
3,64780,3.268979549407959
3,64790,3.3080921173095703
3,64800,2.797119140625
3,64810,2.873112440109253
3,64820,2.939826011657715
3,64830,2.878387451171875
3,64840,3.0806078910827637
3,64850,3.376333236694336
3,64860,3.2485671043395996
3,64870,3.0739896297454834
3,64880,3.095238447189331
3,64890,3.6803603172302246
3,64900,3.027048349380493
3,64910,3.042210578918457
3,64920,3.3760666847229004
3,64930,3.144304037094116
3,64940,3.047922134399414
3,64950,3.1620469093322754
3,64960,2.766601324081421
3,64970,3.5808420181274414
3,64980,3.271912097930908
3,64990,3.257248878479004
3,65000,3.085160255432129
3,65010,3.091571569442749
3,65020,3.812636375427246
3,65030,3.2299728393554688
3,65040,3.43442440032959
3,65050,3.5429000854492188
3,65060,2.505079507827759
3,65070,3.35608172416687
3,65080,3.7870068550109863
3,65090,2.7986948490142822
3,65100,3.409212589263916
3,65110,2.756239891052246
3,65120,2.9709057807922363
3,65130,2.768444776535034
3,65140,3.7520666122436523
3,65150,3.1564903259277344
3,65160,3.1879100799560547
3,65170,3.462327480316162
3,65180,3.6584362983703613
3,65190,3.375337600708008
3,65200,3.17041277885437
3,65210,2.8050498962402344
3,65220,3.388361692428589
3,65230,2.6077380180358887
3,65240,3.3178601264953613
3,65250,3.2886109352111816
3,65260,3.1653707027435303
3,65270,3.5348758697509766
3,65280,3.2403411865234375
3,65290,3.476303815841675
3,65300,3.0487804412841797
3,65310,3.1864185333251953
3,65320,3.1421661376953125
3,65330,3.2722561359405518
3,65340,3.813476085662842
3,65350,3.103194236755371
3,65360,2.6908891201019287
3,65370,3.0205330848693848
3,65380,2.952785015106201
3,65390,3.104965925216675
3,65400,3.2192230224609375
3,65410,2.924823045730591
3,65420,3.092654228210449
3,65430,3.2908525466918945
3,65440,3.074374198913574
3,65450,3.716066837310791
3,65460,3.034287214279175
3,65470,3.047429323196411
3,65480,2.714033842086792
3,65490,3.036686897277832
3,65500,3.1727101802825928
3,65510,2.961557388305664
3,65520,3.3096818923950195
3,65530,3.5765624046325684
3,65540,3.389112710952759
3,65550,3.4955573081970215
3,65560,2.534977912902832
3,65570,3.3663887977600098
3,65580,2.704257011413574
3,65590,2.6076200008392334
3,65600,2.9240212440490723
3,65610,3.2661733627319336
3,65620,3.2603025436401367
3,65630,3.0591201782226562
3,65640,3.0761749744415283
3,65650,2.7921342849731445
3,65660,3.1870932579040527
3,65670,3.246339797973633
3,65680,3.351261615753174
3,65690,3.3789901733398438
3,65700,3.436521530151367
3,65710,3.168632984161377
3,65720,3.0971758365631104
3,65730,3.2092361450195312
3,65740,3.096876382827759
3,65750,2.8930504322052
3,65760,3.565216541290283
3,65770,3.334918737411499
3,65780,2.737791061401367
3,65790,3.3807997703552246
3,65800,3.1327056884765625
3,65810,2.511357307434082
3,65820,2.9556009769439697
3,65830,3.0420618057250977
3,65840,3.3928909301757812
3,65850,3.207244396209717
3,65860,3.5984883308410645
3,65870,3.3709497451782227
3,65880,3.334041118621826
3,65890,3.2882766723632812
3,65900,3.155033588409424
3,65910,2.954942226409912
3,65920,3.0745043754577637
3,65930,3.4832992553710938
3,65940,2.9015748500823975
3,65950,3.352975368499756
3,65960,2.8707242012023926
3,65970,3.5187058448791504
3,65980,3.403714179992676
3,65990,3.2721219062805176
3,66000,3.622652292251587
3,66010,3.2398061752319336
3,66020,3.424659252166748
3,66030,2.816072940826416
3,66040,3.452606439590454
3,66050,3.7690279483795166
3,66060,3.0354480743408203
3,66070,3.25710391998291
3,66080,2.9104199409484863
3,66090,3.6801187992095947
3,66100,3.5586633682250977
3,66110,3.5800633430480957
3,66120,3.6406781673431396
3,66130,3.73524808883667
3,66140,3.1641268730163574
3,66150,3.1601614952087402
3,66160,3.2141926288604736
3,66170,3.4454503059387207
3,66180,3.8167500495910645
3,66190,3.9204318523406982
3,66200,2.984849452972412
3,66210,3.0116653442382812
3,66220,3.633324384689331
3,66230,2.854137420654297
3,66240,2.8013200759887695
3,66250,3.417923927307129
3,66260,3.3288116455078125
3,66270,3.2377190589904785
3,66280,3.1825528144836426
3,66290,2.907194137573242
3,66300,3.5291595458984375
3,66310,3.5882859230041504
3,66320,3.291027307510376
3,66330,3.4087677001953125
3,66340,2.929635763168335
3,66350,3.4755923748016357
3,66360,3.2871062755584717
3,66370,2.6882519721984863
3,66380,3.3755688667297363
3,66390,3.405498504638672
3,66400,3.485909938812256
3,66410,3.2243008613586426
3,66420,2.84205961227417
3,66430,3.139329433441162
3,66440,3.1296167373657227
3,66450,3.4517440795898438
3,66460,2.7098617553710938
3,66470,3.1232409477233887
3,66480,3.2001938819885254
3,66490,2.77480411529541
3,66500,2.9359734058380127
3,66510,3.844414710998535
3,66520,3.0780110359191895
3,66530,2.580822467803955
3,66540,2.9313573837280273
3,66550,2.6306471824645996
3,66560,3.856490135192871
3,66570,3.2095813751220703
3,66580,3.2269277572631836
3,66590,3.322591781616211
3,66600,3.1645278930664062
3,66610,2.501483917236328
3,66620,3.059605598449707
3,66630,2.523264169692993
3,66640,2.9220786094665527
3,66650,3.458082914352417
3,66660,3.6828694343566895
3,66670,2.9821887016296387
3,66680,3.5568342208862305
3,66690,2.703990936279297
3,66700,2.685070514678955
3,66710,3.1493380069732666
3,66720,3.5027313232421875
3,66730,2.931448459625244
3,66740,3.2641305923461914
3,66750,2.9229836463928223
3,66760,3.1499948501586914
3,66770,3.3708996772766113
3,66780,3.0067825317382812
3,66790,3.2955474853515625
3,66800,3.1718838214874268
3,66810,3.4265317916870117
3,66820,3.0063695907592773
3,66830,3.0114378929138184
3,66840,2.9269492626190186
3,66850,3.642277956008911
3,66860,3.4279098510742188
3,66870,3.734440803527832
3,66880,3.0631539821624756
3,66890,3.0769243240356445
3,66900,3.047187328338623
3,66910,3.242307424545288
3,66920,3.043362617492676
3,66930,2.729619026184082
3,66940,2.983036518096924
3,66950,3.0697412490844727
3,66960,3.164987087249756
3,66970,3.631168842315674
3,66980,3.191500186920166
3,66990,3.1998562812805176
3,67000,3.1010899543762207
3,67010,2.896782398223877
3,67020,3.3509411811828613
3,67030,3.276431083679199
3,67040,2.91131591796875
3,67050,3.137633800506592
3,67060,3.5339269638061523
3,67070,3.034273624420166
3,67080,2.957061290740967
3,67090,3.318288564682007
3,67100,3.528435707092285
3,67110,3.479330062866211
3,67120,3.2333908081054688
3,67130,3.0585291385650635
3,67140,2.8526153564453125
3,67150,3.134619951248169
3,67160,3.5210723876953125
3,67170,3.0778377056121826
3,67180,2.8258330821990967
3,67190,3.499359130859375
3,67200,3.5367555618286133
3,67210,3.111605167388916
3,67220,3.01851224899292
3,67230,3.4595589637756348
3,67240,2.9293136596679688
3,67250,3.5568552017211914
3,67260,3.4601526260375977
3,67270,3.3098678588867188
3,67280,3.5690555572509766
3,67290,3.4427523612976074
3,67300,3.287748336791992
3,67310,3.1296114921569824
3,67320,2.991774082183838
3,67330,3.308156967163086
3,67340,2.4167709350585938
3,67350,3.441995859146118
3,67360,2.861469268798828
3,67370,2.9677553176879883
3,67380,3.358379364013672
3,67390,3.2071995735168457
3,67400,3.3778011798858643
3,67410,2.910980701446533
3,67420,3.0546505451202393
3,67430,3.3182218074798584
3,67440,2.5937819480895996
3,67450,3.3904919624328613
3,67460,2.963071346282959
3,67470,3.117654800415039
3,67480,3.093811511993408
3,67490,3.5350844860076904
3,67500,3.519993782043457
3,67510,3.0505409240722656
3,67520,3.4076828956604004
3,67530,2.960606336593628
3,67540,3.247605323791504
3,67550,3.1424190998077393
3,67560,3.3014473915100098
3,67570,2.5941107273101807
3,67580,3.3348512649536133
3,67590,2.4272167682647705
3,67600,3.5987548828125
3,67610,2.871696949005127
3,67620,3.3090133666992188
3,67630,3.3712501525878906
3,67640,3.381600856781006
3,67650,3.2828783988952637
3,67660,3.561856985092163
3,67670,3.4747889041900635
3,67680,3.359041690826416
3,67690,2.9307239055633545
3,67700,2.915605306625366
3,67710,2.8321707248687744
3,67720,3.619507074356079
3,67730,2.4025936126708984
3,67740,2.6461057662963867
3,67750,2.7974483966827393
3,67760,2.89473295211792
3,67770,3.225743055343628
3,67780,3.32521390914917
3,67790,2.944640874862671
3,67800,3.85079288482666
3,67810,2.733896255493164
3,67820,3.1471738815307617
3,67830,3.498854398727417
3,67840,3.5074658393859863
3,67850,3.1696152687072754
3,67860,3.2440266609191895
3,67870,2.875305652618408
3,67880,2.598909854888916
3,67890,3.3596086502075195
3,67900,3.1968393325805664
3,67910,3.4281022548675537
3,67920,3.952326536178589
3,67930,2.792447805404663
3,67940,2.8208279609680176
3,67950,3.492511510848999
3,67960,3.542142868041992
3,67970,3.068856716156006
3,67980,3.2255911827087402
3,67990,3.623927116394043
3,68000,3.5064101219177246
3,68010,3.424126625061035
3,68020,3.4151666164398193
3,68030,3.4865689277648926
3,68040,3.1577272415161133
3,68050,2.958728313446045
3,68060,3.2233715057373047
3,68070,3.590970993041992
3,68080,3.422110080718994
3,68090,3.4005157947540283
3,68100,3.535098075866699
3,68110,3.20259165763855
3,68120,3.6296820640563965
3,68130,2.632214069366455
3,68140,2.466731071472168
3,68150,3.0694150924682617
3,68160,3.306945323944092
3,68170,3.625256299972534
3,68180,3.231231212615967
3,68190,3.0814623832702637
3,68200,3.3790535926818848
3,68210,3.07271146774292
3,68220,2.8638596534729004
3,68230,2.945385456085205
3,68240,2.9473752975463867
3,68250,2.924259662628174
3,68260,3.2824459075927734
3,68270,3.084312915802002
3,68280,2.8808531761169434
3,68290,3.311929225921631
3,68300,3.2508187294006348
3,68310,2.9664926528930664
3,68320,2.853299617767334
3,68330,3.59414005279541
3,68340,3.079906463623047
3,68350,3.1150240898132324
3,68360,3.700005531311035
3,68370,3.385410785675049
3,68380,3.89583683013916
3,68390,3.2104814052581787
3,68400,3.255967617034912
3,68410,2.641324281692505
3,68420,3.3602209091186523
3,68430,3.517441511154175
3,68440,3.2476091384887695
3,68450,3.047244071960449
3,68460,3.240575075149536
3,68470,3.8870387077331543
3,68480,3.390444755554199
3,68490,3.1479079723358154
3,68500,3.3249354362487793
3,68510,2.8325822353363037
3,68520,2.7887277603149414
3,68530,2.8218019008636475
3,68540,3.3524045944213867
3,68550,3.2576169967651367
3,68560,3.719501495361328
3,68570,3.2584340572357178
3,68580,3.1786365509033203
3,68590,3.2145423889160156
3,68600,3.650014877319336
3,68610,3.071589469909668
3,68620,3.094943046569824
3,68630,2.9214932918548584
3,68640,3.2116174697875977
3,68650,3.184617042541504
3,68660,3.199795961380005
3,68670,2.847092628479004
3,68680,3.0730926990509033
3,68690,3.541996955871582
3,68700,2.9145121574401855
3,68710,3.6188905239105225
3,68720,3.546877384185791
3,68730,2.823348045349121
3,68740,3.4370017051696777
3,68750,3.089794635772705
3,68760,3.0977225303649902
3,68770,3.3494644165039062
3,68780,3.3247554302215576
3,68790,3.2775492668151855
3,68800,3.43802547454834
3,68810,2.9329617023468018
3,68820,3.420196533203125
3,68830,3.259584903717041
3,68840,2.641749382019043
3,68850,3.3497304916381836
3,68860,3.0667319297790527
3,68870,2.7294249534606934
3,68880,3.14929461479187
3,68890,3.6283860206604004
3,68900,3.2100043296813965
3,68910,2.9934191703796387
3,68920,3.0878591537475586
3,68930,3.311840772628784
3,68940,2.8125839233398438
3,68950,3.0027947425842285
3,68960,2.8143491744995117
3,68970,3.2860589027404785
3,68980,3.3518929481506348
3,68990,2.9172139167785645
3,69000,2.9744532108306885
3,69010,3.4637129306793213
3,69020,3.2068581581115723
3,69030,3.1493825912475586
3,69040,3.1111624240875244
3,69050,2.939140796661377
3,69060,2.5924036502838135
3,69070,3.5571446418762207
3,69080,3.26161527633667
3,69090,3.57204532623291
3,69100,2.893662452697754
3,69110,3.0316317081451416
3,69120,3.526553153991699
3,69130,3.181957244873047
3,69140,3.358987808227539
3,69150,3.3146066665649414
3,69160,3.3799362182617188
3,69170,3.134223461151123
3,69180,3.120232105255127
3,69190,3.3610715866088867
3,69200,3.2623229026794434
3,69210,3.132359027862549
3,69220,3.1813364028930664
3,69230,3.4428911209106445
3,69240,2.970305919647217
3,69250,3.0024213790893555
3,69260,2.8379392623901367
3,69270,3.3404955863952637
3,69280,2.9908297061920166
3,69290,3.244354724884033
3,69300,2.9194159507751465
3,69310,2.977114677429199
3,69320,3.141084909439087
3,69330,3.129798412322998
3,69340,2.717498540878296
3,69350,2.7083628177642822
3,69360,2.9334325790405273
3,69370,3.0935137271881104
3,69380,2.96441650390625
3,69390,2.7062015533447266
3,69400,3.478076457977295
3,69410,2.848543882369995
3,69420,2.954570770263672
3,69430,3.3737893104553223
3,69440,3.512643337249756
3,69450,3.295287847518921
3,69460,3.988217830657959
3,69470,3.190387010574341
3,69480,3.158989429473877
3,69490,2.916701316833496
3,69500,3.463714122772217
3,69510,3.437096357345581
3,69520,3.0436549186706543
3,69530,3.3287906646728516
3,69540,3.448615074157715
3,69550,2.64369797706604
3,69560,2.7884464263916016
3,69570,2.8577399253845215
3,69580,3.259173631668091
3,69590,3.420675277709961
3,69600,2.458796501159668
3,69610,3.107262134552002
3,69620,3.347008466720581
3,69630,3.500321626663208
3,69640,3.6774516105651855
3,69650,3.3023195266723633
3,69660,3.413876533508301
3,69670,2.970574378967285
3,69680,2.9701361656188965
3,69690,3.4517440795898438
3,69700,3.0041861534118652
3,69710,2.979518413543701
3,69720,3.130115509033203
3,69730,2.9408726692199707
3,69740,3.897554397583008
3,69750,2.9271750450134277
3,69760,3.4929146766662598
3,69770,3.465949773788452
3,69780,3.217911720275879
3,69790,3.1255745887756348
3,69800,3.1076340675354004
3,69810,3.6745991706848145
3,69820,3.3790838718414307
3,69830,3.0141468048095703
3,69840,2.716475486755371
3,69850,2.538201093673706
3,69860,3.2788705825805664
3,69870,3.275886297225952
3,69880,2.885791540145874
3,69890,3.0536656379699707
3,69900,2.753763437271118
3,69910,3.330277919769287
3,69920,3.011962890625
3,69930,3.0754475593566895
3,69940,2.7841742038726807
3,69950,3.2423133850097656
3,69960,2.441659688949585
3,69970,3.2366867065429688
3,69980,3.291360378265381
3,69990,3.34622859954834
3,70000,2.5594756603240967
3,70010,3.3305649757385254
3,70020,3.903078317642212
3,70030,3.2948179244995117
3,70040,3.5045223236083984
3,70050,3.2028980255126953
3,70060,3.0144076347351074
3,70070,2.6440811157226562
3,70080,3.3400754928588867
3,70090,3.1640498638153076
3,70100,3.301449775695801
3,70110,3.592741012573242
3,70120,3.227051258087158
3,70130,3.1434836387634277
3,70140,3.353210926055908
3,70150,3.1676254272460938
3,70160,3.34597110748291
3,70170,3.260620355606079
3,70180,2.936079740524292
3,70190,3.4718334674835205
3,70200,2.690843343734741
3,70210,2.76381254196167
3,70220,2.927346706390381
3,70230,3.43658185005188
3,70240,3.3150084018707275
3,70250,2.9372644424438477
3,70260,3.2181098461151123
3,70270,3.6270904541015625
3,70280,3.2645325660705566
3,70290,3.3602819442749023
3,70300,3.0718283653259277
3,70310,3.283133029937744
3,70320,2.908357620239258
3,70330,3.4054465293884277
3,70340,3.338386058807373
3,70350,3.479525089263916
3,70360,3.21212100982666
3,70370,3.2636160850524902
3,70380,3.071577548980713
3,70390,3.239987850189209
3,70400,3.485769271850586
3,70410,3.06831693649292
3,70420,3.0766303539276123
3,70430,3.2264106273651123
3,70440,3.409771203994751
3,70450,3.277825355529785
3,70460,3.289213180541992
3,70470,3.3914754390716553
3,70480,3.204148054122925
3,70490,3.0756077766418457
3,70500,3.939634323120117
3,70510,3.62998104095459
3,70520,3.1316418647766113
3,70530,3.2646689414978027
3,70540,2.973771572113037
3,70550,3.090502977371216
3,70560,3.0462450981140137
3,70570,3.083949089050293
3,70580,3.0413942337036133
3,70590,2.8545451164245605
3,70600,2.940443992614746
3,70610,3.308777332305908
3,70620,3.2574496269226074
3,70630,2.9707865715026855
3,70640,3.2353954315185547
3,70650,3.464728832244873
3,70660,3.291795253753662
3,70670,3.024242401123047
3,70680,3.345824718475342
3,70690,3.605978488922119
3,70700,3.2264320850372314
3,70710,3.5119619369506836
3,70720,3.6307640075683594
3,70730,3.5936994552612305
3,70740,3.047258138656616
3,70750,3.410283088684082
3,70760,3.1126413345336914
3,70770,3.2809581756591797
3,70780,3.2961478233337402
3,70790,3.2384400367736816
3,70800,3.608098268508911
3,70810,3.8906283378601074
3,70820,2.951794147491455
3,70830,3.163033962249756
3,70840,3.4230594635009766
3,70850,3.331082820892334
3,70860,2.7792272567749023
3,70870,3.074477195739746
3,70880,3.407270669937134
3,70890,3.5946240425109863
3,70900,3.095670461654663
3,70910,3.194017171859741
3,70920,3.1403961181640625
3,70930,3.4639575481414795
3,70940,2.711465358734131
3,70950,2.860942840576172
3,70960,2.8685593605041504
3,70970,3.083333969116211
3,70980,3.6084794998168945
3,70990,3.781928300857544
3,71000,3.028810501098633
3,71010,2.910097599029541
3,71020,3.274062395095825
3,71030,2.993821144104004
3,71040,3.098087787628174
3,71050,3.109483242034912
3,71060,3.4826598167419434
3,71070,3.240222454071045
3,71080,3.029325008392334
3,71090,3.2106473445892334
3,71100,3.531592845916748
3,71110,3.56722354888916
3,71120,3.471813440322876
3,71130,3.2229321002960205
3,71140,2.912975788116455
3,71150,2.8412702083587646
3,71160,3.4404449462890625
3,71170,3.859734058380127
3,71180,3.0422353744506836
3,71190,3.1738290786743164
3,71200,3.653282642364502
3,71210,2.8384923934936523
3,71220,3.3848583698272705
3,71230,3.6694464683532715
3,71240,3.2903919219970703
3,71250,3.1121721267700195
3,71260,2.955883264541626
3,71270,2.984736919403076
3,71280,2.6822381019592285
3,71290,2.9967353343963623
3,71300,3.399507999420166
3,71310,3.2442822456359863
3,71320,2.509654998779297
3,71330,3.2526347637176514
3,71340,3.2640035152435303
3,71350,3.7306787967681885
3,71360,2.9772486686706543
3,71370,3.4659547805786133
3,71380,3.8577895164489746
3,71390,3.1033568382263184
3,71400,3.088344097137451
3,71410,2.828394651412964
3,71420,2.951753616333008
3,71430,3.35408353805542
3,71440,2.938483238220215
3,71450,2.711472511291504
3,71460,3.458731174468994
3,71470,3.1702566146850586
3,71480,3.3816723823547363
3,71490,3.1682519912719727
3,71500,2.8368048667907715
3,71510,3.48557710647583
3,71520,2.9933812618255615
3,71530,2.9915738105773926
3,71540,3.682870864868164
3,71550,3.0892062187194824
3,71560,3.206157684326172
3,71570,3.1419026851654053
3,71580,3.2825684547424316
3,71590,3.3102588653564453
3,71600,3.508882761001587
3,71610,2.718158721923828
3,71620,3.015040397644043
3,71630,3.144622325897217
3,71640,3.206171989440918
3,71650,2.9537153244018555
3,71660,2.760991334915161
3,71670,3.3337948322296143
3,71680,3.2782516479492188
3,71690,3.218681812286377
3,71700,2.9878087043762207
3,71710,3.6137685775756836
3,71720,2.914125442504883
3,71730,3.3561010360717773
3,71740,3.0284390449523926
3,71750,3.387392282485962
3,71760,2.933974266052246
3,71770,3.162848949432373
3,71780,3.079202175140381
3,71790,3.135438919067383
3,71800,3.1790287494659424
3,71810,3.2785630226135254
3,71820,2.554447650909424
3,71830,3.0609757900238037
3,71840,3.3433127403259277
3,71850,2.8921196460723877
3,71860,3.139324188232422
3,71870,2.989612579345703
3,71880,3.130603313446045
3,71890,3.046199321746826
3,71900,3.1297454833984375
3,71910,3.0307765007019043
3,71920,3.1512928009033203
3,71930,3.208714008331299
3,71940,3.3802125453948975
3,71950,3.4986801147460938
3,71960,3.108092784881592
3,71970,3.3931021690368652
3,71980,3.018612861633301
3,71990,3.5203468799591064
3,72000,3.149958848953247
3,72010,3.1716623306274414
3,72020,2.9547417163848877
3,72030,3.3398020267486572
3,72040,3.08943510055542
3,72050,3.2226788997650146
3,72060,2.84332275390625
3,72070,3.674013376235962
3,72080,3.115917682647705
3,72090,3.274846076965332
3,72100,3.191547393798828
3,72110,3.2401089668273926
3,72120,3.518301486968994
3,72130,3.054067373275757
3,72140,3.615058183670044
3,72150,3.3386611938476562
3,72160,2.7538533210754395
3,72170,3.5910754203796387
3,72180,3.4285712242126465
3,72190,3.1365065574645996
3,72200,3.1822991371154785
3,72210,3.1251156330108643
3,72220,3.105408191680908
3,72230,3.094628095626831
3,72240,3.0029773712158203
3,72250,3.0691351890563965
3,72260,3.245199680328369
3,72270,2.985602378845215
3,72280,3.4782776832580566
3,72290,2.7451915740966797
3,72300,2.652353286743164
3,72310,3.0382297039031982
3,72320,3.1203579902648926
3,72330,3.1154890060424805
3,72340,3.59995698928833
3,72350,3.3625411987304688
3,72360,3.2365214824676514
3,72370,3.6692943572998047
3,72380,2.6646952629089355
3,72390,2.930335283279419
3,72400,3.035555839538574
3,72410,2.9315059185028076
3,72420,3.17136812210083
3,72430,2.7937893867492676
3,72440,2.745633840560913
3,72450,3.0832200050354004
3,72460,2.96382999420166
3,72470,3.272430181503296
3,72480,3.181959390640259
3,72490,2.9822402000427246
3,72500,3.644855499267578
3,72510,2.9659423828125
3,72520,2.737480640411377
3,72530,3.383967399597168
3,72540,2.5696072578430176
3,72550,3.2059268951416016
3,72560,3.4364945888519287
3,72570,4.100711822509766
3,72580,2.6159141063690186
3,72590,3.231064796447754
3,72600,2.5567288398742676
3,72610,3.1495580673217773
3,72620,2.86694598197937
3,72630,2.977682113647461
3,72640,3.251854419708252
3,72650,3.5542378425598145
3,72660,3.0019054412841797
3,72670,3.3734216690063477
3,72680,2.5835418701171875
3,72690,3.18937349319458
3,72700,2.924136161804199
3,72710,3.0292117595672607
3,72720,2.6670145988464355
3,72730,3.540238618850708
3,72740,3.7476730346679688
3,72750,3.1532111167907715
3,72760,2.679865598678589
3,72770,3.9495792388916016
3,72780,3.113070011138916
3,72790,3.0402135848999023
3,72800,3.520048141479492
3,72810,3.05338978767395
3,72820,3.1901607513427734
3,72830,3.1341896057128906
3,72840,3.109860897064209
3,72850,3.365501642227173
3,72860,3.143646240234375
3,72870,3.2300338745117188
3,72880,3.3485770225524902
3,72890,2.8672566413879395
3,72900,3.1974689960479736
3,72910,3.4931137561798096
3,72920,3.1138811111450195
3,72930,2.9217991828918457
3,72940,3.2802882194519043
3,72950,3.3739986419677734
3,72960,3.5732474327087402
3,72970,3.275463104248047
3,72980,3.4868173599243164
3,72990,3.658095359802246
3,73000,2.8941144943237305
3,73010,3.235621452331543
3,73020,2.7582364082336426
3,73030,3.650264024734497
3,73040,3.0932812690734863
3,73050,3.8371386528015137
3,73060,3.3760733604431152
3,73070,3.134215831756592
3,73080,3.022531032562256
3,73090,3.438575029373169
3,73100,3.3993477821350098
3,73110,3.3392186164855957
3,73120,3.7402024269104004
3,73130,3.006380558013916
3,73140,3.1547861099243164
3,73150,3.114384889602661
3,73160,3.6742758750915527
3,73170,2.587235927581787
3,73180,3.02494215965271
3,73190,3.255824565887451
3,73200,2.765307903289795
3,73210,3.0367801189422607
3,73220,2.8677875995635986
3,73230,2.8908557891845703
3,73240,3.4779295921325684
3,73250,2.8080925941467285
3,73260,2.6028525829315186
3,73270,3.19647216796875
3,73280,2.720541000366211
3,73290,2.9109020233154297
3,73300,2.747530937194824
3,73310,3.4290003776550293
3,73320,3.013937473297119
3,73330,3.8343136310577393
3,73340,3.2500698566436768
3,73350,3.051191806793213
3,73360,2.8627243041992188
3,73370,3.0991785526275635
3,73380,3.404541015625
3,73390,3.2240004539489746
3,73400,3.1143836975097656
3,73410,3.4108104705810547
3,73420,3.190997362136841
3,73430,3.015855073928833
3,73440,2.709789752960205
3,73450,3.3688199520111084
3,73460,3.2531919479370117
3,73470,3.367886543273926
3,73480,3.33732271194458
3,73490,2.9123568534851074
3,73500,3.2158186435699463
3,73510,2.8942198753356934
3,73520,2.898902654647827
3,73530,3.3794655799865723
3,73540,3.071755886077881
3,73550,3.7331881523132324
3,73560,2.7982077598571777
3,73570,3.5071563720703125
3,73580,3.0116140842437744
3,73590,3.156463146209717
3,73600,3.4421772956848145
3,73610,3.5165021419525146
3,73620,3.5090298652648926
3,73630,3.0643670558929443
3,73640,3.6989893913269043
3,73650,3.4787144660949707
3,73660,3.3219385147094727
3,73670,3.1604323387145996
3,73680,3.1904501914978027
3,73690,3.154876708984375
3,73700,3.896805763244629
3,73710,3.0596137046813965
3,73720,2.4638218879699707
3,73730,3.357698917388916
3,73740,2.973923444747925
3,73750,2.9036693572998047
3,73760,2.457064628601074
3,73770,2.849019765853882
3,73780,3.6672677993774414
3,73790,3.291025161743164
3,73800,3.0094518661499023
3,73810,3.28749942779541
3,73820,3.24299955368042
3,73830,3.4366040229797363
3,73840,3.069167137145996
3,73850,2.4493489265441895
3,73860,2.887331008911133
3,73870,3.1327109336853027
3,73880,3.7821531295776367
3,73890,3.157661199569702
3,73900,3.4089434146881104
3,73910,2.981898069381714
3,73920,3.304305076599121
3,73930,3.1460061073303223
3,73940,3.5170059204101562
3,73950,3.044107437133789
3,73960,3.223909854888916
3,73970,3.2670443058013916
3,73980,2.6552820205688477
3,73990,3.461408853530884
3,74000,3.11759614944458
3,74010,3.022958755493164
3,74020,2.8802287578582764
3,74030,2.9627838134765625
3,74040,2.8012259006500244
3,74050,3.401947021484375
3,74060,3.5933799743652344
3,74070,3.0314862728118896
3,74080,3.22279691696167
3,74090,3.132641077041626
3,74100,3.05220627784729
3,74110,3.8382508754730225
3,74120,2.720658540725708
3,74130,2.9771838188171387
3,74140,2.8565304279327393
3,74150,2.7431797981262207
3,74160,3.4874463081359863
3,74170,2.7718276977539062
3,74180,3.8936493396759033
3,74190,3.292844295501709
3,74200,3.261105537414551
3,74210,3.3670339584350586
3,74220,3.0661654472351074
3,74230,2.8365888595581055
3,74240,3.3671133518218994
3,74250,3.188300132751465
3,74260,3.4780054092407227
3,74270,2.947312355041504
3,74280,3.4222488403320312
3,74290,2.902092456817627
3,74300,3.0126333236694336
3,74310,3.0251352787017822
3,74320,2.9921984672546387
3,74330,3.534280776977539
3,74340,3.1233408451080322
3,74350,2.8370723724365234
3,74360,3.241335153579712
3,74370,3.5235159397125244
3,74380,3.1120564937591553
3,74390,3.722033977508545
3,74400,3.5616509914398193
3,74410,3.202158212661743
3,74420,3.336639404296875
3,74430,2.94968318939209
3,74440,2.6908764839172363
3,74450,3.001011610031128
3,74460,3.5674233436584473
3,74470,3.227571725845337
3,74480,3.03959321975708
3,74490,3.3745055198669434
3,74500,3.0016164779663086
3,74510,3.2413034439086914
3,74520,3.105714797973633
3,74530,3.9932456016540527
3,74540,3.0733554363250732
3,74550,3.046985626220703
3,74560,3.317186117172241
3,74570,2.6442575454711914
3,74580,2.8512678146362305
3,74590,2.994305372238159
3,74600,3.4648239612579346
3,74610,3.2267136573791504
3,74620,2.634822130203247
3,74630,2.928004264831543
3,74640,2.7318224906921387
3,74650,2.9506797790527344
3,74660,3.0807344913482666
3,74670,3.4253532886505127
3,74680,3.009359836578369
3,74690,3.428023338317871
3,74700,3.251455783843994
3,74710,3.365354061126709
3,74720,3.2914772033691406
3,74730,3.0356040000915527
3,74740,3.199902057647705
3,74750,3.371218204498291
3,74760,3.076113224029541
3,74770,3.634324550628662
3,74780,3.67301082611084
3,74790,3.6599292755126953
3,74800,3.3578219413757324
3,74810,3.693390130996704
3,74820,3.3137640953063965
3,74830,2.7758944034576416
3,74840,3.3024182319641113
3,74850,2.953810691833496
3,74860,3.698918342590332
3,74870,2.784468173980713
3,74880,3.707256317138672
3,74890,3.1021509170532227
3,74900,3.062934398651123
3,74910,3.7372162342071533
3,74920,3.1720290184020996
3,74930,3.1650662422180176
3,74940,3.5496134757995605
3,74950,3.115920066833496
3,74960,3.0443215370178223
3,74970,2.750868558883667
3,74980,2.805741310119629
3,74990,3.054238796234131
3,75000,3.006420373916626
3,75010,2.6387734413146973
3,75020,2.4770514965057373
3,75030,2.742133617401123
3,75040,3.4329919815063477
3,75050,2.7675676345825195
3,75060,3.327202081680298
3,75070,2.8890819549560547
3,75080,3.796924591064453
3,75090,3.057109832763672
3,75100,3.285397529602051
3,75110,3.8902082443237305
3,75120,3.483912944793701
3,75130,3.5142359733581543
3,75140,3.064970016479492
3,75150,3.330672025680542
3,75160,3.47859525680542
3,75170,3.30696702003479
3,75180,3.0927772521972656
3,75190,3.505520820617676
3,75200,3.1577329635620117
3,75210,3.515646457672119
3,75220,3.0517053604125977
3,75230,3.939730167388916
3,75240,2.7512850761413574
3,75250,2.9706249237060547
3,75260,3.7943115234375
3,75270,3.3385519981384277
3,75280,3.199944019317627
3,75290,2.942903518676758
3,75300,3.280531644821167
3,75310,3.1117095947265625
3,75320,3.2257471084594727
3,75330,3.2936582565307617
3,75340,2.8011298179626465
3,75350,3.4227309226989746
3,75360,3.514927387237549
3,75370,3.4795751571655273
3,75380,3.288303852081299
3,75390,3.3543076515197754
3,75400,2.9087719917297363
3,75410,3.0926032066345215
3,75420,3.149876832962036
3,75430,2.784517288208008
3,75440,3.236558437347412
3,75450,2.931673526763916
3,75460,2.8679027557373047
3,75470,3.293715238571167
3,75480,2.98665452003479
3,75490,3.0405936241149902
3,75500,3.0222411155700684
3,75510,3.5246403217315674
3,75520,2.957101583480835
3,75530,3.8992881774902344
3,75540,2.9330685138702393
3,75550,3.3181562423706055
3,75560,3.2156314849853516
3,75570,2.9998464584350586
3,75580,3.1416916847229004
3,75590,3.178875684738159
3,75600,2.915426254272461
3,75610,3.2951645851135254
3,75620,3.3313980102539062
3,75630,3.391104221343994
3,75640,2.7313661575317383
3,75650,2.7687172889709473
3,75660,3.261446952819824
3,75670,3.1089959144592285
3,75680,4.028698921203613
3,75690,2.9959402084350586
3,75700,2.9556736946105957
3,75710,3.0122158527374268
3,75720,3.166163444519043
3,75730,3.221937656402588
3,75740,3.3155605792999268
3,75750,2.854004383087158
3,75760,2.979604482650757
3,75770,3.0672082901000977
3,75780,2.9103751182556152
3,75790,3.031540870666504
3,75800,3.152702808380127
3,75810,3.2102298736572266
3,75820,2.6831133365631104
3,75830,3.246108293533325
3,75840,2.6907777786254883
3,75850,3.1597647666931152
3,75860,3.4202632904052734
3,75870,3.4669580459594727
3,75880,3.0517754554748535
3,75890,4.17307186126709
3,75900,3.2240939140319824
3,75910,3.699103355407715
3,75920,3.8295812606811523
3,75930,3.9291458129882812
3,75940,2.585503101348877
3,75950,3.116250514984131
3,75960,3.5144622325897217
3,75970,2.71553897857666
3,75980,2.6366100311279297
3,75990,3.435885429382324
3,76000,3.4153380393981934
3,76010,3.3923778533935547
3,76020,3.0244574546813965
3,76030,2.9584507942199707
3,76040,3.3868327140808105
3,76050,2.8712615966796875
3,76060,3.1455652713775635
3,76070,2.4553892612457275
3,76080,3.471825122833252
3,76090,3.4046006202697754
3,76100,3.4104690551757812
3,76110,3.2588706016540527
3,76120,3.3260035514831543
3,76130,3.213925361633301
3,76140,2.834050416946411
3,76150,3.5556511878967285
3,76160,3.7040398120880127
3,76170,3.2135555744171143
3,76180,3.243544578552246
3,76190,3.1235451698303223
3,76200,2.8788108825683594
3,76210,3.6393330097198486
3,76220,2.5034594535827637
3,76230,3.519073486328125
3,76240,3.433347702026367
3,76250,2.5546653270721436
3,76260,3.193697929382324
3,76270,2.7197442054748535
3,76280,3.2986927032470703
3,76290,3.251774787902832
3,76300,3.562446117401123
3,76310,3.3522911071777344
3,76320,2.6588687896728516
3,76330,3.4841463565826416
3,76340,3.475696563720703
3,76350,2.832789897918701
3,76360,3.029061794281006
3,76370,3.0995306968688965
3,76380,3.360442638397217
3,76390,3.66863751411438
3,76400,3.7954983711242676
3,76410,2.9523277282714844
3,76420,2.5642852783203125
3,76430,3.0333919525146484
3,76440,3.3104872703552246
3,76450,3.0666327476501465
3,76460,2.7507669925689697
3,76470,2.919844150543213
3,76480,3.2156100273132324
3,76490,3.5496127605438232
3,76500,2.9694595336914062
3,76510,2.5773561000823975
3,76520,3.4470744132995605
3,76530,3.074995517730713
3,76540,2.903623580932617
3,76550,3.618027687072754
3,76560,3.055877923965454
3,76570,2.9640884399414062
3,76580,3.061616897583008
3,76590,3.165769577026367
3,76600,2.884730339050293
3,76610,3.1666500568389893
3,76620,3.5840487480163574
3,76630,3.577866792678833
3,76640,3.0350236892700195
3,76650,3.571091413497925
3,76660,2.922231674194336
3,76670,2.9906392097473145
3,76680,2.9646921157836914
3,76690,2.8944091796875
3,76700,2.544786214828491
3,76710,3.417834758758545
3,76720,3.0914454460144043
3,76730,3.537911891937256
3,76740,3.544602394104004
3,76750,2.9809772968292236
3,76760,3.103422164916992
3,76770,2.8703675270080566
3,76780,3.1090633869171143
3,76790,3.2747979164123535
3,76800,3.737269401550293
3,76810,3.312045097351074
3,76820,3.1287894248962402
3,76830,2.9516119956970215
3,76840,3.3125033378601074
3,76850,3.3558452129364014
3,76860,2.8992154598236084
3,76870,3.1540870666503906
3,76880,3.1888468265533447
3,76890,3.0730786323547363
3,76900,3.439727783203125
3,76910,2.6228249073028564
3,76920,3.1194260120391846
3,76930,3.556581735610962
3,76940,3.1042747497558594
3,76950,2.745530128479004
3,76960,3.147274971008301
3,76970,3.5524158477783203
3,76980,3.400449752807617
3,76990,3.1940999031066895
3,77000,3.783604621887207
3,77010,3.414885997772217
3,77020,2.930983781814575
3,77030,3.640583038330078
3,77040,3.596230983734131
3,77050,2.793363571166992
3,77060,3.398939609527588
3,77070,2.946845054626465
3,77080,3.766723394393921
3,77090,3.023578643798828
3,77100,2.733180046081543
3,77110,3.7061147689819336
3,77120,3.375661849975586
3,77130,3.633225679397583
3,77140,2.8779850006103516
4,77150,3.6478867530822754
4,77160,3.139380693435669
4,77170,2.7299857139587402
4,77180,2.854193687438965
4,77190,3.4263534545898438
4,77200,3.2242724895477295
4,77210,3.0796618461608887
4,77220,2.9317595958709717
4,77230,3.1640005111694336
4,77240,3.6541543006896973
4,77250,3.4285669326782227
4,77260,3.202510356903076
4,77270,3.332507610321045
4,77280,3.3457040786743164
4,77290,3.37773060798645
4,77300,3.756661891937256
4,77310,3.3335821628570557
4,77320,3.022136926651001
4,77330,3.2959952354431152
4,77340,2.627511978149414
4,77350,3.205778121948242
4,77360,3.548719644546509
4,77370,3.5463461875915527
4,77380,3.5473361015319824
4,77390,2.9970006942749023
4,77400,2.529456615447998
4,77410,3.456362009048462
4,77420,3.125964641571045
4,77430,2.983593225479126
4,77440,3.319368839263916
4,77450,2.5947482585906982
4,77460,3.2895727157592773
4,77470,3.3456931114196777
4,77480,3.403930187225342
4,77490,2.9409384727478027
4,77500,3.259772300720215
4,77510,2.931659698486328
4,77520,3.2896499633789062
4,77530,2.783038377761841
4,77540,2.922107219696045
4,77550,3.094189167022705
4,77560,3.213944673538208
4,77570,3.0474748611450195
4,77580,3.637643575668335
4,77590,3.3960189819335938
4,77600,3.0674633979797363
4,77610,3.474046230316162
4,77620,3.4343833923339844
4,77630,2.7301602363586426
4,77640,3.290731430053711
4,77650,3.576059579849243
4,77660,3.4046010971069336
4,77670,3.512155294418335
4,77680,3.2836484909057617
4,77690,2.9928503036499023
4,77700,3.462972640991211
4,77710,2.9976613521575928
4,77720,3.337937355041504
4,77730,2.6231369972229004
4,77740,3.0523204803466797
4,77750,2.940304756164551
4,77760,4.068063735961914
4,77770,3.085866928100586
4,77780,3.436044931411743
4,77790,3.313516616821289
4,77800,3.3289031982421875
4,77810,3.2853431701660156
4,77820,3.0316007137298584
4,77830,2.998847723007202
4,77840,3.381746292114258
4,77850,3.104318380355835
4,77860,2.8265223503112793
4,77870,3.0353336334228516
4,77880,3.0172650814056396
4,77890,2.756645679473877
4,77900,3.2360291481018066
4,77910,3.346541404724121
4,77920,3.394261360168457
4,77930,3.5007691383361816
4,77940,2.8457860946655273
4,77950,3.0751709938049316
4,77960,3.1435515880584717
4,77970,2.809072971343994
4,77980,3.065275192260742
4,77990,3.3527841567993164
4,78000,2.82173228263855
4,78010,3.4834604263305664
4,78020,3.266739845275879
4,78030,2.8219635486602783
4,78040,3.2450315952301025
4,78050,3.1265687942504883
4,78060,3.433958053588867
4,78070,3.2377641201019287
4,78080,2.904327392578125
4,78090,3.549982786178589
4,78100,3.2881054878234863
4,78110,3.2397470474243164
4,78120,3.134528160095215
4,78130,3.1369786262512207
4,78140,2.751641035079956
4,78150,3.003613233566284
4,78160,2.891610622406006
4,78170,2.867617130279541
4,78180,3.0247278213500977
4,78190,3.2002391815185547
4,78200,3.1100831031799316
4,78210,2.925676107406616
4,78220,2.908762216567993
4,78230,3.4479289054870605
4,78240,2.8160228729248047
4,78250,3.1029605865478516
4,78260,3.5660324096679688
4,78270,3.4543111324310303
4,78280,3.1377129554748535
4,78290,3.477321147918701
4,78300,2.679762840270996
4,78310,2.6379988193511963
4,78320,2.9014148712158203
4,78330,3.134188652038574
4,78340,3.1241166591644287
4,78350,2.9696364402770996
4,78360,3.842128276824951
4,78370,3.163020133972168
4,78380,3.45908260345459
4,78390,3.169076919555664
4,78400,3.472097158432007
4,78410,3.493457794189453
4,78420,2.788393020629883
4,78430,3.0049920082092285
4,78440,3.732469320297241
4,78450,3.1335039138793945
4,78460,3.3537607192993164
4,78470,2.899343490600586
4,78480,3.1457018852233887
4,78490,3.098782539367676
4,78500,3.0461807250976562
4,78510,2.9930312633514404
4,78520,3.0377602577209473
4,78530,3.534881114959717
4,78540,3.4558486938476562
4,78550,3.2323601245880127
4,78560,3.185197353363037
4,78570,3.213813304901123
4,78580,2.8254995346069336
4,78590,2.995856761932373
4,78600,2.7025794982910156
4,78610,3.3479981422424316
4,78620,3.5291664600372314
4,78630,2.872086524963379
4,78640,3.462202310562134
4,78650,2.847888946533203
4,78660,3.2800917625427246
4,78670,2.6816978454589844
4,78680,3.1278133392333984
4,78690,3.343998908996582
4,78700,2.9929165840148926
4,78710,2.9743547439575195
4,78720,3.112088441848755
4,78730,3.3580074310302734
4,78740,3.9123802185058594
4,78750,3.1202282905578613
4,78760,3.2220675945281982
4,78770,3.099513053894043
4,78780,3.5132997035980225
4,78790,3.305668830871582
4,78800,3.288111686706543
4,78810,3.214430809020996
4,78820,2.9853625297546387
4,78830,3.0597925186157227
4,78840,3.1438231468200684
4,78850,3.5955159664154053
4,78860,2.918665647506714
4,78870,3.492349147796631
4,78880,2.812344551086426
4,78890,3.479114532470703
4,78900,3.7911410331726074
4,78910,3.504884719848633
4,78920,3.507754325866699
4,78930,3.201491355895996
4,78940,3.787317991256714
4,78950,3.2147600650787354
4,78960,3.4214720726013184
4,78970,2.9976069927215576
4,78980,2.885453701019287
4,78990,3.0784575939178467
4,79000,2.6545965671539307
4,79010,3.379514455795288
4,79020,3.4051666259765625
4,79030,3.4180283546447754
4,79040,3.2979516983032227
4,79050,3.3292741775512695
4,79060,3.1988439559936523
4,79070,3.164663314819336
4,79080,3.346367120742798
4,79090,3.0175135135650635
4,79100,3.223781108856201
4,79110,3.542253017425537
4,79120,3.358393669128418
4,79130,3.444453716278076
4,79140,3.2898669242858887
4,79150,3.7402100563049316
4,79160,3.293670177459717
4,79170,3.1875715255737305
4,79180,3.1812546253204346
4,79190,2.827805995941162
4,79200,3.36149263381958
4,79210,3.1275296211242676
4,79220,3.2325568199157715
4,79230,3.516726016998291
4,79240,3.148909091949463
4,79250,3.2267327308654785
4,79260,2.9247679710388184
4,79270,3.040980339050293
4,79280,3.4435043334960938
4,79290,3.5259430408477783
4,79300,3.05684757232666
4,79310,2.8421058654785156
4,79320,3.4230048656463623
4,79330,3.225675582885742
4,79340,3.295715093612671
4,79350,3.002774715423584
4,79360,3.1432061195373535
4,79370,3.35151743888855
4,79380,3.296848773956299
4,79390,2.8307301998138428
4,79400,2.439761161804199
4,79410,3.424926519393921
4,79420,2.4875311851501465
4,79430,3.463075876235962
4,79440,3.0506863594055176
4,79450,3.0125813484191895
4,79460,3.2315406799316406
4,79470,2.7377796173095703
4,79480,3.2895264625549316
4,79490,3.1091971397399902
4,79500,3.2366461753845215
4,79510,3.2943568229675293
4,79520,3.281717300415039
4,79530,3.208544969558716
4,79540,3.178929328918457
4,79550,3.2620365619659424
4,79560,2.800057888031006
4,79570,2.6126184463500977
4,79580,3.6939010620117188
4,79590,3.211729049682617
4,79600,3.760545253753662
4,79610,3.4042775630950928
4,79620,3.134394884109497
4,79630,2.765183448791504
4,79640,2.490529775619507
4,79650,2.6689300537109375
4,79660,3.1437854766845703
4,79670,3.6315600872039795
4,79680,3.2597150802612305
4,79690,3.566892147064209
4,79700,2.654043674468994
4,79710,3.257181167602539
4,79720,2.917490005493164
4,79730,3.3755335807800293
4,79740,3.2910420894622803
4,79750,3.1475014686584473
4,79760,3.115478515625
4,79770,3.2251172065734863
4,79780,3.6566474437713623
4,79790,3.3208677768707275
4,79800,2.9364097118377686
4,79810,3.432783603668213
4,79820,3.07924747467041
4,79830,3.45739483833313
4,79840,3.040931224822998
4,79850,3.555647850036621
4,79860,3.384963035583496
4,79870,3.7319047451019287
4,79880,3.3854641914367676
4,79890,3.2768638134002686
4,79900,3.41937255859375
4,79910,3.028306484222412
4,79920,3.735210418701172
4,79930,3.241042375564575
4,79940,3.5769271850585938
4,79950,3.4120936393737793
4,79960,3.153986930847168
4,79970,3.6286654472351074
4,79980,3.616166353225708
4,79990,3.5493648052215576
4,80000,3.2357664108276367
4,80010,3.002772331237793
4,80020,2.985985279083252
4,80030,3.556580066680908
4,80040,3.2015457153320312
4,80050,3.083406448364258
4,80060,2.8537468910217285
4,80070,2.9648141860961914
4,80080,2.7167649269104004
4,80090,2.964999198913574
4,80100,2.9235589504241943
4,80110,3.5346784591674805
4,80120,2.796006202697754
4,80130,2.333230972290039
4,80140,2.721341133117676
4,80150,3.2453136444091797
4,80160,2.7804479598999023
4,80170,3.4612812995910645
4,80180,2.9596352577209473
4,80190,2.8547627925872803
4,80200,3.0867671966552734
4,80210,3.3523268699645996
4,80220,3.3412067890167236
4,80230,2.5258548259735107
4,80240,3.125199317932129
4,80250,2.829495906829834
4,80260,3.3379576206207275
4,80270,3.4270434379577637
4,80280,2.574209213256836
4,80290,2.888436794281006
4,80300,2.90018367767334
4,80310,2.9069414138793945
4,80320,2.40494441986084
4,80330,2.7389845848083496
4,80340,2.9660067558288574
4,80350,3.3143529891967773
4,80360,2.2921605110168457
4,80370,3.257680892944336
4,80380,2.727980136871338
4,80390,3.2669265270233154
4,80400,2.9226531982421875
4,80410,3.286546230316162
4,80420,3.001645803451538
4,80430,3.5344066619873047
4,80440,3.0722198486328125
4,80450,3.183793544769287
4,80460,3.162838935852051
4,80470,2.9966399669647217
4,80480,2.6382100582122803
4,80490,3.064394950866699
4,80500,3.079420566558838
4,80510,2.765566349029541
4,80520,3.491208791732788
4,80530,2.967721462249756
4,80540,3.211056709289551
4,80550,2.722283363342285
4,80560,3.1981167793273926
4,80570,2.718472719192505
4,80580,2.9479176998138428
4,80590,3.316689968109131
4,80600,2.5209083557128906
4,80610,3.1520349979400635
4,80620,2.8250017166137695
4,80630,3.0638389587402344
4,80640,2.632417678833008
4,80650,2.814220905303955
4,80660,3.539862632751465
4,80670,3.379573345184326
4,80680,3.0695533752441406
4,80690,2.9548892974853516
4,80700,2.7072157859802246
4,80710,3.1369826793670654
4,80720,3.5913748741149902
4,80730,2.844519853591919
4,80740,2.4147894382476807
4,80750,2.6105966567993164
4,80760,2.6738953590393066
4,80770,3.1310863494873047
4,80780,2.9652068614959717
4,80790,3.193589210510254
4,80800,2.948657989501953
4,80810,3.576902389526367
4,80820,3.6604740619659424
4,80830,3.0788888931274414
4,80840,2.786144733428955
4,80850,2.7845797538757324
4,80860,2.8309824466705322
4,80870,3.130979537963867
4,80880,3.3754327297210693
4,80890,3.0638606548309326
4,80900,2.3720645904541016
4,80910,2.957573890686035
4,80920,3.0851917266845703
4,80930,2.79227352142334
4,80940,3.1526341438293457
4,80950,2.927001714706421
4,80960,2.974278450012207
4,80970,3.4506115913391113
4,80980,3.1997671127319336
4,80990,3.240100860595703
4,81000,2.7206687927246094
4,81010,3.2584176063537598
4,81020,3.05289626121521
4,81030,3.1977834701538086
4,81040,3.3536736965179443
4,81050,3.082883596420288
4,81060,3.0316827297210693
4,81070,3.2399301528930664
4,81080,3.016179084777832
4,81090,3.122776985168457
4,81100,2.659186363220215
4,81110,2.99832820892334
4,81120,2.4814205169677734
4,81130,3.389336585998535
4,81140,2.5684890747070312
4,81150,2.7595179080963135
4,81160,3.0697875022888184
4,81170,2.7210280895233154
4,81180,3.6729397773742676
4,81190,2.836996078491211
4,81200,3.422233819961548
4,81210,2.91586971282959
4,81220,3.340834140777588
4,81230,3.336531162261963
4,81240,3.4029390811920166
4,81250,3.3932347297668457
4,81260,3.1407628059387207
4,81270,2.896012783050537
4,81280,3.1265459060668945
4,81290,3.3222405910491943
4,81300,3.0116562843322754
4,81310,3.216303825378418
4,81320,3.326691150665283
4,81330,2.574130058288574
4,81340,3.300771713256836
4,81350,3.466219425201416
4,81360,2.674738645553589
4,81370,2.5990376472473145
4,81380,3.1481237411499023
4,81390,2.498194694519043
4,81400,3.188049793243408
4,81410,2.498328447341919
4,81420,3.5892748832702637
4,81430,2.969944953918457
4,81440,2.826908826828003
4,81450,3.3998708724975586
4,81460,3.078427314758301
4,81470,3.4447414875030518
4,81480,3.023073673248291
4,81490,2.605721950531006
4,81500,2.9627108573913574
4,81510,2.9822943210601807
4,81520,2.8705692291259766
4,81530,2.827930450439453
4,81540,3.5888922214508057
4,81550,3.025571346282959
4,81560,2.5418636798858643
4,81570,2.640550136566162
4,81580,3.01497220993042
4,81590,3.0533618927001953
4,81600,2.973625659942627
4,81610,3.695286750793457
4,81620,3.1745338439941406
4,81630,2.9509449005126953
4,81640,2.9745116233825684
4,81650,2.7587594985961914
4,81660,3.179520845413208
4,81670,2.721914291381836
4,81680,3.2230734825134277
4,81690,3.097930669784546
4,81700,3.2080068588256836
4,81710,2.5478692054748535
4,81720,3.0323567390441895
4,81730,2.9559645652770996
4,81740,2.714043140411377
4,81750,3.118908166885376
4,81760,3.081355571746826
4,81770,2.8367700576782227
4,81780,3.2945384979248047
4,81790,2.8145956993103027
4,81800,2.8900046348571777
4,81810,3.095654010772705
4,81820,2.8348288536071777
4,81830,3.1541147232055664
4,81840,2.801729202270508
4,81850,2.8204026222229004
4,81860,2.9349093437194824
4,81870,2.2359161376953125
4,81880,3.1963019371032715
4,81890,2.971860885620117
4,81900,3.1733603477478027
4,81910,3.3219871520996094
4,81920,3.0824856758117676
4,81930,3.3151814937591553
4,81940,2.887789249420166
4,81950,3.342385768890381
4,81960,3.186062812805176
4,81970,2.9391350746154785
4,81980,2.371516704559326
4,81990,2.9263124465942383
4,82000,2.885380744934082
4,82010,3.2639806270599365
4,82020,3.372184991836548
4,82030,2.6267549991607666
4,82040,3.0363504886627197
4,82050,3.0013856887817383
4,82060,2.722227096557617
4,82070,2.8879547119140625
4,82080,2.5859880447387695
4,82090,2.496613025665283
4,82100,3.20845890045166
4,82110,3.759237289428711
4,82120,3.021426200866699
4,82130,3.162226676940918
4,82140,3.6194710731506348
4,82150,3.192018985748291
4,82160,3.063328742980957
4,82170,2.850379228591919
4,82180,2.622398614883423
4,82190,3.0656380653381348
4,82200,3.062255382537842
4,82210,2.983736515045166
4,82220,3.409850597381592
4,82230,3.0733282566070557
4,82240,2.6841001510620117
4,82250,2.728255271911621
4,82260,3.154484748840332
4,82270,3.0729799270629883
4,82280,2.8024072647094727
4,82290,3.3283638954162598
4,82300,2.9527134895324707
4,82310,3.2328004837036133
4,82320,3.450211524963379
4,82330,3.0750300884246826
4,82340,3.1041345596313477
4,82350,3.1375908851623535
4,82360,2.691446304321289
4,82370,3.108943462371826
4,82380,3.0693612098693848
4,82390,2.9759654998779297
4,82400,3.102595090866089
4,82410,2.666016101837158
4,82420,3.2377421855926514
4,82430,2.6488184928894043
4,82440,3.184128761291504
4,82450,4.077409744262695
4,82460,3.026517391204834
4,82470,3.482729911804199
4,82480,2.872997760772705
4,82490,2.885894775390625
4,82500,2.971640110015869
4,82510,3.508802890777588
4,82520,3.2368416786193848
4,82530,2.8114490509033203
4,82540,2.7218332290649414
4,82550,3.2954392433166504
4,82560,2.8567025661468506
4,82570,2.911200523376465
4,82580,3.027662992477417
4,82590,2.704864501953125
4,82600,2.9438581466674805
4,82610,3.161522388458252
4,82620,2.8720226287841797
4,82630,3.241976737976074
4,82640,4.086570739746094
4,82650,2.7431583404541016
4,82660,3.042548894882202
4,82670,2.9149179458618164
4,82680,3.0513603687286377
4,82690,3.130033493041992
4,82700,3.13645076751709
4,82710,2.7602474689483643
4,82720,3.0034444332122803
4,82730,2.9976038932800293
4,82740,3.4067487716674805
4,82750,3.8968567848205566
4,82760,3.0281295776367188
4,82770,3.121027946472168
4,82780,3.3706412315368652
4,82790,3.3456273078918457
4,82800,3.0688836574554443
4,82810,3.278928279876709
4,82820,2.9265384674072266
4,82830,3.0835742950439453
4,82840,2.90205717086792
4,82850,3.3581461906433105
4,82860,3.0748791694641113
4,82870,3.6508305072784424
4,82880,3.584278106689453
4,82890,2.8718366622924805
4,82900,3.3194162845611572
4,82910,3.068513870239258
4,82920,3.0819876194000244
4,82930,2.7330210208892822
4,82940,3.144580364227295
4,82950,3.279323101043701
4,82960,3.2247519493103027
4,82970,3.268059492111206
4,82980,2.8931076526641846
4,82990,2.6608452796936035
4,83000,3.1134681701660156
4,83010,2.9406356811523438
4,83020,3.177309513092041
4,83030,2.9553346633911133
4,83040,2.9068384170532227
4,83050,3.2522873878479004
4,83060,3.117805242538452
4,83070,2.699252128601074
4,83080,2.502340316772461
4,83090,2.810885429382324
4,83100,3.6023924350738525
4,83110,3.090679168701172
4,83120,3.073881149291992
4,83130,3.6565964221954346
4,83140,3.0186667442321777
4,83150,2.7244653701782227
4,83160,2.9938416481018066
4,83170,2.9342923164367676
4,83180,3.0686707496643066
4,83190,3.1405649185180664
4,83200,2.9784297943115234
4,83210,2.8421661853790283
4,83220,2.7950377464294434
4,83230,2.864427089691162
4,83240,2.695136547088623
4,83250,2.6847589015960693
4,83260,2.9326977729797363
4,83270,3.0188655853271484
4,83280,2.743831157684326
4,83290,2.8436574935913086
4,83300,2.9251482486724854
4,83310,2.6310296058654785
4,83320,3.1064631938934326
4,83330,3.4149909019470215
4,83340,3.216614246368408
4,83350,2.858649730682373
4,83360,3.128119468688965
4,83370,2.9111673831939697
4,83380,2.9411466121673584
4,83390,2.483668327331543
4,83400,2.7285704612731934
4,83410,2.668344736099243
4,83420,3.829613208770752
4,83430,2.8974547386169434
4,83440,2.942638397216797
4,83450,2.902440071105957
4,83460,2.6614255905151367
4,83470,3.0560319423675537
4,83480,3.2292401790618896
4,83490,2.8164682388305664
4,83500,2.8151004314422607
4,83510,2.9622273445129395
4,83520,2.476607322692871
4,83530,2.6793038845062256
4,83540,3.263070583343506
4,83550,3.3975300788879395
4,83560,2.5659918785095215
4,83570,3.185669422149658
4,83580,2.9653687477111816
4,83590,2.782789707183838
4,83600,3.1105008125305176
4,83610,3.0194733142852783
4,83620,3.2799978256225586
4,83630,2.9336764812469482
4,83640,2.8752036094665527
4,83650,3.2924375534057617
4,83660,2.8683290481567383
4,83670,3.2928946018218994
4,83680,3.1269302368164062
4,83690,3.0093331336975098
4,83700,3.0219979286193848
4,83710,3.1422293186187744
4,83720,2.912109375
4,83730,3.1772818565368652
4,83740,2.9370131492614746
4,83750,3.211698293685913
4,83760,3.055457353591919
4,83770,3.1766510009765625
4,83780,3.1816272735595703
4,83790,2.490813732147217
4,83800,3.534336805343628
4,83810,3.2222793102264404
4,83820,3.084195137023926
4,83830,2.7378172874450684
4,83840,3.071890354156494
4,83850,2.7666335105895996
4,83860,2.7376530170440674
4,83870,3.07077693939209
4,83880,2.781859874725342
4,83890,3.4043521881103516
4,83900,3.467609167098999
4,83910,3.4688284397125244
4,83920,3.1303610801696777
4,83930,2.9891839027404785
4,83940,2.796520233154297
4,83950,3.0198793411254883
4,83960,2.889375925064087
4,83970,2.7514736652374268
4,83980,3.455808639526367
4,83990,2.56063175201416
4,84000,2.9527881145477295
4,84010,3.194882869720459
4,84020,2.556033134460449
4,84030,3.020155429840088
4,84040,2.957315444946289
4,84050,3.409186840057373
4,84060,2.950441837310791
4,84070,2.8375344276428223
4,84080,3.1316897869110107
4,84090,3.1225738525390625
4,84100,3.1616992950439453
4,84110,3.22822904586792
4,84120,2.973597526550293
4,84130,3.2377572059631348
4,84140,3.0456385612487793
4,84150,3.0483956336975098
4,84160,3.0651731491088867
4,84170,2.917839288711548
4,84180,3.950751543045044
4,84190,3.358412265777588
4,84200,2.8707783222198486
4,84210,2.837003707885742
4,84220,2.7815256118774414
4,84230,3.3577966690063477
4,84240,3.538792371749878
4,84250,2.9049811363220215
4,84260,3.194776773452759
4,84270,3.2174782752990723
4,84280,2.767277240753174
4,84290,3.05861759185791
4,84300,3.472151279449463
4,84310,3.1894330978393555
4,84320,2.899641752243042
4,84330,2.396383285522461
4,84340,2.4472222328186035
4,84350,2.755321979522705
4,84360,2.9209275245666504
4,84370,2.7693843841552734
4,84380,2.6691722869873047
4,84390,2.740408420562744
4,84400,2.7054290771484375
4,84410,3.0583415031433105
4,84420,3.023446559906006
4,84430,3.3861351013183594
4,84440,3.0045456886291504
4,84450,2.5027823448181152
4,84460,3.083286762237549
4,84470,3.5407636165618896
4,84480,3.88388991355896
4,84490,2.812994956970215
4,84500,3.223299980163574
4,84510,2.942939043045044
4,84520,3.1224584579467773
4,84530,2.8498852252960205
4,84540,3.100792407989502
4,84550,3.1288645267486572
4,84560,2.9951422214508057
4,84570,3.0587708950042725
4,84580,3.471482276916504
4,84590,2.8265671730041504
4,84600,2.8977255821228027
4,84610,3.2971792221069336
4,84620,3.2702581882476807
4,84630,3.381622314453125
4,84640,2.8978400230407715
4,84650,2.3352582454681396
4,84660,3.3518898487091064
4,84670,2.882275104522705
4,84680,2.8660776615142822
4,84690,2.823099374771118
4,84700,3.2745468616485596
4,84710,3.1171679496765137
4,84720,2.722132682800293
4,84730,2.9968039989471436
4,84740,2.7107701301574707
4,84750,3.0245633125305176
4,84760,3.4220144748687744
4,84770,3.073660135269165
4,84780,2.9912214279174805
4,84790,2.9542183876037598
4,84800,3.2220711708068848
4,84810,2.666511297225952
4,84820,3.344050884246826
4,84830,2.7747302055358887
4,84840,3.0503334999084473
4,84850,2.881199836730957
4,84860,2.728426933288574
4,84870,2.4895596504211426
4,84880,3.0803494453430176
4,84890,2.6853561401367188
4,84900,2.7206053733825684
4,84910,2.9844560623168945
4,84920,3.2150964736938477
4,84930,2.909977912902832
4,84940,3.476868152618408
4,84950,2.7311482429504395
4,84960,2.5625710487365723
4,84970,2.9455535411834717
4,84980,3.019515037536621
4,84990,2.679525375366211
4,85000,3.4071664810180664
4,85010,2.6991896629333496
4,85020,2.7114028930664062
4,85030,2.737858533859253
4,85040,2.6332106590270996
4,85050,3.163997173309326
4,85060,2.9984960556030273
4,85070,2.6173434257507324
4,85080,2.9556429386138916
4,85090,2.659827709197998
4,85100,2.9163622856140137
4,85110,3.2562789916992188
4,85120,2.746595621109009
4,85130,2.8151230812072754
4,85140,3.5094351768493652
4,85150,2.934903621673584
4,85160,3.0800909996032715
4,85170,3.3367292881011963
4,85180,2.8293967247009277
4,85190,3.0076093673706055
4,85200,3.430387020111084
4,85210,3.529357433319092
4,85220,3.0598082542419434
4,85230,3.7164394855499268
4,85240,3.3140578269958496
4,85250,3.021406650543213
4,85260,3.380542278289795
4,85270,3.2389912605285645
4,85280,2.9161388874053955
4,85290,2.7693750858306885
4,85300,3.7015538215637207
4,85310,3.0495352745056152
4,85320,3.335439682006836
4,85330,2.9001030921936035
4,85340,2.6357293128967285
4,85350,2.95271897315979
4,85360,2.9226512908935547
4,85370,2.6663875579833984
4,85380,3.3590402603149414
4,85390,2.9358086585998535
4,85400,3.624112129211426
4,85410,3.140882968902588
4,85420,3.036006450653076
4,85430,3.165313243865967
4,85440,2.9935851097106934
4,85450,2.9639525413513184
4,85460,2.822878837585449
4,85470,3.4218311309814453
4,85480,3.095707416534424
4,85490,3.1259241104125977
4,85500,2.991692543029785
4,85510,3.043541431427002
4,85520,2.7912631034851074
4,85530,2.657792806625366
4,85540,3.034440040588379
4,85550,2.828181028366089
4,85560,3.0980029106140137
4,85570,2.8038101196289062
4,85580,3.0678114891052246
4,85590,2.7683513164520264
4,85600,3.1540918350219727
4,85610,2.6135823726654053
4,85620,2.7658135890960693
4,85630,3.294610023498535
4,85640,3.300407886505127
4,85650,2.8859620094299316
4,85660,3.1433029174804688
4,85670,2.671938419342041
4,85680,3.426940441131592
4,85690,2.6692097187042236
4,85700,3.0458240509033203
4,85710,2.7294626235961914
4,85720,2.9138216972351074
4,85730,2.583613395690918
4,85740,2.7339344024658203
4,85750,2.832458734512329
4,85760,3.360535144805908
4,85770,2.84999418258667
4,85780,2.8362345695495605
4,85790,3.1314284801483154
4,85800,3.2589664459228516
4,85810,2.884718418121338
4,85820,3.2372233867645264
4,85830,2.8081889152526855
4,85840,3.1577115058898926
4,85850,2.8164544105529785
4,85860,3.0087313652038574
4,85870,3.557105541229248
4,85880,2.898993968963623
4,85890,3.2265267372131348
4,85900,2.440951347351074
4,85910,3.3989458084106445
4,85920,3.3048863410949707
4,85930,3.755399227142334
4,85940,3.347238540649414
4,85950,3.2960476875305176
4,85960,2.8458142280578613
4,85970,2.897887706756592
4,85980,2.857085704803467
4,85990,2.468539237976074
4,86000,2.923076629638672
4,86010,2.6449174880981445
4,86020,3.1378448009490967
4,86030,3.682887077331543
4,86040,3.137904167175293
4,86050,2.529358386993408
4,86060,3.1864733695983887
4,86070,2.797150135040283
4,86080,2.917867422103882
4,86090,3.096675395965576
4,86100,2.954037666320801
4,86110,3.086325168609619
4,86120,2.7653284072875977
4,86130,2.827662944793701
4,86140,3.109927177429199
4,86150,2.9929842948913574
4,86160,2.834810256958008
4,86170,2.637988328933716
4,86180,3.3941330909729004
4,86190,3.164241075515747
4,86200,2.4490737915039062
4,86210,3.58931827545166
4,86220,3.1922154426574707
4,86230,3.1021008491516113
4,86240,2.870246410369873
4,86250,3.322251796722412
4,86260,2.93168306350708
4,86270,2.958627700805664
4,86280,2.8990979194641113
4,86290,3.1042563915252686
4,86300,3.2115700244903564
4,86310,2.9595675468444824
4,86320,3.1125144958496094
4,86330,3.0470285415649414
4,86340,2.9152755737304688
4,86350,3.396803855895996
4,86360,2.9918174743652344
4,86370,3.1510677337646484
4,86380,3.194148063659668
4,86390,2.646716356277466
4,86400,3.7377190589904785
4,86410,3.1543569564819336
4,86420,3.6384682655334473
4,86430,2.9512877464294434
4,86440,3.446470260620117
4,86450,2.9924330711364746
4,86460,3.004638195037842
4,86470,2.7027974128723145
4,86480,2.658498764038086
4,86490,2.9339423179626465
4,86500,3.6580138206481934
4,86510,3.188688278198242
4,86520,3.6732592582702637
4,86530,3.1479530334472656
4,86540,3.5698397159576416
4,86550,2.7485475540161133
4,86560,2.995882034301758
4,86570,2.860154628753662
4,86580,3.1489391326904297
4,86590,3.2815909385681152
4,86600,3.248983383178711
4,86610,3.030447006225586
4,86620,3.2137041091918945
4,86630,2.933903694152832
4,86640,2.662433624267578
4,86650,3.285356283187866
4,86660,3.3011715412139893
4,86670,3.2983264923095703
4,86680,3.1697235107421875
4,86690,3.0961756706237793
4,86700,2.5595431327819824
4,86710,3.316429615020752
4,86720,2.814058780670166
4,86730,2.8137388229370117
4,86740,3.0172057151794434
4,86750,2.9095652103424072
4,86760,3.2777225971221924
4,86770,3.0041871070861816
4,86780,3.024904489517212
4,86790,3.3505122661590576
4,86800,2.849868059158325
4,86810,3.114168167114258
4,86820,2.8600058555603027
4,86830,2.7399630546569824
4,86840,3.238273859024048
4,86850,3.275953769683838
4,86860,3.058023452758789
4,86870,3.1458468437194824
4,86880,3.298257350921631
4,86890,3.4875221252441406
4,86900,2.745614767074585
4,86910,3.2265589237213135
4,86920,3.1512460708618164
4,86930,3.392922878265381
4,86940,3.290956497192383
4,86950,3.1520872116088867
4,86960,3.457937240600586
4,86970,2.656181812286377
4,86980,2.645120620727539
4,86990,2.9749550819396973
4,87000,2.87642240524292
4,87010,3.0120086669921875
4,87020,3.307788372039795
4,87030,3.0167410373687744
4,87040,2.326120138168335
4,87050,2.742276668548584
4,87060,2.5926034450531006
4,87070,3.26829195022583
4,87080,2.8518805503845215
4,87090,3.442488193511963
4,87100,3.0906689167022705
4,87110,3.670520544052124
4,87120,3.308891773223877
4,87130,2.6854143142700195
4,87140,2.8977081775665283
4,87150,2.947964668273926
4,87160,2.819098711013794
4,87170,3.144953727722168
4,87180,2.9737167358398438
4,87190,2.535874366760254
4,87200,3.1223950386047363
4,87210,3.4510741233825684
4,87220,2.9572272300720215
4,87230,3.1204636096954346
4,87240,3.2291312217712402
4,87250,2.6705822944641113
4,87260,3.2484140396118164
4,87270,3.202272891998291
4,87280,2.525674819946289
4,87290,2.893017053604126
4,87300,3.0987918376922607
4,87310,2.847522020339966
4,87320,3.08475661277771
4,87330,3.196864604949951
4,87340,3.3135805130004883
4,87350,2.4734737873077393
4,87360,3.1786322593688965
4,87370,3.1794722080230713
4,87380,2.5579729080200195
4,87390,3.197221279144287
4,87400,3.578387498855591
4,87410,3.401503562927246
4,87420,3.1857447624206543
4,87430,3.2678475379943848
4,87440,2.7114486694335938
4,87450,3.254368305206299
4,87460,2.986395835876465
4,87470,3.080077648162842
4,87480,2.974106550216675
4,87490,3.9740025997161865
4,87500,2.5746958255767822
4,87510,3.128552198410034
4,87520,3.0193300247192383
4,87530,2.82021427154541
4,87540,2.9200024604797363
4,87550,3.222776412963867
4,87560,3.0527069568634033
4,87570,3.2423763275146484
4,87580,2.780022144317627
4,87590,2.8113629817962646
4,87600,2.7817654609680176
4,87610,2.626648426055908
4,87620,3.0079874992370605
4,87630,2.6714491844177246
4,87640,2.808422565460205
4,87650,2.84552001953125
4,87660,3.113248825073242
4,87670,3.7868032455444336
4,87680,2.710818290710449
4,87690,3.347400426864624
4,87700,3.1614537239074707
4,87710,3.3481602668762207
4,87720,2.8200533390045166
4,87730,3.085324764251709
4,87740,2.743029832839966
4,87750,3.005732774734497
4,87760,3.0830273628234863
4,87770,3.2446351051330566
4,87780,3.2262046337127686
4,87790,3.0204567909240723
4,87800,2.9061310291290283
4,87810,3.3041913509368896
4,87820,3.6655335426330566
4,87830,2.7714786529541016
4,87840,2.9182043075561523
4,87850,3.0072813034057617
4,87860,2.7044873237609863
4,87870,3.3571951389312744
4,87880,2.9324421882629395
4,87890,2.9287948608398438
4,87900,3.225569009780884
4,87910,2.6104140281677246
4,87920,3.0137696266174316
4,87930,3.0173211097717285
4,87940,2.8776116371154785
4,87950,2.982433557510376
4,87960,3.746995449066162
4,87970,3.0109057426452637
4,87980,3.0698347091674805
4,87990,3.514589786529541
4,88000,2.90049409866333
4,88010,2.956343650817871
4,88020,3.342442274093628
4,88030,2.8416733741760254
4,88040,3.048586368560791
4,88050,2.855846881866455
4,88060,2.9844717979431152
4,88070,3.1998190879821777
4,88080,3.1688485145568848
4,88090,2.8479197025299072
4,88100,3.081326961517334
4,88110,2.9921011924743652
4,88120,2.7666192054748535
4,88130,2.778303861618042
4,88140,3.0265684127807617
4,88150,3.076688289642334
4,88160,2.8446497917175293
4,88170,2.7470102310180664
4,88180,3.2451088428497314
4,88190,3.2195205688476562
4,88200,3.5446903705596924
4,88210,2.524768829345703
4,88220,3.240358352661133
4,88230,3.299961805343628
4,88240,3.031303882598877
4,88250,3.0996198654174805
4,88260,2.8509483337402344
4,88270,3.125305652618408
4,88280,3.2423691749572754
4,88290,2.584839344024658
4,88300,3.2333974838256836
4,88310,3.244342803955078
4,88320,2.9259214401245117
4,88330,3.31778621673584
4,88340,2.817903518676758
4,88350,3.1991991996765137
4,88360,3.2775845527648926
4,88370,3.1727423667907715
4,88380,2.8593344688415527
4,88390,3.110736846923828
4,88400,2.983090400695801
4,88410,2.9548072814941406
4,88420,3.0567915439605713
4,88430,2.981116771697998
4,88440,3.0168395042419434
4,88450,3.059720993041992
4,88460,2.6334545612335205
4,88470,3.0705947875976562
4,88480,3.443686008453369
4,88490,2.9087414741516113
4,88500,3.4368696212768555
4,88510,2.728625774383545
4,88520,2.5122337341308594
4,88530,2.898256301879883
4,88540,3.8380918502807617
4,88550,2.8751723766326904
4,88560,3.7003121376037598
4,88570,2.8089990615844727
4,88580,3.2405219078063965
4,88590,3.436086654663086
4,88600,2.9823179244995117
4,88610,2.9709200859069824
4,88620,2.799875497817993
4,88630,3.2375221252441406
4,88640,2.678560733795166
4,88650,3.1446123123168945
4,88660,3.241072654724121
4,88670,3.4363152980804443
4,88680,2.778712272644043
4,88690,3.0031254291534424
4,88700,2.8765130043029785
4,88710,2.467482566833496
4,88720,2.67935848236084
4,88730,3.061338424682617
4,88740,3.2714035511016846
4,88750,3.5667595863342285
4,88760,2.55145001411438
4,88770,2.8109679222106934
4,88780,3.0780882835388184
4,88790,2.970191717147827
4,88800,2.756823778152466
4,88810,3.000591278076172
4,88820,3.264352321624756
4,88830,2.8297009468078613
4,88840,2.567850351333618
4,88850,3.1370961666107178
4,88860,2.8771448135375977
4,88870,3.299030303955078
4,88880,3.0657143592834473
4,88890,2.741326332092285
4,88900,3.5145797729492188
4,88910,2.4687352180480957
4,88920,3.398914337158203
4,88930,2.267864227294922
4,88940,2.9765424728393555
4,88950,2.656461477279663
4,88960,3.528212547302246
4,88970,3.070570945739746
4,88980,2.9292380809783936
4,88990,3.207519054412842
4,89000,2.719334840774536
4,89010,2.9537110328674316
4,89020,2.838085651397705
4,89030,2.9629456996917725
4,89040,2.520930290222168
4,89050,2.7773098945617676
4,89060,3.3968942165374756
4,89070,3.1078877449035645
4,89080,3.2151923179626465
4,89090,3.4973721504211426
4,89100,3.0384345054626465
4,89110,2.7176403999328613
4,89120,3.2402496337890625
4,89130,3.1336264610290527
4,89140,3.0340943336486816
4,89150,2.6965489387512207
4,89160,3.07222580909729
4,89170,3.0496106147766113
4,89180,2.7694296836853027
4,89190,3.002629518508911
4,89200,3.5935544967651367
4,89210,3.0300731658935547
4,89220,3.384762763977051
4,89230,2.9100711345672607
4,89240,3.350820541381836
4,89250,3.1314868927001953
4,89260,3.3510422706604004
4,89270,2.61224102973938
4,89280,2.840188503265381
4,89290,2.5410852432250977
4,89300,3.203700304031372
4,89310,3.836129665374756
4,89320,3.2355451583862305
4,89330,3.2874557971954346
4,89340,3.4179840087890625
4,89350,2.480222225189209
4,89360,3.2011373043060303
4,89370,3.1430747509002686
4,89380,3.3550257682800293
4,89390,3.207387924194336
4,89400,2.5929934978485107
4,89410,2.461418628692627
4,89420,2.60966157913208
4,89430,3.671356201171875
4,89440,2.9969334602355957
4,89450,3.2271366119384766
4,89460,3.2138359546661377
4,89470,3.0905776023864746
4,89480,2.8907432556152344
4,89490,2.691683769226074
4,89500,3.136129379272461
4,89510,2.9036731719970703
4,89520,2.930382251739502
4,89530,3.219785213470459
4,89540,3.474022388458252
4,89550,3.259913206100464
4,89560,3.5287094116210938
4,89570,3.4779906272888184
4,89580,3.00923490524292
4,89590,2.9346988201141357
4,89600,3.213728427886963
4,89610,3.176455497741699
4,89620,2.8640975952148438
4,89630,2.9157865047454834
4,89640,2.6808743476867676
4,89650,2.3651201725006104
4,89660,3.0433480739593506
4,89670,2.864434242248535
4,89680,3.0399131774902344
4,89690,3.191417694091797
4,89700,2.7258920669555664
4,89710,2.855776309967041
4,89720,2.812910795211792
4,89730,2.9236807823181152
4,89740,2.723587989807129
4,89750,3.069744348526001
4,89760,3.3298463821411133
4,89770,2.3841402530670166
4,89780,3.1254236698150635
4,89790,2.6276350021362305
4,89800,2.9925270080566406
4,89810,3.481837749481201
4,89820,3.0134596824645996
4,89830,3.5631420612335205
4,89840,2.6923911571502686
4,89850,2.7060160636901855
4,89860,2.550875186920166
4,89870,3.4609298706054688
4,89880,2.8521971702575684
4,89890,3.4838662147521973
4,89900,3.129361152648926
4,89910,2.5940499305725098
4,89920,2.9040322303771973
4,89930,3.3730201721191406
4,89940,2.862457752227783
4,89950,3.269479751586914
4,89960,2.747666835784912
4,89970,3.1264986991882324
4,89980,2.7341384887695312
4,89990,2.978560447692871
4,90000,3.1636013984680176
4,90010,2.8103957176208496
4,90020,2.923306703567505
4,90030,2.990628480911255
4,90040,2.8445792198181152
4,90050,3.0698814392089844
4,90060,2.9845924377441406
4,90070,3.2074365615844727
4,90080,2.9378485679626465
4,90090,3.0404903888702393
4,90100,3.130399703979492
4,90110,3.159862995147705
4,90120,3.069002151489258
4,90130,2.8536229133605957
4,90140,3.0182342529296875
4,90150,3.020355224609375
4,90160,2.7881643772125244
4,90170,3.2150726318359375
4,90180,3.0807175636291504
4,90190,2.742591381072998
4,90200,3.199057102203369
4,90210,2.723083019256592
4,90220,3.425506591796875
4,90230,2.700333595275879
4,90240,2.8237762451171875
4,90250,3.0025248527526855
4,90260,2.789930582046509
4,90270,2.811553955078125
4,90280,2.9526069164276123
4,90290,3.4507312774658203
4,90300,3.0640947818756104
4,90310,2.99540638923645
4,90320,2.826967716217041
4,90330,2.763021469116211
4,90340,3.521556854248047
4,90350,3.3770127296447754
4,90360,3.4305953979492188
4,90370,3.637688159942627
4,90380,2.906019926071167
4,90390,3.4399936199188232
4,90400,3.2608280181884766
4,90410,3.0381321907043457
4,90420,3.3660831451416016
4,90430,2.9271702766418457
4,90440,4.411419868469238
4,90450,3.4358015060424805
4,90460,3.162081718444824
4,90470,2.8306593894958496
4,90480,3.123086929321289
4,90490,2.908022880554199
4,90500,3.2120447158813477
4,90510,2.809166669845581
4,90520,2.7445616722106934
4,90530,3.4018001556396484
4,90540,2.8036489486694336
4,90550,2.8659658432006836
4,90560,3.2511420249938965
4,90570,2.9500441551208496
4,90580,2.5953941345214844
4,90590,2.980938196182251
4,90600,3.1133370399475098
4,90610,2.964517116546631
4,90620,2.7459473609924316
4,90630,2.9219911098480225
4,90640,2.997734546661377
4,90650,2.893476963043213
4,90660,2.9801135063171387
4,90670,3.212686538696289
4,90680,2.445103406906128
4,90690,2.507096767425537
4,90700,2.820220947265625
4,90710,2.8191964626312256
4,90720,2.9580798149108887
4,90730,2.5109403133392334
4,90740,3.0908169746398926
4,90750,3.085033893585205
4,90760,3.175971746444702
4,90770,3.022174835205078
4,90780,3.1202445030212402
4,90790,3.1149415969848633
4,90800,3.11197566986084
4,90810,2.8653202056884766
4,90820,3.542428970336914
4,90830,3.0078086853027344
4,90840,3.219398021697998
4,90850,3.4327075481414795
4,90860,3.1422548294067383
4,90870,3.398020029067993
4,90880,3.039504289627075
4,90890,2.974886894226074
4,90900,3.5300002098083496
4,90910,3.244551181793213
4,90920,3.1670899391174316
4,90930,2.9282515048980713
4,90940,3.1512629985809326
4,90950,3.195793390274048
4,90960,3.024895191192627
4,90970,2.47961163520813
4,90980,2.978830337524414
4,90990,3.043330430984497
4,91000,3.1705305576324463
4,91010,3.381803035736084
4,91020,2.9151926040649414
4,91030,2.7790040969848633
4,91040,3.1064741611480713
4,91050,2.3559179306030273
4,91060,3.561450481414795
4,91070,3.322582721710205
4,91080,2.957747459411621
4,91090,3.1495213508605957
4,91100,2.9673094749450684
4,91110,3.0167489051818848
4,91120,2.944420337677002
4,91130,2.9960782527923584
4,91140,3.3196892738342285
4,91150,2.8816943168640137
4,91160,2.910046339035034
4,91170,2.824038505554199
4,91180,3.0120644569396973
4,91190,3.061183452606201
4,91200,3.3474068641662598
4,91210,3.198651075363159
4,91220,2.8234810829162598
4,91230,2.660963535308838
4,91240,3.1525979042053223
4,91250,2.623629570007324
4,91260,3.030954360961914
4,91270,3.16135311126709
4,91280,2.347672939300537
4,91290,2.985295295715332
4,91300,3.7510833740234375
4,91310,3.609475612640381
4,91320,3.4216229915618896
4,91330,3.0499093532562256
4,91340,2.988752603530884
4,91350,2.7663702964782715
4,91360,3.601073741912842
4,91370,3.3080687522888184
4,91380,3.0080997943878174
4,91390,2.821314811706543
4,91400,2.6283986568450928
4,91410,2.9835996627807617
4,91420,3.4196858406066895
4,91430,3.0958492755889893
4,91440,3.385776996612549
4,91450,2.631321430206299
4,91460,2.701197385787964
4,91470,3.7086589336395264
4,91480,4.122194290161133
4,91490,2.8974337577819824
4,91500,2.6025784015655518
4,91510,2.86678147315979
4,91520,2.8944993019104004
4,91530,3.097569465637207
4,91540,2.82958984375
4,91550,3.256366729736328
4,91560,2.6048498153686523
4,91570,2.7567949295043945
4,91580,3.1837081909179688
4,91590,2.84346604347229
4,91600,2.814483642578125
4,91610,3.414414882659912
4,91620,2.9943413734436035
4,91630,3.372478723526001
4,91640,3.3575053215026855
4,91650,2.9104466438293457
4,91660,3.135496139526367
4,91670,3.390841007232666
4,91680,2.820357322692871
4,91690,2.7429795265197754
4,91700,2.9934616088867188
4,91710,3.155879020690918
4,91720,2.3222622871398926
4,91730,3.3121726512908936
4,91740,3.5374507904052734
4,91750,3.185330629348755
4,91760,3.222496509552002
4,91770,3.4136385917663574
4,91780,2.966543197631836
4,91790,2.937213659286499
4,91800,3.424994945526123
4,91810,3.357851505279541
4,91820,3.1229121685028076
4,91830,3.1848807334899902
4,91840,3.12797212600708
4,91850,2.827413320541382
4,91860,3.172896385192871
4,91870,3.1763460636138916
4,91880,2.9552001953125
4,91890,3.3810043334960938
4,91900,2.886357307434082
4,91910,3.364330530166626
4,91920,3.149576187133789
4,91930,2.84600830078125
4,91940,2.8873605728149414
4,91950,2.867295980453491
4,91960,3.57351016998291
4,91970,3.430647850036621
4,91980,3.345094680786133
4,91990,3.8252925872802734
4,92000,2.7058515548706055
4,92010,2.7729556560516357
4,92020,3.0699338912963867
4,92030,3.0893940925598145
4,92040,3.267543315887451
4,92050,3.427366018295288
4,92060,2.5028915405273438
4,92070,3.5414514541625977
4,92080,2.936446189880371
4,92090,3.0383238792419434
4,92100,3.17134952545166
4,92110,3.6017508506774902
4,92120,2.9442408084869385
4,92130,2.913208484649658
4,92140,2.5700244903564453
4,92150,3.106890916824341
4,92160,3.0735745429992676
4,92170,2.816102981567383
4,92180,3.1939401626586914
4,92190,3.0696630477905273
4,92200,3.169125556945801
4,92210,3.010122537612915
4,92220,2.790602922439575
4,92230,3.6660377979278564
4,92240,3.131274700164795
4,92250,3.020357131958008
4,92260,2.9635262489318848
4,92270,2.7152259349823
4,92280,3.086538314819336
4,92290,3.347970485687256
4,92300,2.982637643814087
4,92310,2.7792258262634277
4,92320,3.036574363708496
4,92330,3.1381421089172363
4,92340,2.9145050048828125
4,92350,3.2261273860931396
4,92360,2.5207691192626953
4,92370,3.12363862991333
4,92380,2.6010050773620605
4,92390,2.5243592262268066
4,92400,2.7189667224884033
4,92410,2.972834587097168
4,92420,2.263058662414551
4,92430,2.950453519821167
4,92440,2.8057422637939453
4,92450,3.5713953971862793
4,92460,2.5917489528656006
4,92470,3.229832410812378
4,92480,3.0875916481018066
4,92490,2.8790555000305176
4,92500,3.586564779281616
4,92510,3.074977397918701
4,92520,3.4795961380004883
4,92530,2.78060245513916
4,92540,3.012420177459717
4,92550,2.8720316886901855
4,92560,3.329638957977295
4,92570,2.7008814811706543
4,92580,2.816195011138916
4,92590,3.106706142425537
4,92600,2.5686378479003906
4,92610,2.9661731719970703
4,92620,2.48028564453125
4,92630,3.142847776412964
4,92640,3.255004405975342
4,92650,3.5112252235412598
4,92660,2.3094284534454346
4,92670,2.9125452041625977
4,92680,3.062188148498535
4,92690,3.1135873794555664
4,92700,3.076115131378174
4,92710,3.566326141357422
4,92720,3.235790252685547
4,92730,3.438462257385254
4,92740,2.951313018798828
4,92750,2.6578400135040283
4,92760,3.082954168319702
4,92770,2.8586483001708984
4,92780,3.2786803245544434
4,92790,3.384734630584717
4,92800,2.4492063522338867
4,92810,3.1410560607910156
4,92820,3.0334837436676025
4,92830,3.182684898376465
4,92840,2.839778423309326
4,92850,3.3021373748779297
4,92860,3.3721981048583984
4,92870,3.070300340652466
4,92880,3.3090121746063232
4,92890,3.0805535316467285
4,92900,2.587862014770508
4,92910,2.672734260559082
4,92920,3.119718551635742
4,92930,3.6419262886047363
4,92940,2.613337755203247
4,92950,2.865572690963745
4,92960,2.81724214553833
4,92970,3.2940175533294678
4,92980,3.0717225074768066
4,92990,3.147745132446289
4,93000,2.467714309692383
4,93010,3.3649027347564697
4,93020,3.6514368057250977
4,93030,3.1322884559631348
4,93040,3.012723922729492
4,93050,3.2845888137817383
4,93060,3.461550712585449
4,93070,2.9239659309387207
4,93080,2.9902820587158203
4,93090,3.1023142337799072
4,93100,2.849581718444824
4,93110,2.5636215209960938
4,93120,2.8961496353149414
4,93130,2.739071846008301
4,93140,3.436286449432373
4,93150,3.297175884246826
4,93160,2.6723408699035645
4,93170,3.2050914764404297
4,93180,2.2853446006774902
4,93190,2.987093925476074
4,93200,2.9346086978912354
4,93210,3.068666458129883
4,93220,3.452636957168579
4,93230,2.763277053833008
4,93240,3.1582746505737305
4,93250,3.210766077041626
4,93260,3.0103955268859863
4,93270,2.520571231842041
4,93280,2.9392943382263184
4,93290,2.8296022415161133
4,93300,2.4974775314331055
4,93310,2.728645086288452
4,93320,3.146012783050537
4,93330,3.0950753688812256
4,93340,3.035219192504883
4,93350,3.1366846561431885
4,93360,3.1734814643859863
4,93370,3.0994367599487305
4,93380,3.102433681488037
4,93390,2.6635653972625732
4,93400,2.821193218231201
4,93410,3.3018651008605957
4,93420,2.3635544776916504
4,93430,3.239941120147705
4,93440,3.04015851020813
4,93450,3.610395908355713
4,93460,3.251126289367676
4,93470,2.4208602905273438
4,93480,3.182790756225586
4,93490,2.4036848545074463
4,93500,2.934264659881592
4,93510,3.55096173286438
4,93520,2.5656137466430664
4,93530,3.0379104614257812
4,93540,3.4156174659729004
4,93550,2.740748882293701
4,93560,2.8827524185180664
4,93570,2.701089859008789
4,93580,3.3188822269439697
4,93590,3.549032211303711
4,93600,2.8047144412994385
4,93610,3.0153510570526123
4,93620,3.0953493118286133
4,93630,3.1784114837646484
4,93640,3.244910478591919
4,93650,3.320824384689331
4,93660,2.935821056365967
4,93670,2.904049873352051
4,93680,2.994222402572632
4,93690,3.095604419708252
4,93700,3.167257308959961
4,93710,2.77797532081604
4,93720,2.7867796421051025
4,93730,2.9622764587402344
4,93740,3.053154230117798
4,93750,2.9482977390289307
4,93760,2.939768075942993
4,93770,3.554079532623291
4,93780,3.6494369506835938
4,93790,3.171790838241577
4,93800,3.739352226257324
4,93810,3.2618613243103027
4,93820,2.550556182861328
4,93830,3.421060562133789
4,93840,2.96962571144104
4,93850,3.0879621505737305
4,93860,3.3343982696533203
4,93870,3.335145950317383
4,93880,3.496868133544922
4,93890,3.2594292163848877
4,93900,3.162075996398926
4,93910,3.0686888694763184
4,93920,3.0363569259643555
4,93930,2.976339817047119
4,93940,3.163048267364502
4,93950,3.0224575996398926
4,93960,3.160675287246704
4,93970,3.0419163703918457
4,93980,2.870819091796875
4,93990,2.6013100147247314
4,94000,2.8838462829589844
4,94010,2.4110796451568604
4,94020,3.582848072052002
4,94030,2.662341356277466
4,94040,2.822032928466797
4,94050,2.621798276901245
4,94060,2.581949472427368
4,94070,3.3391599655151367
4,94080,2.7338643074035645
4,94090,3.0996932983398438
4,94100,2.751594066619873
4,94110,2.975369453430176
4,94120,2.938300609588623
4,94130,3.4907150268554688
4,94140,3.1920528411865234
4,94150,3.0551538467407227
4,94160,2.74275541305542
4,94170,2.861410617828369
4,94180,2.8760669231414795
4,94190,2.7721219062805176
4,94200,2.375541925430298
4,94210,3.177307605743408
4,94220,3.006307601928711
4,94230,3.012681722640991
4,94240,3.664005756378174
4,94250,2.977228879928589
4,94260,3.2578439712524414
4,94270,3.255671977996826
4,94280,2.820678234100342
4,94290,3.0620079040527344
4,94300,3.1317927837371826
4,94310,2.760561227798462
4,94320,3.3858821392059326
4,94330,3.0297634601593018
4,94340,2.9407119750976562
4,94350,3.3955416679382324
4,94360,3.1889519691467285
4,94370,2.471360206604004
4,94380,3.4106383323669434
4,94390,3.051764965057373
4,94400,3.1244592666625977
4,94410,3.0694165229797363
4,94420,3.0195813179016113
4,94430,3.0924980640411377
4,94440,2.3483991622924805
4,94450,2.7357559204101562
4,94460,2.6186318397521973
4,94470,3.3710358142852783
4,94480,3.451910972595215
4,94490,3.253873348236084
4,94500,3.1006546020507812
4,94510,2.9594414234161377
4,94520,2.7680282592773438
4,94530,2.9681472778320312
4,94540,2.80726957321167
4,94550,3.060887098312378
4,94560,3.313692569732666
4,94570,3.8953628540039062
4,94580,3.1208744049072266
4,94590,2.7410061359405518
4,94600,3.2261240482330322
4,94610,2.621664047241211
4,94620,3.3727407455444336
4,94630,3.399944305419922
4,94640,3.278975009918213
4,94650,3.0680277347564697
4,94660,3.2115087509155273
4,94670,3.180166006088257
4,94680,2.7559399604797363
4,94690,3.1632373332977295
4,94700,3.5089266300201416
4,94710,3.052476406097412
4,94720,3.0305988788604736
4,94730,2.8909683227539062
4,94740,2.7490477561950684
4,94750,3.2603533267974854
4,94760,2.5182454586029053
4,94770,2.685037612915039
4,94780,2.793370246887207
4,94790,3.168414831161499
4,94800,3.50201416015625
4,94810,2.894340991973877
4,94820,3.1388533115386963
4,94830,3.620570182800293
4,94840,3.5551047325134277
4,94850,2.6729073524475098
4,94860,3.5454792976379395
4,94870,3.3884665966033936
4,94880,2.953688621520996
4,94890,3.325978994369507
4,94900,2.8622398376464844
4,94910,3.083315372467041
4,94920,2.7986505031585693
4,94930,2.7630867958068848
4,94940,3.975534677505493
4,94950,3.56674861907959
4,94960,2.805114269256592
4,94970,2.71384859085083
4,94980,3.639951467514038
4,94990,3.055232524871826
4,95000,3.4649317264556885
4,95010,3.0944321155548096
4,95020,3.078089714050293
4,95030,3.3101978302001953
4,95040,2.8138036727905273
4,95050,3.138899326324463
4,95060,3.311997890472412
4,95070,2.9676036834716797
4,95080,3.252506732940674
4,95090,2.691324234008789
4,95100,2.9081597328186035
4,95110,2.8853445053100586
4,95120,2.8392653465270996
4,95130,3.2212817668914795
4,95140,3.069612503051758
4,95150,3.020580768585205
4,95160,3.2942795753479004
4,95170,3.44732666015625
4,95180,3.0999093055725098
4,95190,3.133258104324341
4,95200,3.2438297271728516
4,95210,3.0169825553894043
4,95220,3.209239959716797
4,95230,3.1454038619995117
4,95240,2.865549087524414
4,95250,3.2297987937927246
4,95260,2.9021830558776855
4,95270,3.3140201568603516
4,95280,3.278435468673706
4,95290,3.4717726707458496
4,95300,3.2994203567504883
4,95310,3.1322810649871826
4,95320,3.4900569915771484
4,95330,3.1672604084014893
4,95340,3.4147448539733887
4,95350,3.2519612312316895
4,95360,3.350391387939453
4,95370,2.857077121734619
4,95380,3.149836540222168
4,95390,3.0941219329833984
4,95400,3.7672557830810547
4,95410,2.917835235595703
4,95420,3.2017741203308105
4,95430,2.833573579788208
4,95440,3.153374195098877
4,95450,3.4288127422332764
4,95460,3.0215985774993896
4,95470,3.4888463020324707
4,95480,2.7292733192443848
4,95490,3.021409749984741
4,95500,3.3540096282958984
4,95510,2.7885689735412598
4,95520,2.830261707305908
4,95530,3.103667736053467
4,95540,3.194257974624634
4,95550,3.2090091705322266
4,95560,2.7240076065063477
4,95570,3.1510238647460938
4,95580,3.2674083709716797
4,95590,3.2772974967956543
4,95600,3.43434739112854
4,95610,3.0302066802978516
4,95620,3.0522780418395996
4,95630,3.6752126216888428
4,95640,2.928518772125244
4,95650,3.52529239654541
4,95660,3.0047690868377686
4,95670,2.960615634918213
4,95680,3.380242347717285
4,95690,2.444798469543457
4,95700,2.8138585090637207
4,95710,3.309494972229004
4,95720,3.0579848289489746
4,95730,2.651000499725342
4,95740,3.3349311351776123
4,95750,3.1872730255126953
4,95760,2.6158077716827393
4,95770,2.94966459274292
4,95780,3.1639046669006348
4,95790,3.151641368865967
4,95800,3.1711206436157227
4,95810,2.745438575744629
4,95820,2.9681315422058105
4,95830,3.2821402549743652
4,95840,3.0693154335021973
4,95850,3.04144024848938
4,95860,2.7334837913513184
4,95870,3.0310490131378174
4,95880,2.9640843868255615
4,95890,2.9059953689575195
4,95900,3.063554286956787
4,95910,2.9666976928710938
4,95920,3.3137950897216797
4,95930,2.7215147018432617
4,95940,2.8826889991760254
4,95950,3.1927924156188965
4,95960,2.859869956970215
4,95970,2.6918461322784424
4,95980,3.2087583541870117
4,95990,2.768012046813965
4,96000,3.0667879581451416
4,96010,2.847475051879883
4,96020,2.975983142852783
4,96030,3.348419666290283
4,96040,3.112704038619995
4,96050,3.1084537506103516
4,96060,3.089170455932617
4,96070,2.9465489387512207
4,96080,2.489400625228882
4,96090,3.196488618850708
4,96100,3.173511028289795
4,96110,2.8879473209381104
4,96120,3.023442268371582
4,96130,3.4566421508789062
4,96140,3.0531392097473145
4,96150,3.794691562652588
4,96160,2.8380179405212402
4,96170,3.0317318439483643
4,96180,3.4413890838623047
4,96190,3.104652166366577
4,96200,2.8997015953063965
4,96210,3.4610795974731445
4,96220,3.5494771003723145
4,96230,2.988180637359619
4,96240,3.594078540802002
4,96250,2.9381794929504395
4,96260,3.0050711631774902
4,96270,2.680687665939331
4,96280,3.154259204864502
4,96290,3.4971163272857666
4,96300,2.6743454933166504
4,96310,3.0615577697753906
4,96320,2.6899988651275635
4,96330,2.8106517791748047
4,96340,2.6949586868286133
4,96350,2.990171432495117
4,96360,3.047722578048706
4,96370,2.6300339698791504
4,96380,2.8025856018066406
4,96390,3.2732460498809814
4,96400,3.2006800174713135
4,96410,2.9802896976470947
4,96420,3.067319869995117
5,96430,3.3228049278259277
5,96440,3.2947568893432617
5,96450,2.5740272998809814
5,96460,3.4810585975646973
5,96470,2.7796623706817627
5,96480,3.2444403171539307
5,96490,3.2607054710388184
5,96500,2.6240339279174805
5,96510,2.6559855937957764
5,96520,2.9731521606445312
5,96530,3.1683897972106934
5,96540,3.2675294876098633
5,96550,3.085239887237549
5,96560,3.225614309310913
5,96570,3.3734030723571777
5,96580,3.0074524879455566
5,96590,3.0786728858947754
5,96600,2.859048366546631
5,96610,2.6595773696899414
5,96620,2.837397575378418
5,96630,2.826054096221924
5,96640,3.0588788986206055
5,96650,2.9762320518493652
5,96660,3.214570999145508
5,96670,3.0086374282836914
5,96680,2.581284523010254
5,96690,3.012923240661621
5,96700,2.871006488800049
5,96710,3.051004409790039
5,96720,3.466188907623291
5,96730,3.412067174911499
5,96740,3.2505221366882324
5,96750,3.3471741676330566
5,96760,3.143590211868286
5,96770,2.9735336303710938
5,96780,3.2102084159851074
5,96790,3.2745003700256348
5,96800,2.580026626586914
5,96810,3.6538467407226562
5,96820,3.1310224533081055
5,96830,3.1013662815093994
5,96840,3.2558083534240723
5,96850,2.8600010871887207
5,96860,3.025660514831543
5,96870,2.5449302196502686
5,96880,2.598459243774414
5,96890,3.1242709159851074
5,96900,2.7589035034179688
5,96910,2.706594944000244
5,96920,2.529280662536621
5,96930,3.193887710571289
5,96940,2.904898166656494
5,96950,3.0907559394836426
5,96960,2.952704668045044
5,96970,3.044551372528076
5,96980,3.1885738372802734
5,96990,2.8683948516845703
5,97000,3.3355965614318848
5,97010,3.012442111968994
5,97020,3.3482892513275146
5,97030,3.3853015899658203
5,97040,2.8009707927703857
5,97050,3.233072519302368
5,97060,3.4523329734802246
5,97070,2.902998447418213
5,97080,2.6347947120666504
5,97090,3.062840461730957
5,97100,3.1109721660614014
5,97110,3.32501220703125
5,97120,3.3829259872436523
5,97130,2.8975014686584473
5,97140,2.9682250022888184
5,97150,3.051971435546875
5,97160,3.022677421569824
5,97170,3.443115234375
5,97180,3.349635362625122
5,97190,2.7987592220306396
5,97200,3.061784267425537
5,97210,2.9757471084594727
5,97220,2.785201072692871
5,97230,2.781334400177002
5,97240,3.2538154125213623
5,97250,3.5190913677215576
5,97260,2.9990105628967285
5,97270,3.4019665718078613
5,97280,3.3242530822753906
5,97290,2.9966821670532227
5,97300,3.0267810821533203
5,97310,3.183840274810791
5,97320,3.1222634315490723
5,97330,2.83561635017395
5,97340,2.627959966659546
5,97350,2.6603944301605225
5,97360,2.8048174381256104
5,97370,3.740100860595703
5,97380,3.1351284980773926
5,97390,3.2786805629730225
5,97400,2.533921241760254
5,97410,3.2361068725585938
5,97420,2.8342814445495605
5,97430,3.168574333190918
5,97440,2.9767680168151855
5,97450,3.4639222621917725
5,97460,2.800581932067871
5,97470,2.9514570236206055
5,97480,3.0210533142089844
5,97490,3.0191221237182617
5,97500,2.8657374382019043
5,97510,2.662911891937256
5,97520,3.2141928672790527
5,97530,2.7220494747161865
5,97540,3.3047423362731934
5,97550,3.144481658935547
5,97560,3.0211427211761475
5,97570,2.705650806427002
5,97580,3.235751152038574
5,97590,2.9169089794158936
5,97600,3.134049415588379
5,97610,3.0432348251342773
5,97620,2.9311771392822266
5,97630,3.4219799041748047
5,97640,2.6915135383605957
5,97650,2.6821389198303223
5,97660,2.6079788208007812
5,97670,2.8358571529388428
5,97680,3.222529172897339
5,97690,2.8661370277404785
5,97700,2.9566028118133545
5,97710,3.448517322540283
5,97720,3.125234842300415
5,97730,3.247220277786255
5,97740,2.745823860168457
5,97750,2.968090534210205
5,97760,2.865386486053467
5,97770,2.982349395751953
5,97780,3.390564441680908
5,97790,2.7117996215820312
5,97800,3.300996780395508
5,97810,2.954123020172119
5,97820,3.288154125213623
5,97830,3.3104801177978516
5,97840,3.531087875366211
5,97850,2.9244446754455566
5,97860,3.391530752182007
5,97870,3.1691064834594727
5,97880,2.909552574157715
5,97890,3.2122859954833984
5,97900,3.217179536819458
5,97910,3.250802516937256
5,97920,3.2217469215393066
5,97930,3.15219783782959
5,97940,3.011016368865967
5,97950,3.0657827854156494
5,97960,2.8744935989379883
5,97970,2.8401875495910645
5,97980,2.8513426780700684
5,97990,2.9149575233459473
5,98000,3.032813549041748
5,98010,3.4020299911499023
5,98020,3.020730972290039
5,98030,3.316652774810791
5,98040,2.838047981262207
5,98050,3.2582759857177734
5,98060,3.3017382621765137
5,98070,3.0862159729003906
5,98080,3.211473226547241
5,98090,3.2563676834106445
5,98100,2.98091459274292
5,98110,3.367103099822998
5,98120,2.506835460662842
5,98130,3.3921351432800293
5,98140,2.717031240463257
5,98150,2.9461798667907715
5,98160,3.4544754028320312
5,98170,2.9283087253570557
5,98180,3.2776756286621094
5,98190,3.2974610328674316
5,98200,3.0397257804870605
5,98210,3.4206745624542236
5,98220,3.3442635536193848
5,98230,3.1066958904266357
5,98240,3.0446877479553223
5,98250,2.68568754196167
5,98260,3.231386423110962
5,98270,3.008434534072876
5,98280,2.787661552429199
5,98290,2.8473949432373047
5,98300,2.7721548080444336
5,98310,2.9042043685913086
5,98320,4.242245674133301
5,98330,3.1135051250457764
5,98340,3.165658712387085
5,98350,3.23732590675354
5,98360,3.310495138168335
5,98370,3.2155168056488037
5,98380,3.030454158782959
5,98390,2.7225000858306885
5,98400,3.0638372898101807
5,98410,2.8822474479675293
5,98420,2.915513038635254
5,98430,3.154813766479492
5,98440,3.294813394546509
5,98450,3.1212329864501953
5,98460,3.0098249912261963
5,98470,3.133371353149414
5,98480,3.2419159412384033
5,98490,2.9986412525177
5,98500,2.914809465408325
5,98510,2.996685028076172
5,98520,3.3556716442108154
5,98530,2.9979658126831055
5,98540,2.4774789810180664
5,98550,4.022855758666992
5,98560,2.743551731109619
5,98570,3.0477676391601562
5,98580,3.3944263458251953
5,98590,3.436293601989746
5,98600,3.4921765327453613
5,98610,3.308232307434082
5,98620,3.1192731857299805
5,98630,2.9000205993652344
5,98640,3.183152675628662
5,98650,2.908048629760742
5,98660,3.0097413063049316
5,98670,3.165799140930176
5,98680,2.9529993534088135
5,98690,3.4309561252593994
5,98700,3.467750072479248
5,98710,3.5427560806274414
5,98720,2.722255229949951
5,98730,3.161146640777588
5,98740,2.7333734035491943
5,98750,3.0167157649993896
5,98760,3.098696708679199
5,98770,3.1600379943847656
5,98780,2.833042621612549
5,98790,3.2640433311462402
5,98800,2.8198635578155518
5,98810,3.201493740081787
5,98820,2.9244070053100586
5,98830,3.0420639514923096
5,98840,3.0228419303894043
5,98850,3.2583065032958984
5,98860,2.9943952560424805
5,98870,2.818471670150757
5,98880,2.7534847259521484
5,98890,3.2120683193206787
5,98900,3.3962221145629883
5,98910,3.2691280841827393
5,98920,3.0266735553741455
5,98930,3.1168065071105957
5,98940,3.27712345123291
5,98950,3.1593823432922363
5,98960,3.345564603805542
5,98970,2.62519907951355
5,98980,3.349680185317993
5,98990,3.076076030731201
5,99000,2.9983129501342773
5,99010,2.979226589202881
5,99020,3.2961411476135254
5,99030,3.572047233581543
5,99040,3.2823703289031982
5,99050,3.023526191711426
5,99060,2.7089414596557617
5,99070,2.883701801300049
5,99080,2.8495686054229736
5,99090,2.8007030487060547
5,99100,3.34723162651062
5,99110,3.166368007659912
5,99120,2.8264899253845215
5,99130,3.316602945327759
5,99140,3.3568594455718994
5,99150,3.242100238800049
5,99160,3.3137338161468506
5,99170,3.2406249046325684
5,99180,3.2318458557128906
5,99190,3.0782923698425293
5,99200,3.369898796081543
5,99210,3.795689582824707
5,99220,3.097790241241455
5,99230,3.032900810241699
5,99240,3.301584005355835
5,99250,3.1458120346069336
5,99260,3.1651878356933594
5,99270,3.029003381729126
5,99280,3.1790661811828613
5,99290,3.4734244346618652
5,99300,3.3605334758758545
5,99310,3.2346370220184326
5,99320,4.105231285095215
5,99330,2.9793760776519775
5,99340,2.864678382873535
5,99350,3.4476733207702637
5,99360,3.065336227416992
5,99370,3.2924532890319824
5,99380,2.8550219535827637
5,99390,2.9676527976989746
5,99400,3.414808750152588
5,99410,2.9021496772766113
5,99420,3.1882896423339844
5,99430,2.9897255897521973
5,99440,3.080275058746338
5,99450,3.225675106048584
5,99460,3.0872907638549805
5,99470,2.987326145172119
5,99480,3.685941219329834
5,99490,2.92478084564209
5,99500,3.1040220260620117
5,99510,3.360778331756592
5,99520,3.369795083999634
5,99530,2.9104819297790527
5,99540,2.9005014896392822
5,99550,3.0725879669189453
5,99560,3.2686285972595215
5,99570,3.025528907775879
5,99580,3.2831473350524902
5,99590,3.088778495788574
5,99600,3.5356578826904297
5,99610,2.8441083431243896
5,99620,3.2884371280670166
5,99630,2.980123519897461
5,99640,3.154398202896118
5,99650,3.107537031173706
5,99660,3.0270638465881348
5,99670,3.147603750228882
5,99680,3.5244369506835938
5,99690,3.2356789112091064
5,99700,2.7762179374694824
5,99710,2.905243396759033
5,99720,2.6277737617492676
5,99730,2.855632781982422
5,99740,3.1066691875457764
5,99750,3.45245361328125
5,99760,2.972872495651245
5,99770,2.752531051635742
5,99780,3.0951247215270996
5,99790,3.3348641395568848
5,99800,2.4848101139068604
5,99810,2.976670265197754
5,99820,3.265371799468994
5,99830,3.8355419635772705
5,99840,3.37418794631958
5,99850,3.1260132789611816
5,99860,2.991912841796875
5,99870,2.932802200317383
5,99880,2.838362216949463
5,99890,2.943413019180298
5,99900,2.8966238498687744
5,99910,2.9777674674987793
5,99920,3.016768217086792
5,99930,2.9675683975219727
5,99940,3.1299424171447754
5,99950,3.2673308849334717
5,99960,2.978860855102539
5,99970,3.0615954399108887
5,99980,3.0422935485839844
5,99990,3.070327043533325
5,100000,3.769319534301758
5,100010,2.757234573364258
5,100020,3.0026817321777344
5,100030,2.934445858001709
5,100040,3.0107693672180176
5,100050,2.7528228759765625
5,100060,2.623459577560425
5,100070,2.6799488067626953
5,100080,2.934049606323242
5,100090,3.8265857696533203
5,100100,2.5482888221740723
5,100110,3.217164993286133
5,100120,2.726378917694092
5,100130,2.9553136825561523
5,100140,2.7531888484954834
5,100150,2.980121374130249
5,100160,2.4626903533935547
5,100170,3.0327138900756836
5,100180,2.850191116333008
5,100190,2.895386219024658
5,100200,3.1653337478637695
5,100210,2.883815050125122
5,100220,3.0830883979797363
5,100230,2.8492016792297363
5,100240,2.5765576362609863
5,100250,2.9260780811309814
5,100260,2.9073309898376465
5,100270,3.6408796310424805
5,100280,2.997413158416748
5,100290,3.0478012561798096
5,100300,2.8551440238952637
5,100310,3.012059450149536
5,100320,3.0484514236450195
5,100330,3.0690112113952637
5,100340,3.3885304927825928
5,100350,2.7340292930603027
5,100360,2.8024532794952393
5,100370,2.9739465713500977
5,100380,2.942126750946045
5,100390,2.8378429412841797
5,100400,2.8154308795928955
5,100410,3.257218360900879
5,100420,2.8719420433044434
5,100430,3.1311545372009277
5,100440,2.8101353645324707
5,100450,2.5015666484832764
5,100460,3.3501832485198975
5,100470,2.8851771354675293
5,100480,3.1448373794555664
5,100490,2.5529732704162598
5,100500,3.02982759475708
5,100510,2.6699421405792236
5,100520,2.6820411682128906
5,100530,2.695621967315674
5,100540,2.3973193168640137
5,100550,2.5741944313049316
5,100560,2.8665647506713867
5,100570,2.9998316764831543
5,100580,2.998075008392334
5,100590,2.7422611713409424
5,100600,2.742556095123291
5,100610,3.0777640342712402
5,100620,2.5317230224609375
5,100630,2.7547049522399902
5,100640,2.57039213180542
5,100650,2.837695360183716
5,100660,2.4283506870269775
5,100670,2.723172664642334
5,100680,3.502042055130005
5,100690,2.7699403762817383
5,100700,2.8277549743652344
5,100710,2.6933341026306152
5,100720,2.770111083984375
5,100730,2.998142957687378
5,100740,2.8296782970428467
5,100750,2.621802806854248
5,100760,2.9595468044281006
5,100770,2.4550986289978027
5,100780,3.019723415374756
5,100790,3.0141968727111816
5,100800,2.7620651721954346
5,100810,2.7855052947998047
5,100820,2.9440207481384277
5,100830,3.057654857635498
5,100840,2.473898410797119
5,100850,2.4389591217041016
5,100860,2.3321192264556885
5,100870,2.605177879333496
5,100880,2.7258594036102295
5,100890,2.974048137664795
5,100900,3.308704137802124
5,100910,3.2340140342712402
5,100920,2.9340319633483887
5,100930,3.0111513137817383
5,100940,2.899423122406006
5,100950,3.2258193492889404
5,100960,2.8555660247802734
5,100970,2.87973690032959
5,100980,2.446053981781006
5,100990,3.1788387298583984
5,101000,3.0363500118255615
5,101010,2.9631519317626953
5,101020,2.6261069774627686
5,101030,2.9048500061035156
5,101040,3.075448513031006
5,101050,2.8452606201171875
5,101060,2.516239643096924
5,101070,3.5771608352661133
5,101080,2.8480348587036133
5,101090,2.5352113246917725
5,101100,2.6468167304992676
5,101110,2.920598030090332
5,101120,2.836960792541504
5,101130,2.524374485015869
5,101140,3.101447105407715
5,101150,2.5971837043762207
5,101160,2.8973326683044434
5,101170,2.9126644134521484
5,101180,2.7706336975097656
5,101190,2.824680805206299
5,101200,3.1062803268432617
5,101210,3.305063009262085
5,101220,3.279010772705078
5,101230,3.0970301628112793
5,101240,2.8746023178100586
5,101250,2.588965892791748
5,101260,2.726337432861328
5,101270,2.9902210235595703
5,101280,2.7016570568084717
5,101290,3.217008352279663
5,101300,2.923184871673584
5,101310,2.363868474960327
5,101320,3.1487698554992676
5,101330,3.0133039951324463
5,101340,3.264026641845703
5,101350,2.7585296630859375
5,101360,2.791632652282715
5,101370,2.6398701667785645
5,101380,2.8010735511779785
5,101390,3.5516481399536133
5,101400,2.8682215213775635
5,101410,2.7385478019714355
5,101420,3.1921801567077637
5,101430,3.1666393280029297
5,101440,2.860532760620117
5,101450,2.904358148574829
5,101460,3.0849456787109375
5,101470,2.8842411041259766
5,101480,2.84710693359375
5,101490,3.1838865280151367
5,101500,3.135577440261841
5,101510,3.0619935989379883
5,101520,2.771463632583618
5,101530,2.7634730339050293
5,101540,3.0727038383483887
5,101550,2.386056423187256
5,101560,2.828429937362671
5,101570,2.677344799041748
5,101580,2.9204206466674805
5,101590,3.24434232711792
5,101600,2.892169952392578
5,101610,3.0668222904205322
5,101620,2.307572841644287
5,101630,2.6081619262695312
5,101640,2.7974252700805664
5,101650,3.0483109951019287
5,101660,2.811434268951416
5,101670,2.9432830810546875
5,101680,2.7986648082733154
5,101690,2.8780858516693115
5,101700,2.891139507293701
5,101710,3.1511459350585938
5,101720,2.667166233062744
5,101730,2.9242472648620605
5,101740,2.830476760864258
5,101750,2.930239200592041
5,101760,3.1491129398345947
5,101770,3.0421652793884277
5,101780,2.719651460647583
5,101790,3.0339479446411133
5,101800,3.1414098739624023
5,101810,2.800096035003662
5,101820,3.304440975189209
5,101830,2.66190767288208
5,101840,3.028280258178711
5,101850,3.590170383453369
5,101860,3.1457176208496094
5,101870,2.6807007789611816
5,101880,2.784092903137207
5,101890,2.6679277420043945
5,101900,3.6147446632385254
5,101910,2.409827470779419
5,101920,2.8621578216552734
5,101930,2.7447941303253174
5,101940,3.046552896499634
5,101950,3.1628646850585938
5,101960,2.902672290802002
5,101970,2.9456427097320557
5,101980,2.6798689365386963
5,101990,2.6498513221740723
5,102000,2.525991439819336
5,102010,2.905848979949951
5,102020,2.752303123474121
5,102030,3.2077605724334717
5,102040,3.15330171585083
5,102050,2.854159355163574
5,102060,3.533562183380127
5,102070,2.8772857189178467
5,102080,2.9858813285827637
5,102090,3.0537750720977783
5,102100,2.92891788482666
5,102110,3.021256446838379
5,102120,3.116814613342285
5,102130,2.663421154022217
5,102140,2.6166183948516846
5,102150,2.992464542388916
5,102160,2.9200234413146973
5,102170,2.6491751670837402
5,102180,2.9933881759643555
5,102190,3.2960777282714844
5,102200,2.5395026206970215
5,102210,2.7006473541259766
5,102220,2.8929758071899414
5,102230,2.828213691711426
5,102240,2.609802722930908
5,102250,3.097485303878784
5,102260,2.8143908977508545
5,102270,2.809034824371338
5,102280,2.6689300537109375
5,102290,2.8310537338256836
5,102300,2.4730403423309326
5,102310,3.221622943878174
5,102320,3.2204575538635254
5,102330,2.624114513397217
5,102340,2.688778877258301
5,102350,3.00014066696167
5,102360,2.4566409587860107
5,102370,2.5650277137756348
5,102380,2.881173610687256
5,102390,2.815258502960205
5,102400,3.411816358566284
5,102410,2.624783992767334
5,102420,2.9954781532287598
5,102430,2.7915401458740234
5,102440,2.7703590393066406
5,102450,2.823129653930664
5,102460,3.0095860958099365
5,102470,3.054694175720215
5,102480,2.4837722778320312
5,102490,2.96079683303833
5,102500,3.186028480529785
5,102510,2.5227439403533936
5,102520,2.983931064605713
5,102530,2.955394744873047
5,102540,2.6449694633483887
5,102550,2.9660067558288574
5,102560,2.9485273361206055
5,102570,2.8722763061523438
5,102580,3.1815991401672363
5,102590,3.378736972808838
5,102600,3.1050610542297363
5,102610,2.8258848190307617
5,102620,2.953277111053467
5,102630,2.824747323989868
5,102640,2.9147636890411377
5,102650,3.015455961227417
5,102660,2.8565385341644287
5,102670,2.660679817199707
5,102680,3.0484678745269775
5,102690,2.998628616333008
5,102700,3.1009464263916016
5,102710,3.324016571044922
5,102720,2.4740328788757324
5,102730,2.983686685562134
5,102740,3.025134563446045
5,102750,2.8875837326049805
5,102760,2.765406370162964
5,102770,2.3956098556518555
5,102780,2.9906017780303955
5,102790,2.706850051879883
5,102800,3.2323317527770996
5,102810,2.5957865715026855
5,102820,2.644838333129883
5,102830,2.6290202140808105
5,102840,2.652583599090576
5,102850,3.1464359760284424
5,102860,2.899211883544922
5,102870,2.4234910011291504
5,102880,3.060446262359619
5,102890,2.898588180541992
5,102900,2.9968421459198
5,102910,3.1124746799468994
5,102920,2.8952269554138184
5,102930,2.9590535163879395
5,102940,3.140782356262207
5,102950,3.076723575592041
5,102960,2.7136893272399902
5,102970,2.8004682064056396
5,102980,2.849026918411255
5,102990,2.808988571166992
5,103000,3.4392619132995605
5,103010,2.7945005893707275
5,103020,2.7032647132873535
5,103030,2.6595325469970703
5,103040,3.433906078338623
5,103050,3.471588373184204
5,103060,2.967029333114624
5,103070,3.141216278076172
5,103080,3.0136566162109375
5,103090,2.9635138511657715
5,103100,2.829463481903076
5,103110,3.0129380226135254
5,103120,3.190889835357666
5,103130,3.3319878578186035
5,103140,3.3684425354003906
5,103150,3.3451924324035645
5,103160,2.816643714904785
5,103170,2.7135682106018066
5,103180,2.9412591457366943
5,103190,2.919860363006592
5,103200,2.4320921897888184
5,103210,2.671674966812134
5,103220,2.763558864593506
5,103230,2.8806138038635254
5,103240,3.0983829498291016
5,103250,2.5555076599121094
5,103260,2.6561224460601807
5,103270,2.6188113689422607
5,103280,2.7434451580047607
5,103290,2.7323904037475586
5,103300,2.7471418380737305
5,103310,2.90571928024292
5,103320,3.1724801063537598
5,103330,2.7225522994995117
5,103340,3.1392436027526855
5,103350,2.795469284057617
5,103360,3.288236379623413
5,103370,2.948974609375
5,103380,2.771847724914551
5,103390,2.717590808868408
5,103400,2.9420180320739746
5,103410,3.2326273918151855
5,103420,2.5383172035217285
5,103430,2.996713399887085
5,103440,2.3019542694091797
5,103450,3.3099613189697266
5,103460,2.867539405822754
5,103470,3.339972972869873
5,103480,2.936979055404663
5,103490,2.8504552841186523
5,103500,2.396422863006592
5,103510,2.799649238586426
5,103520,3.1686582565307617
5,103530,2.850956439971924
5,103540,2.9618020057678223
5,103550,2.93789005279541
5,103560,2.9304146766662598
5,103570,2.2424819469451904
5,103580,2.978315830230713
5,103590,3.111513614654541
5,103600,2.967895030975342
5,103610,2.642699718475342
5,103620,3.411893367767334
5,103630,2.8742103576660156
5,103640,2.838118076324463
5,103650,2.8246941566467285
5,103660,2.9334769248962402
5,103670,3.2184271812438965
5,103680,3.186434268951416
5,103690,3.4242591857910156
5,103700,3.215012550354004
5,103710,2.55942964553833
5,103720,2.8288543224334717
5,103730,2.6629741191864014
5,103740,3.1516990661621094
5,103750,2.9392881393432617
5,103760,2.5818238258361816
5,103770,2.7132623195648193
5,103780,2.6312360763549805
5,103790,2.8882012367248535
5,103800,2.7198739051818848
5,103810,2.648791790008545
5,103820,3.062044858932495
5,103830,2.526223659515381
5,103840,2.9118194580078125
5,103850,2.9721314907073975
5,103860,2.9366016387939453
5,103870,3.0351765155792236
5,103880,3.295342445373535
5,103890,2.8545475006103516
5,103900,3.276777744293213
5,103910,2.779170513153076
5,103920,3.0411081314086914
5,103930,3.0194263458251953
5,103940,2.689016103744507
5,103950,2.8817286491394043
5,103960,3.2111124992370605
5,103970,2.7720909118652344
5,103980,3.061246871948242
5,103990,3.1842005252838135
5,104000,3.1184442043304443
5,104010,3.511573314666748
5,104020,3.178305149078369
5,104030,2.6943764686584473
5,104040,2.979017734527588
5,104050,2.7394790649414062
5,104060,2.728322982788086
5,104070,2.6851816177368164
5,104080,2.7155966758728027
5,104090,2.5824992656707764
5,104100,3.2169864177703857
5,104110,2.8251986503601074
5,104120,3.0857596397399902
5,104130,3.1669225692749023
5,104140,2.7743234634399414
5,104150,2.5993621349334717
5,104160,2.988539695739746
5,104170,2.5235705375671387
5,104180,2.521230697631836
5,104190,2.7026195526123047
5,104200,3.2794177532196045
5,104210,2.7124955654144287
5,104220,2.826436996459961
5,104230,2.979956865310669
5,104240,2.5274698734283447
5,104250,2.7197959423065186
5,104260,2.812788486480713
5,104270,3.08054256439209
5,104280,3.2590270042419434
5,104290,3.176422119140625
5,104300,2.906435012817383
5,104310,2.5823450088500977
5,104320,3.4633092880249023
5,104330,3.091536045074463
5,104340,2.7301862239837646
5,104350,2.971677780151367
5,104360,2.5421853065490723
5,104370,2.8879566192626953
5,104380,2.916196346282959
5,104390,2.7080583572387695
5,104400,2.6582791805267334
5,104410,3.051598072052002
5,104420,2.8557276725769043
5,104430,3.2818546295166016
5,104440,2.6474061012268066
5,104450,3.068593978881836
5,104460,3.2437663078308105
5,104470,2.75250244140625
5,104480,2.601881980895996
5,104490,2.783731460571289
5,104500,3.0510330200195312
5,104510,2.7482147216796875
5,104520,2.6951751708984375
5,104530,2.567676544189453
5,104540,2.984541893005371
5,104550,2.5354180335998535
5,104560,2.977640151977539
5,104570,2.712876319885254
5,104580,2.8249869346618652
5,104590,2.952845573425293
5,104600,3.0930328369140625
5,104610,3.4238953590393066
5,104620,2.8713908195495605
5,104630,3.2343826293945312
5,104640,2.8659255504608154
5,104650,3.1176939010620117
5,104660,2.8063554763793945
5,104670,3.1043620109558105
5,104680,2.845489501953125
5,104690,3.280870199203491
5,104700,2.8878836631774902
5,104710,2.6462607383728027
5,104720,2.702500343322754
5,104730,3.085693836212158
5,104740,2.8629438877105713
5,104750,2.71134614944458
5,104760,2.8520660400390625
5,104770,2.9413299560546875
5,104780,2.6414690017700195
5,104790,2.9671971797943115
5,104800,2.751959800720215
5,104810,2.5634617805480957
5,104820,3.105571746826172
5,104830,3.0154638290405273
5,104840,2.944669723510742
5,104850,2.5596327781677246
5,104860,3.078751564025879
5,104870,3.2571616172790527
5,104880,2.926076650619507
5,104890,3.082709789276123
5,104900,2.934699535369873
5,104910,2.73875093460083
5,104920,3.318556785583496
5,104930,2.7579360008239746
5,104940,2.9861578941345215
5,104950,3.352280616760254
5,104960,2.9192867279052734
5,104970,2.960721731185913
5,104980,2.9206604957580566
5,104990,3.135209083557129
5,105000,2.56984806060791
5,105010,2.4223430156707764
5,105020,2.7931156158447266
5,105030,2.7910571098327637
5,105040,3.0658888816833496
5,105050,2.8451437950134277
5,105060,3.2311761379241943
5,105070,3.131483554840088
5,105080,3.1102983951568604
5,105090,2.936994791030884
5,105100,2.7944858074188232
5,105110,2.508864641189575
5,105120,3.0630741119384766
5,105130,2.5157601833343506
5,105140,2.5431630611419678
5,105150,3.0235605239868164
5,105160,2.838756561279297
5,105170,2.5984034538269043
5,105180,2.8733325004577637
5,105190,3.0899906158447266
5,105200,2.58652925491333
5,105210,3.1968612670898438
5,105220,3.2049002647399902
5,105230,2.6644725799560547
5,105240,2.9195168018341064
5,105250,3.260619640350342
5,105260,3.1926827430725098
5,105270,3.490952491760254
5,105280,3.3859360218048096
5,105290,2.852282762527466
5,105300,2.9575958251953125
5,105310,3.212675094604492
5,105320,2.446300983428955
5,105330,2.960444211959839
5,105340,2.721604347229004
5,105350,2.8143844604492188
5,105360,2.6803929805755615
5,105370,3.0196900367736816
5,105380,2.948392391204834
5,105390,3.1097803115844727
5,105400,2.888343334197998
5,105410,3.0223214626312256
5,105420,3.0533080101013184
5,105430,2.811534881591797
5,105440,2.7797255516052246
5,105450,2.622189521789551
5,105460,2.4108779430389404
5,105470,3.071261167526245
5,105480,3.0510239601135254
5,105490,3.012472152709961
5,105500,3.2223663330078125
5,105510,2.913780450820923
5,105520,3.023531198501587
5,105530,3.2839159965515137
5,105540,2.5204625129699707
5,105550,3.0958988666534424
5,105560,2.9858345985412598
5,105570,2.9284956455230713
5,105580,3.8306756019592285
5,105590,2.6442689895629883
5,105600,3.063385009765625
5,105610,2.8961000442504883
5,105620,2.4565796852111816
5,105630,2.952345132827759
5,105640,2.513530969619751
5,105650,2.663405418395996
5,105660,2.9806289672851562
5,105670,2.764334201812744
5,105680,2.8241608142852783
5,105690,3.3406734466552734
5,105700,2.861659526824951
5,105710,3.455078601837158
5,105720,2.9382240772247314
5,105730,2.8822808265686035
5,105740,2.4948441982269287
5,105750,3.5091733932495117
5,105760,2.759356737136841
5,105770,2.8960819244384766
5,105780,2.9157328605651855
5,105790,2.862795352935791
5,105800,3.1704249382019043
5,105810,2.7173328399658203
5,105820,3.2222816944122314
5,105830,3.354529619216919
5,105840,2.65590238571167
5,105850,2.9804248809814453
5,105860,2.5974011421203613
5,105870,2.693939447402954
5,105880,3.210066795349121
5,105890,2.9333271980285645
5,105900,2.9146862030029297
5,105910,3.002066135406494
5,105920,2.7425894737243652
5,105930,3.0124268531799316
5,105940,2.9396233558654785
5,105950,2.9064817428588867
5,105960,3.189455032348633
5,105970,2.9426751136779785
5,105980,2.701406240463257
5,105990,3.2675161361694336
5,106000,3.6592721939086914
5,106010,2.8208136558532715
5,106020,2.7180655002593994
5,106030,3.1183674335479736
5,106040,2.818272113800049
5,106050,2.969548225402832
5,106060,3.1288321018218994
5,106070,2.8422915935516357
5,106080,2.9935975074768066
5,106090,2.981961727142334
5,106100,3.1953306198120117
5,106110,2.7460203170776367
5,106120,2.7148585319519043
5,106130,2.8168718814849854
5,106140,3.0971450805664062
5,106150,2.883666753768921
5,106160,2.7432148456573486
5,106170,3.1489601135253906
5,106180,2.7104904651641846
5,106190,3.236807107925415
5,106200,3.017136573791504
5,106210,3.049893856048584
5,106220,2.2988643646240234
5,106230,2.512362003326416
5,106240,2.7966244220733643
5,106250,3.144566535949707
5,106260,3.329646110534668
5,106270,3.1113264560699463
5,106280,3.235212802886963
5,106290,3.0228545665740967
5,106300,2.640662670135498
5,106310,2.7256619930267334
5,106320,2.6316142082214355
5,106330,3.1883277893066406
5,106340,3.0630242824554443
5,106350,2.8936822414398193
5,106360,2.8242197036743164
5,106370,2.6041102409362793
5,106380,3.094855308532715
5,106390,2.7558176517486572
5,106400,2.9158363342285156
5,106410,3.216811180114746
5,106420,2.7015023231506348
5,106430,2.8480277061462402
5,106440,3.2385005950927734
5,106450,2.302393913269043
5,106460,2.927863359451294
5,106470,2.6565139293670654
5,106480,2.983977794647217
5,106490,2.7451696395874023
5,106500,3.2014448642730713
5,106510,2.824260711669922
5,106520,2.893779754638672
5,106530,3.0116915702819824
5,106540,3.018193244934082
5,106550,2.834012031555176
5,106560,2.774751663208008
5,106570,3.2054378986358643
5,106580,2.73624587059021
5,106590,2.6449198722839355
5,106600,2.5467538833618164
5,106610,3.091275930404663
5,106620,2.801642417907715
5,106630,2.8014791011810303
5,106640,3.385502338409424
5,106650,2.837282657623291
5,106660,3.145197868347168
5,106670,2.658616304397583
5,106680,3.019599199295044
5,106690,2.79695725440979
5,106700,2.9762768745422363
5,106710,2.856111526489258
5,106720,3.2811777591705322
5,106730,3.1407923698425293
5,106740,2.907217025756836
5,106750,3.254725933074951
5,106760,2.9246206283569336
5,106770,2.678617477416992
5,106780,3.348489761352539
5,106790,3.185263156890869
5,106800,3.1080613136291504
5,106810,3.3330984115600586
5,106820,2.408233642578125
5,106830,2.9539284706115723
5,106840,3.2907514572143555
5,106850,2.7165329456329346
5,106860,3.4191365242004395
5,106870,2.9757227897644043
5,106880,2.153637409210205
5,106890,2.909871816635132
5,106900,3.111240863800049
5,106910,2.92698073387146
5,106920,2.6147050857543945
5,106930,2.603567361831665
5,106940,2.4230220317840576
5,106950,2.842195749282837
5,106960,2.947439193725586
5,106970,3.2918214797973633
5,106980,3.428105354309082
5,106990,2.929109573364258
5,107000,3.1065502166748047
5,107010,2.7701401710510254
5,107020,3.1188886165618896
5,107030,3.1949515342712402
5,107040,2.214846611022949
5,107050,3.1778900623321533
5,107060,2.8148961067199707
5,107070,2.558636426925659
5,107080,3.257127046585083
5,107090,3.195077657699585
5,107100,3.2150380611419678
5,107110,3.283043384552002
5,107120,2.6262335777282715
5,107130,3.075000762939453
5,107140,2.6162500381469727
5,107150,3.011199474334717
5,107160,3.03456449508667
5,107170,2.890268325805664
5,107180,3.1137657165527344
5,107190,2.807223320007324
5,107200,2.803359031677246
5,107210,2.8566598892211914
5,107220,3.078503131866455
5,107230,2.6074557304382324
5,107240,3.111924648284912
5,107250,2.6249217987060547
5,107260,2.9153592586517334
5,107270,2.8666038513183594
5,107280,3.031613349914551
5,107290,2.817105293273926
5,107300,2.8788986206054688
5,107310,2.928051471710205
5,107320,3.1611979007720947
5,107330,2.729409694671631
5,107340,3.0726637840270996
5,107350,2.7882285118103027
5,107360,2.9070382118225098
5,107370,3.1858859062194824
5,107380,2.513307571411133
5,107390,2.7128350734710693
5,107400,3.096371650695801
5,107410,2.64884090423584
5,107420,2.831648588180542
5,107430,2.7158069610595703
5,107440,2.462047576904297
5,107450,2.757319450378418
5,107460,2.892965793609619
5,107470,2.62722110748291
5,107480,2.9425768852233887
5,107490,3.031655788421631
5,107500,2.8980765342712402
5,107510,3.016967296600342
5,107520,2.5796279907226562
5,107530,2.9301180839538574
5,107540,2.5559732913970947
5,107550,3.027456283569336
5,107560,2.3962392807006836
5,107570,2.673830032348633
5,107580,3.090229034423828
5,107590,3.078212261199951
5,107600,3.275740146636963
5,107610,2.8363234996795654
5,107620,2.9367494583129883
5,107630,3.179560899734497
5,107640,3.2861557006835938
5,107650,2.8776230812072754
5,107660,2.7350401878356934
5,107670,2.8201041221618652
5,107680,2.861262798309326
5,107690,3.0020554065704346
5,107700,3.3994832038879395
5,107710,2.835909605026245
5,107720,2.8542237281799316
5,107730,2.317934036254883
5,107740,3.0501089096069336
5,107750,2.7954297065734863
5,107760,2.552133560180664
5,107770,2.39168381690979
5,107780,3.180746078491211
5,107790,2.9100160598754883
5,107800,2.693748950958252
5,107810,2.970027446746826
5,107820,3.044792652130127
5,107830,2.8390822410583496
5,107840,2.8657915592193604
5,107850,3.2628238201141357
5,107860,2.847494125366211
5,107870,3.3032338619232178
5,107880,2.751284599304199
5,107890,3.094954490661621
5,107900,2.7581872940063477
5,107910,3.098600149154663
5,107920,2.768951892852783
5,107930,3.0092992782592773
5,107940,3.1973366737365723
5,107950,2.9229846000671387
5,107960,2.883591651916504
5,107970,3.5968823432922363
5,107980,3.1925039291381836
5,107990,2.62005615234375
5,108000,3.132775068283081
5,108010,3.1660242080688477
5,108020,2.778230905532837
5,108030,2.6430001258850098
5,108040,2.7799034118652344
5,108050,2.792346954345703
5,108060,3.0088720321655273
5,108070,2.9585773944854736
5,108080,2.9475302696228027
5,108090,2.345608711242676
5,108100,2.8439881801605225
5,108110,2.7613983154296875
5,108120,3.048579692840576
5,108130,2.8357977867126465
5,108140,2.6316514015197754
5,108150,2.7273430824279785
5,108160,3.3233890533447266
5,108170,3.025827169418335
5,108180,2.999152183532715
5,108190,3.012700080871582
5,108200,3.2357120513916016
5,108210,3.1867728233337402
5,108220,2.7491073608398438
5,108230,2.6721835136413574
5,108240,2.721667766571045
5,108250,2.799757957458496
5,108260,2.465909481048584
5,108270,3.2422475814819336
5,108280,3.4254093170166016
5,108290,3.2570481300354004
5,108300,3.1340341567993164
5,108310,2.6333532333374023
5,108320,2.933180332183838
5,108330,2.4880099296569824
5,108340,3.1642370223999023
5,108350,2.307940721511841
5,108360,3.2148680686950684
5,108370,3.434335947036743
5,108380,2.8036341667175293
5,108390,2.8906121253967285
5,108400,2.9663424491882324
5,108410,3.091348648071289
5,108420,2.944058656692505
5,108430,3.393385887145996
5,108440,2.7400381565093994
5,108450,2.5706429481506348
5,108460,3.1955490112304688
5,108470,2.596592426300049
5,108480,3.256204605102539
5,108490,3.2732973098754883
5,108500,2.7386507987976074
5,108510,3.0328612327575684
5,108520,2.3275463581085205
5,108530,2.759995460510254
5,108540,2.607882499694824
5,108550,2.4367868900299072
5,108560,3.2057242393493652
5,108570,2.787367820739746
5,108580,2.842921257019043
5,108590,2.818410873413086
5,108600,3.3739752769470215
5,108610,3.1633219718933105
5,108620,2.855409622192383
5,108630,2.8788938522338867
5,108640,2.9492735862731934
5,108650,2.851339340209961
5,108660,2.979288101196289
5,108670,2.7894797325134277
5,108680,3.1024131774902344
5,108690,2.925478219985962
5,108700,2.9731459617614746
5,108710,3.163848876953125
5,108720,2.753518581390381
5,108730,2.658799648284912
5,108740,2.760406732559204
5,108750,3.7284860610961914
5,108760,2.6414899826049805
5,108770,2.6534388065338135
5,108780,3.1297898292541504
5,108790,3.1796998977661133
5,108800,3.1476757526397705
5,108810,2.8304219245910645
5,108820,2.700031280517578
5,108830,3.069606304168701
5,108840,2.9230663776397705
5,108850,3.21980619430542
5,108860,2.9044389724731445
5,108870,3.209050416946411
5,108880,3.059102773666382
5,108890,2.7182834148406982
5,108900,2.6447768211364746
5,108910,2.8005590438842773
5,108920,2.663137435913086
5,108930,2.6661205291748047
5,108940,2.6876511573791504
5,108950,2.9732162952423096
5,108960,3.0337657928466797
5,108970,2.9732699394226074
5,108980,2.910090446472168
5,108990,3.151165246963501
5,109000,3.5094778537750244
5,109010,3.241425037384033
5,109020,3.016139030456543
5,109030,2.5185301303863525
5,109040,3.2289066314697266
5,109050,3.0782723426818848
5,109060,3.3848109245300293
5,109070,2.883617401123047
5,109080,2.8514442443847656
5,109090,3.0355093479156494
5,109100,3.111997604370117
5,109110,3.3582587242126465
5,109120,2.7255921363830566
5,109130,3.0326616764068604
5,109140,2.9170315265655518
5,109150,2.8198933601379395
5,109160,2.881275177001953
5,109170,3.0103964805603027
5,109180,2.843679428100586
5,109190,2.9318432807922363
5,109200,2.866940975189209
5,109210,2.832409381866455
5,109220,2.514572858810425
5,109230,3.5209603309631348
5,109240,3.215425729751587
5,109250,2.7468767166137695
5,109260,3.075941562652588
5,109270,3.1147122383117676
5,109280,2.753692150115967
5,109290,2.572537899017334
5,109300,2.7587714195251465
5,109310,3.07035493850708
5,109320,2.915919303894043
5,109330,2.5207338333129883
5,109340,3.006038188934326
5,109350,3.5801515579223633
5,109360,2.4800195693969727
5,109370,2.6592092514038086
5,109380,2.8782124519348145
5,109390,2.7375292778015137
5,109400,2.8718886375427246
5,109410,2.820446491241455
5,109420,2.864492893218994
5,109430,2.4722208976745605
5,109440,2.3977160453796387
5,109450,3.2934021949768066
5,109460,2.965386390686035
5,109470,2.74419903755188
5,109480,2.6489641666412354
5,109490,3.155961751937866
5,109500,2.9948580265045166
5,109510,3.0221729278564453
5,109520,2.515338182449341
5,109530,3.0201833248138428
5,109540,2.55891752243042
5,109550,2.6994965076446533
5,109560,3.2926406860351562
5,109570,2.832904577255249
5,109580,3.266697406768799
5,109590,2.8834280967712402
5,109600,2.789531946182251
5,109610,2.8711395263671875
5,109620,2.65002179145813
5,109630,3.1301522254943848
5,109640,2.969247579574585
5,109650,2.811859607696533
5,109660,3.132061004638672
5,109670,2.833669662475586
5,109680,3.148101568222046
5,109690,2.6354222297668457
5,109700,2.810739517211914
5,109710,3.0124387741088867
5,109720,2.623361587524414
5,109730,2.6094369888305664
5,109740,2.8015451431274414
5,109750,2.7878427505493164
5,109760,2.923041820526123
5,109770,3.0024914741516113
5,109780,2.719264507293701
5,109790,3.272160053253174
5,109800,3.0797572135925293
5,109810,3.306272506713867
5,109820,2.8731632232666016
5,109830,2.7853832244873047
5,109840,2.278432846069336
5,109850,3.004701852798462
5,109860,2.780132293701172
5,109870,3.051481246948242
5,109880,2.84804630279541
5,109890,2.921391487121582
5,109900,3.2008352279663086
5,109910,3.163944721221924
5,109920,3.4361777305603027
5,109930,3.1044392585754395
5,109940,2.792670249938965
5,109950,3.0045108795166016
5,109960,3.2321372032165527
5,109970,3.019476890563965
5,109980,3.111746311187744
5,109990,2.6688342094421387
5,110000,2.8636577129364014
5,110010,3.119389533996582
5,110020,2.870548725128174
5,110030,3.241013288497925
5,110040,3.189497709274292
5,110050,3.0585694313049316
5,110060,3.297445297241211
5,110070,2.5826730728149414
5,110080,2.9498937129974365
5,110090,3.206043243408203
5,110100,2.5302600860595703
5,110110,2.6808385848999023
5,110120,2.846400737762451
5,110130,2.493314266204834
5,110140,3.392970085144043
5,110150,3.1386115550994873
5,110160,2.6458935737609863
5,110170,3.0937037467956543
5,110180,2.5455076694488525
5,110190,2.850419521331787
5,110200,3.0343685150146484
5,110210,3.036912441253662
5,110220,2.955519199371338
5,110230,2.8649470806121826
5,110240,3.406360387802124
5,110250,2.569766044616699
5,110260,3.05497407913208
5,110270,3.010051727294922
5,110280,2.6500487327575684
5,110290,3.462571620941162
5,110300,2.942932367324829
5,110310,3.212369680404663
5,110320,2.713576078414917
5,110330,2.8950986862182617
5,110340,2.452913284301758
5,110350,2.4822583198547363
5,110360,2.687224864959717
5,110370,2.632535457611084
5,110380,2.704590082168579
5,110390,3.3941335678100586
5,110400,2.7097887992858887
5,110410,3.3278775215148926
5,110420,3.385175943374634
5,110430,3.2770347595214844
5,110440,2.8139238357543945
5,110450,2.904012680053711
5,110460,2.582348346710205
5,110470,2.639565944671631
5,110480,3.1358625888824463
5,110490,3.544602394104004
5,110500,2.9817733764648438
5,110510,2.4791691303253174
5,110520,3.436753273010254
5,110530,3.0566773414611816
5,110540,2.7615978717803955
5,110550,2.9912819862365723
5,110560,3.1468794345855713
5,110570,3.4105429649353027
5,110580,2.8122804164886475
5,110590,2.936026096343994
5,110600,2.656167507171631
5,110610,2.904578685760498
5,110620,3.1446924209594727
5,110630,2.690437078475952
5,110640,2.9652276039123535
5,110650,3.002570629119873
5,110660,3.027867317199707
5,110670,3.612149238586426
5,110680,2.634749412536621
5,110690,3.0563530921936035
5,110700,3.0414319038391113
5,110710,3.0452122688293457
5,110720,3.1587419509887695
5,110730,2.9266414642333984
5,110740,2.471529960632324
5,110750,3.093351364135742
5,110760,2.905575752258301
5,110770,3.0966055393218994
5,110780,2.3056116104125977
5,110790,2.779062271118164
5,110800,2.710341215133667
5,110810,2.9277329444885254
5,110820,2.9530200958251953
5,110830,2.5396132469177246
5,110840,3.017244815826416
5,110850,3.5416784286499023
5,110860,2.6317009925842285
5,110870,3.224973201751709
5,110880,2.654841899871826
5,110890,2.6434950828552246
5,110900,2.763002395629883
5,110910,2.9701762199401855
5,110920,2.8937909603118896
5,110930,2.9743599891662598
5,110940,3.067328453063965
5,110950,2.7216529846191406
5,110960,3.175161361694336
5,110970,3.279487133026123
5,110980,2.719001531600952
5,110990,3.055889368057251
5,111000,2.8078808784484863
5,111010,2.7751808166503906
5,111020,2.9653658866882324
5,111030,3.332021474838257
5,111040,2.6465702056884766
5,111050,2.981045722961426
5,111060,2.935746192932129
5,111070,3.223961353302002
5,111080,2.296907901763916
5,111090,3.166670799255371
5,111100,3.176696538925171
5,111110,2.6911141872406006
5,111120,3.091733694076538
5,111130,2.344111680984497
5,111140,3.0184178352355957
5,111150,2.7306289672851562
5,111160,2.512796401977539
5,111170,3.099968194961548
5,111180,2.623873233795166
5,111190,2.3418259620666504
5,111200,2.864774227142334
5,111210,2.9530982971191406
5,111220,3.286332607269287
5,111230,3.2745237350463867
5,111240,2.617086410522461
5,111250,3.0310416221618652
5,111260,3.3481411933898926
5,111270,2.1715474128723145
5,111280,2.7510313987731934
5,111290,2.971188545227051
5,111300,2.891516923904419
5,111310,2.8664417266845703
5,111320,2.5917305946350098
5,111330,3.1011099815368652
5,111340,2.8812851905822754
5,111350,2.798862934112549
5,111360,3.1233701705932617
5,111370,2.6885986328125
5,111380,3.068336009979248
5,111390,2.989344358444214
5,111400,3.1188559532165527
5,111410,3.181372880935669
5,111420,3.204373359680176
5,111430,3.1897835731506348
5,111440,2.9475057125091553
5,111450,2.7386515140533447
5,111460,3.154538869857788
5,111470,3.2340967655181885
5,111480,2.8453128337860107
5,111490,3.4384570121765137
5,111500,2.5483217239379883
5,111510,3.1944050788879395
5,111520,3.433671236038208
5,111530,3.2117490768432617
5,111540,2.8611154556274414
5,111550,2.862424850463867
5,111560,2.7410359382629395
5,111570,2.906045436859131
5,111580,3.5121841430664062
5,111590,2.956721305847168
5,111600,3.260392665863037
5,111610,2.6407008171081543
5,111620,2.8269412517547607
5,111630,2.8494749069213867
5,111640,2.6212291717529297
5,111650,3.245267391204834
5,111660,3.0907137393951416
5,111670,2.5281105041503906
5,111680,2.6325368881225586
5,111690,2.890209436416626
5,111700,2.6262764930725098
5,111710,3.011408805847168
5,111720,2.7358784675598145
5,111730,2.9348373413085938
5,111740,2.670530319213867
5,111750,2.6360316276550293
5,111760,2.4522175788879395
5,111770,3.0530283451080322
5,111780,2.748195171356201
5,111790,2.972262144088745
5,111800,2.712433338165283
5,111810,2.7988576889038086
5,111820,2.438523292541504
5,111830,2.3354430198669434
5,111840,2.292989730834961
5,111850,2.8703250885009766
5,111860,2.941189765930176
5,111870,2.6436033248901367
5,111880,3.2195472717285156
5,111890,2.909980297088623
5,111900,3.0787761211395264
5,111910,3.7716283798217773
5,111920,2.8441073894500732
5,111930,3.2217249870300293
5,111940,2.1691558361053467
5,111950,2.8676862716674805
5,111960,2.6892895698547363
5,111970,2.5662264823913574
5,111980,2.808051109313965
5,111990,2.7690024375915527
5,112000,3.447441577911377
5,112010,2.6291069984436035
5,112020,2.5868258476257324
5,112030,2.870037317276001
5,112040,3.048788070678711
5,112050,3.2900311946868896
5,112060,2.985365390777588
5,112070,2.619447708129883
5,112080,2.7905032634735107
5,112090,2.7986526489257812
5,112100,3.049356460571289
5,112110,2.848261833190918
5,112120,2.494551181793213
5,112130,2.8106555938720703
5,112140,2.866816520690918
5,112150,3.0338454246520996
5,112160,3.0142974853515625
5,112170,3.1890697479248047
5,112180,2.8000099658966064
5,112190,3.274493932723999
5,112200,3.0512895584106445
5,112210,2.9181065559387207
5,112220,3.0723328590393066
5,112230,3.026163101196289
5,112240,3.2390756607055664
5,112250,3.140458822250366
5,112260,3.447700023651123
5,112270,2.7630372047424316
5,112280,2.9572057723999023
5,112290,2.9707722663879395
5,112300,2.9348623752593994
5,112310,2.645505905151367
5,112320,2.8387246131896973
5,112330,3.177260637283325
5,112340,3.24257230758667
5,112350,3.216622829437256
5,112360,3.038250207901001
5,112370,3.613243579864502
5,112380,3.183988571166992
5,112390,3.260092258453369
5,112400,2.55287504196167
5,112410,3.1508657932281494
5,112420,3.362921714782715
5,112430,2.8749465942382812
5,112440,3.1010470390319824
5,112450,3.4456992149353027
5,112460,3.625885486602783
5,112470,2.689378261566162
5,112480,3.898958206176758
5,112490,2.7840466499328613
5,112500,2.98195743560791
5,112510,2.876894950866699
5,112520,3.085812568664551
5,112530,3.353487730026245
5,112540,3.113457679748535
5,112550,3.4519100189208984
5,112560,2.622964859008789
5,112570,3.131927490234375
5,112580,2.603808879852295
5,112590,2.8788623809814453
5,112600,3.0724613666534424
5,112610,3.083733320236206
5,112620,2.85209059715271
5,112630,2.44360089302063
5,112640,3.2170169353485107
5,112650,2.6934900283813477
5,112660,3.2312827110290527
5,112670,2.6324782371520996
5,112680,3.232278347015381
5,112690,2.938889503479004
5,112700,3.2635271549224854
5,112710,2.702146291732788
5,112720,2.9842824935913086
5,112730,2.6096224784851074
5,112740,2.942619800567627
5,112750,3.5672974586486816
5,112760,2.995856285095215
5,112770,2.6650614738464355
5,112780,2.718432903289795
5,112790,3.4094464778900146
5,112800,2.8277668952941895
5,112810,2.8086628913879395
5,112820,2.6810858249664307
5,112830,3.0160059928894043
5,112840,2.8943183422088623
5,112850,3.061918258666992
5,112860,3.048855781555176
5,112870,2.655665397644043
5,112880,2.6271958351135254
5,112890,2.4178147315979004
5,112900,2.9702253341674805
5,112910,2.9550695419311523
5,112920,2.780339241027832
5,112930,2.7362775802612305
5,112940,3.045506477355957
5,112950,2.8481979370117188
5,112960,3.385059356689453
5,112970,2.726065158843994
5,112980,2.935947895050049
5,112990,3.230038642883301
5,113000,2.759488344192505
5,113010,2.7954306602478027
5,113020,3.1807618141174316
5,113030,2.6004650592803955
5,113040,3.3708019256591797
5,113050,2.7075448036193848
5,113060,2.6681690216064453
5,113070,3.211902379989624
5,113080,3.506669044494629
5,113090,3.4261631965637207
5,113100,2.9214930534362793
5,113110,2.9766855239868164
5,113120,3.596251964569092
5,113130,2.7245311737060547
5,113140,2.8678717613220215
5,113150,3.027059555053711
5,113160,2.5946292877197266
5,113170,3.3949379920959473
5,113180,2.970396041870117
5,113190,2.7847869396209717
5,113200,3.0261473655700684
5,113210,2.8818321228027344
5,113220,2.6281440258026123
5,113230,2.9473066329956055
5,113240,2.932659149169922
5,113250,3.149928092956543
5,113260,2.9172616004943848
5,113270,3.028468608856201
5,113280,3.120124578475952
5,113290,2.77284574508667
5,113300,2.991307258605957
5,113310,3.293973922729492
5,113320,2.892838716506958
5,113330,3.04708194732666
5,113340,2.7491745948791504
5,113350,2.551724433898926
5,113360,3.2699532508850098
5,113370,3.3875386714935303
5,113380,2.862668037414551
5,113390,3.072561740875244
5,113400,2.9209837913513184
5,113410,3.039095878601074
5,113420,2.6973743438720703
5,113430,3.042754650115967
5,113440,3.332859992980957
5,113450,2.496580123901367
5,113460,2.8246636390686035
5,113470,2.5439529418945312
5,113480,2.972590923309326
5,113490,2.7147717475891113
5,113500,3.0999531745910645
5,113510,2.7103703022003174
5,113520,2.8904004096984863
5,113530,3.122462272644043
5,113540,2.8190221786499023
5,113550,3.0069799423217773
5,113560,3.1377663612365723
5,113570,2.5220556259155273
5,113580,3.4953742027282715
5,113590,2.7893295288085938
5,113600,3.708885669708252
5,113610,3.1228134632110596
5,113620,2.376452922821045
5,113630,3.2266619205474854
5,113640,2.884880542755127
5,113650,2.830981731414795
5,113660,3.087334394454956
5,113670,2.9234766960144043
5,113680,3.3816401958465576
5,113690,3.198143482208252
5,113700,2.957785129547119
5,113710,2.5605711936950684
5,113720,2.9222915172576904
5,113730,3.000392436981201
5,113740,2.8417856693267822
5,113750,2.8826794624328613
5,113760,2.701180934906006
5,113770,3.1553335189819336
5,113780,2.9924468994140625
5,113790,2.545802593231201
5,113800,3.0986275672912598
5,113810,2.926325798034668
5,113820,2.3595662117004395
5,113830,3.173595905303955
5,113840,2.9435811042785645
5,113850,2.6223304271698
5,113860,2.9447970390319824
5,113870,3.3044819831848145
5,113880,3.1638498306274414
5,113890,3.181662082672119
5,113900,2.891467571258545
5,113910,3.421898126602173
5,113920,2.7470641136169434
5,113930,3.274714946746826
5,113940,3.297299861907959
5,113950,2.846970796585083
5,113960,3.079860210418701
5,113970,3.1499764919281006
5,113980,2.9132425785064697
5,113990,3.1127169132232666
5,114000,3.097195625305176
5,114010,3.4591541290283203
5,114020,2.674898862838745
5,114030,3.337749719619751
5,114040,2.536001205444336
5,114050,3.1867241859436035
5,114060,2.5524981021881104
5,114070,3.1395716667175293
5,114080,2.5792245864868164
5,114090,2.886340618133545
5,114100,3.007943630218506
5,114110,2.7172820568084717
5,114120,2.910214424133301
5,114130,2.6265616416931152
5,114140,2.929182291030884
5,114150,3.1262168884277344
5,114160,2.7070798873901367
5,114170,2.8160958290100098
5,114180,3.0115294456481934
5,114190,2.7371115684509277
5,114200,2.6505842208862305
5,114210,3.4259893894195557
5,114220,3.4839439392089844
5,114230,3.086477756500244
5,114240,3.121656656265259
5,114250,2.928403854370117
5,114260,2.650394916534424
5,114270,2.661508560180664
5,114280,2.9013171195983887
5,114290,3.0386288166046143
5,114300,2.8784990310668945
5,114310,2.6486239433288574
5,114320,2.882734775543213
5,114330,2.686399459838867
5,114340,2.9764809608459473
5,114350,3.3531720638275146
5,114360,3.2991580963134766
5,114370,2.9766054153442383
5,114380,2.6130003929138184
5,114390,2.9245266914367676
5,114400,2.519336223602295
5,114410,2.5941617488861084
5,114420,2.8598546981811523
5,114430,3.0342726707458496
5,114440,2.690495491027832
5,114450,3.1167759895324707
5,114460,2.8588433265686035
5,114470,3.2336578369140625
5,114480,2.6522607803344727
5,114490,2.866530418395996
5,114500,2.4700913429260254
5,114510,2.6956443786621094
5,114520,2.668498992919922
5,114530,3.02128267288208
5,114540,2.783013343811035
5,114550,3.473172187805176
5,114560,3.0859646797180176
5,114570,2.841336727142334
5,114580,2.395383834838867
5,114590,3.4799728393554688
5,114600,3.073148727416992
5,114610,2.9717702865600586
5,114620,2.877136707305908
5,114630,3.0969398021698
5,114640,2.691038131713867
5,114650,3.5384507179260254
5,114660,2.731962203979492
5,114670,2.950310707092285
5,114680,2.878664970397949
5,114690,2.8252713680267334
5,114700,3.2085800170898438
5,114710,2.8093361854553223
5,114720,2.8943166732788086
5,114730,2.5572891235351562
5,114740,2.336672306060791
5,114750,2.796030044555664
5,114760,2.9440670013427734
5,114770,2.7206010818481445
5,114780,2.9953114986419678
5,114790,2.5532665252685547
5,114800,2.6228833198547363
5,114810,2.4585962295532227
5,114820,3.587601661682129
5,114830,2.655592203140259
5,114840,2.9544029235839844
5,114850,2.7537832260131836
5,114860,2.702502727508545
5,114870,2.751145839691162
5,114880,3.0096206665039062
5,114890,3.0011794567108154
5,114900,2.7663357257843018
5,114910,2.9232845306396484
5,114920,3.0173726081848145
5,114930,3.0966014862060547
5,114940,2.7952046394348145
5,114950,2.7644476890563965
5,114960,2.983851671218872
5,114970,2.6704647541046143
5,114980,2.949002742767334
5,114990,3.135193347930908
5,115000,2.9724321365356445
5,115010,2.8614845275878906
5,115020,3.653843641281128
5,115030,2.6326208114624023
5,115040,2.7272539138793945
5,115050,2.9701075553894043
5,115060,3.277215003967285
5,115070,3.1324610710144043
5,115080,2.907290458679199
5,115090,3.243137836456299
5,115100,3.009516716003418
5,115110,3.2984936237335205
5,115120,2.8877224922180176
5,115130,3.3117623329162598
5,115140,3.4502549171447754
5,115150,2.7920987606048584
5,115160,3.21494722366333
5,115170,3.3762340545654297
5,115180,2.9075565338134766
5,115190,2.723583698272705
5,115200,2.5822572708129883
5,115210,2.9488394260406494
5,115220,2.4302515983581543
5,115230,3.1252832412719727
5,115240,2.629612922668457
5,115250,2.643427848815918
5,115260,2.704279899597168
5,115270,2.8822779655456543
5,115280,3.467043399810791
5,115290,2.90374755859375
5,115300,2.9459550380706787
5,115310,3.3735361099243164
5,115320,3.1975507736206055
5,115330,2.928412914276123
5,115340,2.877455472946167
5,115350,2.609344005584717
5,115360,3.4961977005004883
5,115370,2.53267765045166
5,115380,2.6389825344085693
5,115390,2.850512981414795
5,115400,3.3545002937316895
5,115410,3.0026228427886963
5,115420,2.8538684844970703
5,115430,3.0601863861083984
5,115440,3.138605833053589
5,115450,3.081287384033203
5,115460,3.155579090118408
5,115470,3.1468911170959473
5,115480,3.0644469261169434
5,115490,2.649552822113037
5,115500,3.151223659515381
5,115510,2.836237907409668
5,115520,2.823125123977661
5,115530,3.6176795959472656
5,115540,2.9229350090026855
5,115550,3.5058045387268066
5,115560,3.1754159927368164
5,115570,2.767843246459961
5,115580,3.715463638305664
5,115590,3.1541996002197266
5,115600,2.435257911682129
5,115610,3.4472432136535645
5,115620,2.386455774307251
5,115630,2.9305319786071777
5,115640,2.7785253524780273
5,115650,2.8299922943115234
5,115660,2.654751777648926
5,115670,3.224625587463379
5,115680,3.0127904415130615
5,115690,2.7760982513427734
5,115700,2.8768186569213867
5,115710,3.210482120513916
6,115720,2.8346385955810547
6,115730,3.386261224746704
6,115740,3.5324909687042236
6,115750,3.227198600769043
6,115760,3.3440046310424805
6,115770,3.46039080619812
6,115780,2.814196825027466
6,115790,2.723606586456299
6,115800,2.9043335914611816
6,115810,2.740952968597412
6,115820,3.405701160430908
6,115830,3.062199592590332
6,115840,2.5656979084014893
6,115850,2.7995831966400146
6,115860,3.076395273208618
6,115870,3.282099962234497
6,115880,2.9438724517822266
6,115890,2.93966007232666
6,115900,3.316394329071045
6,115910,2.9116902351379395
6,115920,3.075808525085449
6,115930,2.8633575439453125
6,115940,2.8448486328125
6,115950,3.5288259983062744
6,115960,3.108234167098999
6,115970,3.035594940185547
6,115980,3.315952777862549
6,115990,3.063776969909668
6,116000,3.3652844429016113
6,116010,2.880035161972046
6,116020,2.9743447303771973
6,116030,2.9859328269958496
6,116040,2.9286246299743652
6,116050,2.9485678672790527
6,116060,2.905928611755371
6,116070,3.1797432899475098
6,116080,2.980670928955078
6,116090,2.8795058727264404
6,116100,2.7173776626586914
6,116110,2.9637327194213867
6,116120,3.053927421569824
6,116130,3.651305913925171
6,116140,3.150458812713623
6,116150,3.1671643257141113
6,116160,2.726261615753174
6,116170,2.8096556663513184
6,116180,3.2598929405212402
6,116190,2.9220170974731445
6,116200,3.1522388458251953
6,116210,2.3999624252319336
6,116220,3.0136947631835938
6,116230,3.305069923400879
6,116240,2.928874969482422
6,116250,2.9252476692199707
6,116260,2.828744888305664
6,116270,3.6181130409240723
6,116280,2.7387032508850098
6,116290,3.16434383392334
6,116300,2.760061502456665
6,116310,3.3723208904266357
6,116320,2.729959487915039
6,116330,2.6531436443328857
6,116340,2.544480085372925
6,116350,2.8395557403564453
6,116360,2.5171852111816406
6,116370,3.040940761566162
6,116380,2.8980555534362793
6,116390,3.8771090507507324
6,116400,2.5183145999908447
6,116410,2.808090925216675
6,116420,3.435152053833008
6,116430,3.2518861293792725
6,116440,3.2392349243164062
6,116450,2.8464906215667725
6,116460,2.4811806678771973
6,116470,3.0501928329467773
6,116480,2.9727964401245117
6,116490,3.0359349250793457
6,116500,3.228076934814453
6,116510,2.977156162261963
6,116520,3.2239391803741455
6,116530,2.7187225818634033
6,116540,3.300938606262207
6,116550,2.7664453983306885
6,116560,2.8801538944244385
6,116570,2.8373312950134277
6,116580,2.993345260620117
6,116590,3.1118621826171875
6,116600,3.4176254272460938
6,116610,2.9217917919158936
6,116620,3.1497273445129395
6,116630,2.7407217025756836
6,116640,3.129757881164551
6,116650,3.4489521980285645
6,116660,3.001511573791504
6,116670,2.5785703659057617
6,116680,2.8142571449279785
6,116690,2.8159260749816895
6,116700,3.1240429878234863
6,116710,2.681535005569458
6,116720,2.9166297912597656
6,116730,3.403865337371826
6,116740,3.3052268028259277
6,116750,2.8727054595947266
6,116760,2.908295154571533
6,116770,2.9657859802246094
6,116780,3.0528030395507812
6,116790,2.7036166191101074
6,116800,2.9842000007629395
6,116810,3.223215341567993
6,116820,2.7111194133758545
6,116830,2.6354846954345703
6,116840,3.363370418548584
6,116850,2.8922553062438965
6,116860,3.360793113708496
6,116870,2.7170286178588867
6,116880,3.2132694721221924
6,116890,2.9657318592071533
6,116900,3.4139668941497803
6,116910,3.225461959838867
6,116920,3.265892505645752
6,116930,2.991739273071289
6,116940,2.7550134658813477
6,116950,3.071040153503418
6,116960,3.073172092437744
6,116970,2.6135363578796387
6,116980,3.3133463859558105
6,116990,2.985996961593628
6,117000,2.6463732719421387
6,117010,3.0189383029937744
6,117020,3.0545082092285156
6,117030,2.792522668838501
6,117040,2.67152738571167
6,117050,3.088505744934082
6,117060,2.947620391845703
6,117070,2.9389805793762207
6,117080,3.2776355743408203
6,117090,3.0023508071899414
6,117100,2.9690229892730713
6,117110,2.982715129852295
6,117120,2.4889349937438965
6,117130,2.5775253772735596
6,117140,2.754176378250122
6,117150,3.3763492107391357
6,117160,2.773447036743164
6,117170,3.8052992820739746
6,117180,3.4610915184020996
6,117190,3.217256546020508
6,117200,3.0820674896240234
6,117210,2.673003911972046
6,117220,2.903329849243164
6,117230,2.800518751144409
6,117240,3.2303125858306885
6,117250,3.435227870941162
6,117260,2.8178956508636475
6,117270,3.1503372192382812
6,117280,3.279141902923584
6,117290,2.640016794204712
6,117300,2.5780558586120605
6,117310,2.810023307800293
6,117320,2.695197105407715
6,117330,3.271855115890503
6,117340,3.1405153274536133
6,117350,2.4780433177948
6,117360,3.059523582458496
6,117370,2.599226951599121
6,117380,2.8827080726623535
6,117390,2.4828057289123535
6,117400,2.9099032878875732
6,117410,2.850860118865967
6,117420,2.779374122619629
6,117430,2.7669625282287598
6,117440,2.8073248863220215
6,117450,3.064610004425049
6,117460,2.9892382621765137
6,117470,2.6649169921875
6,117480,2.358302354812622
6,117490,2.9628372192382812
6,117500,2.9505839347839355
6,117510,2.6491947174072266
6,117520,2.358722686767578
6,117530,2.7110111713409424
6,117540,2.852726936340332
6,117550,3.0719213485717773
6,117560,3.2473301887512207
6,117570,3.415564775466919
6,117580,2.95914888381958
6,117590,3.5163817405700684
6,117600,2.6314125061035156
6,117610,3.5094103813171387
6,117620,2.896629810333252
6,117630,3.0692009925842285
6,117640,2.8973889350891113
6,117650,2.556523323059082
6,117660,3.167351245880127
6,117670,3.0017149448394775
6,117680,3.0679988861083984
6,117690,2.357787609100342
6,117700,2.987593173980713
6,117710,3.1290993690490723
6,117720,3.1776609420776367
6,117730,3.3862571716308594
6,117740,3.059997081756592
6,117750,3.086198329925537
6,117760,2.866586208343506
6,117770,2.731440305709839
6,117780,2.775099992752075
6,117790,3.0007483959198
6,117800,3.3697500228881836
6,117810,2.5656704902648926
6,117820,2.6699390411376953
6,117830,3.175290107727051
6,117840,3.0680205821990967
6,117850,3.3151931762695312
6,117860,2.816418170928955
6,117870,2.6341452598571777
6,117880,3.0291342735290527
6,117890,2.7840206623077393
6,117900,3.0148863792419434
6,117910,2.7671608924865723
6,117920,2.8612823486328125
6,117930,2.8056280612945557
6,117940,2.849973201751709
6,117950,2.977339744567871
6,117960,3.4525465965270996
6,117970,2.632094383239746
6,117980,3.1391046047210693
6,117990,3.238145112991333
6,118000,2.7306180000305176
6,118010,3.271574020385742
6,118020,2.5643386840820312
6,118030,2.628556489944458
6,118040,2.9868953227996826
6,118050,3.060410499572754
6,118060,2.714548349380493
6,118070,2.9923129081726074
6,118080,3.190277099609375
6,118090,2.7654411792755127
6,118100,3.0640625953674316
6,118110,3.003782272338867
6,118120,2.980917453765869
6,118130,2.989666223526001
6,118140,2.9593725204467773
6,118150,2.9487252235412598
6,118160,3.175933361053467
6,118170,3.0492680072784424
6,118180,2.6193342208862305
6,118190,3.4783859252929688
6,118200,3.0852620601654053
6,118210,2.9868922233581543
6,118220,2.919614791870117
6,118230,2.651064395904541
6,118240,3.227607011795044
6,118250,2.8957715034484863
6,118260,3.2222681045532227
6,118270,3.2619454860687256
6,118280,3.0301644802093506
6,118290,2.7826104164123535
6,118300,2.795046329498291
6,118310,2.95571231842041
6,118320,3.154850482940674
6,118330,2.7720351219177246
6,118340,3.2147057056427
6,118350,2.6104695796966553
6,118360,2.9226064682006836
6,118370,2.564857244491577
6,118380,2.862034320831299
6,118390,3.2603769302368164
6,118400,2.8234176635742188
6,118410,3.032108783721924
6,118420,3.2850899696350098
6,118430,3.3173069953918457
6,118440,3.319650650024414
6,118450,2.8056564331054688
6,118460,3.23799467086792
6,118470,3.120497226715088
6,118480,2.8930106163024902
6,118490,2.9849276542663574
6,118500,3.3606250286102295
6,118510,3.2376937866210938
6,118520,2.937415599822998
6,118530,3.2115182876586914
6,118540,3.0864429473876953
6,118550,2.5316150188446045
6,118560,3.366781711578369
6,118570,3.111706256866455
6,118580,3.087085247039795
6,118590,3.428115129470825
6,118600,2.6590750217437744
6,118610,3.615607261657715
6,118620,3.4919819831848145
6,118630,2.7253646850585938
6,118640,4.067669868469238
6,118650,2.802018642425537
6,118660,2.559399366378784
6,118670,2.750060558319092
6,118680,3.0775537490844727
6,118690,2.8817057609558105
6,118700,3.3792405128479004
6,118710,3.1718130111694336
6,118720,2.931373119354248
6,118730,3.0778627395629883
6,118740,2.8072762489318848
6,118750,3.257251739501953
6,118760,3.3886284828186035
6,118770,3.075749397277832
6,118780,3.1239542961120605
6,118790,3.5922207832336426
6,118800,2.7734832763671875
6,118810,3.5347886085510254
6,118820,2.9111552238464355
6,118830,3.042567253112793
6,118840,2.772993803024292
6,118850,2.834442138671875
6,118860,3.1461195945739746
6,118870,2.757899045944214
6,118880,3.1762776374816895
6,118890,2.6260037422180176
6,118900,3.037158489227295
6,118910,2.9042110443115234
6,118920,3.6951420307159424
6,118930,2.762951374053955
6,118940,2.5709986686706543
6,118950,2.8041088581085205
6,118960,3.2242581844329834
6,118970,2.9280846118927
6,118980,3.0044398307800293
6,118990,3.1163272857666016
6,119000,3.129286289215088
6,119010,2.7191810607910156
6,119020,2.63564395904541
6,119030,2.9459683895111084
6,119040,3.415985345840454
6,119050,2.599837303161621
6,119060,2.865605354309082
6,119070,3.1672568321228027
6,119080,3.070183753967285
6,119090,3.5616068840026855
6,119100,3.407078742980957
6,119110,3.2393388748168945
6,119120,3.0544464588165283
6,119130,2.748751640319824
6,119140,3.143404483795166
6,119150,3.510758876800537
6,119160,3.609138011932373
6,119170,2.8537940979003906
6,119180,2.9682095050811768
6,119190,3.2024803161621094
6,119200,2.8849902153015137
6,119210,3.31304931640625
6,119220,3.132826566696167
6,119230,2.9014945030212402
6,119240,2.8965415954589844
6,119250,3.0395865440368652
6,119260,3.02860689163208
6,119270,2.594574451446533
6,119280,3.0052378177642822
6,119290,3.1599550247192383
6,119300,3.243577480316162
6,119310,2.626657247543335
6,119320,2.7486720085144043
6,119330,2.638345718383789
6,119340,3.0714433193206787
6,119350,2.866453170776367
6,119360,3.161128282546997
6,119370,3.3542850017547607
6,119380,3.0191760063171387
6,119390,3.149747371673584
6,119400,3.4876036643981934
6,119410,2.5978026390075684
6,119420,2.7439537048339844
6,119430,2.6212520599365234
6,119440,2.613060235977173
6,119450,2.752676486968994
6,119460,3.3044333457946777
6,119470,3.205824851989746
6,119480,2.913691520690918
6,119490,2.761843681335449
6,119500,3.260993003845215
6,119510,2.4281437397003174
6,119520,3.164584159851074
6,119530,3.3970916271209717
6,119540,2.831303119659424
6,119550,3.5007495880126953
6,119560,3.030386447906494
6,119570,2.9768519401550293
6,119580,2.940735101699829
6,119590,3.106289863586426
6,119600,3.3634071350097656
6,119610,2.915778398513794
6,119620,3.377635955810547
6,119630,3.024625301361084
6,119640,3.1778039932250977
6,119650,3.508401393890381
6,119660,3.2031991481781006
6,119670,3.7022767066955566
6,119680,3.2864623069763184
6,119690,3.2464537620544434
6,119700,3.3772470951080322
6,119710,2.853792190551758
6,119720,3.096217632293701
6,119730,2.443909168243408
6,119740,2.983198642730713
6,119750,3.075657844543457
6,119760,3.352933406829834
6,119770,3.2282466888427734
6,119780,2.8436830043792725
6,119790,3.2780303955078125
6,119800,2.975569248199463
6,119810,3.1276984214782715
6,119820,3.38922119140625
6,119830,2.860619068145752
6,119840,2.67539381980896
6,119850,2.929408311843872
6,119860,2.806060791015625
6,119870,2.832520008087158
6,119880,2.856710195541382
6,119890,3.5444483757019043
6,119900,2.9637625217437744
6,119910,3.4090919494628906
6,119920,3.453946590423584
6,119930,3.084399700164795
6,119940,3.3947057723999023
6,119950,2.9150474071502686
6,119960,2.667909622192383
6,119970,2.8547487258911133
6,119980,2.835946798324585
6,119990,3.0027289390563965
6,120000,3.0478057861328125
6,120010,2.7251524925231934
6,120020,2.8852763175964355
6,120030,3.3971409797668457
6,120040,2.444831371307373
6,120050,3.067648410797119
6,120060,2.8180108070373535
6,120070,2.931856393814087
6,120080,2.716284990310669
6,120090,2.8177261352539062
6,120100,2.7447357177734375
6,120110,2.6291871070861816
6,120120,2.4754316806793213
6,120130,2.886500835418701
6,120140,2.9748592376708984
6,120150,2.638801097869873
6,120160,2.5710086822509766
6,120170,2.5992398262023926
6,120180,2.9057393074035645
6,120190,3.3275976181030273
6,120200,2.8102498054504395
6,120210,3.0938873291015625
6,120220,2.2291412353515625
6,120230,2.5880930423736572
6,120240,2.986851692199707
6,120250,2.8321151733398438
6,120260,2.975614309310913
6,120270,3.312549114227295
6,120280,2.742483139038086
6,120290,2.860776901245117
6,120300,2.583599805831909
6,120310,2.7424049377441406
6,120320,2.60477352142334
6,120330,3.084650993347168
6,120340,2.7584805488586426
6,120350,2.8451175689697266
6,120360,2.7412848472595215
6,120370,2.7634716033935547
6,120380,3.039818525314331
6,120390,2.6817193031311035
6,120400,2.7019309997558594
6,120410,2.789476156234741
6,120420,3.0784175395965576
6,120430,2.7820491790771484
6,120440,2.8221888542175293
6,120450,2.765038013458252
6,120460,2.9469103813171387
6,120470,3.079681396484375
6,120480,2.505549192428589
6,120490,2.7840988636016846
6,120500,2.725493907928467
6,120510,2.6349058151245117
6,120520,2.899590015411377
6,120530,2.5717148780822754
6,120540,2.732459783554077
6,120550,2.8978371620178223
6,120560,2.688023090362549
6,120570,2.747788429260254
6,120580,3.1952402591705322
6,120590,2.461704730987549
6,120600,2.806107997894287
6,120610,2.7060000896453857
6,120620,2.815086841583252
6,120630,2.5490944385528564
6,120640,2.738276481628418
6,120650,3.2631676197052
6,120660,2.544482707977295
6,120670,2.739287853240967
6,120680,2.947887420654297
6,120690,2.746347665786743
6,120700,2.6997077465057373
6,120710,2.526884078979492
6,120720,2.6286354064941406
6,120730,2.3366873264312744
6,120740,2.711190938949585
6,120750,2.355933904647827
6,120760,2.7791757583618164
6,120770,2.9286839962005615
6,120780,2.8764548301696777
6,120790,2.506047248840332
6,120800,2.902029514312744
6,120810,2.3585081100463867
6,120820,2.460850715637207
6,120830,2.705300807952881
6,120840,2.986771583557129
6,120850,3.24843692779541
6,120860,2.980678081512451
6,120870,2.9440813064575195
6,120880,3.076615810394287
6,120890,3.0857326984405518
6,120900,3.1131467819213867
6,120910,2.991617202758789
6,120920,2.8812859058380127
6,120930,2.7505955696105957
6,120940,2.956833839416504
6,120950,2.5381898880004883
6,120960,2.6655869483947754
6,120970,3.1410629749298096
6,120980,2.5817413330078125
6,120990,2.5654754638671875
6,121000,2.7220489978790283
6,121010,2.755246162414551
6,121020,2.903627395629883
6,121030,3.049222469329834
6,121040,2.531636953353882
6,121050,2.7256064414978027
6,121060,2.6039741039276123
6,121070,2.8608202934265137
6,121080,2.609877109527588
6,121090,2.4428696632385254
6,121100,2.8836581707000732
6,121110,3.4348316192626953
6,121120,2.9930953979492188
6,121130,2.8100180625915527
6,121140,2.6702027320861816
6,121150,2.8894906044006348
6,121160,2.9280123710632324
6,121170,2.6671087741851807
6,121180,2.8056211471557617
6,121190,2.5446958541870117
6,121200,2.9023501873016357
6,121210,2.7222275733947754
6,121220,2.4606144428253174
6,121230,3.046579360961914
6,121240,2.773151397705078
6,121250,2.283264398574829
6,121260,2.7675719261169434
6,121270,3.034471273422241
6,121280,2.5845136642456055
6,121290,2.4575698375701904
6,121300,3.081047534942627
6,121310,3.108412265777588
6,121320,2.7137551307678223
6,121330,2.7278361320495605
6,121340,2.531735897064209
6,121350,2.90193247795105
6,121360,2.672074794769287
6,121370,2.7834434509277344
6,121380,3.15378475189209
6,121390,3.1081008911132812
6,121400,2.8713016510009766
6,121410,2.458679676055908
6,121420,2.919581890106201
6,121430,2.6971793174743652
6,121440,2.677201747894287
6,121450,2.4594621658325195
6,121460,3.1975040435791016
6,121470,2.8497366905212402
6,121480,2.880859375
6,121490,2.6371078491210938
6,121500,2.852238893508911
6,121510,2.5385899543762207
6,121520,2.6893513202667236
6,121530,2.8819682598114014
6,121540,2.555612564086914
6,121550,3.1061460971832275
6,121560,2.754936695098877
6,121570,3.043539047241211
6,121580,3.0134499073028564
6,121590,2.3385372161865234
6,121600,2.933412551879883
6,121610,3.061227321624756
6,121620,3.034092903137207
6,121630,2.844261646270752
6,121640,2.8781261444091797
6,121650,2.803231716156006
6,121660,2.5465893745422363
6,121670,3.1912283897399902
6,121680,2.7051618099212646
6,121690,2.676363229751587
6,121700,2.638064384460449
6,121710,2.678220748901367
6,121720,2.9580349922180176
6,121730,3.361599922180176
6,121740,2.8589344024658203
6,121750,2.805541753768921
6,121760,2.7484161853790283
6,121770,3.0839028358459473
6,121780,3.0804057121276855
6,121790,2.7789041996002197
6,121800,2.4675753116607666
6,121810,2.9086971282958984
6,121820,2.7523345947265625
6,121830,3.13858699798584
6,121840,2.5391759872436523
6,121850,3.1541247367858887
6,121860,2.8639235496520996
6,121870,2.5867319107055664
6,121880,3.0230016708374023
6,121890,2.915019989013672
6,121900,2.9330029487609863
6,121910,2.77919864654541
6,121920,2.493795871734619
6,121930,3.4464540481567383
6,121940,2.7254085540771484
6,121950,3.0963516235351562
6,121960,2.830646276473999
6,121970,2.8398990631103516
6,121980,3.180173635482788
6,121990,2.812739133834839
6,122000,2.437770128250122
6,122010,2.3653392791748047
6,122020,2.468630790710449
6,122030,2.9503042697906494
6,122040,2.7601399421691895
6,122050,2.639141321182251
6,122060,2.9633212089538574
6,122070,2.9579038619995117
6,122080,2.6155195236206055
6,122090,2.925621509552002
6,122100,2.739199638366699
6,122110,2.985053062438965
6,122120,2.505941390991211
6,122130,2.382606029510498
6,122140,3.130530834197998
6,122150,2.8533644676208496
6,122160,3.4228098392486572
6,122170,2.6059913635253906
6,122180,2.8965137004852295
6,122190,2.7964234352111816
6,122200,2.7112834453582764
6,122210,3.086510419845581
6,122220,2.6419973373413086
6,122230,2.869846820831299
6,122240,2.52858829498291
6,122250,2.344153642654419
6,122260,3.097203016281128
6,122270,2.4999499320983887
6,122280,2.6745290756225586
6,122290,2.8064041137695312
6,122300,2.9076504707336426
6,122310,2.875196933746338
6,122320,2.5937156677246094
6,122330,2.4677248001098633
6,122340,2.9672112464904785
6,122350,3.011585235595703
6,122360,2.840179443359375
6,122370,2.843804121017456
6,122380,2.6686973571777344
6,122390,2.3005409240722656
6,122400,2.570906639099121
6,122410,2.884518623352051
6,122420,2.4082746505737305
6,122430,2.7801260948181152
6,122440,2.8400838375091553
6,122450,2.935978889465332
6,122460,2.6613378524780273
6,122470,2.7978515625
6,122480,2.377854824066162
6,122490,3.12918758392334
6,122500,2.5372352600097656
6,122510,2.718540668487549
6,122520,2.870269775390625
6,122530,3.059417247772217
6,122540,2.6933090686798096
6,122550,2.4196486473083496
6,122560,2.6487174034118652
6,122570,2.8188390731811523
6,122580,2.7464072704315186
6,122590,2.8321332931518555
6,122600,2.4441819190979004
6,122610,3.1912472248077393
6,122620,2.657909393310547
6,122630,2.4465043544769287
6,122640,2.8849072456359863
6,122650,2.3283090591430664
6,122660,2.9902548789978027
6,122670,3.054791212081909
6,122680,2.527458667755127
6,122690,2.9779233932495117
6,122700,3.0171146392822266
6,122710,2.8724732398986816
6,122720,2.7646899223327637
6,122730,2.825585126876831
6,122740,2.7131848335266113
6,122750,3.0004565715789795
6,122760,2.7050557136535645
6,122770,2.4807276725769043
6,122780,2.9719910621643066
6,122790,2.82900333404541
6,122800,2.6259260177612305
6,122810,2.725353240966797
6,122820,2.908047676086426
6,122830,2.279205322265625
6,122840,2.7987897396087646
6,122850,2.9297008514404297
6,122860,2.5641186237335205
6,122870,2.5785069465637207
6,122880,3.0681381225585938
6,122890,3.103294849395752
6,122900,2.883270502090454
6,122910,2.665919303894043
6,122920,2.881998062133789
6,122930,2.7996864318847656
6,122940,2.3823838233947754
6,122950,3.0566067695617676
6,122960,2.8679566383361816
6,122970,3.0553107261657715
6,122980,2.579246997833252
6,122990,2.8281149864196777
6,123000,2.6735544204711914
6,123010,2.9707179069519043
6,123020,3.051161289215088
6,123030,2.8443479537963867
6,123040,2.4240269660949707
6,123050,2.795456886291504
6,123060,2.5464415550231934
6,123070,2.885091781616211
6,123080,3.045620918273926
6,123090,3.028108596801758
6,123100,2.7843592166900635
6,123110,2.536813735961914
6,123120,3.1688385009765625
6,123130,2.71738338470459
6,123140,2.7629072666168213
6,123150,2.5167970657348633
6,123160,2.875730276107788
6,123170,3.2222442626953125
6,123180,2.695446014404297
6,123190,2.477534532546997
6,123200,2.8929553031921387
6,123210,3.1521921157836914
6,123220,2.822582244873047
6,123230,2.548992156982422
6,123240,2.7528347969055176
6,123250,2.9792351722717285
6,123260,2.865501880645752
6,123270,3.129979133605957
6,123280,2.611210346221924
6,123290,2.7274842262268066
6,123300,2.732813835144043
6,123310,3.085663318634033
6,123320,2.81360125541687
6,123330,2.5931899547576904
6,123340,2.994917392730713
6,123350,2.778229236602783
6,123360,2.7829978466033936
6,123370,2.8511428833007812
6,123380,3.0082640647888184
6,123390,2.9526476860046387
6,123400,3.0753366947174072
6,123410,2.6174802780151367
6,123420,3.1587672233581543
6,123430,2.8487257957458496
6,123440,3.2537379264831543
6,123450,2.977440357208252
6,123460,2.6642556190490723
6,123470,3.094097375869751
6,123480,2.9904894828796387
6,123490,2.734038829803467
6,123500,2.874617099761963
6,123510,2.9808926582336426
6,123520,2.7887113094329834
6,123530,3.069094657897949
6,123540,2.98238468170166
6,123550,2.3986010551452637
6,123560,2.476120948791504
6,123570,2.7161788940429688
6,123580,3.721493721008301
6,123590,2.6051011085510254
6,123600,3.066150665283203
6,123610,2.9660754203796387
6,123620,2.6231870651245117
6,123630,2.9704246520996094
6,123640,2.8715174198150635
6,123650,2.6708996295928955
6,123660,2.6435632705688477
6,123670,2.6373801231384277
6,123680,2.743741512298584
6,123690,2.493283987045288
6,123700,2.6352031230926514
6,123710,2.9965367317199707
6,123720,3.1000161170959473
6,123730,3.364614486694336
6,123740,2.441944122314453
6,123750,2.8260338306427
6,123760,2.968831777572632
6,123770,3.0867393016815186
6,123780,2.7609548568725586
6,123790,2.8877511024475098
6,123800,3.0580101013183594
6,123810,2.6987781524658203
6,123820,2.942758798599243
6,123830,2.9696435928344727
6,123840,2.504354953765869
6,123850,2.9082298278808594
6,123860,2.5865437984466553
6,123870,2.734306812286377
6,123880,2.581143856048584
6,123890,3.0361900329589844
6,123900,2.3271608352661133
6,123910,2.6650490760803223
6,123920,2.662034511566162
6,123930,2.673194408416748
6,123940,2.621824264526367
6,123950,2.8938863277435303
6,123960,2.554910659790039
6,123970,3.0234107971191406
6,123980,2.9304237365722656
6,123990,2.7524356842041016
6,124000,3.07124662399292
6,124010,3.431814193725586
6,124020,2.6990644931793213
6,124030,2.59664249420166
6,124040,2.534703254699707
6,124050,3.10514760017395
6,124060,2.6550309658050537
6,124070,2.3621058464050293
6,124080,3.149555206298828
6,124090,2.873497486114502
6,124100,2.6925582885742188
6,124110,2.5330915451049805
6,124120,2.6681385040283203
6,124130,2.6440649032592773
6,124140,2.2088544368743896
6,124150,3.0617196559906006
6,124160,2.7313404083251953
6,124170,3.2074573040008545
6,124180,3.0283236503601074
6,124190,2.5280113220214844
6,124200,3.1530795097351074
6,124210,2.6011979579925537
6,124220,2.562633991241455
6,124230,2.8385634422302246
6,124240,2.6817984580993652
6,124250,2.590183973312378
6,124260,3.3245320320129395
6,124270,2.641500473022461
6,124280,2.722097635269165
6,124290,2.560114860534668
6,124300,2.4643020629882812
6,124310,2.754916191101074
6,124320,2.7760891914367676
6,124330,2.9641294479370117
6,124340,2.93369460105896
6,124350,2.8495962619781494
6,124360,2.228069305419922
6,124370,2.911128282546997
6,124380,2.9158358573913574
6,124390,2.668853282928467
6,124400,2.6091537475585938
6,124410,2.9477434158325195
6,124420,2.612215518951416
6,124430,2.68568754196167
6,124440,2.6950531005859375
6,124450,2.8041799068450928
6,124460,2.7271347045898438
6,124470,2.7090208530426025
6,124480,2.974858045578003
6,124490,2.648733377456665
6,124500,2.8288278579711914
6,124510,3.084226131439209
6,124520,2.5197372436523438
6,124530,2.624973773956299
6,124540,2.646595001220703
6,124550,2.6350808143615723
6,124560,3.158238410949707
6,124570,2.812462329864502
6,124580,2.509662389755249
6,124590,2.447737455368042
6,124600,2.9327683448791504
6,124610,3.2160680294036865
6,124620,2.8623147010803223
6,124630,2.7846121788024902
6,124640,2.88456130027771
6,124650,3.2580206394195557
6,124660,3.574340343475342
6,124670,2.7966201305389404
6,124680,3.306962251663208
6,124690,2.8257503509521484
6,124700,3.524207830429077
6,124710,3.012396812438965
6,124720,2.76094913482666
6,124730,2.8691933155059814
6,124740,2.6722729206085205
6,124750,2.9108731746673584
6,124760,2.5406439304351807
6,124770,2.596998929977417
6,124780,2.8318662643432617
6,124790,2.9169692993164062
6,124800,2.600377082824707
6,124810,2.9559152126312256
6,124820,3.0648465156555176
6,124830,2.6986021995544434
6,124840,2.869638442993164
6,124850,2.8279781341552734
6,124860,2.5686841011047363
6,124870,2.788757085800171
6,124880,2.9621338844299316
6,124890,2.6308064460754395
6,124900,2.6668171882629395
6,124910,2.822577476501465
6,124920,2.656559944152832
6,124930,2.382826089859009
6,124940,2.67162823677063
6,124950,2.3026413917541504
6,124960,3.2303757667541504
6,124970,3.0458250045776367
6,124980,3.8054099082946777
6,124990,2.5768110752105713
6,125000,3.280061960220337
6,125010,2.568382501602173
6,125020,3.080138921737671
6,125030,2.870256185531616
6,125040,2.778075695037842
6,125050,2.69853138923645
6,125060,3.082505226135254
6,125070,2.7843663692474365
6,125080,3.210524559020996
6,125090,2.860152244567871
6,125100,2.4873299598693848
6,125110,2.827753782272339
6,125120,2.77377986907959
6,125130,2.8200759887695312
6,125140,2.4916465282440186
6,125150,3.121366500854492
6,125160,2.785244941711426
6,125170,2.3280696868896484
6,125180,3.1930463314056396
6,125190,2.8699445724487305
6,125200,2.8001697063446045
6,125210,2.697751522064209
6,125220,2.470252513885498
6,125230,2.399907112121582
6,125240,2.4417452812194824
6,125250,2.764869451522827
6,125260,2.7090325355529785
6,125270,2.736361026763916
6,125280,2.4218521118164062
6,125290,2.9297144412994385
6,125300,2.8139126300811768
6,125310,2.357278823852539
6,125320,2.639347553253174
6,125330,2.6474967002868652
6,125340,2.513059377670288
6,125350,2.8406567573547363
6,125360,2.805102825164795
6,125370,2.9331302642822266
6,125380,2.764035224914551
6,125390,3.0560460090637207
6,125400,3.0408267974853516
6,125410,2.7971205711364746
6,125420,2.589994192123413
6,125430,3.015115737915039
6,125440,2.867964029312134
6,125450,2.498854398727417
6,125460,2.8556792736053467
6,125470,3.0077648162841797
6,125480,2.5045464038848877
6,125490,2.6974241733551025
6,125500,2.5538840293884277
6,125510,2.8175125122070312
6,125520,2.4554972648620605
6,125530,2.782261848449707
6,125540,3.0629539489746094
6,125550,3.099795341491699
6,125560,2.4844796657562256
6,125570,2.7942471504211426
6,125580,3.147526741027832
6,125590,2.444556713104248
6,125600,3.0734362602233887
6,125610,2.6291866302490234
6,125620,3.5343141555786133
6,125630,3.1355512142181396
6,125640,3.2000935077667236
6,125650,2.4829893112182617
6,125660,2.8836841583251953
6,125670,3.208527088165283
6,125680,2.4342708587646484
6,125690,2.9195632934570312
6,125700,3.2080154418945312
6,125710,2.5936408042907715
6,125720,2.8362584114074707
6,125730,2.6484484672546387
6,125740,2.7461249828338623
6,125750,2.6101536750793457
6,125760,2.8274660110473633
6,125770,3.1175456047058105
6,125780,2.6836023330688477
6,125790,2.8443050384521484
6,125800,2.8751916885375977
6,125810,2.805837631225586
6,125820,2.946472644805908
6,125830,3.062472343444824
6,125840,2.506808042526245
6,125850,3.2006750106811523
6,125860,2.5650901794433594
6,125870,3.626439332962036
6,125880,2.810286045074463
6,125890,2.732072353363037
6,125900,2.991453170776367
6,125910,2.3978896141052246
6,125920,2.6589231491088867
6,125930,2.6605401039123535
6,125940,2.885376214981079
6,125950,2.5693674087524414
6,125960,2.9604601860046387
6,125970,2.7085886001586914
6,125980,3.2349631786346436
6,125990,2.9198086261749268
6,126000,3.0459113121032715
6,126010,2.3878040313720703
6,126020,3.108851194381714
6,126030,2.828484535217285
6,126040,2.685560703277588
6,126050,2.9199700355529785
6,126060,2.781482696533203
6,126070,2.847419261932373
6,126080,2.761554718017578
6,126090,2.4118504524230957
6,126100,2.7278635501861572
6,126110,2.771852731704712
6,126120,2.780632495880127
6,126130,2.7903027534484863
6,126140,3.091848373413086
6,126150,2.78082537651062
6,126160,3.4224538803100586
6,126170,3.193817138671875
6,126180,3.3670053482055664
6,126190,2.488748073577881
6,126200,2.6913094520568848
6,126210,2.9503719806671143
6,126220,2.8932735919952393
6,126230,3.0571742057800293
6,126240,2.786334991455078
6,126250,2.897891044616699
6,126260,2.776585102081299
6,126270,3.1997361183166504
6,126280,2.906092643737793
6,126290,2.6245884895324707
6,126300,3.060255765914917
6,126310,2.8031575679779053
6,126320,2.431112289428711
6,126330,2.779376745223999
6,126340,2.8176870346069336
6,126350,2.8485283851623535
6,126360,2.7831950187683105
6,126370,2.812537670135498
6,126380,2.377748966217041
6,126390,2.771026134490967
6,126400,3.1695048809051514
6,126410,2.7185592651367188
6,126420,2.788527011871338
6,126430,2.8345227241516113
6,126440,2.7904303073883057
6,126450,2.9048104286193848
6,126460,2.742337226867676
6,126470,2.776277542114258
6,126480,2.4776949882507324
6,126490,2.591118812561035
6,126500,3.2505269050598145
6,126510,2.8140950202941895
6,126520,3.1306495666503906
6,126530,2.8806285858154297
6,126540,3.3622870445251465
6,126550,2.8264808654785156
6,126560,2.723390579223633
6,126570,2.6009936332702637
6,126580,2.659402847290039
6,126590,3.0069074630737305
6,126600,3.25577712059021
6,126610,2.8563547134399414
6,126620,2.9168224334716797
6,126630,3.2278003692626953
6,126640,2.839967727661133
6,126650,2.661296844482422
6,126660,2.8224220275878906
6,126670,2.6200790405273438
6,126680,2.6802163124084473
6,126690,2.142733097076416
6,126700,2.9821600914001465
6,126710,2.711559295654297
6,126720,2.893151044845581
6,126730,3.0523126125335693
6,126740,2.5879311561584473
6,126750,2.8773834705352783
6,126760,2.5735268592834473
6,126770,2.67287015914917
6,126780,3.0367157459259033
6,126790,2.4353976249694824
6,126800,2.883352041244507
6,126810,3.3480215072631836
6,126820,2.979862689971924
6,126830,2.7816720008850098
6,126840,2.616858959197998
6,126850,2.9450502395629883
6,126860,2.8537490367889404
6,126870,2.830634832382202
6,126880,2.4339141845703125
6,126890,3.087066650390625
6,126900,2.518061637878418
6,126910,2.984555959701538
6,126920,2.9695940017700195
6,126930,2.972714900970459
6,126940,2.648768901824951
6,126950,2.7149713039398193
6,126960,2.585604667663574
6,126970,2.9156789779663086
6,126980,2.5669631958007812
6,126990,2.9545679092407227
6,127000,2.513205051422119
6,127010,2.855851888656616
6,127020,2.7769830226898193
6,127030,2.461019515991211
6,127040,2.512162923812866
6,127050,2.7245728969573975
6,127060,2.610322952270508
6,127070,2.8775479793548584
6,127080,2.715081214904785
6,127090,2.443110466003418
6,127100,2.7280771732330322
6,127110,2.5127172470092773
6,127120,2.995584487915039
6,127130,3.0415210723876953
6,127140,3.1172585487365723
6,127150,2.716381788253784
6,127160,2.8434031009674072
6,127170,2.685122489929199
6,127180,2.968113899230957
6,127190,3.1098670959472656
6,127200,3.07657790184021
6,127210,2.980076789855957
6,127220,2.6044278144836426
6,127230,2.8517770767211914
6,127240,2.7201294898986816
6,127250,2.5394976139068604
6,127260,2.201476812362671
6,127270,3.1383941173553467
6,127280,2.981558322906494
6,127290,3.0823755264282227
6,127300,2.405395984649658
6,127310,2.761375904083252
6,127320,2.713129997253418
6,127330,2.6995468139648438
6,127340,3.1387672424316406
6,127350,2.7591075897216797
6,127360,2.6335721015930176
6,127370,2.8020949363708496
6,127380,2.7582552433013916
6,127390,2.7053070068359375
6,127400,3.0838327407836914
6,127410,2.667952060699463
6,127420,2.614748477935791
6,127430,2.6989216804504395
6,127440,3.242100238800049
6,127450,3.0639610290527344
6,127460,2.74758243560791
6,127470,2.738135814666748
6,127480,2.699082136154175
6,127490,3.0879857540130615
6,127500,2.5340306758880615
6,127510,2.7129738330841064
6,127520,2.7067439556121826
6,127530,2.928053617477417
6,127540,2.624187707901001
6,127550,2.5179924964904785
6,127560,2.8137922286987305
6,127570,2.9993157386779785
6,127580,3.1658077239990234
6,127590,2.442326307296753
6,127600,2.6739039421081543
6,127610,2.692093849182129
6,127620,2.981112241744995
6,127630,2.641451835632324
6,127640,2.8594584465026855
6,127650,2.653987169265747
6,127660,3.513700485229492
6,127670,2.604156970977783
6,127680,2.8560049533843994
6,127690,3.3871469497680664
6,127700,2.806881904602051
6,127710,2.716851234436035
6,127720,2.6795411109924316
6,127730,2.978353500366211
6,127740,2.5672764778137207
6,127750,2.960522174835205
6,127760,3.2449421882629395
6,127770,3.050835609436035
6,127780,2.700617790222168
6,127790,2.874054431915283
6,127800,2.5847578048706055
6,127810,2.870718479156494
6,127820,2.8443188667297363
6,127830,3.011324644088745
6,127840,2.951847553253174
6,127850,3.161067485809326
6,127860,2.6105942726135254
6,127870,3.017179012298584
6,127880,2.6699562072753906
6,127890,2.8214831352233887
6,127900,2.712108612060547
6,127910,3.1271538734436035
6,127920,2.53098726272583
6,127930,2.934363842010498
6,127940,2.532205581665039
6,127950,2.7941248416900635
6,127960,3.0764551162719727
6,127970,2.7256784439086914
6,127980,3.555912494659424
6,127990,3.183548927307129
6,128000,2.309126377105713
6,128010,2.545496940612793
6,128020,2.3759243488311768
6,128030,2.559394359588623
6,128040,2.806878089904785
6,128050,2.4667558670043945
6,128060,2.8725249767303467
6,128070,3.005472183227539
6,128080,3.812041759490967
6,128090,2.9704413414001465
6,128100,2.4393773078918457
6,128110,2.7327828407287598
6,128120,2.626890182495117
6,128130,2.913362979888916
6,128140,3.4771487712860107
6,128150,2.9871976375579834
6,128160,2.5768215656280518
6,128170,2.5271799564361572
6,128180,2.946641445159912
6,128190,3.2051544189453125
6,128200,2.5087625980377197
6,128210,2.6760904788970947
6,128220,2.8419864177703857
6,128230,3.002139091491699
6,128240,3.005312442779541
6,128250,2.6995551586151123
6,128260,2.407975673675537
6,128270,3.1575286388397217
6,128280,2.580075263977051
6,128290,2.6511478424072266
6,128300,3.2016172409057617
6,128310,2.9319119453430176
6,128320,2.803358554840088
6,128330,2.685147762298584
6,128340,2.8743464946746826
6,128350,2.924318552017212
6,128360,3.310689926147461
6,128370,3.270068645477295
6,128380,2.273775100708008
6,128390,3.101175546646118
6,128400,2.8367714881896973
6,128410,2.9140312671661377
6,128420,3.0407440662384033
6,128430,2.4610371589660645
6,128440,3.0863265991210938
6,128450,2.4382967948913574
6,128460,2.446925163269043
6,128470,2.883843183517456
6,128480,2.86920166015625
6,128490,2.8502345085144043
6,128500,3.1193878650665283
6,128510,2.9359946250915527
6,128520,2.6085050106048584
6,128530,3.1823437213897705
6,128540,2.8398971557617188
6,128550,2.601810932159424
6,128560,2.986746311187744
6,128570,2.5511982440948486
6,128580,3.016904830932617
6,128590,2.746241569519043
6,128600,2.6378374099731445
6,128610,2.993384838104248
6,128620,2.788282871246338
6,128630,3.0748209953308105
6,128640,2.390071392059326
6,128650,2.7296509742736816
6,128660,2.7066593170166016
6,128670,2.345155715942383
6,128680,2.805269718170166
6,128690,2.6171422004699707
6,128700,2.885457754135132
6,128710,2.9956212043762207
6,128720,2.498431921005249
6,128730,2.785745859146118
6,128740,3.8017051219940186
6,128750,2.758739471435547
6,128760,3.0013070106506348
6,128770,2.8801121711730957
6,128780,2.8635005950927734
6,128790,2.5077831745147705
6,128800,2.8986294269561768
6,128810,3.21665620803833
6,128820,3.0259952545166016
6,128830,3.1400094032287598
6,128840,2.9875946044921875
6,128850,2.8260984420776367
6,128860,2.6629273891448975
6,128870,2.917555809020996
6,128880,2.946094512939453
6,128890,2.9789340496063232
6,128900,2.481874465942383
6,128910,2.9120941162109375
6,128920,2.754746437072754
6,128930,2.959488868713379
6,128940,2.927438259124756
6,128950,3.0668907165527344
6,128960,2.7374162673950195
6,128970,2.4812870025634766
6,128980,3.2046847343444824
6,128990,3.1606712341308594
6,129000,2.865732192993164
6,129010,2.898507833480835
6,129020,2.786914587020874
6,129030,3.154759407043457
6,129040,2.9404969215393066
6,129050,2.698045253753662
6,129060,2.6327152252197266
6,129070,2.913224220275879
6,129080,3.2852413654327393
6,129090,2.7836453914642334
6,129100,3.2230224609375
6,129110,2.6039791107177734
6,129120,2.6441965103149414
6,129130,3.125635862350464
6,129140,2.494426727294922
6,129150,2.827244997024536
6,129160,3.1603951454162598
6,129170,3.182046413421631
6,129180,2.6613922119140625
6,129190,2.783529758453369
6,129200,3.206732749938965
6,129210,2.8172802925109863
6,129220,2.5244057178497314
6,129230,2.7126214504241943
6,129240,2.585343837738037
6,129250,2.9390697479248047
6,129260,3.31611967086792
6,129270,2.9345078468322754
6,129280,2.624850273132324
6,129290,3.0239644050598145
6,129300,2.76694917678833
6,129310,2.663800001144409
6,129320,2.4716591835021973
6,129330,2.7956862449645996
6,129340,3.5457334518432617
6,129350,2.769165277481079
6,129360,2.8288819789886475
6,129370,2.828299045562744
6,129380,3.1801865100860596
6,129390,2.3567543029785156
6,129400,2.737515449523926
6,129410,2.9189419746398926
6,129420,2.5572123527526855
6,129430,2.6602048873901367
6,129440,2.4791531562805176
6,129450,2.911806583404541
6,129460,2.5951690673828125
6,129470,2.873317241668701
6,129480,3.206549882888794
6,129490,2.9489827156066895
6,129500,3.293247699737549
6,129510,2.966830253601074
6,129520,2.443990468978882
6,129530,2.592857599258423
6,129540,2.8557724952697754
6,129550,2.6024088859558105
6,129560,2.4210739135742188
6,129570,2.9042611122131348
6,129580,2.438047170639038
6,129590,2.347430944442749
6,129600,2.4647765159606934
6,129610,2.6867551803588867
6,129620,2.726945638656616
6,129630,2.700532913208008
6,129640,2.740600347518921
6,129650,2.653374195098877
6,129660,2.6267709732055664
6,129670,2.649573802947998
6,129680,3.251864194869995
6,129690,2.773097515106201
6,129700,2.5985212326049805
6,129710,3.4588890075683594
6,129720,3.0332767963409424
6,129730,2.6523666381835938
6,129740,2.975963592529297
6,129750,2.398967742919922
6,129760,3.071502685546875
6,129770,2.872368097305298
6,129780,2.6760168075561523
6,129790,2.504159927368164
6,129800,2.847229480743408
6,129810,2.839690685272217
6,129820,2.3916211128234863
6,129830,2.94374418258667
6,129840,3.159796714782715
6,129850,3.1255807876586914
6,129860,2.7228565216064453
6,129870,2.714144706726074
6,129880,2.962745189666748
6,129890,3.2925219535827637
6,129900,3.417604923248291
6,129910,3.103304386138916
6,129920,3.2221264839172363
6,129930,3.1956849098205566
6,129940,2.9348297119140625
6,129950,2.8466131687164307
6,129960,2.6953601837158203
6,129970,3.1597161293029785
6,129980,3.060175895690918
6,129990,2.3767080307006836
6,130000,2.6765518188476562
6,130010,2.51261305809021
6,130020,2.616377115249634
6,130030,3.3216376304626465
6,130040,2.652228832244873
6,130050,2.379772901535034
6,130060,3.1722192764282227
6,130070,2.716235637664795
6,130080,3.208836078643799
6,130090,2.8758134841918945
6,130100,3.067453384399414
6,130110,2.8194141387939453
6,130120,2.997077465057373
6,130130,2.8186116218566895
6,130140,2.4957878589630127
6,130150,2.924210548400879
6,130160,3.2725954055786133
6,130170,2.4566593170166016
6,130180,2.9599921703338623
6,130190,2.6399755477905273
6,130200,2.4540367126464844
6,130210,2.7991480827331543
6,130220,3.0114102363586426
6,130230,2.9561872482299805
6,130240,2.861046075820923
6,130250,2.666353702545166
6,130260,2.979292869567871
6,130270,2.834629535675049
6,130280,2.7025513648986816
6,130290,3.0711874961853027
6,130300,3.024960994720459
6,130310,2.742795467376709
6,130320,2.9044692516326904
6,130330,2.8167316913604736
6,130340,2.968395709991455
6,130350,2.9163713455200195
6,130360,2.9212136268615723
6,130370,2.4000229835510254
6,130380,2.8460566997528076
6,130390,2.61214542388916
6,130400,3.659114360809326
6,130410,2.462709903717041
6,130420,3.3286006450653076
6,130430,2.8697967529296875
6,130440,3.138080596923828
6,130450,3.0997629165649414
6,130460,3.258625030517578
6,130470,2.6970930099487305
6,130480,3.010356903076172
6,130490,2.9467968940734863
6,130500,2.6305623054504395
6,130510,2.919724941253662
6,130520,2.8537755012512207
6,130530,2.843454122543335
6,130540,2.6081132888793945
6,130550,2.748778820037842
6,130560,2.7615060806274414
6,130570,2.9413363933563232
6,130580,3.1101815700531006
6,130590,2.469285011291504
6,130600,2.7979931831359863
6,130610,3.364161252975464
6,130620,2.9785659313201904
6,130630,2.5642638206481934
6,130640,2.803102970123291
6,130650,2.7172956466674805
6,130660,2.7823386192321777
6,130670,2.7478127479553223
6,130680,3.3752388954162598
6,130690,2.552546262741089
6,130700,2.9157795906066895
6,130710,3.0437171459198
6,130720,2.860781669616699
6,130730,2.4153246879577637
6,130740,2.239410400390625
6,130750,2.7346367835998535
6,130760,2.4906492233276367
6,130770,2.9484424591064453
6,130780,2.702543258666992
6,130790,3.836090087890625
6,130800,2.807068347930908
6,130810,2.707364797592163
6,130820,2.9440784454345703
6,130830,2.640104055404663
6,130840,2.6207163333892822
6,130850,3.0873727798461914
6,130860,3.085782527923584
6,130870,3.325572967529297
6,130880,2.759190082550049
6,130890,2.4526708126068115
6,130900,2.8642330169677734
6,130910,2.7809786796569824
6,130920,2.5736396312713623
6,130930,2.8548567295074463
6,130940,2.506923198699951
6,130950,2.6067328453063965
6,130960,2.35573673248291
6,130970,3.2712490558624268
6,130980,2.8552238941192627
6,130990,2.850576639175415
6,131000,2.4774508476257324
6,131010,3.1531357765197754
6,131020,2.8043594360351562
6,131030,2.4246504306793213
6,131040,2.1932754516601562
6,131050,2.8146214485168457
6,131060,3.2245376110076904
6,131070,3.036167621612549
6,131080,2.5316829681396484
6,131090,2.407003402709961
6,131100,2.8812570571899414
6,131110,3.173661708831787
6,131120,2.959750175476074
6,131130,2.6428892612457275
6,131140,3.2172422409057617
6,131150,2.862441301345825
6,131160,3.302738666534424
6,131170,2.7311763763427734
6,131180,2.930823802947998
6,131190,3.5969247817993164
6,131200,3.3818461894989014
6,131210,2.366103172302246
6,131220,2.7902917861938477
6,131230,3.131209373474121
6,131240,2.204993963241577
6,131250,2.666654109954834
6,131260,2.6448564529418945
6,131270,2.9843363761901855
6,131280,2.647770404815674
6,131290,2.7509279251098633
6,131300,2.674459934234619
6,131310,2.8650949001312256
6,131320,3.0862765312194824
6,131330,2.523679256439209
6,131340,2.7972350120544434
6,131350,2.5754623413085938
6,131360,2.9710288047790527
6,131370,3.099254608154297
6,131380,2.568366050720215
6,131390,2.90187931060791
6,131400,2.591580390930176
6,131410,3.2368674278259277
6,131420,2.8134613037109375
6,131430,2.4785261154174805
6,131440,2.725881576538086
6,131450,3.161081552505493
6,131460,2.867342472076416
6,131470,2.4841628074645996
6,131480,2.9577953815460205
6,131490,2.9837470054626465
6,131500,2.739607810974121
6,131510,3.300344944000244
6,131520,2.753692150115967
6,131530,2.2531158924102783
6,131540,3.0561673641204834
6,131550,2.652587890625
6,131560,2.7512154579162598
6,131570,2.4809038639068604
6,131580,2.518231153488159
6,131590,2.780186653137207
6,131600,3.130674362182617
6,131610,2.670520782470703
6,131620,2.859332323074341
6,131630,2.5803003311157227
6,131640,3.094508647918701
6,131650,2.712507724761963
6,131660,3.2906274795532227
6,131670,2.680366039276123
6,131680,2.634675979614258
6,131690,2.821155071258545
6,131700,3.315329074859619
6,131710,2.4417614936828613
6,131720,2.5781736373901367
6,131730,3.0686593055725098
6,131740,2.529902935028076
6,131750,3.417618751525879
6,131760,3.2512481212615967
6,131770,2.9860479831695557
6,131780,3.1015405654907227
6,131790,3.2315778732299805
6,131800,2.807025671005249
6,131810,2.7807626724243164
6,131820,2.772435188293457
6,131830,3.0214858055114746
6,131840,2.522067070007324
6,131850,2.7333617210388184
6,131860,2.6421144008636475
6,131870,2.9279394149780273
6,131880,3.0469472408294678
6,131890,3.1592283248901367
6,131900,2.778815746307373
6,131910,3.351752519607544
6,131920,2.8035502433776855
6,131930,2.5905957221984863
6,131940,2.9668753147125244
6,131950,2.6032795906066895
6,131960,2.717355489730835
6,131970,2.5354485511779785
6,131980,2.7007973194122314
6,131990,3.044128894805908
6,132000,2.7425928115844727
6,132010,2.8396859169006348
6,132020,2.678215742111206
6,132030,2.3215184211730957
6,132040,2.934408187866211
6,132050,2.454925060272217
6,132060,2.6619205474853516
6,132070,2.618481159210205
6,132080,2.639784336090088
6,132090,2.883586883544922
6,132100,2.7192270755767822
6,132110,2.7917559146881104
6,132120,2.5181522369384766
6,132130,3.048229694366455
6,132140,2.8808999061584473
6,132150,3.2498905658721924
6,132160,2.748152732849121
6,132170,3.1802704334259033
6,132180,2.7719240188598633
6,132190,3.088162422180176
6,132200,2.6926865577697754
6,132210,2.5878543853759766
6,132220,3.1274423599243164
6,132230,2.473677396774292
6,132240,2.749485969543457
6,132250,2.882722854614258
6,132260,2.8849196434020996
6,132270,2.815011978149414
6,132280,2.888253688812256
6,132290,2.857760190963745
6,132300,2.6438210010528564
6,132310,2.782449722290039
6,132320,3.081926107406616
6,132330,2.7001352310180664
6,132340,3.251237392425537
6,132350,2.9369726181030273
6,132360,2.8380985260009766
6,132370,2.6687302589416504
6,132380,2.322478771209717
6,132390,3.104994058609009
6,132400,2.3830251693725586
6,132410,3.251814365386963
6,132420,2.943523406982422
6,132430,2.773106813430786
6,132440,3.2294468879699707
6,132450,2.819798231124878
6,132460,2.8617355823516846
6,132470,2.7562503814697266
6,132480,3.3554677963256836
6,132490,2.532552719116211
6,132500,2.4519712924957275
6,132510,2.9264657497406006
6,132520,2.710157871246338
6,132530,2.9491708278656006
6,132540,2.931398630142212
6,132550,2.796060562133789
6,132560,2.949173927307129
6,132570,2.371041774749756
6,132580,2.5137217044830322
6,132590,3.033982515335083
6,132600,2.380072593688965
6,132610,2.848142623901367
6,132620,2.6138157844543457
6,132630,2.866921901702881
6,132640,2.9349465370178223
6,132650,2.6644372940063477
6,132660,2.3468968868255615
6,132670,2.5440239906311035
6,132680,2.970973491668701
6,132690,3.120953321456909
6,132700,2.4485177993774414
6,132710,3.0515618324279785
6,132720,2.807650327682495
6,132730,2.8797390460968018
6,132740,2.3985533714294434
6,132750,2.73654842376709
6,132760,2.7546772956848145
6,132770,2.6441280841827393
6,132780,2.78933048248291
6,132790,2.435886859893799
6,132800,2.740821599960327
6,132810,2.818430185317993
6,132820,3.1223371028900146
6,132830,3.1675853729248047
6,132840,2.5317177772521973
6,132850,2.6976611614227295
6,132860,2.490443706512451
6,132870,3.385098934173584
6,132880,2.713224411010742
6,132890,2.8580174446105957
6,132900,2.575277805328369
6,132910,2.3956680297851562
6,132920,2.989048480987549
6,132930,2.7116990089416504
6,132940,2.341456651687622
6,132950,3.164018392562866
6,132960,2.861490249633789
6,132970,2.7165379524230957
6,132980,2.7634036540985107
6,132990,2.6014277935028076
6,133000,3.166513681411743
6,133010,2.589195728302002
6,133020,2.9308717250823975
6,133030,2.8099865913391113
6,133040,2.554637908935547
6,133050,2.99692440032959
6,133060,3.118767261505127
6,133070,3.088080406188965
6,133080,2.427485704421997
6,133090,2.5285229682922363
6,133100,2.69655704498291
6,133110,2.8245692253112793
6,133120,2.7682127952575684
6,133130,2.6062092781066895
6,133140,3.09494686126709
6,133150,2.725132942199707
6,133160,2.824340581893921
6,133170,2.66935658454895
6,133180,2.3660547733306885
6,133190,2.619086265563965
6,133200,2.7054996490478516
6,133210,3.4407906532287598
6,133220,3.033637285232544
6,133230,2.762620687484741
6,133240,2.846933364868164
6,133250,2.689875841140747
6,133260,2.473924160003662
6,133270,3.0648958683013916
6,133280,2.4103240966796875
6,133290,2.446617603302002
6,133300,2.9145774841308594
6,133310,2.673496723175049
6,133320,2.7676074504852295
6,133330,3.429070234298706
6,133340,2.9380431175231934
6,133350,2.7870054244995117
6,133360,2.720557689666748
6,133370,2.6715798377990723
6,133380,3.2728028297424316
6,133390,2.3400964736938477
6,133400,2.786552906036377
6,133410,3.2518444061279297
6,133420,2.902891159057617
6,133430,3.0111083984375
6,133440,2.6465816497802734
6,133450,2.7871828079223633
6,133460,2.481685161590576
6,133470,3.112919330596924
6,133480,2.8396382331848145
6,133490,3.2762904167175293
6,133500,2.585233211517334
6,133510,2.92380952835083
6,133520,2.492297649383545
6,133530,2.6271133422851562
6,133540,2.8298287391662598
6,133550,2.9086010456085205
6,133560,2.7977259159088135
6,133570,2.676344156265259
6,133580,2.6542129516601562
6,133590,2.9102280139923096
6,133600,2.7533130645751953
6,133610,2.9926042556762695
6,133620,2.780029535293579
6,133630,2.482909917831421
6,133640,2.677417755126953
6,133650,3.4222002029418945
6,133660,3.3309502601623535
6,133670,2.9980287551879883
6,133680,2.9586586952209473
6,133690,2.4808006286621094
6,133700,2.864774703979492
6,133710,2.7898151874542236
6,133720,2.9396018981933594
6,133730,3.386127471923828
6,133740,2.7290310859680176
6,133750,2.7002453804016113
6,133760,3.120323419570923
6,133770,3.003364324569702
6,133780,2.7675933837890625
6,133790,2.6674978733062744
6,133800,3.2413206100463867
6,133810,2.8028664588928223
6,133820,2.8722362518310547
6,133830,2.643070697784424
6,133840,2.93729567527771
6,133850,3.171457052230835
6,133860,2.9171271324157715
6,133870,2.508432388305664
6,133880,2.81853985786438
6,133890,3.16530179977417
6,133900,3.063291549682617
6,133910,2.793912172317505
6,133920,2.776594638824463
6,133930,2.542954444885254
6,133940,2.5855326652526855
6,133950,2.895864248275757
6,133960,2.3429136276245117
6,133970,2.5982213020324707
6,133980,3.368988037109375
6,133990,2.2616589069366455
6,134000,2.788126230239868
6,134010,2.8385939598083496
6,134020,2.890719413757324
6,134030,3.4062061309814453
6,134040,2.7239203453063965
6,134050,2.6032402515411377
6,134060,2.9409334659576416
6,134070,2.7597298622131348
6,134080,2.808382987976074
6,134090,2.5360236167907715
6,134100,2.8287999629974365
6,134110,3.0193681716918945
6,134120,3.1752564907073975
6,134130,3.0527820587158203
6,134140,3.0002546310424805
6,134150,2.867471218109131
6,134160,2.988900899887085
6,134170,2.675419807434082
6,134180,2.612338066101074
6,134190,2.9725100994110107
6,134200,2.855685234069824
6,134210,2.8807034492492676
6,134220,2.543768882751465
6,134230,2.9216082096099854
6,134240,2.89683198928833
6,134250,2.6280834674835205
6,134260,2.9758872985839844
6,134270,2.7932422161102295
6,134280,3.285712718963623
6,134290,3.066171169281006
6,134300,3.40771484375
6,134310,3.254483699798584
6,134320,2.62296199798584
6,134330,3.336514472961426
6,134340,2.770883083343506
6,134350,3.3693037033081055
6,134360,2.615565538406372
6,134370,3.064769983291626
6,134380,2.8128671646118164
6,134390,3.2462880611419678
6,134400,2.736052989959717
6,134410,2.776482582092285
6,134420,3.0661940574645996
6,134430,2.655506134033203
6,134440,2.622370719909668
6,134450,3.5533406734466553
6,134460,2.8098251819610596
6,134470,3.147195339202881
6,134480,2.8048460483551025
6,134490,2.69862699508667
6,134500,2.6223323345184326
6,134510,2.9193875789642334
6,134520,2.581559419631958
6,134530,2.758328437805176
6,134540,2.989230155944824
6,134550,2.896155834197998
6,134560,2.8346028327941895
6,134570,2.5182933807373047
6,134580,2.759660005569458
6,134590,3.0481083393096924
6,134600,2.6071105003356934
6,134610,3.179896354675293
6,134620,2.522050619125366
6,134630,3.2764148712158203
6,134640,2.813107490539551
6,134650,2.7161478996276855
6,134660,2.8928933143615723
6,134670,2.873694896697998
6,134680,2.790774345397949
6,134690,2.5799505710601807
6,134700,3.3284103870391846
6,134710,3.136695146560669
6,134720,2.5715408325195312
6,134730,2.6348633766174316
6,134740,2.9276928901672363
6,134750,2.6379730701446533
6,134760,2.8419673442840576
6,134770,2.7729897499084473
6,134780,2.9197919368743896
6,134790,2.843672037124634
6,134800,3.3896780014038086
6,134810,2.761133909225464
6,134820,2.6579580307006836
6,134830,2.502183437347412
6,134840,2.9126105308532715
6,134850,2.870664119720459
6,134860,2.966240644454956
6,134870,2.556245803833008
6,134880,2.758948802947998
6,134890,2.9751267433166504
6,134900,2.7622315883636475
6,134910,2.6087253093719482
6,134920,2.582484722137451
6,134930,2.9244728088378906
6,134940,2.751159191131592
6,134950,2.6381635665893555
6,134960,2.6644506454467773
6,134970,3.2860822677612305
6,134980,2.8144235610961914
6,134990,3.0695862770080566
6,135000,2.7026376724243164
7,135010,3.273794174194336
7,135020,2.7110648155212402
7,135030,2.6358556747436523
7,135040,2.9371910095214844
7,135050,3.047020435333252
7,135060,3.5641753673553467
7,135070,3.4181089401245117
7,135080,2.801654100418091
7,135090,3.3007404804229736
7,135100,2.598686933517456
7,135110,3.052757740020752
7,135120,2.835057258605957
7,135130,2.8597805500030518
7,135140,3.084554672241211
7,135150,2.9347987174987793
7,135160,2.829120397567749
7,135170,2.7687573432922363
7,135180,3.0856258869171143
7,135190,3.065554618835449
7,135200,2.540926694869995
7,135210,2.713390827178955
7,135220,2.8417739868164062
7,135230,3.2059130668640137
7,135240,3.237283706665039
7,135250,2.768869638442993
7,135260,3.4189863204956055
7,135270,3.1929216384887695
7,135280,2.8406014442443848
7,135290,2.999251127243042
7,135300,2.6986289024353027
7,135310,2.7752811908721924
7,135320,2.932785987854004
7,135330,3.2020862102508545
7,135340,2.978517532348633
7,135350,2.9530622959136963
7,135360,2.787085771560669
7,135370,3.179928779602051
7,135380,2.9792909622192383
7,135390,2.9292564392089844
7,135400,2.9302945137023926
7,135410,3.09664249420166
7,135420,2.587540626525879
7,135430,2.700489044189453
7,135440,2.634819746017456
7,135450,2.7341127395629883
7,135460,3.0798096656799316
7,135470,2.526998996734619
7,135480,2.7750401496887207
7,135490,3.0292906761169434
7,135500,2.589324951171875
7,135510,3.1492371559143066
7,135520,2.7505359649658203
7,135530,3.257498264312744
7,135540,2.7154135704040527
7,135550,3.2666232585906982
7,135560,2.6763665676116943
7,135570,2.73573899269104
7,135580,3.2498726844787598
7,135590,2.7437515258789062
7,135600,3.1495683193206787
7,135610,2.8581364154815674
7,135620,3.2140467166900635
7,135630,3.145954132080078
7,135640,2.9023630619049072
7,135650,2.980531692504883
7,135660,2.9823851585388184
7,135670,2.6184215545654297
7,135680,2.924001693725586
7,135690,2.886600971221924
7,135700,2.755033016204834
7,135710,3.0551953315734863
7,135720,3.2293567657470703
7,135730,2.7050399780273438
7,135740,2.868083953857422
7,135750,2.2962796688079834
7,135760,3.3943581581115723
7,135770,2.852752208709717
7,135780,2.7581615447998047
7,135790,2.7323224544525146
7,135800,3.033604860305786
7,135810,3.1989736557006836
7,135820,2.46114182472229
7,135830,3.0130510330200195
7,135840,3.4683656692504883
7,135850,2.9488155841827393
7,135860,2.9598140716552734
7,135870,3.18654203414917
7,135880,3.265779972076416
7,135890,3.1058897972106934
7,135900,2.94680118560791
7,135910,3.1295242309570312
7,135920,3.3439080715179443
7,135930,2.60878324508667
7,135940,2.9198989868164062
7,135950,3.0637431144714355
7,135960,3.035248279571533
7,135970,2.863557815551758
7,135980,2.413013219833374
7,135990,3.5102853775024414
7,136000,3.0946426391601562
7,136010,3.020921230316162
7,136020,3.2242584228515625
7,136030,2.8717098236083984
7,136040,2.957888603210449
7,136050,3.1051130294799805
7,136060,2.838636875152588
7,136070,3.191444158554077
7,136080,2.9722065925598145
7,136090,2.9750232696533203
7,136100,2.874924421310425
7,136110,2.970731735229492
7,136120,2.9134740829467773
7,136130,2.8376107215881348
7,136140,3.1642494201660156
7,136150,2.738046646118164
7,136160,2.5049543380737305
7,136170,3.0353779792785645
7,136180,2.9351539611816406
7,136190,3.3741092681884766
7,136200,2.4670534133911133
7,136210,2.941659450531006
7,136220,3.2388863563537598
7,136230,3.162477731704712
7,136240,2.996302366256714
7,136250,3.054877758026123
7,136260,3.4867594242095947
7,136270,2.800025701522827
7,136280,3.6194560527801514
7,136290,2.4841725826263428
7,136300,3.141112804412842
7,136310,3.146573066711426
7,136320,3.1276724338531494
7,136330,3.086700916290283
7,136340,3.025141716003418
7,136350,2.68051815032959
7,136360,2.8270387649536133
7,136370,3.3468289375305176
7,136380,2.759911060333252
7,136390,3.1425490379333496
7,136400,2.6757652759552
7,136410,2.7869277000427246
7,136420,2.980196475982666
7,136430,3.14017391204834
7,136440,3.094418525695801
7,136450,2.9221229553222656
7,136460,3.1413965225219727
7,136470,2.8458733558654785
7,136480,3.318519353866577
7,136490,3.158215045928955
7,136500,2.3550853729248047
7,136510,2.7265515327453613
7,136520,3.0356476306915283
7,136530,2.577727794647217
7,136540,2.6582512855529785
7,136550,3.0496623516082764
7,136560,2.799424886703491
7,136570,2.5059292316436768
7,136580,2.895615577697754
7,136590,2.636014938354492
7,136600,3.1905670166015625
7,136610,2.761889934539795
7,136620,3.8101634979248047
7,136630,3.0788934230804443
7,136640,2.502200126647949
7,136650,2.5193898677825928
7,136660,2.8545010089874268
7,136670,2.6869773864746094
7,136680,2.973032236099243
7,136690,2.8865203857421875
7,136700,3.0977349281311035
7,136710,2.8936867713928223
7,136720,2.6596322059631348
7,136730,3.1194517612457275
7,136740,2.813976287841797
7,136750,2.787522792816162
7,136760,3.1599512100219727
7,136770,2.9114930629730225
7,136780,2.834625244140625
7,136790,3.0553784370422363
7,136800,2.9693963527679443
7,136810,2.998859405517578
7,136820,2.4366841316223145
7,136830,2.9318528175354004
7,136840,2.772278308868408
7,136850,3.1137523651123047
7,136860,2.9729418754577637
7,136870,2.860607862472534
7,136880,2.7611522674560547
7,136890,3.2045955657958984
7,136900,2.866246461868286
7,136910,3.206594228744507
7,136920,3.084895133972168
7,136930,2.801903247833252
7,136940,2.9197497367858887
7,136950,2.854586124420166
7,136960,2.9707350730895996
7,136970,2.9097232818603516
7,136980,3.081890106201172
7,136990,2.586885929107666
7,137000,2.863593101501465
7,137010,3.3200440406799316
7,137020,2.4912664890289307
7,137030,3.058720588684082
7,137040,3.0070135593414307
7,137050,2.892228126525879
7,137060,2.581944704055786
7,137070,2.7709977626800537
7,137080,2.326706647872925
7,137090,3.272031545639038
7,137100,2.842177629470825
7,137110,3.009429454803467
7,137120,2.8376071453094482
7,137130,2.8832204341888428
7,137140,2.8653976917266846
7,137150,2.7963550090789795
7,137160,3.3408308029174805
7,137170,2.7835092544555664
7,137180,2.8253073692321777
7,137190,2.964315414428711
7,137200,2.7802021503448486
7,137210,2.768244743347168
7,137220,2.820258617401123
7,137230,2.830951690673828
7,137240,3.027895212173462
7,137250,2.8398828506469727
7,137260,2.8520195484161377
7,137270,3.141939401626587
7,137280,2.7813804149627686
7,137290,2.7011752128601074
7,137300,2.6467173099517822
7,137310,2.7132110595703125
7,137320,2.7292873859405518
7,137330,3.2815871238708496
7,137340,2.874354362487793
7,137350,2.822329044342041
7,137360,3.016458034515381
7,137370,2.7952303886413574
7,137380,3.0924177169799805
7,137390,2.89564847946167
7,137400,3.1466095447540283
7,137410,2.695779323577881
7,137420,2.5110068321228027
7,137430,2.285139560699463
7,137440,2.8110690116882324
7,137450,2.8068768978118896
7,137460,3.1029090881347656
7,137470,3.4933297634124756
7,137480,2.7367563247680664
7,137490,3.3254587650299072
7,137500,3.0419983863830566
7,137510,2.8658461570739746
7,137520,2.4149351119995117
7,137530,2.9876325130462646
7,137540,2.848757743835449
7,137550,2.827373504638672
7,137560,3.587346076965332
7,137570,2.8670713901519775
7,137580,2.643461227416992
7,137590,2.7260890007019043
7,137600,2.574810743331909
7,137610,3.2430667877197266
7,137620,2.4338538646698
7,137630,2.9794440269470215
7,137640,3.0143485069274902
7,137650,2.981708526611328
7,137660,2.7857775688171387
7,137670,2.7571425437927246
7,137680,3.107945442199707
7,137690,2.7675704956054688
7,137700,2.6015374660491943
7,137710,2.395724296569824
7,137720,3.377775192260742
7,137730,3.18172550201416
7,137740,2.6679720878601074
7,137750,2.814177989959717
7,137760,2.9325711727142334
7,137770,3.1097216606140137
7,137780,2.3009209632873535
7,137790,2.9245285987854004
7,137800,2.870401382446289
7,137810,3.008652687072754
7,137820,3.127450942993164
7,137830,2.580648899078369
7,137840,2.882406234741211
7,137850,3.441598415374756
7,137860,2.763150215148926
7,137870,2.9044761657714844
7,137880,2.838315486907959
7,137890,2.701528549194336
7,137900,2.957451343536377
7,137910,3.4436912536621094
7,137920,3.5851223468780518
7,137930,2.719485282897949
7,137940,2.990185260772705
7,137950,2.8607678413391113
7,137960,3.0276436805725098
7,137970,2.6453285217285156
7,137980,2.5173354148864746
7,137990,3.2556591033935547
7,138000,2.7764360904693604
7,138010,2.7064077854156494
7,138020,2.8138856887817383
7,138030,3.0492405891418457
7,138040,2.7296557426452637
7,138050,2.6500391960144043
7,138060,2.9613964557647705
7,138070,2.639073610305786
7,138080,3.0333805084228516
7,138090,2.9061570167541504
7,138100,3.2801942825317383
7,138110,2.8827223777770996
7,138120,2.9365296363830566
7,138130,2.9018375873565674
7,138140,2.9499239921569824
7,138150,2.702631950378418
7,138160,2.9803524017333984
7,138170,3.0031027793884277
7,138180,2.760632276535034
7,138190,3.1310296058654785
7,138200,2.9237923622131348
7,138210,2.6079227924346924
7,138220,3.013927459716797
7,138230,2.6873257160186768
7,138240,3.030245780944824
7,138250,3.1538281440734863
7,138260,3.0241589546203613
7,138270,2.6877636909484863
7,138280,2.840608596801758
7,138290,3.0937893390655518
7,138300,3.0160603523254395
7,138310,3.3536572456359863
7,138320,2.942068576812744
7,138330,2.660494804382324
7,138340,3.0000076293945312
7,138350,3.188967227935791
7,138360,2.8181371688842773
7,138370,3.081498622894287
7,138380,2.9602627754211426
7,138390,2.805455207824707
7,138400,2.7095096111297607
7,138410,2.8980884552001953
7,138420,2.9666895866394043
7,138430,3.3963961601257324
7,138440,2.5904834270477295
7,138450,3.007941484451294
7,138460,2.9825193881988525
7,138470,3.2315149307250977
7,138480,2.9736409187316895
7,138490,3.130980968475342
7,138500,2.735527276992798
7,138510,2.7610225677490234
7,138520,3.3364791870117188
7,138530,2.954501152038574
7,138540,2.6654775142669678
7,138550,2.7638821601867676
7,138560,2.952169895172119
7,138570,3.257951259613037
7,138580,2.825688123703003
7,138590,2.9702281951904297
7,138600,3.550849199295044
7,138610,3.4943315982818604
7,138620,2.586310386657715
7,138630,3.085390090942383
7,138640,3.1246352195739746
7,138650,2.5376107692718506
7,138660,3.1637778282165527
7,138670,3.0105113983154297
7,138680,3.0135011672973633
7,138690,2.757598638534546
7,138700,2.926600694656372
7,138710,3.0583977699279785
7,138720,3.02158260345459
7,138730,2.6402053833007812
7,138740,2.747802257537842
7,138750,2.789177417755127
7,138760,3.1977977752685547
7,138770,2.7683181762695312
7,138780,2.8602118492126465
7,138790,2.544872760772705
7,138800,3.174569606781006
7,138810,2.7960686683654785
7,138820,3.1240901947021484
7,138830,2.5518336296081543
7,138840,2.82723331451416
7,138850,2.8403711318969727
7,138860,3.206239938735962
7,138870,2.886237144470215
7,138880,3.435718536376953
7,138890,2.6377391815185547
7,138900,2.8530893325805664
7,138910,2.9885973930358887
7,138920,2.8415911197662354
7,138930,2.6167750358581543
7,138940,3.196542263031006
7,138950,2.695979118347168
7,138960,2.718916893005371
7,138970,2.886671543121338
7,138980,2.9735989570617676
7,138990,3.1668152809143066
7,139000,2.8513023853302
7,139010,3.1041488647460938
7,139020,2.9490623474121094
7,139030,3.1393139362335205
7,139040,3.0609703063964844
7,139050,3.241971969604492
7,139060,3.191018581390381
7,139070,2.666511297225952
7,139080,3.078634262084961
7,139090,2.816720485687256
7,139100,2.6459150314331055
7,139110,3.211150884628296
7,139120,3.566685914993286
7,139130,2.690511703491211
7,139140,3.27011775970459
7,139150,2.9500842094421387
7,139160,3.2148709297180176
7,139170,2.446305274963379
7,139180,3.1661791801452637
7,139190,2.9715418815612793
7,139200,2.7507386207580566
7,139210,2.9131903648376465
7,139220,2.7557506561279297
7,139230,2.5878214836120605
7,139240,2.8154351711273193
7,139250,3.2390172481536865
7,139260,3.1372079849243164
7,139270,2.829672336578369
7,139280,2.7961573600769043
7,139290,3.684631586074829
7,139300,3.0864992141723633
7,139310,3.209686756134033
7,139320,3.068202495574951
7,139330,2.251934289932251
7,139340,2.5787806510925293
7,139350,3.2570528984069824
7,139360,2.847144603729248
7,139370,3.2696995735168457
7,139380,2.9199023246765137
7,139390,2.8248777389526367
7,139400,2.6322803497314453
7,139410,2.6911778450012207
7,139420,3.0882863998413086
7,139430,3.0151920318603516
7,139440,2.3628644943237305
7,139450,2.3770198822021484
7,139460,2.7475523948669434
7,139470,2.670792579650879
7,139480,2.9501495361328125
7,139490,3.017087459564209
7,139500,2.695131540298462
7,139510,2.7338004112243652
7,139520,3.332347869873047
7,139530,2.8254432678222656
7,139540,2.845715045928955
7,139550,2.6782960891723633
7,139560,3.320906639099121
7,139570,2.7781596183776855
7,139580,3.0200867652893066
7,139590,2.9357962608337402
7,139600,3.071877956390381
7,139610,2.8664402961730957
7,139620,2.5235085487365723
7,139630,3.188579797744751
7,139640,3.4399077892303467
7,139650,3.1792707443237305
7,139660,2.6889901161193848
7,139670,3.044009208679199
7,139680,2.858107089996338
7,139690,3.501795530319214
7,139700,2.861754894256592
7,139710,2.983363151550293
7,139720,2.764523983001709
7,139730,3.130946636199951
7,139740,3.2962000370025635
7,139750,2.807623863220215
7,139760,3.3732376098632812
7,139770,3.073512554168701
7,139780,3.027677536010742
7,139790,2.7723331451416016
7,139800,2.9879398345947266
7,139810,2.996188163757324
7,139820,2.919783592224121
7,139830,3.28317928314209
7,139840,2.9614405632019043
7,139850,2.471407413482666
7,139860,2.6040358543395996
7,139870,3.075775146484375
7,139880,2.9406967163085938
7,139890,2.4975671768188477
7,139900,2.878109931945801
7,139910,2.90610933303833
7,139920,2.713906764984131
7,139930,2.631960391998291
7,139940,2.954836368560791
7,139950,3.217189311981201
7,139960,2.9885425567626953
7,139970,2.6124844551086426
7,139980,2.7976431846618652
7,139990,2.4689433574676514
7,140000,3.0591349601745605
7,140010,2.826824426651001
7,140020,2.68294095993042
7,140030,2.8026845455169678
7,140040,2.9812581539154053
7,140050,2.47886323928833
7,140060,3.0025315284729004
7,140070,2.7775232791900635
7,140080,3.150172710418701
7,140090,2.600006103515625
7,140100,2.7336370944976807
7,140110,2.9758009910583496
7,140120,2.5535082817077637
7,140130,3.1951587200164795
7,140140,2.707206964492798
7,140150,3.104797840118408
7,140160,2.639514923095703
7,140170,2.947488307952881
7,140180,2.819483995437622
7,140190,2.641981363296509
7,140200,2.426455497741699
7,140210,2.5529723167419434
7,140220,2.9747776985168457
7,140230,2.9781808853149414
7,140240,2.8635621070861816
7,140250,2.8893632888793945
7,140260,2.874495029449463
7,140270,2.3510358333587646
7,140280,2.8942317962646484
7,140290,2.5501723289489746
7,140300,2.797705888748169
7,140310,2.8026845455169678
7,140320,2.534712314605713
7,140330,2.9028866291046143
7,140340,3.2272419929504395
7,140350,2.4151828289031982
7,140360,2.373457431793213
7,140370,2.774351119995117
7,140380,2.3523852825164795
7,140390,2.7363319396972656
7,140400,2.875746011734009
7,140410,2.917003631591797
7,140420,2.5859715938568115
7,140430,2.9656708240509033
7,140440,2.7008261680603027
7,140450,2.382967948913574
7,140460,2.4545886516571045
7,140470,2.5969393253326416
7,140480,2.8982725143432617
7,140490,2.5984199047088623
7,140500,3.0863630771636963
7,140510,2.687338352203369
7,140520,3.0003108978271484
7,140530,2.667590379714966
7,140540,2.3960723876953125
7,140550,2.7782905101776123
7,140560,2.290736675262451
7,140570,2.2522635459899902
7,140580,2.739809274673462
7,140590,2.361999034881592
7,140600,2.7110414505004883
7,140610,2.741422414779663
7,140620,2.7213363647460938
7,140630,2.5787744522094727
7,140640,2.704041004180908
7,140650,2.529878616333008
7,140660,2.7134435176849365
7,140670,2.1623854637145996
7,140680,2.4441490173339844
7,140690,2.7801947593688965
7,140700,2.5893168449401855
7,140710,2.5689902305603027
7,140720,3.032046318054199
7,140730,2.4977924823760986
7,140740,2.7549514770507812
7,140750,2.5213723182678223
7,140760,2.607227325439453
7,140770,3.1291561126708984
7,140780,2.5430283546447754
7,140790,2.937899351119995
7,140800,2.569028377532959
7,140810,2.4818663597106934
7,140820,2.6594202518463135
7,140830,2.7671921253204346
7,140840,2.4886651039123535
7,140850,2.836697816848755
7,140860,2.713944673538208
7,140870,2.7582004070281982
7,140880,2.459543228149414
7,140890,2.942098617553711
7,140900,2.9958605766296387
7,140910,2.795376777648926
7,140920,2.7306623458862305
7,140930,2.6032657623291016
7,140940,2.5095739364624023
7,140950,2.4871914386749268
7,140960,3.0922021865844727
7,140970,2.827596426010132
7,140980,2.659541130065918
7,140990,2.807648181915283
7,141000,2.73663330078125
7,141010,2.5607686042785645
7,141020,2.6079626083374023
7,141030,2.8817310333251953
7,141040,2.5140597820281982
7,141050,2.5075490474700928
7,141060,2.811796188354492
7,141070,2.7016139030456543
7,141080,2.358962297439575
7,141090,2.526273727416992
7,141100,2.817312002182007
7,141110,2.4797115325927734
7,141120,2.305058479309082
7,141130,2.539748191833496
7,141140,2.3006091117858887
7,141150,2.727077007293701
7,141160,2.4918622970581055
7,141170,2.853512763977051
7,141180,2.8711471557617188
7,141190,2.395547866821289
7,141200,2.487457513809204
7,141210,2.645435094833374
7,141220,2.3493850231170654
7,141230,2.696413993835449
7,141240,3.28749418258667
7,141250,2.8490102291107178
7,141260,3.119922399520874
7,141270,2.498847246170044
7,141280,2.369936943054199
7,141290,2.967437267303467
7,141300,2.5900588035583496
7,141310,2.6861672401428223
7,141320,3.1101579666137695
7,141330,2.490952968597412
7,141340,2.393312931060791
7,141350,2.2105982303619385
7,141360,2.850247859954834
7,141370,2.8186585903167725
7,141380,2.660402774810791
7,141390,2.539370059967041
7,141400,2.7022948265075684
7,141410,2.6253581047058105
7,141420,2.7345850467681885
7,141430,2.722890615463257
7,141440,3.0415468215942383
7,141450,2.128767490386963
7,141460,2.989671230316162
7,141470,2.7354869842529297
7,141480,2.262871503829956
7,141490,2.5385794639587402
7,141500,2.5828194618225098
7,141510,2.4033188819885254
7,141520,2.4685075283050537
7,141530,2.825329303741455
7,141540,2.3963265419006348
7,141550,2.8793585300445557
7,141560,2.9989590644836426
7,141570,2.4713847637176514
7,141580,2.8293442726135254
7,141590,2.476573944091797
7,141600,2.7851271629333496
7,141610,2.660351276397705
7,141620,2.341238498687744
7,141630,2.7383811473846436
7,141640,2.7168612480163574
7,141650,2.4713234901428223
7,141660,2.3760437965393066
7,141670,2.8791093826293945
7,141680,2.85186767578125
7,141690,3.2421607971191406
7,141700,2.521852493286133
7,141710,2.3153300285339355
7,141720,2.3199820518493652
7,141730,2.615164279937744
7,141740,2.895052909851074
7,141750,2.6282219886779785
7,141760,2.3392512798309326
7,141770,2.74068021774292
7,141780,2.731599807739258
7,141790,2.647289991378784
7,141800,2.6664230823516846
7,141810,2.784682273864746
7,141820,2.4450602531433105
7,141830,2.9247853755950928
7,141840,2.573004722595215
7,141850,2.7196836471557617
7,141860,2.752406358718872
7,141870,2.629974126815796
7,141880,2.3104920387268066
7,141890,2.7345123291015625
7,141900,2.6394312381744385
7,141910,2.5565874576568604
7,141920,2.7479376792907715
7,141930,3.000713586807251
7,141940,2.5621495246887207
7,141950,2.711944580078125
7,141960,2.532092571258545
7,141970,2.213461399078369
7,141980,2.4901771545410156
7,141990,2.869736909866333
7,142000,1.9829139709472656
7,142010,2.6483006477355957
7,142020,2.716489315032959
7,142030,2.6602492332458496
7,142040,2.527646541595459
7,142050,2.7251296043395996
7,142060,2.867366075515747
7,142070,2.343153238296509
7,142080,2.750546932220459
7,142090,2.707862377166748
7,142100,2.7473835945129395
7,142110,2.528686285018921
7,142120,2.721090793609619
7,142130,2.7797961235046387
7,142140,2.91707706451416
7,142150,2.6227521896362305
7,142160,2.711474895477295
7,142170,2.388092041015625
7,142180,2.7251503467559814
7,142190,2.5551860332489014
7,142200,2.4411802291870117
7,142210,2.56796932220459
7,142220,2.768465995788574
7,142230,2.8457517623901367
7,142240,2.6713991165161133
7,142250,2.7968740463256836
7,142260,2.8836259841918945
7,142270,2.634432792663574
7,142280,2.7652227878570557
7,142290,2.214810609817505
7,142300,2.3005850315093994
7,142310,2.3339293003082275
7,142320,2.4384751319885254
7,142330,2.5491015911102295
7,142340,2.470433235168457
7,142350,2.908989191055298
7,142360,2.5539751052856445
7,142370,2.772490978240967
7,142380,2.348210334777832
7,142390,3.0886034965515137
7,142400,2.78672456741333
7,142410,2.6482996940612793
7,142420,2.5693912506103516
7,142430,2.806932210922241
7,142440,2.2364518642425537
7,142450,2.521129608154297
7,142460,2.8731298446655273
7,142470,2.362994432449341
7,142480,2.582191228866577
7,142490,2.8285152912139893
7,142500,2.4478302001953125
7,142510,2.3573102951049805
7,142520,2.3074567317962646
7,142530,2.7026638984680176
7,142540,2.573890209197998
7,142550,2.7050013542175293
7,142560,2.557858943939209
7,142570,2.7531120777130127
7,142580,2.9294567108154297
7,142590,3.256324291229248
7,142600,2.445066452026367
7,142610,2.6516473293304443
7,142620,2.1946322917938232
7,142630,2.5597290992736816
7,142640,3.099761486053467
7,142650,2.693687915802002
7,142660,2.3908331394195557
7,142670,2.395124912261963
7,142680,2.7078638076782227
7,142690,2.5533337593078613
7,142700,2.6312336921691895
7,142710,2.6529345512390137
7,142720,2.8785223960876465
7,142730,2.995723009109497
7,142740,2.6524384021759033
7,142750,3.0923259258270264
7,142760,2.643092155456543
7,142770,2.3162755966186523
7,142780,2.426351547241211
7,142790,2.606072187423706
7,142800,2.225137710571289
7,142810,2.7239015102386475
7,142820,2.7378666400909424
7,142830,2.926941394805908
7,142840,2.753716468811035
7,142850,2.6031508445739746
7,142860,2.5990610122680664
7,142870,2.3162801265716553
7,142880,2.6673455238342285
7,142890,2.503279447555542
7,142900,2.4452052116394043
7,142910,2.5536890029907227
7,142920,2.56705904006958
7,142930,2.4677987098693848
7,142940,2.4653735160827637
7,142950,2.7451071739196777
7,142960,4.129395961761475
7,142970,2.666686534881592
7,142980,2.3963191509246826
7,142990,3.065598964691162
7,143000,3.045974016189575
7,143010,2.869764804840088
7,143020,2.8143372535705566
7,143030,2.551440477371216
7,143040,2.3528449535369873
7,143050,3.1075100898742676
7,143060,2.379382371902466
7,143070,3.0432066917419434
7,143080,2.68527889251709
7,143090,2.9083847999572754
7,143100,2.3586010932922363
7,143110,2.725891590118408
7,143120,2.945228338241577
7,143130,2.9468460083007812
7,143140,2.9440908432006836
7,143150,3.305488109588623
7,143160,2.707383871078491
7,143170,2.6989011764526367
7,143180,2.8184189796447754
7,143190,2.883052349090576
7,143200,2.7546825408935547
7,143210,2.4592089653015137
7,143220,2.8670716285705566
7,143230,2.5241281986236572
7,143240,2.1079235076904297
7,143250,2.901034355163574
7,143260,2.8288941383361816
7,143270,2.9841582775115967
7,143280,2.48416805267334
7,143290,2.442805767059326
7,143300,2.7584145069122314
7,143310,2.8149795532226562
7,143320,2.7195067405700684
7,143330,2.897622585296631
7,143340,2.66473388671875
7,143350,3.2414045333862305
7,143360,2.555206775665283
7,143370,2.655639886856079
7,143380,2.722252368927002
7,143390,2.6196653842926025
7,143400,2.698103427886963
7,143410,2.6174283027648926
7,143420,2.4640114307403564
7,143430,2.7155330181121826
7,143440,2.360988140106201
7,143450,2.588690757751465
7,143460,3.018418312072754
7,143470,2.5456013679504395
7,143480,2.4021081924438477
7,143490,2.4938533306121826
7,143500,2.5786852836608887
7,143510,3.385894298553467
7,143520,2.901470422744751
7,143530,3.4469220638275146
7,143540,2.882779836654663
7,143550,2.8616554737091064
7,143560,2.695441484451294
7,143570,2.687654972076416
7,143580,2.3765058517456055
7,143590,2.8052406311035156
7,143600,2.7770495414733887
7,143610,2.904153823852539
7,143620,2.8495874404907227
7,143630,2.7452661991119385
7,143640,2.352996349334717
7,143650,3.3161113262176514
7,143660,2.4252710342407227
7,143670,2.9685802459716797
7,143680,2.800847291946411
7,143690,2.325319528579712
7,143700,3.191277503967285
7,143710,2.692324638366699
7,143720,2.305398941040039
7,143730,3.2183785438537598
7,143740,2.636603355407715
7,143750,2.8138952255249023
7,143760,2.359341859817505
7,143770,3.1476993560791016
7,143780,2.4306631088256836
7,143790,2.4158968925476074
7,143800,2.510411262512207
7,143810,2.1673645973205566
7,143820,2.8726844787597656
7,143830,2.9034969806671143
7,143840,2.578519344329834
7,143850,2.7434215545654297
7,143860,2.655545711517334
7,143870,2.581057548522949
7,143880,2.7498159408569336
7,143890,2.479827880859375
7,143900,2.4334757328033447
7,143910,2.507375717163086
7,143920,3.194125175476074
7,143930,2.600515604019165
7,143940,2.592484712600708
7,143950,3.0231056213378906
7,143960,2.577310800552368
7,143970,2.5302042961120605
7,143980,2.6075196266174316
7,143990,2.964510917663574
7,144000,2.6646993160247803
7,144010,2.2200005054473877
7,144020,3.01515531539917
7,144030,2.3365070819854736
7,144040,2.963608980178833
7,144050,2.405085802078247
7,144060,2.2744154930114746
7,144070,2.8096799850463867
7,144080,2.7191994190216064
7,144090,2.732483386993408
7,144100,2.450317859649658
7,144110,2.503551959991455
7,144120,2.8658366203308105
7,144130,2.4983043670654297
7,144140,2.757302761077881
7,144150,2.862705707550049
7,144160,2.726102352142334
7,144170,2.8289635181427
7,144180,2.6667752265930176
7,144190,2.4241504669189453
7,144200,2.686586856842041
7,144210,2.784635543823242
7,144220,3.0095489025115967
7,144230,2.0551037788391113
7,144240,2.9324564933776855
7,144250,3.1331024169921875
7,144260,2.745849847793579
7,144270,2.473935127258301
7,144280,2.781630516052246
7,144290,2.8152120113372803
7,144300,2.5101423263549805
7,144310,2.8219966888427734
7,144320,2.717710494995117
7,144330,2.683438777923584
7,144340,2.930097818374634
7,144350,2.403313398361206
7,144360,2.6886255741119385
7,144370,3.11715030670166
7,144380,2.3954734802246094
7,144390,2.700498580932617
7,144400,2.4666357040405273
7,144410,2.2319159507751465
7,144420,2.8746025562286377
7,144430,2.2089881896972656
7,144440,2.4551198482513428
7,144450,3.0874953269958496
7,144460,2.397458076477051
7,144470,2.362109899520874
7,144480,3.116330623626709
7,144490,2.7541112899780273
7,144500,2.937445878982544
7,144510,2.6826796531677246
7,144520,2.574972629547119
7,144530,2.493562936782837
7,144540,2.8745570182800293
7,144550,2.453644275665283
7,144560,2.4609789848327637
7,144570,2.5469560623168945
7,144580,2.3455185890197754
7,144590,2.729323387145996
7,144600,3.1072473526000977
7,144610,2.4194860458374023
7,144620,2.6523284912109375
7,144630,2.6310112476348877
7,144640,2.5423004627227783
7,144650,2.8468637466430664
7,144660,2.621462821960449
7,144670,2.4664809703826904
7,144680,3.142296314239502
7,144690,2.737220525741577
7,144700,2.9360623359680176
7,144710,2.5504794120788574
7,144720,2.930048704147339
7,144730,2.6260533332824707
7,144740,3.0510292053222656
7,144750,2.6919870376586914
7,144760,2.364400863647461
7,144770,2.88484525680542
7,144780,2.615654706954956
7,144790,2.6674304008483887
7,144800,2.8712878227233887
7,144810,2.8964362144470215
7,144820,2.8266353607177734
7,144830,2.622575283050537
7,144840,2.225900650024414
7,144850,2.6386332511901855
7,144860,2.2931337356567383
7,144870,2.7970480918884277
7,144880,2.5847134590148926
7,144890,2.5974202156066895
7,144900,2.6281375885009766
7,144910,2.481187582015991
7,144920,2.6995537281036377
7,144930,2.6663341522216797
7,144940,2.8153209686279297
7,144950,3.3400254249572754
7,144960,2.8645739555358887
7,144970,2.935065269470215
7,144980,2.4037036895751953
7,144990,2.555312156677246
7,145000,2.453907012939453
7,145010,2.686819314956665
7,145020,3.0349230766296387
7,145030,2.774916648864746
7,145040,2.795720100402832
7,145050,2.7852890491485596
7,145060,2.7483291625976562
7,145070,2.3673174381256104
7,145080,2.6794557571411133
7,145090,2.6852691173553467
7,145100,2.7022104263305664
7,145110,2.8241395950317383
7,145120,2.1664862632751465
7,145130,2.676832675933838
7,145140,2.6416378021240234
7,145150,2.6801609992980957
7,145160,2.7152767181396484
7,145170,2.66666316986084
7,145180,2.814650058746338
7,145190,2.3667526245117188
7,145200,2.7441625595092773
7,145210,2.3800947666168213
7,145220,2.7852301597595215
7,145230,2.3071236610412598
7,145240,2.231037139892578
7,145250,2.568284511566162
7,145260,2.57993745803833
7,145270,2.5000438690185547
7,145280,2.6142821311950684
7,145290,2.4323859214782715
7,145300,2.385672092437744
7,145310,2.7859370708465576
7,145320,2.819445848464966
7,145330,2.59173583984375
7,145340,2.6216073036193848
7,145350,3.121018409729004
7,145360,2.9551844596862793
7,145370,2.7985854148864746
7,145380,3.088538646697998
7,145390,2.5962648391723633
7,145400,2.776242256164551
7,145410,2.5172791481018066
7,145420,2.024080753326416
7,145430,2.4371938705444336
7,145440,2.6058974266052246
7,145450,3.1984307765960693
7,145460,2.631373405456543
7,145470,3.433882713317871
7,145480,2.5923805236816406
7,145490,2.2627854347229004
7,145500,2.7553277015686035
7,145510,3.047370433807373
7,145520,2.660858631134033
7,145530,2.5656821727752686
7,145540,2.930771827697754
7,145550,2.795011520385742
7,145560,2.407803535461426
7,145570,2.8204400539398193
7,145580,2.5353288650512695
7,145590,2.5620293617248535
7,145600,3.1061744689941406
7,145610,2.2570173740386963
7,145620,2.6675267219543457
7,145630,3.012838363647461
7,145640,2.5165467262268066
7,145650,2.7336363792419434
7,145660,2.895956039428711
7,145670,3.257213592529297
7,145680,2.817727565765381
7,145690,3.018954277038574
7,145700,3.2116446495056152
7,145710,2.350999355316162
7,145720,2.5166587829589844
7,145730,3.0020461082458496
7,145740,3.2714595794677734
7,145750,2.5583243370056152
7,145760,2.3788137435913086
7,145770,2.529762029647827
7,145780,2.7703237533569336
7,145790,2.724731683731079
7,145800,3.0964393615722656
7,145810,2.2936649322509766
7,145820,2.8223979473114014
7,145830,2.6122331619262695
7,145840,2.7917864322662354
7,145850,2.850397825241089
7,145860,2.7257986068725586
7,145870,2.8723371028900146
7,145880,3.061159133911133
7,145890,2.497796058654785
7,145900,2.4352195262908936
7,145910,2.888134479522705
7,145920,2.699789047241211
7,145930,3.0089797973632812
7,145940,2.911052942276001
7,145950,2.8009939193725586
7,145960,2.8232016563415527
7,145970,2.6491293907165527
7,145980,2.542377471923828
7,145990,2.7521705627441406
7,146000,2.7756404876708984
7,146010,2.5901365280151367
7,146020,2.2520084381103516
7,146030,2.734834671020508
7,146040,3.045525550842285
7,146050,2.899636745452881
7,146060,2.541043758392334
7,146070,2.586200714111328
7,146080,2.7100768089294434
7,146090,2.49605655670166
7,146100,2.8154478073120117
7,146110,2.9542903900146484
7,146120,2.99458909034729
7,146130,3.248443126678467
7,146140,2.4191510677337646
7,146150,2.5682783126831055
7,146160,2.584362268447876
7,146170,2.5463531017303467
7,146180,2.6033616065979004
7,146190,2.4765350818634033
7,146200,2.9767580032348633
7,146210,2.9555294513702393
7,146220,3.0665555000305176
7,146230,2.6123132705688477
7,146240,2.5131845474243164
7,146250,2.5070607662200928
7,146260,2.854001045227051
7,146270,2.6319332122802734
7,146280,2.522146224975586
7,146290,2.9545793533325195
7,146300,2.534010887145996
7,146310,2.368938684463501
7,146320,3.002113103866577
7,146330,3.2616920471191406
7,146340,3.2462992668151855
7,146350,2.5329432487487793
7,146360,2.24588942527771
7,146370,3.010221481323242
7,146380,2.6709582805633545
7,146390,2.7006735801696777
7,146400,2.6310534477233887
7,146410,2.966942310333252
7,146420,3.2088379859924316
7,146430,2.726097822189331
7,146440,2.66001558303833
7,146450,3.1726291179656982
7,146460,2.6764912605285645
7,146470,2.467562437057495
7,146480,3.012549638748169
7,146490,2.774437427520752
7,146500,2.8665857315063477
7,146510,3.01828670501709
7,146520,2.5946245193481445
7,146530,2.961843967437744
7,146540,2.5428004264831543
7,146550,2.7440788745880127
7,146560,2.618070125579834
7,146570,2.528141498565674
7,146580,2.9006972312927246
7,146590,2.782186269760132
7,146600,2.887803554534912
7,146610,2.720526933670044
7,146620,2.9805855751037598
7,146630,2.527534246444702
7,146640,2.054206132888794
7,146650,2.7268388271331787
7,146660,2.5603561401367188
7,146670,2.430116653442383
7,146680,2.608844757080078
7,146690,3.052213191986084
7,146700,2.787391424179077
7,146710,2.681372880935669
7,146720,2.675849437713623
7,146730,2.9986214637756348
7,146740,2.802967071533203
7,146750,3.0749638080596924
7,146760,2.3495616912841797
7,146770,3.007781505584717
7,146780,2.7676584720611572
7,146790,2.692343235015869
7,146800,2.4567158222198486
7,146810,2.945035457611084
7,146820,2.4258806705474854
7,146830,1.9456171989440918
7,146840,2.862030267715454
7,146850,2.9179720878601074
7,146860,2.7872328758239746
7,146870,3.2576522827148438
7,146880,2.8294272422790527
7,146890,2.721358299255371
7,146900,2.727545738220215
7,146910,2.563615322113037
7,146920,2.517671585083008
7,146930,2.8483028411865234
7,146940,2.4234609603881836
7,146950,2.3004846572875977
7,146960,3.1172449588775635
7,146970,3.1950511932373047
7,146980,2.6522293090820312
7,146990,3.2901694774627686
7,147000,2.96992564201355
7,147010,2.802222490310669
7,147020,2.6941585540771484
7,147030,2.712019205093384
7,147040,2.5619969367980957
7,147050,2.362942695617676
7,147060,2.9344422817230225
7,147070,2.527000904083252
7,147080,3.40767765045166
7,147090,2.815207004547119
7,147100,2.553068161010742
7,147110,2.3402633666992188
7,147120,3.1698036193847656
7,147130,2.605278253555298
7,147140,2.599254608154297
7,147150,2.7458395957946777
7,147160,2.4535140991210938
7,147170,2.8220911026000977
7,147180,2.8334951400756836
7,147190,2.586292028427124
7,147200,2.422175168991089
7,147210,3.0394034385681152
7,147220,2.692655086517334
7,147230,3.0490431785583496
7,147240,2.584289073944092
7,147250,2.362056255340576
7,147260,2.7728004455566406
7,147270,3.307745933532715
7,147280,2.737426280975342
7,147290,2.5761685371398926
7,147300,2.520777702331543
7,147310,2.540714979171753
7,147320,2.697319984436035
7,147330,2.868356704711914
7,147340,2.7015538215637207
7,147350,2.5336174964904785
7,147360,2.328688144683838
7,147370,2.7828357219696045
7,147380,3.07021427154541
7,147390,2.9627017974853516
7,147400,2.613442897796631
7,147410,2.595860004425049
7,147420,2.734612226486206
7,147430,2.9282326698303223
7,147440,2.6088075637817383
7,147450,2.7750051021575928
7,147460,2.2984108924865723
7,147470,2.592103958129883
7,147480,2.7518935203552246
7,147490,2.3634300231933594
7,147500,2.6913132667541504
7,147510,2.7304816246032715
7,147520,3.297227144241333
7,147530,2.6942667961120605
7,147540,2.270221471786499
7,147550,2.3795840740203857
7,147560,3.2158427238464355
7,147570,2.145340919494629
7,147580,2.675095796585083
7,147590,2.8094284534454346
7,147600,2.919276475906372
7,147610,2.691373825073242
7,147620,2.4872982501983643
7,147630,2.5969903469085693
7,147640,2.9024317264556885
7,147650,2.736743450164795
7,147660,2.8709874153137207
7,147670,2.858902931213379
7,147680,2.696443557739258
7,147690,2.578876495361328
7,147700,2.640141487121582
7,147710,2.710268497467041
7,147720,2.329300880432129
7,147730,2.6305322647094727
7,147740,3.0202014446258545
7,147750,2.470095634460449
7,147760,2.7563700675964355
7,147770,2.5993404388427734
7,147780,2.497053623199463
7,147790,2.6082301139831543
7,147800,3.258193016052246
7,147810,2.61114764213562
7,147820,2.6083426475524902
7,147830,2.314850330352783
7,147840,2.753535747528076
7,147850,2.885406970977783
7,147860,2.7640252113342285
7,147870,3.0794718265533447
7,147880,3.366983413696289
7,147890,2.101715564727783
7,147900,2.571690082550049
7,147910,2.8593897819519043
7,147920,3.0469441413879395
7,147930,2.9319207668304443
7,147940,2.75528621673584
7,147950,2.65830135345459
7,147960,2.8341782093048096
7,147970,2.614068031311035
7,147980,2.978029489517212
7,147990,2.820366859436035
7,148000,3.0438122749328613
7,148010,2.7221474647521973
7,148020,2.4995007514953613
7,148030,2.8542890548706055
7,148040,2.8601760864257812
7,148050,2.821305751800537
7,148060,2.444227695465088
7,148070,2.9281725883483887
7,148080,3.118133783340454
7,148090,2.727548599243164
7,148100,2.580435276031494
7,148110,2.778686285018921
7,148120,3.144227981567383
7,148130,3.3671627044677734
7,148140,2.7015480995178223
7,148150,2.6414456367492676
7,148160,2.353966236114502
7,148170,2.87664794921875
7,148180,3.0043442249298096
7,148190,2.6359951496124268
7,148200,2.6702375411987305
7,148210,2.8744354248046875
7,148220,3.074990749359131
7,148230,3.046835422515869
7,148240,2.786240339279175
7,148250,3.144681930541992
7,148260,3.154730796813965
7,148270,2.7306642532348633
7,148280,2.695809841156006
7,148290,3.4365086555480957
7,148300,2.911813735961914
7,148310,2.47761869430542
7,148320,2.7583680152893066
7,148330,2.8373544216156006
7,148340,3.1148478984832764
7,148350,2.891808032989502
7,148360,2.310121536254883
7,148370,2.6049141883850098
7,148380,2.668694496154785
7,148390,2.746962070465088
7,148400,2.9024744033813477
7,148410,2.6587576866149902
7,148420,2.348944664001465
7,148430,2.853775978088379
7,148440,2.807736873626709
7,148450,3.167837619781494
7,148460,2.5594382286071777
7,148470,2.5649638175964355
7,148480,2.4209375381469727
7,148490,2.5832810401916504
7,148500,2.733273983001709
7,148510,3.117760181427002
7,148520,3.08125638961792
7,148530,2.4755640029907227
7,148540,2.405649185180664
7,148550,3.254904270172119
7,148560,2.6188111305236816
7,148570,2.2841715812683105
7,148580,2.7894210815429688
7,148590,2.509406328201294
7,148600,3.073561429977417
7,148610,2.871870517730713
7,148620,2.823636054992676
7,148630,2.851142406463623
7,148640,2.7951765060424805
7,148650,2.6442840099334717
7,148660,2.6031649112701416
7,148670,2.7625508308410645
7,148680,3.23296856880188
7,148690,3.2075822353363037
7,148700,2.9714176654815674
7,148710,3.0641188621520996
7,148720,2.8929522037506104
7,148730,3.142280340194702
7,148740,2.9011402130126953
7,148750,2.837942600250244
7,148760,3.295116424560547
7,148770,2.8250932693481445
7,148780,2.5313379764556885
7,148790,2.660268783569336
7,148800,3.047468423843384
7,148810,2.6920957565307617
7,148820,3.1847667694091797
7,148830,2.5093250274658203
7,148840,3.1674461364746094
7,148850,2.8275198936462402
7,148860,2.8271093368530273
7,148870,3.1552162170410156
7,148880,2.5212461948394775
7,148890,2.404290199279785
7,148900,2.504277467727661
7,148910,2.917241334915161
7,148920,2.4985952377319336
7,148930,2.9329051971435547
7,148940,3.0255191326141357
7,148950,2.85811710357666
7,148960,2.6860718727111816
7,148970,3.0947957038879395
7,148980,2.9559879302978516
7,148990,2.6291024684906006
7,149000,2.6880245208740234
7,149010,2.651704788208008
7,149020,2.5080089569091797
7,149030,2.3599891662597656
7,149040,2.9053306579589844
7,149050,2.6630520820617676
7,149060,2.386932373046875
7,149070,3.5900983810424805
7,149080,2.9375765323638916
7,149090,2.5266623497009277
7,149100,2.9515178203582764
7,149110,2.596919059753418
7,149120,2.927043914794922
7,149130,2.432187557220459
7,149140,2.730203628540039
7,149150,3.300727367401123
7,149160,2.7686448097229004
7,149170,2.9248015880584717
7,149180,2.4946510791778564
7,149190,2.7379696369171143
7,149200,2.401759624481201
7,149210,2.7147271633148193
7,149220,2.5985565185546875
7,149230,2.2747018337249756
7,149240,3.1279776096343994
7,149250,2.491082191467285
7,149260,2.4974863529205322
7,149270,2.7699737548828125
7,149280,2.8331620693206787
7,149290,2.4076757431030273
7,149300,2.2973084449768066
7,149310,2.5447211265563965
7,149320,2.998138904571533
7,149330,2.9406330585479736
7,149340,3.060396194458008
7,149350,2.7059779167175293
7,149360,3.104085922241211
7,149370,2.5341544151306152
7,149380,2.9376721382141113
7,149390,2.2231802940368652
7,149400,2.5404200553894043
7,149410,2.766378879547119
7,149420,2.5033631324768066
7,149430,2.523521900177002
7,149440,3.05196213722229
7,149450,2.9589061737060547
7,149460,2.5172271728515625
7,149470,2.8228089809417725
7,149480,2.691193103790283
7,149490,2.416057586669922
7,149500,2.761871337890625
7,149510,2.5431714057922363
7,149520,2.5516271591186523
7,149530,2.697089672088623
7,149540,2.2485837936401367
7,149550,2.482302188873291
7,149560,2.9909067153930664
7,149570,2.3420329093933105
7,149580,2.612560272216797
7,149590,2.765415906906128
7,149600,2.7913804054260254
7,149610,2.920123815536499
7,149620,2.6354851722717285
7,149630,2.6969234943389893
7,149640,2.940481662750244
7,149650,2.7636165618896484
7,149660,2.609160900115967
7,149670,2.904920816421509
7,149680,2.449277400970459
7,149690,2.7347497940063477
7,149700,2.562037467956543
7,149710,2.3775739669799805
7,149720,2.42726469039917
7,149730,2.4982247352600098
7,149740,2.3410634994506836
7,149750,2.6186392307281494
7,149760,2.8798489570617676
7,149770,2.484226703643799
7,149780,2.458193778991699
7,149790,2.46409273147583
7,149800,2.454760789871216
7,149810,2.5517032146453857
7,149820,2.9520392417907715
7,149830,2.8054330348968506
7,149840,2.7393312454223633
7,149850,2.4503302574157715
7,149860,2.5451388359069824
7,149870,2.8350887298583984
7,149880,2.723550319671631
7,149890,2.650872230529785
7,149900,2.5890610218048096
7,149910,2.7188920974731445
7,149920,2.7033660411834717
7,149930,2.5970945358276367
7,149940,2.4145026206970215
7,149950,2.7903223037719727
7,149960,3.0083141326904297
7,149970,2.687455177307129
7,149980,2.893131971359253
7,149990,3.2470216751098633
7,150000,2.710303783416748
7,150010,2.9100465774536133
7,150020,2.537360191345215
7,150030,2.610654354095459
7,150040,3.042107582092285
7,150050,2.969013214111328
7,150060,2.373720169067383
7,150070,2.404940605163574
7,150080,2.515416145324707
7,150090,2.596911668777466
7,150100,2.640984535217285
7,150110,2.69565749168396
7,150120,2.963338613510132
7,150130,3.0819926261901855
7,150140,2.6931679248809814
7,150150,2.651836633682251
7,150160,2.8784217834472656
7,150170,2.3237571716308594
7,150180,2.9669690132141113
7,150190,3.007927894592285
7,150200,2.4672579765319824
7,150210,2.5403079986572266
7,150220,2.640925884246826
7,150230,2.787020683288574
7,150240,2.468478202819824
7,150250,2.462343692779541
7,150260,2.469511032104492
7,150270,2.4477877616882324
7,150280,2.2235846519470215
7,150290,2.763917922973633
7,150300,3.050750732421875
7,150310,2.645259380340576
7,150320,2.2624263763427734
7,150330,3.058046817779541
7,150340,2.970472812652588
7,150350,3.0977914333343506
7,150360,2.6827645301818848
7,150370,2.463456153869629
7,150380,2.769747734069824
7,150390,2.1961026191711426
7,150400,2.544053077697754
7,150410,2.8711729049682617
7,150420,2.896299123764038
7,150430,2.4990170001983643
7,150440,2.9769856929779053
7,150450,3.3173413276672363
7,150460,2.7433557510375977
7,150470,2.8029842376708984
7,150480,2.9593303203582764
7,150490,2.3955047130584717
7,150500,2.701873302459717
7,150510,3.1981654167175293
7,150520,2.4296789169311523
7,150530,2.565288543701172
7,150540,2.9575867652893066
7,150550,2.6165130138397217
7,150560,2.8232078552246094
7,150570,2.7761952877044678
7,150580,2.5954620838165283
7,150590,2.981234073638916
7,150600,2.8026933670043945
7,150610,2.694897174835205
7,150620,2.6221694946289062
7,150630,3.155155658721924
7,150640,3.3496553897857666
7,150650,2.7615909576416016
7,150660,2.6145052909851074
7,150670,2.6580429077148438
7,150680,2.367487907409668
7,150690,3.673525333404541
7,150700,2.8726930618286133
7,150710,2.5053741931915283
7,150720,2.6824917793273926
7,150730,2.75992488861084
7,150740,2.483398675918579
7,150750,2.6560754776000977
7,150760,2.7455875873565674
7,150770,3.2198843955993652
7,150780,2.6087393760681152
7,150790,2.868129253387451
7,150800,2.820420265197754
7,150810,2.496288299560547
7,150820,2.3456578254699707
7,150830,3.2176456451416016
7,150840,2.790153741836548
7,150850,3.192439556121826
7,150860,2.459223747253418
7,150870,2.658623695373535
7,150880,2.3925890922546387
7,150890,2.8173203468322754
7,150900,2.2964069843292236
7,150910,2.5152721405029297
7,150920,2.8960137367248535
7,150930,3.0714011192321777
7,150940,2.4785008430480957
7,150950,2.3097777366638184
7,150960,2.657404899597168
7,150970,2.5837864875793457
7,150980,2.506021022796631
7,150990,2.7907795906066895
7,151000,2.594521999359131
7,151010,2.7398204803466797
7,151020,3.121039867401123
7,151030,2.435495376586914
7,151040,2.483771324157715
7,151050,3.3474416732788086
7,151060,2.8626842498779297
7,151070,2.7526917457580566
7,151080,2.9190831184387207
7,151090,2.9101388454437256
7,151100,2.6081700325012207
7,151110,2.7707326412200928
7,151120,2.4319114685058594
7,151130,2.8814332485198975
7,151140,2.6497621536254883
7,151150,2.612332820892334
7,151160,2.9788951873779297
7,151170,2.9386677742004395
7,151180,2.8414459228515625
7,151190,2.8317556381225586
7,151200,2.6249492168426514
7,151210,2.691826343536377
7,151220,2.88053560256958
7,151230,2.597808361053467
7,151240,3.058065414428711
7,151250,2.573234796524048
7,151260,2.9418420791625977
7,151270,2.5544002056121826
7,151280,2.618345260620117
7,151290,2.6872823238372803
7,151300,2.4578065872192383
7,151310,3.235780715942383
7,151320,3.1997275352478027
7,151330,2.5504393577575684
7,151340,2.3728692531585693
7,151350,3.407802104949951
7,151360,2.8072853088378906
7,151370,2.9339003562927246
7,151380,2.7726943492889404
7,151390,2.645890235900879
7,151400,2.4761176109313965
7,151410,2.6852407455444336
7,151420,2.897490978240967
7,151430,2.3354268074035645
7,151440,2.9377927780151367
7,151450,2.7109780311584473
7,151460,3.0547537803649902
7,151470,3.27840256690979
7,151480,2.555950164794922
7,151490,2.7994179725646973
7,151500,2.399209976196289
7,151510,3.001387596130371
7,151520,3.19427490234375
7,151530,2.3372642993927
7,151540,2.7666988372802734
7,151550,2.7483890056610107
7,151560,2.5058159828186035
7,151570,3.0073258876800537
7,151580,2.62039852142334
7,151590,2.460855007171631
7,151600,2.7039270401000977
7,151610,3.180044651031494
7,151620,2.71421480178833
7,151630,3.0421712398529053
7,151640,2.7819983959198
7,151650,2.785491943359375
7,151660,2.6499993801116943
7,151670,2.597520351409912
7,151680,2.7531304359436035
7,151690,3.241269111633301
7,151700,2.7209532260894775
7,151710,2.4061074256896973
7,151720,2.6393165588378906
7,151730,2.4396238327026367
7,151740,2.9145348072052
7,151750,3.3316287994384766
7,151760,2.6574344635009766
7,151770,3.4377546310424805
7,151780,2.8933913707733154
7,151790,2.84537410736084
7,151800,2.5910749435424805
7,151810,2.408003091812134
7,151820,2.797719955444336
7,151830,2.997081995010376
7,151840,2.628174304962158
7,151850,2.855125904083252
7,151860,2.295517683029175
7,151870,2.503474712371826
7,151880,2.9098141193389893
7,151890,2.9591116905212402
7,151900,2.8474926948547363
7,151910,2.8206605911254883
7,151920,2.4548492431640625
7,151930,3.09141206741333
7,151940,2.6974854469299316
7,151950,3.221808910369873
7,151960,2.844911575317383
7,151970,2.857593297958374
7,151980,2.4062013626098633
7,151990,2.968062162399292
7,152000,2.5488877296447754
7,152010,2.525634765625
7,152020,2.4419925212860107
7,152030,2.79713773727417
7,152040,3.2802205085754395
7,152050,2.4552903175354004
7,152060,3.2375059127807617
7,152070,2.8790581226348877
7,152080,2.786346197128296
7,152090,3.2307395935058594
7,152100,2.7235255241394043
7,152110,2.829491376876831
7,152120,2.3342790603637695
7,152130,2.7722668647766113
7,152140,2.799678325653076
7,152150,2.461045980453491
7,152160,2.948913097381592
7,152170,2.525357484817505
7,152180,3.1796674728393555
7,152190,2.9510836601257324
7,152200,2.295395612716675
7,152210,2.6262238025665283
7,152220,3.3538706302642822
7,152230,2.697446584701538
7,152240,2.7203011512756348
7,152250,2.887439727783203
7,152260,2.430135726928711
7,152270,2.7394237518310547
7,152280,2.5573484897613525
7,152290,2.6700708866119385
7,152300,2.9387471675872803
7,152310,2.7316298484802246
7,152320,2.8590383529663086
7,152330,2.815258264541626
7,152340,2.856250286102295
7,152350,2.549474000930786
7,152360,2.1655359268188477
7,152370,2.841550350189209
7,152380,2.5751523971557617
7,152390,2.4281091690063477
7,152400,2.947129964828491
7,152410,2.503507614135742
7,152420,2.6138815879821777
7,152430,2.455282211303711
7,152440,2.8744966983795166
7,152450,2.2529456615448
7,152460,2.7985219955444336
7,152470,2.4596872329711914
7,152480,3.0155487060546875
7,152490,2.577460765838623
7,152500,3.4074034690856934
7,152510,2.9048871994018555
7,152520,3.08797550201416
7,152530,3.0868024826049805
7,152540,2.9268624782562256
7,152550,3.229179620742798
7,152560,2.664954662322998
7,152570,2.602293014526367
7,152580,2.9016802310943604
7,152590,3.014524459838867
7,152600,3.143174171447754
7,152610,2.770693063735962
7,152620,3.0034565925598145
7,152630,2.9367804527282715
7,152640,2.438894510269165
7,152650,2.672792911529541
7,152660,3.0334787368774414
7,152670,2.5033631324768066
7,152680,2.786630153656006
7,152690,2.890151023864746
7,152700,2.6063320636749268
7,152710,2.671546220779419
7,152720,2.445720672607422
7,152730,2.764347553253174
7,152740,2.7355809211730957
7,152750,3.0288217067718506
7,152760,2.8414533138275146
7,152770,3.3170156478881836
7,152780,3.1044387817382812
7,152790,2.7996597290039062
7,152800,3.007801055908203
7,152810,2.819550037384033
7,152820,3.071702480316162
7,152830,2.3432810306549072
7,152840,2.618565559387207
7,152850,2.92983078956604
7,152860,2.633063316345215
7,152870,2.8894667625427246
7,152880,2.865795612335205
7,152890,2.6871771812438965
7,152900,2.919957160949707
7,152910,2.9618682861328125
7,152920,2.620792865753174
7,152930,2.9282398223876953
7,152940,2.5041162967681885
7,152950,3.1604700088500977
7,152960,3.1499438285827637
7,152970,2.4681551456451416
7,152980,2.613332986831665
7,152990,2.418604612350464
7,153000,2.37526798248291
7,153010,2.6001060009002686
7,153020,2.7422924041748047
7,153030,2.8358287811279297
7,153040,2.6117827892303467
7,153050,2.8987207412719727
7,153060,3.056029796600342
7,153070,2.9475176334381104
7,153080,2.689298152923584
7,153090,2.3573360443115234
7,153100,2.837230682373047
7,153110,3.116546630859375
7,153120,2.649993896484375
7,153130,2.560579538345337
7,153140,3.1427693367004395
7,153150,2.9350876808166504
7,153160,2.5106489658355713
7,153170,2.69240140914917
7,153180,3.238557815551758
7,153190,2.6303882598876953
7,153200,2.165898561477661
7,153210,2.5698695182800293
7,153220,2.8541488647460938
7,153230,3.4475481510162354
7,153240,2.4725515842437744
7,153250,2.81221342086792
7,153260,2.7391369342803955
7,153270,2.826961040496826
7,153280,2.9845972061157227
7,153290,2.724698543548584
7,153300,2.8800528049468994
7,153310,2.6672439575195312
7,153320,2.788895606994629
7,153330,2.6899969577789307
7,153340,3.364192247390747
7,153350,2.3693878650665283
7,153360,3.0993881225585938
7,153370,2.5449180603027344
7,153380,2.44590425491333
7,153390,2.775017261505127
7,153400,2.793259382247925
7,153410,3.188161849975586
7,153420,3.072343587875366
7,153430,2.6506917476654053
7,153440,2.579413414001465
7,153450,2.3802759647369385
7,153460,2.784613609313965
7,153470,2.7017266750335693
7,153480,2.7600717544555664
7,153490,2.525026559829712
7,153500,2.97444486618042
7,153510,2.7715344429016113
7,153520,3.1491007804870605
7,153530,2.5010597705841064
7,153540,2.5080668926239014
7,153550,2.6595234870910645
7,153560,2.58984375
7,153570,2.7353105545043945
7,153580,2.678584098815918
7,153590,2.785409450531006
7,153600,3.2615549564361572
7,153610,2.6886868476867676
7,153620,2.8952879905700684
7,153630,2.667757272720337
7,153640,3.099437952041626
7,153650,2.6309494972229004
7,153660,2.8607873916625977
7,153670,2.7233376502990723
7,153680,2.522923231124878
7,153690,2.777334690093994
7,153700,3.0423836708068848
7,153710,2.8121562004089355
7,153720,2.8092997074127197
7,153730,3.110105037689209
7,153740,2.4294629096984863
7,153750,3.0063047409057617
7,153760,2.8570916652679443
7,153770,2.5214242935180664
7,153780,3.1678123474121094
7,153790,3.0755295753479004
7,153800,3.080949306488037
7,153810,2.9901952743530273
7,153820,2.6485252380371094
7,153830,2.4478602409362793
7,153840,2.860894203186035
7,153850,2.5133166313171387
7,153860,2.530162811279297
7,153870,2.734436511993408
7,153880,2.4300551414489746
7,153890,2.3364052772521973
7,153900,2.875490665435791
7,153910,2.7427966594696045
7,153920,2.6733016967773438
7,153930,2.628613233566284
7,153940,2.930365562438965
7,153950,2.663921356201172
7,153960,2.7018346786499023
7,153970,2.703000545501709
7,153980,2.5224642753601074
7,153990,2.7780609130859375
7,154000,2.8461360931396484
7,154010,2.6286120414733887
7,154020,3.0139951705932617
7,154030,2.662795066833496
7,154040,3.050541400909424
7,154050,2.6070804595947266
7,154060,2.7242300510406494
7,154070,2.8983278274536133
7,154080,2.5836286544799805
7,154090,2.747387409210205
7,154100,2.706392288208008
7,154110,2.817197322845459
7,154120,2.815861463546753
7,154130,2.615464687347412
7,154140,3.163613796234131
7,154150,2.851350784301758
7,154160,2.3760626316070557
7,154170,2.7960317134857178
7,154180,2.7984092235565186
7,154190,2.990387439727783
7,154200,2.9485483169555664
7,154210,3.2937936782836914
7,154220,2.611921548843384
7,154230,2.7744100093841553
7,154240,2.858673572540283
7,154250,3.2990267276763916
7,154260,2.7961578369140625
7,154270,2.8822195529937744
7,154280,3.000600814819336
8,154290,3.1685891151428223
8,154300,3.2205162048339844
8,154310,2.6503758430480957
8,154320,2.6896626949310303
8,154330,2.90035343170166
8,154340,2.954923152923584
8,154350,3.237450122833252
8,154360,2.5769529342651367
8,154370,2.9593753814697266
8,154380,2.715867519378662
8,154390,2.7397799491882324
8,154400,2.3832998275756836
8,154410,2.685185194015503
8,154420,2.7972350120544434
8,154430,2.9059953689575195
8,154440,2.6794931888580322
8,154450,3.0577335357666016
8,154460,2.839722156524658
8,154470,2.938140869140625
8,154480,2.9658398628234863
8,154490,2.5266799926757812
8,154500,2.349059581756592
8,154510,2.742497444152832
8,154520,3.14530611038208
8,154530,2.702089548110962
8,154540,2.5733015537261963
8,154550,2.8494057655334473
8,154560,2.898024559020996
8,154570,2.5149736404418945
8,154580,3.219487190246582
8,154590,2.6198947429656982
8,154600,3.2843613624572754
8,154610,2.940319538116455
8,154620,2.6334033012390137
8,154630,2.789553642272949
8,154640,2.6925456523895264
8,154650,3.4656434059143066
8,154660,2.728243350982666
8,154670,2.7985281944274902
8,154680,2.621131420135498
8,154690,2.6166415214538574
8,154700,3.211634635925293
8,154710,3.032522678375244
8,154720,3.312889575958252
8,154730,2.8487448692321777
8,154740,2.6448750495910645
8,154750,2.953158378601074
8,154760,2.810234546661377
8,154770,2.952212333679199
8,154780,2.8307580947875977
8,154790,2.8595027923583984
8,154800,2.7603139877319336
8,154810,2.6134400367736816
8,154820,2.9741337299346924
8,154830,2.7308757305145264
8,154840,3.174487590789795
8,154850,3.1782021522521973
8,154860,2.4924755096435547
8,154870,2.981067657470703
8,154880,2.607738971710205
8,154890,3.345254898071289
8,154900,2.8129687309265137
8,154910,2.5321342945098877
8,154920,2.594748020172119
8,154930,2.9164628982543945
8,154940,3.0071678161621094
8,154950,2.6507625579833984
8,154960,2.9425225257873535
8,154970,2.558760643005371
8,154980,2.6318697929382324
8,154990,2.7732648849487305
8,155000,3.3353147506713867
8,155010,2.3812508583068848
8,155020,2.58872127532959
8,155030,2.893376350402832
8,155040,3.1119019985198975
8,155050,3.297783374786377
8,155060,3.16680908203125
8,155070,2.597667694091797
8,155080,3.2068467140197754
8,155090,2.7109293937683105
8,155100,2.8347439765930176
8,155110,2.366797924041748
8,155120,2.9752211570739746
8,155130,2.899881601333618
8,155140,2.85867977142334
8,155150,2.5372204780578613
8,155160,2.990204334259033
8,155170,3.3121490478515625
8,155180,2.673980236053467
8,155190,2.6853160858154297
8,155200,2.899240493774414
8,155210,3.1537013053894043
8,155220,3.0732226371765137
8,155230,2.7030744552612305
8,155240,2.410017490386963
8,155250,2.8221800327301025
8,155260,2.8895530700683594
8,155270,3.0398154258728027
8,155280,2.9213192462921143
8,155290,2.8851914405822754
8,155300,2.7386436462402344
8,155310,2.6140012741088867
8,155320,3.0746655464172363
8,155330,3.236746072769165
8,155340,2.351546287536621
8,155350,2.8220901489257812
8,155360,2.7813644409179688
8,155370,2.7055468559265137
8,155380,2.525589942932129
8,155390,3.350950241088867
8,155400,3.2853407859802246
8,155410,2.717190980911255
8,155420,2.6892642974853516
8,155430,2.9062209129333496
8,155440,2.842484474182129
8,155450,2.9003705978393555
8,155460,2.902308464050293
8,155470,2.694791078567505
8,155480,2.7957756519317627
8,155490,3.0336947441101074
8,155500,3.2494335174560547
8,155510,2.8080856800079346
8,155520,3.0390818119049072
8,155530,2.9378600120544434
8,155540,2.6237642765045166
8,155550,3.424088478088379
8,155560,3.1005916595458984
8,155570,3.6477901935577393
8,155580,2.9832358360290527
8,155590,2.9202733039855957
8,155600,2.805612087249756
8,155610,2.8282222747802734
8,155620,2.884458541870117
8,155630,3.2718100547790527
8,155640,2.3939900398254395
8,155650,3.307642936706543
8,155660,3.0184988975524902
8,155670,3.287680149078369
8,155680,2.7994422912597656
8,155690,2.80133056640625
8,155700,2.728872299194336
8,155710,2.7148797512054443
8,155720,2.413801908493042
8,155730,3.1042399406433105
8,155740,3.0148956775665283
8,155750,3.176668167114258
8,155760,2.270575523376465
8,155770,2.6057686805725098
8,155780,2.8521924018859863
8,155790,2.7822935581207275
8,155800,2.4401469230651855
8,155810,3.1510767936706543
8,155820,2.8082666397094727
8,155830,2.5919885635375977
8,155840,2.795316457748413
8,155850,2.7854232788085938
8,155860,2.882842540740967
8,155870,2.6677134037017822
8,155880,2.9448914527893066
8,155890,3.2728424072265625
8,155900,2.4722585678100586
8,155910,2.9800539016723633
8,155920,2.553760290145874
8,155930,2.6104183197021484
8,155940,2.802584171295166
8,155950,2.969639301300049
8,155960,2.800520896911621
8,155970,2.937622308731079
8,155980,2.933218479156494
8,155990,3.4386353492736816
8,156000,2.535984516143799
8,156010,2.9757938385009766
8,156020,3.4111592769622803
8,156030,2.984145164489746
8,156040,2.6127712726593018
8,156050,3.0325450897216797
8,156060,2.572329521179199
8,156070,2.6747794151306152
8,156080,2.6448450088500977
8,156090,3.1112818717956543
8,156100,2.6056370735168457
8,156110,2.748335361480713
8,156120,3.0630555152893066
8,156130,3.216827869415283
8,156140,2.5998239517211914
8,156150,3.312901258468628
8,156160,3.1010165214538574
8,156170,2.9072513580322266
8,156180,2.6807608604431152
8,156190,2.493313789367676
8,156200,2.8158326148986816
8,156210,2.530165195465088
8,156220,2.923737049102783
8,156230,2.9937169551849365
8,156240,2.909797191619873
8,156250,2.826483726501465
8,156260,3.0782086849212646
8,156270,2.448944568634033
8,156280,3.1821560859680176
8,156290,2.849067449569702
8,156300,2.755249500274658
8,156310,2.349794864654541
8,156320,2.9832253456115723
8,156330,2.766787052154541
8,156340,2.5670313835144043
8,156350,2.70754337310791
8,156360,3.096043825149536
8,156370,2.5927205085754395
8,156380,2.7944295406341553
8,156390,3.4829177856445312
8,156400,3.08596134185791
8,156410,2.8823540210723877
8,156420,2.74033784866333
8,156430,2.7523746490478516
8,156440,2.883772373199463
8,156450,2.927083969116211
8,156460,3.059459686279297
8,156470,2.5562644004821777
8,156480,2.7633776664733887
8,156490,2.980774402618408
8,156500,2.891366481781006
8,156510,3.2425477504730225
8,156520,2.606156826019287
8,156530,3.0341010093688965
8,156540,2.787703514099121
8,156550,3.251532554626465
8,156560,2.7123637199401855
8,156570,2.7414603233337402
8,156580,2.9239678382873535
8,156590,2.586430549621582
8,156600,2.8512320518493652
8,156610,2.482783555984497
8,156620,2.737879753112793
8,156630,2.4656169414520264
8,156640,3.421848773956299
8,156650,2.931455612182617
8,156660,2.722069263458252
8,156670,2.7084264755249023
8,156680,2.599091053009033
8,156690,3.1345114707946777
8,156700,3.0315232276916504
8,156710,2.9704537391662598
8,156720,3.120711326599121
8,156730,2.6892080307006836
8,156740,2.984851837158203
8,156750,2.5240025520324707
8,156760,2.6418285369873047
8,156770,2.8715476989746094
8,156780,2.8984105587005615
8,156790,2.8200621604919434
8,156800,2.3629205226898193
8,156810,2.765657901763916
8,156820,3.0225367546081543
8,156830,3.100264072418213
8,156840,2.915294647216797
8,156850,2.68855619430542
8,156860,2.9306387901306152
8,156870,2.9011988639831543
8,156880,2.761690616607666
8,156890,2.9361281394958496
8,156900,2.6920268535614014
8,156910,2.731783390045166
8,156920,3.0830652713775635
8,156930,2.805187702178955
8,156940,3.0114707946777344
8,156950,2.7580602169036865
8,156960,2.5686159133911133
8,156970,2.9139318466186523
8,156980,3.2121715545654297
8,156990,2.5416812896728516
8,157000,2.4764437675476074
8,157010,2.860534191131592
8,157020,2.966967821121216
8,157030,2.7936487197875977
8,157040,2.6045427322387695
8,157050,2.763277053833008
8,157060,2.7463557720184326
8,157070,3.0216755867004395
8,157080,3.075836420059204
8,157090,2.7101640701293945
8,157100,2.699352264404297
8,157110,2.8446226119995117
8,157120,2.778578996658325
8,157130,3.2560739517211914
8,157140,2.838931083679199
8,157150,2.7494864463806152
8,157160,2.9264659881591797
8,157170,2.751616954803467
8,157180,3.0499181747436523
8,157190,2.972682476043701
8,157200,2.5996322631835938
8,157210,2.999177932739258
8,157220,2.3659427165985107
8,157230,2.9022579193115234
8,157240,2.4793617725372314
8,157250,2.867867946624756
8,157260,2.8872625827789307
8,157270,2.774217128753662
8,157280,3.463916778564453
8,157290,2.8285226821899414
8,157300,3.0650486946105957
8,157310,2.63496732711792
8,157320,2.699063777923584
8,157330,2.783454179763794
8,157340,3.036005735397339
8,157350,2.780792713165283
8,157360,2.8165793418884277
8,157370,2.9171247482299805
8,157380,3.1129589080810547
8,157390,2.6989965438842773
8,157400,2.469691753387451
8,157410,2.5812149047851562
8,157420,2.7216625213623047
8,157430,2.9297547340393066
8,157440,3.2637510299682617
8,157450,2.7017104625701904
8,157460,3.0085678100585938
8,157470,2.660344123840332
8,157480,3.925832748413086
8,157490,3.077237129211426
8,157500,2.7180745601654053
8,157510,3.1512980461120605
8,157520,2.77193546295166
8,157530,3.020552635192871
8,157540,3.222449779510498
8,157550,2.8378167152404785
8,157560,2.7475693225860596
8,157570,2.8598835468292236
8,157580,2.668148994445801
8,157590,2.844348907470703
8,157600,2.8744773864746094
8,157610,2.6998744010925293
8,157620,2.9920644760131836
8,157630,2.854335308074951
8,157640,2.820739269256592
8,157650,3.161747455596924
8,157660,2.7347006797790527
8,157670,2.636167526245117
8,157680,2.9255003929138184
8,157690,2.7545065879821777
8,157700,3.004657745361328
8,157710,3.121225357055664
8,157720,2.53538179397583
8,157730,2.5934648513793945
8,157740,2.8430261611938477
8,157750,3.026447296142578
8,157760,2.6400489807128906
8,157770,2.9730734825134277
8,157780,3.2250349521636963
8,157790,2.9638657569885254
8,157800,2.486021041870117
8,157810,2.810274362564087
8,157820,2.945854425430298
8,157830,2.9706673622131348
8,157840,2.469327688217163
8,157850,2.8163704872131348
8,157860,2.696383476257324
8,157870,2.6883888244628906
8,157880,2.584073066711426
8,157890,2.838794708251953
8,157900,3.0035243034362793
8,157910,2.400761604309082
8,157920,2.8956851959228516
8,157930,2.6067311763763428
8,157940,2.7260446548461914
8,157950,3.182710647583008
8,157960,2.956369400024414
8,157970,2.802638292312622
8,157980,3.3009843826293945
8,157990,2.4375762939453125
8,158000,3.4767212867736816
8,158010,2.7270407676696777
8,158020,3.004150390625
8,158030,2.604292869567871
8,158040,3.1552233695983887
8,158050,2.4079813957214355
8,158060,3.0256309509277344
8,158070,2.770357131958008
8,158080,2.994814395904541
8,158090,2.972397804260254
8,158100,3.0477209091186523
8,158110,3.3597218990325928
8,158120,3.306929111480713
8,158130,3.331486225128174
8,158140,2.6820623874664307
8,158150,3.2251014709472656
8,158160,2.602292776107788
8,158170,2.891383647918701
8,158180,2.9982240200042725
8,158190,2.711146831512451
8,158200,3.098191261291504
8,158210,2.8222508430480957
8,158220,2.516173839569092
8,158230,2.5948216915130615
8,158240,3.0935897827148438
8,158250,2.661799430847168
8,158260,3.004638433456421
8,158270,2.810314655303955
8,158280,2.7435169219970703
8,158290,2.9021148681640625
8,158300,2.7031664848327637
8,158310,2.832944631576538
8,158320,2.576880693435669
8,158330,2.754051685333252
8,158340,2.5825612545013428
8,158350,2.7311267852783203
8,158360,3.141616106033325
8,158370,2.9929051399230957
8,158380,2.8683464527130127
8,158390,2.9155213832855225
8,158400,2.564192295074463
8,158410,2.8458807468414307
8,158420,3.0329949855804443
8,158430,2.433058500289917
8,158440,3.4452037811279297
8,158450,2.48081111907959
8,158460,2.5993993282318115
8,158470,3.085623264312744
8,158480,2.5731732845306396
8,158490,2.702470064163208
8,158500,2.419389247894287
8,158510,3.1921157836914062
8,158520,2.4772934913635254
8,158530,2.896278142929077
8,158540,3.1767470836639404
8,158550,2.9424924850463867
8,158560,3.1101367473602295
8,158570,3.2919414043426514
8,158580,2.8205270767211914
8,158590,2.717972755432129
8,158600,3.1708755493164062
8,158610,2.39896821975708
8,158620,2.922572612762451
8,158630,2.346015453338623
8,158640,2.4372000694274902
8,158650,2.9150314331054688
8,158660,2.461594820022583
8,158670,2.941307306289673
8,158680,2.5960421562194824
8,158690,2.8473501205444336
8,158700,2.477607011795044
8,158710,2.956033229827881
8,158720,2.603616237640381
8,158730,2.917807102203369
8,158740,2.9598405361175537
8,158750,3.1352810859680176
8,158760,2.929812431335449
8,158770,3.0846023559570312
8,158780,2.3892264366149902
8,158790,2.4521141052246094
8,158800,3.142488479614258
8,158810,2.503783702850342
8,158820,3.0311050415039062
8,158830,2.752807140350342
8,158840,3.0633151531219482
8,158850,2.7751684188842773
8,158860,2.9750430583953857
8,158870,2.5601181983947754
8,158880,2.694911003112793
8,158890,2.6716151237487793
8,158900,2.690497398376465
8,158910,2.910395622253418
8,158920,3.173978567123413
8,158930,2.9933085441589355
8,158940,2.840975522994995
8,158950,2.7667903900146484
8,158960,2.6085586547851562
8,158970,2.8866398334503174
8,158980,2.8842267990112305
8,158990,2.9932820796966553
8,159000,2.618804931640625
8,159010,3.1718759536743164
8,159020,2.476754665374756
8,159030,2.938770294189453
8,159040,2.9011049270629883
8,159050,2.7394723892211914
8,159060,2.6110477447509766
8,159070,3.4156405925750732
8,159080,2.8428401947021484
8,159090,2.7583513259887695
8,159100,3.281648635864258
8,159110,3.4369993209838867
8,159120,2.7894718647003174
8,159130,2.73307466506958
8,159140,3.1327197551727295
8,159150,3.050211191177368
8,159160,2.4590301513671875
8,159170,2.70296049118042
8,159180,3.131535530090332
8,159190,2.6182503700256348
8,159200,2.7039175033569336
8,159210,3.2831597328186035
8,159220,2.6855998039245605
8,159230,3.065214157104492
8,159240,3.1254777908325195
8,159250,2.9167532920837402
8,159260,2.8401026725769043
8,159270,2.786968231201172
8,159280,2.401984930038452
8,159290,2.846433639526367
8,159300,3.0247936248779297
8,159310,2.193061351776123
8,159320,2.7853100299835205
8,159330,2.7547850608825684
8,159340,2.9114813804626465
8,159350,2.729539394378662
8,159360,3.034668445587158
8,159370,2.7986817359924316
8,159380,2.5809545516967773
8,159390,2.448000431060791
8,159400,2.8503899574279785
8,159410,2.5957562923431396
8,159420,2.9499030113220215
8,159430,2.728606700897217
8,159440,2.9533603191375732
8,159450,2.6646299362182617
8,159460,2.9377570152282715
8,159470,3.186081886291504
8,159480,2.5923337936401367
8,159490,2.980527400970459
8,159500,3.3254499435424805
8,159510,3.00156569480896
8,159520,2.7845981121063232
8,159530,2.640993118286133
8,159540,2.8718597888946533
8,159550,2.848203659057617
8,159560,2.721202850341797
8,159570,3.1344923973083496
8,159580,2.7238616943359375
8,159590,3.0299201011657715
8,159600,2.620896816253662
8,159610,2.7023873329162598
8,159620,3.116494655609131
8,159630,2.567291498184204
8,159640,2.9571475982666016
8,159650,3.199056625366211
8,159660,2.6895041465759277
8,159670,2.7546911239624023
8,159680,2.952521800994873
8,159690,2.7117233276367188
8,159700,2.9562828540802
8,159710,3.181030035018921
8,159720,2.7553930282592773
8,159730,2.9795923233032227
8,159740,3.1272037029266357
8,159750,3.2929956912994385
8,159760,3.120494842529297
8,159770,3.104153633117676
8,159780,3.142738103866577
8,159790,2.6452579498291016
8,159800,3.2516770362854004
8,159810,2.9967591762542725
8,159820,2.4552950859069824
8,159830,2.611229181289673
8,159840,3.016042709350586
8,159850,3.3379766941070557
8,159860,3.297551155090332
8,159870,2.6394970417022705
8,159880,3.1725857257843018
8,159890,2.7448043823242188
8,159900,2.7452449798583984
8,159910,3.106361150741577
8,159920,3.4005355834960938
8,159930,2.5668392181396484
8,159940,2.920111894607544
8,159950,2.7842702865600586
8,159960,2.774745225906372
8,159970,2.9489269256591797
8,159980,2.7707619667053223
8,159990,3.0372817516326904
8,160000,2.9150378704071045
8,160010,3.016982078552246
8,160020,2.4604692459106445
8,160030,2.567241668701172
8,160040,2.5325820446014404
8,160050,2.5392374992370605
8,160060,2.8330135345458984
8,160070,2.531284809112549
8,160080,2.2537143230438232
8,160090,3.2407219409942627
8,160100,2.7069921493530273
8,160110,2.8657803535461426
8,160120,2.6168196201324463
8,160130,2.8717355728149414
8,160140,2.505413770675659
8,160150,2.3355040550231934
8,160160,3.312699317932129
8,160170,2.6447410583496094
8,160180,2.51169753074646
8,160190,2.6377310752868652
8,160200,2.4107789993286133
8,160210,2.403181552886963
8,160220,2.8208250999450684
8,160230,2.857464551925659
8,160240,2.75899076461792
8,160250,2.404585361480713
8,160260,2.525660991668701
8,160270,2.8810930252075195
8,160280,2.877429246902466
8,160290,2.7629520893096924
8,160300,3.048537015914917
8,160310,2.2789883613586426
8,160320,2.3816471099853516
8,160330,2.6954054832458496
8,160340,3.0422921180725098
8,160350,2.7327418327331543
8,160360,2.907439708709717
8,160370,2.447176456451416
8,160380,2.39727783203125
8,160390,2.6212387084960938
8,160400,2.6288366317749023
8,160410,2.6218760013580322
8,160420,2.419783115386963
8,160430,2.6895997524261475
8,160440,2.371399402618408
8,160450,2.97806453704834
8,160460,2.7549057006835938
8,160470,2.780635356903076
8,160480,2.400649070739746
8,160490,2.6892218589782715
8,160500,3.04526424407959
8,160510,2.4050612449645996
8,160520,2.419412612915039
8,160530,2.4189891815185547
8,160540,2.674690008163452
8,160550,2.61832857131958
8,160560,2.6952097415924072
8,160570,2.5884950160980225
8,160580,2.658693313598633
8,160590,2.382709503173828
8,160600,2.9520320892333984
8,160610,2.2482361793518066
8,160620,3.105034112930298
8,160630,2.841700553894043
8,160640,2.448838710784912
8,160650,2.6118004322052
8,160660,2.7452197074890137
8,160670,2.570488452911377
8,160680,2.846127986907959
8,160690,2.6380109786987305
8,160700,2.1644697189331055
8,160710,2.386723756790161
8,160720,2.716352939605713
8,160730,2.507420539855957
8,160740,2.6895570755004883
8,160750,2.5603957176208496
8,160760,2.5981907844543457
8,160770,2.7267332077026367
8,160780,2.3745570182800293
8,160790,2.161825656890869
8,160800,2.6071887016296387
8,160810,2.21566104888916
8,160820,2.6675281524658203
8,160830,2.116053342819214
8,160840,2.3683922290802
8,160850,2.699528694152832
8,160860,2.5227725505828857
8,160870,2.6579484939575195
8,160880,2.5467982292175293
8,160890,2.7832865715026855
8,160900,2.8798296451568604
8,160910,2.797175645828247
8,160920,2.470308303833008
8,160930,2.4100046157836914
8,160940,3.0271241664886475
8,160950,2.39888334274292
8,160960,2.4267163276672363
8,160970,2.315683603286743
8,160980,2.387022018432617
8,160990,2.766298770904541
8,161000,2.68171763420105
8,161010,2.4676504135131836
8,161020,2.602670192718506
8,161030,2.5814952850341797
8,161040,2.8854517936706543
8,161050,2.508242130279541
8,161060,2.0720572471618652
8,161070,2.5993292331695557
8,161080,2.7414193153381348
8,161090,2.322380304336548
8,161100,2.286250114440918
8,161110,2.5436153411865234
8,161120,2.2340245246887207
8,161130,2.7546753883361816
8,161140,2.7347989082336426
8,161150,3.0377068519592285
8,161160,2.7614595890045166
8,161170,2.5057079792022705
8,161180,2.5028979778289795
8,161190,2.348539352416992
8,161200,2.094430685043335
8,161210,2.52285099029541
8,161220,2.676947593688965
8,161230,2.4064481258392334
8,161240,2.574390411376953
8,161250,2.474855422973633
8,161260,2.7668404579162598
8,161270,3.0148236751556396
8,161280,3.031153917312622
8,161290,3.1917595863342285
8,161300,2.382741928100586
8,161310,2.644167184829712
8,161320,2.4510741233825684
8,161330,2.4506382942199707
8,161340,3.270298480987549
8,161350,2.6075501441955566
8,161360,2.615731716156006
8,161370,2.130028486251831
8,161380,2.69608211517334
8,161390,2.70387864112854
8,161400,2.4903173446655273
8,161410,2.6834475994110107
8,161420,2.3786001205444336
8,161430,2.5104761123657227
8,161440,2.5867104530334473
8,161450,2.7037782669067383
8,161460,2.558487892150879
8,161470,2.3033900260925293
8,161480,2.528165340423584
8,161490,2.582587957382202
8,161500,2.6623895168304443
8,161510,2.7385761737823486
8,161520,2.577664852142334
8,161530,2.6698920726776123
8,161540,2.8490042686462402
8,161550,2.448836326599121
8,161560,2.5747389793395996
8,161570,2.6238250732421875
8,161580,2.1854658126831055
8,161590,2.17240571975708
8,161600,2.590794563293457
8,161610,2.790170669555664
8,161620,2.71335506439209
8,161630,2.994333505630493
8,161640,2.754779815673828
8,161650,2.616072177886963
8,161660,2.8808960914611816
8,161670,2.331204891204834
8,161680,2.768153190612793
8,161690,2.535221815109253
8,161700,2.748256206512451
8,161710,2.7453384399414062
8,161720,3.086487054824829
8,161730,2.642418146133423
8,161740,2.664008617401123
8,161750,2.6008543968200684
8,161760,2.6221580505371094
8,161770,2.478543758392334
8,161780,2.626058578491211
8,161790,2.319399833679199
8,161800,2.461207628250122
8,161810,2.8142924308776855
8,161820,2.701388359069824
8,161830,2.5914201736450195
8,161840,2.5311691761016846
8,161850,2.5044965744018555
8,161860,2.4836082458496094
8,161870,2.3916704654693604
8,161880,2.8435792922973633
8,161890,2.8451321125030518
8,161900,2.297700881958008
8,161910,2.269321918487549
8,161920,2.7593297958374023
8,161930,2.7019264698028564
8,161940,2.6112451553344727
8,161950,2.4932103157043457
8,161960,2.809666156768799
8,161970,2.5538175106048584
8,161980,2.6425209045410156
8,161990,2.7111024856567383
8,162000,2.7214255332946777
8,162010,2.633126735687256
8,162020,2.803560733795166
8,162030,2.240593433380127
8,162040,2.645139694213867
8,162050,2.4234514236450195
8,162060,2.4448933601379395
8,162070,2.222583770751953
8,162080,2.567441940307617
8,162090,2.5571470260620117
8,162100,2.342397689819336
8,162110,2.7771596908569336
8,162120,2.5601956844329834
8,162130,2.7208516597747803
8,162140,2.5537126064300537
8,162150,2.1093366146087646
8,162160,2.3454885482788086
8,162170,2.7613768577575684
8,162180,2.4949779510498047
8,162190,3.045811653137207
8,162200,2.3669657707214355
8,162210,2.776683807373047
8,162220,2.7352428436279297
8,162230,2.561478614807129
8,162240,2.58575177192688
8,162250,2.7156243324279785
8,162260,2.469053268432617
8,162270,2.611201286315918
8,162280,2.760835886001587
8,162290,2.676438093185425
8,162300,2.317777156829834
8,162310,2.821753978729248
8,162320,2.579463481903076
8,162330,2.4209814071655273
8,162340,2.354527473449707
8,162350,2.2533159255981445
8,162360,2.864332437515259
8,162370,2.572662830352783
8,162380,3.081571340560913
8,162390,2.945456027984619
8,162400,2.532301902770996
8,162410,3.0093369483947754
8,162420,2.8854598999023438
8,162430,2.5754213333129883
8,162440,2.695242166519165
8,162450,2.429647922515869
8,162460,2.5864415168762207
8,162470,2.2003021240234375
8,162480,2.4573731422424316
8,162490,2.4377670288085938
8,162500,2.3849222660064697
8,162510,2.61898136138916
8,162520,2.542846918106079
8,162530,2.935394763946533
8,162540,2.7706336975097656
8,162550,2.263723611831665
8,162560,2.6777968406677246
8,162570,2.415407657623291
8,162580,2.6792454719543457
8,162590,2.5069808959960938
8,162600,2.675084114074707
8,162610,2.524627208709717
8,162620,2.7295026779174805
8,162630,2.412692070007324
8,162640,2.4896228313446045
8,162650,2.551161289215088
8,162660,2.814725875854492
8,162670,2.5493783950805664
8,162680,2.712317705154419
8,162690,2.377838134765625
8,162700,2.6605024337768555
8,162710,2.7303032875061035
8,162720,2.401602268218994
8,162730,2.434616804122925
8,162740,2.0407679080963135
8,162750,2.1968953609466553
8,162760,2.769425868988037
8,162770,2.8803677558898926
8,162780,2.656315803527832
8,162790,2.9652371406555176
8,162800,2.6908533573150635
8,162810,2.730391263961792
8,162820,2.6634273529052734
8,162830,3.0420844554901123
8,162840,2.792405605316162
8,162850,2.4634313583374023
8,162860,2.6776938438415527
8,162870,3.095937967300415
8,162880,2.690258026123047
8,162890,2.871603012084961
8,162900,2.7408828735351562
8,162910,2.947476863861084
8,162920,3.0713462829589844
8,162930,2.8102965354919434
8,162940,2.5458836555480957
8,162950,2.7384085655212402
8,162960,2.6887688636779785
8,162970,2.5248022079467773
8,162980,3.0075767040252686
8,162990,2.9288692474365234
8,163000,2.3977136611938477
8,163010,2.2454028129577637
8,163020,2.825021743774414
8,163030,2.6960434913635254
8,163040,2.9548377990722656
8,163050,3.0420761108398438
8,163060,3.097249984741211
8,163070,2.8338065147399902
8,163080,2.3204026222229004
8,163090,2.5133752822875977
8,163100,2.1473255157470703
8,163110,2.3567519187927246
8,163120,2.3554489612579346
8,163130,2.612785577774048
8,163140,2.5831146240234375
8,163150,2.8230700492858887
8,163160,2.2404375076293945
8,163170,2.5147454738616943
8,163180,2.7813498973846436
8,163190,3.0340371131896973
8,163200,2.7760300636291504
8,163210,2.328888416290283
8,163220,2.6428799629211426
8,163230,2.699251174926758
8,163240,2.4309141635894775
8,163250,2.7136893272399902
8,163260,2.7388601303100586
8,163270,2.718658924102783
8,163280,2.466069221496582
8,163290,2.4459056854248047
8,163300,2.61617374420166
8,163310,2.6531686782836914
8,163320,2.419006586074829
8,163330,2.8465044498443604
8,163340,2.2841455936431885
8,163350,2.3351688385009766
8,163360,2.342534065246582
8,163370,2.5496065616607666
8,163380,2.313077688217163
8,163390,2.542388916015625
8,163400,2.5428566932678223
8,163410,2.300902843475342
8,163420,2.7146124839782715
8,163430,1.9845771789550781
8,163440,2.687645435333252
8,163450,2.5293619632720947
8,163460,2.4490256309509277
8,163470,2.439755916595459
8,163480,2.531813621520996
8,163490,2.298830986022949
8,163500,3.0803098678588867
8,163510,2.5781185626983643
8,163520,2.5152993202209473
8,163530,3.2328052520751953
8,163540,2.401404857635498
8,163550,2.5593600273132324
8,163560,2.6216111183166504
8,163570,2.7309632301330566
8,163580,2.3226683139801025
8,163590,2.9925971031188965
8,163600,2.422083854675293
8,163610,2.7835540771484375
8,163620,2.3697991371154785
8,163630,2.5406887531280518
8,163640,3.067842483520508
8,163650,3.0201497077941895
8,163660,2.5891542434692383
8,163670,2.5684003829956055
8,163680,2.6877307891845703
8,163690,2.4345593452453613
8,163700,2.5312061309814453
8,163710,2.9411933422088623
8,163720,2.586536169052124
8,163730,2.6073451042175293
8,163740,2.9264514446258545
8,163750,2.661233425140381
8,163760,2.4595253467559814
8,163770,2.4847488403320312
8,163780,2.4673268795013428
8,163790,3.1154122352600098
8,163800,3.1756765842437744
8,163810,2.417497158050537
8,163820,2.5902957916259766
8,163830,2.6218433380126953
8,163840,2.6477432250976562
8,163850,2.906390905380249
8,163860,2.0649261474609375
8,163870,2.2977609634399414
8,163880,2.872049570083618
8,163890,2.5484604835510254
8,163900,2.3980469703674316
8,163910,2.6860814094543457
8,163920,2.891681671142578
8,163930,2.458998680114746
8,163940,2.8821146488189697
8,163950,2.6803674697875977
8,163960,2.8653740882873535
8,163970,2.481039524078369
8,163980,2.6737098693847656
8,163990,2.9390039443969727
8,164000,2.3262758255004883
8,164010,2.7927565574645996
8,164020,2.707996129989624
8,164030,2.4015636444091797
8,164040,2.539458751678467
8,164050,2.3735766410827637
8,164060,2.4587790966033936
8,164070,2.7437667846679688
8,164080,2.598240852355957
8,164090,2.3999440670013428
8,164100,2.496005058288574
8,164110,2.446721076965332
8,164120,2.5253028869628906
8,164130,2.3933911323547363
8,164140,3.0316519737243652
8,164150,2.7606444358825684
8,164160,2.585433006286621
8,164170,2.4881701469421387
8,164180,2.34037446975708
8,164190,2.602179527282715
8,164200,2.4189953804016113
8,164210,2.569978713989258
8,164220,2.795551300048828
8,164230,2.6818127632141113
8,164240,2.52748441696167
8,164250,2.7176733016967773
8,164260,2.5749592781066895
8,164270,2.7835707664489746
8,164280,2.503068447113037
8,164290,2.248079299926758
8,164300,2.593384265899658
8,164310,2.5175223350524902
8,164320,2.650542736053467
8,164330,2.328188896179199
8,164340,2.5990657806396484
8,164350,2.7297098636627197
8,164360,2.9966297149658203
8,164370,2.56851863861084
8,164380,2.610029935836792
8,164390,2.852908134460449
8,164400,2.649909019470215
8,164410,2.859384536743164
8,164420,2.9400408267974854
8,164430,2.417879581451416
8,164440,2.0859475135803223
8,164450,2.5531933307647705
8,164460,2.5403733253479004
8,164470,2.7483410835266113
8,164480,2.8987221717834473
8,164490,2.4427571296691895
8,164500,2.7244153022766113
8,164510,2.258554697036743
8,164520,2.584648370742798
8,164530,2.6470582485198975
8,164540,2.58142352104187
8,164550,2.7267608642578125
8,164560,2.428182601928711
8,164570,2.4687838554382324
8,164580,2.7090868949890137
8,164590,2.408902645111084
8,164600,2.491870164871216
8,164610,2.426419496536255
8,164620,2.7269845008850098
8,164630,2.45383358001709
8,164640,2.7168774604797363
8,164650,2.7294888496398926
8,164660,2.452515125274658
8,164670,2.307220935821533
8,164680,2.537466287612915
8,164690,2.4194512367248535
8,164700,2.5178236961364746
8,164710,2.939652442932129
8,164720,2.7698307037353516
8,164730,2.362743854522705
8,164740,2.3906850814819336
8,164750,2.8279786109924316
8,164760,2.9475507736206055
8,164770,2.5387768745422363
8,164780,2.6864266395568848
8,164790,2.6270275115966797
8,164800,2.441359519958496
8,164810,2.5910727977752686
8,164820,2.3498334884643555
8,164830,2.7897682189941406
8,164840,2.37699556350708
8,164850,2.478464126586914
8,164860,2.73234486579895
8,164870,2.651174783706665
8,164880,2.503293037414551
8,164890,2.7267189025878906
8,164900,2.399583578109741
8,164910,2.422214984893799
8,164920,2.8620479106903076
8,164930,2.4514999389648438
8,164940,3.039710760116577
8,164950,2.719593048095703
8,164960,2.4757909774780273
8,164970,2.707526206970215
8,164980,2.7071433067321777
8,164990,2.403818368911743
8,165000,2.654965877532959
8,165010,2.760209083557129
8,165020,2.679206132888794
8,165030,2.421755313873291
8,165040,2.5270886421203613
8,165050,2.64452862739563
8,165060,2.501633644104004
8,165070,2.6222057342529297
8,165080,2.4856815338134766
8,165090,2.466256618499756
8,165100,2.6819891929626465
8,165110,2.786672353744507
8,165120,2.7692437171936035
8,165130,2.664905071258545
8,165140,2.5905818939208984
8,165150,2.484095335006714
8,165160,2.3641037940979004
8,165170,2.5483691692352295
8,165180,2.5219011306762695
8,165190,2.609720468521118
8,165200,2.5243935585021973
8,165210,3.016842842102051
8,165220,2.8717546463012695
8,165230,2.629291534423828
8,165240,2.901599407196045
8,165250,2.463799476623535
8,165260,2.86771559715271
8,165270,2.9693140983581543
8,165280,2.740175724029541
8,165290,2.2281742095947266
8,165300,2.4033403396606445
8,165310,2.867187023162842
8,165320,2.541541814804077
8,165330,2.693528890609741
8,165340,2.7864513397216797
8,165350,2.8983278274536133
8,165360,3.0986862182617188
8,165370,3.1404550075531006
8,165380,2.559591770172119
8,165390,2.642942428588867
8,165400,2.6728010177612305
8,165410,2.7222089767456055
8,165420,2.226411819458008
8,165430,2.621521472930908
8,165440,2.599106788635254
8,165450,2.768324375152588
8,165460,2.568439483642578
8,165470,2.5727858543395996
8,165480,2.467360734939575
8,165490,2.685075283050537
8,165500,2.8913211822509766
8,165510,2.7024316787719727
8,165520,3.009495496749878
8,165530,2.4048190116882324
8,165540,2.4279227256774902
8,165550,2.4924917221069336
8,165560,2.670896291732788
8,165570,2.8338794708251953
8,165580,2.715733051300049
8,165590,2.319408416748047
8,165600,2.843536853790283
8,165610,3.1166298389434814
8,165620,2.632263660430908
8,165630,2.6417126655578613
8,165640,2.7113542556762695
8,165650,2.403707265853882
8,165660,2.5256080627441406
8,165670,2.723635196685791
8,165680,2.84519100189209
8,165690,2.895063877105713
8,165700,2.4668524265289307
8,165710,2.9425482749938965
8,165720,2.242478132247925
8,165730,2.398495674133301
8,165740,2.808192253112793
8,165750,2.3827433586120605
8,165760,2.2200756072998047
8,165770,2.5231761932373047
8,165780,2.725360870361328
8,165790,2.5725979804992676
8,165800,2.675877332687378
8,165810,2.861351490020752
8,165820,2.4562602043151855
8,165830,2.530801296234131
8,165840,3.0233724117279053
8,165850,2.745119571685791
8,165860,2.500783681869507
8,165870,2.754714012145996
8,165880,2.333322048187256
8,165890,3.1304028034210205
8,165900,2.6906321048736572
8,165910,2.6319499015808105
8,165920,2.8712000846862793
8,165930,2.9224605560302734
8,165940,2.699300765991211
8,165950,2.768312931060791
8,165960,2.770265579223633
8,165970,2.5063626766204834
8,165980,2.1887006759643555
8,165990,2.7077436447143555
8,166000,2.481051445007324
8,166010,2.6972241401672363
8,166020,2.8179397583007812
8,166030,2.621866226196289
8,166040,2.65535044670105
8,166050,2.7995142936706543
8,166060,2.4823384284973145
8,166070,2.7934865951538086
8,166080,2.43375301361084
8,166090,2.425844430923462
8,166100,2.6681888103485107
8,166110,2.987724781036377
8,166120,2.7448205947875977
8,166130,2.8065319061279297
8,166140,2.5626726150512695
8,166150,2.655932903289795
8,166160,2.354747772216797
8,166170,2.2662720680236816
8,166180,2.6450552940368652
8,166190,2.411106586456299
8,166200,2.6537833213806152
8,166210,2.4562716484069824
8,166220,2.4339494705200195
8,166230,2.4108691215515137
8,166240,3.006617546081543
8,166250,2.6657986640930176
8,166260,2.5438222885131836
8,166270,2.3808693885803223
8,166280,2.566188335418701
8,166290,2.723112106323242
8,166300,2.621001958847046
8,166310,2.8233394622802734
8,166320,2.226529359817505
8,166330,2.9875032901763916
8,166340,2.6513257026672363
8,166350,2.4966037273406982
8,166360,2.5974369049072266
8,166370,2.7449731826782227
8,166380,2.4086222648620605
8,166390,2.405559539794922
8,166400,2.727611541748047
8,166410,2.5688836574554443
8,166420,3.471457004547119
8,166430,2.5436201095581055
8,166440,2.3952879905700684
8,166450,2.808657169342041
8,166460,2.4005489349365234
8,166470,3.612412929534912
8,166480,2.410818576812744
8,166490,2.2884674072265625
8,166500,2.5195865631103516
8,166510,2.509619951248169
8,166520,2.4408648014068604
8,166530,2.5872037410736084
8,166540,2.473512887954712
8,166550,2.50048828125
8,166560,2.9340310096740723
8,166570,2.6036860942840576
8,166580,3.0708045959472656
8,166590,2.6551921367645264
8,166600,2.9080967903137207
8,166610,2.924738645553589
8,166620,2.9300332069396973
8,166630,2.155965566635132
8,166640,2.4590365886688232
8,166650,3.2668614387512207
8,166660,2.4756593704223633
8,166670,2.3963816165924072
8,166680,2.3355321884155273
8,166690,2.725788116455078
8,166700,2.8196253776550293
8,166710,2.409332513809204
8,166720,2.6367650032043457
8,166730,2.759880304336548
8,166740,2.512881278991699
8,166750,2.688183307647705
8,166760,2.762665271759033
8,166770,2.5492281913757324
8,166780,2.4444029331207275
8,166790,2.621626615524292
8,166800,2.7000327110290527
8,166810,3.159970760345459
8,166820,2.7724106311798096
8,166830,2.652956485748291
8,166840,2.602513313293457
8,166850,3.32674503326416
8,166860,2.690512180328369
8,166870,2.8482792377471924
8,166880,2.76881742477417
8,166890,2.6113452911376953
8,166900,2.265552520751953
8,166910,2.9672257900238037
8,166920,2.7367851734161377
8,166930,2.5577845573425293
8,166940,2.9841690063476562
8,166950,2.6709837913513184
8,166960,2.52044415473938
8,166970,2.6818039417266846
8,166980,2.782264471054077
8,166990,2.3374788761138916
8,167000,2.4677162170410156
8,167010,2.492147445678711
8,167020,2.695305347442627
8,167030,2.5628461837768555
8,167040,2.5965895652770996
8,167050,2.433779001235962
8,167060,3.028331756591797
8,167070,2.5983104705810547
8,167080,2.444073438644409
8,167090,2.7952985763549805
8,167100,2.56839656829834
8,167110,2.482931137084961
8,167120,2.688784599304199
8,167130,2.4242045879364014
8,167140,2.504953384399414
8,167150,2.625537395477295
8,167160,2.831725597381592
8,167170,2.666870594024658
8,167180,3.0960893630981445
8,167190,2.702622413635254
8,167200,2.424030065536499
8,167210,3.408597946166992
8,167220,2.6719226837158203
8,167230,2.817300796508789
8,167240,2.707098960876465
8,167250,2.7137889862060547
8,167260,2.5691866874694824
8,167270,2.5563154220581055
8,167280,2.6929678916931152
8,167290,2.3449835777282715
8,167300,2.631096839904785
8,167310,2.691356897354126
8,167320,2.6554617881774902
8,167330,2.1610348224639893
8,167340,2.8906126022338867
8,167350,3.0799899101257324
8,167360,2.289976119995117
8,167370,2.729729413986206
8,167380,3.365659236907959
8,167390,2.5112009048461914
8,167400,2.138491153717041
8,167410,2.1944539546966553
8,167420,2.746847629547119
8,167430,2.7208352088928223
8,167440,2.6174750328063965
8,167450,2.424351930618286
8,167460,2.640725612640381
8,167470,2.687497854232788
8,167480,2.577805995941162
8,167490,2.681818723678589
8,167500,2.953174114227295
8,167510,2.4412283897399902
8,167520,2.561636447906494
8,167530,2.6740987300872803
8,167540,2.776634693145752
8,167550,2.6490318775177
8,167560,2.254542589187622
8,167570,2.6402335166931152
8,167580,2.857691526412964
8,167590,2.5136001110076904
8,167600,2.9534149169921875
8,167610,2.9274299144744873
8,167620,2.4167447090148926
8,167630,2.9013190269470215
8,167640,2.3981175422668457
8,167650,2.495509147644043
8,167660,2.4044933319091797
8,167670,2.7112717628479004
8,167680,2.85825777053833
8,167690,2.876251220703125
8,167700,2.6577165126800537
8,167710,2.407454490661621
8,167720,2.712460994720459
8,167730,2.4109866619110107
8,167740,2.6131744384765625
8,167750,2.5150575637817383
8,167760,2.76668381690979
8,167770,2.868623971939087
8,167780,2.3737664222717285
8,167790,2.998955011367798
8,167800,2.4718847274780273
8,167810,2.7252917289733887
8,167820,2.472726821899414
8,167830,2.4024033546447754
8,167840,2.4342312812805176
8,167850,2.8903231620788574
8,167860,2.604487895965576
8,167870,2.5433785915374756
8,167880,2.3433334827423096
8,167890,2.671841621398926
8,167900,2.9844045639038086
8,167910,2.4938483238220215
8,167920,2.4715523719787598
8,167930,2.5976247787475586
8,167940,2.6176276206970215
8,167950,2.8223514556884766
8,167960,2.503999710083008
8,167970,2.572573661804199
8,167980,2.6131558418273926
8,167990,2.3314247131347656
8,168000,2.6268723011016846
8,168010,2.5283350944519043
8,168020,2.355839490890503
8,168030,2.566492795944214
8,168040,2.5558550357818604
8,168050,2.6114940643310547
8,168060,2.5153632164001465
8,168070,2.779003143310547
8,168080,2.9507434368133545
8,168090,2.557809829711914
8,168100,2.3144893646240234
8,168110,2.807131052017212
8,168120,2.3634424209594727
8,168130,2.7753899097442627
8,168140,2.4272382259368896
8,168150,3.080000400543213
8,168160,2.3596081733703613
8,168170,2.8406918048858643
8,168180,2.7412142753601074
8,168190,2.6792855262756348
8,168200,2.5575525760650635
8,168210,2.3686070442199707
8,168220,2.879054069519043
8,168230,2.700122833251953
8,168240,2.2781524658203125
8,168250,2.3334474563598633
8,168260,2.8200104236602783
8,168270,2.758495330810547
8,168280,2.6981639862060547
8,168290,2.7601304054260254
8,168300,2.4857125282287598
8,168310,3.046358823776245
8,168320,2.657670497894287
8,168330,2.9606590270996094
8,168340,2.3453478813171387
8,168350,2.6426920890808105
8,168360,2.6919116973876953
8,168370,2.67450213432312
8,168380,2.4756484031677246
8,168390,2.5158872604370117
8,168400,2.4950201511383057
8,168410,2.63767671585083
8,168420,2.6029958724975586
8,168430,2.630281448364258
8,168440,2.506162643432617
8,168450,2.7457900047302246
8,168460,2.3405094146728516
8,168470,2.195549488067627
8,168480,2.371962070465088
8,168490,2.7249374389648438
8,168500,2.8677964210510254
8,168510,2.98954701423645
8,168520,2.5920486450195312
8,168530,2.7977993488311768
8,168540,2.4767603874206543
8,168550,2.620614528656006
8,168560,2.7350945472717285
8,168570,2.5377650260925293
8,168580,2.976278781890869
8,168590,2.287752628326416
8,168600,2.515542507171631
8,168610,2.503811836242676
8,168620,2.4782495498657227
8,168630,2.4345216751098633
8,168640,2.5950937271118164
8,168650,2.3377490043640137
8,168660,2.9127979278564453
8,168670,2.6119093894958496
8,168680,2.8897368907928467
8,168690,2.161571979522705
8,168700,2.426906108856201
8,168710,2.5522327423095703
8,168720,2.970796585083008
8,168730,2.5049829483032227
8,168740,2.6871700286865234
8,168750,2.541271686553955
8,168760,2.5388436317443848
8,168770,2.7667832374572754
8,168780,2.6635541915893555
8,168790,2.3409321308135986
8,168800,2.831786632537842
8,168810,2.5813980102539062
8,168820,2.4489307403564453
8,168830,2.5059595108032227
8,168840,2.677640438079834
8,168850,2.8350677490234375
8,168860,2.81050705909729
8,168870,2.4840943813323975
8,168880,2.7342920303344727
8,168890,2.8833560943603516
8,168900,2.3762412071228027
8,168910,2.7655577659606934
8,168920,2.2488274574279785
8,168930,2.5375897884368896
8,168940,3.0005195140838623
8,168950,2.4462125301361084
8,168960,2.665889263153076
8,168970,2.7334609031677246
8,168980,2.532374382019043
8,168990,2.9994142055511475
8,169000,2.6937265396118164
8,169010,2.724806308746338
8,169020,2.7071642875671387
8,169030,2.5868115425109863
8,169040,2.7525100708007812
8,169050,2.5555224418640137
8,169060,2.656773805618286
8,169070,2.83945369720459
8,169080,3.3366620540618896
8,169090,2.4497292041778564
8,169100,2.4853739738464355
8,169110,2.5088531970977783
8,169120,2.459730625152588
8,169130,2.3263955116271973
8,169140,2.0954136848449707
8,169150,2.570183277130127
8,169160,2.83266019821167
8,169170,2.7269115447998047
8,169180,2.696866273880005
8,169190,2.4876372814178467
8,169200,2.4348864555358887
8,169210,2.915022850036621
8,169220,2.7179179191589355
8,169230,2.618588924407959
8,169240,2.7363929748535156
8,169250,3.0222091674804688
8,169260,2.4676005840301514
8,169270,2.489694595336914
8,169280,2.786132574081421
8,169290,3.0581021308898926
8,169300,2.9925031661987305
8,169310,2.4796972274780273
8,169320,2.4238831996917725
8,169330,2.6190671920776367
8,169340,2.17950701713562
8,169350,2.3903708457946777
8,169360,2.452664852142334
8,169370,2.364243745803833
8,169380,2.5972654819488525
8,169390,2.625515937805176
8,169400,2.8699398040771484
8,169410,2.4400529861450195
8,169420,2.6140828132629395
8,169430,2.3337807655334473
8,169440,2.606173276901245
8,169450,2.575705051422119
8,169460,2.9042298793792725
8,169470,2.6403536796569824
8,169480,2.6389784812927246
8,169490,2.758843183517456
8,169500,2.4382379055023193
8,169510,2.497833013534546
8,169520,2.591618537902832
8,169530,2.7346606254577637
8,169540,2.221250057220459
8,169550,2.931619167327881
8,169560,2.343080520629883
8,169570,2.4174089431762695
8,169580,2.5375165939331055
8,169590,2.2294321060180664
8,169600,2.6840758323669434
8,169610,2.501333236694336
8,169620,2.624035596847534
8,169630,2.965566396713257
8,169640,2.606844425201416
8,169650,2.340348482131958
8,169660,2.6588804721832275
8,169670,2.504875659942627
8,169680,2.7859902381896973
8,169690,2.53633451461792
8,169700,2.437901258468628
8,169710,2.5671558380126953
8,169720,3.0277023315429688
8,169730,2.6904141902923584
8,169740,2.7616419792175293
8,169750,2.4444985389709473
8,169760,2.3555755615234375
8,169770,2.6114964485168457
8,169780,2.7550649642944336
8,169790,2.3008360862731934
8,169800,3.046304941177368
8,169810,2.698758602142334
8,169820,2.8300299644470215
8,169830,2.517291307449341
8,169840,3.4958770275115967
8,169850,2.7156498432159424
8,169860,2.8817505836486816
8,169870,2.601846218109131
8,169880,2.797636032104492
8,169890,2.5178756713867188
8,169900,2.5791542530059814
8,169910,2.4768476486206055
8,169920,2.6150407791137695
8,169930,2.1707122325897217
8,169940,2.6007018089294434
8,169950,2.7963924407958984
8,169960,2.50148868560791
8,169970,2.717914581298828
8,169980,2.6018362045288086
8,169990,2.230374336242676
8,170000,2.8875579833984375
8,170010,2.7077770233154297
8,170020,2.540389060974121
8,170030,2.7920327186584473
8,170040,2.527247428894043
8,170050,2.723438262939453
8,170060,3.035799503326416
8,170070,2.566671371459961
8,170080,2.318695068359375
8,170090,3.374199867248535
8,170100,2.482891082763672
8,170110,2.7141594886779785
8,170120,2.8191399574279785
8,170130,2.586562156677246
8,170140,2.45467209815979
8,170150,2.8530800342559814
8,170160,2.529998302459717
8,170170,3.136204719543457
8,170180,2.723381519317627
8,170190,2.9033124446868896
8,170200,2.684469223022461
8,170210,2.564218282699585
8,170220,2.490600109100342
8,170230,2.3777172565460205
8,170240,2.681196689605713
8,170250,2.8207030296325684
8,170260,2.4885077476501465
8,170270,2.750075340270996
8,170280,1.9596483707427979
8,170290,2.5465712547302246
8,170300,2.6620373725891113
8,170310,2.756288528442383
8,170320,2.598693370819092
8,170330,2.3861935138702393
8,170340,2.8144307136535645
8,170350,2.907093048095703
8,170360,2.9540181159973145
8,170370,2.6759541034698486
8,170380,2.947953224182129
8,170390,2.3112006187438965
8,170400,2.5614094734191895
8,170410,3.0772194862365723
8,170420,2.606428623199463
8,170430,2.2021119594573975
8,170440,2.303157329559326
8,170450,2.521897315979004
8,170460,2.2861008644104004
8,170470,2.5174903869628906
8,170480,2.4278483390808105
8,170490,3.256516456604004
8,170500,2.4497480392456055
8,170510,2.782444477081299
8,170520,2.8962349891662598
8,170530,2.5348262786865234
8,170540,2.4911093711853027
8,170550,2.519502878189087
8,170560,2.7402303218841553
8,170570,2.8551135063171387
8,170580,2.829096555709839
8,170590,2.71561336517334
8,170600,2.541579246520996
8,170610,2.7148489952087402
8,170620,2.254612445831299
8,170630,2.9879374504089355
8,170640,2.5287630558013916
8,170650,2.660869598388672
8,170660,2.4408020973205566
8,170670,3.0453553199768066
8,170680,2.788560390472412
8,170690,2.5916309356689453
8,170700,2.7873587608337402
8,170710,2.438633441925049
8,170720,2.7978010177612305
8,170730,2.2549831867218018
8,170740,2.679795742034912
8,170750,2.7678632736206055
8,170760,2.643603801727295
8,170770,2.701057195663452
8,170780,2.676649570465088
8,170790,2.7477097511291504
8,170800,2.6093931198120117
8,170810,2.469562530517578
8,170820,2.8788766860961914
8,170830,2.427635908126831
8,170840,2.471256732940674
8,170850,3.306044101715088
8,170860,2.648939609527588
8,170870,2.709774971008301
8,170880,2.6059508323669434
8,170890,2.748115062713623
8,170900,2.7777822017669678
8,170910,2.7588210105895996
8,170920,2.39420223236084
8,170930,2.6008782386779785
8,170940,2.5719311237335205
8,170950,2.542074680328369
8,170960,2.521690845489502
8,170970,2.720677614212036
8,170980,2.662949562072754
8,170990,2.839747667312622
8,171000,2.4329166412353516
8,171010,2.973808765411377
8,171020,2.848710536956787
8,171030,2.793442726135254
8,171040,2.335691213607788
8,171050,2.423511505126953
8,171060,2.6724584102630615
8,171070,2.292675495147705
8,171080,2.90824818611145
8,171090,2.6009762287139893
8,171100,2.6437368392944336
8,171110,2.844236135482788
8,171120,2.904259204864502
8,171130,2.6151838302612305
8,171140,2.529878616333008
8,171150,2.6918137073516846
8,171160,2.8303534984588623
8,171170,2.696288585662842
8,171180,2.905850410461426
8,171190,2.536181926727295
8,171200,2.6734724044799805
8,171210,2.8361399173736572
8,171220,2.7789385318756104
8,171230,2.683711290359497
8,171240,2.547011375427246
8,171250,2.3138437271118164
8,171260,2.597301959991455
8,171270,2.3157732486724854
8,171280,2.544491767883301
8,171290,2.4540610313415527
8,171300,2.4020557403564453
8,171310,2.5052237510681152
8,171320,3.1862270832061768
8,171330,2.5202035903930664
8,171340,2.586881160736084
8,171350,2.73903751373291
8,171360,3.2154386043548584
8,171370,2.686135768890381
8,171380,2.642426013946533
8,171390,2.649836778640747
8,171400,2.480245351791382
8,171410,2.7696475982666016
8,171420,2.9747774600982666
8,171430,2.502580165863037
8,171440,2.660898208618164
8,171450,2.864189624786377
8,171460,2.8403818607330322
8,171470,2.344536304473877
8,171480,2.8286900520324707
8,171490,3.196272373199463
8,171500,3.08028244972229
8,171510,2.7507481575012207
8,171520,2.094975709915161
8,171530,2.8310770988464355
8,171540,2.929588794708252
8,171550,2.5177557468414307
8,171560,2.6927337646484375
8,171570,2.6751790046691895
8,171580,2.5684337615966797
8,171590,2.518801689147949
8,171600,2.5794410705566406
8,171610,2.329765558242798
8,171620,2.869784355163574
8,171630,2.5533552169799805
8,171640,2.50136137008667
8,171650,2.265606641769409
8,171660,3.1752381324768066
8,171670,2.5362625122070312
8,171680,2.7995517253875732
8,171690,2.467045545578003
8,171700,2.6768417358398438
8,171710,2.8339457511901855
8,171720,2.5744898319244385
8,171730,2.398054838180542
8,171740,2.4981656074523926
8,171750,2.4057092666625977
8,171760,2.4643378257751465
8,171770,2.4957165718078613
8,171780,2.548652410507202
8,171790,2.9785399436950684
8,171800,2.50734806060791
8,171810,3.0476274490356445
8,171820,2.5862109661102295
8,171830,2.661088466644287
8,171840,2.1821951866149902
8,171850,2.760507583618164
8,171860,2.574890375137329
8,171870,2.6449899673461914
8,171880,2.781127691268921
8,171890,2.5445923805236816
8,171900,2.614943027496338
8,171910,2.71345853805542
8,171920,2.576899290084839
8,171930,2.744767189025879
8,171940,2.2163360118865967
8,171950,2.6975502967834473
8,171960,2.5090341567993164
8,171970,2.9090447425842285
8,171980,2.6163527965545654
8,171990,2.604423999786377
8,172000,2.675647020339966
8,172010,2.7171542644500732
8,172020,2.5275659561157227
8,172030,2.8785462379455566
8,172040,2.771063804626465
8,172050,2.376254081726074
8,172060,2.2527472972869873
8,172070,2.4169719219207764
8,172080,3.806178569793701
8,172090,2.4255967140197754
8,172100,2.9184999465942383
8,172110,2.7248339653015137
8,172120,2.631683349609375
8,172130,3.1235647201538086
8,172140,2.9895923137664795
8,172150,2.6838018894195557
8,172160,2.3485107421875
8,172170,2.8523921966552734
8,172180,2.914384365081787
8,172190,2.968104839324951
8,172200,2.540038585662842
8,172210,2.4046454429626465
8,172220,2.597777843475342
8,172230,2.759999990463257
8,172240,3.1608705520629883
8,172250,2.6851444244384766
8,172260,2.298905372619629
8,172270,2.6874866485595703
8,172280,2.6773476600646973
8,172290,2.8365225791931152
8,172300,2.97839617729187
8,172310,2.684462785720825
8,172320,2.9805049896240234
8,172330,2.162780523300171
8,172340,2.268763780593872
8,172350,2.341517925262451
8,172360,2.8513715267181396
8,172370,2.491548538208008
8,172380,2.7843008041381836
8,172390,2.633810043334961
8,172400,2.916442394256592
8,172410,2.616574287414551
8,172420,2.48867130279541
8,172430,2.8829803466796875
8,172440,3.039616584777832
8,172450,2.8382537364959717
8,172460,2.616992950439453
8,172470,2.6690406799316406
8,172480,2.7837436199188232
8,172490,2.4700193405151367
8,172500,2.476100206375122
8,172510,2.749055862426758
8,172520,2.712306261062622
8,172530,2.5484724044799805
8,172540,2.833812713623047
8,172550,2.3387746810913086
8,172560,2.553112506866455
8,172570,3.204587459564209
8,172580,2.6979267597198486
8,172590,3.029475212097168
8,172600,2.3631014823913574
8,172610,2.950540542602539
8,172620,2.4969544410705566
8,172630,2.5866472721099854
8,172640,2.8769822120666504
8,172650,3.205500841140747
8,172660,2.5914371013641357
8,172670,2.7096500396728516
8,172680,2.5095391273498535
8,172690,2.568244695663452
8,172700,2.8087825775146484
8,172710,2.6010444164276123
8,172720,2.810004711151123
8,172730,2.444863796234131
8,172740,3.014631748199463
8,172750,2.627206802368164
8,172760,2.6634130477905273
8,172770,2.853480815887451
8,172780,3.079838752746582
8,172790,2.9548912048339844
8,172800,2.376138210296631
8,172810,2.750274181365967
8,172820,2.76334547996521
8,172830,2.6285834312438965
8,172840,2.7513954639434814
8,172850,3.0313098430633545
8,172860,2.864813804626465
8,172870,2.5094656944274902
8,172880,2.4080190658569336
8,172890,2.85330867767334
8,172900,2.455573558807373
8,172910,2.575052261352539
8,172920,2.6118781566619873
8,172930,2.8007187843322754
8,172940,2.29605770111084
8,172950,2.8905029296875
8,172960,2.7345151901245117
8,172970,2.814256429672241
8,172980,2.5095839500427246
8,172990,3.226210355758667
8,173000,2.7047338485717773
8,173010,3.0156188011169434
8,173020,2.714474678039551
8,173030,2.7781219482421875
8,173040,2.560244083404541
8,173050,2.4927821159362793
8,173060,2.7062978744506836
8,173070,2.6611835956573486
8,173080,2.9090800285339355
8,173090,2.777966022491455
8,173100,3.011051654815674
8,173110,2.785858154296875
8,173120,2.604421377182007
8,173130,2.7754435539245605
8,173140,2.488905906677246
8,173150,2.7419865131378174
8,173160,2.592616081237793
8,173170,2.6831674575805664
8,173180,2.3735532760620117
8,173190,2.354736328125
8,173200,2.378592014312744
8,173210,2.8277952671051025
8,173220,2.5527210235595703
8,173230,2.502840518951416
8,173240,2.377081871032715
8,173250,2.9272687435150146
8,173260,2.659630298614502
8,173270,2.5923590660095215
8,173280,2.726381301879883
8,173290,3.0292086601257324
8,173300,2.8045482635498047
8,173310,2.473151683807373
8,173320,2.7286064624786377
8,173330,2.590791702270508
8,173340,2.3927958011627197
8,173350,3.021249771118164
8,173360,3.2383408546447754
8,173370,2.9247729778289795
8,173380,2.7736916542053223
8,173390,2.560234546661377
8,173400,2.906522035598755
8,173410,2.5798745155334473
8,173420,2.4284796714782715
8,173430,3.03775954246521
8,173440,2.79577898979187
8,173450,2.895651340484619
8,173460,2.7904529571533203
8,173470,2.805952310562134
8,173480,2.7143092155456543
8,173490,2.4775390625
8,173500,2.5186893939971924
8,173510,2.646792411804199
8,173520,2.7776355743408203
8,173530,2.6678154468536377
8,173540,2.9065632820129395
8,173550,2.596712589263916
8,173560,2.784907341003418
8,173570,2.3147525787353516
9,173580,3.054187059402466
9,173590,2.97318696975708
9,173600,2.5081441402435303
9,173610,2.3383097648620605
9,173620,3.042313814163208
9,173630,2.874021053314209
9,173640,2.7503371238708496
9,173650,2.7571258544921875
9,173660,2.4600830078125
9,173670,2.7318406105041504
9,173680,2.8639421463012695
9,173690,2.966092348098755
9,173700,2.8866097927093506
9,173710,3.0563430786132812
9,173720,2.952115774154663
9,173730,2.705888271331787
9,173740,2.733290195465088
9,173750,2.5251264572143555
9,173760,2.6726937294006348
9,173770,2.769777774810791
9,173780,3.0724287033081055
9,173790,2.4544920921325684
9,173800,2.611273765563965
9,173810,2.8406906127929688
9,173820,2.6110644340515137
9,173830,2.795433521270752
9,173840,2.955139636993408
9,173850,2.8422887325286865
9,173860,2.642256021499634
9,173870,3.3261094093322754
9,173880,2.8826870918273926
9,173890,3.2246875762939453
9,173900,3.0157198905944824
9,173910,2.989302158355713
9,173920,2.555691719055176
9,173930,3.070861339569092
9,173940,2.4769997596740723
9,173950,2.672693967819214
9,173960,2.679248809814453
9,173970,2.8658995628356934
9,173980,2.5905563831329346
9,173990,2.8749372959136963
9,174000,2.9865379333496094
9,174010,3.124023675918579
9,174020,2.9619317054748535
9,174030,2.538168430328369
9,174040,2.713840961456299
9,174050,2.6009581089019775
9,174060,2.4312891960144043
9,174070,2.832658529281616
9,174080,2.4254610538482666
9,174090,2.791896343231201
9,174100,2.7130508422851562
9,174110,2.7535653114318848
9,174120,2.7071754932403564
9,174130,2.8043503761291504
9,174140,2.810331344604492
9,174150,2.67018461227417
9,174160,2.9978599548339844
9,174170,2.7754175662994385
9,174180,2.7768077850341797
9,174190,2.4204163551330566
9,174200,2.2288997173309326
9,174210,3.0221431255340576
9,174220,2.8132998943328857
9,174230,2.550297737121582
9,174240,2.786787509918213
9,174250,2.3681840896606445
9,174260,3.096153497695923
9,174270,2.9330759048461914
9,174280,2.9491262435913086
9,174290,2.6371817588806152
9,174300,2.7948622703552246
9,174310,3.3238940238952637
9,174320,2.8268954753875732
9,174330,2.9397199153900146
9,174340,2.7729973793029785
9,174350,2.5644397735595703
9,174360,2.693650245666504
9,174370,2.4740781784057617
9,174380,2.3112621307373047
9,174390,2.6085705757141113
9,174400,2.614283561706543
9,174410,2.634960174560547
9,174420,2.9642210006713867
9,174430,2.5402414798736572
9,174440,2.754601001739502
9,174450,2.8963451385498047
9,174460,2.803525447845459
9,174470,3.0213534832000732
9,174480,3.1701221466064453
9,174490,2.8319311141967773
9,174500,2.9316205978393555
9,174510,2.7224225997924805
9,174520,2.5139827728271484
9,174530,3.1264171600341797
9,174540,2.730269432067871
9,174550,3.0094733238220215
9,174560,2.8274526596069336
9,174570,2.721937656402588
9,174580,2.4992563724517822
9,174590,2.85270357131958
9,174600,2.8528099060058594
9,174610,3.0697827339172363
9,174620,2.701508045196533
9,174630,2.970521926879883
9,174640,2.974703550338745
9,174650,2.706367015838623
9,174660,2.66569447517395
9,174670,3.21085262298584
9,174680,3.3545870780944824
9,174690,2.922983169555664
9,174700,3.024036407470703
9,174710,2.5748791694641113
9,174720,2.257658004760742
9,174730,2.764507293701172
9,174740,3.0665454864501953
9,174750,2.621535301208496
9,174760,3.32136607170105
9,174770,3.1116456985473633
9,174780,2.907924175262451
9,174790,2.642416000366211
9,174800,3.175477981567383
9,174810,2.7862019538879395
9,174820,2.7242491245269775
9,174830,2.9404749870300293
9,174840,2.471693992614746
9,174850,2.648597240447998
9,174860,2.5276923179626465
9,174870,2.5945682525634766
9,174880,2.322648525238037
9,174890,2.593332290649414
9,174900,2.4881534576416016
9,174910,3.1471121311187744
9,174920,2.551863670349121
9,174930,3.0867772102355957
9,174940,2.807706117630005
9,174950,2.565009117126465
9,174960,2.556257724761963
9,174970,2.987224817276001
9,174980,3.029036521911621
9,174990,3.0756118297576904
9,175000,2.5611157417297363
9,175010,2.788297176361084
9,175020,2.5074305534362793
9,175030,2.6281700134277344
9,175040,2.6269118785858154
9,175050,2.586099863052368
9,175060,3.2801523208618164
9,175070,3.0889861583709717
9,175080,3.0834240913391113
9,175090,3.205275058746338
9,175100,2.96156644821167
9,175110,3.0156326293945312
9,175120,2.679835319519043
9,175130,2.8984646797180176
9,175140,3.1385064125061035
9,175150,2.998927116394043
9,175160,2.793581008911133
9,175170,2.7787435054779053
9,175180,2.4223906993865967
9,175190,2.8736138343811035
9,175200,2.8229877948760986
9,175210,2.8414864540100098
9,175220,2.5838212966918945
9,175230,2.6918206214904785
9,175240,2.973137378692627
9,175250,2.529123306274414
9,175260,2.698010206222534
9,175270,2.919543504714966
9,175280,2.6424732208251953
9,175290,2.7809667587280273
9,175300,2.6241133213043213
9,175310,2.744553565979004
9,175320,3.0478579998016357
9,175330,2.805065631866455
9,175340,2.9728078842163086
9,175350,2.7241098880767822
9,175360,2.6886372566223145
9,175370,2.8920228481292725
9,175380,2.9279537200927734
9,175390,2.689399242401123
9,175400,2.5952792167663574
9,175410,2.8498728275299072
9,175420,2.575345039367676
9,175430,2.392458438873291
9,175440,3.0823960304260254
9,175450,2.6595773696899414
9,175460,2.542175054550171
9,175470,2.8713083267211914
9,175480,2.8301942348480225
9,175490,2.9690120220184326
9,175500,2.9584035873413086
9,175510,2.374182939529419
9,175520,2.7938380241394043
9,175530,3.009472370147705
9,175540,3.031341552734375
9,175550,2.8245816230773926
9,175560,2.6258316040039062
9,175570,2.5027084350585938
9,175580,3.152846336364746
9,175590,2.681593418121338
9,175600,3.0817224979400635
9,175610,3.0721821784973145
9,175620,2.628007650375366
9,175630,3.1079001426696777
9,175640,2.8952009677886963
9,175650,2.2771570682525635
9,175660,2.4354300498962402
9,175670,2.6124799251556396
9,175680,2.8333053588867188
9,175690,2.705630302429199
9,175700,2.637241840362549
9,175710,2.7142410278320312
9,175720,2.8665013313293457
9,175730,2.830061435699463
9,175740,3.0540685653686523
9,175750,3.0217843055725098
9,175760,2.6315360069274902
9,175770,2.7272098064422607
9,175780,2.604297399520874
9,175790,2.660860061645508
9,175800,2.8727970123291016
9,175810,2.8752224445343018
9,175820,3.115321159362793
9,175830,3.186863422393799
9,175840,2.9952611923217773
9,175850,2.6708080768585205
9,175860,2.9611549377441406
9,175870,2.97873592376709
9,175880,3.0876808166503906
9,175890,2.7701292037963867
9,175900,2.5128331184387207
9,175910,2.6419997215270996
9,175920,2.6726295948028564
9,175930,3.184722900390625
9,175940,2.9468040466308594
9,175950,2.717402458190918
9,175960,3.2509617805480957
9,175970,2.71093487739563
9,175980,3.0623972415924072
9,175990,2.783935308456421
9,176000,2.5753331184387207
9,176010,2.3555729389190674
9,176020,2.529481887817383
9,176030,2.66825008392334
9,176040,3.021744728088379
9,176050,2.630746841430664
9,176060,2.944701671600342
9,176070,2.7277965545654297
9,176080,2.7633414268493652
9,176090,2.7320261001586914
9,176100,2.8462207317352295
9,176110,2.788146734237671
9,176120,2.9477953910827637
9,176130,3.0546751022338867
9,176140,2.3648436069488525
9,176150,2.4488024711608887
9,176160,2.7417335510253906
9,176170,2.548403263092041
9,176180,2.6673479080200195
9,176190,2.661768913269043
9,176200,2.85715389251709
9,176210,2.792273998260498
9,176220,2.7259011268615723
9,176230,2.6343088150024414
9,176240,3.2030844688415527
9,176250,2.9556198120117188
9,176260,2.3492698669433594
9,176270,2.8315587043762207
9,176280,2.8848063945770264
9,176290,2.76124906539917
9,176300,2.7213783264160156
9,176310,2.682995319366455
9,176320,3.2265729904174805
9,176330,2.8266794681549072
9,176340,2.902966260910034
9,176350,2.637197494506836
9,176360,2.7088441848754883
9,176370,2.551685094833374
9,176380,2.596590518951416
9,176390,2.995298385620117
9,176400,2.4372830390930176
9,176410,2.852663040161133
9,176420,2.5604238510131836
9,176430,2.9445273876190186
9,176440,2.5512537956237793
9,176450,2.7741875648498535
9,176460,2.6484694480895996
9,176470,2.423603057861328
9,176480,3.0621516704559326
9,176490,2.6305289268493652
9,176500,2.7683358192443848
9,176510,2.651475429534912
9,176520,2.9813232421875
9,176530,2.5593786239624023
9,176540,2.82258939743042
9,176550,2.9715263843536377
9,176560,3.1298828125
9,176570,2.76320743560791
9,176580,2.746047258377075
9,176590,3.118096351623535
9,176600,2.878187656402588
9,176610,2.818633556365967
9,176620,2.7438344955444336
9,176630,3.0289316177368164
9,176640,2.520956516265869
9,176650,2.963785171508789
9,176660,2.7509541511535645
9,176670,2.8174448013305664
9,176680,2.762796401977539
9,176690,2.7312419414520264
9,176700,2.854499340057373
9,176710,2.711366653442383
9,176720,2.8245739936828613
9,176730,3.2036561965942383
9,176740,2.700648307800293
9,176750,2.9969868659973145
9,176760,2.80318021774292
9,176770,2.8489279747009277
9,176780,2.6934216022491455
9,176790,3.319777488708496
9,176800,2.8529715538024902
9,176810,3.2213969230651855
9,176820,3.390841484069824
9,176830,3.0517380237579346
9,176840,2.604640483856201
9,176850,2.839953899383545
9,176860,2.786809206008911
9,176870,2.857484817504883
9,176880,3.064756393432617
9,176890,2.6455540657043457
9,176900,2.697549819946289
9,176910,2.502455234527588
9,176920,2.9869556427001953
9,176930,2.924741268157959
9,176940,2.845963478088379
9,176950,2.816758632659912
9,176960,2.8581790924072266
9,176970,2.9827780723571777
9,176980,2.6990134716033936
9,176990,2.7696642875671387
9,177000,2.93745756149292
9,177010,2.8361706733703613
9,177020,2.7624948024749756
9,177030,2.868203639984131
9,177040,2.8494951725006104
9,177050,2.990330934524536
9,177060,2.8289623260498047
9,177070,2.745664119720459
9,177080,2.4756722450256348
9,177090,2.7109646797180176
9,177100,2.8467659950256348
9,177110,3.15042781829834
9,177120,3.0282135009765625
9,177130,3.5635082721710205
9,177140,2.5777511596679688
9,177150,2.9910712242126465
9,177160,2.7271230220794678
9,177170,2.859808921813965
9,177180,2.7221739292144775
9,177190,2.8936266899108887
9,177200,2.916475772857666
9,177210,2.497950792312622
9,177220,2.834108352661133
9,177230,2.5597753524780273
9,177240,2.6377549171447754
9,177250,2.6641194820404053
9,177260,2.9435062408447266
9,177270,2.8363077640533447
9,177280,2.720505714416504
9,177290,2.78262996673584
9,177300,2.776824474334717
9,177310,3.029092311859131
9,177320,2.652465343475342
9,177330,2.6528191566467285
9,177340,3.0220699310302734
9,177350,2.73129940032959
9,177360,2.8500702381134033
9,177370,3.0958166122436523
9,177380,2.74660062789917
9,177390,2.7716593742370605
9,177400,2.9178829193115234
9,177410,2.6120238304138184
9,177420,3.3395421504974365
9,177430,2.7464749813079834
9,177440,2.868043899536133
9,177450,2.777657985687256
9,177460,3.0526905059814453
9,177470,2.656900405883789
9,177480,2.8135218620300293
9,177490,2.5976827144622803
9,177500,2.731790542602539
9,177510,2.5689680576324463
9,177520,2.8705344200134277
9,177530,2.328874349594116
9,177540,3.094447612762451
9,177550,2.632953643798828
9,177560,3.1962952613830566
9,177570,2.825712203979492
9,177580,2.5789780616760254
9,177590,3.0106592178344727
9,177600,2.5360398292541504
9,177610,3.0033044815063477
9,177620,3.008619785308838
9,177630,2.8375024795532227
9,177640,2.9444711208343506
9,177650,3.0085320472717285
9,177660,3.1752829551696777
9,177670,2.557913303375244
9,177680,2.5289206504821777
9,177690,3.1628963947296143
9,177700,2.701404571533203
9,177710,2.5152063369750977
9,177720,2.7044689655303955
9,177730,3.229984760284424
9,177740,2.459834575653076
9,177750,2.5982818603515625
9,177760,3.027855396270752
9,177770,2.432199001312256
9,177780,3.082005739212036
9,177790,2.518468141555786
9,177800,2.6199774742126465
9,177810,2.8158960342407227
9,177820,2.8330020904541016
9,177830,2.9994866847991943
9,177840,2.881817102432251
9,177850,3.259675979614258
9,177860,3.2618954181671143
9,177870,3.2111315727233887
9,177880,2.739452838897705
9,177890,2.6058974266052246
9,177900,2.7595536708831787
9,177910,3.4242022037506104
9,177920,2.7668824195861816
9,177930,2.7981884479522705
9,177940,3.0909335613250732
9,177950,2.571676731109619
9,177960,2.8458707332611084
9,177970,3.0583744049072266
9,177980,2.509208917617798
9,177990,2.589877128601074
9,178000,2.24276065826416
9,178010,2.798348903656006
9,178020,2.7289652824401855
9,178030,2.6218414306640625
9,178040,2.8393824100494385
9,178050,2.388317823410034
9,178060,2.6533138751983643
9,178070,3.016024589538574
9,178080,2.818507194519043
9,178090,3.04199481010437
9,178100,2.8675637245178223
9,178110,3.547297954559326
9,178120,2.7028486728668213
9,178130,3.2345762252807617
9,178140,2.9691224098205566
9,178150,2.3125853538513184
9,178160,2.7281603813171387
9,178170,2.552746295928955
9,178180,2.742157220840454
9,178190,2.601102352142334
9,178200,2.8777589797973633
9,178210,2.7946548461914062
9,178220,2.6530368328094482
9,178230,2.8032264709472656
9,178240,3.069998264312744
9,178250,2.755134105682373
9,178260,3.1758103370666504
9,178270,2.5356051921844482
9,178280,2.8098349571228027
9,178290,2.568556785583496
9,178300,2.709937572479248
9,178310,2.5985255241394043
9,178320,2.976682424545288
9,178330,2.4972426891326904
9,178340,2.9415533542633057
9,178350,3.032179355621338
9,178360,2.5596039295196533
9,178370,3.176690101623535
9,178380,2.916550874710083
9,178390,2.6223881244659424
9,178400,2.9733190536499023
9,178410,2.8375422954559326
9,178420,3.4205939769744873
9,178430,2.9335484504699707
9,178440,3.115199089050293
9,178450,2.7885794639587402
9,178460,2.9460105895996094
9,178470,3.2002127170562744
9,178480,2.4108262062072754
9,178490,3.3533263206481934
9,178500,2.4522719383239746
9,178510,2.8998160362243652
9,178520,3.1450443267822266
9,178530,2.5344467163085938
9,178540,2.7766263484954834
9,178550,2.338564157485962
9,178560,3.065822124481201
9,178570,2.932185649871826
9,178580,2.6900475025177
9,178590,2.5628769397735596
9,178600,2.9121203422546387
9,178610,2.427980899810791
9,178620,2.5328288078308105
9,178630,2.6925783157348633
9,178640,2.9284615516662598
9,178650,3.0494515895843506
9,178660,2.9619429111480713
9,178670,2.892282485961914
9,178680,2.829374313354492
9,178690,2.759796142578125
9,178700,2.609172821044922
9,178710,3.1478662490844727
9,178720,3.2490153312683105
9,178730,2.8345866203308105
9,178740,2.7396225929260254
9,178750,2.487712860107422
9,178760,2.7275381088256836
9,178770,2.3051164150238037
9,178780,2.409830093383789
9,178790,2.709817409515381
9,178800,2.5206165313720703
9,178810,2.841754913330078
9,178820,2.5621562004089355
9,178830,2.8214688301086426
9,178840,2.729576826095581
9,178850,2.616541862487793
9,178860,2.527268648147583
9,178870,2.7771034240722656
9,178880,2.9215378761291504
9,178890,2.7505178451538086
9,178900,3.1707074642181396
9,178910,2.6768577098846436
9,178920,3.008094310760498
9,178930,2.831972122192383
9,178940,2.7420825958251953
9,178950,2.4505057334899902
9,178960,3.025792121887207
9,178970,2.6111905574798584
9,178980,2.512753963470459
9,178990,2.7025094032287598
9,179000,2.936492443084717
9,179010,3.1360578536987305
9,179020,3.040348529815674
9,179030,2.7195708751678467
9,179040,3.069580554962158
9,179050,2.393223285675049
9,179060,3.1510472297668457
9,179070,2.7142891883850098
9,179080,2.6103339195251465
9,179090,2.4894471168518066
9,179100,2.6957924365997314
9,179110,3.1290884017944336
9,179120,2.628422975540161
9,179130,2.7645158767700195
9,179140,2.8620481491088867
9,179150,2.9926886558532715
9,179160,2.737311363220215
9,179170,2.932793378829956
9,179180,2.8240044116973877
9,179190,3.154456377029419
9,179200,3.103097915649414
9,179210,2.282771587371826
9,179220,2.804344654083252
9,179230,2.743104934692383
9,179240,3.0155422687530518
9,179250,2.5566835403442383
9,179260,2.779468297958374
9,179270,2.736501932144165
9,179280,2.505397319793701
9,179290,2.957467555999756
9,179300,2.7184152603149414
9,179310,3.2392005920410156
9,179320,2.733604669570923
9,179330,2.4082870483398438
9,179340,2.791522979736328
9,179350,2.953619956970215
9,179360,2.7149782180786133
9,179370,2.835631847381592
9,179380,2.894188165664673
9,179390,2.585686445236206
9,179400,2.794675350189209
9,179410,3.2680983543395996
9,179420,2.913860321044922
9,179430,2.6676058769226074
9,179440,3.070046901702881
9,179450,3.0143449306488037
9,179460,2.8001091480255127
9,179470,2.8961544036865234
9,179480,2.644397735595703
9,179490,2.7230961322784424
9,179500,3.2165894508361816
9,179510,3.0247960090637207
9,179520,2.8669230937957764
9,179530,2.928459882736206
9,179540,2.5408926010131836
9,179550,2.7614564895629883
9,179560,2.354318618774414
9,179570,3.43025541305542
9,179580,2.9974141120910645
9,179590,2.9617629051208496
9,179600,2.467031955718994
9,179610,2.6610422134399414
9,179620,2.460049629211426
9,179630,2.985643148422241
9,179640,2.627526044845581
9,179650,3.0935721397399902
9,179660,2.5489206314086914
9,179670,2.6783907413482666
9,179680,2.576733112335205
9,179690,2.274336814880371
9,179700,2.68642520904541
9,179710,2.908973455429077
9,179720,2.504141330718994
9,179730,2.6449058055877686
9,179740,2.8625645637512207
9,179750,2.760655403137207
9,179760,2.5546278953552246
9,179770,3.1934618949890137
9,179780,3.0724105834960938
9,179790,2.8182296752929688
9,179800,3.26444935798645
9,179810,3.1240341663360596
9,179820,2.7859175205230713
9,179830,3.085939407348633
9,179840,2.885819911956787
9,179850,2.718886137008667
9,179860,2.840386390686035
9,179870,2.947721481323242
9,179880,2.8062028884887695
9,179890,3.615844488143921
9,179900,3.1360299587249756
9,179910,3.1811623573303223
9,179920,2.6848840713500977
9,179930,2.549348831176758
9,179940,2.859227418899536
9,179950,3.4292497634887695
9,179960,2.981112480163574
9,179970,2.804093360900879
9,179980,2.4582252502441406
9,179990,3.3260650634765625
9,180000,2.7295169830322266
9,180010,2.3699522018432617
9,180020,2.5320518016815186
9,180030,2.4928112030029297
9,180040,2.3783018589019775
9,180050,2.4033989906311035
9,180060,2.1664905548095703
9,180070,2.551215648651123
9,180080,2.48828387260437
9,180090,2.359323740005493
9,180100,2.7206006050109863
9,180110,2.6500635147094727
9,180120,2.8243165016174316
9,180130,2.758136034011841
9,180140,2.633587598800659
9,180150,2.601689338684082
9,180160,2.829406976699829
9,180170,2.272329807281494
9,180180,2.453676223754883
9,180190,2.350370168685913
9,180200,2.471311330795288
9,180210,2.646183729171753
9,180220,2.3849105834960938
9,180230,2.395442247390747
9,180240,2.909280776977539
9,180250,2.997140884399414
9,180260,2.2693824768066406
9,180270,2.3365373611450195
9,180280,2.571296215057373
9,180290,2.4681437015533447
9,180300,2.1838884353637695
9,180310,2.762448787689209
9,180320,2.2154810428619385
9,180330,2.207519054412842
9,180340,2.2523467540740967
9,180350,2.7206320762634277
9,180360,2.417694568634033
9,180370,2.392164468765259
9,180380,2.60728120803833
9,180390,2.6413793563842773
9,180400,2.466907501220703
9,180410,2.3460803031921387
9,180420,2.3064494132995605
9,180430,2.53509783744812
9,180440,2.528569221496582
9,180450,2.7892000675201416
9,180460,2.797560691833496
9,180470,2.7058746814727783
9,180480,2.3053765296936035
9,180490,2.427929401397705
9,180500,2.5526962280273438
9,180510,2.1576988697052
9,180520,2.4227066040039062
9,180530,2.2165184020996094
9,180540,3.0485763549804688
9,180550,2.896261692047119
9,180560,2.8446478843688965
9,180570,2.3212876319885254
9,180580,2.299839496612549
9,180590,2.635654926300049
9,180600,2.3789219856262207
9,180610,2.9134857654571533
9,180620,2.545414924621582
9,180630,2.2319443225860596
9,180640,2.6643261909484863
9,180650,2.6794066429138184
9,180660,2.6691317558288574
9,180670,2.65732479095459
9,180680,2.245331287384033
9,180690,2.446887969970703
9,180700,2.850738525390625
9,180710,2.427412271499634
9,180720,2.5132129192352295
9,180730,2.8650708198547363
9,180740,3.0878117084503174
9,180750,2.3486297130584717
9,180760,2.4218077659606934
9,180770,2.3955981731414795
9,180780,2.412775754928589
9,180790,2.514906883239746
9,180800,2.5133440494537354
9,180810,2.4444808959960938
9,180820,2.440377712249756
9,180830,2.5717554092407227
9,180840,2.304673194885254
9,180850,2.8294005393981934
9,180860,2.4391045570373535
9,180870,2.1832690238952637
9,180880,2.5895562171936035
9,180890,2.4425482749938965
9,180900,2.336744785308838
9,180910,2.222602128982544
9,180920,2.10942006111145
9,180930,2.3473105430603027
9,180940,2.305736541748047
9,180950,2.4797959327697754
9,180960,2.1466238498687744
9,180970,2.5466017723083496
9,180980,2.26396107673645
9,180990,2.4822492599487305
9,181000,2.4961843490600586
9,181010,2.6363754272460938
9,181020,2.6010007858276367
9,181030,2.7491750717163086
9,181040,3.0113396644592285
9,181050,2.990839958190918
9,181060,2.4203639030456543
9,181070,2.6745190620422363
9,181080,2.6775259971618652
9,181090,2.3412163257598877
9,181100,2.2243213653564453
9,181110,2.58261775970459
9,181120,2.5741043090820312
9,181130,2.642902135848999
9,181140,3.182512044906616
9,181150,2.218681573867798
9,181160,2.2705929279327393
9,181170,2.4805901050567627
9,181180,2.5233993530273438
9,181190,2.1642608642578125
9,181200,2.3726348876953125
9,181210,2.4185523986816406
9,181220,2.100625514984131
9,181230,2.530277967453003
9,181240,2.42749285697937
9,181250,2.417207717895508
9,181260,2.5230069160461426
9,181270,2.622493267059326
9,181280,2.4129953384399414
9,181290,2.78061580657959
9,181300,2.466853618621826
9,181310,2.6054744720458984
9,181320,2.6330931186676025
9,181330,2.3535094261169434
9,181340,2.768982410430908
9,181350,2.3886075019836426
9,181360,2.5819640159606934
9,181370,2.4856772422790527
9,181380,2.4758076667785645
9,181390,2.4217116832733154
9,181400,2.4406514167785645
9,181410,2.1424853801727295
9,181420,2.6527042388916016
9,181430,2.187269687652588
9,181440,2.8665366172790527
9,181450,2.3681063652038574
9,181460,2.541917324066162
9,181470,2.542963981628418
9,181480,2.6022181510925293
9,181490,2.7273640632629395
9,181500,2.658942699432373
9,181510,2.7492775917053223
9,181520,2.3911924362182617
9,181530,2.4580276012420654
9,181540,2.4238524436950684
9,181550,2.6778311729431152
9,181560,2.806485176086426
9,181570,2.9275922775268555
9,181580,2.5358262062072754
9,181590,2.3773765563964844
9,181600,2.616882085800171
9,181610,2.3737568855285645
9,181620,2.540006637573242
9,181630,2.606963634490967
9,181640,2.9999399185180664
9,181650,2.3022899627685547
9,181660,2.2582271099090576
10,192860,2.681406021118164
10,192870,3.238715171813965
10,192880,2.8950815200805664
10,192890,2.8698062896728516
10,192900,2.7240540981292725
10,192910,2.4742393493652344
10,192920,2.9096014499664307
10,192930,2.9031147956848145
10,192940,3.0579514503479004
10,192950,2.7868471145629883
10,192960,2.643747329711914
10,192970,2.959864616394043
10,192980,2.7237143516540527
10,192990,2.461437463760376
10,193000,2.7482292652130127
10,193010,2.7126078605651855
10,193020,2.6947388648986816
10,193030,2.9021453857421875
10,193040,3.067850351333618
10,193050,3.3495497703552246
10,193060,2.5369768142700195
10,193070,2.829472780227661
10,193080,2.6789846420288086
10,193090,2.8013291358947754
10,193100,2.834686756134033
10,193110,2.806481122970581
10,193120,2.8118910789489746
10,193130,3.083828926086426
10,193140,3.126765727996826
10,193150,2.8324289321899414
10,193160,2.708345890045166
10,193170,2.9753170013427734
10,193180,2.5970864295959473
10,193190,2.2519123554229736
10,193200,2.8868906497955322
10,193210,2.4798202514648438
10,193220,2.7938709259033203
10,193230,3.44110369682312
10,193240,2.5492591857910156
10,193250,2.84110164642334
10,193260,2.6497583389282227
10,193270,2.6934123039245605
10,193280,3.040915012359619
10,193290,2.5810928344726562
10,193300,2.9994568824768066
10,193310,2.997202157974243
10,193320,2.2554962635040283
10,193330,2.8849239349365234
10,193340,2.5585741996765137
10,193350,3.0500645637512207
10,193360,3.6392955780029297
10,193370,2.83699369430542
10,193380,2.6625924110412598
10,193390,2.772280693054199
10,193400,2.8261356353759766
10,193410,2.9085378646850586
10,193420,2.553400993347168
10,193430,2.5062832832336426
10,193440,3.059563159942627
10,193450,2.5420053005218506
10,193460,2.7803666591644287
10,193470,3.294987440109253
10,193480,2.657346725463867
10,193490,2.7126777172088623
10,193500,2.7351839542388916
10,193510,3.2146244049072266
10,193520,2.785550117492676
10,193530,2.5800909996032715
10,193540,2.7926392555236816
10,193550,2.7076172828674316
10,193560,2.883678913116455
10,193570,3.0184597969055176
10,193580,2.916722297668457
10,193590,2.6507272720336914
10,193600,3.0039591789245605
10,193610,2.506211996078491
10,193620,3.006621837615967
10,193630,2.662283420562744
10,193640,2.9595370292663574
10,193650,2.222029447555542
10,193660,2.9055051803588867
10,193670,2.6848130226135254
10,193680,2.648493528366089
10,193690,2.780285358428955
10,193700,3.0781657695770264
10,193710,2.7625012397766113
10,193720,2.9346811771392822
10,193730,2.7004177570343018
10,193740,3.156980276107788
10,193750,2.897669553756714
10,193760,2.5932106971740723
10,193770,2.8592379093170166
10,193780,2.9646286964416504
10,193790,2.7471046447753906
10,193800,2.9652585983276367
10,193810,2.986201524734497
10,193820,2.95418643951416
10,193830,2.909569025039673
10,193840,2.7241477966308594
10,193850,2.8620405197143555
10,193860,2.6244215965270996
10,193870,2.853504180908203
10,193880,2.7436373233795166
10,193890,2.9193129539489746
10,193900,2.7121047973632812
10,193910,2.9191653728485107
10,193920,2.860058546066284
10,193930,2.995706081390381
10,193940,2.9603288173675537
10,193950,2.5540356636047363
10,193960,2.67576265335083
10,193970,2.8855643272399902
10,193980,2.79661226272583
10,193990,2.9730043411254883
10,194000,2.610830307006836
10,194010,2.398829936981201
10,194020,2.469813108444214
10,194030,2.540947914123535
10,194040,2.7113516330718994
10,194050,2.4810919761657715
10,194060,2.43919038772583
10,194070,2.6787595748901367
10,194080,2.6425631046295166
10,194090,2.6333370208740234
10,194100,2.8869166374206543
10,194110,2.84820294380188
10,194120,3.0475351810455322
10,194130,2.8397083282470703
10,194140,2.4983956813812256
10,194150,2.9843955039978027
10,194160,2.827549934387207
10,194170,2.802518129348755
10,194180,2.7778239250183105
10,194190,2.9050562381744385
10,194200,2.8230855464935303
10,194210,2.5556447505950928
10,194220,2.780592441558838
10,194230,2.89388370513916
10,194240,2.7380318641662598
10,194250,2.8204240798950195
10,194260,2.7301440238952637
10,194270,2.755552291870117
10,194280,2.959752082824707
10,194290,2.507127285003662
10,194300,2.7226803302764893
10,194310,3.1245851516723633
10,194320,2.8125383853912354
10,194330,2.398003101348877
10,194340,2.7040977478027344
10,194350,2.639467716217041
10,194360,2.501046657562256
10,194370,2.537943124771118
10,194380,2.514751672744751
10,194390,2.2538464069366455
10,194400,2.4967260360717773
10,194410,2.507150173187256
10,194420,2.694063186645508
10,194430,2.8111836910247803
10,194440,2.904254674911499
10,194450,3.0383267402648926
10,194460,2.602139472961426
10,194470,2.4616823196411133
10,194480,2.695465564727783
10,194490,2.787416934967041
10,194500,2.869046211242676
10,194510,2.3916382789611816
10,194520,2.5808591842651367
10,194530,2.1687521934509277
10,194540,3.261995315551758
10,194550,2.566359043121338
10,194560,2.6483254432678223
10,194570,2.8645968437194824
10,194580,2.837113857269287
10,194590,2.6117775440216064
10,194600,2.4251961708068848
10,194610,2.9128575325012207
10,194620,2.8341989517211914
10,194630,2.7544755935668945
10,194640,2.651832342147827
10,194650,2.5095865726470947
10,194660,2.786705493927002
10,194670,3.028425455093384
10,194680,2.8833916187286377
10,194690,2.2259318828582764
10,194700,2.473512649536133
10,194710,2.5433175563812256
10,194720,2.313398838043213
10,194730,2.7485785484313965
10,194740,2.646515369415283
10,194750,2.6834988594055176
10,194760,2.400238513946533
10,194770,2.732384204864502
10,194780,2.503370523452759
10,194790,2.5494751930236816
10,194800,3.2954769134521484
10,194810,2.6114373207092285
10,194820,2.503506660461426
10,194830,2.6166839599609375
10,194840,3.051907539367676
10,194850,2.7645978927612305
10,194860,3.044600009918213
10,194870,2.817599296569824
10,194880,2.615290403366089
10,194890,2.55983829498291
10,194900,2.9056506156921387
10,194910,2.3731110095977783
10,194920,2.6679863929748535
10,194930,2.809079170227051
10,194940,2.9531197547912598
10,194950,2.531480550765991
10,194960,2.751455783843994
10,194970,2.493156909942627
10,194980,3.047415256500244
10,194990,2.403796434402466
10,195000,2.788487672805786
10,195010,3.126796245574951
10,195020,2.642455816268921
10,195030,2.6957626342773438
10,195040,2.768195390701294
10,195050,3.0980777740478516
10,195060,2.487614154815674
10,195070,2.500977039337158
10,195080,2.4382567405700684
10,195090,2.400261163711548
10,195100,2.427304267883301
10,195110,2.9543614387512207
10,195120,3.0195443630218506
10,195130,3.1694536209106445
10,195140,3.282741069793701
10,195150,2.5533227920532227
10,195160,2.597546339035034
10,195170,2.9183831214904785
10,195180,2.4580078125
10,195190,3.0024352073669434
10,195200,2.8268353939056396
10,195210,2.9448366165161133
10,195220,2.681140422821045
10,195230,2.9880971908569336
10,195240,2.768338203430176
10,195250,2.6515626907348633
10,195260,2.5697433948516846
10,195270,2.623826503753662
10,195280,3.077721118927002
10,195290,3.0979816913604736
10,195300,2.475087881088257
10,195310,2.4662575721740723
10,195320,2.5405874252319336
10,195330,2.9150166511535645
10,195340,2.71321439743042
10,195350,2.5823516845703125
10,195360,2.731635093688965
10,195370,2.6281585693359375
10,195380,2.91540265083313
10,195390,3.0739026069641113
10,195400,2.5417699813842773
10,195410,2.7998127937316895
10,195420,2.6462345123291016
10,195430,2.871147632598877
10,195440,2.675020456314087
10,195450,3.040825843811035
10,195460,2.550173759460449
10,195470,2.6663689613342285
10,195480,2.507681131362915
10,195490,2.5899081230163574
10,195500,2.5988168716430664
10,195510,2.666167736053467
10,195520,2.508697986602783
10,195530,2.945382595062256
10,195540,2.765895366668701
10,195550,2.9167869091033936
10,195560,3.0086894035339355
10,195570,2.715829372406006
10,195580,2.2721071243286133
10,195590,2.8909788131713867
10,195600,2.9999194145202637
10,195610,2.9416418075561523
10,195620,2.6552062034606934
10,195630,2.6426305770874023
10,195640,2.860053777694702
10,195650,2.859320640563965
10,195660,3.1689300537109375
10,195670,3.008721113204956
10,195680,3.1896138191223145
10,195690,3.0408432483673096
10,195700,2.8994455337524414
10,195710,2.7240028381347656
10,195720,2.6415371894836426
10,195730,2.7351877689361572
10,195740,2.741544246673584
10,195750,2.592857599258423
10,195760,2.794443368911743
10,195770,2.8101089000701904
10,195780,2.7133069038391113
10,195790,2.8536243438720703
10,195800,3.029057025909424
10,195810,2.7319178581237793
10,195820,2.557107448577881
10,195830,2.697915554046631
10,195840,2.688081741333008
10,195850,2.636610984802246
10,195860,2.8188443183898926
10,195870,2.9135005474090576
10,195880,2.3871355056762695
10,195890,2.302393913269043
10,195900,2.403998374938965
10,195910,2.750666856765747
10,195920,2.515512466430664
10,195930,2.3178696632385254
10,195940,2.937779664993286
10,195950,2.648528575897217
10,195960,2.7468643188476562
10,195970,3.1331615447998047
10,195980,2.975109100341797
10,195990,3.0135505199432373
10,196000,2.5227770805358887
10,196010,3.060635805130005
10,196020,2.5310540199279785
10,196030,2.7243881225585938
10,196040,2.3731515407562256
10,196050,2.6693241596221924
10,196060,2.70927095413208
10,196070,3.092459201812744
10,196080,2.669297218322754
10,196090,2.516749382019043
10,196100,2.4316554069519043
10,196110,2.5630202293395996
10,196120,2.9889144897460938
10,196130,2.7292375564575195
10,196140,2.901526689529419
10,196150,2.5883514881134033
10,196160,2.5401432514190674
10,196170,2.5110793113708496
10,196180,2.873171091079712
10,196190,2.9429869651794434
10,196200,2.6259684562683105
10,196210,2.816939353942871
10,196220,2.502969741821289
10,196230,2.6106138229370117
10,196240,2.689992904663086
10,196250,2.5802161693573
10,196260,2.6553945541381836
10,196270,3.0501651763916016
10,196280,2.958834171295166
10,196290,2.828883171081543
10,196300,2.3680672645568848
10,196310,2.775409698486328
10,196320,2.772670269012451
10,196330,2.9978652000427246
10,196340,3.084508180618286
10,196350,2.665580987930298
10,196360,2.839540958404541
10,196370,3.3169260025024414
10,196380,2.827829360961914
10,196390,2.8440990447998047
10,196400,2.7928028106689453
10,196410,2.327495813369751
10,196420,2.6551434993743896
10,196430,2.383005142211914
10,196440,2.8589305877685547
10,196450,2.9742019176483154
10,196460,2.9816317558288574
10,196470,2.922536849975586
10,196480,2.899610757827759
10,196490,2.4648666381835938
10,196500,3.0287442207336426
10,196510,3.2262866497039795
10,196520,2.7501778602600098
10,196530,2.4442458152770996
10,196540,2.486008882522583
10,196550,2.696460485458374
10,196560,2.7552120685577393
10,196570,2.6139464378356934
10,196580,2.907442092895508
10,196590,2.5406370162963867
10,196600,2.861792802810669
10,196610,2.843852996826172
10,196620,2.5832743644714355
10,196630,2.7883777618408203
10,196640,2.754626750946045
10,196650,2.7809348106384277
10,196660,2.684359073638916
10,196670,2.914659023284912
10,196680,3.019867420196533
10,196690,2.702996253967285
10,196700,2.702775478363037
10,196710,2.7971439361572266
10,196720,2.5165414810180664
10,196730,2.613633155822754
10,196740,2.6450867652893066
10,196750,2.9935622215270996
10,196760,2.742499351501465
10,196770,2.71317982673645
10,196780,2.8906140327453613
10,196790,2.6957497596740723
10,196800,2.9063897132873535
10,196810,2.617037296295166
10,196820,2.6004152297973633
10,196830,2.658418655395508
10,196840,2.7473692893981934
10,196850,2.803199052810669
10,196860,2.5487942695617676
10,196870,2.8713741302490234
10,196880,2.5345382690429688
10,196890,2.855469226837158
10,196900,2.394285202026367
10,196910,2.6274971961975098
10,196920,3.1225078105926514
10,196930,2.8734118938446045
10,196940,2.840851306915283
10,196950,3.082449436187744
10,196960,2.6358137130737305
10,196970,2.629749298095703
10,196980,2.279339551925659
10,196990,2.937079429626465
10,197000,2.8270022869110107
10,197010,2.7657580375671387
10,197020,2.6385557651519775
10,197030,2.7166571617126465
10,197040,2.9026074409484863
10,197050,2.8666574954986572
10,197060,2.895589828491211
10,197070,3.0226709842681885
10,197080,2.6841940879821777
10,197090,2.6204044818878174
10,197100,2.489586353302002
10,197110,2.8198366165161133
10,197120,2.628826856613159
10,197130,2.5085458755493164
10,197140,2.683089256286621
10,197150,2.6057257652282715
10,197160,2.340345859527588
10,197170,2.8575520515441895
10,197180,2.590498685836792
10,197190,3.146803379058838
10,197200,2.6093339920043945
10,197210,2.777970552444458
10,197220,2.842385768890381
10,197230,2.7976832389831543
10,197240,2.8898520469665527
10,197250,2.7902374267578125
10,197260,2.5177865028381348
10,197270,3.0634896755218506
10,197280,3.237581729888916
10,197290,2.6467323303222656
10,197300,2.949090003967285
10,197310,2.666435480117798
10,197320,3.4036290645599365
10,197330,2.592515230178833
10,197340,2.754775285720825
10,197350,2.684828281402588
10,197360,2.6269588470458984
10,197370,3.055431842803955
10,197380,2.936649799346924
10,197390,3.444255828857422
10,197400,2.3294148445129395
10,197410,2.4048914909362793
10,197420,2.8241302967071533
10,197430,2.8194570541381836
10,197440,3.1916685104370117
10,197450,2.5470385551452637
10,197460,2.6850626468658447
10,197470,2.904252529144287
10,197480,2.688037395477295
10,197490,2.3250386714935303
10,197500,2.603299617767334
10,197510,2.6480801105499268
10,197520,2.7358899116516113
10,197530,2.934215784072876
10,197540,2.893620014190674
10,197550,2.482611656188965
10,197560,2.5301408767700195
10,197570,2.45672607421875
10,197580,2.772972822189331
10,197590,2.4913978576660156
10,197600,2.4675326347351074
10,197610,3.0269837379455566
10,197620,2.579671859741211
10,197630,2.7222025394439697
10,197640,2.9190027713775635
10,197650,2.9847991466522217
10,197660,2.946044683456421
10,197670,2.8701109886169434
10,197680,3.037022113800049
10,197690,2.901318073272705
10,197700,2.40282940864563
10,197710,2.6231231689453125
10,197720,2.8042898178100586
10,197730,2.9607036113739014
10,197740,2.434054374694824
10,197750,2.9013447761535645
10,197760,2.695103168487549
10,197770,2.483874797821045
10,197780,2.3163604736328125
10,197790,2.755744218826294
10,197800,2.506706953048706
10,197810,2.7335500717163086
10,197820,2.9401211738586426
10,197830,2.807940721511841
10,197840,2.669189453125
10,197850,2.487868547439575
10,197860,2.5767486095428467
10,197870,2.6591429710388184
10,197880,2.9646763801574707
10,197890,2.803375482559204
10,197900,2.463970184326172
10,197910,2.812319040298462
10,197920,2.926745653152466
10,197930,2.960554361343384
10,197940,2.8198118209838867
10,197950,2.3029210567474365
10,197960,2.5942699909210205
10,197970,2.72938871383667
10,197980,3.1420469284057617
10,197990,2.9131274223327637
10,198000,3.0701358318328857
10,198010,2.6625242233276367
10,198020,2.8834471702575684
10,198030,3.030893325805664
10,198040,2.9726879596710205
10,198050,2.604623794555664
10,198060,2.8952739238739014
10,198070,2.5644636154174805
10,198080,2.6803064346313477
10,198090,3.2601921558380127
10,198100,2.6323442459106445
10,198110,2.998189926147461
10,198120,2.649085283279419
10,198130,2.8779749870300293
10,198140,3.0635757446289062
10,198150,2.6068456172943115
10,198160,3.2288143634796143
10,198170,2.7708029747009277
10,198180,2.091461181640625
10,198190,2.683201789855957
10,198200,2.2013869285583496
10,198210,3.087831974029541
10,198220,2.4973602294921875
10,198230,3.211984872817993
10,198240,2.1728804111480713
10,198250,2.9065840244293213
10,198260,2.6765284538269043
10,198270,3.0557520389556885
10,198280,3.1559789180755615
10,198290,2.4364776611328125
10,198300,2.417965888977051
10,198310,2.6386756896972656
10,198320,2.4128522872924805
10,198330,2.8364458084106445
10,198340,2.824488639831543
10,198350,2.743093967437744
10,198360,2.9957985877990723
10,198370,3.240147590637207
10,198380,2.967195510864258
10,198390,2.8715708255767822
10,198400,2.86202073097229
10,198410,2.997605800628662
10,198420,2.6438984870910645
10,198430,2.6979317665100098
10,198440,2.6467013359069824
10,198450,2.6900241374969482
10,198460,2.5919041633605957
10,198470,2.9168663024902344
10,198480,2.8088722229003906
10,198490,2.33286190032959
10,198500,2.6655378341674805
10,198510,2.773742198944092
10,198520,2.6799919605255127
10,198530,3.206498384475708
10,198540,2.603245258331299
10,198550,2.6866273880004883
10,198560,2.7234091758728027
10,198570,2.828493118286133
10,198580,2.90212345123291
10,198590,2.837878465652466
10,198600,2.873523712158203
10,198610,2.5558276176452637
10,198620,2.9798531532287598
10,198630,2.736269474029541
10,198640,2.9559314250946045
10,198650,2.6379899978637695
10,198660,2.7725086212158203
10,198670,2.9625840187072754
10,198680,2.6962952613830566
10,198690,2.628554105758667
10,198700,3.080609083175659
10,198710,3.0698373317718506
10,198720,2.4383811950683594
10,198730,2.570282459259033
10,198740,2.5039830207824707
10,198750,2.9290432929992676
10,198760,2.707129955291748
10,198770,2.9363484382629395
10,198780,2.7852423191070557
10,198790,3.0738351345062256
10,198800,3.2318806648254395
10,198810,2.636321544647217
10,198820,2.75124192237854
10,198830,2.519259214401245
10,198840,2.6583473682403564
10,198850,2.4131133556365967
10,198860,2.7173733711242676
10,198870,2.6513311862945557
10,198880,2.822563648223877
10,198890,2.9368090629577637
10,198900,2.6436564922332764
10,198910,2.791543483734131
10,198920,2.8222055435180664
10,198930,2.543018341064453
10,198940,2.6495909690856934
10,198950,2.4942798614501953
10,198960,2.694901704788208
10,198970,2.4822769165039062
10,198980,2.8126492500305176
10,198990,2.434964418411255
10,199000,2.668200731277466
10,199010,3.031099796295166
10,199020,2.628007173538208
10,199030,2.8240349292755127
10,199040,3.202199935913086
10,199050,3.5170063972473145
10,199060,2.4002301692962646
10,199070,2.877108573913574
10,199080,2.5270795822143555
10,199090,2.8033015727996826
10,199100,2.884181022644043
10,199110,2.439197540283203
10,199120,2.423478603363037
10,199130,2.5039615631103516
10,199140,3.072233200073242
10,199150,2.737173318862915
10,199160,2.554537773132324
10,199170,2.75296688079834
10,199180,2.5430612564086914
10,199190,3.004580020904541
10,199200,2.902167797088623
10,199210,3.1149802207946777
10,199220,2.835298538208008
10,199230,2.6017327308654785
10,199240,2.8047261238098145
10,199250,2.7663414478302
10,199260,2.9465692043304443
10,199270,2.9720358848571777
10,199280,2.570901393890381
10,199290,2.6344213485717773
10,199300,2.526923179626465
10,199310,2.6179051399230957
10,199320,2.893364667892456
10,199330,2.7477121353149414
10,199340,2.5785117149353027
10,199350,2.9252891540527344
10,199360,2.7594149112701416
10,199370,2.809725284576416
10,199380,3.0643622875213623
10,199390,2.619091033935547
10,199400,2.8715884685516357
10,199410,2.8006765842437744
10,199420,2.96110200881958
10,199430,2.8643980026245117
10,199440,2.7748851776123047
10,199450,2.9937689304351807
10,199460,3.006013870239258
10,199470,2.7802579402923584
10,199480,2.3594934940338135
10,199490,2.70137357711792
10,199500,3.0239791870117188
10,199510,2.862032890319824
10,199520,3.4443750381469727
10,199530,2.6781811714172363
10,199540,2.7003302574157715
10,199550,3.108755350112915
10,199560,2.765514612197876
10,199570,2.4815444946289062
10,199580,2.7056398391723633
10,199590,3.098416328430176
10,199600,2.602022647857666
10,199610,2.5236802101135254
10,199620,2.485581874847412
10,199630,2.3085899353027344
10,199640,2.6855435371398926
10,199650,2.5403919219970703
10,199660,2.6224710941314697
10,199670,2.6829757690429688
10,199680,2.6973495483398438
10,199690,3.413933277130127
10,199700,3.3176307678222656
10,199710,2.489260673522949
10,199720,3.107684850692749
10,199730,2.672718048095703
10,199740,2.4106993675231934
10,199750,2.3293557167053223
10,199760,3.014652729034424
10,199770,2.7330870628356934
10,199780,2.454885244369507
10,199790,2.745326042175293
10,199800,2.803128242492676
10,199810,2.6869373321533203
10,199820,3.2189393043518066
10,199830,2.807943820953369
10,199840,3.2839226722717285
10,199850,2.710428476333618
10,199860,2.7892675399780273
10,199870,2.6825220584869385
10,199880,2.742642402648926
10,199890,2.905174970626831
10,199900,2.5585169792175293
10,199910,2.5651352405548096
10,199920,2.607036590576172
10,199930,2.4803836345672607
10,199940,2.566892385482788
10,199950,2.3837623596191406
10,199960,2.42697811126709
10,199970,2.86222505569458
10,199980,2.6252927780151367
10,199990,3.0208606719970703
10,200000,2.901038408279419
10,200010,2.1485776901245117
10,200020,2.412748098373413
10,200030,2.1954941749572754
10,200040,2.2877259254455566
10,200050,2.5724048614501953
10,200060,2.6435775756835938
10,200070,2.4939417839050293
10,200080,2.499795436859131
10,200090,2.2912979125976562
10,200100,2.7097437381744385
10,200110,2.354416847229004
10,200120,2.099203586578369
10,200130,2.432253837585449
10,200140,2.585014820098877
10,200150,2.276627540588379
10,200160,2.4780921936035156
10,200170,2.5597119331359863
10,200180,2.3687872886657715
10,200190,2.38131046295166
10,200200,2.345449924468994
10,200210,2.533751964569092
10,200220,2.253680467605591
10,200230,2.5443835258483887
10,200240,2.2455856800079346
10,200250,2.577253580093384
10,200260,2.3957855701446533
10,200270,2.3192620277404785
10,200280,2.3621034622192383
10,200290,2.8138010501861572
10,200300,2.378037929534912
10,200310,2.250319480895996
10,200320,2.391904830932617
10,200330,2.3954505920410156
10,200340,2.1276893615722656
10,200350,2.6187045574188232
10,200360,2.3461785316467285
10,200370,2.398101329803467
10,200380,2.168893337249756
10,200390,2.2336525917053223
10,200400,2.384923219680786
10,200410,2.2071516513824463
10,200420,2.1574461460113525
10,200430,2.222595453262329
10,200440,2.427929401397705
10,200450,2.410634994506836
10,200460,2.2379050254821777
10,200470,2.667581081390381
10,200480,2.1576013565063477
10,200490,2.4955971240997314
10,200500,2.284914016723633
10,200510,2.3241055011749268
10,200520,2.122368574142456
10,200530,2.681180953979492
10,200540,2.1872103214263916
10,200550,2.2198433876037598
10,200560,2.243630886077881
10,200570,2.2617807388305664
10,200580,2.523128032684326
10,200590,2.643709182739258
10,200600,2.1631758213043213
10,200610,2.0460124015808105
10,200620,2.1580209732055664
10,200630,2.3469457626342773
10,200640,2.400592803955078
10,200650,2.3527064323425293
10,200660,2.060026168823242
10,200670,2.1182682514190674
10,200680,2.603498697280884
10,200690,2.322662353515625
10,200700,2.325428009033203
10,200710,2.3388900756835938
10,200720,2.2079765796661377
10,200730,2.354480266571045
10,200740,2.3684639930725098
10,200750,2.134577989578247
10,200760,2.5063319206237793
10,200770,2.198784828186035
10,200780,1.9350327253341675
10,200790,2.356074810028076
10,200800,2.3625166416168213
10,200810,2.377776622772217
10,200820,2.038506507873535
10,200830,2.1478271484375
10,200840,2.366389751434326
10,200850,2.1856069564819336
10,200860,2.2038018703460693
10,200870,2.169548749923706
10,200880,2.3111071586608887
10,200890,2.428112506866455
10,200900,2.238788366317749
10,200910,2.3290257453918457
10,200920,2.516413688659668
10,200930,2.6362500190734863
10,200940,2.4738430976867676
10,200950,2.3936398029327393
10,200960,2.162963390350342
10,200970,2.4593076705932617
10,200980,2.26999568939209
10,200990,2.581912040710449
10,201000,2.3853890895843506
10,201010,2.7111644744873047
10,201020,2.5131936073303223
10,201030,1.9290027618408203
10,201040,2.753465175628662
10,201050,2.561826229095459
10,201060,1.9965225458145142
10,201070,2.1050381660461426
10,201080,2.405233860015869
10,201090,2.5643134117126465
10,201100,2.2246718406677246
10,201110,2.319889783859253
10,201120,2.3773155212402344
10,201130,2.3780441284179688
10,201140,2.0076112747192383
10,201150,2.135610342025757
10,201160,2.526642084121704
10,201170,2.471688747406006
10,201180,2.3428425788879395
10,201190,2.362137794494629
10,201200,2.274077892303467
10,201210,1.9094030857086182
10,201220,2.263132095336914
10,201230,2.6181817054748535
10,201240,2.044663429260254
10,201250,2.335087299346924
10,201260,2.12078857421875
10,201270,1.7705879211425781
10,201280,2.1287922859191895
10,201290,2.3879709243774414
10,201300,2.637763023376465
10,201310,2.995692253112793
10,201320,2.4396190643310547
10,201330,2.5262298583984375
10,201340,2.255136013031006
10,201350,2.468740940093994
10,201360,2.2806992530822754
10,201370,2.4472527503967285
10,201380,2.8288164138793945
10,201390,2.4973909854888916
10,201400,2.3194026947021484
10,201410,2.301118850708008
10,201420,2.287402391433716
10,201430,1.93531334400177
10,201440,2.1330745220184326
10,201450,2.346202850341797
10,201460,2.090506076812744
10,201470,2.3154563903808594
10,201480,2.303018093109131
10,201490,2.0687413215637207
10,201500,2.1377382278442383
10,201510,2.0764212608337402
10,201520,2.3723835945129395
10,201530,2.386737823486328
10,201540,2.125831365585327
10,201550,2.239874839782715
10,201560,2.398115634918213
10,201570,2.187880516052246
10,201580,2.203467845916748
10,201590,2.2151317596435547
10,201600,2.5187597274780273
10,201610,2.2000718116760254
10,201620,2.365786552429199
10,201630,2.402768611907959
10,201640,2.0830070972442627
10,201650,2.1190295219421387
10,201660,2.539384365081787
10,201670,2.1907131671905518
10,201680,1.962404727935791
10,201690,2.254483699798584
10,201700,2.483105182647705
10,201710,2.2509498596191406
10,201720,2.3438339233398438
10,201730,2.628734588623047
10,201740,2.117396354675293
10,201750,2.509810447692871
10,201760,2.1512513160705566
10,201770,2.1121630668640137
10,201780,2.546642780303955
10,201790,2.445772647857666
10,201800,2.3699426651000977
10,201810,2.7547760009765625
10,201820,2.3774795532226562
10,201830,2.4382805824279785
10,201840,2.5658929347991943
10,201850,2.375842571258545
10,201860,2.2272045612335205
10,201870,2.553297519683838
10,201880,2.316373825073242
10,201890,2.063159465789795
10,201900,2.210604429244995
10,201910,2.193371534347534
10,201920,2.432001829147339
10,201930,2.4117305278778076
10,201940,2.0606343746185303
10,201950,2.499621868133545
10,201960,2.6355886459350586
10,201970,2.3386027812957764
10,201980,2.1657936573028564
10,201990,2.273235559463501
10,202000,2.4746367931365967
10,202010,2.259591579437256
10,202020,2.536353826522827
10,202030,2.0966384410858154
10,202040,2.2607009410858154
10,202050,1.9875978231430054
10,202060,2.6463851928710938
10,202070,2.4940669536590576
10,202080,2.418046474456787
10,202090,2.341264247894287
10,202100,2.133009195327759
10,202110,2.6679434776306152
10,202120,2.320383071899414
10,202130,2.3450374603271484
10,202140,2.1723248958587646
10,202150,2.169707775115967
10,202160,2.3176188468933105
10,202170,2.170715808868408
10,202180,2.2404544353485107
10,202190,2.4059090614318848
10,202200,2.4035024642944336
10,202210,2.1462488174438477
10,202220,2.180570363998413
10,202230,2.4872233867645264
10,202240,2.217620372772217
10,202250,2.343557596206665
10,202260,2.003872871398926
10,202270,2.262516736984253
10,202280,2.322780132293701
10,202290,2.632107734680176
10,202300,2.08707332611084
10,202310,2.0816071033477783
10,202320,2.2419838905334473
10,202330,2.532876491546631
10,202340,2.0624008178710938
10,202350,2.293581962585449
10,202360,2.323505401611328
10,202370,2.435295581817627
10,202380,2.395735740661621
10,202390,2.46697998046875
10,202400,2.0776424407958984
10,202410,3.0168747901916504
10,202420,2.047421932220459
10,202430,2.3742921352386475
10,202440,2.3452272415161133
10,202450,2.3370096683502197
10,202460,1.998325228691101
10,202470,2.2024080753326416
10,202480,2.6217384338378906
10,202490,2.419640064239502
10,202500,2.321528434753418
10,202510,1.9684025049209595
10,202520,2.328958749771118
10,202530,2.5136466026306152
10,202540,2.1640453338623047
10,202550,2.931729555130005
10,202560,2.146439790725708
10,202570,2.529310703277588
10,202580,2.119032621383667
10,202590,2.0305778980255127
10,202600,2.3925163745880127
10,202610,2.7205862998962402
10,202620,2.122525930404663
10,202630,2.1162571907043457
10,202640,2.5072951316833496
10,202650,2.392061471939087
10,202660,2.386715888977051
10,202670,2.08259916305542
10,202680,2.215512752532959
10,202690,2.367489814758301
10,202700,2.300607681274414
10,202710,2.5441486835479736
10,202720,2.4521374702453613
10,202730,2.345942735671997
10,202740,2.3497314453125
10,202750,2.2044167518615723
10,202760,2.0788750648498535
10,202770,2.3787574768066406
10,202780,1.8332819938659668
10,202790,1.9636297225952148
10,202800,2.284233570098877
10,202810,2.2880442142486572
10,202820,2.201446294784546
10,202830,2.519847869873047
10,202840,2.2989139556884766
10,202850,3.0387508869171143
10,202860,2.4748106002807617
10,202870,2.205782890319824
10,202880,2.1427533626556396
10,202890,2.0844743251800537
10,202900,2.1547274589538574
10,202910,2.4793174266815186
10,202920,2.1684863567352295
10,202930,2.1185717582702637
10,202940,2.246093273162842
10,202950,2.249089479446411
10,202960,2.4383773803710938
10,202970,2.4219703674316406
10,202980,2.160134792327881
10,202990,2.0402307510375977
10,203000,2.1475119590759277
10,203010,2.285634994506836
10,203020,2.8614020347595215
10,203030,2.36147403717041
10,203040,2.296505928039551
10,203050,2.235265016555786
10,203060,2.4982125759124756
10,203070,2.1653740406036377
10,203080,2.2109575271606445
10,203090,2.3548004627227783
10,203100,2.5818228721618652
10,203110,2.1440908908843994
10,203120,2.113970994949341
10,203130,2.3118834495544434
10,203140,2.479931592941284
10,203150,2.288879632949829
10,203160,2.5905094146728516
10,203170,1.9636945724487305
10,203180,2.3476057052612305
10,203190,2.475032329559326
10,203200,2.111164093017578
10,203210,2.1928341388702393
10,203220,2.256953239440918
10,203230,2.134276866912842
10,203240,2.75925874710083
10,203250,2.0760486125946045
10,203260,2.4792733192443848
10,203270,2.4599616527557373
10,203280,2.5418500900268555
10,203290,2.3355836868286133
10,203300,2.3000869750976562
10,203310,2.234832763671875
10,203320,2.068392276763916
10,203330,2.3533756732940674
10,203340,2.2779054641723633
10,203350,2.01700496673584
10,203360,2.4203481674194336
10,203370,2.2783563137054443
10,203380,2.645752429962158
10,203390,2.4198546409606934
10,203400,2.1682028770446777
10,203410,2.3417763710021973
10,203420,2.1401522159576416
10,203430,2.4825005531311035
10,203440,2.3913025856018066
10,203450,2.2659544944763184
10,203460,2.065809726715088
10,203470,2.081017255783081
10,203480,2.2823853492736816
10,203490,1.9718546867370605
10,203500,1.8001463413238525
10,203510,2.630805253982544
10,203520,2.25128173828125
10,203530,2.2832884788513184
10,203540,2.2577643394470215
10,203550,2.1170337200164795
10,203560,2.2197024822235107
10,203570,2.6148948669433594
10,203580,2.2590534687042236
10,203590,2.4173743724823
10,203600,2.376924514770508
10,203610,2.2945566177368164
10,203620,2.1804723739624023
10,203630,2.29659104347229
10,203640,2.391620635986328
10,203650,2.24501371383667
10,203660,2.279930591583252
10,203670,2.1716346740722656
10,203680,2.331362724304199
10,203690,2.053130626678467
10,203700,2.2317965030670166
10,203710,2.4916880130767822
10,203720,2.1954076290130615
10,203730,2.4345035552978516
10,203740,2.299701690673828
10,203750,2.1129162311553955
10,203760,2.15091609954834
10,203770,2.23473858833313
10,203780,2.3339169025421143
10,203790,2.487309455871582
10,203800,2.19183611869812
10,203810,2.265045166015625
10,203820,2.636380195617676
10,203830,2.1508920192718506
10,203840,2.051358938217163
10,203850,2.1818912029266357
10,203860,2.4250986576080322
10,203870,2.2163796424865723
10,203880,2.388319492340088
10,203890,2.055655002593994
10,203900,2.162099838256836
10,203910,2.3279881477355957
10,203920,2.3591041564941406
10,203930,2.5910329818725586
10,203940,2.64613676071167
10,203950,2.6494035720825195
10,203960,2.346245050430298
10,203970,2.1981239318847656
10,203980,2.251953601837158
10,203990,2.384608507156372
10,204000,2.351036548614502
10,204010,2.377791404724121
10,204020,2.3734941482543945
10,204030,2.2002029418945312
10,204040,1.893725872039795
10,204050,2.1474123001098633
10,204060,2.4908764362335205
10,204070,2.092287063598633
10,204080,2.239772319793701
10,204090,2.196199893951416
10,204100,2.025481939315796
10,204110,2.4645094871520996
10,204120,2.0120606422424316
10,204130,2.4835174083709717
10,204140,2.437028408050537
10,204150,2.6300930976867676
10,204160,2.5254132747650146
10,204170,2.3769423961639404
10,204180,2.4247472286224365
10,204190,2.140500068664551
10,204200,2.677781820297241
10,204210,2.482553005218506
10,204220,2.409735679626465
10,204230,2.2433688640594482
10,204240,2.007561683654785
10,204250,2.065394878387451
10,204260,1.9584839344024658
10,204270,2.295133113861084
10,204280,2.097872495651245
10,204290,2.1991028785705566
10,204300,2.061689853668213
10,204310,1.899015188217163
10,204320,2.262275218963623
10,204330,2.155211925506592
10,204340,2.148192882537842
10,204350,2.254434108734131
10,204360,2.154825210571289
10,204370,2.2389092445373535
10,204380,2.404245376586914
10,204390,2.211047410964966
10,204400,2.2823309898376465
10,204410,2.3204612731933594
10,204420,2.2131521701812744
10,204430,2.572971820831299
10,204440,2.1423230171203613
10,204450,2.210259199142456
10,204460,2.077449321746826
10,204470,2.636244773864746
10,204480,2.257484197616577
10,204490,1.9798879623413086
10,204500,2.249863624572754
10,204510,2.24934458732605
10,204520,2.4164743423461914
10,204530,2.448500394821167
10,204540,2.5543925762176514
10,204550,2.3790860176086426
10,204560,2.5495779514312744
10,204570,2.2419981956481934
10,204580,2.0559401512145996
10,204590,2.510136127471924
10,204600,2.029371976852417
10,204610,2.2355732917785645
10,204620,2.4006381034851074
10,204630,2.3555612564086914
10,204640,2.0388169288635254
10,204650,2.3104541301727295
10,204660,2.3336429595947266
10,204670,2.228445053100586
10,204680,1.9743075370788574
10,204690,2.186505079269409
10,204700,2.2422142028808594
10,204710,2.296329975128174
10,204720,2.605428695678711
10,204730,2.169516086578369
10,204740,2.280264377593994
10,204750,2.527442455291748
10,204760,2.147937536239624
10,204770,2.059645891189575
10,204780,2.4485573768615723
10,204790,2.3935399055480957
10,204800,2.070643901824951
10,204810,2.7122855186462402
10,204820,2.2150001525878906
10,204830,2.44834041595459
10,204840,2.1693103313446045
10,204850,1.9731194972991943
10,204860,2.221226930618286
10,204870,2.474092960357666
10,204880,2.279391288757324
10,204890,2.547241449356079
10,204900,2.364095687866211
10,204910,2.363544464111328
10,204920,2.4549431800842285
10,204930,2.5351221561431885
10,204940,2.0648045539855957
10,204950,1.9325237274169922
10,204960,1.983747959136963
10,204970,2.116581916809082
10,204980,2.2209465503692627
10,204990,2.6304664611816406
10,205000,2.4247186183929443
10,205010,2.3085789680480957
10,205020,2.036942958831787
10,205030,2.334841251373291
10,205040,2.4490184783935547
10,205050,2.283207654953003
10,205060,2.2305612564086914
10,205070,2.1842639446258545
10,205080,2.1521713733673096
10,205090,2.2330777645111084
10,205100,2.394090175628662
10,205110,2.5438997745513916
10,205120,2.159152030944824
10,205130,2.1567039489746094
10,205140,2.283125400543213
10,205150,2.284518003463745
10,205160,2.2066798210144043
10,205170,2.44321870803833
10,205180,2.259721279144287
10,205190,2.5409913063049316
10,205200,2.37701416015625
10,205210,2.0687520503997803
10,205220,2.142150640487671
10,205230,2.4877214431762695
10,205240,2.349029064178467
10,205250,2.777376413345337
10,205260,2.2854347229003906
10,205270,2.0768253803253174
10,205280,2.275576114654541
10,205290,1.8901500701904297
10,205300,2.151007890701294
10,205310,2.201681613922119
10,205320,1.9424030780792236
10,205330,2.5502243041992188
10,205340,2.2116451263427734
10,205350,2.195559501647949
10,205360,2.599114418029785
10,205370,2.253584861755371
10,205380,2.3167426586151123
10,205390,2.389542579650879
10,205400,2.094452142715454
10,205410,2.3227710723876953
10,205420,2.5525851249694824
10,205430,2.3590283393859863
10,205440,2.689220905303955
10,205450,2.1112468242645264
10,205460,2.174856185913086
10,205470,2.3317465782165527
10,205480,2.2339706420898438
10,205490,2.057403326034546
10,205500,2.5035669803619385
10,205510,2.0967953205108643
10,205520,2.456597089767456
10,205530,2.5205187797546387
10,205540,2.265206813812256
10,205550,2.2504725456237793
10,205560,2.0985302925109863
10,205570,2.2451412677764893
10,205580,2.639500141143799
10,205590,2.338804244995117
10,205600,2.1534535884857178
10,205610,2.461214780807495
10,205620,2.3276519775390625
10,205630,2.2325403690338135
10,205640,2.091913938522339
10,205650,2.3305678367614746
10,205660,2.0631320476531982
10,205670,2.4126644134521484
10,205680,2.2152366638183594
10,205690,2.347379684448242
10,205700,2.3548269271850586
10,205710,2.4777090549468994
10,205720,2.278986692428589
10,205730,2.321331024169922
10,205740,2.395599365234375
10,205750,2.101992607116699
10,205760,2.3347742557525635
10,205770,2.1986680030822754
10,205780,2.5761373043060303
10,205790,2.3221421241760254
10,205800,2.350599765777588
10,205810,2.1690893173217773
10,205820,2.371157646179199
10,205830,2.5027613639831543
10,205840,2.6124699115753174
10,205850,2.4679524898529053
10,205860,2.330490827560425
10,205870,2.3466906547546387
10,205880,2.570073127746582
10,205890,2.1234140396118164
10,205900,2.5311999320983887
10,205910,2.4033637046813965
10,205920,2.6414010524749756
10,205930,2.391357421875
10,205940,2.217967987060547
10,205950,2.2833454608917236
10,205960,2.4819178581237793
10,205970,2.4449405670166016
10,205980,2.1919326782226562
10,205990,2.5721559524536133
10,206000,2.3078901767730713
10,206010,2.2402210235595703
10,206020,2.258021593093872
10,206030,1.9219774007797241
10,206040,2.3536319732666016
10,206050,2.6160454750061035
10,206060,2.5414879322052
10,206070,2.6156702041625977
10,206080,2.1232709884643555
10,206090,2.135662317276001
10,206100,2.155298948287964
10,206110,2.350414276123047
10,206120,2.422706365585327
10,206130,2.6436452865600586
10,206140,2.321115016937256
10,206150,2.32724928855896
10,206160,1.9632773399353027
10,206170,2.5756144523620605
10,206180,2.2830252647399902
10,206190,2.8036208152770996
10,206200,2.37031888961792
10,206210,2.2876431941986084
10,206220,2.1117031574249268
10,206230,2.4817252159118652
10,206240,2.0295681953430176
10,206250,2.341191291809082
10,206260,2.8564062118530273
10,206270,2.307027578353882
10,206280,2.1144988536834717
10,206290,1.997426986694336
10,206300,2.3301987648010254
10,206310,1.9810893535614014
10,206320,2.2011051177978516
10,206330,2.1149377822875977
10,206340,2.1590487957000732
10,206350,2.6326842308044434
10,206360,2.376201868057251
10,206370,2.363645553588867
10,206380,2.637767791748047
10,206390,2.3801236152648926
10,206400,2.2935738563537598
10,206410,2.455897808074951
10,206420,2.0801517963409424
10,206430,2.658270835876465
10,206440,2.0924696922302246
10,206450,2.191387414932251
10,206460,2.722971200942993
10,206470,2.2478978633880615
10,206480,2.091200590133667
10,206490,2.456906318664551
10,206500,2.4264822006225586
10,206510,2.1811230182647705
10,206520,2.162964344024658
10,206530,2.5848770141601562
10,206540,2.24406099319458
10,206550,2.3213682174682617
10,206560,2.6032142639160156
10,206570,2.1569113731384277
10,206580,2.516392946243286
10,206590,2.2368953227996826
10,206600,2.1024062633514404
10,206610,2.170051336288452
10,206620,2.346896171569824
10,206630,2.245194673538208
10,206640,2.345470666885376
10,206650,2.3344991207122803
10,206660,2.3497188091278076
10,206670,2.2876551151275635
10,206680,2.1004810333251953
10,206690,2.8921871185302734
10,206700,2.0229642391204834
10,206710,1.9342639446258545
10,206720,2.8636956214904785
10,206730,2.1107873916625977
10,206740,2.394782543182373
10,206750,2.343240261077881
10,206760,2.1646478176116943
10,206770,2.367732524871826
10,206780,2.108278751373291
10,206790,2.4318323135375977
10,206800,2.2742490768432617
10,206810,2.331063747406006
10,206820,2.2408342361450195
10,206830,2.3274755477905273
10,206840,2.194852352142334
10,206850,2.5291125774383545
10,206860,2.341552257537842
10,206870,2.544949531555176
10,206880,2.4859628677368164
10,206890,2.279186964035034
10,206900,2.2635529041290283
10,206910,2.456587314605713
10,206920,2.000500202178955
10,206930,2.4531972408294678
10,206940,2.489474296569824
10,206950,2.437535524368286
10,206960,2.253542900085449
10,206970,2.5963339805603027
10,206980,2.492514133453369
10,206990,2.183094024658203
10,207000,2.2462406158447266
10,207010,2.1327157020568848
10,207020,2.280647039413452
10,207030,2.2733542919158936
10,207040,2.213916063308716
10,207050,2.2993764877319336
10,207060,2.3854708671569824
10,207070,2.503113269805908
10,207080,2.243772268295288
10,207090,2.2525198459625244
10,207100,2.314995765686035
10,207110,2.476329803466797
10,207120,2.182227611541748
10,207130,2.163587808609009
10,207140,2.4361610412597656
10,207150,2.285005569458008
10,207160,2.0689024925231934
10,207170,2.1282172203063965
10,207180,2.1967270374298096
10,207190,2.041534662246704
10,207200,2.162729263305664
10,207210,3.12801456451416
10,207220,2.4092330932617188
10,207230,2.5125956535339355
10,207240,2.8518435955047607
10,207250,2.383556842803955
10,207260,2.606757402420044
10,207270,2.30197811126709
10,207280,2.3599705696105957
10,207290,2.1248087882995605
10,207300,1.9150543212890625
10,207310,2.292956829071045
10,207320,2.4852659702301025
10,207330,2.3395638465881348
10,207340,1.9773048162460327
10,207350,2.25541090965271
10,207360,2.2501564025878906
10,207370,2.143141508102417
10,207380,2.394497871398926
10,207390,2.3754122257232666
10,207400,2.2783608436584473
10,207410,2.4328083992004395
10,207420,2.142488479614258
10,207430,2.4204277992248535
10,207440,2.3088812828063965
10,207450,1.9621460437774658
10,207460,1.9722702503204346
10,207470,2.435547351837158
10,207480,2.2369954586029053
10,207490,2.197788715362549
10,207500,2.5428876876831055
10,207510,2.297056198120117
10,207520,2.0827670097351074
10,207530,2.1602344512939453
10,207540,2.654191493988037
10,207550,2.324911594390869
10,207560,1.8257948160171509
10,207570,2.187102794647217
10,207580,2.411388397216797
10,207590,2.708167791366577
10,207600,2.212728500366211
10,207610,2.5456578731536865
10,207620,2.273401975631714
10,207630,2.4623026847839355
10,207640,2.006314992904663
10,207650,2.168330669403076
10,207660,2.0717430114746094
10,207670,2.5734634399414062
10,207680,2.278879165649414
10,207690,2.921846628189087
10,207700,2.154447555541992
10,207710,2.1796483993530273
10,207720,2.3717379570007324
10,207730,2.374297857284546
10,207740,2.4206981658935547
10,207750,2.3469583988189697
10,207760,2.239238739013672
10,207770,2.1758761405944824
10,207780,2.602179527282715
10,207790,2.1789493560791016
10,207800,2.0583102703094482
10,207810,2.5573251247406006
10,207820,2.1946678161621094
10,207830,2.283022880554199
10,207840,1.7739306688308716
10,207850,2.627051830291748
10,207860,2.2133772373199463
10,207870,2.3798255920410156
10,207880,2.0132014751434326
10,207890,2.4565086364746094
10,207900,2.2079763412475586
10,207910,2.1385278701782227
10,207920,2.4988620281219482
10,207930,2.2475600242614746
10,207940,2.0624356269836426
10,207950,2.4310483932495117
10,207960,2.4034669399261475
10,207970,2.41292405128479
10,207980,2.253127336502075
10,207990,2.5161099433898926
10,208000,2.368086338043213
10,208010,2.5165507793426514
10,208020,2.305513620376587
10,208030,2.065136432647705
10,208040,2.0767502784729004
10,208050,2.2424144744873047
10,208060,2.308624505996704
10,208070,2.2731146812438965
10,208080,2.300694465637207
10,208090,2.3843016624450684
10,208100,2.252685308456421
10,208110,2.1909897327423096
10,208120,1.791844129562378
10,208130,2.207599401473999
10,208140,2.1165170669555664
10,208150,2.3951239585876465
10,208160,1.9306297302246094
10,208170,2.282106399536133
10,208180,2.5908238887786865
10,208190,2.3003780841827393
10,208200,2.02302885055542
10,208210,2.16585636138916
10,208220,2.337502956390381
10,208230,2.213127851486206
10,208240,2.3531546592712402
10,208250,2.4028077125549316
10,208260,2.4968035221099854
10,208270,2.2788338661193848
10,208280,2.119598627090454
10,208290,2.118227958679199
10,208300,2.18218994140625
10,208310,2.0440175533294678
10,208320,2.2150797843933105
10,208330,2.4356484413146973
10,208340,2.449796199798584
10,208350,2.465712547302246
10,208360,2.4358150959014893
10,208370,2.1394760608673096
10,208380,2.1121604442596436
10,208390,2.2884223461151123
10,208400,2.1561763286590576
10,208410,2.1678473949432373
10,208420,2.195328950881958
10,208430,2.2823400497436523
10,208440,2.2731821537017822
10,208450,2.171323537826538
10,208460,1.9547245502471924
10,208470,2.4552958011627197
10,208480,2.3343276977539062
10,208490,2.9637012481689453
10,208500,2.457944393157959
10,208510,2.485624313354492
10,208520,2.6137375831604004
10,208530,2.0563127994537354
10,208540,2.272747039794922
10,208550,2.19657039642334
10,208560,2.2331128120422363
10,208570,2.5442419052124023
10,208580,2.450361728668213
10,208590,2.584794044494629
10,208600,2.337313413619995
10,208610,2.159759998321533
10,208620,2.257033586502075
10,208630,2.5449399948120117
10,208640,2.2682082653045654
10,208650,2.6174192428588867
10,208660,2.7789196968078613
10,208670,2.1269888877868652
10,208680,1.8873143196105957
10,208690,2.3513197898864746
10,208700,2.270505905151367
10,208710,2.2863516807556152
10,208720,2.4103169441223145
10,208730,2.52081298828125
10,208740,2.2599170207977295
10,208750,2.2828903198242188
10,208760,2.297959327697754
10,208770,2.397778272628784
10,208780,2.416285991668701
10,208790,1.941910743713379
10,208800,2.1592187881469727
10,208810,2.062392234802246
10,208820,2.353821039199829
10,208830,2.369135856628418
10,208840,2.3284072875976562
10,208850,2.4244441986083984
10,208860,2.5337462425231934
10,208870,2.2034435272216797
10,208880,2.4827382564544678
10,208890,2.286142349243164
10,208900,2.5242857933044434
10,208910,2.1946308612823486
10,208920,2.303920269012451
10,208930,2.06209659576416
10,208940,2.5992960929870605
10,208950,2.3126940727233887
10,208960,2.3946237564086914
10,208970,2.247169256210327
10,208980,2.2790908813476562
10,208990,2.279428482055664
10,209000,2.5090155601501465
10,209010,2.194368839263916
10,209020,2.4210379123687744
10,209030,2.354783296585083
10,209040,2.3778536319732666
10,209050,2.4067702293395996
10,209060,2.3719804286956787
10,209070,2.3699731826782227
10,209080,2.0813207626342773
10,209090,2.5241174697875977
10,209100,2.5422160625457764
10,209110,2.238866090774536
10,209120,2.082439422607422
10,209130,2.083549976348877
10,209140,2.3547873497009277
10,209150,2.1925883293151855
10,209160,2.141509532928467
10,209170,1.94568932056427
10,209180,2.395447015762329
10,209190,2.043245553970337
10,209200,2.5161967277526855
10,209210,2.164108991622925
10,209220,2.210489511489868
10,209230,2.162348508834839
10,209240,2.4655797481536865
10,209250,2.453707456588745
10,209260,2.3170018196105957
10,209270,2.2077293395996094
10,209280,2.504042148590088
10,209290,2.2174439430236816
10,209300,2.452860116958618
10,209310,2.6479663848876953
10,209320,2.113025665283203
10,209330,2.2895054817199707
10,209340,2.0001893043518066
10,209350,2.5349907875061035
10,209360,2.058112621307373
10,209370,2.1874046325683594
10,209380,2.4034855365753174
10,209390,2.1959710121154785
10,209400,2.1725809574127197
10,209410,2.0827221870422363
10,209420,2.262983798980713
10,209430,2.2138614654541016
10,209440,2.633833408355713
10,209450,2.3922266960144043
10,209460,2.271559715270996
10,209470,2.0393192768096924
10,209480,2.344332695007324
10,209490,2.0532760620117188
10,209500,2.8049163818359375
10,209510,2.329883337020874
10,209520,2.1496424674987793
10,209530,2.420055389404297
10,209540,2.4431824684143066
10,209550,2.494248867034912
10,209560,2.2265961170196533
10,209570,2.4997096061706543
10,209580,2.1800310611724854
10,209590,1.9842474460601807
10,209600,2.335892915725708
10,209610,2.527099132537842
10,209620,2.1716442108154297
10,209630,2.176306962966919
10,209640,2.108912467956543
10,209650,2.1013684272766113
10,209660,2.275545835494995
10,209670,2.186582565307617
10,209680,2.160158395767212
10,209690,2.2525129318237305
10,209700,2.593916416168213
10,209710,1.9741911888122559
10,209720,1.9805631637573242
10,209730,2.01491641998291
10,209740,2.422244071960449
10,209750,2.199162244796753
10,209760,2.03741455078125
10,209770,2.219149351119995
10,209780,2.099661111831665
10,209790,2.149524211883545
10,209800,2.2556252479553223
10,209810,2.46903133392334
10,209820,2.382343292236328
10,209830,2.185955047607422
10,209840,2.5591797828674316
10,209850,2.1830708980560303
10,209860,2.3017845153808594
10,209870,2.27776837348938
10,209880,2.160125732421875
10,209890,2.22717022895813
10,209900,2.1589813232421875
10,209910,2.351606845855713
10,209920,2.1644911766052246
10,209930,2.684077262878418
10,209940,2.09918212890625
10,209950,2.1484289169311523
10,209960,2.552260160446167
10,209970,2.0417256355285645
10,209980,2.376776695251465
10,209990,2.5494613647460938
10,210000,2.3964452743530273
10,210010,2.5303425788879395
10,210020,2.311505079269409
10,210030,2.209766149520874
10,210040,2.2439401149749756
10,210050,2.5945534706115723
10,210060,2.2479019165039062
10,210070,2.2809414863586426
10,210080,2.024864673614502
10,210090,2.179257869720459
10,210100,2.041369915008545
10,210110,2.392727851867676
10,210120,2.3828752040863037
10,210130,1.9958869218826294
10,210140,2.3824574947357178
10,210150,2.379234552383423
10,210160,2.1008999347686768
10,210170,2.479818820953369
10,210180,2.4028146266937256
10,210190,2.223489999771118
10,210200,2.657755136489868
10,210210,2.280101776123047
10,210220,2.177245855331421
10,210230,2.3013901710510254
10,210240,2.1364378929138184
10,210250,2.654269218444824
10,210260,2.331944465637207
10,210270,2.4571592807769775
10,210280,2.1868374347686768
10,210290,2.4310359954833984
10,210300,2.223541736602783
10,210310,2.409681558609009
10,210320,2.1664886474609375
10,210330,2.0574820041656494
10,210340,2.1816742420196533
10,210350,2.2781081199645996
10,210360,2.286285638809204
10,210370,2.244077682495117
10,210380,2.5279836654663086
10,210390,2.27940034866333
10,210400,2.2288429737091064
10,210410,2.2506558895111084
10,210420,2.647749423980713
10,210430,2.329742908477783
10,210440,2.097979784011841
10,210450,2.6126604080200195
10,210460,2.6774396896362305
10,210470,1.8630322217941284
10,210480,2.2759251594543457
10,210490,2.3093514442443848
10,210500,2.196535587310791
10,210510,2.098717451095581
10,210520,2.048532247543335
10,210530,2.262136459350586
10,210540,2.2998313903808594
10,210550,2.163719654083252
10,210560,2.4419102668762207
10,210570,2.4297313690185547
10,210580,2.152439594268799
10,210590,2.465146541595459
10,210600,2.436532497406006
10,210610,2.0936479568481445
10,210620,2.8172109127044678
10,210630,2.701343059539795
10,210640,2.316649913787842
10,210650,2.182335376739502
10,210660,2.342883586883545
10,210670,2.3117563724517822
10,210680,1.9418292045593262
10,210690,2.206841468811035
10,210700,2.4270758628845215
10,210710,2.205484390258789
10,210720,2.300602436065674
10,210730,2.080334186553955
10,210740,2.34458065032959
10,210750,2.4574966430664062
10,210760,2.1737520694732666
10,210770,2.6550145149230957
10,210780,2.3739094734191895
10,210790,2.07751202583313
10,210800,2.2142086029052734
10,210810,2.0661520957946777
10,210820,2.2856969833374023
10,210830,2.7696926593780518
10,210840,2.430530071258545
10,210850,2.196317195892334
10,210860,2.0908212661743164
10,210870,2.2781245708465576
10,210880,2.166701316833496
10,210890,1.9763798713684082
10,210900,2.085991144180298
10,210910,2.2110347747802734
10,210920,2.6723055839538574
10,210930,2.454197406768799
10,210940,2.5836219787597656
10,210950,2.2034335136413574
10,210960,2.213895082473755
10,210970,2.3123950958251953
10,210980,2.1592836380004883
10,210990,2.374110460281372
10,211000,2.2678589820861816
10,211010,2.6739649772644043
10,211020,2.2251944541931152
10,211030,2.4654502868652344
10,211040,2.305299997329712
10,211050,2.462151050567627
10,211060,2.3898611068725586
10,211070,2.2439732551574707
10,211080,2.593885898590088
10,211090,2.6129777431488037
10,211100,2.5148468017578125
10,211110,1.9797377586364746
10,211120,2.1041817665100098
10,211130,2.4575817584991455
10,211140,1.921015977859497
10,211150,2.2100987434387207
10,211160,2.0922834873199463
10,211170,2.2290141582489014
10,211180,2.2567973136901855
10,211190,2.1402807235717773
10,211200,2.3717942237854004
10,211210,2.5005998611450195
10,211220,2.3628668785095215
10,211230,2.158503770828247
10,211240,2.2219834327697754
10,211250,1.9811043739318848
10,211260,2.350576400756836
10,211270,2.1847245693206787
10,211280,2.3921384811401367
10,211290,2.253432512283325
10,211300,2.1693248748779297
10,211310,1.9395489692687988
10,211320,2.239492893218994
10,211330,2.329514980316162
10,211340,2.0841941833496094
10,211350,2.321399211883545
10,211360,2.155080556869507
10,211370,2.6559970378875732
10,211380,2.3392996788024902
10,211390,2.646426200866699
10,211400,2.1665167808532715
10,211410,2.1703124046325684
10,211420,2.337522029876709
10,211430,2.661540985107422
10,211440,2.0414209365844727
10,211450,2.197134494781494
10,211460,2.1025211811065674
10,211470,2.500105857849121
10,211480,2.358171224594116
10,211490,2.1250579357147217
10,211500,2.0458457469940186
10,211510,2.5525920391082764
10,211520,2.093203544616699
10,211530,2.3336048126220703
10,211540,2.26120924949646
10,211550,2.1912317276000977
10,211560,2.1639506816864014
10,211570,2.2276828289031982
10,211580,2.120492458343506
10,211590,2.648923635482788
10,211600,2.274096727371216
10,211610,2.413727283477783
10,211620,2.403937816619873
10,211630,2.4591307640075684
10,211640,2.5404064655303955
10,211650,2.280135154724121
10,211660,2.0763800144195557
10,211670,2.3107199668884277
10,211680,2.0854291915893555
10,211690,2.581908702850342
10,211700,2.4828622341156006
10,211710,2.3951478004455566
10,211720,2.4812614917755127
10,211730,2.057471990585327
10,211740,2.3296735286712646
10,211750,1.970022201538086
10,211760,2.445477247238159
10,211770,2.4375901222229004
10,211780,2.2517929077148438
10,211790,2.3414151668548584
10,211800,2.6247987747192383
10,211810,2.1971635818481445
10,211820,2.1440556049346924
10,211830,2.2928099632263184
10,211840,2.5813417434692383
10,211850,2.071084499359131
10,211860,2.4263997077941895
10,211870,1.998035192489624
10,211880,2.0060644149780273
10,211890,2.3235864639282227
10,211900,2.0739834308624268
10,211910,2.1699748039245605
10,211920,2.2458643913269043
10,211930,2.5531487464904785
10,211940,2.3483457565307617
10,211950,2.1179583072662354
10,211960,2.334282398223877
10,211970,2.474428176879883
10,211980,2.0977745056152344
10,211990,2.5364227294921875
10,212000,2.6669857501983643
10,212010,2.571890354156494
10,212020,2.040872573852539
10,212030,2.402874708175659
10,212040,2.089353561401367
10,212050,2.3640122413635254
10,212060,2.1622071266174316
10,212070,2.2354977130889893
10,212080,2.3412580490112305
10,212090,2.2274117469787598
10,212100,2.2146599292755127
10,212110,2.6084518432617188
10,212120,2.284303665161133
10,212130,2.2256760597229004
10,212140,2.2285900115966797
11,212150,3.1505701541900635
11,212160,2.9963269233703613
11,212170,3.3686461448669434
11,212180,2.665437698364258
11,212190,2.588797092437744
11,212200,2.5892529487609863
11,212210,2.679905414581299
11,212220,2.769510269165039
11,212230,2.8148717880249023
11,212240,2.9586565494537354
11,212250,2.535994529724121
11,212260,2.567223072052002
11,212270,2.8521571159362793
11,212280,2.820119619369507
11,212290,2.715188980102539
11,212300,2.830000400543213
11,212310,2.8682289123535156
11,212320,3.2970948219299316
11,212330,2.5874786376953125
11,212340,3.2229552268981934
11,212350,2.5258145332336426
11,212360,2.709531307220459
11,212370,2.4888176918029785
11,212380,2.510009765625
11,212390,2.4454360008239746
11,212400,2.95084810256958
11,212410,2.5804312229156494
11,212420,2.6040494441986084
11,212430,2.6371054649353027
11,212440,2.6042561531066895
11,212450,2.4806063175201416
11,212460,2.5998830795288086
11,212470,2.9118549823760986
11,212480,2.9047799110412598
11,212490,2.9592604637145996
11,212500,2.717107057571411
11,212510,2.837332248687744
11,212520,2.908267021179199
11,212530,2.749394655227661
11,212540,2.9310312271118164
11,212550,2.5461699962615967
11,212560,2.460636854171753
11,212570,2.6716196537017822
11,212580,2.855922222137451
11,212590,2.653259038925171
11,212600,2.867208480834961
11,212610,2.672358274459839
11,212620,2.7153968811035156
11,212630,2.9791483879089355
11,212640,2.744753837585449
11,212650,2.857853412628174
11,212660,3.197216033935547
11,212670,2.5289483070373535
11,212680,2.591623306274414
11,212690,2.8319945335388184
11,212700,2.7754125595092773
11,212710,2.6479873657226562
11,212720,2.912402868270874
11,212730,2.7074217796325684
11,212740,2.535745143890381
11,212750,2.9207534790039062
11,212760,2.942598342895508
11,212770,2.756765604019165
11,212780,2.9559903144836426
11,212790,2.5494394302368164
11,212800,2.995293617248535
11,212810,2.8267648220062256
11,212820,2.7043979167938232
11,212830,2.9182379245758057
11,212840,2.9274039268493652
11,212850,2.8022027015686035
11,212860,2.735523223876953
11,212870,2.796797752380371
11,212880,2.8875508308410645
11,212890,2.6326904296875
11,212900,2.7919702529907227
11,212910,2.791205406188965
11,212920,2.7221570014953613
11,212930,2.4522762298583984
11,212940,2.729384183883667
11,212950,2.756040096282959
11,212960,3.012157917022705
11,212970,2.8367888927459717
11,212980,2.4237194061279297
11,212990,2.83042049407959
11,213000,2.724453926086426
11,213010,2.8538684844970703
11,213020,2.6461234092712402
11,213030,2.9610867500305176
11,213040,3.56417179107666
11,213050,2.630187749862671
11,213060,2.850862979888916
11,213070,3.1851754188537598
11,213080,2.80190372467041
11,213090,2.8707642555236816
11,213100,2.515042304992676
11,213110,2.734589099884033
11,213120,2.797956943511963
11,213130,2.9569172859191895
11,213140,2.800299644470215
11,213150,2.8503665924072266
11,213160,2.6801717281341553
11,213170,2.865589141845703
11,213180,2.658853530883789
11,213190,2.8030896186828613
11,213200,3.06179141998291
11,213210,2.606745719909668
11,213220,2.447091579437256
11,213230,2.8334779739379883
11,213240,2.820763111114502
11,213250,2.786449670791626
11,213260,3.0443007946014404
11,213270,2.968613386154175
11,213280,2.623920440673828
11,213290,2.6714086532592773
11,213300,2.5718131065368652
11,213310,2.432030200958252
11,213320,2.4787275791168213
11,213330,2.699164390563965
11,213340,2.834247589111328
11,213350,2.9958202838897705
11,213360,2.828246593475342
11,213370,2.8996388912200928
11,213380,2.7750113010406494
11,213390,2.9097087383270264
11,213400,2.6560137271881104
11,213410,2.5391924381256104
11,213420,2.684511661529541
11,213430,2.586909532546997
11,213440,2.420396566390991
11,213450,3.156583309173584
11,213460,2.8293631076812744
11,213470,2.943192958831787
11,213480,2.717705011367798
11,213490,2.6727616786956787
11,213500,2.9809365272521973
11,213510,2.206761598587036
11,213520,2.8342783451080322
11,213530,2.522942543029785
11,213540,2.558077335357666
11,213550,2.591431140899658
11,213560,2.860055923461914
11,213570,2.5760178565979004
11,213580,2.947749614715576
11,213590,2.6340394020080566
11,213600,2.660416603088379
11,213610,2.7751517295837402
11,213620,2.9940483570098877
11,213630,2.7886993885040283
11,213640,2.6453917026519775
11,213650,2.7188303470611572
11,213660,2.359194278717041
11,213670,2.503359079360962
11,213680,2.803863525390625
11,213690,2.6421761512756348
11,213700,2.7876944541931152
11,213710,2.7679038047790527
11,213720,2.9371042251586914
11,213730,2.775343894958496
11,213740,2.7749691009521484
11,213750,2.753849983215332
11,213760,2.7914366722106934
11,213770,2.555229663848877
11,213780,2.648160934448242
11,213790,2.5410051345825195
11,213800,2.5743942260742188
11,213810,3.270749092102051
11,213820,2.8687682151794434
11,213830,3.030141830444336
11,213840,2.9407691955566406
11,213850,2.579784870147705
11,213860,2.8602237701416016
11,213870,2.3757729530334473
11,213880,2.598031520843506
11,213890,3.1362690925598145
11,213900,2.658358335494995
11,213910,2.505336284637451
11,213920,3.017822742462158
11,213930,3.1871907711029053
11,213940,2.4032492637634277
11,213950,2.620391607284546
11,213960,2.6034061908721924
11,213970,2.966942310333252
11,213980,2.9371089935302734
11,213990,2.777207374572754
11,214000,2.7857420444488525
11,214010,3.0204949378967285
11,214020,2.802502155303955
11,214030,2.9506912231445312
11,214040,2.8240363597869873
11,214050,2.8468265533447266
11,214060,2.990485191345215
11,214070,2.667358875274658
11,214080,2.883820056915283
11,214090,3.3308615684509277
11,214100,2.929314136505127
11,214110,2.7453627586364746
11,214120,2.6427884101867676
11,214130,2.9585609436035156
11,214140,2.940269708633423
11,214150,2.775261402130127
11,214160,3.0039045810699463
11,214170,2.6019797325134277
11,214180,2.4574198722839355
11,214190,2.6316308975219727
11,214200,2.8277931213378906
11,214210,2.9719762802124023
11,214220,2.9638140201568604
11,214230,3.1625404357910156
11,214240,2.831912040710449
11,214250,2.8034286499023438
11,214260,2.546657085418701
11,214270,2.8481736183166504
11,214280,2.7974066734313965
11,214290,2.614992141723633
11,214300,2.6636693477630615
11,214310,2.8939003944396973
11,214320,2.7854390144348145
11,214330,3.0449910163879395
11,214340,2.8630893230438232
11,214350,2.7795257568359375
11,214360,2.6899635791778564
11,214370,2.830048084259033
11,214380,2.7660350799560547
11,214390,2.7042055130004883
11,214400,2.853694438934326
11,214410,2.4799232482910156
11,214420,3.146879196166992
11,214430,2.9392805099487305
11,214440,2.692617893218994
11,214450,2.8538107872009277
11,214460,2.824315309524536
11,214470,2.8861193656921387
11,214480,2.7296557426452637
11,214490,2.949568748474121
11,214500,2.767364978790283
11,214510,2.550248622894287
11,214520,2.8495373725891113
11,214530,2.9036083221435547
11,214540,2.8849101066589355
11,214550,2.8411364555358887
11,214560,2.8502981662750244
11,214570,3.03912091255188
11,214580,2.8285701274871826
11,214590,3.000051498413086
11,214600,2.7594220638275146
11,214610,2.6317176818847656
11,214620,2.431654930114746
11,214630,2.782273292541504
11,214640,3.195168972015381
11,214650,2.4244561195373535
11,214660,3.0526084899902344
11,214670,2.827301025390625
11,214680,2.527073383331299
11,214690,2.326183557510376
11,214700,2.37807297706604
11,214710,3.073737621307373
11,214720,2.5760915279388428
11,214730,2.7595505714416504
11,214740,2.6637420654296875
11,214750,2.651674747467041
11,214760,2.2624154090881348
11,214770,2.779348850250244
11,214780,2.5761609077453613
11,214790,2.713036298751831
11,214800,2.6370742321014404
11,214810,2.480491876602173
11,214820,2.476419448852539
11,214830,3.3165860176086426
11,214840,2.7962427139282227
11,214850,2.4220306873321533
11,214860,2.6693458557128906
11,214870,3.2328360080718994
11,214880,2.710416793823242
11,214890,2.600637435913086
11,214900,2.788438320159912
11,214910,2.755725145339966
11,214920,2.5853958129882812
11,214930,2.8636386394500732
11,214940,2.4963624477386475
11,214950,2.7124783992767334
11,214960,2.5964465141296387
11,214970,3.0254337787628174
11,214980,3.0335097312927246
11,214990,2.6683602333068848
11,215000,2.9461023807525635
11,215010,3.057568073272705
11,215020,2.430706262588501
11,215030,2.9493234157562256
11,215040,2.965280055999756
11,215050,2.5871424674987793
11,215060,2.8762617111206055
11,215070,2.4486794471740723
11,215080,3.0263895988464355
11,215090,2.776157855987549
11,215100,2.548358917236328
11,215110,2.645268678665161
11,215120,2.697880506515503
11,215130,2.3424429893493652
11,215140,2.561112403869629
11,215150,2.792741537094116
11,215160,2.818732976913452
11,215170,2.6912174224853516
11,215180,2.573971748352051
11,215190,2.8552160263061523
11,215200,2.6483049392700195
11,215210,3.0241072177886963
11,215220,2.6052746772766113
11,215230,2.8106188774108887
11,215240,3.445148468017578
11,215250,2.851914882659912
11,215260,2.779416561126709
11,215270,2.446568727493286
11,215280,2.6346888542175293
11,215290,2.697737455368042
11,215300,2.5016403198242188
11,215310,2.823073387145996
11,215320,2.655592918395996
11,215330,2.443256378173828
11,215340,2.527041435241699
11,215350,3.092759609222412
11,215360,2.319554567337036
11,215370,2.667192220687866
11,215380,2.7801809310913086
11,215390,2.4913501739501953
11,215400,2.4018185138702393
11,215410,2.42732310295105
11,215420,2.791628837585449
11,215430,2.7764463424682617
11,215440,2.652648687362671
11,215450,2.7471351623535156
11,215460,2.782688856124878
11,215470,2.798382520675659
11,215480,2.871873140335083
11,215490,2.575399398803711
11,215500,2.6691532135009766
11,215510,2.596437931060791
11,215520,3.045407295227051
11,215530,2.882106304168701
11,215540,2.30184006690979
11,215550,2.7610011100769043
11,215560,2.416348695755005
11,215570,3.007634162902832
11,215580,2.9645488262176514
11,215590,2.6993892192840576
11,215600,2.941094398498535
11,215610,3.452608108520508
11,215620,2.5869197845458984
11,215630,2.548089027404785
11,215640,2.6230599880218506
11,215650,2.545551300048828
11,215660,2.530405044555664
11,215670,2.7964189052581787
11,215680,2.663768768310547
11,215690,2.9072303771972656
11,215700,2.773056983947754
11,215710,2.3504483699798584
11,215720,2.705491542816162
11,215730,2.3123788833618164
11,215740,2.377819299697876
11,215750,2.471266031265259
11,215760,2.679363489151001
11,215770,2.5749595165252686
11,215780,2.866408348083496
11,215790,2.8227591514587402
11,215800,2.812020778656006
11,215810,2.615403652191162
11,215820,3.0929107666015625
11,215830,2.40545916557312
11,215840,2.771655559539795
11,215850,2.921510696411133
11,215860,2.5357985496520996
11,215870,2.822676181793213
11,215880,2.4935011863708496
11,215890,2.82765793800354
11,215900,2.5878520011901855
11,215910,2.4676260948181152
11,215920,2.631885528564453
11,215930,2.755841016769409
11,215940,2.3168375492095947
11,215950,2.561187267303467
11,215960,2.9430007934570312
11,215970,2.5019092559814453
11,215980,2.6668267250061035
11,215990,2.256094455718994
11,216000,2.799825668334961
11,216010,2.7414841651916504
11,216020,2.6431784629821777
11,216030,2.8647186756134033
11,216040,2.6614818572998047
11,216050,2.8287036418914795
11,216060,2.763355016708374
11,216070,2.9996190071105957
11,216080,2.740675210952759
11,216090,2.5049684047698975
11,216100,2.1832544803619385
11,216110,2.467827796936035
11,216120,2.7127585411071777
11,216130,3.008094310760498
11,216140,3.1995692253112793
11,216150,2.8518381118774414
11,216160,2.72633695602417
11,216170,2.635047435760498
11,216180,2.830249547958374
11,216190,2.3482232093811035
11,216200,2.851665496826172
11,216210,2.843291997909546
11,216220,2.527379274368286
11,216230,3.1392879486083984
11,216240,2.570751667022705
11,216250,2.859602451324463
11,216260,2.651883602142334
11,216270,2.5121281147003174
11,216280,3.061004638671875
11,216290,2.7052273750305176
11,216300,2.5837531089782715
11,216310,2.5788521766662598
11,216320,2.5890917778015137
11,216330,3.0662407875061035
11,216340,2.647205352783203
11,216350,2.6036345958709717
11,216360,3.009906530380249
11,216370,2.806375026702881
11,216380,2.7888474464416504
11,216390,3.2605202198028564
11,216400,2.5935168266296387
11,216410,2.89733624458313
11,216420,2.816164970397949
11,216430,3.1257615089416504
11,216440,2.882786273956299
11,216450,3.0755629539489746
11,216460,3.3413639068603516
11,216470,2.8060426712036133
11,216480,2.8883397579193115
11,216490,2.7764363288879395
11,216500,3.0920844078063965
11,216510,2.9545679092407227
11,216520,3.185418128967285
11,216530,3.108276128768921
11,216540,2.8400766849517822
11,216550,3.0049304962158203
11,216560,2.601808786392212
11,216570,2.372384548187256
11,216580,2.691290855407715
11,216590,3.2249865531921387
11,216600,2.813628673553467
11,216610,2.6503214836120605
11,216620,3.0653882026672363
11,216630,2.199451446533203
11,216640,2.5614571571350098
11,216650,2.6965441703796387
11,216660,2.4567084312438965
11,216670,2.5558736324310303
11,216680,2.66613507270813
11,216690,2.854557991027832
11,216700,2.920919418334961
11,216710,2.6944241523742676
11,216720,2.912090539932251
11,216730,2.6441593170166016
11,216740,2.619633913040161
11,216750,3.08369779586792
11,216760,2.6816790103912354
11,216770,2.535308361053467
11,216780,2.7944891452789307
11,216790,2.428617477416992
11,216800,3.0620596408843994
11,216810,2.5541210174560547
11,216820,2.3236775398254395
11,216830,2.4936347007751465
11,216840,3.1424055099487305
11,216850,2.958458423614502
11,216860,2.8058621883392334
11,216870,2.7225990295410156
11,216880,2.7182955741882324
11,216890,2.4440648555755615
11,216900,3.385530948638916
11,216910,2.6629154682159424
11,216920,2.4843761920928955
11,216930,2.6691179275512695
11,216940,2.8830432891845703
11,216950,2.45892333984375
11,216960,3.07926082611084
11,216970,2.931313991546631
11,216980,2.8512721061706543
11,216990,2.7371344566345215
11,217000,2.7573251724243164
11,217010,2.991666793823242
11,217020,3.304203510284424
11,217030,2.512422561645508
11,217040,2.948089122772217
11,217050,2.652719259262085
11,217060,2.8171744346618652
11,217070,2.56321120262146
11,217080,2.522996425628662
11,217090,2.6602344512939453
11,217100,2.66021466255188
11,217110,2.829575300216675
11,217120,2.6416165828704834
11,217130,2.6006646156311035
11,217140,2.4445395469665527
11,217150,2.909196376800537
11,217160,2.6945748329162598
11,217170,2.546286106109619
11,217180,2.6377463340759277
11,217190,2.7572898864746094
11,217200,3.1825292110443115
11,217210,2.6550631523132324
11,217220,2.4239463806152344
11,217230,2.8902268409729004
11,217240,2.4485116004943848
11,217250,2.677149534225464
11,217260,2.611713171005249
11,217270,2.8305716514587402
11,217280,2.5918617248535156
11,217290,2.6563096046447754
11,217300,2.711331844329834
11,217310,2.5984535217285156
11,217320,2.584451675415039
11,217330,2.6393165588378906
11,217340,2.5590617656707764
11,217350,2.80706787109375
11,217360,2.571134090423584
11,217370,2.828129768371582
11,217380,2.7480831146240234
11,217390,2.543588638305664
11,217400,2.5368902683258057
11,217410,3.039766311645508
11,217420,3.1729092597961426
11,217430,2.5326647758483887
11,217440,2.479402542114258
11,217450,2.782512664794922
11,217460,2.96895694732666
11,217470,2.6422126293182373
11,217480,3.032344102859497
11,217490,2.6677141189575195
11,217500,2.3786284923553467
11,217510,2.9170854091644287
11,217520,2.960834503173828
11,217530,2.3580331802368164
11,217540,2.833312749862671
11,217550,2.525001287460327
11,217560,2.5521676540374756
11,217570,2.9483184814453125
11,217580,2.5185651779174805
11,217590,2.9466757774353027
11,217600,3.1932809352874756
11,217610,2.5805511474609375
11,217620,2.7008490562438965
11,217630,2.8478410243988037
11,217640,2.488969326019287
11,217650,2.6026556491851807
11,217660,2.747501850128174
11,217670,2.602640151977539
11,217680,2.431011199951172
11,217690,3.103044033050537
11,217700,2.624072551727295
11,217710,2.815108060836792
11,217720,2.4569058418273926
11,217730,2.4927759170532227
11,217740,2.8860673904418945
11,217750,2.8779609203338623
11,217760,2.6622750759124756
11,217770,2.8138670921325684
11,217780,2.7669787406921387
11,217790,2.901968479156494
11,217800,2.5367865562438965
11,217810,2.782273769378662
11,217820,2.279892683029175
11,217830,2.7460384368896484
11,217840,2.6580758094787598
11,217850,2.9891083240509033
11,217860,2.8622405529022217
11,217870,2.744174003601074
11,217880,2.8652749061584473
11,217890,2.569167137145996
11,217900,2.8021812438964844
11,217910,2.931191921234131
11,217920,2.6189723014831543
11,217930,2.6772069931030273
11,217940,2.6812362670898438
11,217950,2.8079957962036133
11,217960,2.7890329360961914
11,217970,2.5516481399536133
11,217980,2.577172040939331
11,217990,2.7095775604248047
11,218000,2.5061254501342773
11,218010,2.565807342529297
11,218020,2.7226662635803223
11,218030,2.7318668365478516
11,218040,2.5344650745391846
11,218050,2.789008378982544
11,218060,2.538452625274658
11,218070,2.587301731109619
11,218080,2.707333564758301
11,218090,2.7896413803100586
11,218100,2.735928773880005
11,218110,3.049776077270508
11,218120,3.1326284408569336
11,218130,2.7599997520446777
11,218140,2.5056965351104736
11,218150,2.7106053829193115
11,218160,2.847996950149536
11,218170,2.5381264686584473
11,218180,2.700608253479004
11,218190,2.6859240531921387
11,218200,2.8563590049743652
11,218210,2.675981044769287
11,218220,3.1000442504882812
11,218230,2.6142845153808594
11,218240,2.6505918502807617
11,218250,3.1190919876098633
11,218260,2.8267407417297363
11,218270,2.8791141510009766
11,218280,2.7341055870056152
11,218290,2.404315710067749
11,218300,2.7317516803741455
11,218310,2.9515366554260254
11,218320,2.5696539878845215
11,218330,3.079512119293213
11,218340,2.7043843269348145
11,218350,2.5158872604370117
11,218360,2.6153321266174316
11,218370,2.7506885528564453
11,218380,2.489691734313965
11,218390,2.56036639213562
11,218400,2.8363406658172607
11,218410,2.972479820251465
11,218420,2.6564323902130127
11,218430,2.4612503051757812
11,218440,2.7800490856170654
11,218450,2.633043050765991
11,218460,2.662168264389038
11,218470,3.037571907043457
11,218480,2.4352617263793945
11,218490,2.807859420776367
11,218500,2.625983238220215
11,218510,2.462850570678711
11,218520,2.418915033340454
11,218530,2.5191617012023926
11,218540,2.786050796508789
11,218550,2.5329911708831787
11,218560,2.8558249473571777
11,218570,3.2365384101867676
11,218580,2.99163818359375
11,218590,2.806199550628662
11,218600,2.4364213943481445
11,218610,2.57072114944458
11,218620,2.534322500228882
11,218630,2.8506011962890625
11,218640,2.9492995738983154
11,218650,2.994776964187622
11,218660,3.197751045227051
11,218670,2.5476787090301514
11,218680,2.4892702102661133
11,218690,2.8871054649353027
11,218700,2.5857014656066895
11,218710,3.060492515563965
11,218720,2.3847787380218506
11,218730,2.715723991394043
11,218740,2.6511194705963135
11,218750,2.5869102478027344
11,218760,2.966639995574951
11,218770,2.380215644836426
11,218780,2.474998950958252
11,218790,2.9715123176574707
11,218800,2.6796250343322754
11,218810,2.7622451782226562
11,218820,2.885272979736328
11,218830,3.408184051513672
11,218840,2.859051465988159
11,218850,2.7713680267333984
11,218860,2.664694309234619
11,218870,2.7403383255004883
11,218880,2.8402791023254395
11,218890,2.7887167930603027
11,218900,3.0869851112365723
11,218910,2.774059295654297
11,218920,2.740384817123413
11,218930,2.68405818939209
11,218940,2.5168299674987793
11,218950,2.5437145233154297
11,218960,2.510901927947998
11,218970,2.6509978771209717
11,218980,3.1780900955200195
11,218990,2.9009952545166016
11,219000,2.970909595489502
11,219010,2.829587936401367
11,219020,2.5615692138671875
11,219030,2.642888307571411
11,219040,2.612238645553589
11,219050,2.5937304496765137
11,219060,2.626037836074829
11,219070,2.9964399337768555
11,219080,2.3605575561523438
11,219090,2.884211540222168
11,219100,2.3723344802856445
11,219110,2.717921495437622
11,219120,3.1927244663238525
11,219130,2.8160641193389893
11,219140,2.5147926807403564
11,219150,2.665175437927246
11,219160,2.7631640434265137
11,219170,2.9348628520965576
11,219180,2.904036521911621
11,219190,2.9418702125549316
11,219200,2.5662660598754883
11,219210,2.914181709289551
11,219220,2.6009159088134766
11,219230,2.537753105163574
11,219240,3.0300068855285645
11,219250,2.703913927078247
11,219260,2.6482291221618652
11,219270,2.799896240234375
11,219280,2.715489149093628
11,219290,2.4576926231384277
11,219300,2.624720573425293
11,219310,2.0841856002807617
11,219320,2.8757753372192383
11,219330,2.46431040763855
11,219340,2.568342685699463
11,219350,2.342339038848877
11,219360,2.670597791671753
11,219370,2.8161447048187256
11,219380,2.5215084552764893
11,219390,3.3680899143218994
11,219400,2.7908012866973877
11,219410,2.747929096221924
11,219420,2.4862327575683594
11,219430,2.46897029876709
11,219440,2.756681442260742
11,219450,2.690835475921631
11,219460,2.9688868522644043
11,219470,2.955451488494873
11,219480,2.5994760990142822
11,219490,2.716499090194702
11,219500,3.032620429992676
11,219510,2.877307891845703
11,219520,2.833958625793457
11,219530,2.3706235885620117
11,219540,2.5182862281799316
11,219550,2.5089340209960938
11,219560,2.420182228088379
11,219570,2.380629539489746
11,219580,2.998643398284912
11,219590,3.3654842376708984
11,219600,2.6538968086242676
11,219610,2.8187856674194336
11,219620,2.3776798248291016
11,219630,2.7417025566101074
11,219640,2.6031482219696045
11,219650,2.6636199951171875
11,219660,2.990147829055786
11,219670,2.2726902961730957
11,219680,3.258655548095703
11,219690,2.8436012268066406
11,219700,3.0124006271362305
11,219710,2.7166762351989746
11,219720,2.3730411529541016
11,219730,2.3857481479644775
11,219740,2.5782341957092285
11,219750,2.795767307281494
11,219760,2.5121631622314453
11,219770,2.503736734390259
11,219780,2.8243746757507324
11,219790,2.594291925430298
11,219800,2.804429292678833
11,219810,2.9459307193756104
11,219820,3.2530150413513184
11,219830,2.8363895416259766
11,219840,3.3384594917297363
11,219850,2.959954261779785
11,219860,2.9947314262390137
11,219870,2.5420470237731934
11,219880,2.6882810592651367
11,219890,2.866335868835449
11,219900,2.8969662189483643
11,219910,3.067215919494629
11,219920,2.374023914337158
11,219930,2.79072904586792
11,219940,2.676302433013916
11,219950,2.632643222808838
11,219960,3.034620761871338
11,219970,2.485400438308716
11,219980,2.2920572757720947
11,219990,2.5301170349121094
11,220000,2.8414502143859863
11,220010,2.289013147354126
11,220020,2.3987174034118652
11,220030,2.2232871055603027
11,220040,2.5947368144989014
11,220050,2.1892566680908203
11,220060,2.0172948837280273
11,220070,2.294175624847412
11,220080,2.1105709075927734
11,220090,2.2700610160827637
11,220100,2.204221725463867
11,220110,2.381673812866211
11,220120,2.419321060180664
11,220130,2.561213970184326
11,220140,2.2357654571533203
11,220150,1.9641799926757812
11,220160,2.0518686771392822
11,220170,2.39805269241333
11,220180,2.4430203437805176
11,220190,2.409412384033203
11,220200,2.0857298374176025
11,220210,2.359386444091797
11,220220,2.348750114440918
11,220230,2.0922603607177734
11,220240,2.5218992233276367
11,220250,2.7110321521759033
11,220260,2.2514121532440186
11,220270,2.1107664108276367
11,220280,2.4122495651245117
11,220290,2.168290138244629
11,220300,2.611882209777832
11,220310,2.2821736335754395
11,220320,2.317347526550293
11,220330,2.3003487586975098
11,220340,2.3817036151885986
11,220350,2.2170701026916504
11,220360,2.541159152984619
11,220370,2.551377534866333
11,220380,2.187107563018799
11,220390,2.282660722732544
11,220400,2.4889163970947266
11,220410,2.3857736587524414
11,220420,2.250424385070801
11,220430,2.0857114791870117
11,220440,2.1068553924560547
11,220450,2.8073487281799316
11,220460,2.028700828552246
11,220470,2.418572187423706
11,220480,2.5452141761779785
11,220490,2.3073368072509766
11,220500,2.372497797012329
11,220510,2.074298143386841
11,220520,2.2822022438049316
11,220530,2.1986560821533203
11,220540,2.1862785816192627
11,220550,2.231553316116333
11,220560,2.1356773376464844
11,220570,2.649460792541504
11,220580,2.13887357711792
11,220590,2.3739705085754395
11,220600,2.6063387393951416
11,220610,2.1457223892211914
11,220620,2.531686782836914
11,220630,2.143488883972168
11,220640,2.221487045288086
11,220650,2.4396047592163086
11,220660,2.0477781295776367
11,220670,2.3208699226379395
11,220680,2.308943033218384
11,220690,2.1374921798706055
11,220700,2.2668814659118652
11,220710,2.307636260986328
11,220720,2.2447190284729004
11,220730,2.2153687477111816
11,220740,2.255300521850586
11,220750,2.4128975868225098
11,220760,2.194730281829834
11,220770,2.1690335273742676
11,220780,2.565596580505371
11,220790,2.1511945724487305
11,220800,2.3958189487457275
11,220810,2.0932343006134033
11,220820,2.1570839881896973
11,220830,2.1429715156555176
11,220840,2.4791784286499023
11,220850,2.4879584312438965
11,220860,2.0884439945220947
11,220870,2.527803897857666
11,220880,2.2106356620788574
11,220890,2.6430020332336426
11,220900,2.1696126461029053
11,220910,2.300001859664917
11,220920,2.3915417194366455
11,220930,2.4928417205810547
11,220940,2.1937317848205566
11,220950,2.100121259689331
11,220960,2.486443519592285
11,220970,2.530146598815918
11,220980,2.1671931743621826
11,220990,2.4556779861450195
11,221000,2.9378247261047363
11,221010,2.4277775287628174
11,221020,2.0056629180908203
11,221030,2.2289209365844727
11,221040,2.533586025238037
11,221050,2.450115442276001
11,221060,2.3230438232421875
11,221070,2.456307888031006
11,221080,2.058206081390381
11,221090,2.182905673980713
11,221100,2.3205928802490234
11,221110,2.3033885955810547
11,221120,2.3814127445220947
11,221130,2.6927928924560547
11,221140,2.134702444076538
11,221150,2.546839714050293
11,221160,2.194218635559082
11,221170,2.4539451599121094
11,221180,2.4706244468688965
11,221190,2.547555923461914
11,221200,2.216923952102661
11,221210,2.2338948249816895
11,221220,2.3439459800720215
11,221230,2.434232711791992
11,221240,2.2162723541259766
11,221250,2.209541082382202
11,221260,2.1629104614257812
11,221270,2.4073233604431152
11,221280,2.4022274017333984
11,221290,1.8721171617507935
11,221300,2.2094316482543945
11,221310,2.331453323364258
11,221320,2.4304113388061523
11,221330,2.1721372604370117
11,221340,2.156066417694092
11,221350,2.5510354042053223
11,221360,2.2947678565979004
11,221370,2.5584444999694824
11,221380,2.486746072769165
11,221390,2.2693495750427246
11,221400,2.181854009628296
11,221410,2.4211132526397705
11,221420,1.9177401065826416
11,221430,2.089216947555542
11,221440,2.319711208343506
11,221450,2.064270496368408
11,221460,2.4766287803649902
11,221470,2.3690059185028076
11,221480,2.5672478675842285
11,221490,2.2433035373687744
11,221500,1.8071098327636719
11,221510,2.4394173622131348
11,221520,2.1222622394561768
11,221530,2.2391510009765625
11,221540,2.2164902687072754
11,221550,2.356712818145752
11,221560,2.185811758041382
11,221570,2.5538136959075928
11,221580,2.111194372177124
11,221590,2.1068341732025146
11,221600,2.2533042430877686
11,221610,2.1862549781799316
11,221620,2.3104066848754883
11,221630,2.259566307067871
11,221640,2.0789742469787598
11,221650,2.4476118087768555
11,221660,2.159728765487671
11,221670,2.2305002212524414
11,221680,2.2049267292022705
11,221690,2.062013626098633
11,221700,2.2272510528564453
11,221710,2.230562210083008
11,221720,2.163749933242798
11,221730,2.6856143474578857
11,221740,2.2706186771392822
11,221750,2.222877025604248
11,221760,2.40736985206604
11,221770,2.3924880027770996
11,221780,2.3467843532562256
11,221790,2.6110754013061523
11,221800,2.1743593215942383
11,221810,2.275181770324707
11,221820,2.218428134918213
11,221830,1.9002553224563599
11,221840,2.1165037155151367
11,221850,2.2720279693603516
11,221860,2.465073585510254
11,221870,2.773007869720459
11,221880,2.2956297397613525
11,221890,2.397555351257324
11,221900,2.279820442199707
11,221910,2.648144245147705
11,221920,2.2165043354034424
11,221930,2.3972225189208984
11,221940,2.3251760005950928
11,221950,2.1842494010925293
11,221960,2.0850343704223633
11,221970,2.1436519622802734
11,221980,2.473641872406006
11,221990,2.2817676067352295
11,222000,2.2150442600250244
11,222010,2.4447054862976074
11,222020,2.2104618549346924
11,222030,2.1437792778015137
11,222040,2.3092637062072754
11,222050,2.3477120399475098
11,222060,2.0612752437591553
11,222070,2.2687065601348877
11,222080,2.3246569633483887
11,222090,2.4855659008026123
11,222100,2.068103075027466
11,222110,2.794255495071411
11,222120,2.1845626831054688
11,222130,2.0794484615325928
11,222140,2.5270864963531494
11,222150,2.529364585876465
11,222160,2.4521117210388184
11,222170,2.189666509628296
11,222180,2.488346815109253
11,222190,2.034486770629883
11,222200,2.269566774368286
11,222210,2.310494899749756
11,222220,2.1181507110595703
11,222230,2.1130998134613037
11,222240,2.1335244178771973
11,222250,1.9604485034942627
11,222260,2.5691466331481934
11,222270,2.366680145263672
11,222280,2.815300941467285
11,222290,2.154860496520996
11,222300,2.3612236976623535
11,222310,2.202335834503174
11,222320,2.244328737258911
11,222330,2.63545560836792
11,222340,2.5828213691711426
11,222350,2.3507847785949707
11,222360,2.5487844944000244
11,222370,2.380642890930176
11,222380,2.560807704925537
11,222390,2.399102210998535
11,222400,2.628662109375
11,222410,2.6762242317199707
11,222420,2.329890251159668
11,222430,2.0377495288848877
11,222440,2.4250400066375732
11,222450,2.0999765396118164
11,222460,2.5467190742492676
11,222470,2.2938599586486816
11,222480,2.313231945037842
11,222490,2.592548370361328
11,222500,2.319108009338379
11,222510,2.3522915840148926
11,222520,2.2056140899658203
11,222530,2.2335238456726074
11,222540,2.2622628211975098
11,222550,2.2449913024902344
11,222560,2.085705280303955
11,222570,2.2324111461639404
11,222580,2.014578104019165
11,222590,2.767806053161621
11,222600,2.344393014907837
11,222610,2.115347385406494
11,222620,2.1154682636260986
11,222630,2.631071090698242
11,222640,2.1801741123199463
11,222650,2.279423236846924
11,222660,2.471059799194336
11,222670,2.638993978500366
11,222680,2.250326156616211
11,222690,2.256523609161377
11,222700,2.34356427192688
11,222710,2.3696327209472656
11,222720,2.6591808795928955
11,222730,2.4077634811401367
11,222740,2.026336431503296
11,222750,2.1080312728881836
11,222760,2.104583501815796
11,222770,3.163377523422241
11,222780,2.4753499031066895
11,222790,2.209948778152466
11,222800,2.1680891513824463
11,222810,2.3723957538604736
11,222820,2.266008138656616
11,222830,2.0700063705444336
11,222840,2.3847670555114746
11,222850,2.367649555206299
11,222860,2.0328803062438965
11,222870,2.3970675468444824
11,222880,2.102862596511841
11,222890,2.2793047428131104
11,222900,2.4303693771362305
11,222910,2.1370484828948975
11,222920,2.5292341709136963
11,222930,2.378941535949707
11,222940,2.325376510620117
11,222950,1.966336965560913
11,222960,2.4599263668060303
11,222970,2.065593957901001
11,222980,2.358964443206787
11,222990,2.074357032775879
11,223000,2.1668355464935303
11,223010,2.077228546142578
11,223020,2.1866321563720703
11,223030,2.1944897174835205
11,223040,2.20794939994812
11,223050,2.311030864715576
11,223060,2.2868146896362305
11,223070,2.3952746391296387
11,223080,2.3020710945129395
11,223090,2.4287805557250977
11,223100,2.3138890266418457
11,223110,2.2539405822753906
11,223120,1.935021162033081
11,223130,2.2680866718292236
11,223140,2.400542736053467
11,223150,2.2346456050872803
11,223160,2.1565842628479004
11,223170,2.091127395629883
11,223180,2.101771354675293
11,223190,2.2718048095703125
11,223200,2.2064311504364014
11,223210,2.449441432952881
11,223220,2.450131416320801
11,223230,2.0041637420654297
11,223240,2.072067975997925
11,223250,2.4276325702667236
11,223260,2.2285399436950684
11,223270,1.9763424396514893
11,223280,2.1141839027404785
11,223290,2.3191139698028564
11,223300,2.4199869632720947
11,223310,2.4900243282318115
11,223320,2.1737489700317383
11,223330,2.608046531677246
11,223340,2.150533437728882
11,223350,2.342869758605957
11,223360,2.3052186965942383
11,223370,2.153656244277954
11,223380,2.3185501098632812
11,223390,2.0388097763061523
11,223400,2.2684953212738037
11,223410,2.240648031234741
11,223420,2.4752912521362305
11,223430,2.4409079551696777
11,223440,2.324141025543213
11,223450,2.1215810775756836
11,223460,2.5367236137390137
11,223470,2.5571861267089844
11,223480,1.9948711395263672
11,223490,2.5240719318389893
11,223500,2.290926218032837
11,223510,2.0436718463897705
11,223520,2.507491111755371
11,223530,2.067641496658325
11,223540,2.0568721294403076
11,223550,2.425774574279785
11,223560,1.9587668180465698
11,223570,2.297882556915283
11,223580,2.076139450073242
11,223590,2.3718276023864746
11,223600,2.386706829071045
11,223610,2.5291073322296143
11,223620,2.33651065826416
11,223630,2.567314863204956
11,223640,2.48020076751709
11,223650,2.145240545272827
11,223660,2.125685453414917
11,223670,2.2156636714935303
11,223680,2.8169007301330566
11,223690,2.0538129806518555
11,223700,2.1063966751098633
11,223710,2.0756895542144775
11,223720,2.5322422981262207
11,223730,2.29550838470459
11,223740,2.238616466522217
11,223750,2.2008018493652344
11,223760,2.4638752937316895
11,223770,2.0222220420837402
11,223780,2.3466954231262207
11,223790,2.364006996154785
11,223800,2.5748887062072754
11,223810,2.5326857566833496
11,223820,2.2093591690063477
11,223830,2.3584141731262207
11,223840,2.3245253562927246
11,223850,2.4059102535247803
11,223860,2.481889009475708
11,223870,2.119194507598877
11,223880,2.1245222091674805
11,223890,2.2898993492126465
11,223900,1.8929948806762695
11,223910,2.2145092487335205
11,223920,2.4743361473083496
11,223930,2.1220059394836426
11,223940,2.5439343452453613
11,223950,2.50899338722229
11,223960,2.292827606201172
11,223970,2.2679803371429443
11,223980,2.7876081466674805
11,223990,2.199061870574951
11,224000,2.5092573165893555
11,224010,1.9310859441757202
11,224020,2.2771716117858887
11,224030,2.109898090362549
11,224040,2.0625686645507812
11,224050,2.045034646987915
11,224060,2.1040499210357666
11,224070,2.252075672149658
11,224080,2.404144525527954
11,224090,2.1238956451416016
11,224100,2.477667808532715
11,224110,2.175416946411133
11,224120,2.438072919845581
11,224130,2.3463053703308105
11,224140,2.280949592590332
11,224150,2.259262800216675
11,224160,2.1597800254821777
11,224170,2.1049981117248535
11,224180,2.416403293609619
11,224190,2.231924533843994
11,224200,2.115971803665161
11,224210,2.096233367919922
11,224220,2.497365951538086
11,224230,2.1403651237487793
11,224240,1.9360878467559814
11,224250,2.3096275329589844
11,224260,2.269130229949951
11,224270,2.574005126953125
11,224280,2.113781213760376
11,224290,2.221808433532715
11,224300,2.3150901794433594
11,224310,2.2961642742156982
11,224320,2.27445125579834
11,224330,2.0199649333953857
11,224340,2.173771619796753
11,224350,2.2551655769348145
11,224360,2.377962350845337
11,224370,2.347329616546631
11,224380,2.296001434326172
11,224390,2.2968978881835938
11,224400,2.5578484535217285
11,224410,2.668109178543091
11,224420,2.1510796546936035
11,224430,2.733288288116455
11,224440,2.3031022548675537
11,224450,2.074936628341675
11,224460,2.1874191761016846
11,224470,2.4703497886657715
11,224480,1.9702341556549072
11,224490,2.3733623027801514
11,224500,2.066436290740967
11,224510,2.2205758094787598
11,224520,2.17386531829834
11,224530,2.5964865684509277
11,224540,2.5027551651000977
11,224550,2.3014118671417236
11,224560,2.34317684173584
11,224570,2.486158609390259
11,224580,2.1950602531433105
11,224590,2.283031940460205
11,224600,2.169299364089966
11,224610,2.2531898021698
11,224620,2.2393829822540283
11,224630,2.777337074279785
11,224640,2.2281007766723633
11,224650,2.09074068069458
11,224660,2.1354289054870605
11,224670,2.290955066680908
11,224680,2.6303281784057617
11,224690,2.4378395080566406
11,224700,2.0169949531555176
11,224710,2.053135871887207
11,224720,2.385153293609619
11,224730,2.209733009338379
11,224740,2.349768877029419
11,224750,2.139371871948242
11,224760,2.273949146270752
11,224770,2.2266294956207275
11,224780,2.4545435905456543
11,224790,2.209930896759033
11,224800,2.4407687187194824
11,224810,2.2013120651245117
11,224820,2.340013027191162
11,224830,2.584275007247925
11,224840,2.7557640075683594
11,224850,2.3863601684570312
11,224860,2.2103939056396484
11,224870,2.0367836952209473
11,224880,2.1368227005004883
11,224890,2.330564022064209
11,224900,2.179396629333496
11,224910,2.5227904319763184
11,224920,2.562183141708374
11,224930,3.0871973037719727
11,224940,2.333702564239502
11,224950,2.4812564849853516
11,224960,2.164655923843384
11,224970,2.0499448776245117
11,224980,2.2086126804351807
11,224990,2.468379020690918
11,225000,2.990298271179199
11,225010,2.0123989582061768
11,225020,2.276857376098633
11,225030,2.112266778945923
11,225040,2.6425771713256836
11,225050,2.316340684890747
11,225060,2.255319356918335
11,225070,2.4620656967163086
11,225080,2.2930736541748047
11,225090,2.027071237564087
11,225100,2.205408811569214
11,225110,2.0431947708129883
11,225120,1.8732004165649414
11,225130,2.182588577270508
11,225140,2.1664562225341797
11,225150,2.7181851863861084
11,225160,2.1135120391845703
11,225170,2.25707745552063
11,225180,2.3644888401031494
11,225190,2.416862964630127
11,225200,2.0760021209716797
11,225210,2.5218582153320312
11,225220,2.410487174987793
11,225230,2.3413214683532715
11,225240,2.599004030227661
11,225250,2.1308252811431885
11,225260,2.2359464168548584
11,225270,2.2797813415527344
11,225280,2.392662525177002
11,225290,2.097217082977295
11,225300,2.9091930389404297
11,225310,2.2602503299713135
11,225320,2.5185060501098633
11,225330,2.216376781463623
11,225340,2.510009765625
11,225350,2.2050366401672363
11,225360,2.3498950004577637
11,225370,2.381800889968872
11,225380,2.3552043437957764
11,225390,2.2859904766082764
11,225400,2.244537353515625
11,225410,2.4745287895202637
11,225420,2.291219711303711
11,225430,1.8023452758789062
11,225440,2.1989359855651855
11,225450,2.1274282932281494
11,225460,1.9611525535583496
11,225470,2.3850269317626953
11,225480,2.2271502017974854
11,225490,2.048245429992676
11,225500,2.3590664863586426
11,225510,2.361405611038208
11,225520,2.0713577270507812
11,225530,2.2960023880004883
11,225540,2.0398035049438477
11,225550,2.285231351852417
11,225560,2.2399532794952393
11,225570,2.1011900901794434
11,225580,2.3024396896362305
11,225590,2.2820141315460205
11,225600,2.223740816116333
11,225610,2.433058738708496
11,225620,2.6203012466430664
11,225630,2.177116632461548
11,225640,2.2141897678375244
11,225650,2.220649242401123
11,225660,2.3466904163360596
11,225670,1.9784892797470093
11,225680,2.2426092624664307
11,225690,2.4340925216674805
11,225700,2.2627079486846924
11,225710,2.398587703704834
11,225720,2.35031795501709
11,225730,2.085256576538086
11,225740,2.614283800125122
11,225750,2.6516900062561035
11,225760,2.3081259727478027
11,225770,2.170858860015869
11,225780,2.483839988708496
11,225790,2.4346046447753906
11,225800,2.2326884269714355
11,225810,2.090548515319824
11,225820,2.4621944427490234
11,225830,2.359999895095825
11,225840,2.2629334926605225
11,225850,1.8736464977264404
11,225860,2.3923232555389404
11,225870,2.3309011459350586
11,225880,2.607508659362793
11,225890,2.206709384918213
11,225900,2.239305019378662
11,225910,2.381277322769165
11,225920,2.2437238693237305
11,225930,2.3061742782592773
11,225940,2.1282594203948975
11,225950,2.3691725730895996
11,225960,2.559736490249634
11,225970,2.2324163913726807
11,225980,2.1958999633789062
11,225990,2.372551441192627
11,226000,2.4521219730377197
11,226010,2.3219985961914062
11,226020,2.1080710887908936
11,226030,2.2615303993225098
11,226040,2.5689826011657715
11,226050,2.0926694869995117
11,226060,2.102783203125
11,226070,2.060030460357666
11,226080,2.266339063644409
11,226090,2.3706650733947754
11,226100,2.422614574432373
11,226110,2.357572555541992
11,226120,2.3181040287017822
11,226130,2.4191336631774902
11,226140,2.2001235485076904
11,226150,2.357905387878418
11,226160,2.0889644622802734
11,226170,2.3592910766601562
11,226180,2.3504819869995117
11,226190,2.5472629070281982
11,226200,2.269935131072998
11,226210,2.323513984680176
11,226220,2.4924721717834473
11,226230,2.1842174530029297
11,226240,2.098581314086914
11,226250,2.2647643089294434
11,226260,1.9349161386489868
11,226270,2.3804259300231934
11,226280,2.339132785797119
11,226290,2.2952380180358887
11,226300,2.5582847595214844
11,226310,2.205970525741577
11,226320,2.227412462234497
11,226330,2.608199119567871
11,226340,2.340200185775757
11,226350,2.231508731842041
11,226360,2.3231353759765625
11,226370,2.2094602584838867
11,226380,2.2174322605133057
11,226390,2.3689393997192383
11,226400,2.2006282806396484
11,226410,2.332188129425049
11,226420,2.1280324459075928
11,226430,2.3811841011047363
11,226440,2.124877452850342
11,226450,2.4068849086761475
11,226460,2.3149280548095703
11,226470,2.3015637397766113
11,226480,2.0756616592407227
11,226490,2.302649974822998
11,226500,2.046330690383911
11,226510,2.168509006500244
11,226520,2.0731663703918457
11,226530,2.4332456588745117
11,226540,2.120454788208008
11,226550,2.4884910583496094
11,226560,2.3221354484558105
11,226570,2.1052355766296387
11,226580,2.1850779056549072
11,226590,2.1651101112365723
11,226600,2.3144359588623047
11,226610,2.3088631629943848
11,226620,2.2755632400512695
11,226630,2.388195514678955
11,226640,2.189387083053589
11,226650,2.1848342418670654
11,226660,2.4385294914245605
11,226670,2.545015335083008
11,226680,2.5306856632232666
11,226690,2.814690589904785
11,226700,2.034034252166748
11,226710,2.0775294303894043
11,226720,2.3499183654785156
11,226730,2.357808828353882
11,226740,2.192171812057495
11,226750,2.2559475898742676
11,226760,2.2295308113098145
11,226770,2.37974214553833
11,226780,2.0769147872924805
11,226790,2.151153087615967
11,226800,2.489898681640625
11,226810,2.473951816558838
11,226820,2.6019277572631836
11,226830,2.375303268432617
11,226840,2.6062135696411133
11,226850,2.064481496810913
11,226860,2.4124393463134766
11,226870,2.2936720848083496
11,226880,2.189720630645752
11,226890,2.1984241008758545
11,226900,2.170252799987793
11,226910,2.127963066101074
11,226920,2.345290422439575
11,226930,2.256472587585449
11,226940,2.3431830406188965
11,226950,2.33268404006958
11,226960,2.214353084564209
11,226970,2.1004798412323
11,226980,2.27425217628479
11,226990,2.2641141414642334
11,227000,2.2309205532073975
11,227010,2.2874791622161865
11,227020,2.1809353828430176
11,227030,2.4944405555725098
11,227040,2.540300130844116
11,227050,2.870800018310547
11,227060,2.0471959114074707
11,227070,2.206529378890991
11,227080,2.107771396636963
11,227090,2.251852512359619
11,227100,1.9572834968566895
11,227110,2.2468421459198
11,227120,2.4388813972473145
11,227130,2.3574700355529785
11,227140,2.313473701477051
11,227150,2.2606208324432373
11,227160,2.054211139678955
11,227170,2.4689292907714844
11,227180,2.2400877475738525
11,227190,2.203784942626953
11,227200,2.1436164379119873
11,227210,2.214182138442993
11,227220,2.456416606903076
11,227230,2.0927274227142334
11,227240,2.297128438949585
11,227250,2.726670265197754
11,227260,2.142228603363037
11,227270,2.169443130493164
11,227280,2.2465052604675293
11,227290,2.1811165809631348
11,227300,2.4009246826171875
11,227310,1.984107494354248
11,227320,2.0721051692962646
11,227330,2.3289716243743896
11,227340,2.388617992401123
11,227350,2.259540557861328
11,227360,2.432187557220459
11,227370,2.070103168487549
11,227380,2.1682369709014893
11,227390,2.0156726837158203
11,227400,2.5057716369628906
11,227410,2.492356300354004
11,227420,2.5699377059936523
11,227430,2.183295488357544
11,227440,2.0635180473327637
11,227450,2.9758830070495605
11,227460,2.3464605808258057
11,227470,2.422210693359375
11,227480,2.234783887863159
11,227490,2.008497953414917
11,227500,2.1810965538024902
11,227510,2.15527081489563
11,227520,2.332874298095703
11,227530,2.3234262466430664
11,227540,2.2155802249908447
11,227550,2.7367336750030518
11,227560,2.536113739013672
11,227570,2.263171672821045
11,227580,2.5284929275512695
11,227590,2.259047269821167
11,227600,2.3117692470550537
11,227610,2.215096950531006
11,227620,2.009507417678833
11,227630,2.4342398643493652
11,227640,2.2486095428466797
11,227650,2.070826530456543
11,227660,2.1670947074890137
11,227670,2.1965713500976562
11,227680,2.353968381881714
11,227690,2.443653106689453
11,227700,2.7161145210266113
11,227710,2.2798047065734863
11,227720,2.2947463989257812
11,227730,2.5113487243652344
11,227740,2.498363733291626
11,227750,2.2438013553619385
11,227760,2.1552014350891113
11,227770,2.586282253265381
11,227780,2.2260797023773193
11,227790,2.1976706981658936
11,227800,2.169725179672241
11,227810,2.445720672607422
11,227820,2.0824031829833984
11,227830,2.0157644748687744
11,227840,2.040855884552002
11,227850,2.29002046585083
11,227860,2.075141191482544
11,227870,2.3230533599853516
11,227880,2.3311688899993896
11,227890,2.2051920890808105
11,227900,2.2233142852783203
11,227910,2.0482163429260254
11,227920,2.611842632293701
11,227930,2.080723285675049
11,227940,2.0880303382873535
11,227950,2.1908721923828125
11,227960,2.4513540267944336
11,227970,2.1112427711486816
11,227980,2.316654682159424
11,227990,2.5842599868774414
11,228000,2.614943027496338
11,228010,1.8711600303649902
11,228020,2.15423321723938
11,228030,2.5649425983428955
11,228040,2.657525062561035
11,228050,2.145068883895874
11,228060,2.263993740081787
11,228070,2.2773890495300293
11,228080,2.1853761672973633
11,228090,2.1690621376037598
11,228100,2.3628571033477783
11,228110,2.374933958053589
11,228120,2.647007465362549
11,228130,2.3620223999023438
11,228140,2.1794910430908203
11,228150,2.0842442512512207
11,228160,2.288414478302002
11,228170,2.071091413497925
11,228180,2.290348768234253
11,228190,2.385255813598633
11,228200,2.093759298324585
11,228210,2.3291220664978027
11,228220,2.368210792541504
11,228230,2.47792387008667
11,228240,2.1457419395446777
11,228250,2.4972641468048096
11,228260,2.3567585945129395
11,228270,2.4265289306640625
11,228280,2.2405102252960205
11,228290,2.4315357208251953
11,228300,2.023954153060913
11,228310,2.457210063934326
11,228320,2.1820855140686035
11,228330,1.969649314880371
11,228340,2.5385007858276367
11,228350,2.2575345039367676
11,228360,2.1029999256134033
11,228370,2.0033488273620605
11,228380,1.9529529809951782
11,228390,2.3912465572357178
11,228400,2.029919385910034
11,228410,2.172886371612549
11,228420,2.538877010345459
11,228430,2.071057081222534
11,228440,2.19677472114563
11,228450,2.1602678298950195
11,228460,2.3381547927856445
11,228470,2.3724188804626465
11,228480,2.565981388092041
11,228490,2.4925436973571777
11,228500,2.306408405303955
11,228510,2.1561086177825928
11,228520,2.3251261711120605
11,228530,2.113193988800049
11,228540,2.177399158477783
11,228550,2.3321704864501953
11,228560,2.2954821586608887
11,228570,2.3184409141540527
11,228580,2.6581945419311523
11,228590,2.221611738204956
11,228600,2.1427223682403564
11,228610,2.3588387966156006
11,228620,2.299227714538574
11,228630,2.5287842750549316
11,228640,2.3556532859802246
11,228650,2.257871150970459
11,228660,2.3054237365722656
11,228670,2.2620174884796143
11,228680,2.2171852588653564
11,228690,2.2565999031066895
11,228700,2.3929646015167236
11,228710,2.166914701461792
11,228720,2.163114309310913
11,228730,2.1925559043884277
11,228740,2.2154669761657715
11,228750,2.525829792022705
11,228760,2.3851099014282227
11,228770,2.2904610633850098
11,228780,2.6723358631134033
11,228790,2.3160972595214844
11,228800,2.4714882373809814
11,228810,2.179131507873535
11,228820,1.8754613399505615
11,228830,2.4557721614837646
11,228840,2.408294200897217
11,228850,3.035369396209717
11,228860,2.5341436862945557
11,228870,1.9955835342407227
11,228880,2.3978986740112305
11,228890,2.240993022918701
11,228900,2.312410831451416
11,228910,2.0713062286376953
11,228920,2.2500200271606445
11,228930,2.395742893218994
11,228940,2.2703495025634766
11,228950,2.2433347702026367
11,228960,2.1642322540283203
11,228970,1.9376654624938965
11,228980,2.2220256328582764
11,228990,2.4779984951019287
11,229000,2.2745747566223145
11,229010,2.1395750045776367
11,229020,2.4244775772094727
11,229030,2.3666019439697266
11,229040,2.461534023284912
11,229050,2.449662446975708
11,229060,2.2453532218933105
11,229070,2.4068665504455566
11,229080,2.288646697998047
11,229090,2.114168882369995
11,229100,2.0118672847747803
11,229110,2.6656179428100586
11,229120,2.3054864406585693
11,229130,2.1814308166503906
11,229140,2.1632158756256104
11,229150,2.2868869304656982
11,229160,2.2790164947509766
11,229170,2.2292118072509766
11,229180,2.1565473079681396
11,229190,2.0166175365448
11,229200,1.8720675706863403
11,229210,2.0578231811523438
11,229220,2.30781888961792
11,229230,2.5281810760498047
11,229240,2.2961020469665527
11,229250,2.5937652587890625
11,229260,2.2806501388549805
11,229270,2.564276695251465
11,229280,2.1745777130126953
11,229290,2.2871243953704834
11,229300,1.9345552921295166
11,229310,2.4870800971984863
11,229320,2.3551595211029053
11,229330,2.185319423675537
11,229340,2.1481692790985107
11,229350,2.244595766067505
11,229360,2.309267520904541
11,229370,2.5841269493103027
11,229380,2.320817470550537
11,229390,2.074626922607422
11,229400,2.1950435638427734
11,229410,2.343578577041626
11,229420,2.4977526664733887
11,229430,2.1091396808624268
11,229440,2.111168146133423
11,229450,2.440823793411255
11,229460,2.246614694595337
11,229470,2.43418025970459
11,229480,2.015714406967163
11,229490,2.362823963165283
11,229500,2.1084721088409424
11,229510,2.102515935897827
11,229520,2.4169540405273438
11,229530,2.157377243041992
11,229540,2.2595176696777344
11,229550,2.3511877059936523
11,229560,2.112945795059204
11,229570,2.3454623222351074
11,229580,2.336470127105713
11,229590,2.1769542694091797
11,229600,2.48850679397583
11,229610,2.3527746200561523
11,229620,2.2113826274871826
11,229630,2.0296192169189453
11,229640,2.206632614135742
11,229650,2.6252288818359375
11,229660,2.1812591552734375
11,229670,2.4372639656066895
11,229680,1.9204466342926025
11,229690,2.2888660430908203
11,229700,2.4138457775115967
11,229710,2.290379047393799
11,229720,2.182827949523926
11,229730,2.3043339252471924
11,229740,2.381833553314209
11,229750,2.4018118381500244
11,229760,2.3728511333465576
11,229770,2.0856759548187256
11,229780,1.8305273056030273
11,229790,2.5330657958984375
11,229800,2.3363659381866455
11,229810,2.103909730911255
11,229820,2.266045331954956
11,229830,2.204983711242676
11,229840,2.203185558319092
11,229850,2.331696033477783
11,229860,2.0650577545166016
11,229870,2.244873523712158
11,229880,2.0117695331573486
11,229890,2.3078246116638184
11,229900,2.315242290496826
11,229910,2.3333191871643066
11,229920,2.474778413772583
11,229930,2.6344892978668213
11,229940,2.351500988006592
11,229950,2.3478994369506836
11,229960,2.0604851245880127
11,229970,2.374014377593994
11,229980,2.5139012336730957
11,229990,1.9572906494140625
11,230000,2.0474798679351807
11,230010,2.723234176635742
11,230020,2.196913957595825
11,230030,2.3941256999969482
11,230040,2.2432920932769775
11,230050,2.1648645401000977
11,230060,2.0907554626464844
11,230070,2.0463602542877197
11,230080,2.4929752349853516
11,230090,2.1674304008483887
11,230100,2.59832501411438
11,230110,2.3168015480041504
11,230120,2.104017496109009
11,230130,2.592613697052002
11,230140,2.579796314239502
11,230150,2.1432628631591797
11,230160,2.2684550285339355
11,230170,2.0674524307250977
11,230180,2.24548602104187
11,230190,2.05355167388916
11,230200,2.501612663269043
11,230210,2.1147069931030273
11,230220,2.3117172718048096
11,230230,2.0856103897094727
11,230240,2.2533633708953857
11,230250,2.2456283569335938
11,230260,2.2690513134002686
11,230270,2.0809621810913086
11,230280,2.4910099506378174
11,230290,2.2009334564208984
11,230300,2.6668107509613037
11,230310,2.2324817180633545
11,230320,2.4694435596466064
11,230330,1.9715560674667358
11,230340,2.2316489219665527
11,230350,2.386990547180176
11,230360,2.297696113586426
11,230370,2.06801438331604
11,230380,2.376866340637207
11,230390,2.582369804382324
11,230400,2.0706286430358887
11,230410,2.182445526123047
11,230420,2.2419614791870117
11,230430,2.3554553985595703
11,230440,2.6231324672698975
11,230450,2.379225254058838
11,230460,2.4536540508270264
11,230470,2.4346818923950195
11,230480,2.4028539657592773
11,230490,2.3703014850616455
11,230500,2.1134324073791504
11,230510,2.2558977603912354
11,230520,1.9923969507217407
11,230530,2.4192581176757812
11,230540,2.528467893600464
11,230550,2.245307683944702
11,230560,2.4291024208068848
11,230570,1.9642912149429321
11,230580,2.2005066871643066
11,230590,2.2820286750793457
11,230600,2.5018787384033203
11,230610,2.406810760498047
11,230620,2.542518138885498
11,230630,2.700099229812622
11,230640,1.915499210357666
11,230650,2.0230016708374023
11,230660,2.268345832824707
11,230670,2.184154987335205
11,230680,2.3376898765563965
11,230690,2.2798538208007812
11,230700,2.4826102256774902
11,230710,2.293008327484131
11,230720,2.2386951446533203
11,230730,2.0105032920837402
11,230740,2.323838472366333
11,230750,2.3473739624023438
11,230760,1.9574511051177979
11,230770,2.3376333713531494
11,230780,2.198948621749878
11,230790,2.178783893585205
11,230800,2.228719472885132
11,230810,2.5323591232299805
11,230820,2.3359596729278564
11,230830,2.55348539352417
11,230840,2.525050640106201
11,230850,2.336695671081543
11,230860,2.301206111907959
11,230870,2.370079278945923
11,230880,2.502131462097168
11,230890,2.4111742973327637
11,230900,2.1268880367279053
11,230910,2.2964000701904297
11,230920,2.562466859817505
11,230930,2.433450222015381
11,230940,2.118018627166748
11,230950,2.3079819679260254
11,230960,2.2885961532592773
11,230970,2.4015884399414062
11,230980,2.186829090118408
11,230990,2.253192186355591
11,231000,2.283907413482666
11,231010,2.1818253993988037
11,231020,2.2494163513183594
11,231030,2.2651588916778564
11,231040,2.3467791080474854
11,231050,1.9603701829910278
11,231060,2.038583278656006
11,231070,2.0660579204559326
11,231080,2.239168167114258
11,231090,2.343926429748535
11,231100,2.388399600982666
11,231110,2.3419647216796875
11,231120,2.1109299659729004
11,231130,2.4555063247680664
11,231140,2.1868419647216797
11,231150,2.336848735809326
11,231160,2.037914752960205
11,231170,2.3444676399230957
11,231180,2.0301854610443115
11,231190,2.092371702194214
11,231200,1.8632333278656006
11,231210,2.39911150932312
11,231220,2.2240710258483887
11,231230,2.264925241470337
11,231240,2.210771083831787
11,231250,2.5560383796691895
11,231260,2.286850929260254
11,231270,2.435981512069702
11,231280,2.3643577098846436
11,231290,2.1223273277282715
11,231300,2.0877835750579834
11,231310,2.287036895751953
11,231320,2.0440523624420166
11,231330,2.1950125694274902
11,231340,2.9121127128601074
11,231350,2.227290391921997
11,231360,2.6253182888031006
11,231370,2.4503087997436523
11,231380,2.2155542373657227
11,231390,2.4633114337921143
11,231400,2.2222652435302734
11,231410,2.1492981910705566
11,231420,1.985658049583435
11,231430,2.348606586456299
12,231440,2.8381292819976807
12,231450,2.5485334396362305
12,231460,2.965054512023926
12,231470,2.7123777866363525
12,231480,2.9608030319213867
12,231490,2.7339906692504883
12,231500,3.10311222076416
12,231510,3.4520065784454346
12,231520,2.513990879058838
12,231530,2.834625720977783
12,231540,2.900820732116699
12,231550,2.7954280376434326
12,231560,2.8055596351623535
12,231570,2.7407145500183105
12,231580,2.6595163345336914
12,231590,2.841115951538086
12,231600,2.414318561553955
12,231610,2.9149158000946045
12,231620,2.5522122383117676
12,231630,2.7165403366088867
12,231640,2.5375382900238037
12,231650,2.4432432651519775
12,231660,2.517220973968506
12,231670,2.753169059753418
12,231680,2.6101527214050293
12,231690,2.715094804763794
12,231700,2.6800899505615234
12,231710,3.5054237842559814
12,231720,2.5093801021575928
12,231730,2.564037322998047
12,231740,2.6421778202056885
12,231750,2.7604403495788574
12,231760,2.860154151916504
12,231770,2.92775821685791
12,231780,2.779402494430542
12,231790,2.728447437286377
12,231800,2.705373764038086
12,231810,3.2133665084838867
12,231820,2.6354260444641113
12,231830,3.159454345703125
12,231840,2.5095183849334717
12,231850,2.699490785598755
12,231860,2.6643166542053223
12,231870,3.0776965618133545
12,231880,2.760608673095703
12,231890,2.5829355716705322
12,231900,2.850532293319702
12,231910,2.6514134407043457
12,231920,2.658559560775757
12,231930,2.6927812099456787
12,231940,2.7768993377685547
12,231950,2.9686055183410645
12,231960,2.575364351272583
12,231970,2.408586263656616
12,231980,2.6680355072021484
12,231990,2.6999943256378174
12,232000,3.0560946464538574
12,232010,2.595454692840576
12,232020,2.956728458404541
12,232030,2.706068515777588
12,232040,2.5118675231933594
12,232050,2.9102442264556885
12,232060,3.020233154296875
12,232070,2.9688148498535156
12,232080,2.391653537750244
12,232090,2.788635015487671
12,232100,2.769857883453369
12,232110,2.608562469482422
12,232120,2.6860263347625732
12,232130,2.5794551372528076
12,232140,2.753801107406616
12,232150,2.9122543334960938
12,232160,2.7628014087677
12,232170,2.9597012996673584
12,232180,2.7677741050720215
12,232190,2.4038004875183105
12,232200,2.6944937705993652
12,232210,2.3466715812683105
12,232220,2.4055161476135254
12,232230,2.8873329162597656
12,232240,2.621072769165039
12,232250,2.790919780731201
12,232260,2.7799012660980225
12,232270,2.7716288566589355
12,232280,2.265951156616211
12,232290,3.03053617477417
12,232300,2.739525318145752
12,232310,2.59641695022583
12,232320,2.3538599014282227
12,232330,2.5764400959014893
12,232340,2.691068649291992
12,232350,3.055448055267334
12,232360,2.694491386413574
12,232370,2.673398017883301
12,232380,2.6755473613739014
12,232390,2.3813319206237793
12,232400,2.9224050045013428
12,232410,2.753192901611328
12,232420,2.6774163246154785
12,232430,2.23642635345459
12,232440,2.7659125328063965
12,232450,2.6250014305114746
12,232460,2.7649924755096436
12,232470,2.672402858734131
12,232480,2.7158215045928955
12,232490,2.787581205368042
12,232500,2.242927074432373
12,232510,2.7981948852539062
12,232520,2.705990791320801
12,232530,2.6308646202087402
12,232540,2.3982925415039062
12,232550,2.8044071197509766
12,232560,3.056644916534424
12,232570,2.9606361389160156
12,232580,2.6805126667022705
12,232590,2.966797351837158
12,232600,3.173503875732422
12,232610,2.6366143226623535
12,232620,2.783353567123413
12,232630,2.6381547451019287
12,232640,2.75578236579895
12,232650,2.9988248348236084
12,232660,2.569087505340576
12,232670,2.734471321105957
12,232680,2.576137065887451
12,232690,2.9147443771362305
12,232700,2.722360610961914
12,232710,3.0568923950195312
12,232720,2.6477761268615723
12,232730,2.339143991470337
12,232740,2.7571675777435303
12,232750,2.97763729095459
12,232760,2.598191499710083
12,232770,3.0274572372436523
12,232780,2.914032459259033
12,232790,2.8072471618652344
12,232800,2.4108667373657227
12,232810,2.7132105827331543
12,232820,2.762956380844116
12,232830,3.1567225456237793
12,232840,2.441592216491699
12,232850,2.7569117546081543
12,232860,2.7516908645629883
12,232870,2.627734899520874
12,232880,2.821598529815674
12,232890,2.6944706439971924
12,232900,2.6194214820861816
12,232910,2.509035587310791
12,232920,2.75180721282959
12,232930,2.811671018600464
12,232940,3.0688366889953613
12,232950,2.716151475906372
12,232960,2.7187957763671875
12,232970,2.533501148223877
12,232980,2.602468252182007
12,232990,3.0948314666748047
12,233000,2.57387113571167
12,233010,2.546395778656006
12,233020,2.9057068824768066
12,233030,3.3717634677886963
12,233040,2.5558226108551025
12,233050,2.5251832008361816
12,233060,2.777024030685425
12,233070,3.147066593170166
12,233080,2.9198153018951416
12,233090,2.459123373031616
12,233100,2.3844399452209473
12,233110,2.8333868980407715
12,233120,2.9241080284118652
12,233130,2.833922863006592
12,233140,2.4406180381774902
12,233150,2.809511184692383
12,233160,2.686490058898926
12,233170,3.0989880561828613
12,233180,2.5416440963745117
12,233190,2.818912982940674
12,233200,2.675168991088867
12,233210,2.9627909660339355
12,233220,2.652479410171509
12,233230,2.738178253173828
12,233240,2.954958915710449
12,233250,2.854613780975342
12,233260,2.656693935394287
12,233270,2.9381918907165527
12,233280,2.533980131149292
12,233290,2.8035054206848145
12,233300,2.790905475616455
12,233310,2.502552032470703
12,233320,2.602749824523926
12,233330,2.8993663787841797
12,233340,2.6694531440734863
12,233350,2.7685182094573975
12,233360,2.4469518661499023
12,233370,2.5214524269104004
12,233380,2.8321502208709717
12,233390,2.8526058197021484
12,233400,2.804446220397949
12,233410,2.662595272064209
12,233420,2.9310545921325684
12,233430,2.635376453399658
12,233440,2.649806499481201
12,233450,2.846251964569092
12,233460,2.6204237937927246
12,233470,2.8983943462371826
12,233480,2.810793399810791
12,233490,2.9109947681427
12,233500,2.6276278495788574
12,233510,2.548572301864624
12,233520,2.8029348850250244
12,233530,2.7736573219299316
12,233540,3.097834348678589
12,233550,2.747732639312744
12,233560,2.9220094680786133
12,233570,2.6931886672973633
12,233580,2.925694704055786
12,233590,2.714447259902954
12,233600,2.9438791275024414
12,233610,2.729391574859619
12,233620,2.2251529693603516
12,233630,2.5533523559570312
12,233640,2.2328243255615234
12,233650,3.0190865993499756
12,233660,2.228774070739746
12,233670,2.7623348236083984
12,233680,2.286921977996826
12,233690,2.884950637817383
12,233700,2.82053804397583
12,233710,2.6110448837280273
12,233720,2.900148868560791
12,233730,2.7109622955322266
12,233740,2.938689708709717
12,233750,2.7984700202941895
12,233760,2.4654388427734375
12,233770,3.1706175804138184
12,233780,2.7082998752593994
12,233790,2.565864324569702
12,233800,2.5735597610473633
12,233810,2.680699348449707
12,233820,3.0797438621520996
12,233830,2.892319679260254
12,233840,2.6470212936401367
12,233850,3.2033395767211914
12,233860,2.489016056060791
12,233870,3.0375919342041016
12,233880,2.49642014503479
12,233890,3.1316604614257812
12,233900,2.6930336952209473
12,233910,2.3831262588500977
12,233920,2.4516615867614746
12,233930,2.3625903129577637
12,233940,3.0703020095825195
12,233950,2.8950467109680176
12,233960,2.8097734451293945
12,233970,2.578962802886963
12,233980,3.0791351795196533
12,233990,2.981173515319824
12,234000,2.7922542095184326
12,234010,2.9350337982177734
12,234020,2.7678630352020264
12,234030,2.624471664428711
12,234040,2.5764331817626953
12,234050,2.5992021560668945
12,234060,2.7626562118530273
12,234070,2.7178428173065186
12,234080,2.2746453285217285
12,234090,2.853647232055664
12,234100,3.0990095138549805
12,234110,2.5249228477478027
12,234120,2.8004074096679688
12,234130,2.7464585304260254
12,234140,2.599209785461426
12,234150,2.7454352378845215
12,234160,2.5891213417053223
12,234170,2.9316213130950928
12,234180,2.9841580390930176
12,234190,2.2620904445648193
12,234200,2.3491601943969727
12,234210,2.1553075313568115
12,234220,2.6630802154541016
12,234230,2.924168109893799
12,234240,3.183882713317871
12,234250,2.9704363346099854
12,234260,2.616903781890869
12,234270,1.995344877243042
12,234280,2.569694757461548
12,234290,2.717461585998535
12,234300,2.819746971130371
12,234310,2.948901414871216
12,234320,2.402535915374756
12,234330,2.8574397563934326
12,234340,2.671632766723633
12,234350,2.5972814559936523
12,234360,2.5885655879974365
12,234370,2.7814207077026367
12,234380,3.0331368446350098
12,234390,2.967371702194214
12,234400,2.49851131439209
12,234410,2.632434129714966
12,234420,2.707016944885254
12,234430,2.3439273834228516
12,234440,2.684455633163452
12,234450,3.0759406089782715
12,234460,2.8132331371307373
12,234470,2.7770142555236816
12,234480,2.721749782562256
12,234490,2.545013904571533
12,234500,2.842250347137451
12,234510,2.7693586349487305
12,234520,2.653402328491211
12,234530,2.528388500213623
12,234540,2.941840410232544
12,234550,2.6528329849243164
12,234560,2.5265610218048096
12,234570,2.539153814315796
12,234580,2.685136318206787
12,234590,2.8746023178100586
12,234600,2.516205310821533
12,234610,2.9645893573760986
12,234620,2.7093539237976074
12,234630,2.674999237060547
12,234640,2.784719228744507
12,234650,2.268873691558838
12,234660,2.9750218391418457
12,234670,2.602097988128662
12,234680,2.6437559127807617
12,234690,3.032954454421997
12,234700,2.692626953125
12,234710,2.7467172145843506
12,234720,3.0433027744293213
12,234730,3.114687204360962
12,234740,2.6526131629943848
12,234750,2.6642165184020996
12,234760,2.5547831058502197
12,234770,2.8129825592041016
12,234780,2.53769850730896
12,234790,2.7266178131103516
12,234800,3.073307991027832
12,234810,2.7185897827148438
12,234820,2.8728604316711426
12,234830,2.6450133323669434
12,234840,2.734867572784424
12,234850,2.857088088989258
12,234860,2.8795018196105957
12,234870,2.8621773719787598
12,234880,2.345222234725952
12,234890,2.721266269683838
12,234900,2.3251800537109375
12,234910,2.578674793243408
12,234920,2.6391093730926514
12,234930,2.8808510303497314
12,234940,2.730194091796875
12,234950,2.266784429550171
12,234960,2.4639902114868164
12,234970,2.400559663772583
12,234980,2.973814010620117
12,234990,2.7378525733947754
12,235000,2.830029249191284
12,235010,2.459902763366699
12,235020,2.447511672973633
12,235030,2.2358551025390625
12,235040,2.3306660652160645
12,235050,2.8309340476989746
12,235060,2.8150548934936523
12,235070,3.0919556617736816
12,235080,2.562187433242798
12,235090,2.8146512508392334
12,235100,2.439828395843506
12,235110,2.5487895011901855
12,235120,2.6808691024780273
12,235130,2.629377841949463
12,235140,2.6854889392852783
12,235150,2.591078281402588
12,235160,2.59660005569458
12,235170,2.912318706512451
12,235180,2.6569814682006836
12,235190,2.8943095207214355
12,235200,2.300697088241577
12,235210,3.175116539001465
12,235220,2.799797773361206
12,235230,2.6836299896240234
12,235240,2.721370220184326
12,235250,2.832833766937256
12,235260,2.836435556411743
12,235270,2.6832199096679688
12,235280,2.723083734512329
12,235290,2.5101616382598877
12,235300,2.619784116744995
12,235310,2.385376453399658
12,235320,2.8833985328674316
12,235330,2.556028366088867
12,235340,2.530628204345703
12,235350,2.673823833465576
12,235360,2.7560372352600098
12,235370,2.4663214683532715
12,235380,3.7031478881835938
12,235390,2.797402858734131
12,235400,2.6607792377471924
12,235410,2.9659347534179688
12,235420,2.197746753692627
12,235430,2.9280800819396973
12,235440,2.6233043670654297
12,235450,2.6615958213806152
12,235460,2.759181499481201
12,235470,2.6759963035583496
12,235480,3.0836915969848633
12,235490,3.006791353225708
12,235500,2.554713487625122
12,235510,2.5833747386932373
12,235520,2.6133761405944824
12,235530,3.0535011291503906
12,235540,2.4222192764282227
12,235550,2.6695895195007324
12,235560,2.534252166748047
12,235570,2.477321147918701
12,235580,2.593116283416748
12,235590,3.1008946895599365
12,235600,2.454955816268921
12,235610,2.5619056224823
12,235620,2.7110886573791504
12,235630,2.507544994354248
12,235640,2.7295947074890137
12,235650,2.8722128868103027
12,235660,2.829075336456299
12,235670,2.802699565887451
12,235680,2.7923755645751953
12,235690,2.9025368690490723
12,235700,2.5848312377929688
12,235710,2.63816237449646
12,235720,2.6876635551452637
12,235730,2.6799514293670654
12,235740,2.98283314704895
12,235750,3.019915819168091
12,235760,2.7193167209625244
12,235770,2.6961562633514404
12,235780,2.586625576019287
12,235790,2.8747811317443848
12,235800,2.895989179611206
12,235810,3.011218786239624
12,235820,2.723956823348999
12,235830,2.7856850624084473
12,235840,2.7213878631591797
12,235850,2.3865880966186523
12,235860,2.7384939193725586
12,235870,2.6475841999053955
12,235880,2.752939224243164
12,235890,2.9632630348205566
12,235900,3.048802614212036
12,235910,2.658722162246704
12,235920,2.2853317260742188
12,235930,2.6316370964050293
12,235940,2.870262861251831
12,235950,2.5489418506622314
12,235960,3.0207271575927734
12,235970,2.6698169708251953
12,235980,2.9336180686950684
12,235990,2.81032657623291
12,236000,2.687697172164917
12,236010,2.9221224784851074
12,236020,2.4811365604400635
12,236030,2.755995750427246
12,236040,2.881838321685791
12,236050,2.8577969074249268
12,236060,2.2443976402282715
12,236070,2.744906187057495
12,236080,3.0345401763916016
12,236090,2.4541056156158447
12,236100,2.5142126083374023
12,236110,2.944122314453125
12,236120,2.637329339981079
12,236130,2.6466116905212402
12,236140,2.736499071121216
12,236150,2.563937187194824
12,236160,2.9188742637634277
12,236170,2.906891345977783
12,236180,2.484710216522217
12,236190,2.410008430480957
12,236200,2.4676918983459473
12,236210,3.03385591506958
12,236220,2.446958541870117
12,236230,2.951343059539795
12,236240,2.7047882080078125
12,236250,2.548248291015625
12,236260,2.62345552444458
12,236270,2.886556386947632
12,236280,2.574704170227051
12,236290,3.2035577297210693
12,236300,2.2653310298919678
12,236310,2.7285587787628174
12,236320,2.846039295196533
12,236330,2.458256721496582
12,236340,2.7728676795959473
12,236350,2.377157688140869
12,236360,2.698862314224243
12,236370,2.4545814990997314
12,236380,2.725085496902466
12,236390,2.402446746826172
12,236400,2.71053409576416
12,236410,2.8459725379943848
12,236420,2.7454309463500977
12,236430,2.515130043029785
12,236440,2.6474766731262207
12,236450,2.4538731575012207
12,236460,2.7907752990722656
12,236470,2.807793617248535
12,236480,2.8265318870544434
12,236490,2.7880215644836426
12,236500,2.555910110473633
12,236510,2.6772947311401367
12,236520,3.3573639392852783
12,236530,2.8446011543273926
12,236540,2.5732805728912354
12,236550,2.880945920944214
12,236560,2.8143458366394043
12,236570,2.581894874572754
12,236580,2.360107660293579
12,236590,2.710637092590332
12,236600,2.868575096130371
12,236610,2.932404041290283
12,236620,2.673135757446289
12,236630,2.8577914237976074
12,236640,2.633303165435791
12,236650,2.74453067779541
12,236660,2.789897918701172
12,236670,2.390171527862549
12,236680,2.5902390480041504
12,236690,2.6638050079345703
12,236700,3.182406425476074
12,236710,2.4820427894592285
12,236720,2.9481804370880127
12,236730,2.6662204265594482
12,236740,2.5829684734344482
12,236750,3.1315102577209473
12,236760,2.6982405185699463
12,236770,2.7025644779205322
12,236780,2.9087953567504883
12,236790,2.8195278644561768
12,236800,2.5359225273132324
12,236810,3.0360288619995117
12,236820,2.8305563926696777
12,236830,2.64780855178833
12,236840,2.7199153900146484
12,236850,2.8139753341674805
12,236860,2.6894476413726807
12,236870,2.9404730796813965
12,236880,3.0004684925079346
12,236890,2.9388091564178467
12,236900,2.7737536430358887
12,236910,2.7655773162841797
12,236920,2.702526330947876
12,236930,2.929319381713867
12,236940,3.195855140686035
12,236950,2.4297561645507812
12,236960,2.9558112621307373
12,236970,2.431912422180176
12,236980,2.809661388397217
12,236990,3.1400136947631836
12,237000,2.6518893241882324
12,237010,3.1712100505828857
12,237020,2.927112579345703
12,237030,2.637028217315674
12,237040,2.5888662338256836
12,237050,2.637263298034668
12,237060,2.710399627685547
12,237070,2.849607229232788
12,237080,2.718035936355591
12,237090,3.1487231254577637
12,237100,3.0148262977600098
12,237110,2.8060150146484375
12,237120,2.6710290908813477
12,237130,3.0076565742492676
12,237140,2.609606981277466
12,237150,2.6013083457946777
12,237160,2.406632661819458
12,237170,2.8435235023498535
12,237180,2.8787903785705566
12,237190,2.805499315261841
12,237200,2.8584985733032227
12,237210,2.952591896057129
12,237220,2.4618427753448486
12,237230,2.858643054962158
12,237240,2.7461230754852295
12,237250,2.388894557952881
12,237260,2.7597174644470215
12,237270,2.8754353523254395
12,237280,2.905592441558838
12,237290,2.6695661544799805
12,237300,2.6281704902648926
12,237310,2.814938545227051
12,237320,2.7611517906188965
12,237330,2.738142967224121
12,237340,2.8475849628448486
12,237350,2.817209243774414
12,237360,2.6525511741638184
12,237370,2.8304271697998047
12,237380,2.656510591506958
12,237390,2.635354995727539
12,237400,2.4791674613952637
12,237410,2.605257272720337
12,237420,2.51017427444458
12,237430,2.626072406768799
12,237440,2.9452667236328125
12,237450,2.7291040420532227
12,237460,2.5320639610290527
12,237470,2.765624523162842
12,237480,2.7388949394226074
12,237490,2.7363102436065674
12,237500,2.7393441200256348
12,237510,2.773855209350586
12,237520,2.5799691677093506
12,237530,2.885676860809326
12,237540,2.8199691772460938
12,237550,2.834716796875
12,237560,2.9870376586914062
12,237570,2.9820632934570312
12,237580,2.5726113319396973
12,237590,2.6912708282470703
12,237600,2.5971791744232178
12,237610,2.866272211074829
12,237620,2.807077407836914
12,237630,2.398763656616211
12,237640,2.528153896331787
12,237650,2.586973190307617
12,237660,2.7930502891540527
12,237670,2.837189197540283
12,237680,2.955232620239258
12,237690,2.7814064025878906
12,237700,2.444380283355713
12,237710,2.834519147872925
12,237720,2.659761667251587
12,237730,2.8484089374542236
12,237740,2.8504509925842285
12,237750,2.832632064819336
12,237760,2.511176586151123
12,237770,2.676116943359375
12,237780,2.5585498809814453
12,237790,3.0352694988250732
12,237800,2.9198248386383057
12,237810,2.7280197143554688
12,237820,2.565600633621216
12,237830,2.7448883056640625
12,237840,2.9101390838623047
12,237850,2.6994714736938477
12,237860,2.582530975341797
12,237870,2.2258200645446777
12,237880,2.7211835384368896
12,237890,2.524829864501953
12,237900,2.6218948364257812
12,237910,2.477302074432373
12,237920,2.5595927238464355
12,237930,2.4770708084106445
12,237940,2.740997791290283
12,237950,2.256678581237793
12,237960,2.6862030029296875
12,237970,2.7401041984558105
12,237980,2.711787223815918
12,237990,2.8108811378479004
12,238000,3.433363437652588
12,238010,2.5472512245178223
12,238020,3.1271636486053467
12,238030,2.494267463684082
12,238040,2.629283905029297
12,238050,2.664414405822754
12,238060,2.5553812980651855
12,238070,3.0673105716705322
12,238080,2.7221360206604004
12,238090,2.636199951171875
12,238100,2.9185218811035156
12,238110,2.6940841674804688
12,238120,2.284133195877075
12,238130,2.741366386413574
12,238140,3.5855627059936523
12,238150,2.546532154083252
12,238160,2.8051671981811523
12,238170,2.7351903915405273
12,238180,2.556938886642456
12,238190,3.2764878273010254
12,238200,2.3911352157592773
12,238210,2.6866259574890137
12,238220,2.6378955841064453
12,238230,2.4147024154663086
12,238240,2.944727897644043
12,238250,2.7590126991271973
12,238260,2.2206039428710938
12,238270,2.638746738433838
12,238280,3.2359514236450195
12,238290,2.866956949234009
12,238300,2.8954315185546875
12,238310,2.814110517501831
12,238320,2.9879250526428223
12,238330,2.4686055183410645
12,238340,3.2032735347747803
12,238350,2.710930824279785
12,238360,2.56089186668396
12,238370,2.5909953117370605
12,238380,2.4617044925689697
12,238390,2.770723581314087
12,238400,2.951791763305664
12,238410,3.0477991104125977
12,238420,2.627101421356201
12,238430,2.7092227935791016
12,238440,3.1198835372924805
12,238450,3.401280403137207
12,238460,2.676304817199707
12,238470,2.7053537368774414
12,238480,2.5316803455352783
12,238490,3.05283260345459
12,238500,2.4070353507995605
12,238510,2.7391304969787598
12,238520,2.7610859870910645
12,238530,2.8922157287597656
12,238540,2.6099557876586914
12,238550,3.2327890396118164
12,238560,3.2214114665985107
12,238570,2.9498515129089355
12,238580,2.5134644508361816
12,238590,2.7118477821350098
12,238600,2.446728229522705
12,238610,2.752929925918579
12,238620,2.9856925010681152
12,238630,2.763441801071167
12,238640,2.4891724586486816
12,238650,2.9585180282592773
12,238660,3.121053695678711
12,238670,2.761068344116211
12,238680,2.85490083694458
12,238690,2.856027126312256
12,238700,2.428671360015869
12,238710,2.4269537925720215
12,238720,2.7823238372802734
12,238730,2.346559524536133
12,238740,2.3817873001098633
12,238750,2.7067697048187256
12,238760,3.0522377490997314
12,238770,2.7618205547332764
12,238780,3.138134479522705
12,238790,2.376336097717285
12,238800,2.3974764347076416
12,238810,2.9240264892578125
12,238820,2.390909194946289
12,238830,2.763460874557495
12,238840,2.9385547637939453
12,238850,2.6418533325195312
12,238860,2.7347412109375
12,238870,2.7879467010498047
12,238880,2.649118423461914
12,238890,3.053133010864258
12,238900,2.6577136516571045
12,238910,2.720513343811035
12,238920,2.7295212745666504
12,238930,3.1949753761291504
12,238940,2.82041597366333
12,238950,2.711498975753784
12,238960,2.7892518043518066
12,238970,2.525810718536377
12,238980,2.838613510131836
12,238990,2.6532108783721924
12,239000,2.510863780975342
12,239010,2.413090705871582
12,239020,2.8178865909576416
12,239030,3.051431894302368
12,239040,2.3504514694213867
12,239050,2.735119342803955
12,239060,2.8295183181762695
12,239070,2.6428327560424805
12,239080,2.639124870300293
12,239090,2.7606334686279297
12,239100,2.9118258953094482
12,239110,2.8677451610565186
12,239120,2.9958386421203613
12,239130,2.8127059936523438
12,239140,2.868211507797241
12,239150,2.7129464149475098
12,239160,2.854771852493286
12,239170,2.571472406387329
12,239180,3.0271658897399902
12,239190,2.909735679626465
12,239200,2.819103479385376
12,239210,2.660191059112549
12,239220,2.668222427368164
12,239230,2.558947801589966
12,239240,2.5475575923919678
12,239250,2.6002588272094727
12,239260,2.851090431213379
12,239270,2.5865535736083984
12,239280,2.743943929672241
12,239290,2.942612648010254
12,239300,2.960571527481079
12,239310,2.628446102142334
12,239320,2.552201747894287
12,239330,2.6312859058380127
12,239340,3.2935116291046143
12,239350,2.513432502746582
12,239360,2.775695323944092
12,239370,2.703324317932129
12,239380,3.315591335296631
12,239390,3.0374627113342285
12,239400,2.903149127960205
12,239410,2.640272855758667
12,239420,2.8044095039367676
12,239430,2.4216127395629883
12,239440,2.575472831726074
12,239450,2.481240749359131
12,239460,3.246741771697998
12,239470,2.5285744667053223
12,239480,2.9574501514434814
12,239490,2.6101322174072266
12,239500,2.6655235290527344
12,239510,2.6498990058898926
12,239520,2.8337156772613525
12,239530,3.2983450889587402
12,239540,2.3461527824401855
12,239550,2.50632381439209
12,239560,2.540097713470459
12,239570,2.494032382965088
12,239580,2.894761562347412
12,239590,2.6443493366241455
12,239600,2.871490478515625
12,239610,2.6755175590515137
12,239620,2.7495808601379395
12,239630,2.9908649921417236
12,239640,2.7097959518432617
12,239650,2.9366557598114014
12,239660,2.823925018310547
12,239670,2.567922830581665
12,239680,2.7279043197631836
12,239690,2.849299192428589
12,239700,2.829357624053955
12,239710,2.545109987258911
12,239720,2.637287139892578
12,239730,3.0908331871032715
12,239740,2.750223398208618
12,239750,2.5387275218963623
12,239760,2.8560805320739746
12,239770,2.4911866188049316
12,239780,2.5844662189483643
12,239790,2.4963560104370117
12,239800,2.7091948986053467
12,239810,3.111626625061035
12,239820,2.8138537406921387
12,239830,2.658562183380127
12,239840,2.847140312194824
12,239850,2.413020610809326
12,239860,2.5685620307922363
12,239870,2.421933650970459
12,239880,2.6011297702789307
12,239890,2.469958543777466
12,239900,2.5108461380004883
12,239910,2.6120309829711914
12,239920,2.715116262435913
12,239930,3.564455509185791
12,239940,3.239521026611328
12,239950,2.884087085723877
12,239960,3.1116583347320557
12,239970,2.9466726779937744
12,239980,3.1536030769348145
12,239990,2.6208906173706055
12,240000,3.016878366470337
12,240010,2.1725616455078125
12,240020,1.9774959087371826
12,240030,2.320019245147705
12,240040,2.3901009559631348
12,240050,2.128770351409912
12,240060,2.7007393836975098
12,240070,2.4818553924560547
12,240080,2.589174270629883
12,240090,2.6837096214294434
12,240100,2.433866024017334
12,240110,2.3147389888763428
12,240120,2.201214551925659
12,240130,2.1764683723449707
12,240140,2.1886844635009766
12,240150,2.3571114540100098
12,240160,2.3509888648986816
12,240170,2.0408518314361572
12,240180,2.359832286834717
12,240190,2.1648638248443604
12,240200,2.0588998794555664
12,240210,2.2119953632354736
12,240220,2.123147487640381
12,240230,2.1404354572296143
12,240240,2.269515037536621
12,240250,2.3365349769592285
12,240260,2.208683967590332
12,240270,2.704103946685791
12,240280,2.5739755630493164
12,240290,2.4058988094329834
12,240300,2.4056284427642822
12,240310,2.409590005874634
12,240320,2.3502519130706787
12,240330,2.5354232788085938
12,240340,2.220479726791382
12,240350,2.1715762615203857
12,240360,2.207329034805298
12,240370,2.3068387508392334
12,240380,2.0003321170806885
12,240390,2.0873823165893555
12,240400,2.2793593406677246
12,240410,2.332324981689453
12,240420,2.5913009643554688
12,240430,2.267778158187866
12,240440,2.4200329780578613
12,240450,2.4932737350463867
12,240460,2.173326015472412
12,240470,2.681469440460205
12,240480,2.2916970252990723
12,240490,2.6392428874969482
12,240500,2.41929292678833
12,240510,2.2086644172668457
12,240520,2.6139323711395264
12,240530,2.682654857635498
12,240540,2.205946922302246
12,240550,2.2960715293884277
12,240560,2.3982131481170654
12,240570,2.2706475257873535
12,240580,2.389791965484619
12,240590,2.0327141284942627
12,240600,2.332296848297119
12,240610,2.089524745941162
12,240620,2.1779050827026367
12,240630,2.4202938079833984
12,240640,2.2020998001098633
12,240650,2.1010539531707764
12,240660,2.4093050956726074
12,240670,2.400895118713379
12,240680,2.254504680633545
12,240690,2.1960365772247314
12,240700,2.239659547805786
12,240710,2.5792007446289062
12,240720,2.1895666122436523
12,240730,2.2693874835968018
12,240740,2.7960996627807617
12,240750,2.2349677085876465
12,240760,2.5189967155456543
12,240770,2.434251308441162
12,240780,2.318723678588867
12,240790,2.168234348297119
12,240800,2.361480236053467
12,240810,2.170980930328369
12,240820,2.1061453819274902
12,240830,2.2332775592803955
12,240840,2.004647970199585
12,240850,2.1464285850524902
12,240860,2.1229989528656006
12,240870,1.971649169921875
12,240880,2.342546224594116
12,240890,2.3957090377807617
12,240900,1.8750486373901367
12,240910,2.043339252471924
12,240920,2.3107080459594727
12,240930,2.299409866333008
12,240940,2.265345335006714
12,240950,2.1418583393096924
12,240960,2.491105556488037
12,240970,2.5258874893188477
12,240980,2.3294482231140137
12,240990,2.0484561920166016
12,241000,2.2888972759246826
12,241010,2.2770729064941406
12,241020,2.1076292991638184
12,241030,2.348938465118408
12,241040,2.3057632446289062
12,241050,2.4383442401885986
12,241060,2.248699188232422
12,241070,2.4444541931152344
12,241080,2.4889655113220215
12,241090,2.1958961486816406
12,241100,2.1837687492370605
12,241110,2.4398975372314453
12,241120,2.107142925262451
12,241130,2.3534035682678223
12,241140,2.2869393825531006
12,241150,2.4931726455688477
12,241160,2.4941272735595703
12,241170,2.4928460121154785
12,241180,2.756028652191162
12,241190,2.0422677993774414
12,241200,2.079409122467041
12,241210,2.225811004638672
12,241220,1.969787836074829
12,241230,2.307016134262085
12,241240,2.197791814804077
12,241250,2.1906988620758057
12,241260,2.2167892456054688
12,241270,2.2943525314331055
12,241280,2.181501865386963
12,241290,2.3159356117248535
12,241300,2.4802141189575195
12,241310,2.510772705078125
12,241320,2.2855043411254883
12,241330,3.1641712188720703
12,241340,2.4101686477661133
12,241350,1.9630446434020996
12,241360,2.2756104469299316
12,241370,1.9568684101104736
12,241380,2.672090530395508
12,241390,2.1231160163879395
12,241400,2.446715831756592
12,241410,2.3510560989379883
12,241420,2.226940155029297
12,241430,2.599470853805542
12,241440,2.551051616668701
12,241450,2.2777516841888428
12,241460,2.3872487545013428
12,241470,2.4328691959381104
12,241480,2.1328516006469727
12,241490,2.2942771911621094
12,241500,2.2089011669158936
12,241510,2.520381450653076
12,241520,2.3218774795532227
12,241530,2.181246280670166
12,241540,2.1467714309692383
12,241550,2.1405770778656006
12,241560,2.5293025970458984
12,241570,2.5702109336853027
12,241580,2.9294443130493164
12,241590,2.0878496170043945
12,241600,2.6311593055725098
12,241610,2.5151257514953613
12,241620,2.2016210556030273
12,241630,2.2249836921691895
12,241640,2.165597677230835
12,241650,2.576542377471924
12,241660,2.1021084785461426
12,241670,2.504859447479248
12,241680,2.483041524887085
12,241690,2.2390079498291016
12,241700,2.0896739959716797
12,241710,2.381211280822754
12,241720,2.4620394706726074
12,241730,2.2582054138183594
12,241740,2.333156108856201
12,241750,2.2314488887786865
12,241760,2.405909299850464
12,241770,2.5853447914123535
12,241780,2.3382158279418945
12,241790,2.2168219089508057
12,241800,2.3349761962890625
12,241810,2.0459818840026855
12,241820,2.673760414123535
12,241830,2.474825382232666
12,241840,2.6505393981933594
12,241850,2.221060276031494
12,241860,2.4976449012756348
12,241870,2.159442901611328
12,241880,2.5892152786254883
12,241890,2.200223922729492
12,241900,2.2497329711914062
12,241910,2.5121705532073975
12,241920,1.9644429683685303
12,241930,2.359304189682007
12,241940,2.532076358795166
12,241950,2.2212417125701904
12,241960,2.0846238136291504
12,241970,2.2648606300354004
12,241980,2.3273391723632812
12,241990,2.2704975605010986
12,242000,2.383635997772217
12,242010,2.0805768966674805
12,242020,2.4025204181671143
12,242030,2.4497616291046143
12,242040,2.1705338954925537
12,242050,1.9969358444213867
12,242060,2.2359519004821777
12,242070,2.0358948707580566
12,242080,2.6662893295288086
12,242090,2.4254846572875977
12,242100,2.1468706130981445
12,242110,2.680569648742676
12,242120,2.1945858001708984
12,242130,2.2401819229125977
12,242140,2.227740526199341
12,242150,2.3874166011810303
12,242160,2.0753650665283203
12,242170,2.493170976638794
12,242180,2.298680305480957
12,242190,2.549423933029175
12,242200,2.452789306640625
12,242210,2.1167960166931152
12,242220,2.2781739234924316
12,242230,2.3187522888183594
12,242240,2.376941204071045
12,242250,2.070061206817627
12,242260,2.3654074668884277
12,242270,2.3746941089630127
12,242280,2.155449390411377
12,242290,2.3071322441101074
12,242300,2.331313133239746
12,242310,2.373706340789795
12,242320,2.4992480278015137
12,242330,2.0790936946868896
12,242340,2.2793726921081543
12,242350,2.3370885848999023
12,242360,2.227583885192871
12,242370,2.3432087898254395
12,242380,3.1258482933044434
12,242390,2.321892499923706
12,242400,2.2297651767730713
12,242410,2.16991925239563
12,242420,2.2687203884124756
12,242430,2.270777463912964
12,242440,2.107876777648926
12,242450,1.8661926984786987
12,242460,2.145689010620117
12,242470,2.079007387161255
12,242480,2.1754708290100098
12,242490,2.3653817176818848
12,242500,2.6276307106018066
12,242510,2.309040069580078
12,242520,2.1559247970581055
12,242530,2.0301530361175537
12,242540,2.2728075981140137
12,242550,2.578718423843384
12,242560,2.215590476989746
12,242570,2.2245988845825195
12,242580,2.0074174404144287
12,242590,2.5948028564453125
12,242600,2.316713333129883
12,242610,2.246332883834839
12,242620,2.215085983276367
12,242630,2.1654045581817627
12,242640,2.3056640625
12,242650,2.305532932281494
12,242660,2.3532862663269043
12,242670,2.497793674468994
12,242680,2.0322532653808594
12,242690,2.535135507583618
12,242700,2.673065185546875
12,242710,2.200119972229004
12,242720,2.0533645153045654
12,242730,2.6919469833374023
12,242740,2.3601632118225098
12,242750,2.239290952682495
12,242760,2.1789164543151855
12,242770,2.364013671875
12,242780,2.182421922683716
12,242790,2.1091902256011963
12,242800,2.253657817840576
12,242810,2.2644028663635254
12,242820,2.4755187034606934
12,242830,2.5059614181518555
12,242840,2.1004183292388916
12,242850,2.296482563018799
12,242860,2.2343804836273193
12,242870,2.2352097034454346
12,242880,2.4348855018615723
12,242890,2.1447463035583496
12,242900,2.496354818344116
12,242910,2.093181610107422
12,242920,2.3649959564208984
12,242930,2.1482303142547607
12,242940,2.1230993270874023
12,242950,2.156870126724243
12,242960,2.0572493076324463
12,242970,2.179628849029541
12,242980,2.100274085998535
12,242990,2.2894890308380127
12,243000,2.0479161739349365
12,243010,2.046952486038208
12,243020,2.1120944023132324
12,243030,2.2633588314056396
12,243040,2.3072972297668457
12,243050,2.124478816986084
12,243060,2.311973810195923
12,243070,2.2651782035827637
12,243080,2.2056632041931152
12,243090,2.0091967582702637
12,243100,2.6957297325134277
12,243110,2.189145565032959
12,243120,2.1091501712799072
12,243130,2.327878952026367
12,243140,2.443044662475586
12,243150,2.527736186981201
12,243160,2.135983467102051
12,243170,2.3900325298309326
12,243180,2.0681653022766113
12,243190,2.2476766109466553
12,243200,2.243217945098877
12,243210,2.2823848724365234
12,243220,2.256044864654541
12,243230,2.453704357147217
12,243240,2.1894729137420654
12,243250,2.2919797897338867
12,243260,2.124527931213379
12,243270,2.837836980819702
12,243280,2.7983016967773438
12,243290,2.044712543487549
12,243300,2.3990588188171387
12,243310,1.9139904975891113
12,243320,2.018280267715454
12,243330,2.5871081352233887
12,243340,2.39729642868042
12,243350,2.3761849403381348
12,243360,2.242091655731201
12,243370,2.4631597995758057
12,243380,2.054598331451416
12,243390,2.2931621074676514
12,243400,2.609316349029541
12,243410,2.1248772144317627
12,243420,2.5355324745178223
12,243430,2.1393685340881348
12,243440,2.029115676879883
12,243450,2.2356348037719727
12,243460,2.1810646057128906
12,243470,2.3223814964294434
12,243480,2.779865264892578
12,243490,2.3494653701782227
12,243500,2.2809407711029053
12,243510,1.8510642051696777
12,243520,2.124647617340088
12,243530,2.202648639678955
12,243540,2.2996349334716797
12,243550,2.1466338634490967
12,243560,1.9595980644226074
12,243570,2.6032590866088867
12,243580,2.0933339595794678
12,243590,2.208833694458008
12,243600,2.734689235687256
12,243610,2.2023766040802
12,243620,2.174765110015869
12,243630,2.0200648307800293
12,243640,2.3775930404663086
12,243650,2.2423980236053467
12,243660,2.391152858734131
12,243670,2.28439998626709
12,243680,2.2944517135620117
12,243690,2.142662525177002
12,243700,2.3307456970214844
12,243710,2.2662386894226074
12,243720,2.75197172164917
12,243730,2.377023696899414
12,243740,2.146644115447998
12,243750,2.246713638305664
12,243760,2.5664992332458496
12,243770,2.0681557655334473
12,243780,2.686227321624756
12,243790,2.4507579803466797
12,243800,2.662166118621826
12,243810,2.4638783931732178
12,243820,2.0869946479797363
12,243830,2.1788125038146973
12,243840,2.420804977416992
12,243850,2.2165818214416504
12,243860,2.473719358444214
12,243870,2.0037357807159424
12,243880,2.319631576538086
12,243890,2.6692051887512207
12,243900,2.342535972595215
12,243910,2.407414436340332
12,243920,2.215147018432617
12,243930,2.039196491241455
12,243940,2.425797462463379
12,243950,2.359170913696289
12,243960,2.5464892387390137
12,243970,2.410709857940674
12,243980,2.1057162284851074
12,243990,2.1440324783325195
12,244000,2.635777473449707
12,244010,2.090120315551758
12,244020,2.1320643424987793
12,244030,2.2245194911956787
12,244040,2.2964069843292236
12,244050,2.093132495880127
12,244060,2.1096603870391846
12,244070,2.373070240020752
12,244080,2.178738594055176
12,244090,2.262178421020508
12,244100,2.5904393196105957
12,244110,2.5768747329711914
12,244120,2.2002153396606445
12,244130,2.337493896484375
12,244140,2.1640801429748535
12,244150,2.3335065841674805
12,244160,2.393807888031006
12,244170,2.5025877952575684
12,244180,2.250997304916382
12,244190,2.0746145248413086
12,244200,1.9776241779327393
12,244210,1.9793128967285156
12,244220,2.2649574279785156
12,244230,2.075536012649536
12,244240,2.508504867553711
12,244250,2.2507853507995605
12,244260,2.372659921646118
12,244270,2.339834213256836
12,244280,2.1295971870422363
12,244290,2.2472383975982666
12,244300,2.436481475830078
12,244310,2.291287899017334
12,244320,2.570216655731201
12,244330,2.26664662361145
12,244340,2.3634166717529297
12,244350,1.8931188583374023
12,244360,2.1916685104370117
12,244370,2.414628267288208
12,244380,2.249258518218994
12,244390,2.2047805786132812
12,244400,1.9893627166748047
12,244410,2.211395740509033
12,244420,2.082155704498291
12,244430,2.083066463470459
12,244440,2.124521017074585
12,244450,2.2759127616882324
12,244460,2.1471643447875977
12,244470,2.3811442852020264
12,244480,1.9641697406768799
12,244490,2.0881032943725586
12,244500,2.3654608726501465
12,244510,2.2711868286132812
12,244520,2.5279407501220703
12,244530,2.640934944152832
12,244540,2.5785388946533203
12,244550,2.4028146266937256
12,244560,2.146253824234009
12,244570,2.2348103523254395
12,244580,2.1123828887939453
12,244590,2.107360601425171
12,244600,2.1281042098999023
12,244610,2.501554489135742
12,244620,2.077953338623047
12,244630,2.3358168601989746
12,244640,2.19669246673584
12,244650,2.5729894638061523
12,244660,2.287457227706909
12,244670,1.9509066343307495
12,244680,2.279632091522217
12,244690,2.3608672618865967
12,244700,2.5694432258605957
12,244710,2.22800350189209
12,244720,2.388434410095215
12,244730,2.4383082389831543
12,244740,2.4844651222229004
12,244750,2.490088939666748
12,244760,2.243053913116455
12,244770,2.2896060943603516
12,244780,2.4249000549316406
12,244790,2.30411696434021
12,244800,2.1197774410247803
12,244810,2.3752565383911133
12,244820,2.3370344638824463
12,244830,2.186488389968872
12,244840,2.4005661010742188
12,244850,2.1838958263397217
12,244860,2.112497568130493
12,244870,2.174483299255371
12,244880,2.3497347831726074
12,244890,2.4373619556427
12,244900,2.2969229221343994
12,244910,2.222702980041504
12,244920,2.257314682006836
12,244930,2.431628704071045
12,244940,1.9379310607910156
12,244950,2.093554973602295
12,244960,2.054652690887451
12,244970,2.0997695922851562
12,244980,2.3580284118652344
12,244990,2.469480276107788
12,245000,2.0637645721435547
12,245010,2.50795316696167
12,245020,2.999309778213501
12,245030,2.1318979263305664
12,245040,2.1109445095062256
12,245050,2.3213486671447754
12,245060,2.465437650680542
12,245070,2.0472774505615234
12,245080,2.1503257751464844
12,245090,2.3678102493286133
12,245100,2.508620262145996
12,245110,1.9954547882080078
12,245120,2.439700126647949
12,245130,2.40926456451416
12,245140,2.403687000274658
12,245150,2.3087735176086426
12,245160,2.297741413116455
12,245170,2.388005256652832
12,245180,2.3141372203826904
12,245190,2.448073387145996
12,245200,2.8060407638549805
12,245210,1.9319944381713867
12,245220,2.281737804412842
12,245230,2.072052240371704
12,245240,2.1948459148406982
12,245250,2.3231849670410156
12,245260,2.4020159244537354
12,245270,2.2890119552612305
12,245280,2.1292614936828613
12,245290,2.329890727996826
12,245300,2.3829987049102783
12,245310,2.200441837310791
12,245320,2.516627073287964
12,245330,2.3911147117614746
12,245340,2.2999813556671143
12,245350,2.1062891483306885
12,245360,2.088925838470459
12,245370,2.583681344985962
12,245380,2.6165525913238525
12,245390,2.338902711868286
12,245400,2.5519299507141113
12,245410,2.3898816108703613
12,245420,2.1833300590515137
12,245430,2.05525541305542
12,245440,2.0613129138946533
12,245450,2.1794278621673584
12,245460,2.37833571434021
12,245470,2.40043306350708
12,245480,2.2247793674468994
12,245490,2.0244860649108887
12,245500,2.231314182281494
12,245510,2.3398797512054443
12,245520,2.1448912620544434
12,245530,2.4333295822143555
12,245540,2.1159682273864746
12,245550,2.2927706241607666
12,245560,2.2748780250549316
12,245570,2.3268845081329346
12,245580,2.320885419845581
12,245590,2.2926340103149414
12,245600,2.6779966354370117
12,245610,2.396678924560547
12,245620,2.484649419784546
12,245630,2.2072043418884277
12,245640,2.434229612350464
12,245650,2.421767234802246
12,245660,2.1984505653381348
12,245670,2.1657931804656982
12,245680,2.601560354232788
12,245690,2.359804391860962
12,245700,2.108025074005127
12,245710,2.2643144130706787
12,245720,2.4067060947418213
12,245730,2.5085816383361816
12,245740,2.4309945106506348
12,245750,2.4412736892700195
12,245760,2.3036084175109863
12,245770,1.9119625091552734
12,245780,2.6675615310668945
12,245790,2.4530067443847656
12,245800,2.5933470726013184
12,245810,2.3238162994384766
12,245820,2.0406055450439453
12,245830,2.174839973449707
12,245840,2.1681599617004395
12,245850,2.253661870956421
12,245860,2.304417371749878
12,245870,2.1290383338928223
12,245880,1.9985429048538208
12,245890,2.532200574874878
12,245900,2.499570846557617
12,245910,2.2522120475769043
12,245920,2.4704480171203613
12,245930,2.2712466716766357
12,245940,2.4153871536254883
12,245950,2.41093111038208
12,245960,2.1259703636169434
12,245970,2.297696590423584
12,245980,2.3258509635925293
12,245990,2.51303768157959
12,246000,2.1474385261535645
12,246010,2.0943737030029297
12,246020,2.260639190673828
12,246030,2.381528615951538
12,246040,2.4027230739593506
12,246050,2.301304817199707
12,246060,2.3204736709594727
12,246070,2.046368360519409
12,246080,2.1310129165649414
12,246090,2.321547508239746
12,246100,1.9676518440246582
12,246110,2.6591086387634277
12,246120,2.307979106903076
12,246130,2.4948534965515137
12,246140,2.2068088054656982
12,246150,2.1457433700561523
12,246160,2.1259334087371826
12,246170,2.2564103603363037
12,246180,2.457719564437866
12,246190,2.0068764686584473
12,246200,2.3552160263061523
12,246210,2.426995277404785
12,246220,2.0838682651519775
12,246230,2.2661116123199463
12,246240,1.9498990774154663
12,246250,2.2035205364227295
12,246260,1.9626579284667969
12,246270,2.3490843772888184
12,246280,2.3193726539611816
12,246290,2.493288516998291
12,246300,2.291337490081787
12,246310,2.285609245300293
12,246320,2.1899101734161377
12,246330,2.2855567932128906
12,246340,2.0923609733581543
12,246350,2.5300254821777344
12,246360,2.09285831451416
12,246370,2.0644757747650146
12,246380,2.1803579330444336
12,246390,2.0613584518432617
12,246400,2.278237819671631
12,246410,2.451195240020752
12,246420,2.0261192321777344
12,246430,2.2787067890167236
12,246440,2.7051360607147217
12,246450,1.9223992824554443
12,246460,2.311258316040039
12,246470,2.3561887741088867
12,246480,2.1525776386260986
12,246490,2.1289143562316895
12,246500,2.3679113388061523
12,246510,2.2687106132507324
12,246520,2.359280824661255
12,246530,2.347431182861328
12,246540,2.131594657897949
12,246550,2.148749589920044
12,246560,2.5021393299102783
12,246570,2.262967348098755
12,246580,2.421961784362793
12,246590,2.367445468902588
12,246600,2.5717101097106934
12,246610,2.3452072143554688
12,246620,2.2515931129455566
12,246630,2.250584125518799
12,246640,3.0833311080932617
12,246650,2.170349597930908
12,246660,2.2194104194641113
12,246670,2.1489171981811523
12,246680,2.424922466278076
12,246690,2.437282085418701
12,246700,2.1271796226501465
12,246710,2.413989543914795
12,246720,2.3778271675109863
12,246730,2.1855945587158203
12,246740,2.755657196044922
12,246750,2.7900662422180176
12,246760,2.089712381362915
12,246770,2.3131937980651855
12,246780,2.5289852619171143
12,246790,2.3167035579681396
12,246800,2.3589930534362793
12,246810,2.2001311779022217
12,246820,2.483456611633301
12,246830,2.272524833679199
12,246840,2.607978582382202
12,246850,2.6053285598754883
12,246860,2.3941216468811035
12,246870,2.221067428588867
12,246880,2.300281524658203
12,246890,2.127798557281494
12,246900,2.0428237915039062
12,246910,2.6647496223449707
12,246920,2.4570531845092773
12,246930,2.128389358520508
12,246940,2.3306186199188232
12,246950,2.0812158584594727
12,246960,2.496278762817383
12,246970,2.0180811882019043
12,246980,2.460284471511841
12,246990,2.36118745803833
12,247000,2.421156883239746
12,247010,2.0195579528808594
12,247020,2.2965660095214844
12,247030,2.2235684394836426
12,247040,2.734386682510376
12,247050,2.1990742683410645
12,247060,2.267324209213257
12,247070,2.0769803524017334
12,247080,2.5888915061950684
12,247090,2.193516731262207
12,247100,2.301041603088379
12,247110,2.081890344619751
12,247120,2.093863010406494
12,247130,2.137798309326172
12,247140,2.2977495193481445
12,247150,2.5873284339904785
12,247160,2.355189800262451
12,247170,2.365550994873047
12,247180,2.1496012210845947
12,247190,2.156425714492798
12,247200,1.939953327178955
12,247210,2.1307971477508545
12,247220,2.3159468173980713
12,247230,2.350606679916382
12,247240,2.174143075942993
12,247250,2.3673791885375977
12,247260,2.3989102840423584
12,247270,2.2686524391174316
12,247280,2.21687388420105
12,247290,2.3098068237304688
12,247300,2.625915050506592
12,247310,2.2518160343170166
12,247320,2.3376522064208984
12,247330,2.281003713607788
12,247340,2.7379937171936035
12,247350,2.217694044113159
12,247360,2.225280523300171
12,247370,2.1362786293029785
12,247380,2.1086435317993164
12,247390,2.415860891342163
12,247400,2.190542221069336
12,247410,2.2028446197509766
12,247420,2.320444107055664
12,247430,2.409176826477051
12,247440,2.2641475200653076
12,247450,2.2446975708007812
12,247460,2.7516980171203613
12,247470,2.3069982528686523
12,247480,2.3051838874816895
12,247490,2.1122493743896484
12,247500,2.5561957359313965
12,247510,2.561567544937134
12,247520,2.2800276279449463
12,247530,2.6418862342834473
12,247540,2.0143141746520996
12,247550,2.2695765495300293
12,247560,2.1291019916534424
12,247570,2.033754587173462
12,247580,2.1204328536987305
12,247590,2.332394599914551
12,247600,2.1614575386047363
12,247610,2.26082181930542
12,247620,2.167771100997925
12,247630,2.3013365268707275
12,247640,1.9876229763031006
12,247650,2.460113525390625
12,247660,2.0135810375213623
12,247670,2.1999480724334717
12,247680,2.213683605194092
12,247690,2.084589958190918
12,247700,2.081096649169922
12,247710,1.9682338237762451
12,247720,2.515449047088623
12,247730,2.2500767707824707
12,247740,2.448596239089966
12,247750,2.241194725036621
12,247760,2.6215667724609375
12,247770,2.062262773513794
12,247780,2.1609559059143066
12,247790,2.4162468910217285
12,247800,2.334798574447632
12,247810,2.306746006011963
12,247820,2.373600721359253
12,247830,2.104987144470215
12,247840,2.405139923095703
12,247850,2.2310662269592285
12,247860,2.1518309116363525
12,247870,2.041541337966919
12,247880,2.040817975997925
12,247890,2.159539222717285
12,247900,2.4854462146759033
12,247910,2.3359456062316895
12,247920,2.163623571395874
12,247930,2.2866902351379395
12,247940,2.5602550506591797
12,247950,2.1949968338012695
12,247960,2.2163197994232178
12,247970,2.2438158988952637
12,247980,2.1066038608551025
12,247990,2.072458267211914
12,248000,2.6817426681518555
12,248010,2.417553186416626
12,248020,2.282769203186035
12,248030,2.24507474899292
12,248040,2.281728506088257
12,248050,2.2152702808380127
12,248060,2.3948287963867188
12,248070,2.2023723125457764
12,248080,2.2949609756469727
12,248090,2.5067272186279297
12,248100,2.515338659286499
12,248110,2.4883368015289307
12,248120,2.2059617042541504
12,248130,2.2301888465881348
12,248140,2.40079927444458
12,248150,1.9623780250549316
12,248160,2.4757726192474365
12,248170,2.7470550537109375
12,248180,2.1874148845672607
12,248190,2.1019093990325928
12,248200,2.251699686050415
12,248210,2.27321195602417
12,248220,2.0555672645568848
12,248230,2.3542685508728027
12,248240,2.274811267852783
12,248250,2.4588136672973633
12,248260,2.143143653869629
12,248270,2.233675003051758
12,248280,2.429429054260254
12,248290,2.064751625061035
12,248300,2.307265281677246
12,248310,2.825435161590576
12,248320,2.4198827743530273
12,248330,2.5627732276916504
12,248340,2.182394504547119
12,248350,2.5170469284057617
12,248360,2.577284812927246
12,248370,2.3795502185821533
12,248380,2.1928045749664307
12,248390,2.477743148803711
12,248400,2.4016613960266113
12,248410,2.1642215251922607
12,248420,2.1372134685516357
12,248430,2.411742687225342
12,248440,2.485971450805664
12,248450,2.298987865447998
12,248460,2.546879291534424
12,248470,2.590970993041992
12,248480,2.1567611694335938
12,248490,2.169808864593506
12,248500,2.3771214485168457
12,248510,2.1956467628479004
12,248520,2.406386613845825
12,248530,2.2089717388153076
12,248540,2.309523344039917
12,248550,2.9957737922668457
12,248560,2.2782976627349854
12,248570,2.309645175933838
12,248580,2.2945101261138916
12,248590,2.479796886444092
12,248600,2.391047954559326
12,248610,2.3262789249420166
12,248620,2.5013985633850098
12,248630,2.157217025756836
12,248640,2.2861413955688477
12,248650,2.2061078548431396
12,248660,2.127441167831421
12,248670,2.531059980392456
12,248680,2.1351048946380615
12,248690,2.25797700881958
12,248700,2.13930082321167
12,248710,2.7956581115722656
12,248720,2.353869915008545
12,248730,2.2901954650878906
12,248740,2.1013097763061523
12,248750,2.350377082824707
12,248760,2.281493663787842
12,248770,2.180969715118408
12,248780,2.175112724304199
12,248790,2.5014538764953613
12,248800,2.2435951232910156
12,248810,2.283292055130005
12,248820,2.862863063812256
12,248830,2.2581048011779785
12,248840,2.2117013931274414
12,248850,2.3973441123962402
12,248860,2.18414568901062
12,248870,2.0516743659973145
12,248880,1.9204679727554321
12,248890,2.3870444297790527
12,248900,2.260136365890503
12,248910,1.9975687265396118
12,248920,2.1871402263641357
12,248930,2.672574996948242
12,248940,2.680978536605835
12,248950,2.0718302726745605
12,248960,2.227184295654297
12,248970,2.25331711769104
12,248980,2.05920672416687
12,248990,2.250088691711426
12,249000,2.1942477226257324
12,249010,2.366781711578369
12,249020,2.0923173427581787
12,249030,2.241269111633301
12,249040,2.113368511199951
12,249050,2.5958852767944336
12,249060,2.100689649581909
12,249070,2.4033079147338867
12,249080,2.2703049182891846
12,249090,2.3424103260040283
12,249100,2.054753065109253
12,249110,2.455108642578125
12,249120,2.617943048477173
12,249130,2.342708110809326
12,249140,2.3663649559020996
12,249150,2.1705856323242188
12,249160,2.4034414291381836
12,249170,1.9759788513183594
12,249180,2.145784854888916
12,249190,2.4700560569763184
12,249200,2.3521230220794678
12,249210,2.54433274269104
12,249220,2.166964292526245
12,249230,2.0465197563171387
12,249240,1.9491193294525146
12,249250,2.351877450942993
12,249260,2.0558433532714844
12,249270,2.6640334129333496
12,249280,2.2376320362091064
12,249290,2.2108659744262695
12,249300,2.3758769035339355
12,249310,2.2266011238098145
12,249320,2.3892922401428223
12,249330,2.5282607078552246
12,249340,2.345057487487793
12,249350,2.4159061908721924
12,249360,2.1270217895507812
12,249370,2.2801706790924072
12,249380,2.1652274131774902
12,249390,2.237473964691162
12,249400,2.542429208755493
12,249410,2.2660467624664307
12,249420,2.742262601852417
12,249430,1.8591117858886719
12,249440,1.9394432306289673
12,249450,2.6204564571380615
12,249460,2.1629514694213867
12,249470,2.9218363761901855
12,249480,2.319396495819092
12,249490,2.187490224838257
12,249500,2.4238414764404297
12,249510,2.643312692642212
12,249520,2.224757671356201
12,249530,2.415358066558838
12,249540,2.188561201095581
12,249550,2.196291923522949
12,249560,2.136503219604492
12,249570,2.4985899925231934
12,249580,2.1472227573394775
12,249590,2.4531798362731934
12,249600,2.302269458770752
12,249610,2.0614824295043945
12,249620,2.125772714614868
12,249630,2.0343682765960693
12,249640,2.1556780338287354
12,249650,2.7525739669799805
12,249660,2.344367504119873
12,249670,2.370088815689087
12,249680,2.260507822036743
12,249690,2.3787412643432617
12,249700,2.348803758621216
12,249710,2.1154186725616455
12,249720,2.575453758239746
12,249730,2.0797982215881348
12,249740,2.0826432704925537
12,249750,2.175049304962158
12,249760,2.4041311740875244
12,249770,2.2436752319335938
12,249780,2.061213493347168
12,249790,2.3051393032073975
12,249800,2.27436900138855
12,249810,1.9546456336975098
12,249820,2.295660972595215
12,249830,2.282332420349121
12,249840,2.4194893836975098
12,249850,2.180518865585327
12,249860,2.2533535957336426
12,249870,2.2563295364379883
12,249880,2.188128709793091
12,249890,2.1213786602020264
12,249900,2.370227336883545
12,249910,2.4734745025634766
12,249920,2.410745143890381
12,249930,2.1425914764404297
12,249940,2.5755066871643066
12,249950,2.6373467445373535
12,249960,2.5066604614257812
12,249970,2.3358712196350098
12,249980,2.0720126628875732
12,249990,2.507319927215576
12,250000,2.270413637161255
12,250010,2.09450626373291
12,250020,2.3495073318481445
12,250030,2.594552993774414
12,250040,2.0830485820770264
12,250050,2.2226507663726807
12,250060,2.2232320308685303
12,250070,2.0347049236297607
12,250080,2.208362102508545
12,250090,2.6964526176452637
12,250100,2.1452407836914062
12,250110,2.5947957038879395
12,250120,2.378293991088867
12,250130,2.56070613861084
12,250140,2.529219150543213
12,250150,2.502014636993408
12,250160,2.295602321624756
12,250170,2.2424283027648926
12,250180,2.4239068031311035
12,250190,2.2900948524475098
12,250200,2.2995033264160156
12,250210,2.1918394565582275
12,250220,2.6146693229675293
12,250230,2.335183620452881
12,250240,2.101100444793701
12,250250,2.258863925933838
12,250260,2.3578927516937256
12,250270,2.539196014404297
12,250280,2.199583053588867
12,250290,2.299276113510132
12,250300,1.9849250316619873
12,250310,1.9189530611038208
12,250320,2.2205145359039307
12,250330,2.158663749694824
12,250340,2.258530616760254
12,250350,2.054445743560791
12,250360,2.129934310913086
12,250370,2.5250892639160156
12,250380,2.2765252590179443
12,250390,2.024449110031128
12,250400,2.1372814178466797
12,250410,2.2258663177490234
12,250420,2.3712220191955566
12,250430,2.0385780334472656
12,250440,2.318293571472168
12,250450,2.3514814376831055
12,250460,2.2418394088745117
12,250470,2.275315284729004
12,250480,2.408858299255371
12,250490,2.2334470748901367
12,250500,2.2262985706329346
12,250510,2.258035898208618
12,250520,2.3757762908935547
12,250530,2.002802610397339
12,250540,2.41890811920166
12,250550,2.2458999156951904
12,250560,2.509471893310547
12,250570,2.4171571731567383
12,250580,2.368642807006836
12,250590,2.591790199279785
12,250600,2.192617893218994
12,250610,2.5993261337280273
12,250620,2.0741658210754395
12,250630,2.207186460494995
12,250640,2.203707218170166
12,250650,2.4827187061309814
12,250660,2.187854528427124
12,250670,2.442915916442871
12,250680,2.2824625968933105
12,250690,2.0577688217163086
12,250700,2.125492572784424
12,250710,2.333623170852661
13,250720,2.8356847763061523
13,250730,2.642791748046875
13,250740,2.5626564025878906
13,250750,2.6273932456970215
13,250760,2.735032081604004
13,250770,2.83278751373291
13,250780,2.798495292663574
13,250790,2.8195180892944336
13,250800,2.9731945991516113
13,250810,2.675090789794922
13,250820,2.631260871887207
13,250830,2.6457839012145996
13,250840,2.4599976539611816
13,250850,2.592186450958252
13,250860,3.0983951091766357
13,250870,3.0080161094665527
13,250880,2.7645862102508545
13,250890,2.9085896015167236
13,250900,2.8099522590637207
13,250910,2.871311902999878
13,250920,2.827665328979492
13,250930,2.628777027130127
13,250940,2.680325508117676
13,250950,2.648963451385498
13,250960,2.705636978149414
13,250970,2.6827940940856934
13,250980,2.800743341445923
13,250990,2.9718527793884277
13,251000,2.9846019744873047
13,251010,2.4527058601379395
13,251020,2.303297519683838
13,251030,2.634701728820801
13,251040,2.9374423027038574
13,251050,2.681765556335449
13,251060,2.446349620819092
13,251070,2.9971885681152344
13,251080,2.731692314147949
13,251090,2.9263410568237305
13,251100,2.6031317710876465
13,251110,2.7986083030700684
13,251120,2.883265733718872
13,251130,2.560871124267578
13,251140,2.5154051780700684
13,251150,3.032731056213379
13,251160,2.4386820793151855
13,251170,2.7323341369628906
13,251180,2.9894931316375732
13,251190,3.0275719165802
13,251200,2.851386308670044
13,251210,2.7568864822387695
13,251220,2.864150047302246
13,251230,2.6239800453186035
13,251240,2.9400887489318848
13,251250,2.600717306137085
13,251260,2.4817848205566406
13,251270,2.6704049110412598
13,251280,2.9548451900482178
13,251290,3.216066837310791
13,251300,2.599276542663574
13,251310,2.8867435455322266
13,251320,2.444638729095459
13,251330,2.7793941497802734
13,251340,2.7572598457336426
13,251350,2.7488508224487305
13,251360,2.972773551940918
13,251370,2.545496940612793
13,251380,3.2443761825561523
13,251390,2.249622344970703
13,251400,2.62636137008667
13,251410,2.724426507949829
13,251420,2.618513584136963
13,251430,2.446035385131836
13,251440,3.031216621398926
13,251450,2.7003543376922607
13,251460,2.661999464035034
13,251470,2.4702394008636475
13,251480,2.8993773460388184
13,251490,3.165477752685547
13,251500,2.8460659980773926
13,251510,2.7002406120300293
13,251520,2.63392972946167
13,251530,3.1570584774017334
13,251540,2.3725364208221436
13,251550,2.4934937953948975
13,251560,2.6250295639038086
13,251570,2.632701873779297
13,251580,2.5212440490722656
13,251590,2.7667007446289062
13,251600,3.0391809940338135
13,251610,2.841918468475342
13,251620,2.580165147781372
13,251630,2.5625696182250977
13,251640,2.8303256034851074
13,251650,3.201508045196533
13,251660,2.5201563835144043
13,251670,2.562239170074463
13,251680,2.79343843460083
13,251690,2.5075926780700684
13,251700,2.624739646911621
13,251710,2.4842238426208496
13,251720,2.4665961265563965
13,251730,2.970961570739746
13,251740,2.830695152282715
13,251750,2.747037172317505
13,251760,2.685995578765869
13,251770,2.7284059524536133
13,251780,2.7032487392425537
13,251790,2.6345181465148926
13,251800,2.9540371894836426
13,251810,2.6897571086883545
13,251820,2.642838716506958
13,251830,2.885702133178711
13,251840,2.9207258224487305
13,251850,2.6769795417785645
13,251860,2.596100091934204
13,251870,3.2423830032348633
13,251880,2.847426414489746
13,251890,2.6605005264282227
13,251900,2.456821918487549
13,251910,3.0345005989074707
13,251920,3.0040347576141357
13,251930,2.663217067718506
13,251940,2.845017433166504
13,251950,2.2365732192993164
13,251960,2.7453536987304688
13,251970,2.7398953437805176
13,251980,2.76997447013855
13,251990,2.7684826850891113
13,252000,2.724529981613159
13,252010,2.9551262855529785
13,252020,2.4886980056762695
13,252030,2.8028852939605713
13,252040,3.3749732971191406
13,252050,2.4985644817352295
13,252060,2.8007359504699707
13,252070,2.348027229309082
13,252080,2.998523473739624
13,252090,2.6543655395507812
13,252100,3.430351734161377
13,252110,3.247224807739258
13,252120,2.494565486907959
13,252130,2.9039645195007324
13,252140,2.5266759395599365
13,252150,2.448794364929199
13,252160,2.529097557067871
13,252170,2.54841685295105
13,252180,2.8772640228271484
13,252190,2.967825174331665
13,252200,2.534311294555664
13,252210,2.8033947944641113
13,252220,2.540788412094116
13,252230,2.676644802093506
13,252240,2.8749771118164062
13,252250,2.616180896759033
13,252260,2.514275074005127
13,252270,3.385293483734131
13,252280,2.9003098011016846
13,252290,2.725893497467041
13,252300,2.882505178451538
13,252310,2.7276129722595215
13,252320,2.437795639038086
13,252330,2.6876449584960938
13,252340,2.9199790954589844
13,252350,3.0224971771240234
13,252360,2.888162612915039
13,252370,2.4737372398376465
13,252380,2.704329490661621
13,252390,3.1241073608398438
13,252400,2.6639113426208496
13,252410,2.8106696605682373
13,252420,3.047797203063965
13,252430,2.7223029136657715
13,252440,2.5477612018585205
13,252450,2.6893277168273926
13,252460,3.1107311248779297
13,252470,2.881293773651123
13,252480,2.38179874420166
13,252490,2.563202142715454
13,252500,2.3501691818237305
13,252510,2.5754504203796387
13,252520,2.780214786529541
13,252530,2.8911454677581787
13,252540,2.753218173980713
13,252550,2.921649932861328
13,252560,2.4709625244140625
13,252570,2.709395408630371
13,252580,2.9852538108825684
13,252590,2.689809560775757
13,252600,2.5427818298339844
13,252610,2.979039430618286
13,252620,2.6775283813476562
13,252630,2.8153629302978516
13,252640,2.927840232849121
13,252650,2.6546764373779297
13,252660,2.62418270111084
13,252670,2.5828769207000732
13,252680,2.2458529472351074
13,252690,2.8399088382720947
13,252700,3.1065196990966797
13,252710,2.819145679473877
13,252720,2.6731162071228027
13,252730,2.852259635925293
13,252740,2.724008560180664
13,252750,2.65885591506958
13,252760,2.6278116703033447
13,252770,2.938958168029785
13,252780,2.7820372581481934
13,252790,2.6981711387634277
13,252800,2.5959320068359375
13,252810,2.717019557952881
13,252820,2.9213695526123047
13,252830,2.848580837249756
13,252840,2.744508743286133
13,252850,2.853285312652588
13,252860,2.5594303607940674
13,252870,2.620497703552246
13,252880,2.4781432151794434
13,252890,2.8224682807922363
13,252900,3.024034023284912
13,252910,2.4444119930267334
13,252920,2.5715110301971436
13,252930,2.528787136077881
13,252940,2.621025562286377
13,252950,2.7831649780273438
13,252960,2.891148090362549
13,252970,3.0470290184020996
13,252980,2.8031680583953857
13,252990,2.6003174781799316
13,253000,2.8527653217315674
13,253010,2.7179689407348633
13,253020,3.0285024642944336
13,253030,2.4974141120910645
13,253040,2.6222639083862305
13,253050,2.707381248474121
13,253060,2.71183443069458
13,253070,2.5873327255249023
13,253080,2.6103758811950684
13,253090,2.506350040435791
13,253100,3.100686550140381
13,253110,2.5035722255706787
13,253120,2.6441595554351807
13,253130,2.690922737121582
13,253140,2.1767020225524902
13,253150,2.7249956130981445
13,253160,2.556532144546509
13,253170,2.652724504470825
13,253180,2.6233561038970947
13,253190,2.7782704830169678
13,253200,2.8152008056640625
13,253210,2.604254722595215
13,253220,3.411543846130371
13,253230,2.8864526748657227
13,253240,2.784472942352295
13,253250,2.5537495613098145
13,253260,2.813976764678955
13,253270,2.859105110168457
13,253280,2.5002012252807617
13,253290,2.962400436401367
13,253300,2.724188804626465
13,253310,2.6204373836517334
13,253320,2.9288549423217773
13,253330,2.7990450859069824
13,253340,2.684924364089966
13,253350,2.7033004760742188
13,253360,2.9041075706481934
13,253370,2.3918356895446777
13,253380,2.7305655479431152
13,253390,2.6242294311523438
13,253400,2.829254150390625
13,253410,2.8419933319091797
13,253420,3.237819194793701
13,253430,2.569243907928467
13,253440,2.4505038261413574
13,253450,2.454555034637451
13,253460,2.8211112022399902
13,253470,3.1594672203063965
13,253480,2.633183002471924
13,253490,2.6958024501800537
13,253500,3.183701992034912
13,253510,2.9954781532287598
13,253520,2.973454713821411
13,253530,2.3367347717285156
13,253540,2.295464515686035
13,253550,2.8886375427246094
13,253560,2.8476219177246094
13,253570,2.382279634475708
13,253580,2.6461739540100098
13,253590,2.6501922607421875
13,253600,2.836033582687378
13,253610,3.0288641452789307
13,253620,3.215832233428955
13,253630,2.5293736457824707
13,253640,3.071420431137085
13,253650,3.1462130546569824
13,253660,2.8394179344177246
13,253670,3.16603946685791
13,253680,2.59269380569458
13,253690,2.806279420852661
13,253700,2.635209321975708
13,253710,2.7506566047668457
13,253720,2.655599594116211
13,253730,3.0566558837890625
13,253740,2.814730167388916
13,253750,2.503619909286499
13,253760,2.7356972694396973
13,253770,2.9149389266967773
13,253780,3.07289981842041
13,253790,2.841385841369629
13,253800,2.9204907417297363
13,253810,2.6866087913513184
13,253820,2.7661590576171875
13,253830,2.8761162757873535
13,253840,2.8701844215393066
13,253850,2.4640860557556152
13,253860,2.979733467102051
13,253870,2.7021522521972656
13,253880,2.463243246078491
13,253890,3.0198237895965576
13,253900,2.947683811187744
13,253910,2.990894317626953
13,253920,2.588972568511963
13,253930,2.5918211936950684
13,253940,2.7612032890319824
13,253950,2.930112361907959
13,253960,2.57395076751709
13,253970,3.1248412132263184
13,253980,2.5337882041931152
13,253990,2.7479922771453857
13,254000,2.868314504623413
13,254010,2.743093967437744
13,254020,3.5359787940979004
13,254030,2.8795361518859863
13,254040,2.5933518409729004
13,254050,2.7742795944213867
13,254060,2.7577805519104004
13,254070,2.7297964096069336
13,254080,2.7223968505859375
13,254090,3.4385218620300293
13,254100,2.5844032764434814
13,254110,2.814763069152832
13,254120,2.761434316635132
13,254130,2.883047103881836
13,254140,3.1215667724609375
13,254150,2.5411293506622314
13,254160,2.927053213119507
13,254170,2.5552752017974854
13,254180,2.8797459602355957
13,254190,3.072375535964966
13,254200,2.6436657905578613
13,254210,2.680428981781006
13,254220,2.9386680126190186
13,254230,2.71134614944458
13,254240,2.7315940856933594
13,254250,3.0009593963623047
13,254260,2.931757926940918
13,254270,2.667937755584717
13,254280,2.3648433685302734
13,254290,2.808605670928955
13,254300,2.5641164779663086
13,254310,2.8569223880767822
13,254320,2.8637237548828125
13,254330,2.448025703430176
13,254340,2.9176199436187744
13,254350,2.7095947265625
13,254360,2.69602632522583
13,254370,2.772026538848877
13,254380,2.7760186195373535
13,254390,2.6448678970336914
13,254400,2.7076499462127686
13,254410,2.720313310623169
13,254420,2.835639238357544
13,254430,2.666673183441162
13,254440,2.6199300289154053
13,254450,2.8379404544830322
13,254460,2.6954660415649414
13,254470,2.495004177093506
13,254480,2.9681801795959473
13,254490,2.9859466552734375
13,254500,2.693258047103882
13,254510,2.6276252269744873
13,254520,2.7586965560913086
13,254530,2.8288731575012207
13,254540,2.979949951171875
13,254550,3.0308074951171875
13,254560,2.7066659927368164
13,254570,2.613903045654297
13,254580,2.460789680480957
13,254590,2.550351142883301
13,254600,2.8336381912231445
13,254610,2.641446113586426
13,254620,2.753232955932617
13,254630,2.859555244445801
13,254640,2.549281120300293
13,254650,2.558837413787842
13,254660,2.8050434589385986
13,254670,2.6018285751342773
13,254680,2.5964114665985107
13,254690,2.7050247192382812
13,254700,2.7501959800720215
13,254710,3.0453977584838867
13,254720,2.7049007415771484
13,254730,2.856255054473877
13,254740,2.490265369415283
13,254750,2.6687192916870117
13,254760,2.383924961090088
13,254770,2.559345006942749
13,254780,2.879271984100342
13,254790,2.5366578102111816
13,254800,2.8669962882995605
13,254810,2.7938475608825684
13,254820,2.9286088943481445
13,254830,2.6027674674987793
13,254840,2.4559903144836426
13,254850,2.6900877952575684
13,254860,2.7338380813598633
13,254870,2.829833984375
13,254880,2.521486759185791
13,254890,2.941054582595825
13,254900,2.578218460083008
13,254910,2.3654685020446777
13,254920,2.633053779602051
13,254930,2.4046854972839355
13,254940,2.686471939086914
13,254950,2.7293453216552734
13,254960,2.593197822570801
13,254970,2.8785247802734375
13,254980,2.5636003017425537
13,254990,2.5288052558898926
13,255000,2.4630379676818848
13,255010,2.5495293140411377
13,255020,2.9686436653137207
13,255030,2.7486438751220703
13,255040,2.6270971298217773
13,255050,2.8591301441192627
13,255060,2.6557388305664062
13,255070,2.4617438316345215
13,255080,2.668437957763672
13,255090,2.974609851837158
13,255100,2.4115424156188965
13,255110,2.9248366355895996
13,255120,2.463121175765991
13,255130,2.696056604385376
13,255140,2.5356786251068115
13,255150,2.388627052307129
13,255160,2.6569552421569824
13,255170,2.6018519401550293
13,255180,3.0250625610351562
13,255190,2.6492528915405273
13,255200,3.0262110233306885
13,255210,2.7315540313720703
13,255220,2.7805747985839844
13,255230,2.717466354370117
13,255240,2.87589955329895
13,255250,2.799248218536377
13,255260,2.7433934211730957
13,255270,2.7038023471832275
13,255280,2.709777355194092
13,255290,2.6637492179870605
13,255300,2.3383285999298096
13,255310,3.1143550872802734
13,255320,3.059162139892578
13,255330,2.768653631210327
13,255340,2.7627580165863037
13,255350,2.368332862854004
13,255360,3.058854103088379
13,255370,2.8722898960113525
13,255380,2.7012569904327393
13,255390,2.3741202354431152
13,255400,2.9375109672546387
13,255410,2.8926212787628174
13,255420,2.69718599319458
13,255430,2.540907621383667
13,255440,2.4616751670837402
13,255450,2.5791783332824707
13,255460,2.719298839569092
13,255470,2.6498050689697266
13,255480,2.5553669929504395
13,255490,3.114490032196045
13,255500,2.696523666381836
13,255510,2.5909905433654785
13,255520,2.895089626312256
13,255530,2.5351181030273438
13,255540,2.7987356185913086
13,255550,2.491563081741333
13,255560,2.5015761852264404
13,255570,2.5319886207580566
13,255580,2.552490234375
13,255590,2.791836738586426
13,255600,2.7400898933410645
13,255610,2.889909505844116
13,255620,2.877908706665039
13,255630,2.558772325515747
13,255640,2.9819042682647705
13,255650,2.707529067993164
13,255660,2.9384326934814453
13,255670,2.64520263671875
13,255680,2.5592379570007324
13,255690,2.5468685626983643
13,255700,2.7560529708862305
13,255710,2.840367317199707
13,255720,2.232755661010742
13,255730,2.9141783714294434
13,255740,2.520394802093506
13,255750,2.5439634323120117
13,255760,2.4668002128601074
13,255770,3.038806915283203
13,255780,2.670466899871826
13,255790,2.4140686988830566
13,255800,2.538577079772949
13,255810,2.7911696434020996
13,255820,3.0526890754699707
13,255830,2.718608856201172
13,255840,2.4876790046691895
13,255850,2.48659086227417
13,255860,2.712430000305176
13,255870,3.0967118740081787
13,255880,2.684040069580078
13,255890,3.0823938846588135
13,255900,2.6716647148132324
13,255910,2.622847557067871
13,255920,2.780567169189453
13,255930,2.774136543273926
13,255940,2.8380300998687744
13,255950,3.0470898151397705
13,255960,2.454102039337158
13,255970,2.5656540393829346
13,255980,2.7757863998413086
13,255990,2.240334987640381
13,256000,2.9396891593933105
13,256010,3.3497471809387207
13,256020,2.704349994659424
13,256030,2.917365550994873
13,256040,2.5725064277648926
13,256050,3.0502572059631348
13,256060,2.8518919944763184
13,256070,2.587437629699707
13,256080,2.730159282684326
13,256090,2.915597438812256
13,256100,2.7607533931732178
13,256110,2.964731216430664
13,256120,2.3765869140625
13,256130,2.716249942779541
13,256140,2.89076828956604
13,256150,2.908769130706787
13,256160,2.63985538482666
13,256170,3.109426498413086
13,256180,2.638680934906006
13,256190,2.935580253601074
13,256200,2.690390110015869
13,256210,2.7762198448181152
13,256220,3.04980731010437
13,256230,2.5972225666046143
13,256240,2.5862159729003906
13,256250,2.51979660987854
13,256260,2.7553396224975586
13,256270,2.6954948902130127
13,256280,2.4063897132873535
13,256290,2.915235996246338
13,256300,3.0084829330444336
13,256310,3.2348148822784424
13,256320,3.189818859100342
13,256330,2.7107486724853516
13,256340,2.899195909500122
13,256350,2.939822196960449
13,256360,3.0606799125671387
13,256370,3.013965129852295
13,256380,2.4554147720336914
13,256390,2.9143002033233643
13,256400,2.66219425201416
13,256410,2.5015978813171387
13,256420,2.9224343299865723
13,256430,2.6738808155059814
13,256440,2.9054367542266846
13,256450,2.7911438941955566
13,256460,3.1190977096557617
13,256470,2.992140531539917
13,256480,2.488258123397827
13,256490,2.985645294189453
13,256500,2.741304636001587
13,256510,2.7676403522491455
13,256520,2.601206064224243
13,256530,2.5740931034088135
13,256540,2.61759090423584
13,256550,2.6130800247192383
13,256560,3.0536537170410156
13,256570,2.394768714904785
13,256580,2.4406721591949463
13,256590,2.8381130695343018
13,256600,2.7590718269348145
13,256610,2.739231824874878
13,256620,2.7080612182617188
13,256630,2.8243942260742188
13,256640,2.7460386753082275
13,256650,2.7834150791168213
13,256660,2.858675003051758
13,256670,2.780116558074951
13,256680,2.755026340484619
13,256690,2.8793249130249023
13,256700,2.602997303009033
13,256710,2.650658130645752
13,256720,2.8309497833251953
13,256730,2.3013291358947754
13,256740,2.753037214279175
13,256750,2.2167885303497314
13,256760,2.273591995239258
13,256770,2.6428709030151367
13,256780,2.385953426361084
13,256790,2.5676469802856445
13,256800,2.725327491760254
13,256810,3.0793046951293945
13,256820,2.60847806930542
13,256830,2.6900014877319336
13,256840,2.586960792541504
13,256850,2.6092166900634766
13,256860,2.7095658779144287
13,256870,2.568918466567993
13,256880,2.4031949043273926
13,256890,2.9215967655181885
13,256900,2.667585611343384
13,256910,2.5793566703796387
13,256920,2.7005093097686768
13,256930,2.6552066802978516
13,256940,2.6883034706115723
13,256950,2.62064790725708
13,256960,2.621248245239258
13,256970,2.5143966674804688
13,256980,2.8992316722869873
13,256990,2.810267448425293
13,257000,2.7686514854431152
13,257010,2.76045560836792
13,257020,2.572252035140991
13,257030,2.7075023651123047
13,257040,2.942805528640747
13,257050,2.74942684173584
13,257060,2.8326447010040283
13,257070,2.8581557273864746
13,257080,2.7799673080444336
13,257090,2.7070369720458984
13,257100,2.945984363555908
13,257110,2.6034789085388184
13,257120,2.934182643890381
13,257130,2.6858999729156494
13,257140,2.7829627990722656
13,257150,2.430431365966797
13,257160,2.7678346633911133
13,257170,2.7352609634399414
13,257180,3.0885653495788574
13,257190,2.7773830890655518
13,257200,2.7885313034057617
13,257210,2.678396224975586
13,257220,2.442328453063965
13,257230,2.6071393489837646
13,257240,2.5355939865112305
13,257250,2.648148536682129
13,257260,2.7996225357055664
13,257270,2.3811604976654053
13,257280,2.880618095397949
13,257290,2.447425365447998
13,257300,2.4864501953125
13,257310,2.864894390106201
13,257320,2.3236780166625977
13,257330,2.564927339553833
13,257340,2.9547781944274902
13,257350,3.421893835067749
13,257360,2.42751407623291
13,257370,2.680286407470703
13,257380,2.999077796936035
13,257390,2.663703441619873
13,257400,2.896507740020752
13,257410,2.7927513122558594
13,257420,2.694542169570923
13,257430,2.625483751296997
13,257440,2.6773624420166016
13,257450,2.542314291000366
13,257460,2.6471683979034424
13,257470,2.8140339851379395
13,257480,2.378868818283081
13,257490,2.67378306388855
13,257500,2.7278778553009033
13,257510,3.109822988510132
13,257520,2.8834474086761475
13,257530,2.811779022216797
13,257540,3.1557111740112305
13,257550,3.1004583835601807
13,257560,2.613874912261963
13,257570,2.9886701107025146
13,257580,2.742251396179199
13,257590,3.0663795471191406
13,257600,2.3965139389038086
13,257610,2.6299257278442383
13,257620,2.9674720764160156
13,257630,2.4972167015075684
13,257640,2.725205898284912
13,257650,2.4814538955688477
13,257660,2.5863776206970215
13,257670,2.393281936645508
13,257680,2.5173001289367676
13,257690,3.1441311836242676
13,257700,2.745760440826416
13,257710,2.764674663543701
13,257720,2.6085777282714844
13,257730,2.6507816314697266
13,257740,2.581806182861328
13,257750,2.4497861862182617
13,257760,2.600775718688965
13,257770,2.4099066257476807
13,257780,2.78926682472229
13,257790,2.7256693840026855
13,257800,3.0873403549194336
13,257810,2.779137372970581
13,257820,2.7579548358917236
13,257830,2.3220229148864746
13,257840,2.5370230674743652
13,257850,3.034339427947998
13,257860,2.836656093597412
13,257870,2.896724224090576
13,257880,2.454780101776123
13,257890,2.535961389541626
13,257900,2.5047428607940674
13,257910,2.877689838409424
13,257920,2.459743022918701
13,257930,2.6329245567321777
13,257940,2.418980598449707
13,257950,3.0713601112365723
13,257960,2.7065091133117676
13,257970,2.771200180053711
13,257980,2.7112417221069336
13,257990,2.8124191761016846
13,258000,2.8641951084136963
13,258010,2.850302219390869
13,258020,3.1522786617279053
13,258030,2.580240249633789
13,258040,2.6844470500946045
13,258050,2.726078987121582
13,258060,2.765880584716797
13,258070,2.7485077381134033
13,258080,2.4831347465515137
13,258090,2.4855525493621826
13,258100,3.168222427368164
13,258110,2.4023025035858154
13,258120,2.9759061336517334
13,258130,2.5796921253204346
13,258140,2.6959521770477295
13,258150,3.1880784034729004
13,258160,2.6968753337860107
13,258170,2.611755847930908
13,258180,2.6756577491760254
13,258190,2.9759178161621094
13,258200,2.725982189178467
13,258210,2.706791877746582
13,258220,2.581326484680176
13,258230,2.7067017555236816
13,258240,2.6446878910064697
13,258250,2.5603771209716797
13,258260,1.9477603435516357
13,258270,2.6158790588378906
13,258280,2.6851589679718018
13,258290,2.458141803741455
13,258300,2.447171688079834
13,258310,2.593029499053955
13,258320,2.6962265968322754
13,258330,2.955726146697998
13,258340,2.7349319458007812
13,258350,2.4898791313171387
13,258360,2.969395160675049
13,258370,2.542299509048462
13,258380,2.69551420211792
13,258390,2.3295440673828125
13,258400,2.81380558013916
13,258410,2.292302131652832
13,258420,2.4393177032470703
13,258430,3.168300151824951
13,258440,2.7729222774505615
13,258450,2.722900390625
13,258460,2.5264952182769775
13,258470,2.234217643737793
13,258480,2.5069499015808105
13,258490,2.7100205421447754
13,258500,2.595362663269043
13,258510,2.565911293029785
13,258520,2.884359836578369
13,258530,2.869920015335083
13,258540,2.676784038543701
13,258550,2.7269234657287598
13,258560,2.5630850791931152
13,258570,2.5890302658081055
13,258580,3.0370635986328125
13,258590,3.103671073913574
13,258600,2.772296667098999
13,258610,2.5376172065734863
13,258620,2.510906219482422
13,258630,3.109372138977051
13,258640,3.209852695465088
13,258650,2.681464910507202
13,258660,2.93517804145813
13,258670,2.9049346446990967
13,258680,2.918292999267578
13,258690,2.5754098892211914
13,258700,2.980759620666504
13,258710,2.3417739868164062
13,258720,2.617767333984375
13,258730,2.7010183334350586
13,258740,2.8337550163269043
13,258750,2.928873062133789
13,258760,2.870015859603882
13,258770,2.704388380050659
13,258780,2.830456256866455
13,258790,2.689706563949585
13,258800,2.743253231048584
13,258810,2.589608669281006
13,258820,3.1393985748291016
13,258830,2.813523769378662
13,258840,2.7383933067321777
13,258850,2.8425607681274414
13,258860,2.4256834983825684
13,258870,2.4562716484069824
13,258880,2.6215920448303223
13,258890,2.54345703125
13,258900,2.604292869567871
13,258910,2.937624454498291
13,258920,2.522932529449463
13,258930,2.9854912757873535
13,258940,2.7884905338287354
13,258950,2.675086498260498
13,258960,2.832846164703369
13,258970,2.5418097972869873
13,258980,3.1504392623901367
13,258990,2.886166572570801
13,259000,3.0802133083343506
13,259010,2.9378457069396973
13,259020,2.9662230014801025
13,259030,2.607725143432617
13,259040,2.372528553009033
13,259050,2.6727676391601562
13,259060,2.6253902912139893
13,259070,2.7145423889160156
13,259080,2.7433619499206543
13,259090,2.843656539916992
13,259100,2.551920175552368
13,259110,3.236086368560791
13,259120,2.9497435092926025
13,259130,2.6462812423706055
13,259140,3.057637929916382
13,259150,3.023881435394287
13,259160,2.7071280479431152
13,259170,2.668731212615967
13,259180,3.0655107498168945
13,259190,3.2205817699432373
13,259200,2.373508930206299
13,259210,2.746286153793335
13,259220,2.7390072345733643
13,259230,2.577202320098877
13,259240,2.839352607727051
13,259250,2.7775676250457764
13,259260,2.5530476570129395
13,259270,3.1733508110046387
13,259280,2.671563148498535
13,259290,2.5344486236572266
13,259300,2.7607717514038086
13,259310,2.5978002548217773
13,259320,2.8583178520202637
13,259330,2.454878807067871
13,259340,2.6002702713012695
13,259350,2.9255027770996094
13,259360,2.7220358848571777
13,259370,2.9420700073242188
13,259380,2.8512144088745117
13,259390,2.9352974891662598
13,259400,2.7652335166931152
13,259410,3.2812180519104004
13,259420,2.670187473297119
13,259430,2.6687207221984863
13,259440,2.893155574798584
13,259450,2.699275493621826
13,259460,2.642303943634033
13,259470,2.545901298522949
13,259480,2.669679880142212
13,259490,2.445239543914795
13,259500,3.0758042335510254
13,259510,2.9404263496398926
13,259520,2.336765766143799
13,259530,2.716350555419922
13,259540,2.49737811088562
13,259550,2.6400251388549805
13,259560,3.101428985595703
13,259570,2.5021817684173584
13,259580,2.5712618827819824
13,259590,2.3949811458587646
13,259600,2.9507269859313965
13,259610,2.428741931915283
13,259620,2.701347827911377
13,259630,2.4628705978393555
13,259640,2.8214077949523926
13,259650,2.27852725982666
13,259660,2.710106372833252
13,259670,2.348487615585327
13,259680,2.809678077697754
13,259690,2.6739470958709717
13,259700,2.95585298538208
13,259710,2.512044906616211
13,259720,2.8126449584960938
13,259730,2.891944646835327
13,259740,2.817011833190918
13,259750,2.6544251441955566
13,259760,2.737861156463623
13,259770,2.5078043937683105
13,259780,2.8309948444366455
13,259790,2.415884017944336
13,259800,3.114212989807129
13,259810,2.4371347427368164
13,259820,2.466702461242676
13,259830,2.477808713912964
13,259840,2.9348859786987305
13,259850,2.371830940246582
13,259860,2.8169472217559814
13,259870,3.214289903640747
13,259880,2.6630258560180664
13,259890,2.5144829750061035
13,259900,2.833648920059204
13,259910,2.413727283477783
13,259920,2.918893337249756
13,259930,2.655763626098633
13,259940,2.47517466545105
13,259950,2.5698490142822266
13,259960,2.932957172393799
13,259970,2.4217963218688965
13,259980,2.775902509689331
13,259990,2.6762096881866455
13,260000,2.853306770324707
13,260010,2.3212218284606934
13,260020,2.3255996704101562
13,260030,2.328505039215088
13,260040,2.050107002258301
13,260050,2.3343191146850586
13,260060,1.9970617294311523
13,260070,2.199047803878784
13,260080,2.232893943786621
13,260090,2.2845427989959717
13,260100,2.212960720062256
13,260110,2.128742218017578
13,260120,2.4340829849243164
13,260130,2.4353435039520264
13,260140,2.2028298377990723
13,260150,2.213139533996582
13,260160,2.028383255004883
13,260170,2.254040241241455
13,260180,2.0335350036621094
13,260190,2.457557201385498
13,260200,2.44643497467041
13,260210,2.3246142864227295
13,260220,1.9708678722381592
13,260230,2.231667995452881
13,260240,2.0758769512176514
13,260250,2.5085577964782715
13,260260,2.286468982696533
13,260270,2.247002124786377
13,260280,2.4196388721466064
13,260290,2.444509267807007
13,260300,2.4659764766693115
13,260310,2.310053586959839
13,260320,2.130568504333496
13,260330,2.3008017539978027
13,260340,2.3194894790649414
13,260350,2.3291988372802734
13,260360,2.2272324562072754
13,260370,2.254216432571411
13,260380,2.027782917022705
13,260390,2.4742062091827393
13,260400,2.2611618041992188
13,260410,1.9307620525360107
13,260420,2.4154696464538574
13,260430,2.4694035053253174
13,260440,2.2763707637786865
13,260450,2.0553436279296875
13,260460,2.6807010173797607
13,260470,2.2883963584899902
13,260480,2.333587408065796
13,260490,2.1773533821105957
13,260500,2.4554226398468018
13,260510,2.4992661476135254
13,260520,2.2025952339172363
13,260530,2.219424247741699
13,260540,2.5719892978668213
13,260550,2.2794456481933594
13,260560,1.9727160930633545
13,260570,2.0918679237365723
13,260580,2.4389076232910156
13,260590,2.0474610328674316
13,260600,2.2897486686706543
13,260610,2.236006498336792
13,260620,2.30302095413208
13,260630,2.184574842453003
13,260640,2.139169692993164
13,260650,2.212277412414551
13,260660,2.248124122619629
13,260670,2.0830278396606445
13,260680,2.536024570465088
13,260690,2.2618966102600098
13,260700,2.315295934677124
13,260710,2.3845736980438232
13,260720,2.612565517425537
13,260730,2.2988500595092773
13,260740,2.391610622406006
13,260750,2.1894121170043945
13,260760,2.2380194664001465
13,260770,2.1264166831970215
13,260780,2.2732865810394287
13,260790,2.247288942337036
13,260800,2.170564651489258
13,260810,2.0748510360717773
13,260820,2.4928970336914062
13,260830,2.187166213989258
13,260840,2.5505752563476562
13,260850,2.0505318641662598
13,260860,2.229769468307495
13,260870,2.069154977798462
13,260880,1.9042357206344604
13,260890,2.489142894744873
13,260900,2.0269670486450195
13,260910,2.4017059803009033
13,260920,2.687800884246826
13,260930,2.2543482780456543
13,260940,2.024735450744629
13,260950,2.142853260040283
13,260960,1.9914469718933105
13,260970,2.5484492778778076
13,260980,2.112208366394043
13,260990,2.323049306869507
13,261000,2.379443645477295
13,261010,2.389008045196533
13,261020,2.2622857093811035
13,261030,2.058840751647949
13,261040,2.192843437194824
13,261050,2.371795892715454
13,261060,2.2305517196655273
13,261070,2.7148232460021973
13,261080,2.4966185092926025
13,261090,2.1180050373077393
13,261100,2.418872356414795
13,261110,2.4615328311920166
13,261120,2.1502065658569336
13,261130,2.1895837783813477
13,261140,2.496985912322998
13,261150,2.493642568588257
13,261160,2.2493462562561035
13,261170,2.2391722202301025
13,261180,2.409273147583008
13,261190,2.396186351776123
13,261200,2.021090030670166
13,261210,2.105607748031616
13,261220,2.0421030521392822
13,261230,2.0093188285827637
13,261240,2.237694025039673
13,261250,2.646540641784668
13,261260,2.4604551792144775
13,261270,2.231724262237549
13,261280,2.420637845993042
13,261290,2.0513815879821777
13,261300,2.284674644470215
13,261310,2.076992988586426
13,261320,2.2367923259735107
13,261330,2.4283251762390137
13,261340,2.409508466720581
13,261350,2.095493793487549
13,261360,2.1640114784240723
13,261370,2.378115653991699
13,261380,2.0008246898651123
13,261390,2.112215280532837
13,261400,2.418943405151367
13,261410,2.4035985469818115
13,261420,2.7263944149017334
13,261430,2.0467357635498047
13,261440,2.394700527191162
13,261450,2.25760817527771
13,261460,2.4908652305603027
13,261470,2.496180772781372
13,261480,2.381288528442383
13,261490,2.2411153316497803
13,261500,2.544065237045288
13,261510,2.2423126697540283
13,261520,2.654876232147217
13,261530,2.2223825454711914
13,261540,2.5597872734069824
13,261550,2.3847506046295166
13,261560,2.2987425327301025
13,261570,1.8734064102172852
13,261580,1.9414081573486328
13,261590,2.4676599502563477
13,261600,2.330841541290283
13,261610,2.276639938354492
13,261620,2.3816709518432617
13,261630,2.236340284347534
13,261640,2.2455315589904785
13,261650,2.404468536376953
13,261660,2.0615994930267334
13,261670,2.244810104370117
13,261680,2.2158284187316895
13,261690,2.2066574096679688
13,261700,2.030303478240967
13,261710,2.148205280303955
13,261720,2.4848289489746094
13,261730,2.1846511363983154
13,261740,2.22078537940979
13,261750,2.293342113494873
13,261760,2.1252639293670654
13,261770,2.5254156589508057
13,261780,2.0031232833862305
13,261790,2.3531835079193115
13,261800,2.249465227127075
13,261810,2.2203104496002197
13,261820,2.311494827270508
13,261830,2.2196707725524902
13,261840,2.138108015060425
13,261850,2.6006298065185547
13,261860,2.1621367931365967
13,261870,2.120621681213379
13,261880,2.2795417308807373
13,261890,2.20536470413208
13,261900,2.445591449737549
13,261910,2.278310537338257
13,261920,2.365586757659912
13,261930,2.514524459838867
13,261940,2.5648632049560547
13,261950,2.444624423980713
13,261960,2.2345376014709473
13,261970,2.233769416809082
13,261980,2.302506446838379
13,261990,2.3999595642089844
13,262000,2.474249839782715
13,262010,2.0217628479003906
13,262020,2.2593321800231934
13,262030,2.3462977409362793
13,262040,2.2526752948760986
13,262050,2.6651835441589355
13,262060,2.2549548149108887
13,262070,2.282500743865967
13,262080,2.0512542724609375
13,262090,2.526301145553589
13,262100,2.6421971321105957
13,262110,2.365741729736328
13,262120,2.236522912979126
13,262130,2.1941089630126953
13,262140,2.271130084991455
13,262150,2.4449148178100586
13,262160,2.6758363246917725
13,262170,2.091463327407837
13,262180,1.91549551486969
13,262190,1.9137394428253174
13,262200,2.4923722743988037
13,262210,2.144763708114624
13,262220,2.4542717933654785
13,262230,2.079606533050537
13,262240,2.3217453956604004
13,262250,2.602398157119751
13,262260,2.4299890995025635
13,262270,2.4212806224823
13,262280,2.3249151706695557
13,262290,1.7847414016723633
13,262300,1.936387062072754
13,262310,2.5737128257751465
13,262320,2.662632942199707
13,262330,2.066152572631836
13,262340,2.5308213233947754
13,262350,2.1099276542663574
13,262360,2.1287341117858887
13,262370,2.3881726264953613
13,262380,2.328155994415283
13,262390,2.5599112510681152
13,262400,2.1736392974853516
13,262410,2.340759754180908
13,262420,2.508146286010742
13,262430,2.277986526489258
13,262440,2.4805569648742676
13,262450,2.326892614364624
13,262460,2.393012046813965
13,262470,1.970952033996582
13,262480,2.364405632019043
13,262490,2.2787983417510986
13,262500,2.311967372894287
13,262510,2.2604520320892334
13,262520,2.375487804412842
13,262530,1.9163014888763428
13,262540,2.135014772415161
13,262550,2.6761233806610107
13,262560,2.23172664642334
13,262570,2.3019328117370605
13,262580,2.313783645629883
13,262590,2.329289436340332
13,262600,2.2634541988372803
13,262610,2.0079846382141113
13,262620,2.3010735511779785
13,262630,2.2200536727905273
13,262640,2.46095871925354
13,262650,2.4338903427124023
13,262660,2.1128790378570557
13,262670,2.430131196975708
13,262680,2.3557260036468506
13,262690,2.155282735824585
13,262700,2.4792778491973877
13,262710,2.0760440826416016
13,262720,2.4621291160583496
13,262730,2.353541851043701
13,262740,2.350925922393799
13,262750,2.3118598461151123
13,262760,2.3237385749816895
13,262770,2.6647586822509766
13,262780,2.3539586067199707
13,262790,2.3611507415771484
13,262800,2.230381727218628
13,262810,2.1359164714813232
13,262820,2.40792179107666
13,262830,2.2294468879699707
13,262840,2.436973810195923
13,262850,2.027404308319092
13,262860,2.2719991207122803
13,262870,2.2796523571014404
13,262880,2.3447651863098145
13,262890,2.1578712463378906
13,262900,2.349583148956299
13,262910,2.2225518226623535
13,262920,2.540444850921631
13,262930,2.3180389404296875
13,262940,2.373664140701294
13,262950,2.540165424346924
13,262960,2.3050169944763184
13,262970,2.4972052574157715
13,262980,2.236745595932007
13,262990,2.1999566555023193
13,263000,2.4366531372070312
13,263010,2.017685651779175
13,263020,2.190497636795044
13,263030,2.0485243797302246
13,263040,2.0044126510620117
13,263050,2.127439498901367
13,263060,2.213738203048706
13,263070,2.722024440765381
13,263080,1.9392764568328857
13,263090,1.8643250465393066
13,263100,2.1935911178588867
13,263110,2.244802474975586
13,263120,2.2530460357666016
13,263130,2.323254108428955
13,263140,2.078747272491455
13,263150,2.1561505794525146
13,263160,2.14780592918396
13,263170,2.170713424682617
13,263180,2.5374574661254883
13,263190,2.1443376541137695
13,263200,2.0960371494293213
13,263210,2.1776044368743896
13,263220,2.079042434692383
13,263230,2.2303287982940674
13,263240,2.091111660003662
13,263250,2.4768643379211426
13,263260,2.1417951583862305
13,263270,2.2142367362976074
13,263280,2.5594024658203125
13,263290,2.1535215377807617
13,263300,2.2693421840667725
13,263310,2.4503731727600098
13,263320,2.2899324893951416
13,263330,2.3484296798706055
13,263340,2.1705081462860107
13,263350,2.2670421600341797
13,263360,2.4179186820983887
13,263370,2.1596243381500244
13,263380,2.24996280670166
13,263390,2.2568812370300293
13,263400,2.569596290588379
13,263410,2.682629108428955
13,263420,2.3439040184020996
13,263430,2.2705140113830566
13,263440,2.3608531951904297
13,263450,2.7006213665008545
13,263460,2.223968029022217
13,263470,2.285858154296875
13,263480,2.3123159408569336
13,263490,2.3818516731262207
13,263500,2.2622368335723877
13,263510,2.04128098487854
13,263520,2.573362350463867
13,263530,2.3841586112976074
13,263540,2.280776262283325
13,263550,2.3993868827819824
13,263560,2.5787172317504883
13,263570,2.162461519241333
13,263580,2.1769232749938965
13,263590,2.5534701347351074
13,263600,1.8528010845184326
13,263610,2.35825514793396
13,263620,2.22137188911438
13,263630,2.487262725830078
13,263640,2.4778928756713867
13,263650,2.05295991897583
13,263660,2.1582205295562744
13,263670,2.5636825561523438
13,263680,2.175245523452759
13,263690,2.122133255004883
13,263700,2.0501596927642822
13,263710,2.3081464767456055
13,263720,2.121401309967041
13,263730,2.283149242401123
13,263740,2.130214214324951
13,263750,2.3535850048065186
13,263760,2.087806224822998
13,263770,2.256319284439087
13,263780,2.726290702819824
13,263790,2.024477005004883
13,263800,2.7722954750061035
13,263810,2.369917631149292
13,263820,2.3828392028808594
13,263830,2.254511594772339
13,263840,2.3804001808166504
13,263850,2.519219160079956
13,263860,2.351412773132324
13,263870,2.2162230014801025
13,263880,2.122300148010254
13,263890,2.119647979736328
13,263900,2.2420129776000977
13,263910,2.162945508956909
13,263920,2.2618935108184814
13,263930,2.125312328338623
13,263940,2.6137142181396484
13,263950,2.147261142730713
13,263960,2.3436994552612305
13,263970,2.1371002197265625
13,263980,2.3728268146514893
13,263990,2.1979188919067383
13,264000,2.497054100036621
13,264010,2.149216651916504
13,264020,2.340714931488037
13,264030,2.208240032196045
13,264040,2.2330501079559326
13,264050,2.220193862915039
13,264060,2.060838460922241
13,264070,2.2505626678466797
13,264080,2.2088232040405273
13,264090,2.0053606033325195
13,264100,2.51275634765625
13,264110,2.373565673828125
13,264120,2.2756495475769043
13,264130,2.401400089263916
13,264140,2.5170700550079346
13,264150,2.467963695526123
13,264160,2.3323917388916016
13,264170,2.440976858139038
13,264180,2.4165773391723633
13,264190,2.130525588989258
13,264200,3.098393678665161
13,264210,2.0984339714050293
13,264220,2.410132884979248
13,264230,2.1754848957061768
13,264240,2.0771656036376953
13,264250,2.33918833732605
13,264260,2.0047593116760254
13,264270,2.473526954650879
13,264280,2.102816104888916
13,264290,2.2539072036743164
13,264300,1.9813950061798096
13,264310,2.459167957305908
13,264320,2.4193429946899414
13,264330,2.388763427734375
13,264340,2.3803787231445312
13,264350,2.888887882232666
13,264360,2.110394239425659
13,264370,2.270569324493408
13,264380,2.1709959506988525
13,264390,2.323601007461548
13,264400,2.0549511909484863
13,264410,2.116039991378784
13,264420,2.162940263748169
13,264430,2.3115339279174805
13,264440,2.4351844787597656
13,264450,2.0485241413116455
13,264460,2.247159242630005
13,264470,2.5588526725769043
13,264480,2.0223684310913086
13,264490,2.2004406452178955
13,264500,2.1833207607269287
13,264510,2.1304965019226074
13,264520,2.387734889984131
13,264530,2.764970302581787
13,264540,2.3400661945343018
13,264550,2.193833112716675
13,264560,2.482445240020752
13,264570,2.159639358520508
13,264580,2.0714356899261475
13,264590,2.196002244949341
13,264600,2.0416619777679443
13,264610,2.174323081970215
13,264620,2.1493382453918457
13,264630,2.5743584632873535
13,264640,2.892888069152832
13,264650,2.3026671409606934
13,264660,2.368959665298462
13,264670,1.8815443515777588
13,264680,2.2894821166992188
13,264690,2.1713156700134277
13,264700,2.29531192779541
13,264710,2.152169704437256
13,264720,2.2740299701690674
13,264730,2.1047914028167725
13,264740,2.1257500648498535
13,264750,2.267853260040283
13,264760,2.357028007507324
13,264770,2.3472890853881836
13,264780,2.176450252532959
13,264790,2.3480358123779297
13,264800,2.136248826980591
13,264810,2.3767738342285156
13,264820,1.9697484970092773
13,264830,2.5991148948669434
13,264840,2.2334840297698975
13,264850,2.3504815101623535
13,264860,2.3102409839630127
13,264870,2.1708126068115234
13,264880,2.4179420471191406
13,264890,2.230792284011841
13,264900,2.3467156887054443
13,264910,2.45294189453125
13,264920,2.209016799926758
13,264930,2.144186496734619
13,264940,2.5691771507263184
13,264950,2.2700774669647217
13,264960,2.3013453483581543
13,264970,2.3171000480651855
13,264980,2.2302610874176025
13,264990,2.313138246536255
13,265000,2.334751844406128
13,265010,2.2322278022766113
13,265020,2.27614164352417
13,265030,2.1430344581604004
13,265040,2.2278075218200684
13,265050,2.2100706100463867
13,265060,2.310964584350586
13,265070,2.413217067718506
13,265080,2.1938936710357666
13,265090,2.240469455718994
13,265100,2.5970592498779297
13,265110,2.5010581016540527
13,265120,2.217017889022827
13,265130,2.1142685413360596
13,265140,2.361358642578125
13,265150,2.261147975921631
13,265160,2.0076892375946045
13,265170,2.3159689903259277
13,265180,2.357893466949463
13,265190,2.1660611629486084
13,265200,2.1087441444396973
13,265210,2.107651472091675
13,265220,2.1485698223114014
13,265230,2.1667356491088867
13,265240,2.0823986530303955
13,265250,2.188662528991699
13,265260,2.4770965576171875
13,265270,2.500213623046875
13,265280,2.7051024436950684
13,265290,2.0951545238494873
13,265300,2.708136796951294
13,265310,2.4364490509033203
13,265320,1.905221939086914
13,265330,2.1429786682128906
13,265340,1.9127787351608276
13,265350,2.376481533050537
13,265360,2.565915107727051
13,265370,2.358822822570801
13,265380,2.2911784648895264
13,265390,2.0752410888671875
13,265400,2.381791114807129
13,265410,2.3082327842712402
13,265420,2.3377504348754883
13,265430,2.214407205581665
13,265440,2.4967732429504395
13,265450,2.2969799041748047
13,265460,2.2873177528381348
13,265470,2.3860278129577637
13,265480,2.1380953788757324
13,265490,2.404937505722046
13,265500,2.2013819217681885
13,265510,2.818880081176758
13,265520,2.3841872215270996
13,265530,2.61417818069458
13,265540,2.082638740539551
13,265550,2.21462345123291
13,265560,2.4190468788146973
13,265570,2.1166317462921143
13,265580,2.1413111686706543
13,265590,2.4900970458984375
13,265600,2.4756851196289062
13,265610,2.45287823677063
13,265620,2.182377338409424
13,265630,2.3123042583465576
13,265640,2.352325916290283
13,265650,2.514514684677124
13,265660,2.4507365226745605
13,265670,2.0871429443359375
13,265680,2.190197706222534
13,265690,2.292722463607788
13,265700,2.159029006958008
13,265710,2.1270315647125244
13,265720,2.0783965587615967
13,265730,2.22643780708313
13,265740,2.271134376525879
13,265750,2.561636447906494
13,265760,2.2128329277038574
13,265770,2.2478508949279785
13,265780,2.0630249977111816
13,265790,1.9236063957214355
13,265800,2.040809154510498
13,265810,1.9868769645690918
13,265820,2.2188923358917236
13,265830,2.016066551208496
13,265840,2.208585262298584
13,265850,2.198721408843994
13,265860,2.2742836475372314
13,265870,2.2255239486694336
13,265880,2.5586438179016113
13,265890,2.1150920391082764
13,265900,2.1575727462768555
13,265910,2.2190327644348145
13,265920,2.184950828552246
13,265930,2.17199444770813
13,265940,2.1592774391174316
13,265950,2.2533507347106934
13,265960,2.4580225944519043
13,265970,2.443216562271118
13,265980,2.447937488555908
13,265990,2.0971782207489014
13,266000,2.177379608154297
13,266010,2.4697484970092773
13,266020,2.6370177268981934
13,266030,2.490062713623047
13,266040,2.5485687255859375
13,266050,2.60526442527771
13,266060,2.159947633743286
13,266070,2.4367241859436035
13,266080,2.431490659713745
13,266090,2.5783791542053223
13,266100,2.3401007652282715
13,266110,2.161407470703125
13,266120,2.0775065422058105
13,266130,2.2323477268218994
13,266140,2.5083775520324707
13,266150,2.141468048095703
13,266160,2.588265895843506
13,266170,2.0186493396759033
13,266180,2.0995640754699707
13,266190,2.328253984451294
13,266200,2.2179226875305176
13,266210,2.1864585876464844
13,266220,2.5502705574035645
13,266230,2.5540080070495605
13,266240,2.338341474533081
13,266250,2.2812600135803223
13,266260,2.4801604747772217
13,266270,1.958585500717163
13,266280,2.356586456298828
13,266290,2.196357250213623
13,266300,2.06146240234375
13,266310,2.1765193939208984
13,266320,2.327139139175415
13,266330,2.2752113342285156
13,266340,2.3665122985839844
13,266350,2.0938148498535156
13,266360,2.7578046321868896
13,266370,2.024688243865967
13,266380,2.385979652404785
13,266390,2.2093889713287354
13,266400,2.220546245574951
13,266410,2.5950355529785156
13,266420,2.1307525634765625
13,266430,2.136909246444702
13,266440,2.1145524978637695
13,266450,2.481166362762451
13,266460,2.188272476196289
13,266470,2.171969413757324
13,266480,2.0872178077697754
13,266490,2.194765090942383
13,266500,2.352905750274658
13,266510,2.1785645484924316
13,266520,2.4507694244384766
13,266530,2.4004225730895996
13,266540,2.3418564796447754
13,266550,2.4793381690979004
13,266560,1.978445053100586
13,266570,2.367506265640259
13,266580,2.1199517250061035
13,266590,2.1131153106689453
13,266600,2.496610641479492
13,266610,2.3529887199401855
13,266620,2.02986741065979
13,266630,2.3580973148345947
13,266640,2.3096909523010254
13,266650,2.299081325531006
13,266660,2.254410982131958
13,266670,2.3110337257385254
13,266680,2.1770401000976562
13,266690,2.175001621246338
13,266700,2.0261850357055664
13,266710,2.682849884033203
13,266720,2.312384605407715
13,266730,2.555915355682373
13,266740,2.2153444290161133
13,266750,2.07192063331604
13,266760,2.554673671722412
13,266770,2.550382614135742
13,266780,2.003948211669922
13,266790,2.1424765586853027
13,266800,2.1056606769561768
13,266810,2.5616817474365234
13,266820,2.099287271499634
13,266830,2.3509039878845215
13,266840,2.5425150394439697
13,266850,1.9411826133728027
13,266860,2.2410383224487305
13,266870,2.075075387954712
13,266880,2.2901670932769775
13,266890,2.596315860748291
13,266900,2.627535581588745
13,266910,2.293287754058838
13,266920,2.3139631748199463
13,266930,2.423644542694092
13,266940,2.347810983657837
13,266950,2.5195651054382324
13,266960,2.5386877059936523
13,266970,2.405214309692383
13,266980,2.356907844543457
13,266990,2.535482406616211
13,267000,2.4826085567474365
13,267010,1.911658763885498
13,267020,2.383969783782959
13,267030,2.357363224029541
13,267040,2.2094030380249023
13,267050,2.081906795501709
13,267060,2.279304265975952
13,267070,2.4571690559387207
13,267080,2.4997751712799072
13,267090,2.0636391639709473
13,267100,2.3146612644195557
13,267110,2.370840549468994
13,267120,2.148536205291748
13,267130,1.9328234195709229
13,267140,2.159313201904297
13,267150,1.907304048538208
13,267160,2.0864198207855225
13,267170,2.3602194786071777
13,267180,2.389519214630127
13,267190,2.395758628845215
13,267200,1.986004114151001
13,267210,2.3697054386138916
13,267220,2.3034627437591553
13,267230,2.1235711574554443
13,267240,2.124990463256836
13,267250,2.0241332054138184
13,267260,2.601039409637451
13,267270,2.164635419845581
13,267280,2.455683469772339
13,267290,2.334310531616211
13,267300,2.346916913986206
13,267310,2.6370162963867188
13,267320,2.4871907234191895
13,267330,2.2708237171173096
13,267340,2.17832612991333
13,267350,2.4586007595062256
13,267360,2.2885549068450928
13,267370,2.190277099609375
13,267380,1.9137470722198486
13,267390,2.235316753387451
13,267400,2.343425750732422
13,267410,2.305445671081543
13,267420,2.252392292022705
13,267430,2.456448554992676
13,267440,2.220613479614258
13,267450,2.0945465564727783
13,267460,2.129045248031616
13,267470,2.0533995628356934
13,267480,2.1439731121063232
13,267490,2.300522804260254
13,267500,2.351841449737549
13,267510,2.4649767875671387
13,267520,2.3856232166290283
13,267530,2.227409839630127
13,267540,2.043653964996338
13,267550,2.3313465118408203
13,267560,2.1179800033569336
13,267570,2.518179416656494
13,267580,2.3924026489257812
13,267590,2.3632383346557617
13,267600,2.0314173698425293
13,267610,2.0518651008605957
13,267620,2.5336720943450928
13,267630,2.6495916843414307
13,267640,2.3866307735443115
13,267650,2.367917776107788
13,267660,2.032003164291382
13,267670,2.2637906074523926
13,267680,2.3922369480133057
13,267690,2.344803810119629
13,267700,2.340656042098999
13,267710,2.238349199295044
13,267720,2.431560754776001
13,267730,2.5546162128448486
13,267740,2.3799643516540527
13,267750,2.275575637817383
13,267760,2.3833742141723633
13,267770,2.26914644241333
13,267780,2.3957412242889404
13,267790,2.2497191429138184
13,267800,2.4702670574188232
13,267810,2.1436681747436523
13,267820,2.2350587844848633
13,267830,2.222013473510742
13,267840,2.6319117546081543
13,267850,2.2025179862976074
13,267860,2.2863287925720215
13,267870,2.2491402626037598
13,267880,2.0949254035949707
13,267890,2.2484397888183594
13,267900,2.4310436248779297
13,267910,2.412620782852173
13,267920,2.337581157684326
13,267930,2.2561488151550293
13,267940,2.3203186988830566
13,267950,2.5723228454589844
13,267960,2.3666839599609375
13,267970,2.2714462280273438
13,267980,2.0606324672698975
13,267990,2.0662288665771484
13,268000,2.0057358741760254
13,268010,2.4170165061950684
13,268020,3.141754627227783
13,268030,2.3123040199279785
13,268040,2.380129337310791
13,268050,3.2578840255737305
13,268060,2.303107500076294
13,268070,2.267874240875244
13,268080,2.0002171993255615
13,268090,2.2767794132232666
13,268100,2.0858187675476074
13,268110,2.890181541442871
13,268120,2.7548916339874268
13,268130,2.138134479522705
13,268140,2.539802074432373
13,268150,2.163508176803589
13,268160,2.2693934440612793
13,268170,2.044283390045166
13,268180,2.3216872215270996
13,268190,2.063666343688965
13,268200,2.5045742988586426
13,268210,2.1725494861602783
13,268220,2.4553213119506836
13,268230,2.5612809658050537
13,268240,2.1211791038513184
13,268250,2.454411029815674
13,268260,2.30228328704834
13,268270,2.1265010833740234
13,268280,2.143214225769043
13,268290,1.813422441482544
13,268300,2.25201153755188
13,268310,2.2183525562286377
13,268320,1.987741231918335
13,268330,2.4787912368774414
13,268340,2.3516526222229004
13,268350,2.4855425357818604
13,268360,2.2764410972595215
13,268370,2.017561912536621
13,268380,2.1028342247009277
13,268390,2.584195137023926
13,268400,2.421140670776367
13,268410,2.085937976837158
13,268420,2.310070037841797
13,268430,2.411669969558716
13,268440,2.1932339668273926
13,268450,2.3070430755615234
13,268460,2.296586275100708
13,268470,1.9636913537979126
13,268480,2.1556358337402344
13,268490,2.2645328044891357
13,268500,2.225376605987549
13,268510,2.4239678382873535
13,268520,2.260194778442383
13,268530,2.141322135925293
13,268540,2.1870076656341553
13,268550,2.1406021118164062
13,268560,2.129814863204956
13,268570,2.350062847137451
13,268580,2.2899169921875
13,268590,2.0772969722747803
13,268600,2.524777412414551
13,268610,2.1360175609588623
13,268620,2.1544785499572754
13,268630,2.0593509674072266
13,268640,2.4705824851989746
13,268650,2.4851362705230713
13,268660,2.5630154609680176
13,268670,2.3210277557373047
13,268680,2.0971994400024414
13,268690,2.216482162475586
13,268700,2.3815693855285645
13,268710,2.2534573078155518
13,268720,2.24200701713562
13,268730,2.6569015979766846
13,268740,2.2062206268310547
13,268750,2.410003423690796
13,268760,2.253941059112549
13,268770,2.3378400802612305
13,268780,2.2805886268615723
13,268790,2.1437742710113525
13,268800,2.660308361053467
13,268810,2.3463387489318848
13,268820,2.6708567142486572
13,268830,2.3593087196350098
13,268840,2.272221326828003
13,268850,2.1612708568573
13,268860,2.1397764682769775
13,268870,2.32904314994812
13,268880,2.279181957244873
13,268890,2.195056200027466
13,268900,2.1779375076293945
13,268910,2.394981861114502
13,268920,2.1248135566711426
13,268930,1.9629842042922974
13,268940,2.098881244659424
13,268950,2.048398971557617
13,268960,2.6212410926818848
13,268970,2.188593864440918
13,268980,2.2339634895324707
13,268990,2.308974266052246
13,269000,2.528656005859375
13,269010,2.298323154449463
13,269020,2.182894229888916
13,269030,2.0245604515075684
13,269040,2.5358083248138428
13,269050,2.00972580909729
13,269060,1.9807100296020508
13,269070,2.652708053588867
13,269080,2.361140012741089
13,269090,2.216601610183716
13,269100,2.082318067550659
13,269110,2.317906379699707
13,269120,2.275063991546631
13,269130,2.028390645980835
13,269140,2.29934024810791
13,269150,2.1818532943725586
13,269160,2.2552433013916016
13,269170,2.4500861167907715
13,269180,2.4042019844055176
13,269190,1.9188873767852783
13,269200,2.143433094024658
13,269210,1.9859544038772583
13,269220,2.0492563247680664
13,269230,2.0270633697509766
13,269240,2.4026987552642822
13,269250,2.2552831172943115
13,269260,2.160477638244629
13,269270,2.328277111053467
13,269280,2.281708240509033
13,269290,2.400388717651367
13,269300,2.694643020629883
13,269310,2.288745403289795
13,269320,2.4734883308410645
13,269330,2.2172658443450928
13,269340,2.1291139125823975
13,269350,2.459258556365967
13,269360,2.2103989124298096
13,269370,2.3577773571014404
13,269380,2.188910961151123
13,269390,2.5832111835479736
13,269400,2.1446709632873535
13,269410,2.1042861938476562
13,269420,2.248969316482544
13,269430,2.3354456424713135
13,269440,2.012186050415039
13,269450,2.390010356903076
13,269460,2.2442104816436768
13,269470,2.3367271423339844
13,269480,2.1204607486724854
13,269490,2.2564542293548584
13,269500,2.304901123046875
13,269510,1.7049154043197632
13,269520,2.212026834487915
13,269530,2.1390538215637207
13,269540,1.9324145317077637
13,269550,2.4749670028686523
13,269560,2.1405317783355713
13,269570,2.0710396766662598
13,269580,2.150606632232666
13,269590,2.2750110626220703
13,269600,2.314361095428467
13,269610,2.227830410003662
13,269620,2.34344482421875
13,269630,2.4814445972442627
13,269640,2.2800116539001465
13,269650,2.6553618907928467
13,269660,2.2332763671875
13,269670,2.3405590057373047
13,269680,2.1679296493530273
13,269690,2.308511257171631
13,269700,2.2123477458953857
13,269710,2.200801134109497
13,269720,2.085421323776245
13,269730,2.322309970855713
13,269740,2.2326557636260986
13,269750,2.240835189819336
13,269760,1.9727355241775513
13,269770,2.699115753173828
13,269780,2.2606916427612305
13,269790,2.3039722442626953
13,269800,2.371439218521118
13,269810,2.3012096881866455
13,269820,2.2413828372955322
13,269830,2.3868367671966553
13,269840,2.0713539123535156
13,269850,2.170480966567993
13,269860,2.2145702838897705
13,269870,2.0913851261138916
13,269880,2.369008779525757
13,269890,2.0783779621124268
13,269900,2.325258731842041
13,269910,2.3639109134674072
13,269920,2.1002867221832275
13,269930,2.1862845420837402
13,269940,2.374558210372925
13,269950,2.317413330078125
13,269960,2.69944429397583
13,269970,2.4061806201934814
13,269980,2.7313485145568848
13,269990,2.1280131340026855
13,270000,2.7156567573547363
14,270010,3.0409963130950928
14,270020,2.7265625
14,270030,2.6542468070983887
14,270040,2.756687641143799
14,270050,2.5645649433135986
14,270060,2.7663819789886475
14,270070,2.672607898712158
14,270080,3.0377578735351562
14,270090,3.0330238342285156
14,270100,2.8632326126098633
14,270110,2.9511117935180664
14,270120,2.9012036323547363
14,270130,2.6621146202087402
14,270140,2.8089406490325928
14,270150,2.9403762817382812
14,270160,2.8160557746887207
14,270170,2.786623239517212
14,270180,2.400601625442505
14,270190,2.6766915321350098
14,270200,2.5270261764526367
14,270210,2.4442660808563232
14,270220,2.8275773525238037
14,270230,2.755324363708496
14,270240,2.305070400238037
14,270250,2.5273592472076416
14,270260,2.923062324523926
14,270270,2.387364387512207
14,270280,2.7540512084960938
14,270290,2.977583408355713
14,270300,2.719104528427124
14,270310,2.8121562004089355
14,270320,2.7271270751953125
14,270330,2.734450340270996
14,270340,2.657020330429077
14,270350,2.4795517921447754
14,270360,2.656292676925659
14,270370,2.9699513912200928
14,270380,3.0099563598632812
14,270390,2.669663906097412
14,270400,2.8034095764160156
14,270410,3.2788355350494385
14,270420,2.933760166168213
14,270430,3.1054396629333496
14,270440,2.6761250495910645
14,270450,2.7317452430725098
14,270460,3.0901451110839844
14,270470,2.9973526000976562
14,270480,2.5208256244659424
14,270490,2.8675894737243652
14,270500,2.8095102310180664
14,270510,2.7204504013061523
14,270520,2.9673430919647217
14,270530,2.945873737335205
14,270540,2.743565559387207
14,270550,2.6558356285095215
14,270560,2.497671604156494
14,270570,2.241429328918457
14,270580,2.6027727127075195
14,270590,2.8910508155822754
14,270600,2.8932642936706543
14,270610,2.4359240531921387
14,270620,2.7513837814331055
14,270630,2.891080856323242
14,270640,2.9327616691589355
14,270650,2.849168300628662
14,270660,2.916706085205078
14,270670,2.744441032409668
14,270680,2.9096155166625977
14,270690,2.5932507514953613
14,270700,2.8152143955230713
14,270710,2.8327112197875977
14,270720,2.7686946392059326
14,270730,2.670957088470459
14,270740,2.5652029514312744
14,270750,2.7561333179473877
14,270760,2.784417152404785
14,270770,2.585911273956299
14,270780,2.8050267696380615
14,270790,2.940049648284912
14,270800,2.549999952316284
14,270810,3.0391807556152344
14,270820,2.956526279449463
14,270830,3.014820098876953
14,270840,2.6391546726226807
14,270850,2.4312877655029297
14,270860,2.709683418273926
14,270870,2.6575913429260254
14,270880,2.574904441833496
14,270890,2.7984957695007324
14,270900,3.0550100803375244
14,270910,2.4223990440368652
14,270920,2.6083920001983643
14,270930,2.3387365341186523
14,270940,2.622983932495117
14,270950,2.768925189971924
14,270960,2.9997756481170654
14,270970,2.5868327617645264
14,270980,3.020268201828003
14,270990,2.981975555419922
14,271000,2.7832279205322266
14,271010,2.290715217590332
14,271020,2.857541084289551
14,271030,2.922325611114502
14,271040,2.6095733642578125
14,271050,2.4572458267211914
14,271060,2.7285218238830566
14,271070,2.42425537109375
14,271080,2.809262752532959
14,271090,3.174565315246582
14,271100,2.517413377761841
14,271110,2.3633642196655273
14,271120,2.2847275733947754
14,271130,2.4716360569000244
14,271140,2.3902552127838135
14,271150,2.4975433349609375
14,271160,2.745115041732788
14,271170,2.8652050495147705
14,271180,2.730039596557617
14,271190,2.5911641120910645
14,271200,2.780325412750244
14,271210,2.563183307647705
14,271220,2.658973455429077
14,271230,2.5545663833618164
14,271240,2.715665817260742
14,271250,2.548630714416504
14,271260,2.257201671600342
14,271270,2.341576337814331
14,271280,2.5968093872070312
14,271290,3.0458898544311523
14,271300,3.028695583343506
14,271310,2.4363250732421875
14,271320,2.810084104537964
14,271330,2.79160213470459
14,271340,2.565462112426758
14,271350,2.403165817260742
14,271360,2.4268975257873535
14,271370,2.7371535301208496
14,271380,2.567368984222412
14,271390,2.646829128265381
14,271400,3.062859535217285
14,271410,2.7473630905151367
14,271420,2.7144994735717773
14,271430,2.6835787296295166
14,271440,2.5538330078125
14,271450,2.7690815925598145
14,271460,2.794376850128174
14,271470,2.98170804977417
14,271480,2.3117265701293945
14,271490,2.4984240531921387
14,271500,2.912205219268799
14,271510,2.96176815032959
14,271520,2.7856879234313965
14,271530,2.577354907989502
14,271540,2.468270778656006
14,271550,2.7185258865356445
14,271560,2.6708366870880127
14,271570,2.2617692947387695
14,271580,2.4568421840667725
14,271590,2.5614418983459473
14,271600,2.5332159996032715
14,271610,2.516854763031006
14,271620,3.352591037750244
14,271630,2.7090063095092773
14,271640,2.837183952331543
14,271650,2.8779590129852295
14,271660,2.315178394317627
14,271670,2.663996696472168
14,271680,2.743283271789551
14,271690,2.3909687995910645
14,271700,2.708195209503174
14,271710,2.5751962661743164
14,271720,2.5161619186401367
14,271730,2.5808887481689453
14,271740,2.3567395210266113
14,271750,2.532127857208252
14,271760,2.360968589782715
14,271770,2.8839502334594727
14,271780,2.971907615661621
14,271790,2.619647979736328
14,271800,2.609323024749756
14,271810,2.3691413402557373
14,271820,2.637690544128418
14,271830,2.2781569957733154
14,271840,2.5316002368927
14,271850,2.6803183555603027
14,271860,2.7766709327697754
14,271870,3.16166090965271
14,271880,2.9618313312530518
14,271890,2.6845805644989014
14,271900,2.424044609069824
14,271910,3.2266316413879395
14,271920,3.2256920337677
14,271930,2.7236201763153076
14,271940,2.553513765335083
14,271950,2.4657247066497803
14,271960,2.586728811264038
14,271970,2.6443231105804443
14,271980,2.478492259979248
14,271990,2.39853572845459
14,272000,2.8940634727478027
14,272010,2.7258031368255615
14,272020,2.457470178604126
14,272030,2.274603843688965
14,272040,3.0832901000976562
14,272050,2.5409882068634033
14,272060,2.5394554138183594
14,272070,2.568887233734131
14,272080,2.631739377975464
14,272090,2.703003406524658
14,272100,3.413774013519287
14,272110,2.750568389892578
14,272120,3.2748923301696777
14,272130,2.9337551593780518
14,272140,2.5902113914489746
14,272150,2.761428117752075
14,272160,3.4668517112731934
14,272170,2.8405699729919434
14,272180,2.413388252258301
14,272190,2.89005184173584
14,272200,2.242985248565674
14,272210,2.598813056945801
14,272220,2.3853373527526855
14,272230,2.6280860900878906
14,272240,2.7797791957855225
14,272250,2.656893730163574
14,272260,2.6109375953674316
14,272270,2.85463285446167
14,272280,2.860593557357788
14,272290,2.4310691356658936
14,272300,2.4987759590148926
14,272310,2.653435707092285
14,272320,3.0461182594299316
14,272330,2.5784010887145996
14,272340,2.6317901611328125
14,272350,2.6952900886535645
14,272360,2.900318145751953
14,272370,2.3242201805114746
14,272380,2.7272162437438965
14,272390,2.9623069763183594
14,272400,2.9946582317352295
14,272410,2.757636547088623
14,272420,2.8471014499664307
14,272430,2.5520987510681152
14,272440,2.512917995452881
14,272450,2.784005641937256
14,272460,2.3977081775665283
14,272470,2.467743396759033
14,272480,2.5477049350738525
14,272490,2.599201202392578
14,272500,2.834503650665283
14,272510,2.687145233154297
14,272520,2.7235898971557617
14,272530,2.9669899940490723
14,272540,2.6514906883239746
14,272550,2.3860254287719727
14,272560,2.9397974014282227
14,272570,3.109147548675537
14,272580,2.5001182556152344
14,272590,2.8632383346557617
14,272600,2.7613916397094727
14,272610,2.5777273178100586
14,272620,2.640859365463257
14,272630,2.9526422023773193
14,272640,2.7786660194396973
14,272650,2.5478475093841553
14,272660,2.697604179382324
14,272670,2.6646337509155273
14,272680,2.4716548919677734
14,272690,2.4580631256103516
14,272700,2.9626832008361816
14,272710,3.3892459869384766
14,272720,2.705266237258911
14,272730,2.650912284851074
14,272740,2.936614990234375
14,272750,2.549189567565918
14,272760,2.9175729751586914
14,272770,2.8110244274139404
14,272780,2.7516541481018066
14,272790,2.7349586486816406
14,272800,2.326298952102661
14,272810,3.0715415477752686
14,272820,2.537182331085205
14,272830,2.8802058696746826
14,272840,2.496692180633545
14,272850,2.4192683696746826
14,272860,2.828001022338867
14,272870,2.7423150539398193
14,272880,2.593494415283203
14,272890,2.6013576984405518
14,272900,2.619515895843506
14,272910,3.01851487159729
14,272920,2.781355857849121
14,272930,2.8697423934936523
14,272940,2.882479190826416
14,272950,2.699732542037964
14,272960,3.249552011489868
14,272970,2.4676966667175293
14,272980,2.9079315662384033
14,272990,2.497750759124756
14,273000,2.9068541526794434
14,273010,2.719947338104248
14,273020,2.7334554195404053
14,273030,3.1595587730407715
14,273040,2.5783491134643555
14,273050,2.953878402709961
14,273060,2.247746467590332
14,273070,2.6149744987487793
14,273080,2.57541561126709
14,273090,2.6992764472961426
14,273100,2.9642157554626465
14,273110,2.5608980655670166
14,273120,2.5977511405944824
14,273130,3.0416858196258545
14,273140,2.5961050987243652
14,273150,2.7607364654541016
14,273160,2.5807595252990723
14,273170,2.7539403438568115
14,273180,2.786048412322998
14,273190,2.91221284866333
14,273200,2.9204092025756836
14,273210,2.889085531234741
14,273220,2.547497272491455
14,273230,2.3960471153259277
14,273240,2.7867114543914795
14,273250,3.0453548431396484
14,273260,2.7079854011535645
14,273270,2.430281162261963
14,273280,2.4472198486328125
14,273290,2.574289321899414
14,273300,2.451915740966797
14,273310,2.557054042816162
14,273320,2.6347594261169434
14,273330,2.967536449432373
14,273340,2.678560972213745
14,273350,2.7290525436401367
14,273360,2.983548641204834
14,273370,2.8292417526245117
14,273380,2.7456722259521484
14,273390,2.4515724182128906
14,273400,2.380837917327881
14,273410,2.7277488708496094
14,273420,3.025933265686035
14,273430,2.7459239959716797
14,273440,2.5240895748138428
14,273450,2.6514177322387695
14,273460,2.6710357666015625
14,273470,2.790530204772949
14,273480,2.667264461517334
14,273490,3.090970039367676
14,273500,3.2975192070007324
14,273510,2.647498846054077
14,273520,2.816577196121216
14,273530,2.8087515830993652
14,273540,2.546349287033081
14,273550,2.8521199226379395
14,273560,2.7674412727355957
14,273570,2.928071975708008
14,273580,2.9052932262420654
14,273590,2.7807724475860596
14,273600,3.1667826175689697
14,273610,2.9765114784240723
14,273620,2.354405403137207
14,273630,2.702369213104248
14,273640,2.85267972946167
14,273650,2.535834312438965
14,273660,2.5721349716186523
14,273670,2.7902796268463135
14,273680,3.0998916625976562
14,273690,2.7433524131774902
14,273700,2.6891982555389404
14,273710,2.6835670471191406
14,273720,2.6148014068603516
14,273730,2.4578194618225098
14,273740,2.759819746017456
14,273750,2.8433804512023926
14,273760,2.6334972381591797
14,273770,2.6175689697265625
14,273780,2.5777621269226074
14,273790,2.749317169189453
14,273800,2.9131999015808105
14,273810,2.5502266883850098
14,273820,2.7933454513549805
14,273830,2.62436580657959
14,273840,2.6048574447631836
14,273850,3.1740894317626953
14,273860,2.462447166442871
14,273870,2.8925671577453613
14,273880,3.1490583419799805
14,273890,2.487624168395996
14,273900,2.3410794734954834
14,273910,2.6669650077819824
14,273920,2.848987340927124
14,273930,2.327355146408081
14,273940,2.774294853210449
14,273950,2.9286584854125977
14,273960,2.729872703552246
14,273970,2.371671676635742
14,273980,2.7412362098693848
14,273990,2.710690975189209
14,274000,2.8606014251708984
14,274010,2.8065247535705566
14,274020,3.0069894790649414
14,274030,3.179525852203369
14,274040,2.8783071041107178
14,274050,3.0513367652893066
14,274060,2.388502597808838
14,274070,2.6212310791015625
14,274080,2.4473485946655273
14,274090,2.3506855964660645
14,274100,3.1585419178009033
14,274110,2.6810591220855713
14,274120,2.6054506301879883
14,274130,2.5686559677124023
14,274140,2.8551974296569824
14,274150,2.6637306213378906
14,274160,3.0451278686523438
14,274170,2.4573323726654053
14,274180,2.8712668418884277
14,274190,2.4800431728363037
14,274200,2.746009349822998
14,274210,2.9452810287475586
14,274220,2.968210220336914
14,274230,2.7436342239379883
14,274240,2.606112003326416
14,274250,3.169116973876953
14,274260,2.911262035369873
14,274270,2.704643964767456
14,274280,2.3680906295776367
14,274290,2.7335548400878906
14,274300,2.8758583068847656
14,274310,2.4172556400299072
14,274320,3.0465283393859863
14,274330,2.7368922233581543
14,274340,2.8368077278137207
14,274350,2.653961658477783
14,274360,3.049640417098999
14,274370,2.4286649227142334
14,274380,2.637864351272583
14,274390,3.035285711288452
14,274400,2.602658271789551
14,274410,2.643739700317383
14,274420,2.8586835861206055
14,274430,2.5947024822235107
14,274440,2.629213333129883
14,274450,2.8066627979278564
14,274460,2.870788097381592
14,274470,2.434140205383301
14,274480,2.6785988807678223
14,274490,2.795361280441284
14,274500,2.441519021987915
14,274510,2.9259445667266846
14,274520,2.907181739807129
14,274530,2.6975414752960205
14,274540,2.75150728225708
14,274550,2.56671142578125
14,274560,2.4850926399230957
14,274570,2.8630428314208984
14,274580,2.3702094554901123
14,274590,2.655733585357666
14,274600,2.8266491889953613
14,274610,2.9001262187957764
14,274620,2.6709790229797363
14,274630,2.6720175743103027
14,274640,2.5450305938720703
14,274650,2.4236817359924316
14,274660,2.4086174964904785
14,274670,2.736035108566284
14,274680,2.391820192337036
14,274690,2.616492509841919
14,274700,2.5533766746520996
14,274710,2.7218642234802246
14,274720,2.801945209503174
14,274730,2.5587387084960938
14,274740,2.7905800342559814
14,274750,2.9531378746032715
14,274760,2.8844590187072754
14,274770,2.5845017433166504
14,274780,2.579706907272339
14,274790,2.6146368980407715
14,274800,2.5151054859161377
14,274810,2.7318429946899414
14,274820,2.856057643890381
14,274830,3.0362257957458496
14,274840,2.738605499267578
14,274850,2.7230067253112793
14,274860,2.5229339599609375
14,274870,2.6808829307556152
14,274880,2.5437562465667725
14,274890,2.6410582065582275
14,274900,2.5295801162719727
14,274910,3.17305064201355
14,274920,2.5850107669830322
14,274930,3.072063684463501
14,274940,2.739861011505127
14,274950,2.686638116836548
14,274960,3.0801587104797363
14,274970,2.638556480407715
14,274980,2.6788041591644287
14,274990,2.6501927375793457
14,275000,2.478862762451172
14,275010,2.6354947090148926
14,275020,2.544393539428711
14,275030,3.0384225845336914
14,275040,2.6741833686828613
14,275050,2.6817359924316406
14,275060,2.893378734588623
14,275070,3.2086822986602783
14,275080,2.58394193649292
14,275090,2.437501907348633
14,275100,3.2633981704711914
14,275110,2.2343530654907227
14,275120,2.8035998344421387
14,275130,2.512242317199707
14,275140,2.625276565551758
14,275150,2.912421703338623
14,275160,3.0082178115844727
14,275170,2.5946991443634033
14,275180,2.69632625579834
14,275190,2.857738971710205
14,275200,2.884491443634033
14,275210,3.1004648208618164
14,275220,3.0731406211853027
14,275230,2.575226306915283
14,275240,2.8751139640808105
14,275250,3.0447802543640137
14,275260,3.1294140815734863
14,275270,2.411618709564209
14,275280,2.3177597522735596
14,275290,2.8237223625183105
14,275300,2.4122767448425293
14,275310,2.514864206314087
14,275320,2.62052321434021
14,275330,2.9506492614746094
14,275340,2.6894431114196777
14,275350,2.772627830505371
14,275360,2.9290361404418945
14,275370,2.764188289642334
14,275380,2.9011409282684326
14,275390,2.548762798309326
14,275400,2.5005784034729004
14,275410,2.6286282539367676
14,275420,2.571932315826416
14,275430,2.517958402633667
14,275440,2.610335111618042
14,275450,2.7006325721740723
14,275460,3.028388738632202
14,275470,2.7557811737060547
14,275480,3.0919687747955322
14,275490,2.874431610107422
14,275500,2.7192671298980713
14,275510,2.6800577640533447
14,275520,2.665870189666748
14,275530,2.5426924228668213
14,275540,2.4943714141845703
14,275550,2.8583946228027344
14,275560,2.6519970893859863
14,275570,2.523702383041382
14,275580,3.1193203926086426
14,275590,2.6122679710388184
14,275600,3.091937780380249
14,275610,2.3219242095947266
14,275620,2.6747493743896484
14,275630,2.4188828468322754
14,275640,3.009537696838379
14,275650,2.8047895431518555
14,275660,2.7434287071228027
14,275670,2.8531031608581543
14,275680,2.6385786533355713
14,275690,2.864957809448242
14,275700,2.682739734649658
14,275710,2.5945794582366943
14,275720,2.6867780685424805
14,275730,3.216550588607788
14,275740,2.9053266048431396
14,275750,2.31455397605896
14,275760,2.5435967445373535
14,275770,2.5659022331237793
14,275780,3.0508804321289062
14,275790,2.91835618019104
14,275800,2.859642267227173
14,275810,2.61781644821167
14,275820,2.623934507369995
14,275830,3.1031503677368164
14,275840,2.4278650283813477
14,275850,2.478391647338867
14,275860,2.9465270042419434
14,275870,2.80070161819458
14,275880,2.8290810585021973
14,275890,2.9289710521698
14,275900,2.8013038635253906
14,275910,2.9463582038879395
14,275920,2.921208143234253
14,275930,2.2669637203216553
14,275940,2.4961578845977783
14,275950,2.7200870513916016
14,275960,2.7943801879882812
14,275970,2.8045785427093506
14,275980,2.841029167175293
14,275990,2.573971748352051
14,276000,2.728255271911621
14,276010,2.8965582847595215
14,276020,3.061809539794922
14,276030,2.7902095317840576
14,276040,2.433377742767334
14,276050,2.773860216140747
14,276060,2.8804941177368164
14,276070,2.6404244899749756
14,276080,2.6802873611450195
14,276090,2.6605629920959473
14,276100,2.6344516277313232
14,276110,2.7490925788879395
14,276120,2.6427228450775146
14,276130,2.8634142875671387
14,276140,2.6983907222747803
14,276150,2.7882046699523926
14,276160,2.1341280937194824
14,276170,2.377575397491455
14,276180,2.7381668090820312
14,276190,2.8551409244537354
14,276200,2.83434796333313
14,276210,2.708012580871582
14,276220,2.6193501949310303
14,276230,2.6064047813415527
14,276240,2.7672133445739746
14,276250,2.587106227874756
14,276260,2.692673683166504
14,276270,2.342198133468628
14,276280,2.667182207107544
14,276290,2.8502821922302246
14,276300,2.867779016494751
14,276310,2.3432610034942627
14,276320,2.745089530944824
14,276330,2.6187357902526855
14,276340,2.7194457054138184
14,276350,2.6469130516052246
14,276360,2.825697898864746
14,276370,2.6603922843933105
14,276380,2.7222633361816406
14,276390,2.9615442752838135
14,276400,2.8983607292175293
14,276410,2.7777531147003174
14,276420,2.8786234855651855
14,276430,2.635849952697754
14,276440,2.9352927207946777
14,276450,2.9785704612731934
14,276460,2.3131961822509766
14,276470,2.388000965118408
14,276480,2.218931198120117
14,276490,2.760298252105713
14,276500,2.622044324874878
14,276510,2.5819454193115234
14,276520,2.617905616760254
14,276530,2.748171806335449
14,276540,2.7650933265686035
14,276550,2.5116629600524902
14,276560,3.036203384399414
14,276570,2.856783866882324
14,276580,2.917403221130371
14,276590,2.309983015060425
14,276600,2.6469614505767822
14,276610,2.6951773166656494
14,276620,2.900404691696167
14,276630,3.022226572036743
14,276640,2.746886730194092
14,276650,2.878481149673462
14,276660,2.7153077125549316
14,276670,2.7305941581726074
14,276680,2.884281635284424
14,276690,2.7120964527130127
14,276700,3.065762996673584
14,276710,2.3272523880004883
14,276720,2.8535969257354736
14,276730,2.7058305740356445
14,276740,2.745871067047119
14,276750,3.0631842613220215
14,276760,2.691722869873047
14,276770,2.536865711212158
14,276780,3.1685385704040527
14,276790,2.873511791229248
14,276800,2.60925555229187
14,276810,2.8542120456695557
14,276820,2.9214611053466797
14,276830,2.628145694732666
14,276840,2.8824400901794434
14,276850,2.566697597503662
14,276860,2.3699710369110107
14,276870,2.7795581817626953
14,276880,2.4275054931640625
14,276890,2.440640926361084
14,276900,2.5843381881713867
14,276910,2.4582982063293457
14,276920,2.6926023960113525
14,276930,2.407409191131592
14,276940,2.5382323265075684
14,276950,2.7148919105529785
14,276960,2.470762014389038
14,276970,3.043445587158203
14,276980,2.8143627643585205
14,276990,2.7585017681121826
14,277000,2.41458797454834
14,277010,2.558809757232666
14,277020,2.670837163925171
14,277030,2.876662254333496
14,277040,2.71402645111084
14,277050,2.322012424468994
14,277060,2.6866044998168945
14,277070,2.458409309387207
14,277080,2.5759425163269043
14,277090,3.1687264442443848
14,277100,2.489471435546875
14,277110,2.9879603385925293
14,277120,2.8864715099334717
14,277130,2.8454930782318115
14,277140,2.7621755599975586
14,277150,2.593170166015625
14,277160,2.571089267730713
14,277170,2.5976476669311523
14,277180,3.0321555137634277
14,277190,2.493474006652832
14,277200,2.9086971282958984
14,277210,2.4583468437194824
14,277220,2.318208694458008
14,277230,3.1073246002197266
14,277240,2.826859951019287
14,277250,2.8852548599243164
14,277260,2.7369613647460938
14,277270,2.850247859954834
14,277280,2.5558371543884277
14,277290,2.6324334144592285
14,277300,2.3097753524780273
14,277310,2.3740925788879395
14,277320,2.7313849925994873
14,277330,2.4536304473876953
14,277340,2.668384552001953
14,277350,2.779390335083008
14,277360,2.885972023010254
14,277370,3.0165810585021973
14,277380,2.973539113998413
14,277390,2.630511522293091
14,277400,2.890498638153076
14,277410,2.8389155864715576
14,277420,2.4690897464752197
14,277430,2.4650256633758545
14,277440,2.610531806945801
14,277450,2.927037239074707
14,277460,2.7081596851348877
14,277470,2.654629707336426
14,277480,2.201293706893921
14,277490,2.818955898284912
14,277500,2.714114189147949
14,277510,2.389028787612915
14,277520,2.8535516262054443
14,277530,2.5414679050445557
14,277540,2.732544422149658
14,277550,3.1731417179107666
14,277560,3.01560115814209
14,277570,2.5803515911102295
14,277580,2.4194326400756836
14,277590,2.427440643310547
14,277600,2.8970346450805664
14,277610,2.7863311767578125
14,277620,2.917384624481201
14,277630,2.8070788383483887
14,277640,2.3996810913085938
14,277650,3.0295536518096924
14,277660,2.8044486045837402
14,277670,2.7887697219848633
14,277680,2.4799180030822754
14,277690,2.471015214920044
14,277700,2.7904133796691895
14,277710,2.3999226093292236
14,277720,2.7477989196777344
14,277730,2.460205078125
14,277740,2.6725785732269287
14,277750,2.6356077194213867
14,277760,2.5128865242004395
14,277770,3.248065948486328
14,277780,2.8794074058532715
14,277790,3.214966297149658
14,277800,2.751180648803711
14,277810,3.0308690071105957
14,277820,2.5994949340820312
14,277830,2.746673107147217
14,277840,2.55490779876709
14,277850,3.1961963176727295
14,277860,2.4777307510375977
14,277870,2.666048049926758
14,277880,2.5250444412231445
14,277890,2.3944687843322754
14,277900,2.8836755752563477
14,277910,2.9748172760009766
14,277920,2.705958366394043
14,277930,2.7657203674316406
14,277940,2.758052349090576
14,277950,2.8969922065734863
14,277960,2.784696578979492
14,277970,2.5377066135406494
14,277980,2.845360517501831
14,277990,2.5162572860717773
14,278000,2.8700764179229736
14,278010,2.704078197479248
14,278020,2.9595329761505127
14,278030,2.203460216522217
14,278040,2.602296829223633
14,278050,2.5402417182922363
14,278060,2.3198869228363037
14,278070,2.736626625061035
14,278080,2.6710586547851562
14,278090,2.5099406242370605
14,278100,2.6065330505371094
14,278110,2.4296798706054688
14,278120,2.3369300365448
14,278130,2.5939760208129883
14,278140,2.5252575874328613
14,278150,2.7646596431732178
14,278160,2.900846004486084
14,278170,2.8388571739196777
14,278180,2.4530084133148193
14,278190,3.217998504638672
14,278200,2.5103158950805664
14,278210,2.4793944358825684
14,278220,2.4076943397521973
14,278230,2.778822422027588
14,278240,2.9827628135681152
14,278250,2.3833460807800293
14,278260,2.539623975753784
14,278270,2.883549690246582
14,278280,2.8638648986816406
14,278290,2.9705047607421875
14,278300,2.832730293273926
14,278310,2.509036064147949
14,278320,2.764644145965576
14,278330,2.7459869384765625
14,278340,2.5660905838012695
14,278350,2.5952980518341064
14,278360,2.7148454189300537
14,278370,2.4650988578796387
14,278380,2.4522554874420166
14,278390,2.290099859237671
14,278400,2.7755367755889893
14,278410,2.539614200592041
14,278420,2.675036907196045
14,278430,2.444310426712036
14,278440,2.7322654724121094
14,278450,3.035168170928955
14,278460,2.695990562438965
14,278470,2.5201961994171143
14,278480,2.9002418518066406
14,278490,2.4703431129455566
14,278500,2.6687307357788086
14,278510,2.7312204837799072
14,278520,3.0445377826690674
14,278530,3.2241568565368652
14,278540,2.332090377807617
14,278550,2.6359949111938477
14,278560,2.795748710632324
14,278570,2.1940367221832275
14,278580,2.679741382598877
14,278590,3.0303902626037598
14,278600,3.0993566513061523
14,278610,2.8132214546203613
14,278620,3.3652169704437256
14,278630,2.9016194343566895
14,278640,2.8599963188171387
14,278650,2.7348456382751465
14,278660,2.6025166511535645
14,278670,2.5325469970703125
14,278680,2.849754810333252
14,278690,2.810096025466919
14,278700,2.6791915893554688
14,278710,2.8514339923858643
14,278720,2.644254684448242
14,278730,2.502586841583252
14,278740,2.5917131900787354
14,278750,2.364473581314087
14,278760,2.7565081119537354
14,278770,2.769115447998047
14,278780,2.6130480766296387
14,278790,2.386291027069092
14,278800,2.957576274871826
14,278810,2.949660301208496
14,278820,2.8561384677886963
14,278830,2.6316628456115723
14,278840,3.341956615447998
14,278850,2.7882277965545654
14,278860,2.924119472503662
14,278870,2.7742714881896973
14,278880,2.7734241485595703
14,278890,3.182023048400879
14,278900,2.665498971939087
14,278910,2.5766284465789795
14,278920,2.7503533363342285
14,278930,2.591970682144165
14,278940,2.8641550540924072
14,278950,2.238067626953125
14,278960,2.6869728565216064
14,278970,2.9665493965148926
14,278980,2.906947612762451
14,278990,2.7217726707458496
14,279000,2.9476747512817383
14,279010,2.841294288635254
14,279020,2.7116827964782715
14,279030,2.853161334991455
14,279040,2.6984543800354004
14,279050,2.837167739868164
14,279060,2.890333890914917
14,279070,2.757425308227539
14,279080,2.845229148864746
14,279090,2.5785529613494873
14,279100,2.909863233566284
14,279110,2.568023204803467
14,279120,2.349834680557251
14,279130,2.4961211681365967
14,279140,3.0687060356140137
14,279150,2.7614517211914062
14,279160,2.7669291496276855
14,279170,2.569495677947998
14,279180,2.7454562187194824
14,279190,2.7440290451049805
14,279200,2.486233711242676
14,279210,2.8665246963500977
14,279220,2.9537477493286133
14,279230,2.622824192047119
14,279240,2.814316749572754
14,279250,2.7879891395568848
14,279260,2.942326545715332
14,279270,2.921938419342041
14,279280,2.5065603256225586
14,279290,2.6394104957580566
14,279300,2.4390625953674316
14,279310,2.9630725383758545
14,279320,3.0685064792633057
14,279330,2.7809410095214844
14,279340,2.7757821083068848
14,279350,2.65956449508667
14,279360,2.7361254692077637
14,279370,2.454543113708496
14,279380,2.5588936805725098
14,279390,2.785477638244629
14,279400,3.1315529346466064
14,279410,2.873562812805176
14,279420,2.7129600048065186
14,279430,2.778510093688965
14,279440,2.786712169647217
14,279450,2.558915138244629
14,279460,2.753328800201416
14,279470,2.51326322555542
14,279480,2.910562038421631
14,279490,2.4781370162963867
14,279500,2.626999855041504
14,279510,2.5933749675750732
14,279520,2.621971368789673
14,279530,2.8629250526428223
14,279540,2.5498905181884766
14,279550,2.7059478759765625
14,279560,2.5262374877929688
14,279570,2.690403699874878
14,279580,2.6302690505981445
14,279590,2.514094352722168
14,279600,2.33282470703125
14,279610,2.400113105773926
14,279620,2.5387306213378906
14,279630,2.7880020141601562
14,279640,2.5167384147644043
14,279650,2.6993801593780518
14,279660,2.73901104927063
14,279670,2.6538338661193848
14,279680,2.868478775024414
14,279690,2.6975345611572266
14,279700,2.8578546047210693
14,279710,2.883030414581299
14,279720,3.119676351547241
14,279730,2.682063102722168
14,279740,3.6785197257995605
14,279750,2.539311408996582
14,279760,3.118556022644043
14,279770,2.9089722633361816
14,279780,2.7671122550964355
14,279790,2.5408337116241455
14,279800,2.463446617126465
14,279810,2.4046521186828613
14,279820,3.348031759262085
14,279830,2.487013101577759
14,279840,2.8196496963500977
14,279850,2.7924017906188965
14,279860,2.679810047149658
14,279870,2.7946548461914062
14,279880,2.619235038757324
14,279890,2.7682604789733887
14,279900,3.1281442642211914
14,279910,2.6501784324645996
14,279920,2.9242217540740967
14,279930,3.002359390258789
14,279940,2.3502111434936523
14,279950,2.654613733291626
14,279960,2.843799114227295
14,279970,2.654848575592041
14,279980,3.0246171951293945
14,279990,2.8846192359924316
14,280000,2.891561508178711
14,280010,2.2931618690490723
14,280020,2.09617018699646
14,280030,2.360684394836426
14,280040,2.366732120513916
14,280050,2.4128246307373047
14,280060,2.2718255519866943
14,280070,2.529202461242676
14,280080,2.529214382171631
14,280090,2.113513469696045
14,280100,2.4211130142211914
14,280110,2.3219847679138184
14,280120,2.4098687171936035
14,280130,2.2663726806640625
14,280140,1.9616775512695312
14,280150,2.39398455619812
14,280160,2.6383533477783203
14,280170,2.4273319244384766
14,280180,2.058326482772827
14,280190,2.4815614223480225
14,280200,2.298790454864502
14,280210,2.619535446166992
14,280220,2.3156473636627197
14,280230,1.9807201623916626
14,280240,2.642329692840576
14,280250,2.2039549350738525
14,280260,2.4468774795532227
14,280270,2.293304443359375
14,280280,2.4221720695495605
14,280290,2.2041211128234863
14,280300,2.5035605430603027
14,280310,2.3972666263580322
14,280320,2.314544916152954
14,280330,2.7246274948120117
14,280340,2.18890380859375
14,280350,2.34804630279541
14,280360,2.0878238677978516
14,280370,2.1506683826446533
14,280380,1.9527947902679443
14,280390,2.3952367305755615
14,280400,2.316254138946533
14,280410,2.4409542083740234
14,280420,2.2262587547302246
14,280430,2.348557949066162
14,280440,2.308655261993408
14,280450,2.23109769821167
14,280460,2.396214008331299
14,280470,2.0770561695098877
14,280480,2.1480515003204346
14,280490,2.4162704944610596
14,280500,2.2596590518951416
14,280510,2.261038303375244
14,280520,2.1411101818084717
14,280530,2.4068808555603027
14,280540,2.3995745182037354
14,280550,2.4761786460876465
14,280560,2.1232223510742188
14,280570,2.1795878410339355
14,280580,2.284667491912842
14,280590,2.1690688133239746
14,280600,2.317234992980957
14,280610,2.0469775199890137
14,280620,2.211683750152588
14,280630,2.1664490699768066
14,280640,2.275378942489624
14,280650,1.9428884983062744
14,280660,2.505993127822876
14,280670,2.4408226013183594
14,280680,2.2404732704162598
14,280690,2.3962597846984863
14,280700,2.3812904357910156
14,280710,2.491152048110962
14,280720,2.133610248565674
14,280730,2.1845972537994385
14,280740,2.328981399536133
14,280750,2.3922500610351562
14,280760,2.6980175971984863
14,280770,1.9672144651412964
14,280780,2.341068744659424
14,280790,2.3656110763549805
14,280800,2.406816005706787
14,280810,2.5033302307128906
14,280820,2.2692198753356934
14,280830,2.5163965225219727
14,280840,2.3121042251586914
14,280850,2.6309621334075928
14,280860,2.3523945808410645
14,280870,2.7361998558044434
14,280880,2.1331491470336914
14,280890,2.3445677757263184
14,280900,2.3634161949157715
14,280910,2.421696424484253
14,280920,2.1073694229125977
14,280930,2.077183485031128
14,280940,2.2438294887542725
14,280950,2.475058078765869
14,280960,2.4574134349823
14,280970,2.182422637939453
14,280980,2.395216941833496
14,280990,2.294732093811035
14,281000,2.547088623046875
14,281010,2.432997703552246
14,281020,2.231146812438965
14,281030,2.301720380783081
14,281040,2.681044578552246
14,281050,2.0347743034362793
14,281060,2.2874813079833984
14,281070,2.112658977508545
14,281080,2.1290359497070312
14,281090,2.2468597888946533
14,281100,2.363224744796753
14,281110,2.140435218811035
14,281120,2.037461757659912
14,281130,2.189340114593506
14,281140,2.1991965770721436
14,281150,2.3434696197509766
14,281160,2.253570079803467
14,281170,2.3426854610443115
14,281180,2.223289966583252
14,281190,2.185896158218384
14,281200,2.1987240314483643
14,281210,2.2965376377105713
14,281220,2.3932385444641113
14,281230,2.174567222595215
14,281240,2.580129861831665
14,281250,2.066328763961792
14,281260,2.2327141761779785
14,281270,2.176765203475952
14,281280,2.368476390838623
14,281290,2.15902042388916
14,281300,2.2438230514526367
14,281310,2.3897390365600586
14,281320,2.1216440200805664
14,281330,2.4894847869873047
14,281340,2.5415258407592773
14,281350,2.1905553340911865
14,281360,2.246088743209839
14,281370,2.414527654647827
14,281380,2.4524731636047363
14,281390,2.2347779273986816
14,281400,2.258986234664917
14,281410,2.315927505493164
14,281420,2.213207244873047
14,281430,2.3751027584075928
14,281440,2.2310235500335693
14,281450,2.231933355331421
14,281460,2.5352230072021484
14,281470,2.2929444313049316
14,281480,2.218343496322632
14,281490,2.418203830718994
14,281500,2.4199280738830566
14,281510,2.2893617153167725
14,281520,2.1090803146362305
14,281530,2.228663921356201
14,281540,2.100515365600586
14,281550,1.9997053146362305
14,281560,2.462113618850708
14,281570,2.275259017944336
14,281580,2.2169270515441895
14,281590,2.4960875511169434
14,281600,2.2440035343170166
14,281610,2.4094700813293457
14,281620,2.2371885776519775
14,281630,2.2269227504730225
14,281640,2.2542426586151123
14,281650,2.3688039779663086
14,281660,2.152329921722412
14,281670,2.2044575214385986
14,281680,2.138261318206787
14,281690,2.3795340061187744
14,281700,2.185335397720337
14,281710,2.337716817855835
14,281720,2.169222116470337
14,281730,1.9526598453521729
14,281740,2.423729181289673
14,281750,2.578606605529785
14,281760,2.2506556510925293
14,281770,2.317096471786499
14,281780,2.1474146842956543
14,281790,2.5995101928710938
14,281800,2.193603038787842
14,281810,2.2942123413085938
14,281820,2.006653070449829
14,281830,2.088836908340454
14,281840,2.0863466262817383
14,281850,1.8915421962738037
14,281860,2.0090651512145996
14,281870,2.4031193256378174
14,281880,2.093097448348999
14,281890,2.135908603668213
14,281900,2.369901180267334
14,281910,2.142402410507202
14,281920,2.1458611488342285
14,281930,2.5209310054779053
14,281940,2.081465482711792
14,281950,2.266151189804077
14,281960,2.3394737243652344
14,281970,2.2275376319885254
14,281980,2.4029011726379395
14,281990,2.2378017902374268
14,282000,2.0193557739257812
14,282010,2.3993606567382812
14,282020,2.2746009826660156
14,282030,2.1343917846679688
14,282040,2.437645435333252
14,282050,2.6082029342651367
14,282060,2.242548942565918
14,282070,2.1915483474731445
14,282080,2.539745330810547
14,282090,1.9074738025665283
14,282100,2.3005728721618652
14,282110,2.2938904762268066
14,282120,2.1278269290924072
14,282130,2.431975841522217
14,282140,2.126816749572754
14,282150,2.3681037425994873
14,282160,2.169745445251465
14,282170,2.343963861465454
14,282180,1.8584775924682617
14,282190,2.4205923080444336
14,282200,2.5217623710632324
14,282210,2.2714643478393555
14,282220,2.398972511291504
14,282230,2.637758493423462
14,282240,2.222158193588257
14,282250,2.3258306980133057
14,282260,2.51493763923645
14,282270,2.404787063598633
14,282280,2.4587130546569824
14,282290,2.0948240756988525
14,282300,2.4007487297058105
14,282310,2.3070616722106934
14,282320,2.14906907081604
14,282330,2.6986358165740967
14,282340,2.184413194656372
14,282350,2.1180367469787598
14,282360,2.3263773918151855
14,282370,2.767465591430664
14,282380,2.6116814613342285
14,282390,2.347193717956543
14,282400,2.2355072498321533
14,282410,2.1437668800354004
14,282420,2.267608165740967
14,282430,2.312805652618408
14,282440,2.336561441421509
14,282450,2.1672866344451904
14,282460,2.1189324855804443
14,282470,2.0522260665893555
14,282480,2.275184154510498
14,282490,2.6237940788269043
14,282500,2.4470794200897217
14,282510,2.1400973796844482
14,282520,2.3043599128723145
14,282530,2.2971041202545166
14,282540,2.581150770187378
14,282550,2.0909082889556885
14,282560,2.36576509475708
14,282570,2.3110437393188477
14,282580,2.0249507427215576
14,282590,2.408071994781494
14,282600,2.2273478507995605
14,282610,2.168459177017212
14,282620,1.9596712589263916
14,282630,2.269730567932129
14,282640,2.3691864013671875
14,282650,2.088550090789795
14,282660,2.0581464767456055
14,282670,1.8264154195785522
14,282680,1.855545997619629
14,282690,2.328526020050049
14,282700,2.5503387451171875
14,282710,2.3022983074188232
14,282720,2.2059290409088135
14,282730,2.1251845359802246
14,282740,2.1225709915161133
14,282750,2.546487331390381
14,282760,2.1994175910949707
14,282770,2.1695125102996826
14,282780,2.3131093978881836
14,282790,2.6032867431640625
14,282800,1.9659748077392578
14,282810,2.524733066558838
14,282820,2.161074161529541
14,282830,2.3961963653564453
14,282840,2.3796424865722656
14,282850,2.251917600631714
14,282860,2.484299659729004
14,282870,2.5122556686401367
14,282880,2.2487144470214844
14,282890,2.216714382171631
14,282900,2.361164093017578
14,282910,2.3074746131896973
14,282920,2.1825432777404785
14,282930,2.4423763751983643
14,282940,2.464918375015259
14,282950,2.1921753883361816
14,282960,2.381340503692627
14,282970,2.2508127689361572
14,282980,2.0973081588745117
14,282990,2.5034613609313965
14,283000,2.1882834434509277
14,283010,2.444241523742676
14,283020,2.2226834297180176
14,283030,2.1873631477355957
14,283040,2.7626898288726807
14,283050,2.5757641792297363
14,283060,2.5800623893737793
14,283070,2.2972466945648193
14,283080,2.221217632293701
14,283090,2.156290054321289
14,283100,2.0617544651031494
14,283110,2.5516769886016846
14,283120,2.6614346504211426
14,283130,2.3992910385131836
14,283140,2.1186683177948
14,283150,2.6057424545288086
14,283160,2.0688118934631348
14,283170,2.3913636207580566
14,283180,2.2996010780334473
14,283190,2.2723488807678223
14,283200,2.4619221687316895
14,283210,2.162738084793091
14,283220,2.150897979736328
14,283230,2.13146710395813
14,283240,2.4316186904907227
14,283250,2.2254490852355957
14,283260,2.1182031631469727
14,283270,2.102715253829956
14,283280,2.211440324783325
14,283290,2.173445224761963
14,283300,2.1736838817596436
14,283310,2.6388566493988037
14,283320,2.0247011184692383
14,283330,2.6026229858398438
14,283340,2.0883514881134033
14,283350,2.2386231422424316
14,283360,2.1778645515441895
14,283370,2.1711907386779785
14,283380,2.072875499725342
14,283390,2.1223371028900146
14,283400,1.9721760749816895
14,283410,2.0754787921905518
14,283420,2.0649499893188477
14,283430,2.365138053894043
14,283440,2.1571385860443115
14,283450,2.4207816123962402
14,283460,2.184622287750244
14,283470,2.5194411277770996
14,283480,1.9257513284683228
14,283490,2.116400718688965
14,283500,2.104174852371216
14,283510,2.2085437774658203
14,283520,2.4182865619659424
14,283530,2.0956153869628906
14,283540,2.1166651248931885
14,283550,2.1365604400634766
14,283560,2.230860471725464
14,283570,2.1915156841278076
14,283580,2.246980905532837
14,283590,2.4744949340820312
14,283600,2.2540202140808105
14,283610,2.129546880722046
14,283620,2.3431761264801025
14,283630,2.1323928833007812
14,283640,2.7649664878845215
14,283650,2.1936798095703125
14,283660,2.392381191253662
14,283670,2.2355329990386963
14,283680,2.5742249488830566
14,283690,2.22133207321167
14,283700,2.345533847808838
14,283710,2.0515799522399902
14,283720,2.525914192199707
14,283730,2.3513288497924805
14,283740,2.2996392250061035
14,283750,2.6384830474853516
14,283760,2.2977898120880127
14,283770,2.228928804397583
14,283780,2.269357204437256
14,283790,2.201129913330078
14,283800,2.1273815631866455
14,283810,2.10764741897583
14,283820,2.228529930114746
14,283830,2.1341822147369385
14,283840,2.137326240539551
14,283850,2.124797821044922
14,283860,2.0237598419189453
14,283870,2.3487839698791504
14,283880,2.4820668697357178
14,283890,2.4439144134521484
14,283900,2.2133073806762695
14,283910,2.3835864067077637
14,283920,2.259077310562134
14,283930,2.362072467803955
14,283940,2.354605197906494
14,283950,2.332939624786377
14,283960,2.378861904144287
14,283970,2.2078089714050293
14,283980,2.273383617401123
14,283990,2.3805160522460938
14,284000,2.3367600440979004
14,284010,2.486043930053711
14,284020,2.306417942047119
14,284030,2.128591537475586
14,284040,2.1940560340881348
14,284050,2.1556129455566406
14,284060,2.574955940246582
14,284070,2.1544809341430664
14,284080,2.15761399269104
14,284090,2.2760729789733887
14,284100,2.407327175140381
14,284110,2.138981342315674
14,284120,2.2160823345184326
14,284130,2.6397886276245117
14,284140,2.0537900924682617
14,284150,2.24103045463562
14,284160,2.1658384799957275
14,284170,2.836728096008301
14,284180,2.4940590858459473
14,284190,2.1684300899505615
14,284200,2.4404234886169434
14,284210,2.3823294639587402
14,284220,2.1165707111358643
14,284230,2.206868886947632
14,284240,2.1712870597839355
14,284250,2.0459673404693604
14,284260,2.086282253265381
14,284270,2.1458253860473633
14,284280,2.167501449584961
14,284290,2.1587142944335938
14,284300,1.9074828624725342
14,284310,2.8225598335266113
14,284320,2.2798221111297607
14,284330,2.269495725631714
14,284340,2.973695993423462
14,284350,2.1160476207733154
14,284360,2.332237958908081
14,284370,2.338850975036621
14,284380,2.209677219390869
14,284390,2.092754364013672
14,284400,2.1651620864868164
14,284410,2.3454904556274414
14,284420,2.4394869804382324
14,284430,2.2785823345184326
14,284440,2.295590877532959
14,284450,2.07045316696167
14,284460,2.366334915161133
14,284470,2.1285274028778076
14,284480,2.367341995239258
14,284490,2.521188735961914
14,284500,2.379756450653076
14,284510,2.7787439823150635
14,284520,2.1592905521392822
14,284530,2.2708001136779785
14,284540,2.4167041778564453
14,284550,2.2228450775146484
14,284560,2.2967684268951416
14,284570,2.244152069091797
14,284580,2.372389316558838
14,284590,2.5249271392822266
14,284600,2.2733874320983887
14,284610,2.2928833961486816
14,284620,2.1118533611297607
14,284630,2.062281608581543
14,284640,2.3589186668395996
14,284650,2.2870659828186035
14,284660,2.01670503616333
14,284670,2.2750697135925293
14,284680,2.1020712852478027
14,284690,2.1256675720214844
14,284700,2.2522966861724854
14,284710,2.34842586517334
14,284720,2.57026743888855
14,284730,2.429945707321167
14,284740,2.0096888542175293
14,284750,2.2983250617980957
14,284760,2.3326821327209473
14,284770,2.3243861198425293
14,284780,2.331850528717041
14,284790,2.0771963596343994
14,284800,1.9005630016326904
14,284810,2.3937911987304688
14,284820,2.3186888694763184
14,284830,2.5110983848571777
14,284840,2.170795202255249
14,284850,2.0372347831726074
14,284860,2.295487403869629
14,284870,2.198373317718506
14,284880,2.4694738388061523
14,284890,2.1802175045013428
14,284900,2.471529006958008
14,284910,2.1357839107513428
14,284920,2.1381993293762207
14,284930,2.411316156387329
14,284940,2.4297280311584473
14,284950,2.3104515075683594
14,284960,1.9154481887817383
14,284970,2.248992443084717
14,284980,2.1860764026641846
14,284990,2.281750440597534
14,285000,2.7008793354034424
14,285010,2.279163122177124
14,285020,1.9835361242294312
14,285030,2.183629035949707
14,285040,2.1130247116088867
14,285050,2.3710622787475586
14,285060,1.8979182243347168
14,285070,2.5976903438568115
14,285080,2.3912765979766846
14,285090,2.3217945098876953
14,285100,2.083773136138916
14,285110,2.1577467918395996
14,285120,2.439483404159546
14,285130,2.117938756942749
14,285140,2.4930758476257324
14,285150,2.5430397987365723
14,285160,2.225904941558838
14,285170,2.188383102416992
14,285180,2.469301462173462
14,285190,2.0693249702453613
14,285200,2.3227689266204834
14,285210,1.9989959001541138
14,285220,2.3290910720825195
14,285230,2.782528877258301
14,285240,2.0327250957489014
14,285250,2.4333255290985107
14,285260,1.9972889423370361
14,285270,2.271284580230713
14,285280,2.5140388011932373
14,285290,2.794589042663574
14,285300,1.9952023029327393
14,285310,2.4866809844970703
14,285320,2.178487777709961
14,285330,2.5682902336120605
14,285340,2.594785213470459
14,285350,2.0538835525512695
14,285360,2.198746919631958
14,285370,2.465766429901123
14,285380,2.2967493534088135
14,285390,2.295701742172241
14,285400,2.0507636070251465
14,285410,2.2736597061157227
14,285420,2.34025239944458
14,285430,1.9915053844451904
14,285440,2.296782970428467
14,285450,2.265657424926758
14,285460,2.027627944946289
14,285470,2.267458915710449
14,285480,2.3666839599609375
14,285490,1.9802170991897583
14,285500,2.4622862339019775
14,285510,2.7145838737487793
14,285520,2.274027109146118
14,285530,2.444242238998413
14,285540,2.626948595046997
14,285550,2.145432233810425
14,285560,2.380397319793701
14,285570,3.305086135864258
14,285580,2.2813682556152344
14,285590,1.9917490482330322
14,285600,2.2839982509613037
14,285610,2.1951065063476562
14,285620,2.021050453186035
14,285630,2.0282280445098877
14,285640,2.488752603530884
14,285650,2.025510549545288
14,285660,2.456608295440674
14,285670,2.2415528297424316
14,285680,2.2784392833709717
14,285690,2.126972198486328
14,285700,2.215287923812866
14,285710,2.694370985031128
14,285720,2.3829994201660156
14,285730,2.140444755554199
14,285740,2.497800350189209
14,285750,2.0443317890167236
14,285760,2.3112847805023193
14,285770,2.4780654907226562
14,285780,2.0235395431518555
14,285790,2.2829012870788574
14,285800,1.897774577140808
14,285810,2.4874215126037598
14,285820,2.060037612915039
14,285830,2.55665922164917
14,285840,2.335197687149048
14,285850,2.3116965293884277
14,285860,2.4161810874938965
14,285870,2.2662410736083984
14,285880,2.0670571327209473
14,285890,2.072340488433838
14,285900,2.3857922554016113
14,285910,2.2406601905822754
14,285920,2.411592483520508
14,285930,2.2427585124969482
14,285940,2.287322998046875
14,285950,2.155444622039795
14,285960,2.136030435562134
14,285970,2.4404892921447754
14,285980,2.3442959785461426
14,285990,2.7101149559020996
14,286000,2.0113918781280518
14,286010,2.2209925651550293
14,286020,2.4335827827453613
14,286030,2.1890251636505127
14,286040,2.4067888259887695
14,286050,2.3333725929260254
14,286060,2.1714675426483154
14,286070,2.4142889976501465
14,286080,2.270569324493408
14,286090,2.493321418762207
14,286100,2.01789927482605
14,286110,2.1371490955352783
14,286120,2.2196292877197266
14,286130,2.301774263381958
14,286140,2.173574686050415
14,286150,2.3351216316223145
14,286160,2.366797924041748
14,286170,2.4448628425598145
14,286180,2.0059304237365723
14,286190,2.3287768363952637
14,286200,2.5395097732543945
14,286210,2.190502166748047
14,286220,2.031672477722168
14,286230,2.391529083251953
14,286240,2.245192766189575
14,286250,2.129798412322998
14,286260,2.1427834033966064
14,286270,2.118025779724121
14,286280,2.1281208992004395
14,286290,2.3079633712768555
14,286300,2.532736301422119
14,286310,2.1567912101745605
14,286320,2.4152417182922363
14,286330,2.372852325439453
14,286340,2.4057559967041016
14,286350,1.9144227504730225
14,286360,2.1853599548339844
14,286370,2.1743204593658447
14,286380,2.2608838081359863
14,286390,2.459616184234619
14,286400,2.456289291381836
14,286410,2.286418914794922
14,286420,2.084990978240967
14,286430,2.227825403213501
14,286440,2.3449034690856934
14,286450,2.0178239345550537
14,286460,2.334176778793335
14,286470,2.3329153060913086
14,286480,2.4733996391296387
14,286490,2.2530903816223145
14,286500,2.270279884338379
14,286510,2.1356189250946045
14,286520,2.400721549987793
14,286530,2.5131638050079346
14,286540,2.3205533027648926
14,286550,2.2176201343536377
14,286560,2.2030155658721924
14,286570,2.0986151695251465
14,286580,2.4092140197753906
14,286590,2.368518590927124
14,286600,2.0189409255981445
14,286610,2.0528337955474854
14,286620,2.4019250869750977
14,286630,2.291541576385498
14,286640,2.272557258605957
14,286650,2.063488245010376
14,286660,2.265188455581665
14,286670,2.298093795776367
14,286680,2.2430381774902344
14,286690,2.2893543243408203
14,286700,2.6402931213378906
14,286710,2.2049248218536377
14,286720,2.1519393920898438
14,286730,2.5307884216308594
14,286740,2.2136993408203125
14,286750,2.2922728061676025
14,286760,2.249126672744751
14,286770,2.4980993270874023
14,286780,2.5872914791107178
14,286790,2.2250876426696777
14,286800,2.3639931678771973
14,286810,2.4698147773742676
14,286820,2.2531418800354004
14,286830,2.3232524394989014
14,286840,2.159261703491211
14,286850,2.3665194511413574
14,286860,2.1461219787597656
14,286870,2.4316840171813965
14,286880,2.1017560958862305
14,286890,2.2134037017822266
14,286900,2.1394429206848145
14,286910,2.2548022270202637
14,286920,2.26710844039917
14,286930,2.0024147033691406
14,286940,2.5354819297790527
14,286950,2.024664878845215
14,286960,2.1506991386413574
14,286970,2.108833074569702
14,286980,3.0674543380737305
14,286990,2.4653193950653076
14,287000,2.399465560913086
14,287010,2.271876573562622
14,287020,2.412503719329834
14,287030,2.065896987915039
14,287040,2.4442076683044434
14,287050,2.0951006412506104
14,287060,2.1387600898742676
14,287070,2.295280933380127
14,287080,2.4147582054138184
14,287090,2.279683828353882
14,287100,2.368140459060669
14,287110,2.3170337677001953
14,287120,2.3509206771850586
14,287130,1.9497121572494507
14,287140,2.197925567626953
14,287150,2.2339510917663574
14,287160,2.207524061203003
14,287170,2.2376797199249268
14,287180,2.2766430377960205
14,287190,2.278005599975586
14,287200,2.48915696144104
14,287210,2.802541494369507
14,287220,2.288447856903076
14,287230,2.1025164127349854
14,287240,2.0951900482177734
14,287250,2.149956703186035
14,287260,2.549806594848633
14,287270,2.6717305183410645
14,287280,2.515716552734375
14,287290,2.2137954235076904
14,287300,2.132619857788086
14,287310,2.422969341278076
14,287320,2.283036231994629
14,287330,2.4831175804138184
14,287340,2.1543869972229004
14,287350,2.273179769515991
14,287360,1.935083031654358
14,287370,2.292872667312622
14,287380,2.601619243621826
14,287390,2.4054622650146484
14,287400,2.092794895172119
14,287410,2.1634998321533203
14,287420,2.1548967361450195
14,287430,2.1055374145507812
14,287440,2.085864305496216
14,287450,2.2698235511779785
14,287460,2.236710786819458
14,287470,2.375208854675293
14,287480,2.220665216445923
14,287490,2.1345386505126953
14,287500,2.3555474281311035
14,287510,2.387932777404785
14,287520,1.987401008605957
14,287530,2.3809285163879395
14,287540,2.0474209785461426
14,287550,2.503197193145752
14,287560,2.2870230674743652
14,287570,2.2735700607299805
14,287580,2.1896586418151855
14,287590,2.309652328491211
14,287600,2.2185750007629395
14,287610,2.281618118286133
14,287620,2.3801426887512207
14,287630,2.277254819869995
14,287640,2.1360387802124023
14,287650,2.0906319618225098
14,287660,2.401928424835205
14,287670,2.2470428943634033
14,287680,2.116626739501953
14,287690,2.203782558441162
14,287700,2.093465805053711
14,287710,2.1578385829925537
14,287720,2.285417318344116
14,287730,2.2821600437164307
14,287740,2.4245824813842773
14,287750,2.130342960357666
14,287760,2.1652708053588867
14,287770,2.1708016395568848
14,287780,2.177964210510254
14,287790,2.5943872928619385
14,287800,2.2889628410339355
14,287810,2.6813716888427734
14,287820,2.0550270080566406
14,287830,2.150050401687622
14,287840,2.301629066467285
14,287850,2.2442800998687744
14,287860,2.2764463424682617
14,287870,2.294382095336914
14,287880,2.1326189041137695
14,287890,2.1704392433166504
14,287900,2.2357587814331055
14,287910,2.5575146675109863
14,287920,2.5447535514831543
14,287930,2.468543767929077
14,287940,2.4495468139648438
14,287950,2.424834728240967
14,287960,2.3049235343933105
14,287970,2.6436192989349365
14,287980,2.3786768913269043
14,287990,2.139254093170166
14,288000,2.2594428062438965
14,288010,2.2545742988586426
14,288020,2.5524332523345947
14,288030,2.2119140625
14,288040,2.263982057571411
14,288050,2.4350595474243164
14,288060,2.796661615371704
14,288070,2.193114995956421
14,288080,2.2658638954162598
14,288090,2.263252019882202
14,288100,2.3423819541931152
14,288110,2.4121580123901367
14,288120,2.398275375366211
14,288130,2.1451945304870605
14,288140,2.4323010444641113
14,288150,2.0577502250671387
14,288160,2.1097707748413086
14,288170,2.0317859649658203
14,288180,2.066189765930176
14,288190,2.1840453147888184
14,288200,2.342966079711914
14,288210,2.166694402694702
14,288220,2.3896360397338867
14,288230,2.29209566116333
14,288240,2.241713523864746
14,288250,2.1554503440856934
14,288260,2.4187049865722656
14,288270,2.003584623336792
14,288280,2.312706232070923
14,288290,2.5008721351623535
14,288300,2.0540308952331543
14,288310,1.942855715751648
14,288320,2.130012273788452
14,288330,2.120553493499756
14,288340,2.7696142196655273
14,288350,2.3328545093536377
14,288360,2.291872978210449
14,288370,2.5135116577148438
14,288380,2.0552566051483154
14,288390,2.1521568298339844
14,288400,2.7104201316833496
14,288410,2.0707175731658936
14,288420,2.284867763519287
14,288430,2.4347147941589355
14,288440,2.1870408058166504
14,288450,2.419128656387329
14,288460,2.4788742065429688
14,288470,2.523683547973633
14,288480,2.753664493560791
14,288490,2.1817069053649902
14,288500,2.198486804962158
14,288510,2.186007022857666
14,288520,2.1613051891326904
14,288530,2.0635788440704346
14,288540,2.0783963203430176
14,288550,2.2883963584899902
14,288560,2.467599868774414
14,288570,2.3741440773010254
14,288580,2.1491751670837402
14,288590,1.789155125617981
14,288600,2.220578908920288
14,288610,2.506723165512085
14,288620,2.3723273277282715
14,288630,1.8807940483093262
14,288640,2.340611457824707
14,288650,2.4979076385498047
14,288660,2.3463356494903564
14,288670,2.0262928009033203
14,288680,2.396193742752075
14,288690,2.0647377967834473
14,288700,2.138953685760498
14,288710,2.0821523666381836
14,288720,2.2676467895507812
14,288730,2.722346305847168
14,288740,2.1331052780151367
14,288750,2.40195369720459
14,288760,2.2555131912231445
14,288770,2.1750123500823975
14,288780,2.6160402297973633
14,288790,2.410390853881836
14,288800,2.548649787902832
14,288810,2.338833808898926
14,288820,2.1730756759643555
14,288830,2.3533706665039062
14,288840,2.5280377864837646
14,288850,2.431461811065674
14,288860,2.221130132675171
14,288870,2.008108377456665
14,288880,2.2571229934692383
14,288890,2.577817440032959
14,288900,2.265254497528076
14,288910,2.179887294769287
14,288920,2.3031535148620605
14,288930,2.169790744781494
14,288940,2.299679756164551
14,288950,2.632737636566162
14,288960,2.4812588691711426
14,288970,2.308786153793335
14,288980,2.170313835144043
14,288990,2.432842254638672
14,289000,2.432943105697632
14,289010,2.299788475036621
14,289020,2.3628087043762207
14,289030,2.2825140953063965
14,289040,2.0817463397979736
14,289050,2.207336902618408
14,289060,2.511744499206543
14,289070,2.1610467433929443
14,289080,2.3337526321411133
14,289090,2.390014171600342
14,289100,2.0962936878204346
14,289110,2.1037230491638184
14,289120,2.314809799194336
14,289130,2.2643470764160156
14,289140,1.9910430908203125
14,289150,1.8899222612380981
14,289160,2.260589599609375
14,289170,2.365774631500244
14,289180,2.129953384399414
14,289190,2.192263603210449
14,289200,2.285332202911377
14,289210,2.1221415996551514
14,289220,2.2704880237579346
14,289230,2.342698097229004
14,289240,2.4324803352355957
14,289250,2.6207327842712402
14,289260,2.1969127655029297
14,289270,2.657395362854004
14,289280,2.065030813217163
15,289290,2.9590530395507812
15,289300,2.5014872550964355
15,289310,2.869962215423584
15,289320,2.6525681018829346
15,289330,2.3181495666503906
15,289340,2.6858842372894287
15,289350,2.1902835369110107
15,289360,2.5722970962524414
15,289370,2.6016037464141846
15,289380,2.522156238555908
15,289390,2.8613953590393066
15,289400,2.690430164337158
15,289410,3.0000977516174316
15,289420,2.7735447883605957
15,289430,2.8863272666931152
15,289440,2.6396913528442383
15,289450,2.3577957153320312
15,289460,2.9537487030029297
15,289470,2.573878526687622
15,289480,2.91953182220459
15,289490,2.4475436210632324
15,289500,2.555433988571167
15,289510,3.0649304389953613
15,289520,2.92997407913208
15,289530,2.379763603210449
15,289540,2.648129463195801
15,289550,2.9878339767456055
15,289560,2.614738941192627
15,289570,2.429809093475342
15,289580,3.1431775093078613
15,289590,2.6195130348205566
15,289600,2.7444868087768555
15,289610,2.7171740531921387
15,289620,2.8756062984466553
15,289630,2.505049705505371
15,289640,2.9457790851593018
15,289650,2.8560714721679688
15,289660,2.711658000946045
15,289670,2.696192741394043
15,289680,3.037497043609619
15,289690,2.955958843231201
15,289700,2.834618091583252
15,289710,2.498349666595459
15,289720,2.75333833694458
15,289730,2.8044276237487793
15,289740,2.7113418579101562
15,289750,2.4542171955108643
15,289760,3.056769609451294
15,289770,3.076875686645508
15,289780,2.7346253395080566
15,289790,2.8303966522216797
15,289800,2.9322962760925293
15,289810,2.419029712677002
15,289820,2.5535709857940674
15,289830,3.02364444732666
15,289840,2.9448976516723633
15,289850,2.565779447555542
15,289860,2.9000725746154785
15,289870,2.651834011077881
15,289880,2.621614933013916
15,289890,2.7767982482910156
15,289900,2.826388359069824
15,289910,2.516547203063965
15,289920,2.944671154022217
15,289930,2.66145658493042
15,289940,2.652101993560791
15,289950,2.9705843925476074
15,289960,2.652399778366089
15,289970,2.8610332012176514
15,289980,2.6754422187805176
15,289990,2.597278594970703
15,290000,2.9179606437683105
15,290010,2.280627489089966
15,290020,2.400421142578125
15,290030,2.1505722999572754
15,290040,2.2860875129699707
15,290050,2.057201385498047
15,290060,2.1324024200439453
15,290070,2.592266082763672
15,290080,2.277026414871216
15,290090,2.361473798751831
15,290100,2.3331403732299805
15,290110,2.0753352642059326
15,290120,2.550269842147827
15,290130,2.5035972595214844
15,290140,2.3256568908691406
15,290150,2.1682679653167725
15,290160,2.164763927459717
15,290170,2.2759251594543457
15,290180,2.197326421737671
15,290190,2.224356174468994
15,290200,2.0600051879882812
15,290210,2.237210750579834
15,290220,2.4002246856689453
15,290230,2.035524368286133
15,290240,2.207772970199585
15,290250,2.110477924346924
15,290260,2.188406467437744
15,290270,2.1540510654449463
15,290280,2.232267379760742
15,290290,2.2717368602752686
15,290300,2.2820143699645996
15,290310,2.3206892013549805
15,290320,1.709808588027954
15,290330,2.326817512512207
15,290340,2.230116844177246
15,290350,1.9845316410064697
15,290360,2.3277010917663574
15,290370,2.3108701705932617
15,290380,2.292386770248413
15,290390,2.308873414993286
15,290400,2.38938570022583
15,290410,2.5300769805908203
15,290420,2.1020147800445557
15,290430,2.2816193103790283
15,290440,2.0736501216888428
15,290450,2.4091012477874756
15,290460,2.080881118774414
15,290470,2.1559088230133057
15,290480,2.1912198066711426
15,290490,2.4081172943115234
15,290500,2.3247087001800537
15,290510,2.5282058715820312
15,290520,2.2523019313812256
15,290530,2.4613146781921387
15,290540,2.1464266777038574
15,290550,2.3914732933044434
15,290560,2.2060060501098633
15,290570,2.5527191162109375
15,290580,2.159475088119507
15,290590,2.347879409790039
15,290600,2.163377285003662
15,290610,2.221752643585205
15,290620,2.473203182220459
15,290630,2.3306756019592285
15,290640,2.3913471698760986
15,290650,2.223027467727661
15,290660,2.1986868381500244
15,290670,2.2640981674194336
15,290680,2.358635663986206
15,290690,2.1798510551452637
15,290700,2.4508020877838135
15,290710,2.269137144088745
15,290720,2.0926177501678467
15,290730,2.4794578552246094
15,290740,2.7602007389068604
15,290750,2.2531700134277344
15,290760,2.2802624702453613
15,290770,1.9139187335968018
15,290780,2.168078899383545
15,290790,2.2825372219085693
15,290800,2.0967133045196533
15,290810,1.9871091842651367
15,290820,2.107236385345459
15,290830,2.2451634407043457
15,290840,1.9249136447906494
15,290850,1.9648075103759766
15,290860,2.0556390285491943
15,290870,2.113246202468872
15,290880,2.2684521675109863
15,290890,2.44364070892334
15,290900,2.2766878604888916
15,290910,2.2865898609161377
15,290920,2.4541826248168945
15,290930,2.2488553524017334
15,290940,2.2406301498413086
15,290950,1.9408961534500122
15,290960,2.2493784427642822
15,290970,2.4331259727478027
15,290980,2.353762626647949
15,290990,2.147021770477295
15,291000,2.19480562210083
15,291010,2.2110838890075684
15,291020,2.3288819789886475
15,291030,2.234703302383423
15,291040,2.3318538665771484
15,291050,2.3089406490325928
15,291060,2.3250069618225098
15,291070,2.387472152709961
15,291080,2.2778477668762207
15,291090,2.3870186805725098
15,291100,2.211585521697998
15,291110,2.563626289367676
15,291120,2.325345993041992
15,291130,2.254709482192993
15,291140,2.331332206726074
15,291150,2.3418831825256348
15,291160,2.2074508666992188
15,291170,2.1761972904205322
15,291180,2.339006185531616
15,291190,2.032933235168457
15,291200,2.4251861572265625
15,291210,2.2140915393829346
15,291220,2.4026145935058594
15,291230,2.3700637817382812
15,291240,2.3075098991394043
15,291250,2.92788028717041
15,291260,2.209311008453369
15,291270,2.433645486831665
15,291280,2.16744327545166
15,291290,2.0376803874969482
15,291300,2.2261691093444824
15,291310,2.2608907222747803
15,291320,1.916076898574829
15,291330,2.729052782058716
15,291340,2.197500467300415
15,291350,2.583291530609131
15,291360,2.291069746017456
15,291370,1.9520790576934814
15,291380,2.2189414501190186
15,291390,2.6697378158569336
15,291400,2.0385260581970215
15,291410,1.906359076499939
15,291420,2.328629970550537
15,291430,2.266929864883423
15,291440,2.2840027809143066
15,291450,2.167046070098877
15,291460,2.249964714050293
15,291470,2.0321006774902344
15,291480,2.0519537925720215
15,291490,2.1382784843444824
15,291500,2.2448792457580566
15,291510,2.44854474067688
15,291520,2.249239444732666
15,291530,2.0919933319091797
15,291540,2.170933961868286
15,291550,2.265047073364258
15,291560,2.1515913009643555
15,291570,2.329324722290039
15,291580,2.0707740783691406
15,291590,1.9543777704238892
15,291600,1.9655312299728394
15,291610,2.7070884704589844
15,291620,2.0424442291259766
15,291630,2.21012020111084
15,291640,2.047003984451294
15,291650,2.0220260620117188
15,291660,2.3886890411376953
15,291670,2.0992448329925537
15,291680,2.210249900817871
15,291690,2.3165335655212402
15,291700,2.2502601146698
15,291710,2.3581204414367676
15,291720,2.3052585124969482
15,291730,2.2993860244750977
15,291740,2.246626377105713
15,291750,2.01161527633667
15,291760,2.0716705322265625
15,291770,2.568758487701416
15,291780,2.373363971710205
15,291790,2.351938247680664
15,291800,2.5325636863708496
15,291810,2.436349391937256
15,291820,2.320404529571533
15,291830,2.4167075157165527
15,291840,2.3384251594543457
15,291850,2.316465377807617
15,291860,2.3750853538513184
15,291870,2.1944994926452637
15,291880,2.248642921447754
15,291890,2.0879411697387695
15,291900,2.289774179458618
15,291910,2.497077465057373
15,291920,2.163088798522949
15,291930,2.1294190883636475
15,291940,2.0589237213134766
15,291950,2.18528413772583
15,291960,2.4885590076446533
15,291970,2.227828025817871
15,291980,2.1752243041992188
15,291990,2.2624351978302
15,292000,2.0925540924072266
15,292010,2.063797950744629
15,292020,2.3979849815368652
15,292030,2.228177547454834
15,292040,2.3440160751342773
15,292050,2.282153606414795
15,292060,2.2420477867126465
15,292070,2.327548027038574
15,292080,2.287505626678467
15,292090,2.100653648376465
15,292100,2.296919345855713
15,292110,2.5024125576019287
15,292120,2.36795711517334
15,292130,2.142554998397827
15,292140,2.1174168586730957
15,292150,2.2473597526550293
15,292160,2.161719799041748
15,292170,2.1395766735076904
15,292180,2.3206584453582764
15,292190,1.930069923400879
15,292200,1.997765302658081
15,292210,2.4798684120178223
15,292220,2.0676217079162598
15,292230,2.1882214546203613
15,292240,2.251460313796997
15,292250,2.3966407775878906
15,292260,2.282681703567505
15,292270,2.2579550743103027
15,292280,2.3860037326812744
15,292290,2.1256051063537598
15,292300,2.2165355682373047
15,292310,2.270108461380005
15,292320,2.2109601497650146
15,292330,2.2188689708709717
15,292340,2.1950008869171143
15,292350,2.2386393547058105
15,292360,2.233837366104126
15,292370,2.1566600799560547
15,292380,2.389641761779785
15,292390,2.0707015991210938
15,292400,2.153815269470215
15,292410,2.376770496368408
15,292420,2.063052177429199
15,292430,2.358903646469116
15,292440,2.065830945968628
15,292450,2.1800780296325684
15,292460,2.367716073989868
15,292470,2.6045165061950684
15,292480,2.493283748626709
15,292490,2.297166585922241
15,292500,2.3463494777679443
15,292510,2.0911033153533936
15,292520,2.1071038246154785
15,292530,2.151282787322998
15,292540,2.0101382732391357
15,292550,2.345855951309204
15,292560,2.1906278133392334
15,292570,2.4009556770324707
15,292580,2.38211727142334
15,292590,2.412262439727783
15,292600,2.5437912940979004
15,292610,2.0991084575653076
15,292620,2.4949796199798584
15,292630,2.385749340057373
15,292640,2.1624748706817627
15,292650,1.9899810552597046
15,292660,2.4076287746429443
15,292670,2.2068891525268555
15,292680,2.4970202445983887
15,292690,2.536473274230957
15,292700,2.3550448417663574
15,292710,2.3509109020233154
15,292720,2.1063344478607178
15,292730,2.190258026123047
15,292740,3.3135879039764404
15,292750,2.12379789352417
15,292760,2.1467974185943604
15,292770,2.101853609085083
15,292780,2.2363271713256836
15,292790,2.354656219482422
15,292800,2.3855926990509033
15,292810,2.255523204803467
15,292820,2.214029312133789
15,292830,2.3566813468933105
15,292840,2.4287986755371094
15,292850,2.2895491123199463
15,292860,2.0242910385131836
15,292870,2.3716373443603516
15,292880,2.3688788414001465
15,292890,2.2558131217956543
15,292900,2.2773818969726562
15,292910,2.4893531799316406
15,292920,2.6510744094848633
15,292930,2.522819995880127
15,292940,2.5055747032165527
15,292950,2.213963031768799
15,292960,2.164580821990967
15,292970,2.155959129333496
15,292980,2.606288433074951
15,292990,2.3461570739746094
15,293000,2.23370623588562
15,293010,2.286602735519409
15,293020,2.2026214599609375
15,293030,1.9977550506591797
15,293040,2.3967504501342773
15,293050,2.1311631202697754
15,293060,2.1710143089294434
15,293070,2.135704517364502
15,293080,2.136388063430786
15,293090,2.034308671951294
15,293100,2.1050922870635986
15,293110,2.2740509510040283
15,293120,2.175370216369629
15,293130,2.192911386489868
15,293140,2.177926540374756
15,293150,2.197197914123535
15,293160,2.219360828399658
15,293170,2.2902510166168213
15,293180,2.2218809127807617
15,293190,2.4527058601379395
15,293200,2.0966601371765137
15,293210,2.6997952461242676
15,293220,2.303834915161133
15,293230,2.2527379989624023
15,293240,2.516249179840088
15,293250,2.4251017570495605
15,293260,2.5346267223358154
15,293270,2.3258185386657715
15,293280,2.3328332901000977
15,293290,2.4155499935150146
15,293300,2.4086573123931885
15,293310,2.9147562980651855
15,293320,2.0203707218170166
15,293330,2.2182276248931885
15,293340,2.1978564262390137
15,293350,2.240518093109131
15,293360,2.2111713886260986
15,293370,2.3938963413238525
15,293380,2.4363203048706055
15,293390,2.45817232131958
15,293400,2.303365707397461
15,293410,2.444972276687622
15,293420,2.2560675144195557
15,293430,2.0209264755249023
15,293440,2.191403865814209
15,293450,2.1719651222229004
15,293460,2.278663396835327
15,293470,2.105482578277588
15,293480,2.106163501739502
15,293490,2.5453786849975586
15,293500,2.3739919662475586
15,293510,2.2696878910064697
15,293520,2.1231026649475098
15,293530,2.3150272369384766
15,293540,2.404649019241333
15,293550,1.951883316040039
15,293560,2.549100160598755
15,293570,2.250880241394043
15,293580,2.339750051498413
15,293590,2.4112048149108887
15,293600,2.3142526149749756
15,293610,2.269105911254883
15,293620,2.443108558654785
15,293630,2.2391369342803955
15,293640,2.3995885848999023
15,293650,2.269261121749878
15,293660,2.4517505168914795
15,293670,2.16066575050354
15,293680,2.081894874572754
15,293690,2.0969600677490234
15,293700,2.6298987865448
15,293710,2.187286138534546
15,293720,2.1577670574188232
15,293730,2.1097707748413086
15,293740,2.5340116024017334
15,293750,2.362682580947876
15,293760,2.037513256072998
15,293770,2.0891990661621094
15,293780,1.9545440673828125
15,293790,2.4677953720092773
15,293800,2.2646284103393555
15,293810,1.9932265281677246
15,293820,2.3959269523620605
15,293830,2.150381565093994
15,293840,2.150205373764038
15,293850,2.1829280853271484
15,293860,2.21624755859375
15,293870,2.099473476409912
15,293880,1.9940648078918457
15,293890,2.3519656658172607
15,293900,2.266620397567749
15,293910,2.2128515243530273
15,293920,2.413970947265625
15,293930,2.60081148147583
15,293940,2.359278678894043
15,293950,2.4023680686950684
15,293960,2.13088321685791
15,293970,2.479389190673828
15,293980,2.4763479232788086
15,293990,2.2453646659851074
15,294000,2.270848274230957
15,294010,2.352172374725342
15,294020,2.0819103717803955
15,294030,2.2011494636535645
15,294040,2.3868861198425293
15,294050,2.22403883934021
15,294060,2.462796211242676
15,294070,2.0521152019500732
15,294080,2.2984938621520996
15,294090,2.496098041534424
15,294100,2.389849901199341
15,294110,2.226628303527832
15,294120,2.3797402381896973
15,294130,2.0649993419647217
15,294140,2.4516475200653076
15,294150,2.1408302783966064
15,294160,2.618868827819824
15,294170,2.303713798522949
15,294180,2.464143991470337
15,294190,2.1465842723846436
15,294200,2.1631739139556885
15,294210,2.1276907920837402
15,294220,2.2106659412384033
15,294230,2.079746723175049
15,294240,1.9560792446136475
15,294250,2.169266700744629
15,294260,2.5287363529205322
15,294270,2.508535385131836
15,294280,2.3012571334838867
15,294290,2.524416446685791
15,294300,2.2166481018066406
15,294310,2.203561305999756
15,294320,2.113974094390869
15,294330,2.2168781757354736
15,294340,2.6249656677246094
15,294350,2.168126344680786
15,294360,2.397533893585205
15,294370,2.476900100708008
15,294380,2.3332061767578125
15,294390,2.032681703567505
15,294400,2.177382707595825
15,294410,2.113813877105713
15,294420,2.257070779800415
15,294430,2.2476093769073486
15,294440,2.581860303878784
15,294450,2.4056291580200195
15,294460,2.0626373291015625
15,294470,2.3941664695739746
15,294480,2.188102960586548
15,294490,2.1648874282836914
15,294500,2.099376678466797
15,294510,2.1128830909729004
15,294520,2.5957765579223633
15,294530,2.572976589202881
15,294540,2.6546425819396973
15,294550,2.172590970993042
15,294560,3.0174455642700195
15,294570,2.2198326587677
15,294580,2.1118180751800537
15,294590,2.1389927864074707
15,294600,2.4106414318084717
15,294610,2.039531707763672
15,294620,1.9229462146759033
15,294630,2.197920799255371
15,294640,2.6361637115478516
15,294650,2.158607006072998
15,294660,2.5421323776245117
15,294670,2.1617259979248047
15,294680,2.458894968032837
15,294690,2.214082717895508
15,294700,2.30234956741333
15,294710,2.024704933166504
15,294720,2.1462690830230713
15,294730,2.5577964782714844
15,294740,2.1997575759887695
15,294750,2.524536609649658
15,294760,2.2425894737243652
15,294770,1.9841294288635254
15,294780,2.286332607269287
15,294790,2.2163219451904297
15,294800,2.045107841491699
15,294810,2.5803918838500977
15,294820,2.007009506225586
15,294830,2.152667999267578
15,294840,2.432819366455078
15,294850,2.0436301231384277
15,294860,2.252671718597412
15,294870,2.161320686340332
15,294880,2.1900100708007812
15,294890,2.0633859634399414
15,294900,1.92775297164917
15,294910,2.4167776107788086
15,294920,2.031338930130005
15,294930,2.2505617141723633
15,294940,2.841032028198242
15,294950,2.2940731048583984
15,294960,2.1645562648773193
15,294970,2.223731517791748
15,294980,2.2516393661499023
15,294990,2.1005587577819824
15,295000,2.4772653579711914
15,295010,2.218522787094116
15,295020,2.2925329208374023
15,295030,2.3667123317718506
15,295040,2.0767099857330322
15,295050,2.1089980602264404
15,295060,2.125145673751831
15,295070,2.4565494060516357
15,295080,2.4074668884277344
15,295090,2.047729253768921
15,295100,1.8568897247314453
15,295110,2.164653778076172
15,295120,2.223400354385376
15,295130,2.279597759246826
15,295140,2.4864349365234375
15,295150,2.432842969894409
15,295160,2.458406448364258
15,295170,2.0194802284240723
15,295180,2.156075954437256
15,295190,2.1970624923706055
15,295200,1.9851274490356445
15,295210,2.5544185638427734
15,295220,2.2955868244171143
15,295230,2.3688783645629883
15,295240,2.280259609222412
15,295250,2.4248270988464355
15,295260,2.0839643478393555
15,295270,2.2792720794677734
15,295280,1.9335335493087769
15,295290,2.4591259956359863
15,295300,2.4162087440490723
15,295310,2.0716214179992676
15,295320,2.1302437782287598
15,295330,2.448185920715332
15,295340,2.0292749404907227
15,295350,2.4584274291992188
15,295360,2.3027138710021973
15,295370,2.1806435585021973
15,295380,2.579951286315918
15,295390,2.5146899223327637
15,295400,2.3153252601623535
15,295410,2.383572816848755
15,295420,2.3370800018310547
15,295430,2.3978090286254883
15,295440,2.4180748462677
15,295450,2.254155158996582
15,295460,2.4238967895507812
15,295470,2.149022340774536
15,295480,2.3181464672088623
15,295490,2.3090972900390625
15,295500,1.7554209232330322
15,295510,2.092956066131592
15,295520,2.500375986099243
15,295530,2.4558773040771484
15,295540,2.270482301712036
15,295550,2.3796470165252686
15,295560,2.50239896774292
15,295570,2.5989556312561035
15,295580,2.3558878898620605
15,295590,1.8947169780731201
15,295600,2.235095977783203
15,295610,2.241389274597168
15,295620,2.5023984909057617
15,295630,2.6365084648132324
15,295640,2.1548867225646973
15,295650,2.3288683891296387
15,295660,2.390923023223877
15,295670,2.4420433044433594
15,295680,2.502427577972412
15,295690,2.297456741333008
15,295700,2.0444610118865967
15,295710,2.748587131500244
15,295720,2.114075183868408
15,295730,2.2679402828216553
15,295740,2.504969835281372
15,295750,2.1980068683624268
15,295760,2.416018009185791
15,295770,2.1224403381347656
15,295780,2.590080499649048
15,295790,2.387467384338379
15,295800,2.421762704849243
15,295810,2.5900473594665527
15,295820,2.096092462539673
15,295830,2.433694362640381
15,295840,2.2230963706970215
15,295850,2.273048162460327
15,295860,2.5639209747314453
15,295870,2.3260278701782227
15,295880,2.224154472351074
15,295890,2.4459476470947266
15,295900,2.163562297821045
15,295910,2.5037922859191895
15,295920,2.4128310680389404
15,295930,2.568498373031616
15,295940,2.2492992877960205
15,295950,2.0811080932617188
15,295960,2.416560411453247
15,295970,2.0034337043762207
15,295980,2.341301441192627
15,295990,2.2529969215393066
15,296000,2.2715344429016113
15,296010,2.706183910369873
15,296020,2.346379518508911
15,296030,2.1855971813201904
15,296040,2.2536330223083496
15,296050,2.813060760498047
15,296060,2.10975980758667
15,296070,2.3702759742736816
15,296080,2.144296646118164
15,296090,2.275815486907959
15,296100,2.176286458969116
15,296110,2.1826047897338867
15,296120,2.3050243854522705
15,296130,2.20184326171875
15,296140,2.224026679992676
15,296150,2.4239883422851562
15,296160,2.4334561824798584
15,296170,2.128858804702759
15,296180,2.41127347946167
15,296190,2.2277438640594482
15,296200,2.4580421447753906
15,296210,2.250757932662964
15,296220,2.5392115116119385
15,296230,2.392086982727051
15,296240,2.1871631145477295
15,296250,2.3043265342712402
15,296260,2.0605814456939697
15,296270,2.3208537101745605
15,296280,2.8344340324401855
15,296290,2.234379529953003
15,296300,2.354996681213379
15,296310,2.3894476890563965
15,296320,2.295191526412964
15,296330,2.0296168327331543
15,296340,2.3727173805236816
15,296350,2.392667770385742
15,296360,2.466034412384033
15,296370,1.999480962753296
15,296380,2.335918426513672
15,296390,2.1526641845703125
15,296400,2.378528594970703
15,296410,2.5139894485473633
15,296420,2.221853733062744
15,296430,2.40691876411438
15,296440,2.177400588989258
15,296450,2.318108320236206
15,296460,2.4620015621185303
15,296470,2.3379874229431152
15,296480,2.354060649871826
15,296490,2.046462059020996
15,296500,2.3550987243652344
15,296510,2.328310966491699
15,296520,2.304513454437256
15,296530,1.9870280027389526
15,296540,2.238607406616211
15,296550,2.3815083503723145
15,296560,2.190281391143799
15,296570,2.0186498165130615
15,296580,2.121537208557129
15,296590,2.2473859786987305
15,296600,2.305475950241089
15,296610,2.0616276264190674
15,296620,2.4127626419067383
15,296630,2.2866528034210205
15,296640,2.282517671585083
15,296650,2.075723171234131
15,296660,2.621910333633423
15,296670,2.4005484580993652
15,296680,2.2090981006622314
15,296690,2.1586830615997314
15,296700,2.210407257080078
15,296710,2.3641700744628906
15,296720,2.5553390979766846
15,296730,2.3156538009643555
15,296740,2.048600673675537
15,296750,2.323086738586426
15,296760,2.506387948989868
15,296770,2.624382495880127
15,296780,2.1335463523864746
15,296790,2.378831386566162
15,296800,2.3895387649536133
15,296810,1.9272925853729248
15,296820,2.535621404647827
15,296830,2.528316020965576
15,296840,2.2065677642822266
15,296850,2.4751687049865723
15,296860,1.896983027458191
15,296870,2.2645559310913086
15,296880,2.2741036415100098
15,296890,2.4609904289245605
15,296900,2.2207484245300293
15,296910,2.2788827419281006
15,296920,2.0764753818511963
15,296930,2.1643688678741455
15,296940,2.4465157985687256
15,296950,2.527665615081787
15,296960,2.088113307952881
15,296970,2.224362850189209
15,296980,2.961808681488037
15,296990,2.1154839992523193
15,297000,2.3524017333984375
15,297010,2.1172902584075928
15,297020,2.1889407634735107
15,297030,2.5928523540496826
15,297040,2.183948278427124
15,297050,2.24904203414917
15,297060,2.334595203399658
15,297070,2.379136323928833
15,297080,2.33616304397583
15,297090,2.0794873237609863
15,297100,2.506776809692383
15,297110,2.3424055576324463
15,297120,2.310466766357422
15,297130,2.0585265159606934
15,297140,2.1688032150268555
15,297150,2.2260873317718506
15,297160,2.2697556018829346
15,297170,2.3728885650634766
15,297180,2.208003282546997
15,297190,2.4194273948669434
15,297200,2.102695941925049
15,297210,2.0805094242095947
15,297220,2.246068000793457
15,297230,2.2216577529907227
15,297240,2.296326160430908
15,297250,2.474071979522705
15,297260,2.2636001110076904
15,297270,2.238619565963745
15,297280,2.100379705429077
15,297290,2.376439332962036
15,297300,2.089710235595703
15,297310,2.0011138916015625
15,297320,2.338022232055664
15,297330,2.403803586959839
15,297340,2.2076187133789062
15,297350,2.263002395629883
15,297360,2.3277149200439453
15,297370,2.1852517127990723
15,297380,2.4321370124816895
15,297390,2.5777697563171387
15,297400,2.4076056480407715
15,297410,2.09049391746521
15,297420,2.269171953201294
15,297430,2.231682777404785
15,297440,2.493802070617676
15,297450,2.5347514152526855
15,297460,2.180083990097046
15,297470,2.266378879547119
15,297480,2.063734769821167
15,297490,2.448723316192627
15,297500,2.187779188156128
15,297510,2.1616263389587402
15,297520,2.4366636276245117
15,297530,2.391995906829834
15,297540,2.199294090270996
15,297550,2.2760016918182373
15,297560,2.3527472019195557
15,297570,2.1673035621643066
15,297580,2.2114086151123047
15,297590,2.3551902770996094
15,297600,2.143980026245117
15,297610,1.9783451557159424
15,297620,2.310969114303589
15,297630,2.128491163253784
15,297640,2.662952423095703
15,297650,2.0829927921295166
15,297660,1.8846720457077026
15,297670,2.278916120529175
15,297680,2.5356273651123047
15,297690,2.1570143699645996
15,297700,2.0336990356445312
15,297710,2.2801661491394043
15,297720,2.383974552154541
15,297730,2.0132663249969482
15,297740,2.0904059410095215
15,297750,2.1418375968933105
15,297760,1.9707989692687988
15,297770,2.2456212043762207
15,297780,2.2364132404327393
15,297790,2.3952627182006836
15,297800,2.170780897140503
15,297810,2.1445112228393555
15,297820,2.3925576210021973
15,297830,2.265078067779541
15,297840,2.643726110458374
15,297850,2.3696961402893066
15,297860,2.5050697326660156
15,297870,2.382168769836426
15,297880,2.0084609985351562
15,297890,2.42734956741333
15,297900,2.169376850128174
15,297910,2.0209994316101074
15,297920,2.4068121910095215
15,297930,2.5580661296844482
15,297940,2.3195409774780273
15,297950,2.112482786178589
15,297960,1.9181478023529053
15,297970,2.3194894790649414
15,297980,2.35695219039917
15,297990,2.453453540802002
15,298000,2.206594705581665
15,298010,2.4311766624450684
15,298020,2.6680214405059814
15,298030,2.375495433807373
15,298040,2.17622709274292
15,298050,2.0160715579986572
15,298060,2.130122184753418
15,298070,2.3661882877349854
15,298080,2.130189895629883
15,298090,2.2754080295562744
15,298100,2.338604688644409
15,298110,2.302229642868042
15,298120,2.3398447036743164
15,298130,2.136566400527954
15,298140,2.0817837715148926
15,298150,2.1080143451690674
15,298160,2.2414157390594482
15,298170,2.191371202468872
15,298180,2.207010269165039
15,298190,2.5113720893859863
15,298200,2.2735321521759033
15,298210,2.3891425132751465
15,298220,2.6008729934692383
15,298230,2.674124002456665
15,298240,2.3397421836853027
15,298250,2.60672926902771
15,298260,2.0323286056518555
15,298270,2.2096545696258545
15,298280,2.0332367420196533
15,298290,2.2187376022338867
15,298300,2.596127986907959
15,298310,2.462766647338867
15,298320,2.165713310241699
15,298330,2.218997001647949
15,298340,2.252365827560425
15,298350,2.357247829437256
15,298360,2.362178325653076
15,298370,2.0603299140930176
15,298380,2.36574649810791
15,298390,2.700209379196167
15,298400,2.1847243309020996
15,298410,2.347973346710205
15,298420,2.107419729232788
15,298430,2.0506246089935303
15,298440,2.4407448768615723
15,298450,2.3204777240753174
15,298460,2.248753070831299
15,298470,1.978631854057312
15,298480,2.2087326049804688
15,298490,2.426513671875
15,298500,2.2689619064331055
15,298510,2.183225631713867
15,298520,1.9899736642837524
15,298530,2.4715561866760254
15,298540,2.288888454437256
15,298550,2.173048496246338
15,298560,2.1746959686279297
15,298570,2.0369582176208496
15,298580,2.2858691215515137
15,298590,2.300595760345459
15,298600,2.2900185585021973
15,298610,2.367818832397461
15,298620,2.3588201999664307
15,298630,2.0911688804626465
15,298640,2.04726243019104
15,298650,2.361354351043701
15,298660,2.234140634536743
15,298670,2.483383893966675
15,298680,2.4416913986206055
15,298690,2.389523983001709
15,298700,2.0490617752075195
15,298710,2.235279083251953
15,298720,2.2791779041290283
15,298730,2.4888765811920166
15,298740,2.382930278778076
15,298750,2.1788442134857178
15,298760,2.0316579341888428
15,298770,2.6804442405700684
15,298780,2.6691646575927734
15,298790,2.164030075073242
15,298800,2.27591872215271
15,298810,2.3051745891571045
15,298820,2.2017955780029297
15,298830,2.1740899085998535
15,298840,2.3856210708618164
15,298850,2.2637062072753906
15,298860,2.3502869606018066
15,298870,2.2699053287506104
15,298880,2.2894961833953857
15,298890,2.3548851013183594
15,298900,2.1883978843688965
15,298910,2.23757266998291
15,298920,2.1929731369018555
15,298930,2.479057788848877
15,298940,2.4157357215881348
15,298950,2.327969551086426
15,298960,2.5198745727539062
15,298970,1.9828252792358398
15,298980,2.1540944576263428
15,298990,2.488060712814331
15,299000,2.0950710773468018
15,299010,2.4209671020507812
15,299020,2.092273473739624
15,299030,2.13840389251709
15,299040,2.387740135192871
15,299050,2.2784481048583984
15,299060,2.1772022247314453
15,299070,2.4663639068603516
15,299080,2.1833086013793945
15,299090,2.127906560897827
15,299100,2.1774611473083496
15,299110,2.3155031204223633
15,299120,2.500277519226074
15,299130,2.174916982650757
15,299140,2.0470664501190186
15,299150,2.376910924911499
15,299160,2.328687906265259
15,299170,2.6818485260009766
15,299180,2.636077404022217
15,299190,2.605513572692871
15,299200,2.137767791748047
15,299210,2.136165142059326
15,299220,2.526362657546997
15,299230,2.057563543319702
15,299240,2.3172316551208496
15,299250,2.3739805221557617
15,299260,2.8519105911254883
15,299270,2.000041961669922
15,299280,2.252682685852051
15,299290,2.229396343231201
15,299300,2.4251294136047363
15,299310,2.05576753616333
15,299320,2.291891098022461
15,299330,2.3343183994293213
15,299340,2.19020414352417
15,299350,2.1992900371551514
15,299360,2.3441061973571777
15,299370,2.486304521560669
15,299380,2.1174001693725586
15,299390,2.4979522228240967
15,299400,2.3414814472198486
15,299410,2.1158838272094727
15,299420,2.5686044692993164
15,299430,2.1942718029022217
15,299440,2.186763286590576
15,299450,2.122401714324951
15,299460,2.0976686477661133
15,299470,2.0733273029327393
15,299480,2.3228588104248047
15,299490,2.3188819885253906
15,299500,2.161435604095459
15,299510,2.1196889877319336
15,299520,2.2644526958465576
15,299530,2.091905355453491
15,299540,2.0631141662597656
15,299550,2.4141979217529297
15,299560,2.3189001083374023
15,299570,2.287449359893799
15,299580,2.215599298477173
15,299590,2.1568119525909424
15,299600,2.2807297706604004
15,299610,2.442286729812622
15,299620,2.2881956100463867
15,299630,2.3475687503814697
15,299640,2.326444149017334
15,299650,2.3384835720062256
15,299660,2.103314161300659
15,299670,2.3055691719055176
15,299680,2.365286350250244
15,299690,2.60211443901062
15,299700,2.240086317062378
15,299710,2.2947018146514893
15,299720,2.3195972442626953
15,299730,2.704996109008789
15,299740,2.2287137508392334
15,299750,2.255868434906006
15,299760,2.157463550567627
15,299770,2.154444932937622
15,299780,2.3993754386901855
15,299790,2.4663305282592773
15,299800,2.1987991333007812
15,299810,2.2202839851379395
15,299820,2.4249143600463867
15,299830,2.0991365909576416
15,299840,2.101593494415283
15,299850,2.1712231636047363
15,299860,2.005563259124756
15,299870,2.55985164642334
15,299880,2.262012004852295
15,299890,2.2314882278442383
15,299900,2.3488876819610596
15,299910,2.4089927673339844
15,299920,2.49537992477417
15,299930,2.522768497467041
15,299940,2.5067992210388184
15,299950,2.4165103435516357
15,299960,1.9771020412445068
15,299970,2.260838031768799
15,299980,2.5767407417297363
15,299990,2.7174243927001953
15,300000,2.3447461128234863
15,300010,2.14546799659729
15,300020,2.361830711364746
15,300030,2.3723583221435547
15,300040,2.2609033584594727
15,300050,2.1852164268493652
15,300060,2.4682936668395996
15,300070,2.223083734512329
15,300080,2.220710515975952
15,300090,2.30810284614563
15,300100,2.316624641418457
15,300110,2.351144552230835
15,300120,2.6341392993927
15,300130,2.173430919647217
15,300140,2.616257667541504
15,300150,2.2950239181518555
15,300160,2.18717098236084
15,300170,2.3899028301239014
15,300180,2.4561595916748047
15,300190,2.1864125728607178
15,300200,2.3620553016662598
15,300210,2.215974807739258
15,300220,2.2111856937408447
15,300230,2.4343509674072266
15,300240,2.4761781692504883
15,300250,2.409971237182617
15,300260,2.736882209777832
15,300270,2.6422672271728516
15,300280,2.629667282104492
15,300290,1.992931842803955
15,300300,2.119969129562378
15,300310,2.236786365509033
15,300320,2.0440614223480225
15,300330,2.135547637939453
15,300340,2.2379791736602783
15,300350,2.2065553665161133
15,300360,2.22163724899292
15,300370,2.3817572593688965
15,300380,2.2567458152770996
15,300390,2.186344623565674
15,300400,2.087660789489746
15,300410,2.286747455596924
15,300420,2.20442271232605
15,300430,2.01948881149292
15,300440,2.2375073432922363
15,300450,2.3330063819885254
15,300460,2.132481813430786
15,300470,2.5687804222106934
15,300480,2.401118278503418
15,300490,2.169023275375366
15,300500,2.5325124263763428
15,300510,2.1627142429351807
15,300520,2.160494804382324
15,300530,2.5309133529663086
15,300540,2.541102886199951
15,300550,2.229358196258545
15,300560,2.427609920501709
15,300570,2.2689857482910156
15,300580,2.1561222076416016
15,300590,2.558133602142334
15,300600,2.1144232749938965
15,300610,2.2901110649108887
15,300620,2.2981395721435547
15,300630,2.548780918121338
15,300640,2.2311854362487793
15,300650,2.2955856323242188
15,300660,2.1219639778137207
15,300670,2.0817244052886963
15,300680,2.42010498046875
15,300690,2.5686564445495605
15,300700,2.341294765472412
15,300710,2.0252208709716797
15,300720,2.172898769378662
15,300730,2.1649067401885986
15,300740,2.426616668701172
15,300750,2.1699695587158203
15,300760,2.4244232177734375
15,300770,2.389719009399414
15,300780,2.341179370880127
15,300790,2.2225611209869385
15,300800,2.457667350769043
15,300810,2.4751245975494385
15,300820,2.087679624557495
15,300830,2.1120986938476562
15,300840,2.3972434997558594
15,300850,2.107304573059082
15,300860,2.154003143310547
15,300870,2.178584337234497
15,300880,2.1578359603881836
15,300890,2.3226447105407715
15,300900,2.264866828918457
15,300910,2.2226619720458984
15,300920,2.225325107574463
15,300930,2.3660078048706055
15,300940,2.0935444831848145
15,300950,2.2707865238189697
15,300960,2.1620841026306152
15,300970,2.0055527687072754
15,300980,2.228893995285034
15,300990,2.4312093257904053
15,301000,2.3065176010131836
15,301010,2.4255776405334473
15,301020,3.1251301765441895
15,301030,2.2323193550109863
15,301040,2.2121198177337646
15,301050,2.341071128845215
15,301060,2.3472609519958496
15,301070,2.298971176147461
15,301080,2.3393898010253906
15,301090,2.2050702571868896
15,301100,2.2237699031829834
15,301110,2.1952571868896484
15,301120,2.2234413623809814
15,301130,1.9377425909042358
15,301140,2.387631416320801
15,301150,2.2738759517669678
15,301160,2.334345817565918
15,301170,2.219168186187744
15,301180,2.065372943878174
15,301190,2.0306475162506104
15,301200,2.321667194366455
15,301210,1.909243106842041
15,301220,2.4867095947265625
15,301230,2.0715668201446533
15,301240,2.1451377868652344
15,301250,2.4941213130950928
15,301260,2.1599957942962646
15,301270,2.711033821105957
15,301280,2.1301755905151367
15,301290,2.199234962463379
15,301300,2.41219425201416
15,301310,2.1521213054656982
15,301320,2.2971060276031494
15,301330,2.1636605262756348
15,301340,2.084257125854492
15,301350,2.3442211151123047
15,301360,2.077855110168457
15,301370,2.357675552368164
15,301380,2.3221852779388428
15,301390,1.9980558156967163
15,301400,1.969313383102417
15,301410,2.4166388511657715
15,301420,2.165897846221924
15,301430,3.158456325531006
15,301440,2.4463400840759277
15,301450,2.4579005241394043
15,301460,2.266022205352783
15,301470,2.429762601852417
15,301480,2.3737964630126953
15,301490,2.3679323196411133
15,301500,2.453704595565796
15,301510,2.160278558731079
15,301520,2.2222208976745605
15,301530,2.3873934745788574
15,301540,2.313950777053833
15,301550,2.298370838165283
15,301560,2.1643292903900146
15,301570,2.2714314460754395
15,301580,2.6246585845947266
15,301590,2.3292131423950195
15,301600,2.4941649436950684
15,301610,2.6514339447021484
15,301620,2.280184030532837
15,301630,2.231595993041992
15,301640,2.3165154457092285
15,301650,2.552053451538086
15,301660,2.116802930831909
15,301670,2.351935863494873
15,301680,2.2271413803100586
15,301690,2.2775917053222656
15,301700,1.9624900817871094
15,301710,2.073235034942627
15,301720,2.334444522857666
15,301730,2.2143702507019043
15,301740,2.2329492568969727
15,301750,2.3259100914001465
15,301760,2.381011962890625
15,301770,2.5366897583007812
15,301780,2.2684683799743652
15,301790,2.379852533340454
15,301800,2.290388345718384
15,301810,2.4238674640655518
15,301820,2.508002519607544
15,301830,2.125049352645874
15,301840,2.040376663208008
15,301850,2.418435573577881
15,301860,2.154043674468994
15,301870,2.1768200397491455
15,301880,1.97039794921875
15,301890,2.232560157775879
15,301900,2.346160650253296
15,301910,2.282003402709961
15,301920,2.775421619415283
15,301930,2.2735750675201416
15,301940,2.350559711456299
15,301950,2.0484039783477783
15,301960,2.4264421463012695
15,301970,2.376580238342285
15,301980,2.189178943634033
15,301990,2.388397216796875
15,302000,2.4444775581359863
15,302010,2.2855920791625977
15,302020,2.421084403991699
15,302030,2.775482654571533
15,302040,2.087263345718384
15,302050,2.2081634998321533
15,302060,2.299531936645508
15,302070,2.5152554512023926
15,302080,2.170466423034668
15,302090,2.659458637237549
15,302100,2.4790422916412354
15,302110,2.253357172012329
15,302120,2.1898574829101562
15,302130,2.1996116638183594
15,302140,2.2923240661621094
15,302150,2.384380340576172
15,302160,2.0994584560394287
15,302170,2.396230697631836
15,302180,2.4292099475860596
15,302190,2.2736988067626953
15,302200,2.331230640411377
15,302210,2.4177467823028564
15,302220,2.0447003841400146
15,302230,1.9443511962890625
15,302240,2.1300196647644043
15,302250,2.2722041606903076
15,302260,2.7687106132507324
15,302270,2.2283284664154053
15,302280,2.458940029144287
15,302290,2.0405120849609375
15,302300,2.4340105056762695
15,302310,2.1926469802856445
15,302320,2.6628334522247314
15,302330,2.1540586948394775
15,302340,2.2078049182891846
15,302350,2.2596194744110107
15,302360,2.0605764389038086
15,302370,2.225287914276123
15,302380,2.111164093017578
15,302390,2.5581202507019043
15,302400,2.1327600479125977
15,302410,2.638791561126709
15,302420,2.209714412689209
15,302430,2.342397928237915
15,302440,2.510549545288086
15,302450,2.426344871520996
15,302460,2.3022608757019043
15,302470,2.094841957092285
15,302480,2.232734441757202
15,302490,2.039642095565796
15,302500,2.543367385864258
15,302510,2.517768144607544
15,302520,2.314953088760376
15,302530,2.2757434844970703
15,302540,2.581645965576172
15,302550,2.4410629272460938
15,302560,1.8388292789459229
15,302570,2.2206358909606934
15,302580,2.2444944381713867
15,302590,2.5370583534240723
15,302600,2.0614192485809326
15,302610,2.1289262771606445
15,302620,2.3057641983032227
15,302630,2.353621482849121
15,302640,2.139552593231201
15,302650,2.6128835678100586
15,302660,2.091235876083374
15,302670,2.1075568199157715
15,302680,2.5587778091430664
15,302690,2.509735107421875
15,302700,2.349867820739746
15,302710,2.2724316120147705
15,302720,2.1137709617614746
15,302730,2.1669201850891113
15,302740,2.342226505279541
15,302750,2.4605822563171387
15,302760,1.8115384578704834
15,302770,2.2926125526428223
15,302780,2.4509332180023193
15,302790,2.389781951904297
15,302800,2.305687427520752
15,302810,2.2396295070648193
15,302820,2.1360740661621094
15,302830,2.376882553100586
15,302840,2.133349657058716
15,302850,2.299246311187744
15,302860,2.194056510925293
15,302870,2.1171011924743652
15,302880,2.349381446838379
15,302890,2.243065595626831
15,302900,2.487889289855957
15,302910,2.5875771045684814
15,302920,2.442038059234619
15,302930,2.687190055847168
15,302940,2.089110851287842
15,302950,2.1840479373931885
15,302960,2.433142900466919
15,302970,2.2031586170196533
15,302980,2.2093639373779297
15,302990,2.083677053451538
15,303000,2.312107563018799
15,303010,2.259115695953369
15,303020,2.124973773956299
15,303030,1.8815021514892578
15,303040,2.271310329437256
15,303050,2.5113582611083984
15,303060,1.9959818124771118
15,303070,2.1833741664886475
15,303080,2.478907585144043
15,303090,2.519212007522583
15,303100,2.206059455871582
15,303110,2.682236433029175
15,303120,2.336277484893799
15,303130,2.376466751098633
15,303140,2.58798885345459
15,303150,2.3894150257110596
15,303160,2.3876097202301025
15,303170,2.806344747543335
15,303180,2.461061954498291
15,303190,2.819335699081421
15,303200,2.091226577758789
15,303210,2.674389600753784
15,303220,2.0845556259155273
15,303230,1.931174874305725
15,303240,2.6339080333709717
15,303250,2.1004738807678223
15,303260,2.421325206756592
15,303270,2.2591214179992676
15,303280,2.1538500785827637
15,303290,2.194533109664917
15,303300,2.2166619300842285
15,303310,2.2013614177703857
15,303320,2.012444019317627
15,303330,2.368100643157959
15,303340,2.1042871475219727
15,303350,2.1680846214294434
15,303360,2.2001633644104004
15,303370,2.4440245628356934
15,303380,2.0422539710998535
15,303390,2.1869659423828125
15,303400,2.322199821472168
15,303410,2.276604175567627
15,303420,2.2813377380371094
15,303430,2.432328224182129
15,303440,2.381469964981079
15,303450,2.6200499534606934
15,303460,2.2792916297912598
15,303470,2.2663848400115967
15,303480,2.0515713691711426
15,303490,2.211894989013672
15,303500,2.269775867462158
15,303510,1.965756893157959
15,303520,2.6295599937438965
15,303530,2.465538501739502
15,303540,2.1701369285583496
15,303550,2.3194236755371094
15,303560,2.5069992542266846
15,303570,2.0278005599975586
15,303580,2.0850670337677
15,303590,2.494920253753662
15,303600,2.26528000831604
15,303610,2.236093521118164
15,303620,2.346837282180786
15,303630,2.0731794834136963
15,303640,2.064784526824951
15,303650,2.258530616760254
15,303660,2.143765687942505
15,303670,2.134680986404419
15,303680,2.2286534309387207
15,303690,2.2626593112945557
15,303700,2.3809525966644287
15,303710,2.2237043380737305
15,303720,2.2894089221954346
15,303730,2.2842235565185547
15,303740,2.8056869506835938
15,303750,2.2640297412872314
15,303760,2.2379512786865234
15,303770,2.452516794204712
15,303780,2.460728645324707
15,303790,2.5092039108276367
15,303800,2.25978422164917
15,303810,2.2520031929016113
15,303820,2.3502373695373535
15,303830,2.3538379669189453
15,303840,2.762364625930786
15,303850,2.438843250274658
15,303860,2.402308225631714
15,303870,2.8664727210998535
15,303880,2.502157688140869
15,303890,2.2279725074768066
15,303900,2.302290201187134
15,303910,2.463543653488159
15,303920,2.335538864135742
15,303930,2.633326530456543
15,303940,2.5239267349243164
15,303950,2.4414005279541016
15,303960,2.4731802940368652
15,303970,1.9720845222473145
15,303980,2.1567845344543457
15,303990,2.3486239910125732
15,304000,2.188697099685669
15,304010,2.398205280303955
15,304020,2.589038133621216
15,304030,2.1593973636627197
15,304040,2.140895128250122
15,304050,2.537569522857666
15,304060,2.3390233516693115
15,304070,2.099186420440674
15,304080,2.0224857330322266
15,304090,2.054598569869995
15,304100,2.2512094974517822
15,304110,2.1003012657165527
15,304120,2.3270390033721924
15,304130,2.309709072113037
15,304140,2.500901222229004
15,304150,2.310516119003296
15,304160,2.289569139480591
15,304170,2.2893543243408203
15,304180,1.8942735195159912
15,304190,2.4643139839172363
15,304200,2.4379451274871826
15,304210,2.317394256591797
15,304220,2.107438325881958
15,304230,2.0798604488372803
15,304240,2.1283950805664062
15,304250,2.1926026344299316
15,304260,2.140489101409912
15,304270,2.439404010772705
15,304280,2.291445732116699
15,304290,2.3176865577697754
15,304300,2.1565990447998047
15,304310,2.145927667617798
15,304320,2.3968708515167236
15,304330,2.064089059829712
15,304340,2.1157102584838867
15,304350,2.121382713317871
15,304360,2.9967589378356934
15,304370,2.645120620727539
15,304380,2.0805068016052246
15,304390,2.4180238246917725
15,304400,2.213128089904785
15,304410,2.21390700340271
15,304420,2.4808332920074463
15,304430,2.524975538253784
15,304440,2.3829784393310547
15,304450,2.54071044921875
15,304460,2.546656608581543
15,304470,2.0932724475860596
15,304480,2.4686856269836426
15,304490,2.2475249767303467
15,304500,2.4010214805603027
15,304510,2.450336217880249
15,304520,2.2614223957061768
15,304530,2.5082836151123047
15,304540,2.7602405548095703
15,304550,2.457584857940674
15,304560,2.4490528106689453
15,304570,2.462491512298584
15,304580,2.4826905727386475
15,304590,2.085944652557373
15,304600,2.1386725902557373
15,304610,2.258711814880371
15,304620,2.104706287384033
15,304630,2.541748046875
15,304640,2.28531551361084
15,304650,2.2843997478485107
15,304660,2.3206918239593506
15,304670,2.1217703819274902
15,304680,2.319737672805786
15,304690,2.014281988143921
15,304700,2.1631412506103516
15,304710,2.201706886291504
15,304720,2.2005224227905273
15,304730,2.4085962772369385
15,304740,2.45656681060791
15,304750,2.182398796081543
15,304760,2.2029271125793457
15,304770,2.214606523513794
15,304780,2.6133594512939453
15,304790,2.4295339584350586
15,304800,2.023983955383301
15,304810,2.1109845638275146
15,304820,2.2200605869293213
15,304830,2.5145952701568604
15,304840,2.208613157272339
15,304850,2.310410976409912
15,304860,2.2157294750213623
15,304870,2.572185516357422
15,304880,2.2231037616729736
15,304890,2.0683956146240234
15,304900,2.2295711040496826
15,304910,2.349437713623047
15,304920,2.213437080383301
15,304930,2.1679959297180176
15,304940,2.1999120712280273
15,304950,2.4043402671813965
15,304960,2.171009063720703
15,304970,2.2413926124572754
15,304980,2.1414103507995605
15,304990,2.197230577468872
15,305000,2.2862653732299805
15,305010,2.4653072357177734
15,305020,2.5286927223205566
15,305030,2.2801597118377686
15,305040,2.5656228065490723
15,305050,2.331277370452881
15,305060,2.3021790981292725
15,305070,2.320286750793457
15,305080,2.040114164352417
15,305090,2.339137554168701
15,305100,2.6623220443725586
15,305110,2.706198215484619
15,305120,2.1788125038146973
15,305130,2.1480209827423096
15,305140,2.2540712356567383
15,305150,2.3539681434631348
15,305160,2.3020927906036377
15,305170,2.145935535430908
15,305180,2.3440182209014893
15,305190,2.1296935081481934
15,305200,1.9662137031555176
15,305210,2.4872732162475586
15,305220,2.0869555473327637
15,305230,2.1901261806488037
15,305240,2.0087637901306152
15,305250,2.48831844329834
15,305260,2.3440446853637695
15,305270,2.239321231842041
15,305280,2.72731351852417
15,305290,2.305142879486084
15,305300,2.0387308597564697
15,305310,2.368237018585205
15,305320,2.122325897216797
15,305330,2.4832563400268555
15,305340,2.185025691986084
15,305350,2.074888229370117
15,305360,2.4988059997558594
15,305370,2.3382418155670166
15,305380,2.0568928718566895
15,305390,2.3812453746795654
15,305400,2.0651206970214844
15,305410,2.2891604900360107
15,305420,2.381666421890259
15,305430,2.3447136878967285
15,305440,2.372962474822998
15,305450,2.4094879627227783
15,305460,1.8691991567611694
15,305470,2.3202333450317383
15,305480,2.247573137283325
15,305490,2.230523109436035
15,305500,2.2335026264190674
15,305510,2.2340424060821533
15,305520,2.198516845703125
15,305530,2.2739272117614746
15,305540,2.297250270843506
15,305550,2.3274154663085938
15,305560,2.454355001449585
15,305570,2.32563853263855
15,305580,1.9945714473724365
15,305590,2.5183348655700684
15,305600,1.9904677867889404
15,305610,2.1776533126831055
15,305620,2.525120735168457
15,305630,2.226198434829712
15,305640,2.231070041656494
15,305650,2.179985523223877
15,305660,2.172830820083618
15,305670,2.6010894775390625
15,305680,2.166820526123047
15,305690,2.0406994819641113
15,305700,2.119720935821533
15,305710,2.091662645339966
15,305720,2.2815780639648438
15,305730,2.1722960472106934
15,305740,2.4180305004119873
15,305750,2.3816537857055664
15,305760,2.4876716136932373
15,305770,2.226377487182617
15,305780,2.429922580718994
15,305790,2.1815989017486572
15,305800,2.39837646484375
15,305810,2.1031460762023926
15,305820,2.1678619384765625
15,305830,2.3868842124938965
15,305840,2.4261631965637207
15,305850,2.186946392059326
15,305860,2.295213222503662
15,305870,2.1222176551818848
15,305880,1.8705946207046509
15,305890,2.3166627883911133
15,305900,2.4652552604675293
15,305910,2.242994546890259
15,305920,2.209136486053467
15,305930,2.636150360107422
15,305940,2.6777637004852295
15,305950,2.3342556953430176
15,305960,2.0930984020233154
15,305970,2.2626514434814453
15,305980,2.1573715209960938
15,305990,2.120816469192505
15,306000,1.9333412647247314
15,306010,2.102943181991577
15,306020,2.574275493621826
15,306030,2.2408359050750732
15,306040,2.5267701148986816
15,306050,2.3823580741882324
15,306060,2.355395793914795
15,306070,2.364663600921631
15,306080,2.148451328277588
15,306090,2.145674467086792
15,306100,2.445828676223755
15,306110,1.9572986364364624
15,306120,2.235644817352295
15,306130,2.1111502647399902
15,306140,2.2595205307006836
15,306150,2.1483709812164307
15,306160,2.3051400184631348
15,306170,2.8880116939544678
15,306180,2.1998300552368164
15,306190,2.2278876304626465
15,306200,2.3552803993225098
15,306210,2.3403403759002686
15,306220,2.32210636138916
15,306230,2.0675137042999268
15,306240,2.368825912475586
15,306250,2.6404759883880615
15,306260,2.357079267501831
15,306270,2.209083318710327
15,306280,2.3393545150756836
15,306290,2.1101796627044678
15,306300,2.5048587322235107
15,306310,2.33907413482666
15,306320,2.3881916999816895
15,306330,2.171030044555664
15,306340,2.355846881866455
15,306350,2.5000205039978027
15,306360,1.9762859344482422
15,306370,2.2322261333465576
15,306380,2.1894397735595703
15,306390,2.2350809574127197
15,306400,2.260786533355713
15,306410,2.472280502319336
15,306420,2.3559415340423584
15,306430,1.9881256818771362
15,306440,2.052443265914917
15,306450,2.1750435829162598
15,306460,2.0827620029449463
15,306470,2.5629310607910156
15,306480,2.438389778137207
15,306490,2.0523791313171387
15,306500,2.578824996948242
15,306510,2.4499869346618652
15,306520,2.358006000518799
15,306530,1.8330624103546143
15,306540,2.3021812438964844
15,306550,2.270875930786133
15,306560,2.1286354064941406
15,306570,1.9540915489196777
15,306580,2.165896415710449
15,306590,2.007035970687866
15,306600,2.269073724746704
15,306610,2.23477840423584
15,306620,2.3732309341430664
15,306630,2.152350902557373
15,306640,2.6489763259887695
15,306650,2.22248911857605
15,306660,2.3553624153137207
15,306670,2.2026379108428955
15,306680,2.4941720962524414
15,306690,2.5916736125946045
15,306700,2.2190744876861572
15,306710,2.023683547973633
15,306720,1.9760873317718506
15,306730,2.6834487915039062
15,306740,2.311178684234619
15,306750,2.4509339332580566
15,306760,2.198531150817871
15,306770,2.226313829421997
15,306780,2.2208633422851562
15,306790,2.185242176055908
15,306800,2.2348368167877197
15,306810,2.008054256439209
15,306820,2.429795503616333
15,306830,2.407946825027466
15,306840,2.410994529724121
15,306850,2.1531782150268555
15,306860,2.2263169288635254
15,306870,2.256671190261841
15,306880,2.442051410675049
15,306890,2.3903164863586426
15,306900,2.7898383140563965
15,306910,2.1822657585144043
15,306920,2.415489673614502
15,306930,2.3994557857513428
15,306940,2.480010509490967
15,306950,2.4232583045959473
15,306960,2.362456798553467
15,306970,2.3366036415100098
15,306980,2.1892120838165283
15,306990,2.283134698867798
15,307000,2.2785563468933105
15,307010,2.221734046936035
15,307020,2.3409616947174072
15,307030,2.2615458965301514
15,307040,2.426393747329712
15,307050,2.5458102226257324
15,307060,1.8940953016281128
15,307070,2.3583590984344482
15,307080,2.1184463500976562
15,307090,2.4441959857940674
15,307100,2.2697653770446777
15,307110,2.0353689193725586
15,307120,2.0995259284973145
15,307130,3.1519031524658203
15,307140,1.9416115283966064
15,307150,2.398294448852539
15,307160,2.2287468910217285
15,307170,2.2856125831604004
15,307180,2.3850479125976562
15,307190,2.3493094444274902
15,307200,2.1274948120117188
15,307210,2.0871458053588867
15,307220,2.564828395843506
15,307230,2.1390464305877686
15,307240,2.0863029956817627
15,307250,2.2653417587280273
15,307260,2.241057872772217
15,307270,2.21016788482666
15,307280,2.234729051589966
15,307290,2.3680007457733154
15,307300,2.683643341064453
15,307310,2.4486889839172363
15,307320,2.7465286254882812
15,307330,2.1550424098968506
15,307340,2.849058151245117
15,307350,2.0982773303985596
15,307360,2.4619293212890625
15,307370,2.243504047393799
15,307380,2.0798799991607666
15,307390,2.587273359298706
15,307400,2.2713215351104736
15,307410,2.3834421634674072
15,307420,2.614143133163452
15,307430,2.60092830657959
15,307440,2.3346898555755615
15,307450,2.20481538772583
15,307460,2.263709306716919
15,307470,2.1892831325531006
15,307480,2.16200590133667
15,307490,2.4337639808654785
15,307500,2.9038612842559814
15,307510,2.684201717376709
15,307520,2.4412906169891357
15,307530,2.236750602722168
15,307540,2.202208995819092
15,307550,2.3436038494110107
15,307560,2.721627950668335
15,307570,2.1980490684509277
15,307580,2.3177666664123535
15,307590,2.3997087478637695
15,307600,2.327958345413208
15,307610,2.0022473335266113
15,307620,2.1771678924560547
15,307630,2.4598894119262695
15,307640,2.381248950958252
15,307650,2.340925455093384
15,307660,2.0991172790527344
15,307670,2.0717804431915283
15,307680,2.2872722148895264
15,307690,2.4715499877929688
15,307700,2.1948697566986084
15,307710,2.1902527809143066
15,307720,1.9679280519485474
15,307730,2.5153074264526367
15,307740,2.2106895446777344
15,307750,2.6126275062561035
15,307760,2.2801883220672607
15,307770,2.350794792175293
15,307780,1.802377700805664
15,307790,2.164325714111328
15,307800,2.2918450832366943
15,307810,2.1864023208618164
15,307820,2.382997989654541
15,307830,2.3604736328125
15,307840,2.2676703929901123
15,307850,2.5074543952941895
15,307860,2.4410908222198486
15,307870,2.282017469406128
15,307880,2.5391507148742676
15,307890,2.1965935230255127
15,307900,2.1155667304992676
15,307910,2.052130937576294
15,307920,2.479066848754883
15,307930,2.24483060836792
15,307940,2.190007448196411
15,307950,2.4843668937683105
15,307960,2.429918050765991
15,307970,1.9479821920394897
15,307980,2.252426862716675
15,307990,2.0500874519348145
15,308000,2.3202528953552246
15,308010,2.4531869888305664
15,308020,2.1626415252685547
15,308030,2.370518207550049
15,308040,2.3414454460144043
15,308050,2.5916709899902344
15,308060,2.247706174850464
15,308070,2.204200267791748
15,308080,2.229160785675049
15,308090,2.2273552417755127
15,308100,2.459934711456299
15,308110,2.202711582183838
15,308120,2.2593793869018555
15,308130,2.4851341247558594
15,308140,2.1281681060791016
15,308150,2.5818703174591064
15,308160,2.5960488319396973
15,308170,2.4339756965637207
15,308180,2.2812867164611816
15,308190,2.1332974433898926
15,308200,2.387773036956787
15,308210,2.279737949371338
15,308220,2.254958391189575
15,308230,2.5623230934143066
15,308240,2.3450653553009033
15,308250,2.0761826038360596
15,308260,2.2010743618011475
15,308270,2.2584428787231445
15,308280,2.3436477184295654
15,308290,2.0132007598876953
15,308300,2.3546698093414307
15,308310,2.1003472805023193
15,308320,2.3355660438537598
15,308330,1.9897507429122925
15,308340,2.0524368286132812
15,308350,2.3164143562316895
15,308360,2.144886016845703
15,308370,1.8568215370178223
15,308380,2.4130539894104004
15,308390,2.923224925994873
15,308400,2.093365430831909
15,308410,2.2669692039489746
15,308420,2.331010341644287
15,308430,2.0849993228912354
15,308440,2.1384551525115967
15,308450,1.9485692977905273
15,308460,2.3496646881103516
15,308470,2.176816463470459
15,308480,2.277933120727539
15,308490,2.313971519470215
15,308500,2.356552839279175
15,308510,2.731773853302002
15,308520,2.7125508785247803
15,308530,2.329864740371704
15,308540,2.2869927883148193
15,308550,2.6624889373779297
15,308560,2.3264784812927246
15,308570,2.185067653656006
16,308580,3.066899299621582
16,308590,2.4467477798461914
16,308600,2.9815807342529297
16,308610,2.7012252807617188
16,308620,2.763357162475586
16,308630,2.9309139251708984
16,308640,3.1888222694396973
16,308650,2.4929940700531006
16,308660,2.2913694381713867
16,308670,3.2342138290405273
16,308680,2.356563091278076
16,308690,2.60860013961792
16,308700,2.6349527835845947
16,308710,2.679626703262329
16,308720,2.4581570625305176
16,308730,3.0127146244049072
16,308740,2.944888114929199
16,308750,2.9608895778656006
16,308760,2.764461040496826
16,308770,2.4564051628112793
16,308780,3.1992506980895996
16,308790,2.664022445678711
16,308800,2.6446778774261475
16,308810,2.9572181701660156
16,308820,2.5554921627044678
16,308830,2.6316604614257812
16,308840,2.448681592941284
16,308850,3.029428482055664
16,308860,2.4255223274230957
16,308870,2.541055679321289
16,308880,2.767578601837158
16,308890,2.7671821117401123
16,308900,2.8862223625183105
16,308910,2.8012635707855225
16,308920,2.8129372596740723
16,308930,2.530087471008301
16,308940,2.94228458404541
16,308950,2.589862108230591
16,308960,2.8555045127868652
16,308970,2.621479034423828
16,308980,2.617187976837158
16,308990,2.6210460662841797
16,309000,2.953362226486206
16,309010,2.7949776649475098
16,309020,2.774427890777588
16,309030,3.135040521621704
16,309040,2.275242805480957
16,309050,2.98347806930542
16,309060,3.0080196857452393
16,309070,2.977477550506592
16,309080,2.4338912963867188
16,309090,2.760582685470581
16,309100,2.765261173248291
16,309110,2.8386402130126953
16,309120,2.931027889251709
16,309130,3.0372791290283203
16,309140,3.004765033721924
16,309150,2.741046190261841
16,309160,2.728452682495117
16,309170,2.435790538787842
16,309180,2.5076522827148438
16,309190,3.2954747676849365
16,309200,3.20365309715271
16,309210,2.7398743629455566
16,309220,2.994858980178833
16,309230,2.8011832237243652
16,309240,2.854159355163574
16,309250,2.5602903366088867
16,309260,2.811433792114258
16,309270,2.794611930847168
16,309280,2.6605608463287354
16,309290,2.461925506591797
16,309300,2.699617862701416
16,309310,3.0100181102752686
16,309320,2.7601583003997803
16,309330,2.6942617893218994
16,309340,2.951117992401123
16,309350,2.368475914001465
16,309360,2.571784496307373
16,309370,2.383016586303711
16,309380,2.779719114303589
16,309390,2.5834553241729736
16,309400,2.72867488861084
16,309410,2.1776716709136963
16,309420,2.618885040283203
16,309430,2.9137444496154785
16,309440,2.394685745239258
16,309450,2.695812463760376
16,309460,3.003571033477783
16,309470,2.8972675800323486
16,309480,3.006699323654175
16,309490,2.574869155883789
16,309500,2.5786006450653076
16,309510,2.3324363231658936
16,309520,2.851980209350586
16,309530,2.4500598907470703
16,309540,3.114051342010498
16,309550,2.8478946685791016
16,309560,2.3695173263549805
16,309570,2.70858097076416
16,309580,2.805023193359375
16,309590,2.816530704498291
16,309600,2.8689894676208496
16,309610,2.5398659706115723
16,309620,2.9370980262756348
16,309630,3.1841259002685547
16,309640,2.7946815490722656
16,309650,2.7172293663024902
16,309660,2.769747257232666
16,309670,2.580050468444824
16,309680,2.5469207763671875
16,309690,2.7346441745758057
16,309700,2.968266248703003
16,309710,3.543407917022705
16,309720,2.496278762817383
16,309730,3.2564730644226074
16,309740,2.950115203857422
16,309750,2.7567648887634277
16,309760,2.443460464477539
16,309770,2.792356491088867
16,309780,2.9182846546173096
16,309790,2.5811209678649902
16,309800,2.840050220489502
16,309810,2.937549114227295
16,309820,2.7529165744781494
16,309830,2.5260159969329834
16,309840,2.549537181854248
16,309850,2.6681151390075684
16,309860,2.504289388656616
16,309870,2.7201905250549316
16,309880,2.629689931869507
16,309890,2.7749035358428955
16,309900,2.711054801940918
16,309910,2.8714652061462402
16,309920,2.693429470062256
16,309930,2.4573192596435547
16,309940,2.5773963928222656
16,309950,2.5069103240966797
16,309960,2.6493992805480957
16,309970,3.2814743518829346
16,309980,2.8419551849365234
16,309990,2.560853958129883
16,310000,2.722726345062256
16,310010,2.3993654251098633
16,310020,2.1752419471740723
16,310030,2.6515707969665527
16,310040,2.5006301403045654
16,310050,2.249016523361206
16,310060,2.080448865890503
16,310070,2.1670918464660645
16,310080,2.154940366744995
16,310090,2.3933420181274414
16,310100,2.2087202072143555
16,310110,2.094943046569824
16,310120,2.335970163345337
16,310130,2.286026954650879
16,310140,2.095672845840454
16,310150,2.163327217102051
16,310160,2.2931528091430664
16,310170,2.3522398471832275
16,310180,2.2992396354675293
16,310190,2.1548495292663574
16,310200,2.2191519737243652
16,310210,2.3042244911193848
16,310220,2.147916316986084
16,310230,2.1855380535125732
16,310240,2.3470799922943115
16,310250,1.988450288772583
16,310260,2.3226284980773926
16,310270,2.0849716663360596
16,310280,2.0305562019348145
16,310290,2.458766460418701
16,310300,2.402954578399658
16,310310,2.1801068782806396
16,310320,2.5328588485717773
16,310330,2.156522750854492
16,310340,2.021803855895996
16,310350,2.7012624740600586
16,310360,2.353607416152954
16,310370,2.219818353652954
16,310380,2.1025502681732178
16,310390,2.019226312637329
16,310400,2.0914225578308105
16,310410,2.0142269134521484
16,310420,2.1179134845733643
16,310430,2.285679340362549
16,310440,2.4154105186462402
16,310450,2.482778549194336
16,310460,2.3269500732421875
16,310470,2.3012938499450684
16,310480,2.160059928894043
16,310490,2.17155385017395
16,310500,2.6145715713500977
16,310510,2.423656702041626
16,310520,2.3824121952056885
16,310530,1.9762178659439087
16,310540,2.6168344020843506
16,310550,2.071657180786133
16,310560,2.9613962173461914
16,310570,2.110142946243286
16,310580,2.118466854095459
16,310590,1.8457586765289307
16,310600,2.569277286529541
16,310610,2.247544765472412
16,310620,2.2823448181152344
16,310630,2.298333168029785
16,310640,2.3342740535736084
16,310650,2.4868311882019043
16,310660,2.1122515201568604
16,310670,2.200347423553467
16,310680,2.807053804397583
16,310690,2.0035603046417236
16,310700,2.1131811141967773
16,310710,2.004014730453491
16,310720,2.2517685890197754
16,310730,2.1549158096313477
16,310740,2.2207694053649902
16,310750,2.465590238571167
16,310760,2.119898796081543
16,310770,2.2652692794799805
16,310780,2.4559688568115234
16,310790,2.219677448272705
16,310800,2.219503402709961
16,310810,2.010838508605957
16,310820,2.5507254600524902
16,310830,2.3884360790252686
16,310840,2.2837142944335938
16,310850,2.2786245346069336
16,310860,2.3582253456115723
16,310870,2.2147083282470703
16,310880,2.4942290782928467
16,310890,2.393139362335205
16,310900,1.947630524635315
16,310910,2.71205997467041
16,310920,2.229207992553711
16,310930,2.3771941661834717
16,310940,2.0705878734588623
16,310950,2.2843375205993652
16,310960,2.189654588699341
16,310970,2.3262782096862793
16,310980,2.2752299308776855
16,310990,2.332944393157959
16,311000,2.0468294620513916
16,311010,2.146571159362793
16,311020,2.040365219116211
16,311030,2.4429256916046143
16,311040,2.306318759918213
16,311050,2.0739800930023193
16,311060,2.6982221603393555
16,311070,2.308840274810791
16,311080,2.2435107231140137
16,311090,2.3957302570343018
16,311100,2.3282899856567383
16,311110,2.1720829010009766
16,311120,2.403808355331421
16,311130,2.3548948764801025
16,311140,2.2896432876586914
16,311150,2.0781750679016113
16,311160,2.0841381549835205
16,311170,2.348375082015991
16,311180,2.1736724376678467
16,311190,2.3165836334228516
16,311200,2.100796937942505
16,311210,2.199589490890503
16,311220,2.2631142139434814
16,311230,2.1441268920898438
16,311240,2.285869598388672
16,311250,2.501523017883301
16,311260,2.278578042984009
16,311270,2.100738048553467
16,311280,2.879978895187378
16,311290,1.892559289932251
16,311300,2.345705032348633
16,311310,2.35325288772583
16,311320,2.0730786323547363
16,311330,2.2969017028808594
16,311340,2.1585965156555176
16,311350,2.278442144393921
16,311360,2.8936378955841064
16,311370,2.3799030780792236
16,311380,2.171665906906128
16,311390,2.247312545776367
16,311400,2.2078769207000732
16,311410,2.770753860473633
16,311420,2.371230125427246
16,311430,2.3764328956604004
16,311440,2.4332995414733887
16,311450,1.9180727005004883
16,311460,2.093702554702759
16,311470,2.2640597820281982
16,311480,2.3860201835632324
16,311490,2.567446231842041
16,311500,2.50703763961792
16,311510,2.574065685272217
16,311520,2.3329784870147705
16,311530,2.3938188552856445
16,311540,2.3152852058410645
16,311550,2.1297130584716797
16,311560,2.611497402191162
16,311570,2.2319564819335938
16,311580,2.2459158897399902
16,311590,2.439868211746216
16,311600,2.1438779830932617
16,311610,2.1667826175689697
16,311620,2.6179380416870117
16,311630,2.1802048683166504
16,311640,2.0484957695007324
16,311650,2.385007381439209
16,311660,1.9866623878479004
16,311670,2.2154440879821777
16,311680,2.542084217071533
16,311690,2.268528461456299
16,311700,2.431154727935791
16,311710,2.2594664096832275
16,311720,2.306514263153076
16,311730,2.199793815612793
16,311740,2.0546085834503174
16,311750,2.118461847305298
16,311760,2.1123099327087402
16,311770,2.395799160003662
16,311780,2.1717641353607178
16,311790,2.067631244659424
16,311800,2.483125686645508
16,311810,2.1061549186706543
16,311820,2.3941128253936768
16,311830,2.22491455078125
16,311840,2.558624267578125
16,311850,2.316102981567383
16,311860,2.264529228210449
16,311870,2.3714022636413574
16,311880,2.449314832687378
16,311890,2.0198450088500977
16,311900,2.375831127166748
16,311910,1.9250726699829102
16,311920,2.431401491165161
16,311930,2.1090292930603027
16,311940,2.506868362426758
16,311950,2.3097147941589355
16,311960,2.2573513984680176
16,311970,2.1377716064453125
16,311980,2.458857536315918
16,311990,2.1126561164855957
16,312000,2.1939845085144043
16,312010,2.3142948150634766
16,312020,2.623687267303467
16,312030,2.4457173347473145
16,312040,2.228461265563965
16,312050,2.380998134613037
16,312060,2.1556296348571777
16,312070,2.051976442337036
16,312080,2.7399134635925293
16,312090,2.0331358909606934
16,312100,2.351320743560791
16,312110,2.556163787841797
16,312120,2.1891701221466064
16,312130,2.379565715789795
16,312140,2.183091402053833
16,312150,2.075259208679199
16,312160,2.0942673683166504
16,312170,2.2368836402893066
16,312180,2.1810433864593506
16,312190,2.3423895835876465
16,312200,2.269181251525879
16,312210,2.1332244873046875
16,312220,2.432624340057373
16,312230,2.2819736003875732
16,312240,2.132544994354248
16,312250,2.1642374992370605
16,312260,2.504277467727661
16,312270,2.056889533996582
16,312280,2.308563470840454
16,312290,2.1247386932373047
16,312300,2.1545000076293945
16,312310,1.9736802577972412
16,312320,2.872708797454834
16,312330,2.0775160789489746
16,312340,2.4092063903808594
16,312350,2.804947853088379
16,312360,2.329496383666992
16,312370,2.3242716789245605
16,312380,2.521937370300293
16,312390,2.16145396232605
16,312400,2.2279396057128906
16,312410,2.226750612258911
16,312420,2.261122703552246
16,312430,2.1223697662353516
16,312440,2.144479274749756
16,312450,2.666172981262207
16,312460,2.436016082763672
16,312470,2.268162250518799
16,312480,2.140540838241577
16,312490,2.336052894592285
16,312500,2.684469699859619
16,312510,1.9469189643859863
16,312520,2.6249866485595703
16,312530,2.2779617309570312
16,312540,2.1154072284698486
16,312550,2.229158878326416
16,312560,2.3683526515960693
16,312570,2.233977794647217
16,312580,1.8111133575439453
16,312590,2.2456984519958496
16,312600,2.2582919597625732
16,312610,2.2575955390930176
16,312620,1.9863710403442383
16,312630,2.3041329383850098
16,312640,2.4454617500305176
16,312650,2.2408337593078613
16,312660,2.3377304077148438
16,312670,2.837277889251709
16,312680,2.5302817821502686
16,312690,2.4771780967712402
16,312700,2.22832989692688
16,312710,2.275913953781128
16,312720,2.5807576179504395
16,312730,2.569174289703369
16,312740,2.2693028450012207
16,312750,2.030308723449707
16,312760,2.6329081058502197
16,312770,2.3785409927368164
16,312780,2.429694890975952
16,312790,2.6019251346588135
16,312800,2.195713520050049
16,312810,2.3254282474517822
16,312820,2.3157477378845215
16,312830,2.2148265838623047
16,312840,2.1017584800720215
16,312850,2.9195566177368164
16,312860,2.377643585205078
16,312870,2.249577522277832
16,312880,2.343078136444092
16,312890,2.2412242889404297
16,312900,2.015362501144409
16,312910,2.411299705505371
16,312920,2.1911606788635254
16,312930,2.416498899459839
16,312940,2.409975051879883
16,312950,2.2146739959716797
16,312960,2.334711790084839
16,312970,2.314939022064209
16,312980,1.9985370635986328
16,312990,2.0207319259643555
16,313000,2.1477198600769043
16,313010,2.2531065940856934
16,313020,2.1186282634735107
16,313030,2.1503729820251465
16,313040,2.286484956741333
16,313050,2.2697627544403076
16,313060,2.24613094329834
16,313070,2.449906826019287
16,313080,2.188439130783081
16,313090,2.3836073875427246
16,313100,2.235991954803467
16,313110,1.8659813404083252
16,313120,2.2711939811706543
16,313130,2.2979698181152344
16,313140,2.020810842514038
16,313150,2.203956127166748
16,313160,2.1624841690063477
16,313170,2.320854663848877
16,313180,2.346693992614746
16,313190,2.239935874938965
16,313200,2.5410146713256836
16,313210,2.75706148147583
16,313220,2.3778247833251953
16,313230,2.106382369995117
16,313240,2.3387060165405273
16,313250,2.0897440910339355
16,313260,2.1037557125091553
16,313270,2.2150278091430664
16,313280,2.2356038093566895
16,313290,2.2098934650421143
16,313300,2.3527920246124268
16,313310,2.4193668365478516
16,313320,2.315176486968994
16,313330,2.429687976837158
16,313340,2.1779675483703613
16,313350,2.0599591732025146
16,313360,2.3005576133728027
16,313370,2.4278206825256348
16,313380,2.270594358444214
16,313390,2.502638339996338
16,313400,2.2270500659942627
16,313410,1.906799554824829
16,313420,2.462210178375244
16,313430,2.4537572860717773
16,313440,2.4435505867004395
16,313450,2.212820291519165
16,313460,2.4893627166748047
16,313470,2.342501163482666
16,313480,2.101616382598877
16,313490,2.5013625621795654
16,313500,2.066586971282959
16,313510,2.2488842010498047
16,313520,2.250330924987793
16,313530,2.3278889656066895
16,313540,1.9897663593292236
16,313550,2.1006391048431396
16,313560,2.0247678756713867
16,313570,2.2416255474090576
16,313580,2.4842162132263184
16,313590,2.4384264945983887
16,313600,2.2566978931427
16,313610,2.3948447704315186
16,313620,2.6939988136291504
16,313630,2.502896547317505
16,313640,2.039580821990967
16,313650,2.170856475830078
16,313660,2.146730422973633
16,313670,2.494163751602173
16,313680,2.6100285053253174
16,313690,2.2036726474761963
16,313700,2.3284573554992676
16,313710,2.148510456085205
16,313720,2.304389476776123
16,313730,2.4699747562408447
16,313740,1.8963816165924072
16,313750,2.1750142574310303
16,313760,2.1840600967407227
16,313770,2.168447494506836
16,313780,2.2559711933135986
16,313790,2.3441104888916016
16,313800,2.1236202716827393
16,313810,2.4653589725494385
16,313820,2.546590566635132
16,313830,2.3429155349731445
16,313840,2.375884532928467
16,313850,2.445000171661377
16,313860,2.1436197757720947
16,313870,2.5205140113830566
16,313880,2.363999366760254
16,313890,1.967337727546692
16,313900,2.1084330081939697
16,313910,2.2073488235473633
16,313920,2.08479905128479
16,313930,2.7436699867248535
16,313940,2.5797760486602783
16,313950,2.191067934036255
16,313960,2.205899238586426
16,313970,2.5516810417175293
16,313980,2.0306649208068848
16,313990,2.1547470092773438
16,314000,2.178223133087158
16,314010,2.426135301589966
16,314020,2.2065722942352295
16,314030,2.361288070678711
16,314040,2.465867280960083
16,314050,2.4980475902557373
16,314060,2.3411803245544434
16,314070,2.218449831008911
16,314080,2.274134874343872
16,314090,2.548745632171631
16,314100,2.0730485916137695
16,314110,2.543881893157959
16,314120,2.403102397918701
16,314130,2.265721559524536
16,314140,2.0004689693450928
16,314150,2.6501576900482178
16,314160,2.25418758392334
16,314170,2.279247283935547
16,314180,2.2056217193603516
16,314190,2.2943789958953857
16,314200,2.2495031356811523
16,314210,2.440019130706787
16,314220,2.4874558448791504
16,314230,2.10302734375
16,314240,2.1567342281341553
16,314250,2.0639495849609375
16,314260,2.389403820037842
16,314270,2.3511223793029785
16,314280,2.2150702476501465
16,314290,2.1937758922576904
16,314300,2.503864288330078
16,314310,1.9213156700134277
16,314320,2.3909316062927246
16,314330,2.3307554721832275
16,314340,2.0271406173706055
16,314350,2.1975202560424805
16,314360,2.203112840652466
16,314370,1.9045376777648926
16,314380,2.4018445014953613
16,314390,2.6628916263580322
16,314400,2.1195807456970215
16,314410,2.125025749206543
16,314420,2.1567461490631104
16,314430,2.1563291549682617
16,314440,2.4383928775787354
16,314450,2.35835599899292
16,314460,2.06622052192688
16,314470,2.49727201461792
16,314480,2.0793890953063965
16,314490,2.531405210494995
16,314500,2.2171616554260254
16,314510,2.291872978210449
16,314520,2.5151913166046143
16,314530,2.2327065467834473
16,314540,2.31040358543396
16,314550,2.1052303314208984
16,314560,2.351534605026245
16,314570,2.1125383377075195
16,314580,2.28249454498291
16,314590,2.503079891204834
16,314600,2.5862855911254883
16,314610,2.01873779296875
16,314620,2.4471235275268555
16,314630,2.6842713356018066
16,314640,2.2408690452575684
16,314650,2.247542142868042
16,314660,2.0973715782165527
16,314670,2.106786012649536
16,314680,2.519754409790039
16,314690,2.4510159492492676
16,314700,2.485084056854248
16,314710,2.1333353519439697
16,314720,2.0741584300994873
16,314730,2.142618179321289
16,314740,2.153320789337158
16,314750,2.2992465496063232
16,314760,2.149148464202881
16,314770,2.4715592861175537
16,314780,2.0946366786956787
16,314790,2.274221420288086
16,314800,2.183320999145508
16,314810,2.470076322555542
16,314820,2.245306968688965
16,314830,2.0005455017089844
16,314840,2.17437744140625
16,314850,2.4119067192077637
16,314860,2.109215259552002
16,314870,2.252897262573242
16,314880,2.1848509311676025
16,314890,2.115147590637207
16,314900,2.197589874267578
16,314910,2.248886823654175
16,314920,2.2257871627807617
16,314930,2.3442773818969727
16,314940,2.0373806953430176
16,314950,2.358180522918701
16,314960,2.1764473915100098
16,314970,2.440964937210083
16,314980,2.4085965156555176
16,314990,2.177659749984741
16,315000,2.363687515258789
16,315010,2.805844306945801
16,315020,2.508488893508911
16,315030,2.8776607513427734
16,315040,2.6887519359588623
16,315050,2.1806387901306152
16,315060,2.532721996307373
16,315070,2.4379920959472656
16,315080,2.0043277740478516
16,315090,2.544177770614624
16,315100,2.299281597137451
16,315110,2.329103469848633
16,315120,2.3243820667266846
16,315130,2.0919339656829834
16,315140,2.3745532035827637
16,315150,2.123542308807373
16,315160,2.1841299533843994
16,315170,2.1742162704467773
16,315180,2.1967649459838867
16,315190,2.4277188777923584
16,315200,1.9526044130325317
16,315210,2.5743398666381836
16,315220,2.578195571899414
16,315230,2.3064322471618652
16,315240,2.4136576652526855
16,315250,2.4516077041625977
16,315260,2.1489264965057373
16,315270,2.1591649055480957
16,315280,2.2676374912261963
16,315290,2.0673887729644775
16,315300,2.298840045928955
16,315310,2.0930838584899902
16,315320,2.3296685218811035
16,315330,2.2545950412750244
16,315340,2.232036828994751
16,315350,2.0753071308135986
16,315360,2.775428295135498
16,315370,2.2593865394592285
16,315380,2.307435989379883
16,315390,2.51743221282959
16,315400,2.4668679237365723
16,315410,2.1922197341918945
16,315420,2.0916807651519775
16,315430,2.2450506687164307
16,315440,2.0516512393951416
16,315450,2.4010608196258545
16,315460,2.0193934440612793
16,315470,2.1903131008148193
16,315480,2.3256912231445312
16,315490,2.310894012451172
16,315500,2.534468412399292
16,315510,2.175950288772583
16,315520,2.3958802223205566
16,315530,2.216323137283325
16,315540,2.0425760746002197
16,315550,2.2413153648376465
16,315560,2.2569198608398438
16,315570,2.2836050987243652
16,315580,2.4116125106811523
16,315590,2.36297607421875
16,315600,2.5383639335632324
16,315610,2.415710926055908
16,315620,2.184316873550415
16,315630,2.439851760864258
16,315640,2.0346217155456543
16,315650,2.234989881515503
16,315660,2.0704054832458496
16,315670,2.332035779953003
16,315680,2.07643985748291
16,315690,2.2360434532165527
16,315700,2.2494094371795654
16,315710,2.1815240383148193
16,315720,2.3632025718688965
16,315730,2.280104637145996
16,315740,2.387782096862793
16,315750,2.3841843605041504
16,315760,2.259338140487671
16,315770,2.5913922786712646
16,315780,2.495220184326172
16,315790,2.307738780975342
16,315800,2.221268653869629
16,315810,2.5735394954681396
16,315820,1.963006854057312
16,315830,2.181152820587158
16,315840,2.7499966621398926
16,315850,2.244574785232544
16,315860,2.2503020763397217
16,315870,1.9700597524642944
16,315880,2.157027244567871
16,315890,2.385056495666504
