iteration,head_0,head_1,head_2,head_3,head_4,head_5,head_6,head_7
150000,0.0016447153015599625,0.002399495256880449,0.002083276811509771,0.0022057094085697337,0.0019333396058219265,0.0018929474191025641,0.0028774822565191815,0.002730881019944245
150002,0.0015889243537028919,0.0019571072039043097,0.0021907510863731355,0.0025588303373149657,0.001625987923967509,0.0023119182753852385,0.002614074290812188,0.0022527932862721617
150004,0.001393900347437263,0.0027152468703363214,0.0023520112903780005,0.002523896530358241,0.0015971571567467008,0.0025434490296878526,0.002918778105969244,0.002467842767217343
150006,0.003311921678378127,0.005608112988401359,0.004501411638442365,0.005613465044796373,0.0034792357745905833,0.004981048157278123,0.006406328906864767,0.0045692962294376915
150008,0.0026761674439152033,0.003488688655460939,0.0027977125720717866,0.004218293031578446,0.0028541007688099307,0.0036065863308248347,0.004762592545625388,0.0035502489672212395
150010,0.002152957870998909,0.0034574952820937283,0.0033667586809882494,0.004123645260138753,0.0028554634162197973,0.004200352564333265,0.004946558525700306,0.004089801945188987
150012,0.0018147458995759203,0.00242456518031986,0.0020907448872542617,0.0024625798024788953,0.002227125285173562,0.0027785683925698468,0.002345999634552634,0.002676483506751662
150014,0.0016947107192205046,0.003217796948463969,0.00244456300424295,0.0030955812815758876,0.0022249679712018633,0.002773376102062755,0.0034892818943011022,0.0030517466980119062
150016,0.0014447989880894824,0.0024233469725583184,0.0014253366106077442,0.0024721484614964595,0.00165153180411437,0.00249892581619561,0.002219785485680373,0.0022891306956658447
150018,0.0015196875388121672,0.001782062576872967,0.0015125955588107948,0.002124775351287647,0.001457199356067529,0.00217260788043655,0.0022007675114819186,0.0022798145298432715
150020,0.0016953932333396843,0.0023095190358150136,0.0021297697909212904,0.002528229099568305,0.0017482011993772417,0.002371429954740878,0.002998495803855375,0.0018007815269251992
150022,0.00205826395294241,0.0033085317881556,0.0029409119794877037,0.003347069853787979,0.002726742228715287,0.0031730784536563306,0.0036306778639701026,0.0026488066056040843
150024,0.002474184492937473,0.0037570106803835324,0.0032134659357441336,0.0038944650985795054,0.002711527687987436,0.0033368855561413113,0.0035717029271160744,0.003775043241505474
150026,0.002568186796687036,0.004160119810884488,0.003258203448923816,0.005715608698584396,0.004084590955986622,0.0032874116393800806,0.0035886014411579265,0.005903435032572624
150028,0.002377883525059646,0.0035388955387421484,0.002749287360305497,0.0034909188436849092,0.002494717054005946,0.00295045236854731,0.003953445843664305,0.0031172162259896496
150030,0.0012716984728603636,0.0018563937471738345,0.002060125166127025,0.002267118963212869,0.0015805733069190198,0.001715454514511272,0.0020107586187469995,0.0014505445942693124
150032,0.0014365362867419101,0.002478921180894267,0.0020168487651778394,0.0025719012129522684,0.0017541394419611778,0.002414351414072924,0.002344463650756856,0.0023832436475981766
150034,0.002248145786749811,0.0030408115216821324,0.003235854521373094,0.003410859960895074,0.003474387003306059,0.003410830807043644,0.003522848205046017,0.00289979870582574
150036,0.0021565744442000323,0.002428813509561381,0.0022741098046688557,0.002533489339146558,0.002372507299695528,0.0025431905186810294,0.0029141175444561546,0.0030205964152152376
150038,0.0018278677290855527,0.003044187192166606,0.0029649365479844786,0.0029973449948548225,0.0026509605307343392,0.0029490138314047787,0.004058269724627195,0.003110502582205632
150040,0.0018379407089515049,0.0029056947033879177,0.00253040427322887,0.0030418058635659634,0.002593401688105859,0.002870531882741015,0.003197027441263822,0.002702649311218233
150042,0.0014737205493465938,0.001606466997444933,0.0019020955423632163,0.0021509214484939504,0.0014907067980299976,0.0018197854761416027,0.0019261459845150292,0.0016627681071475081
150044,0.002536190548118933,0.0031864643429359157,0.0025479216950119593,0.004897363486986939,0.0030089280061197515,0.0035419398174119238,0.004054073130319802,0.002446226502512708
150046,0.0031164001245267414,0.005274715834489518,0.00442691362866654,0.005133587749199586,0.004020565301744661,0.005225852117510199,0.005739822493783464,0.0039452790828132245
150048,0.0014380833498803813,0.002658500015920509,0.002044850650486707,0.002647273004691156,0.001781445851797972,0.0024851352314853165,0.002482965870256329,0.002148858359255282
150050,0.002308599281679813,0.0036319336452097506,0.0025575882693695817,0.003747956537872632,0.0027347030595346045,0.0030170468267010225,0.003539260322098628,0.0035055539677947417
150052,0.0020573432931403485,0.002839440392167228,0.0027364141641433998,0.0032502066400797447,0.0021590379540397664,0.00336620361676733,0.003518764615197123,0.0028122092560425305
150054,0.0021215331734051462,0.003964155659731683,0.0027431710594470055,0.003346434954769828,0.002610361889851198,0.003596953047581286,0.003901212238855367,0.0035615569944608266
150056,0.0025834998391375402,0.0031909282182158855,0.0031620698487128257,0.003655944214366047,0.002986465467016197,0.003567855456682034,0.0036168727763620373,0.003448348603484211
150058,0.0024379234981899978,0.003141867973458626,0.0026844992305758014,0.0029962857604970555,0.0025458999005048,0.002895857735447871,0.003181116019173605,0.0028764140503258068
150060,0.001806535350624472,0.0023051005924096396,0.0022758663941753327,0.003042728034921574,0.0018713909125003259,0.0027719464943189026,0.002514023423945355,0.0021930431763053093
150062,0.0017368579051471045,0.002806477606921709,0.002295578817824842,0.0026508350912202716,0.0020334045128490713,0.002660481096973824,0.0029267192401495473,0.0033681344345509873
150064,0.002796934305175372,0.0032775442199812904,0.0029078080092298647,0.004517644305329027,0.003538584401817424,0.004045609683172524,0.0037892750888588594,0.004006754002041868
150066,0.002451911715933841,0.004274903846167355,0.004362457885173976,0.003937550875493523,0.0028287905545471143,0.0042792044199196355,0.005175175625854678,0.004110850135966793
150068,0.0019416000048413928,0.0029171863447414875,0.0027734533992612165,0.003424797993031317,0.0023238832322969305,0.0030031731091800934,0.0030520553979941495,0.00244896191131444
150070,0.0025254980620951356,0.0037592802625083938,0.0030634008488687053,0.00385321639584163,0.003239386778767006,0.003876522612564562,0.0035912223027345647,0.0036534335868623202
150072,0.0018992117982509354,0.003239753596161035,0.0024208399910366496,0.0029257753259526315,0.0027315203720153086,0.002859610682224789,0.00329007953074624,0.002743599154424514
150074,0.0016458806328722986,0.0031941937468416004,0.0027214439164870985,0.002623049535313504,0.002806295651586757,0.0034624199376418474,0.0035300334964767505,0.002436743498339722
150076,0.0015233005238952796,0.00289467749015615,0.0025561777424423227,0.0036512799271233437,0.0020261486445077997,0.0032904645928797382,0.003802020276397769,0.002670507300704339
150078,0.002081455474552532,0.0025115091635194986,0.002256656949688962,0.0026043508815156713,0.002162947566672957,0.002568239279903184,0.002735036587466988,0.0022838219879519617
150080,0.0025917867308378195,0.004557578152335984,0.003359214332805449,0.005456157672234563,0.003784729993473235,0.004363872302939387,0.004627801079522875,0.004990194540469339
150082,0.0018517954918613327,0.0026667927335247837,0.002703011867453267,0.003658418751044723,0.002226134907140853,0.0025384292038406336,0.003330562702333284,0.0029147301294796812
150084,0.002633625550185814,0.0033122291176762714,0.0031608453379385892,0.0033332235239176417,0.002431278693374242,0.0035511133615442336,0.004235427988760421,0.0043705695363707164
150086,0.002020834487765147,0.00283013010359158,0.0026457091892606727,0.002626379936753201,0.0024744361371658585,0.003054244322741262,0.003168291576520821,0.002611582437540838
150088,0.001501042312740175,0.002450519207570015,0.0022981301033909163,0.002825749212434836,0.0019633466997986404,0.002780064132325899,0.003501483061946198,0.002778494165970105
150090,0.002074042364936038,0.0028752150023874656,0.0024926353919280247,0.0031931853256093184,0.0020514024941509362,0.003537871320497668,0.003499570363693097,0.003300020571820897
150092,0.003432945528736797,0.00388402495632989,0.0038004253836043805,0.004189921264363683,0.003976730930483008,0.004289973609488351,0.004551100970516586,0.0035131521658953724
150094,0.0014935655385107105,0.0020675221926682585,0.0018009645939954938,0.0022571553169670744,0.0016808165081151488,0.0021417474035812095,0.002636790108115017,0.0021252036383581085
150096,0.002300227181299741,0.003998840461712838,0.0036620004711382936,0.0028256462387352688,0.0026416033085369245,0.003705213949590558,0.004865344660141213,0.0030877357946546002
150098,0.00341589151793055,0.005040202642860037,0.004129887482330619,0.00438571901020085,0.0043200692743994296,0.00492454938216863,0.005186532941202027,0.004682048900096769
150100,0.0029890959151879365,0.0039031269685472214,0.0035026360467208667,0.004456350952157573,0.0030167112568629945,0.00405460066962271,0.005164714202302356,0.003358620166249493
150102,0.001689585064941268,0.0026337972305196106,0.0023241253176281007,0.0030348616077982005,0.0020282657249046654,0.0027886787417410464,0.00287664861508935,0.0027134671042228775
150104,0.002585410729594173,0.004855688362035926,0.00367745400617471,0.0037566882717110506,0.0031024414873326855,0.004905262756051132,0.004479680217301052,0.0040858491008686215
150106,0.002015718642530709,0.003017208889061554,0.0026424121270264417,0.0030714523878862116,0.0022401715224390634,0.0034744528785946166,0.0033312459766458163,0.0030371309958445725
150108,0.002486729992740244,0.002870065656716561,0.0023703064238329713,0.0030466311388900463,0.002384543781567494,0.0031466766491101833,0.004277648830279868,0.003040572821650045
150110,0.0020045399111303652,0.002276674020282657,0.00233880682757448,0.0023750156413338136,0.002000562300100095,0.002802684605228825,0.0029744804422528054,0.0025662502013079763
150112,0.0025627948358292324,0.0035952261965847138,0.002651311546980617,0.0036758786847779223,0.0026392740518284136,0.0026155864341870783,0.003099633857789899,0.0024945335947196418
150114,0.0017693631657354075,0.0028636517119397104,0.0032796644891870536,0.0028363417449037698,0.0027199057468930143,0.002664933919347537,0.003770456824793836,0.0023307217804751645
150116,0.0019251076036726072,0.0030752180991693856,0.0023996047473388155,0.0027606317270428976,0.0024582813444667395,0.0027074609699400676,0.0030435073046789635,0.0023969999169617395
150118,0.002382241324168588,0.003907334134688689,0.0026631630325213984,0.00418618062483006,0.0025661815090017998,0.0034948686448169064,0.0035772175518545973,0.0033046356458635295
150120,0.0018693969960716927,0.0025603132245435867,0.0022259493016898446,0.0027619996796319907,0.002185293411536074,0.0027639261150733674,0.0031035770150605324,0.002461289612079934
150122,0.0029749489773023274,0.004467023937493375,0.003324192577792928,0.0036945851706177285,0.003132313359538577,0.00423424495193192,0.004775548297155874,0.004401211030362839
150124,0.0031125627197238354,0.003272802760638363,0.0029297563551793915,0.003772285199576411,0.003313401548531561,0.004074547039106813,0.004640789535415024,0.003426881619103664
150126,0.0014656247236600889,0.0022475993168165204,0.002017959122925919,0.0019888708009008355,0.0019429433096718324,0.00200919869735966,0.0030170750645264754,0.00204423616289523
150128,0.004434334762024372,0.004624717931955624,0.0035690166463259315,0.003814536529737192,0.004291698365301022,0.00534756162091915,0.0044009164422584846,0.004543691202663291
150130,0.003370658388619066,0.00500116694317243,0.0039056469919063336,0.00401647324568799,0.003501237057643769,0.004364158757832692,0.005190172616530653,0.0036573201552860812
150132,0.0014962621625452949,0.0023900224940636705,0.0019098275881133109,0.003244800820602356,0.0019633130264020693,0.002480729546271654,0.003392505570170068,0.0024188769668059273
150134,0.0017370730935922923,0.0029499465138142084,0.002789047416414406,0.002797521837409944,0.002710214959469548,0.0022596168119620175,0.0038210492228296644,0.0025810706766366126
150136,0.0025648233263650955,0.0032445185950445016,0.0034943555288494826,0.005162715051548139,0.004445464205950211,0.004309837545082795,0.0040221632047910405,0.0031355700416128146
150138,0.0022328440366179564,0.0032045098255301246,0.00296477143311652,0.003816329072316771,0.0026411824808434403,0.00402938465489161,0.0041047559790242105,0.0031418997128629528
150140,0.0022419089605514447,0.0026485094357414085,0.003060722648317596,0.0030527185383411592,0.0024575736103150114,0.0031794202249999653,0.003306099750318481,0.002951654048545471
150142,0.002165402578205647,0.0030704020186746034,0.002355774289796733,0.00205442585210526,0.0023556997958913556,0.0026229163632044555,0.0029339600316951597,0.002762265165897629
150144,0.0017440374141891035,0.0030555328492738593,0.0021103371586479597,0.0026935298924286727,0.0017971281406565925,0.0030267405613905313,0.0030227994288095777,0.002241901552260339
150146,0.002157627441604096,0.003318776199169593,0.0031107498291858132,0.0033281810353962826,0.0027603620133667683,0.003370936963739704,0.003708498617958758,0.003000256099869994
150148,0.0021084663953799265,0.0030656210641064607,0.0027271846033705693,0.003244654401299632,0.0027804448089136097,0.0032164776051821775,0.0038085696400325247,0.003023914142558093
150150,0.0019317487789136806,0.0030095267695174344,0.002704014059085047,0.0034380863952293006,0.003179259324511463,0.003107508557521191,0.0033710805814975014,0.003205250066503018
150152,0.001343719122644027,0.0020555397486583665,0.0020355475653404675,0.0026627954694258826,0.001858732755878556,0.002785106968276177,0.0025109771172988765,0.0022658182669952343
150154,0.002460364506050361,0.003259239523511606,0.003635803822072417,0.0035294775255667737,0.00239278826170454,0.0029530442388737144,0.0042441740063223765,0.0025469345740072313
150156,0.0016101368019283968,0.0019647100545392565,0.0017460866189367708,0.0026180344496643665,0.001987651882711161,0.0021766204775825054,0.003192778212759484,0.002174455112291307
150158,0.0019273439357685995,0.0027447317964481854,0.002123975562628999,0.0034073036757484992,0.0021486532099307537,0.0024983910080657173,0.0030576603979293737,0.002407723112934912
150160,0.001153579657138748,0.0018299337188799059,0.0018075406158880036,0.0019125427715780408,0.0014644195720210501,0.002005260838113379,0.002166521884843356,0.001651452475537385
150162,0.0017434353933815233,0.0028426340812348766,0.0018948322299906645,0.0029850865633593987,0.002202105693324255,0.003887925417738247,0.003396662450430077,0.002855755653480632
150164,0.002247199485622478,0.004488343315062204,0.003498164936372783,0.004469896664221429,0.003104791628794068,0.003554197535758377,0.004004145459489905,0.0043336143709793995
150166,0.001756814717318811,0.003155165338199206,0.002794934163544094,0.003211313133966734,0.0026050649916898316,0.0032180150338150804,0.0032442181338056125,0.003216930597105261
150168,0.0014206202504283283,0.0019173117069035822,0.0016558429340135655,0.002399412045802754,0.001846716557507913,0.002135883177657727,0.0021709200763164876,0.002052562152543916
150170,0.001447958964665444,0.002138946774677075,0.00207557328274538,0.0022335901185837614,0.0019656114029311667,0.0020257073200389414,0.002678294289716554,0.0020709717128331584
150172,0.002165216401906811,0.002568968059112109,0.002343873854095971,0.002549454461755696,0.0023674130254530135,0.002831330815027455,0.003016041400699443,0.002814753130199202
150174,0.0018580836328975364,0.0035581554097274953,0.002755472265665984,0.003150986689635149,0.0019239809372573191,0.0033892039329295187,0.0031581273780317276,0.002418775831789566
150176,0.0017938691093066783,0.003048383703480262,0.0021674978732367928,0.002955536388908664,0.0026219655591759455,0.0031461375268267006,0.0029821763189091244,0.0026704214412005683
150178,0.0017494094823372053,0.0025995428850501684,0.0023119512337557158,0.002456021458541527,0.0020977011211055357,0.0027748798632110244,0.003178659869501957,0.0022124648098510585
150180,0.0019628178627419945,0.0030296281741337694,0.002854023947951659,0.003351585277797123,0.002296767337071126,0.003396041100743999,0.003831959255681028,0.003168435843213191
150182,0.0013921726300814563,0.00219219261564213,0.0022262814987328433,0.002510053917530952,0.002095387459142853,0.002763974294356722,0.0027579066202045865,0.002446931495355076
150184,0.0028769619158231508,0.0038190879711236386,0.0030820850841776354,0.00392122788992616,0.0030549381743078113,0.004313051700592041,0.0038488558923167743,0.003156539441358089
150186,0.0018243317475994392,0.0030934563253348785,0.0022716219606771504,0.0025217264010422014,0.00224448284745328,0.003465231590121798,0.0031232446237468153,0.0029297406273100096
150188,0.0018149338013918048,0.002731744279743431,0.002154704735793392,0.003014602504958566,0.0026711672713952694,0.0027854793390194588,0.0027744187240213436,0.0026786440260308103
150190,0.0020326110263760994,0.0024181573419004843,0.0022670891639767904,0.0026792799336770035,0.0023667601792200094,0.0025018485326038786,0.0029206461112841198,0.0025541963533885076
150192,0.002357544770621667,0.0037780147790242996,0.002818360074238316,0.003837338873868612,0.002795699151940889,0.0037705057770023864,0.0036055210463310644,0.0028718860688642517
150194,0.0015251802032834189,0.0017595314094620562,0.0023450675928347042,0.002682099042861097,0.0020425838381408212,0.0027012415376237997,0.0024188311626416464,0.002715165729810176
150196,0.0017708624740931378,0.0033687333339865178,0.002604221606859136,0.0034998286510280613,0.0023739148570507546,0.003073303770495528,0.003404413467800238,0.0029410857219611675
150198,0.0019077667574563112,0.0027003943392994167,0.0032420597204221857,0.0030809836848911254,0.0022480479330173747,0.002695564209948112,0.003047973999976472,0.002817853808169249
150200,0.002537981393690103,0.0027767809460608195,0.0030776732279944735,0.0033431915738407897,0.0027917925855283077,0.003155492617993083,0.0036856342008873555,0.003226899410331052
150202,0.0015028357152625654,0.0019842439528506284,0.0018429439186622987,0.0027465206133996944,0.0016793793341963875,0.0023447793216507945,0.002950011260799759,0.0021951584310443556
150204,0.0021925871743361386,0.0032034453781391165,0.0030182329291462834,0.003393781968626511,0.003027428002398358,0.002683414980055032,0.003507473154079635,0.0029238311491535662
150206,0.0015235363655838885,0.002649705502106428,0.002640489088144307,0.0021448731710738272,0.0019011929596886162,0.001997369070277921,0.0024075092479872856,0.00236066018776028
150208,0.001965968828774811,0.002742903370719932,0.0030110515350010303,0.0033402968268989586,0.002396020962953438,0.0030723906053215094,0.0038750322900705236,0.002921745453978497
150210,0.0013803643715421116,0.002313577232789188,0.0019902579449174868,0.0026197212467843484,0.0018835966070904764,0.0027033539166190224,0.0027171728577636417,0.0023684745911656813
150212,0.002214304012549073,0.003897579081732841,0.0028720968907108985,0.004208933734173359,0.0031411033528458976,0.0038120258374976235,0.004663319925700904,0.003818710422347507
150214,0.002641774099857011,0.004333407393776412,0.003660346874401199,0.004561324166574288,0.003209623238313919,0.004640261689647929,0.004657536788724104,0.004489433530068476
150216,0.0017293176663551457,0.00228590326722955,0.0025662860575472735,0.0024401750443003994,0.002230169166015164,0.002589051139354981,0.002716791489105211,0.002221297985304918
150218,0.0029121225645339366,0.0032153608966193487,0.0030643691812155677,0.003330305578860049,0.003368682738978959,0.0036907725416802095,0.0035946798563513682,0.0035882948213617483
150220,0.0021628446550573527,0.0025512131033092467,0.002316165748994861,0.002962516270275606,0.002598565563283195,0.0031956959369773413,0.0038252681487716544,0.0024646729216707547
150222,0.002284072659947123,0.0023237449547911654,0.002393536178939684,0.0030841635134898487,0.002248494474221832,0.0032322648882490146,0.0032408639284137314,0.0024674186217637506
150224,0.0019101450633541989,0.002777563079474854,0.002268231963004297,0.0027028937241289075,0.002317458218457094,0.0030978753286831223,0.0025319070192764276,0.002585421337102156
150226,0.0014243756167877653,0.00283779818021751,0.0023601997480332676,0.0027093465765205688,0.0021818525853368187,0.0026452822866205455,0.00287526534059257,0.0023911528734483906
150228,0.0018368880665205062,0.002369983598518713,0.0022611679733098994,0.0030055809335131217,0.002312013568707416,0.0028087100986538133,0.0033005543151421457,0.0027822251811935317
150230,0.0014546924804117456,0.0021585218087828567,0.001959705704594805,0.0023402703123402008,0.001737671530373186,0.002112958716822766,0.0023820660483340195,0.0018894247921963925
150232,0.003024381228144968,0.0037977999599748125,0.0032807539000492825,0.0035015209773563982,0.003255935803147203,0.004690519647352398,0.004863003204959304,0.0037682314362320057
150234,0.0021211735417537986,0.002932020802237645,0.0026538644982794374,0.0030972330093571032,0.002785897745134991,0.0032655560774854653,0.00324669565697816,0.0029292075178353333
150236,0.00153032075930927,0.0028545465890173483,0.003156003241848504,0.002933010511953063,0.0032315592292553874,0.0029957894490122983,0.0028862680006219166,0.0030247053411836117
150238,0.002531197010825062,0.0033718376533749123,0.0030175326175643225,0.002958901283531948,0.002685744323676298,0.003810883716223859,0.0036891382553007196,0.0030325483458393393
150240,0.0023334533906794186,0.003549354050384604,0.0030453498359135495,0.004134361695460109,0.0027615161201799965,0.0035460230751089977,0.003799910973432144,0.002749810089721416
150242,0.0022604977099571905,0.0030433585123458423,0.003330610860341532,0.004498323918582736,0.003183258256600263,0.0036649745485302226,0.0037485007191517955,0.0035605303910566377
150244,0.0010403120575919744,0.002194620883127621,0.0015802433479317202,0.0018760253579369057,0.001856564209988823,0.0026207368660033925,0.0026683358259230877,0.0020396375155582597
150246,0.002910096113721408,0.004847045835859376,0.003298416177612895,0.004588021336762227,0.0030065654135911363,0.004023358768577623,0.0037621432241075198,0.0031555629309565347
150248,0.002031923821594353,0.0034191420830854136,0.0026526107010088062,0.003843134255046232,0.0031324801566369326,0.003701894471045422,0.00371368601156169,0.003837885813027367
150250,0.0027437380875939277,0.004148813318366251,0.003330978076603097,0.004439358114257053,0.0028668095175316127,0.004378087261613928,0.005100576806250923,0.0037268138578308574
150252,0.0016576995184136717,0.0030303081502758844,0.0025164294319813957,0.0031672247759662597,0.002863851864670988,0.0029521361654270134,0.0035071519295288983,0.002723539682200196
150254,0.002164339712754662,0.0037472244870741106,0.002507013748051082,0.0037546628023257256,0.0020705390942282187,0.003367563259498718,0.003638881402269478,0.002508419975271403
150256,0.0038171336673400447,0.005279714757353615,0.003378021567869427,0.005175928176198719,0.00309333615261477,0.004280106128575989,0.004599342892581737,0.0034638357067130615
150258,0.002037216883083462,0.002716295594539453,0.0029377766082527845,0.0033487261331211077,0.0025266413078096073,0.003006383619864883,0.0030244369530443294,0.002682825276794143
150260,0.0012782344261853679,0.002925680217508511,0.0022941629215505466,0.0026286828701421877,0.0020151376459267567,0.0025104092901489516,0.002943888128986105,0.0023390749126726007
150262,0.0021685500641910327,0.002897498611819316,0.0034127025629731578,0.003324732997895874,0.0028887994941578926,0.00331846287657811,0.003471022046321451,0.003373170306330678
150264,0.0024154813064605207,0.004256957019280527,0.0035149515141219556,0.003391018983699645,0.0026363398248380326,0.0034725440659235662,0.003564874792920683,0.003442737534876686
150266,0.002135941370360342,0.0025555524730516144,0.002877782013301078,0.003257742031937738,0.0029134173537675445,0.003169493619679997,0.0036246345660961854,0.002579716127470988
150268,0.002355438714899974,0.002929893471726397,0.0037879598348301707,0.003908679266842796,0.0025815196221527087,0.00420443673137072,0.003997545852391093,0.0031861098070976035
150270,0.0015215498758939378,0.0025164585846526727,0.0020452940552400656,0.0027046099610950614,0.0021651876267684417,0.0025954490855193413,0.0028643793923289196,0.002402490355845624
150272,0.0021534581377507522,0.0035584647391648933,0.0034094750730291473,0.003447232585958915,0.002788664184116399,0.003366032870233404,0.003560981651502107,0.0023490019731617906
150274,0.002632589469204527,0.003859940223017999,0.0038058738369990547,0.004260779719612862,0.0036495549359416707,0.0039540839200085665,0.005143186172151815,0.004585754663460284
150276,0.0022191796473087916,0.0034254899936141947,0.002984735679747566,0.0037372123834258364,0.003112596389122979,0.0034562152792749906,0.0043938157024216995,0.0034395194658825567
150278,0.0020626865959206264,0.0022756730401696373,0.0023560455154220256,0.003682384542699424,0.0029551135321890243,0.003052308955257113,0.0037113113157594274,0.002375713929298806
150280,0.0021911322624946217,0.0037794084618303914,0.002890167194387283,0.0035302920201563254,0.0028117276421078113,0.0032193275057668252,0.0035418759658918525,0.0026478181489408975
150282,0.0019125525465946702,0.0026012966752603367,0.0023165228992905323,0.0030296002877181483,0.002205611083164541,0.003067097665717236,0.00330098194016816,0.0025378732945604554
150284,0.001797784219098597,0.0030356238600816182,0.0022766078976199783,0.002961375630762833,0.0023324943384374214,0.0027045068940232397,0.0027425287845178753,0.0025780732819203345
150286,0.0015612962538106429,0.003025143802384847,0.0026897050587227356,0.0029174881624373233,0.002168722851896343,0.0028602218945970037,0.0030861097799237402,0.0025846996973423325
150288,0.0018863526275423315,0.002653932818976204,0.0020080503542494604,0.0027436615958632005,0.002194037334205326,0.002306589993286201,0.003336920848100944,0.002229054640735098
150290,0.0014082546593297551,0.0020590144227203983,0.002341348127560608,0.002516121096758417,0.0016870768668386799,0.002313504484172127,0.0029599210562909622,0.0030976136657090425
150292,0.0016937529772543952,0.0030097429929187985,0.0022488340023905096,0.003305317540656161,0.0022674095160280516,0.003301658320582615,0.003097692039037994,0.0034911953010949848
150294,0.002067858951717627,0.002895283217795877,0.002113039542951667,0.0028160490233653107,0.002105888654999735,0.002696404073251557,0.0032596695683475563,0.0025411135140900876
150296,0.0023563330316305753,0.0029041093247542116,0.002691468125975982,0.003083679835530484,0.0023287320086180646,0.003626296229191306,0.0031822271859358736,0.0026310250292593956
150298,0.001916394757462081,0.002592318545171557,0.0025285928748461917,0.0028355593133577717,0.0020896153605790696,0.0030092770391115936,0.0033124945474591883,0.0030083350234116346
150300,0.0015193936204084407,0.0017583874312571274,0.002227060940827086,0.001865244700857152,0.0018606155643665634,0.00194978128863732,0.002211096156826145,0.001635147795245262
150302,0.001669723562762862,0.0024173264622274204,0.002638270154386113,0.0026513813693763155,0.002011205662815263,0.002642283060093009,0.0028348341131732013,0.002582212801041317
150304,0.0022583356191177018,0.00314281312466852,0.0024500098880944066,0.0029727565672601486,0.0025936350392294916,0.0030687900679391422,0.003215692973574949,0.0026106230310865564
150306,0.002469319418162433,0.003631069346302654,0.0033334188159612893,0.0041931357486681975,0.0033268044422225668,0.004815024682833846,0.00462098243702741,0.0036068691207118975
150308,0.001850203970259534,0.0028268396606054985,0.002370772564337431,0.002468054483472315,0.0021888624348262997,0.0033588870165301987,0.00304667802093829,0.002324789859970089
150310,0.0018337877824672333,0.0028538766776945584,0.002393399489431014,0.0028174243087099177,0.002313261160902025,0.0027195952899117387,0.0031367562644991076,0.002363149946060808
150312,0.0021775142524230184,0.0037055191750599153,0.003152267434760825,0.003648411768693585,0.0028004832924175688,0.003291288214269175,0.004135318922528219,0.0031723570443971255
150314,0.0016070768473631092,0.002046148317656496,0.0023457679599681175,0.0026106447299985153,0.001751843828204716,0.00241249678170187,0.003114557426118006,0.0017780678672798533
150316,0.00240575408650702,0.0033067779401574487,0.0027309398122903894,0.004230922666116632,0.003113187503790693,0.0034107033147989796,0.004045051454145465,0.0034092819159205062
150318,0.001855917391652362,0.002671243130894077,0.0021761025823596875,0.003174264613619082,0.00257247557414865,0.0027164559689575457,0.0033711238404578042,0.0029866678307161193
150320,0.0031170506677169474,0.004029590861000243,0.0032531377332878503,0.0045104529779183,0.00313200271178099,0.0038797268712409544,0.0044857820305219676,0.0038473491775910112
150322,0.0027378423777081468,0.004396541289531319,0.0032333294523890915,0.0032839365445563318,0.0031328888282962236,0.003702107533163926,0.0037889031441534216,0.0030131619076374655
150324,0.002055350587880214,0.0028053567610944463,0.002747273871048575,0.0028980641240954896,0.002632474404152832,0.0029160086002413266,0.0033817198181083086,0.002940156057448254
150326,0.0013452949073693987,0.00217020050251282,0.002077739115941349,0.0021291818650333166,0.0017135029391007195,0.0021245037015882873,0.0022907240461594314,0.002082132305550266
150328,0.00198796247370249,0.003658139805650787,0.002920028878772643,0.0036249840041158304,0.0028316154713172725,0.0033931747705686632,0.003728398689999912,0.003278457515476285
150330,0.001647119249577736,0.002170444165379204,0.0024327612702448875,0.0022823556188346222,0.0018122799555647107,0.002130623287391678,0.00279954182687904,0.002015078781628432
150332,0.0022799187645766855,0.004266544726605481,0.002935765874756413,0.004125856923010984,0.0028928542757467174,0.004292661919692797,0.004228735342341139,0.003690488744582679
150334,0.0021038934174590906,0.0033000475361660286,0.0030736383425780667,0.003955221528891217,0.0029141163378518797,0.003752657961336503,0.005376516393620412,0.0039043698860053433
150336,0.0021728360499224803,0.0030796149650322846,0.002672238645946623,0.003316073098313957,0.0022335499769765566,0.0031264907568291506,0.004178895083819578,0.0032721570450908732
150338,0.002442567553180064,0.003472706516330304,0.003018164572538007,0.0040040671974784225,0.0025475666854741924,0.002979746573320022,0.0035326315585452323,0.0027166660549582944
150340,0.002185454325956529,0.0033046540629517868,0.0027753406482129567,0.00333230177108762,0.0027014537452144105,0.003370425242204045,0.002993282827597421,0.003063624772432272
150342,0.002596001774578305,0.004598916440350875,0.0026782931329639853,0.003769257366237358,0.003400237508864881,0.003942506309901006,0.004637264704053179,0.0031243693758045143
150344,0.0017621613751759302,0.002379793137752273,0.0021874610290801982,0.002779377880321801,0.0021434790220889455,0.0028573743771576066,0.0030164444512377347,0.002744419145160451
150346,0.0018720481581614573,0.0029874948650976396,0.0029348540039137033,0.0030351916180393346,0.002308037995881529,0.0029912625566691636,0.003273610953807418,0.003014102224449866
150348,0.0020062174924275755,0.002831490585528687,0.0027512480472255962,0.003258384197202313,0.0023075351160013607,0.0025594816390475117,0.00301751420017983,0.002977771126719944
150350,0.0022839961038304685,0.00336730427935307,0.0028438243303287175,0.002993524148229343,0.0022726930869443884,0.003578949433243897,0.0031514379741121173,0.003016366294155637
150352,0.0020272629007951487,0.00279203154798581,0.0024379864052032213,0.004115147699275179,0.00273728414508069,0.002910900016943177,0.0030527728770560203,0.003340764053511705
150354,0.0021567913897803243,0.003417143998041619,0.002821491627942374,0.003245952767665594,0.002275409324235103,0.002540968542380506,0.003137288739972155,0.0029146625529233305
150356,0.0019251778882512505,0.0037105606141414477,0.0023546768895204573,0.0033081979513047838,0.0023038823819866577,0.003686027277846074,0.0030552075005364637,0.002579286636675629
150358,0.001958019664506941,0.0028790491577501687,0.0028695619516355825,0.0028920632860003487,0.002188308928752214,0.002801964410228966,0.0036161384085373616,0.0030462305999562483
150360,0.0018500152127932795,0.0024595526405827434,0.002275062820464635,0.0024887508323324092,0.001961482882677515,0.00267469067571037,0.0026622088051644344,0.00234312039311263
150362,0.0015107164130088169,0.0016304861210195143,0.0017567847379504897,0.002082883033334204,0.0017620006195540605,0.0017569177733483543,0.0022728284162810836,0.0017521388453323322
150364,0.002417749577554154,0.0036147111076024196,0.0026065208931905226,0.00365857242340574,0.0027682012115604615,0.0038818312847885977,0.004440175260939094,0.003264597327884644
150366,0.0022227403952792546,0.0034234734887361867,0.0024270428898631735,0.0032361965556427924,0.0026834836800679884,0.0037712259144342397,0.0034892700114257935,0.003413312376243996
150368,0.002033487498574127,0.0030058386801459225,0.0023328667799669134,0.003403428894464669,0.0019929924390677117,0.0033190011138200526,0.003306021782223889,0.002310759508135654
150370,0.002353208544969343,0.0042182262532017845,0.002610273576820532,0.00412645803121553,0.00302153666262317,0.0037503999612467087,0.0041189253298989925,0.002893861802247613
150372,0.00284144368412087,0.004658115449459821,0.004177112249698078,0.004202302632093036,0.0029422095152327327,0.004333615351925779,0.005281049863736564,0.0028080384812769754
150374,0.002320543455198776,0.0024988375465648804,0.003006481256711005,0.0034467089818229907,0.0031771251526613448,0.003316912791213378,0.0035126743604543265,0.0026207025384450966
150376,0.002737001931811381,0.0038363337151908206,0.002995621846120358,0.0032017706232846527,0.00313091619128536,0.0034924073526404614,0.004329799329778672,0.0031090068436726015
150378,0.0020802085036147333,0.0028611464076675475,0.002977904483309493,0.00372029884566083,0.002168105635876341,0.0030808286031676207,0.003713420403771553,0.002598038804959693
150380,0.0018870490678593033,0.002142978536248688,0.00235972379033772,0.0030666883568983977,0.0016493349255353729,0.0026888438315048196,0.0027773891316473925,0.002182583834287169
150382,0.0017526132325552113,0.002729893714578116,0.0021447700002517056,0.0027627671969228246,0.00192960676681736,0.002333292875143833,0.002679709956449741,0.0023439344536353574
150384,0.0022572979705707402,0.003624321925303056,0.0026447646080010045,0.003945716189939441,0.0031079895315727774,0.0034257014885197418,0.004067781298824125,0.003412319553229237
150386,0.0017522255464197528,0.002516358793516693,0.002857824037634807,0.002671412567166867,0.002266491446857588,0.002967736492369158,0.0032266894885781827,0.002302034221513205
150388,0.0019711845953287455,0.0028254098023792334,0.002431799656497771,0.003277449527775214,0.00264061657980591,0.003331450671578709,0.0034391401973988267,0.002995017128193389
150390,0.0027816168592667,0.005116104874981764,0.004323699738082221,0.00472150632430246,0.0032303954414572567,0.004151319742185466,0.003983349078148457,0.0033814286667279703
150392,0.002233350330657205,0.0032030869471458973,0.0026887607684283332,0.0027559595981741097,0.002754498903016156,0.0028272223377534683,0.00449285678674749,0.002742188167397741
150394,0.0016671115122606772,0.0027807378965700874,0.0019979911269594197,0.0026004341438645856,0.0019413012639413196,0.0030450517536806943,0.002702090805290283,0.0020777571155239927
150396,0.0011712992485369278,0.0017506908177634811,0.001601861028306964,0.0021530183701084504,0.0015402049753249353,0.002169322110779151,0.002269525897937774,0.001648683831158293
150398,0.0029676317750150366,0.004106169046407315,0.003429245544115611,0.004667248603959173,0.0035803848146237632,0.004926924432675728,0.004088293560494671,0.0036726843533153725
150400,0.002662193043779029,0.0032662735288191552,0.002380226041386338,0.004015038874521315,0.002753291140037209,0.003593906205968944,0.004013166739922136,0.0028326035537427074
150402,0.0030469827630442148,0.0037813091026757256,0.003942393098917363,0.004186923026727796,0.0030881995025711095,0.00355910255134817,0.004926343951348555,0.004371448307566084
150404,0.0017873277910815943,0.002971103043312842,0.002655520563232941,0.003639543461076547,0.002710452732167537,0.003051396033773926,0.003400659812182197,0.0024155691899210296
150406,0.0020643605708079438,0.003384495917205188,0.002870951039483663,0.0031081332495215414,0.0022883326244494406,0.0031192960622290627,0.003962671566144993,0.003004987872299983
150408,0.001783690916656866,0.002657850830676059,0.0030071929505681855,0.003540476697944675,0.002631871213900752,0.003164261405688165,0.003458767634679019,0.002854552958129697
150410,0.0020818491177682225,0.002491986701158924,0.0024257664472116525,0.00267176339434827,0.002082454612315543,0.0025754103510051835,0.0028876915539367,0.002426186263633723
150412,0.0021855083137234943,0.002593046179827363,0.002640109694231063,0.0032406302254150976,0.0029116095537574105,0.002743119549814113,0.0034310407345375382,0.002909103446465791
150414,0.0025671999100310844,0.004043556083008548,0.003363479105492076,0.004259394752863577,0.0022240448323752743,0.0038633524966025234,0.004642431124553481,0.004367680656987061
150416,0.002843707916472482,0.004173765286543452,0.003379961835726919,0.004383334176427667,0.003640105786418213,0.004048362533347005,0.003972030126760728,0.003942730865421851
150418,0.0032863685335660225,0.004545740493720141,0.0032791657163153687,0.0053645533634503195,0.003796130668006159,0.004580658209005828,0.004792901931782778,0.004760603920353157
150420,0.0019659721323075363,0.0032033095936857686,0.002761937812984297,0.0028848211879278912,0.0024120843720289997,0.002906462651165731,0.003168160732826275,0.002472221440314018
150422,0.0020755518982708138,0.002754600181029812,0.00238267335936021,0.003521396992828621,0.002262030392691919,0.0030368345478760106,0.002727964390645321,0.0032961345786852864
150424,0.001702459868606676,0.002836485784380241,0.0020854231824754543,0.0026063075028803923,0.002102437494600276,0.0022661449134399186,0.0030946996283787304,0.0023640221786476318
150426,0.0020525300854071227,0.002844913094007376,0.002898576341343176,0.0037602862413239763,0.003010523341956395,0.003114102137770358,0.0034189726130535864,0.0025381927191238246
150428,0.002440617822198954,0.0036206986087607,0.0028882721249487986,0.0024984226629421458,0.0025739162936442433,0.003229119242721623,0.003462147690675002,0.002736176034866311
150430,0.002051282699460588,0.0033203790970084412,0.002862183076027827,0.0035658392899795693,0.002439206446698941,0.0025007574833929014,0.0030947207666898735,0.002678739658016918
150432,0.002646561564701569,0.003666676110153713,0.0033383981130952756,0.004209988505010642,0.003481544708399689,0.0034061343134874633,0.004159635425616592,0.0029326582642819066
150434,0.0029613581964560987,0.004032774482376489,0.002891892600274129,0.004493403150563291,0.003793353001214028,0.0038936765691839487,0.003642110912900842,0.003417933666241879
150436,0.0026570515582240994,0.004500311972850446,0.002846977151040042,0.00431269255588701,0.003925676335807593,0.0040138332188854875,0.003917610138249261,0.003723115104751429
150438,0.0017249669444361487,0.0034193237561386397,0.002159778527726766,0.00258200835848843,0.0023588317251832663,0.002859868467223206,0.0025196649134480303,0.00238051830085996
150440,0.0034870209915756206,0.003998294891184584,0.003508666843954844,0.004040809603905127,0.004160962746925512,0.0045585278421756414,0.004871994844741545,0.004754448396826538
150442,0.004461642552119116,0.006364760024016647,0.0036539226726973184,0.004443827027996117,0.0035870488390279953,0.004088898596112112,0.004269048487945071,0.0041141096564727975
150444,0.0014947535278582308,0.0031579184492359774,0.0023776139516808042,0.0035381168357247056,0.002169677818920912,0.0029905947171796066,0.0033374140942863395,0.0029766511305560073
150446,0.001732687809803457,0.002701591607166487,0.0024598933343101953,0.0028935804466457965,0.002674640198407019,0.0025439206206701592,0.0031832796952269288,0.0025749184588532703
150448,0.0016753078332600868,0.0027061779076200665,0.0024079176103306565,0.0028429824694820582,0.0022458603808873795,0.00217145575547395,0.0031597550820185033,0.002316989818006557
150450,0.002249065433261435,0.002982459507873403,0.002876009678335137,0.00321356392269935,0.0022625251001941044,0.0038160630406749996,0.003146178063873073,0.002923533434888839
150452,0.002036428705015983,0.0034266068477130235,0.0028231655359402114,0.0032685524383078146,0.002534655022554691,0.003254578484912521,0.004122406184261573,0.0027764770745353773
150454,0.001601227423421392,0.002271480275548146,0.002520964700833739,0.002824551269121192,0.0019739662056053597,0.00302098994173107,0.002962976156496211,0.002839184720510382
150456,0.0017360211879069581,0.0027918055766346234,0.0026405292878855513,0.003154224607948619,0.002356165944604527,0.0030095177774080994,0.003451397463416994,0.0029506389387192744
150458,0.0023659910889134578,0.003756277289213017,0.003602242514922485,0.004301765861009166,0.003834142482756278,0.00398372997703339,0.004556784472641517,0.0029427361272462704
150460,0.0021829023365494415,0.002824609081378396,0.0023960220570527074,0.0032038573877111176,0.002206071586882699,0.0031019999493269723,0.003294040207354243,0.0026273307769697635
150462,0.0025241806360192798,0.004192878120014287,0.0036258238008080174,0.0042477190304551216,0.003381362812796773,0.004564795860180271,0.005007061495991616,0.0037888582001601723
150464,0.0028620021138518054,0.005257656386679577,0.003443096016775851,0.004594868150414877,0.0034867565780683507,0.005664077458457373,0.004499813168842515,0.0033788855245995425
150466,0.002880028287761141,0.00472225380580249,0.003180375629243684,0.004013630248468625,0.003591005758585633,0.004642903249383545,0.0048784299634686,0.004001711209072889
150468,0.002171028040032219,0.002828185483565504,0.0026455750599446853,0.003152226440193362,0.002536992447547695,0.0031966520983202212,0.0032834792859929435,0.0029260654968599337
150470,0.0025234608578784817,0.0049185604405102,0.0034033124069080684,0.005296152741796123,0.004094116145307913,0.005539521572600847,0.00509097146276366,0.003787764492304016
150472,0.0025564779742594107,0.0034536332161878708,0.002892220754059649,0.0035775727182718597,0.0027079126337109655,0.0034127887431276704,0.003532605874318598,0.002794174005869232
150474,0.0018450052874652428,0.0025696969417077775,0.0023872084536363247,0.002706558143023355,0.001994727740917482,0.002718646543742445,0.002729158801891854,0.0026625359605521176
150476,0.0016792556792344926,0.0025366186873539004,0.0023555641910775194,0.003401612697780332,0.002087604700357071,0.0033779864922606345,0.0032673338830718907,0.0024589256336549625
150478,0.0016028681961355873,0.002465616595231035,0.0021357020622483347,0.0024926089814237273,0.0021237060241627997,0.0029467007682649204,0.003041598764086398,0.0023014194051020898
150480,0.001652802229163211,0.002604450501233979,0.0028273415830268878,0.002716059507158697,0.0021878621317106828,0.0030533965719340556,0.003094899409025867,0.0024196021961193775
150482,0.00235962317576921,0.003713821316275734,0.00288823048205078,0.0036277504967711233,0.00243910047200592,0.003299200137994396,0.00412328165100484,0.003891224083741998
150484,0.002028818071826477,0.0033262599864605225,0.0024275042974804123,0.002728773868578893,0.002556166065023971,0.0029780480076093685,0.0038358191876675246,0.0031496008335116787
150486,0.002265956228799673,0.003611663916702812,0.0027211131616720202,0.0033871387326037117,0.002343613068589656,0.003579610921084067,0.0041854922746158985,0.0027707525600595556
150488,0.0023579094384216237,0.004485044524139836,0.003964036509217728,0.004714991406856106,0.003056070330382854,0.0035749951542016906,0.0038976883913799387,0.004143768209390553
150490,0.0018679405754067901,0.0023021343156772733,0.002688206017247341,0.0031041556496556044,0.0024942362784783345,0.002795078723360503,0.0029084235470300396,0.002918320857796586
150492,0.00238203695753314,0.004911855564504464,0.002825291389898732,0.0042792736287857736,0.0034490246015685955,0.004132701423236684,0.004709853273428877,0.003778549688335367
150494,0.002009188678408158,0.0027608959731023064,0.0024564915207945237,0.00253066438242322,0.0021594232857908985,0.0026023645884387797,0.0029539613606711784,0.0021778894074492433
150496,0.002771654654838987,0.003953760659038075,0.005023161627309369,0.0032281777102980413,0.003743251679490245,0.005951499747177458,0.004222674460430176,0.003054007154760008
150498,0.0024467733882819337,0.0031058777594275,0.003352607189600898,0.0026417392518523486,0.002489279031783323,0.0028855319418675945,0.003594113904159882,0.0030161289647195333
150500,0.0013733292894893001,0.0021220435045974373,0.0018854738463893739,0.0021104713297570715,0.0015522261526374065,0.0019748263006000855,0.0024847474842699807,0.0021075687783982944
150502,0.0017165168405025022,0.003146223616123392,0.0028812583332957914,0.0030327013870155017,0.002066408440617673,0.0026481394346339476,0.003107232782626493,0.0021438381247751576
150504,0.0019640383888292062,0.0037577614986697427,0.002690978413017589,0.0032773254062795076,0.0026839371994070854,0.0030088389119481557,0.004064472736339475,0.0037655389771976133
150506,0.0032010189812192724,0.004046118662387466,0.003929514515421728,0.003708688275891339,0.003452187577248092,0.004695466494188116,0.004518748089722691,0.004326819078870392
150508,0.0019974869472432766,0.0034897686694724955,0.0026348763829027316,0.0028136037589400337,0.002402928240690161,0.002524711832971663,0.003325717723592858,0.0027003335536697343
150510,0.0018940429141152265,0.003530657687961916,0.0039742683922111,0.0029981502523913073,0.0025528296767333286,0.003461743943143303,0.003980045897057638,0.003992151078433759
150512,0.002244657222222682,0.004132456194901268,0.003318049570908546,0.0037597740981434313,0.0029262859557644405,0.00423949909144522,0.005323157865637862,0.004013528293172419
150514,0.0018339163636195283,0.0045293440592924505,0.00313440072808735,0.004063988252323236,0.0037421130720014517,0.003735672582997132,0.004207189930051369,0.003952879957068944
150516,0.002539505536125697,0.004552056017496975,0.003086327081436982,0.004322685680167082,0.0034546031284330425,0.0036779587044435402,0.00485490028319191,0.0043420938911054585
150518,0.0023737406138042566,0.0036601616118819985,0.003165843318193154,0.0036220925639760537,0.002970842729333789,0.0034499369758628357,0.004072746666433036,0.003172346553302674
150520,0.0022190950611600813,0.0034676670556985645,0.0029135110562035355,0.0030092516987984125,0.003029964871721927,0.0034465331437405627,0.003463397221437195,0.0024965203748733705
150522,0.0025150923281622856,0.0030173824152018996,0.003206539259949237,0.0025437409975959113,0.002627207425332456,0.003459647990782466,0.0036961056095243805,0.0028949164062632704
150524,0.001858034495595684,0.002600833474321329,0.0024260794712214345,0.003142766344066905,0.0021786359890576534,0.002874858652457901,0.003026699571548455,0.0029765990995578306
150526,0.0019449625880272325,0.0028479186063413153,0.002418509080005793,0.0031982913842141247,0.0023114905543644704,0.002767600696153283,0.0035857807654657847,0.0032925954492847437
150528,0.0024918792141106483,0.0037362063081160107,0.002812285512071702,0.0038062640809082837,0.0034716431937207304,0.003888891778747239,0.0037944626608796828,0.004238300934648942
150530,0.0030022189858522896,0.004341427202825265,0.003924275073985406,0.0035070036770053076,0.003440655648685953,0.004174026178206669,0.0037549344465076656,0.0032234513799141024
150532,0.002760189779306421,0.003120387640032085,0.0032338149823303436,0.003540724963590494,0.002521849870162962,0.003552289142199294,0.003678281783733875,0.003040945460743308
150534,0.0015512279828711062,0.0022847268219634703,0.0017094025781573402,0.0021727752730136274,0.0016080199234245335,0.002049236943869881,0.0024109563720115107,0.0024213107073972062
150536,0.001956331054601357,0.0030979769282204472,0.0026149550830693175,0.002704291466937514,0.0031964191524460617,0.002979206493218936,0.0042276695056111535,0.002933535089498354
150538,0.0017471562062511131,0.002537485207627699,0.002813471762275213,0.0027879556278392337,0.0021713109801899805,0.0027735773909257078,0.0030067766280359454,0.0023854770844905643
150540,0.0025830556441231445,0.0034349442975420974,0.0027921598911873208,0.004370497622907588,0.0026874261400744587,0.003878623836976125,0.00415253338815319,0.0032356909277289625
150542,0.0023452645943483064,0.002941690628233698,0.002056952311626725,0.0037062847884545974,0.0025470838520326305,0.003126606155941458,0.0031182966224594516,0.002863747401615893
150544,0.0019275029056873283,0.0032625487492371624,0.002334612433478933,0.0038037492203484846,0.0024419751148946484,0.0033218449667971606,0.0031412206916360402,0.0029214961709622816
150546,0.0017592263955670262,0.002509598913058922,0.0026588557569562493,0.0025001423826224306,0.002089544860439718,0.002460851615716797,0.002522877774358348,0.0021112860316191556
150548,0.002555749462324078,0.0033911053235056304,0.003474023382951233,0.0035859427201495736,0.002528434024338333,0.003533124890948161,0.0040934611479350735,0.0033079614044513456
150550,0.002753108571529106,0.004576659296053054,0.003171621450892559,0.00439998825764315,0.0036209752263316464,0.004048656453515209,0.0048182968057580156,0.0049359854161950545
150552,0.00189099259106712,0.0020577011903777365,0.0019775733694938347,0.0025054124948913903,0.001799561949705153,0.002207490842458748,0.0031034686827270536,0.002248792664083857
150554,0.001638703309812542,0.00260879189179776,0.0025058883788134367,0.002577006961054243,0.0019732582079634714,0.0026232117122177018,0.0031756932525722897,0.0025451676351286867
150556,0.001899748558508385,0.0034085471858349425,0.003002637850597678,0.004045170868322012,0.0027927150291878894,0.0030014825732713746,0.004156978535969691,0.0033213103634495283
150558,0.0021673327652283053,0.004139722251899125,0.002583087830884248,0.003788510122545566,0.003373733301499593,0.003237018868117017,0.004247395634956241,0.00285545346289795
150560,0.0019399522919197332,0.003629387737892467,0.002883643594151275,0.003112588075674161,0.002601715453524625,0.003279571046386265,0.0035762853795873323,0.0032147576251102677
150562,0.0015159509111137837,0.0018652710868483219,0.0023607658925259983,0.0027673651331605736,0.0014910528784781718,0.002209864521016472,0.0023207430131782503,0.002095540594883316
150564,0.0016773626477173398,0.0020948486295346985,0.0019169783046786432,0.002393844564806527,0.0019339558709464827,0.0022389550819157528,0.002834649257502042,0.0019950099319067244
150566,0.0026198062873314942,0.003414499078393543,0.003243718669004858,0.004145655208233345,0.0034402898647434427,0.004073110893565435,0.003994179342271309,0.002813568190671703
150568,0.003198325092778953,0.0032366564443329082,0.0029677937224015793,0.0032304661605710022,0.002493993303519529,0.003862861629017056,0.0035881676248540467,0.003071243868701723
150570,0.002546206295349643,0.003488036943039896,0.0030041976234130296,0.0036799019127100596,0.0029530717706998666,0.003702719100830143,0.0045955701842306795,0.0036544653891225215
150572,0.0028967506963029216,0.005531532546660722,0.0036369989314633117,0.0043221733077283275,0.0036150618588391,0.004445836785521573,0.00434355017913135,0.0038966888466252098
150574,0.001811528956390751,0.0024537042994477454,0.002632393363167243,0.0037807309347968193,0.002533025465739025,0.00316406610421939,0.0035204075808033114,0.0022995768776787884
150576,0.002069748902159066,0.0024385621708349903,0.002851725373164707,0.0036127054779202528,0.0021855044823115982,0.002949447985825096,0.003526429317088478,0.00357761772807276
150578,0.0012119230440266332,0.0018392400009725751,0.0016223547069680322,0.0016465701738011124,0.00182518534206505,0.002233528849959754,0.001953101554887704,0.0016032533119470088
150580,0.0020851292242257125,0.003087537073348523,0.002726581939983555,0.003707811262025962,0.0021425932950892013,0.003093609652539145,0.003323964909978605,0.002994887874087207
150582,0.002440642483495528,0.0029207282528176948,0.0031120435689558357,0.0037841845636488736,0.0027910513551972077,0.0035259691909757113,0.003820357040123637,0.0028603115498833237
150584,0.0023520250211213206,0.003880526054179781,0.0031540643462718704,0.0038959000921243853,0.0028825358431544684,0.0040432528728937545,0.0037239866518780224,0.003754554603934271
150586,0.0017921380352726862,0.0021603166398666135,0.0021084975280560997,0.0025598299385640733,0.0018599564729788881,0.0024110149059047986,0.0031315232186399644,0.0018947277999645934
150588,0.001957664280651264,0.0024382266365279848,0.0025196694013457505,0.002891595715272255,0.0023413657928197384,0.0024149672202489203,0.00343889158689438,0.0027376073049367733
150590,0.002054975669920203,0.003797429433622171,0.0027803100566359817,0.003741057120521321,0.0025907938027658894,0.0037855747997587313,0.0036701783649830677,0.003221528663055598
150592,0.0013860581911717823,0.002378844958310658,0.002181772193713419,0.0028630026591734,0.0019463484714103002,0.0022230502215264125,0.0032159164803147178,0.002150646404873738
150594,0.0016053757088197035,0.002781456537430893,0.002663555230322301,0.0027012578014142807,0.0017718245223612983,0.0019866452032307885,0.0031877825649197084,0.002790773861992335
150596,0.0016096034911155521,0.002661743287321952,0.002560516052373174,0.0029291567096306897,0.0019479183329063066,0.0025695039477037357,0.003137984865400123,0.002526390767699241
150598,0.0016988554639552206,0.0022917625714802825,0.0023198048781980507,0.0026513203706392124,0.0018408939315432,0.0026317053295871334,0.00306291302899947,0.0024879788921603613
150600,0.002470353225511715,0.003984447621193432,0.0033025942371007894,0.0036830745116734342,0.0026818671472084304,0.0031915987003685586,0.004056188238597491,0.003120640690284837
150602,0.0020263616108175952,0.0037089854769028485,0.002846166622298432,0.0032073556862913938,0.0026414440103986886,0.0031597039874303873,0.0035716120917045485,0.002774461107981685
150604,0.0021515140959560974,0.0036494311591899753,0.002667141718109056,0.0038161472676829927,0.0027989706378873103,0.0038976386204143815,0.003935599675262635,0.00314009165769015
150606,0.0013119520293622955,0.0020099712337291603,0.002076482054989684,0.00248700122362161,0.0018291096046505473,0.0025657750354360354,0.0028922247609364238,0.00197918991129975
150608,0.002611411102032557,0.004281441806742947,0.0037255449613304847,0.004718537461613437,0.0037558480648292036,0.004773450927066103,0.004989308259022218,0.0039036916102663938
150610,0.0019393796949793846,0.002476057492277528,0.0020156925510773777,0.0030326500993278632,0.002353764452180107,0.002953333734348043,0.0028635241281916995,0.003055725595683692
150612,0.0018639397925564044,0.002148140379464536,0.0020965628936965436,0.0027117170202137775,0.002061111730288348,0.002372426735294378,0.0027167608098977447,0.0019306624014460289
150614,0.0025458446386118633,0.0029680064118969285,0.002825790006380849,0.004022432545554899,0.002464765024541793,0.0032257047250677934,0.003342367082870626,0.0030263425617609863
150616,0.001249004857527325,0.0017666630044657072,0.0018967153829061445,0.001995097455101069,0.0014666662985001744,0.0017570864170073919,0.002330236576131975,0.0018995605376649488
150618,0.0035834754271490965,0.004449933209159873,0.0033272767410408854,0.0060605759530985015,0.0037655065162567475,0.004552639148071913,0.004930144371485312,0.003969194456098002
150620,0.00223586751282312,0.003817660750667931,0.0025138033946190547,0.0030057467723926395,0.0026028248847911883,0.0032144885369567167,0.0038072556386321704,0.002983216778886813
150622,0.002664238184817924,0.003639850464652261,0.003198606144852803,0.0032665332784037743,0.0024536253204701097,0.003487505409047964,0.0038983703321254226,0.0038003675107218943
150624,0.0012855499634502193,0.0022780791760641655,0.002358676852352151,0.0022817188792920717,0.0016163693822571906,0.0019247016127547228,0.002281966588534523,0.0021897346626068015
150626,0.0025074532216565887,0.0035473346874049932,0.003246744478395139,0.0035992631633652433,0.00292113736706906,0.0029953298775848985,0.0034558346533819506,0.0031223253174703786
150628,0.00398838593823414,0.005682915720470805,0.0037373954863917924,0.0054496952561757794,0.0035802341306373636,0.005165070813511419,0.004895302087120967,0.0042830214906866
150630,0.0018194536726778981,0.0032567402104179966,0.0024948279515313865,0.002927117083917352,0.0023445574478891396,0.002784680758189953,0.0030126838297741543,0.0032091564107625814
150632,0.0027036363268593405,0.004478905316953663,0.0025372990565358244,0.0035764747450963696,0.0030836703195781384,0.002890790476417493,0.003923814887330457,0.0031784338808128615
150634,0.002159736977453544,0.0027974966167843562,0.002310546412554404,0.0030351501605435788,0.0026652066228303184,0.003211520021594319,0.0028770078733604404,0.0021722099148482332
150636,0.0018318519528440907,0.0024442988861461817,0.0022253956950324533,0.0022995461513209414,0.0019603060347925805,0.0025407304371998785,0.002445332601217279,0.002638116314315264
150638,0.00161841171795242,0.0025994969206009078,0.002471331690873449,0.002619074526175727,0.001983491972655571,0.0026391106136502973,0.0029114632172749233,0.0025063754980261255
150640,0.0019007037441455404,0.0029252691733681196,0.0023951541501424783,0.003341469476877426,0.002605809245796467,0.0031582178182910092,0.003911719708229511,0.0026633283672892194
150642,0.0016813990653341548,0.0028979008819080138,0.0028342696479089075,0.0027546975504508797,0.002274098435066707,0.0022923261555552465,0.0031817577321314183,0.0027229121507700432
150644,0.0020903510851603274,0.0032035942383155103,0.0028662067759255283,0.003165379685501471,0.0024731243181191354,0.002826251038043362,0.0035015284722873657,0.0026576779840640358
150646,0.0014425702117017991,0.0033448533569707117,0.0025967348616157265,0.0034558986005711056,0.0023217807811840713,0.003047738720852955,0.0036612669458036123,0.002711109473423401
150648,0.002004622972926265,0.0025384922682922945,0.002302801784892519,0.0024967158202842676,0.001986907227546908,0.0025347371705897737,0.0029856487528295284,0.0021428191932705426
150650,0.0011661579190010013,0.0019497401650692275,0.0018384572399568477,0.00215706890226465,0.001563601640717907,0.0019349651720902555,0.002284146724760072,0.002330009996891605
150652,0.0022686329511061865,0.00334479346184037,0.0029292958283824166,0.0029056453043633385,0.002743964446920766,0.002916764228580393,0.004142142492418677,0.0028840288965403943
150654,0.001659999400051293,0.0021668118143814002,0.0017633128374196089,0.002325290664362323,0.0019691259587456683,0.0024369248201403654,0.002413963005976197,0.0020529165954772527
150656,0.0010159315182539097,0.002716880032599414,0.001951947962226308,0.002598343004225845,0.001888259406225959,0.0019039517406014284,0.0030212340147585254,0.0020942542921887353
150658,0.001406313256140601,0.0021201497193658186,0.0020055391018864027,0.002179487046413811,0.0016625803561837321,0.002080012434526171,0.002409937630254655,0.002216355482505483
150660,0.0013986033869619607,0.0021983669354939256,0.00179910115950066,0.0028651538255319853,0.0019344267361498524,0.00271945386106677,0.002820935615606826,0.002343064853152166
150662,0.002269775784154382,0.00368936316883528,0.0024097927925348372,0.003406663523982237,0.0026090525739244086,0.0033817436480172575,0.0035951587394116857,0.0031381267709452154
150664,0.0031475456108296385,0.003830412045772294,0.0029177541773766635,0.004791542354207812,0.003066128489777109,0.0037001344498597266,0.003926897626016557,0.0033259974432129497
150666,0.0021223496641233908,0.002842405276851437,0.0030606105324627736,0.002355121965700105,0.0025345544961769134,0.0029377063421037186,0.003352786223531981,0.0026900578578198525
150668,0.0034630499607949533,0.005058857933689043,0.0035544400632354783,0.004655226572005733,0.0035245416638309823,0.004612987658345669,0.0052744571846439214,0.005728474398448979
150670,0.0023355269125136524,0.004597320956803097,0.004032110217471407,0.0036790061655134765,0.0033657497431203304,0.003244184608626244,0.00418477891815533,0.003857359101625671
150672,0.0014916081870520181,0.002239875667806368,0.0018669460137014232,0.002593385752314506,0.0018691512134628857,0.0026528846920115257,0.002819002069179233,0.0024970304103921898
150674,0.0017095125515176335,0.0033187371403409355,0.0024835643737614183,0.0029646326914998244,0.002031892923620285,0.002960740325331168,0.0034665680950775185,0.0026064889411441805
150676,0.0020753611400548128,0.0034775277533105747,0.003487150342267445,0.003659624332017622,0.002753623844682862,0.0034077077155286184,0.004374942592205722,0.0033110590378859772
150678,0.001293582469006918,0.0018234054957356888,0.0022578870396344902,0.0018049270013529295,0.0015602310143094655,0.002111870454521103,0.00252039050882015,0.001899473836887433
150680,0.0012489219153323378,0.002335517550797528,0.002017710453877053,0.002340170473789982,0.0019367360173109388,0.0024048062292903044,0.002793581312172125,0.00220866999404401
150682,0.0010875166732735725,0.0023456907376488007,0.001984009980809512,0.002147801634122884,0.0015986531470613685,0.002127171840646605,0.0021792439198977664,0.0020966816152188233
150684,0.0017144353981391053,0.0023853333475836735,0.0019950305645780736,0.003185111493060555,0.002024817104297194,0.002678077210193211,0.0026560151027869155,0.002119691412494476
150686,0.0017619765381177294,0.002516165944344062,0.002136936622695332,0.002856145060968887,0.0023804899465430657,0.0028333308481043873,0.003669769434201664,0.0028555255253399775
150688,0.00140187565079887,0.0029048340959045987,0.0025669201882152493,0.002642754533511274,0.0026709462452916832,0.002320833463145766,0.0031345792606052303,0.0023383362744900382
150690,0.0019609226234102023,0.0030013241992199458,0.002652678621829066,0.0035395147507805286,0.0025846474249888868,0.002888264517089248,0.0036559960214652826,0.0025363267532638872
150692,0.0016396179074268519,0.002377150771658343,0.0021734605384796796,0.0028170921216354033,0.00233948247469086,0.0026301419166117057,0.003508787768785604,0.0026402314342119926
150694,0.002311327572260616,0.002609800061741163,0.0024193870712845844,0.003179446692049892,0.0026674734092948515,0.003390680576967009,0.003336861024035423,0.0024115230831248113
150696,0.0016354864501889055,0.0019212994456205834,0.0018515136801875443,0.0026596299409114565,0.001822697999072212,0.002299489343827857,0.003012442964878473,0.0020850043662851286
150698,0.0018270443987184054,0.0021495249894785268,0.0024061147890164225,0.003362223971477507,0.002348793982097419,0.003037054213611126,0.003821650731235471,0.002684134444029207
150700,0.0024656510014820082,0.003158621465604805,0.003271639240040161,0.0039695221027163385,0.0027500613144349068,0.003100355247866171,0.003774157500859021,0.0028878004566040283
150702,0.0031013754590936277,0.0033817605456399336,0.0035412228511058075,0.004505662608824901,0.0029472993754220966,0.003728755824122257,0.00509561876543968,0.003306630557549775
150704,0.0017193477131438734,0.0024410573272631297,0.002130177260855959,0.0027244150032169068,0.0020738584620317996,0.0024937298769672905,0.0030456565674814723,0.0020296621736227843
150706,0.0019502185412302447,0.003303326022676467,0.002462648203095663,0.003880167757573952,0.002361008081202487,0.003228040979371141,0.0029278072276071043,0.0024132748572393142
150708,0.0016165688846248166,0.002526771638518499,0.0026628623670967855,0.0033250835641518983,0.002340197505678168,0.0026227354987623658,0.0036096049691569793,0.0024851850019966953
150710,0.002619185484945774,0.00309568077077943,0.002614692582314726,0.0036562708304769403,0.002244300361274265,0.003464250977857297,0.003291012095147386,0.0031193588966402785
150712,0.0017370268253991128,0.0026141969528135217,0.0024207131547351324,0.00264003312964306,0.00222322481566907,0.002523672326507409,0.0029126738200494634,0.002641959066190802
150714,0.003163709883158408,0.004815194259871147,0.003581982349009971,0.0039061214785418574,0.0030860464534937654,0.004480819252977719,0.005201370118035842,0.004123148650615749
150716,0.0014841724841650056,0.001843758666306275,0.0018298961102447553,0.00208259503435039,0.001899616066168619,0.002510046451989434,0.0026738603653351234,0.001796636081450101
150718,0.0024086649628698442,0.003646871926503717,0.0031354102545508855,0.004146753836981043,0.0026169385515265042,0.0040722436223186165,0.003843764290608398,0.0041300857102302135
150720,0.0017816886293490347,0.0023880487051513577,0.0017183564725407052,0.0028842809774515393,0.0018618646554516283,0.002931612540166606,0.0027462164499804237,0.002151749449749843
150722,0.0023795285443393155,0.003723041002945529,0.0025211046115974356,0.003973692563319142,0.002985497310630747,0.003906714743787065,0.0029968506350011026,0.002969197045528685
150724,0.002373696690995075,0.003059116949515453,0.002871007328576758,0.003087464210471902,0.0024873159442906495,0.0036010030550987088,0.0034430767806879065,0.002950770876935016
150726,0.0020881422571261826,0.0034275594356342337,0.0025326257511812944,0.003406596989918853,0.0022715527155131726,0.0035093778588913965,0.003472340349702785,0.0029132508647444766
150728,0.0018293916182111764,0.0038061473273940383,0.00300030874532653,0.003733656885087422,0.002687417256538538,0.0036129302885639647,0.003767827597500953,0.003198015402020707
150730,0.002880173432263433,0.004063940755444584,0.003430477341511154,0.0036724789122575263,0.0028992948052968814,0.0035148357837089805,0.004145476754773336,0.003144315718958804
150732,0.001392046423305482,0.0020281345283962443,0.002107589643086785,0.0022567001299036438,0.001614061322694052,0.002159287567541149,0.002497954936002744,0.0018227482573446446
150734,0.003230497497431775,0.0039603549844562935,0.003051404676664371,0.0037445217638778505,0.0030865460463185834,0.0036666350551053384,0.004442147445843148,0.0031766842106201315
150736,0.003107766484573782,0.004854719625907444,0.0035438565177105114,0.004910893772249791,0.003395837904375268,0.00450948029107523,0.0036928391126302,0.0034749460847610103
150738,0.002117695816878984,0.002589686180509712,0.002272876013383454,0.003541600169410311,0.0021943315420556164,0.0029026560396397394,0.00317469405313299,0.002633443552200687
150740,0.002288584613147418,0.00300984640685642,0.0024295475716696324,0.0036482218582534337,0.0023502064079912316,0.003258157093114278,0.0031131850095180713,0.003065436668595059
150742,0.0022261236581053723,0.004132014610661372,0.0033610917434759996,0.0043906298427067725,0.00302564294923037,0.003553847973166102,0.004050343382326682,0.003249992988331188
150744,0.0022389032583097213,0.0033096302688346985,0.003134765306909648,0.004037821653643192,0.0029089017186029326,0.003862863018220933,0.003595475480899904,0.003911501629262626
150746,0.002337867930226667,0.003626106895222636,0.0026105735426773524,0.0033575347389422916,0.0025555844879998763,0.003175165924368742,0.0033757195219781405,0.003310602038309407
150748,0.002355365672669932,0.00437693178469889,0.0027803214495593226,0.004086389181601258,0.0034546841430667247,0.004821312403313849,0.0038372788744767683,0.003451899974101169
150750,0.0028153251365701237,0.003885217923717557,0.003468250606573131,0.004721050696797013,0.0030932557625119733,0.0040060588735291724,0.0049379349447443155,0.0033708733749265307
150752,0.002337666196383703,0.0034370209609631136,0.002578822751105894,0.003498960825743025,0.0023857765806154507,0.0032935972114425116,0.0031790933870191745,0.0032168477715723842
150754,0.0021267790893864658,0.0031503342872830076,0.0030970360558303517,0.003784264313119401,0.002706142249808474,0.0035451703910008986,0.004115936355219896,0.002973519512277145
150756,0.0019432004654653667,0.0031178768389455436,0.0025001919306397724,0.0026099854278819473,0.0025332579596320515,0.00338796092090915,0.0033992930694063533,0.002768217675694018
150758,0.0018330112864242687,0.0025310864324091242,0.0024666729395733805,0.0029500569887864203,0.0019902974992371814,0.0028002293807644213,0.003442827590769207,0.002406336267176068
150760,0.002174736538416211,0.003257979328021021,0.002476585455435165,0.003741007904147345,0.0028122076756176284,0.0035576238922697817,0.003992695288079773,0.0032724911896055975
150762,0.0013799378351678215,0.0018462103922339268,0.0018230829060390669,0.0022742739564671766,0.001973510742341811,0.002317898328474899,0.002583821364723571,0.0022474721581629137
150764,0.0028497558463947414,0.003935033197890958,0.003458515248614971,0.0038883147352777314,0.0031149736594687227,0.0036708410075938502,0.004378419538751344,0.003148857849122902
150766,0.00205189082024404,0.002835555742670151,0.002671984069129177,0.0033973081759040152,0.0023695773776795243,0.0032819245889188636,0.003290947982457229,0.002588358180322159
150768,0.0023673122470881935,0.0032796009138034155,0.003171682292527414,0.0030541273845996475,0.0028203480037645168,0.0030573629497079313,0.003920300437041446,0.0034465278949115247
150770,0.002019406259018419,0.003333432581255083,0.00298236551694199,0.003985089135030373,0.0025105265089031548,0.002911257789571922,0.0032941295798316755,0.0034146153218659325
150772,0.0013323946401394005,0.002402391024719633,0.001953590881165257,0.0024848548173963536,0.0018192251781137814,0.002477848123618301,0.002756056991618294,0.002358960548514269
150774,0.002278868699675654,0.0048050001328326375,0.0028508946758038084,0.003800321580176416,0.002873167090609599,0.0033981229110641303,0.004944757134567546,0.003876629307081672
150776,0.0023978553888004545,0.004141242970213954,0.003338011978187852,0.003885542550282395,0.0031206698250186293,0.00421407638560517,0.004224209369457554,0.0033090370751949344
150778,0.0024581095729003938,0.0026891861421855096,0.0027927646399503875,0.0028795381022351935,0.0027690487860434487,0.0027093147759452846,0.0036833232057207344,0.0028731423300011466
150780,0.002098340656531264,0.0029093393403081813,0.0025653802924843205,0.003651733300102933,0.0026796821871209048,0.003247399994532732,0.0034949584990423,0.0034751362617603393
150782,0.003570758562425669,0.005315405775603355,0.003617702670364334,0.004495793757947064,0.0036502899880380135,0.004404416548769774,0.005264717523290052,0.004282326198830122
150784,0.002020595688938309,0.004135916886345348,0.003411149330504251,0.0035086611066971335,0.0027716656377669985,0.003070046568836915,0.003530665214011519,0.003121862801037878
150786,0.0015967820032634222,0.003109829870839312,0.0026479059446471442,0.0030173566315210842,0.0024052604027935964,0.0027711871160852747,0.0035278851060478594,0.002282685946891974
150788,0.002132724400878541,0.002914270383017406,0.002324286235921902,0.00337220410668998,0.00226264382386715,0.0026188060995596812,0.003280587041609176,0.002394238642322799
150790,0.002671705627586063,0.0033350682725186293,0.0029978218541660967,0.003463305143055609,0.0026500967077593,0.00390886372821897,0.006336094586388619,0.003794389688199909
150792,0.001935587924237328,0.0026699417314375445,0.0027149840415457427,0.003129225079991374,0.0026717795691535984,0.0035774506139013007,0.0032148602786608027,0.002876048835644532
150794,0.0017543622517033342,0.0025948152357636034,0.0021423449932700955,0.002880482926142458,0.0019115693050686389,0.0024999374900195465,0.00290810090388427,0.002617687168067706
150796,0.0019930260334102834,0.0031373454955088698,0.0030009821581811758,0.003980528171973141,0.0024595363824697763,0.003524072372676837,0.0034607423476201854,0.0037007413220731117
150798,0.0014124010377791901,0.001864280131422827,0.002022109771637526,0.002371761586905885,0.0019370012876689935,0.0022847976921704927,0.0026390260258546544,0.00215340281859705
150800,0.0011908692423654443,0.0018067430951909103,0.00141033366199729,0.0019187901827715792,0.0014407413140149622,0.001646452569803225,0.0021814482061233154,0.0016286511574181844
150802,0.0011741596916049618,0.0015241067068067077,0.0014925553273265196,0.0014895943194699474,0.0013477719120973952,0.0014423721311997983,0.0020353236968182475,0.0016445201126603082
150804,0.002554127822599464,0.004031880292366952,0.003823081921988783,0.004060476132040414,0.0030149772312060424,0.0035818218214986874,0.0037127262361311697,0.002845391977581768
150806,0.0015303936255778444,0.002449214481975562,0.002715858375017588,0.002329547521716116,0.0018396263309633648,0.0023126194078954138,0.0025328616014537314,0.0023756805195285224
150808,0.0018262066076602523,0.003355715724815911,0.0031716378151369767,0.003973150589573982,0.0026318360490473897,0.003283272227928846,0.0032664655721890146,0.0032149696930972166
150810,0.0021539864714630874,0.0035341639244377415,0.00223240222050336,0.00356705265949131,0.0029936627489358103,0.0036421729637368117,0.0033358212899725764,0.002647549786811157
150812,0.0023964323618896888,0.004165547044954698,0.0029520908261422424,0.0038586085953591504,0.002669831242597953,0.003452504085881769,0.004363073035222931,0.002200284146113063
150814,0.001600833309880978,0.0026091412468716296,0.0020587115139503315,0.002808344074993807,0.002085233332069558,0.002560789769577243,0.0033906141991658784,0.0022816345330928384
150816,0.0021038759885076003,0.0030228395729626906,0.0026358712191015266,0.0028528821059161658,0.00248322761384584,0.0025081173550132313,0.0033489296397355567,0.002646058324651257
150818,0.0023086640773546524,0.00293427280558424,0.0034370554681367183,0.0035862871648602163,0.002701461102926364,0.002910398368308545,0.0037185867029985165,0.003040804126359778
150820,0.0026633810447932588,0.0034497326110383697,0.0035005017414718176,0.0035813696883436053,0.0032383551366896995,0.004201288424475147,0.003676064796366063,0.003507686282331557
150822,0.0026311041383180744,0.0031837530448667467,0.0024450076536853965,0.002734496173339554,0.002516210418594525,0.003247258611427384,0.003011131667405076,0.002911845549183681
150824,0.0022164221273703877,0.00371222142769434,0.0025277248776334332,0.003227448794330956,0.002662492518080095,0.002884468244688257,0.0032805703986726886,0.002653584315856619
150826,0.0020902311804705948,0.0033768234708937556,0.0032088981084810175,0.003587594599072222,0.0028767585081746067,0.0032511207920609686,0.0029161208519343923,0.0031492006897793218
150828,0.0015143732324682802,0.00213035539075751,0.001644533104750448,0.0021492469264805525,0.0017038911976958865,0.0025796745012476863,0.0024344394970379213,0.0021996558155562007
150830,0.0024316266082547444,0.004336885463061491,0.003279824923767119,0.004154666339729829,0.0030257831111674266,0.004090174558101012,0.004317369457163489,0.004106942517334622
150832,0.001657089235765366,0.0028365286398064488,0.0027149366793646212,0.0027396106198419035,0.002653422354134141,0.002803235660274128,0.0038537797285622677,0.002975417142840664
150834,0.0021915082399495134,0.0035101202865484155,0.0027811280492784363,0.0038466462990310313,0.0029973074677593914,0.0039038224193266857,0.0044216684320455,0.003154551420485166
150836,0.0025682215337197306,0.0027395618734339516,0.0030098169766221705,0.003478103784626596,0.0025106691163002126,0.0033812674990321145,0.0029453262242702533,0.002660224390872004
150838,0.003144181611296537,0.004645290639418376,0.004000681919214211,0.005048615387732491,0.0036417696427513274,0.004490039595108686,0.004378081345814744,0.0044646370098213595
150840,0.003249157562735583,0.0057156853043972,0.0047313563194877895,0.0058331486188498705,0.0036243793389573314,0.0042404752050431704,0.00533888477197314,0.005023165851745726
150842,0.001936957020030064,0.003043908486661265,0.0022716517896884114,0.0031311221403998446,0.0021976987113356827,0.003294644457330423,0.003052063218596468,0.002512046494055356
150844,0.0026229995476785423,0.003072815162754164,0.002845314479166375,0.003510512719092418,0.003228746254150053,0.0030886065177616745,0.0040248711985810814,0.002680523044462993
150846,0.0014846268926769213,0.0027917130648696387,0.002691563986607415,0.0026102187625873796,0.0022270489862421528,0.0029318868633263495,0.0035285790345829376,0.002622717183723547
150848,0.0020833937959621185,0.003133712924866097,0.002692562894097472,0.0032971424406728206,0.0025599599915372556,0.003276624227956104,0.0029998312801816085,0.00268181312969408
150850,0.00238281337916936,0.003806568843597327,0.002534985498314768,0.0037386914552329925,0.00326123855796312,0.0035436737835259496,0.0037338189585947035,0.003452811853002072
150852,0.0024405994183274715,0.0034956364071166007,0.0029960096643182887,0.004402702904713396,0.0029216488001735375,0.003913525150892383,0.0036024258586149355,0.003234612838865447
150854,0.0023583884695312918,0.00561577296470106,0.003573256658629731,0.0046224989450047715,0.003173734465900316,0.0037367086456754905,0.004116922998493644,0.00362224143577472
150856,0.0024694834354745954,0.004175337498886711,0.003092858385544739,0.003983046253017486,0.0029066032383673335,0.004482652786074404,0.004148311356631462,0.0036687278017777936
150858,0.0014564286984750652,0.0022180026057222607,0.0018698167644126823,0.0026656285906923177,0.001968517998657271,0.0025072394491241212,0.0023987708579600864,0.0018821159169988277
150860,0.002150278095109162,0.004492965657325654,0.002923833566381484,0.003822635999256932,0.0034592873335964752,0.003981821903559002,0.003869137356961719,0.0032582880810230197
150862,0.002161850661836162,0.0026752313136438333,0.0030422332339827968,0.003077576095217305,0.002264238921421191,0.0033780891214068576,0.0035673650454449146,0.002534976870410391
150864,0.0024957788687242216,0.0038200627778484653,0.003365843973417562,0.003035737569891117,0.0029947802324176293,0.004146105196644934,0.003655619865218507,0.0026923282269612075
150866,0.0021836633551544082,0.00339537639332832,0.0029794708335380143,0.0035683009501869117,0.002732703876952236,0.0036362706102244235,0.0037489491396138774,0.002696438506182966
150868,0.002417010340485262,0.0033843468126973364,0.002909566804074837,0.0037881414253577855,0.0028214599674059593,0.003727327845126638,0.003941624991290249,0.003282272891022023
150870,0.002158110598380128,0.003203730450515599,0.0029191017433994326,0.0037224077580833015,0.0022140733254421563,0.0030197320572678127,0.0038902867095791382,0.002695564983598922
150872,0.002970777348051415,0.004053410908344546,0.0035402590293345804,0.004306416300252691,0.0035608820605310815,0.00368933646847959,0.004752854920609062,0.0033509654772680975
150874,0.002075261351882754,0.003695947527282542,0.003240764677834976,0.0037851264860395833,0.002920085646945181,0.0037176726310983454,0.003729719034141432,0.0031727645319270525
150876,0.0023443005925161686,0.0023914614701006087,0.0026618958927327463,0.003396085822128525,0.0025934722614846667,0.00333526189745971,0.0033068430637512997,0.002856600199683479
150878,0.0016616566421865375,0.0028868868589102537,0.0026684651427083678,0.003024334108226237,0.002070171607342408,0.0030539635102667106,0.003716626492871869,0.003782033478378688
150880,0.0016011636226287984,0.002133217149691627,0.002242152029843736,0.003061747449406918,0.0022779614705231155,0.0025601085198430212,0.002900793395954074,0.0027907360767507328
150882,0.0034146606007576796,0.005876106745903942,0.004189274078843008,0.005263149894180197,0.004172546616531214,0.00603945014664925,0.006228048773884665,0.004798592999632811
150884,0.0020426292967608145,0.0031495556749527864,0.0024281357297990663,0.003379939311565272,0.0027533063869316643,0.003054794456147647,0.0040838672056958125,0.003180358402127048
150886,0.002044959812546099,0.0033854348309214632,0.0027354083236353355,0.002974188286863688,0.0026281542137743946,0.003790432774647981,0.0036540825559212703,0.0029774450661723822
150888,0.0027050451117710678,0.0038465025888365784,0.0030796356382967738,0.0038677374195277836,0.0028661441518747083,0.0037433218795348555,0.004194912347437685,0.0039073984051274935
150890,0.0036434199378491267,0.004848014843622517,0.0041174852085854585,0.00617541468381777,0.003950908102619499,0.004717113762602365,0.006307884389153751,0.003889729078970783
150892,0.0015956577000575956,0.002638461504016698,0.002482097574375841,0.0038831046995069785,0.002316332487423134,0.0023723022623550194,0.0031359351056595153,0.0026935314391464266
150894,0.0032268630121184416,0.003265340218827642,0.0034691343627903937,0.003975120470054216,0.0028740861041320898,0.0038963809624326246,0.005299688564104399,0.005120981164012994
150896,0.0021479991459989606,0.00289406942099181,0.0030986466974703003,0.0038516205100753848,0.0027753355456142104,0.0035623689562465227,0.0031784536229989002,0.0031803394943698132
150898,0.002161160648256555,0.0026498086702054224,0.0029665907901810784,0.0030948227289693264,0.002019823792076672,0.0032400313734379793,0.0028527826184770455,0.0038322512084108112
150900,0.002091051846959735,0.0037825952494845994,0.003112912308404825,0.004234022908520763,0.002575605079171206,0.003489995784151226,0.0034479478488492893,0.003694061672158813
150902,0.0014485019370360508,0.0021183435365236397,0.0019087421849684483,0.002536637074510628,0.001802370631492925,0.0026704314516545896,0.00315808927627316,0.002382344238088377
150904,0.001656129147732513,0.0023570390577925537,0.002518311246765395,0.003066921890640409,0.0018347626229931052,0.0031826941524065178,0.002825499702474643,0.0028745254932405206
150906,0.002178079604963301,0.0038081135298828755,0.0025789116655810518,0.004480579863935796,0.002418267623699469,0.0038036701848410126,0.004319648137457444,0.0034316726974804035
150908,0.0025517945591167074,0.0036264016661269466,0.0027279021280857685,0.003703087244488812,0.003044499209483631,0.0035366456444769906,0.003969690155941841,0.0030229792603076455
150910,0.0014259929274689775,0.002310702920451671,0.0020328985717460585,0.0023227071069418376,0.0019585316981383105,0.0026818146730440834,0.002507035012016212,0.002256718180771569
150912,0.002397898075188254,0.0030130371702350445,0.00293877132784294,0.0030060837743575153,0.0027270748817722623,0.0028234438430599362,0.003330283220766228,0.002686760301818039
150914,0.002961331031475792,0.0033952926039999692,0.0035962810231665032,0.003559766203366635,0.0031181851212082196,0.003521978414600113,0.004687721740422257,0.004026177788764906
150916,0.0014586755493345566,0.002626415446968844,0.0021649335124616087,0.0029368979380175464,0.0019857845301379934,0.002475771659306694,0.0032209277731034547,0.0026618209348684557
150918,0.00203616040956546,0.0031375574986714505,0.00329622269629494,0.003244293672186385,0.0029299777596667603,0.0030781068308707304,0.0030802074882960856,0.00239567232270943
150920,0.0016814797209576682,0.002374579581157832,0.002259970283980728,0.0026728110066385202,0.002317570483790554,0.0025185516643100314,0.0030373950191660143,0.0025295790584911604
150922,0.0018219359395606066,0.002778800111614077,0.0031790429764867595,0.004318628679307379,0.002435714542157408,0.003308829212835873,0.003979718756437711,0.0034816176854775144
150924,0.0018440587640039668,0.0038774601828797106,0.0029667462160848507,0.004225045213224254,0.0029122785673663665,0.0034986192785181475,0.003491870642768957,0.0038627824448089904
150926,0.002398256363950191,0.003293071299377781,0.0030149383665936114,0.0031539835893195645,0.002780688785630814,0.003074856586628996,0.003379065691901953,0.0031941449010588485
150928,0.002362056260591397,0.0032978445272507373,0.002541041027718363,0.0035759739399241486,0.0028761707044867024,0.0033377313233523692,0.00376730030725142,0.003183239340224922
150930,0.0022170882803103226,0.003559235899097679,0.0026958473735603367,0.003310016473323296,0.0027380821389400567,0.0033025111723578165,0.0035033861398483523,0.002999430565259198
150932,0.0028075197207169666,0.002875271333265386,0.0031209824076478127,0.003187509981030248,0.0030295810133588313,0.0038010845225194267,0.004208049220741694,0.002486950691815759
150934,0.0018395598626991388,0.0032351895771122324,0.00220523914603149,0.0034350311947434348,0.0020697207685425045,0.00300982637793136,0.003678678083582021,0.00294677478193707
150936,0.001568530873971588,0.0025892077124184537,0.0023311649467317452,0.002848424782404005,0.0023127290478315438,0.002418966377784104,0.002835739834384024,0.0027555493129619024
150938,0.0021649796194071064,0.00386732411338514,0.0028809451986089862,0.0032466633925909982,0.0027600242048099327,0.0032192712816759284,0.003714650452005197,0.0035355796651431876
150940,0.0018872031305683379,0.0025259623691490513,0.0021466057072722228,0.002932026046895811,0.002191456270829298,0.002880101059478682,0.0032180141885087554,0.0028783056259307216
150942,0.0014931071729301082,0.0020858117563058443,0.0019711005752945376,0.0025682649553409598,0.001671140457416842,0.002533311584737699,0.0026211854334265983,0.002147724289289235
150944,0.0021897113033238075,0.003019509334193163,0.0028867447478082703,0.003079927965684029,0.002324746392405444,0.003498351340880737,0.0035862144374620986,0.003009866844603748
150946,0.0016480452663492212,0.0019953783409798476,0.0021169031894579526,0.0021629188066146915,0.0016356696518187719,0.002703790903319181,0.002630227126125831,0.001962757787132896
150948,0.0015346587376099396,0.002624521522121573,0.002515089712600338,0.0029588518395576996,0.0022315577868892295,0.003261491724788193,0.0034661904087123774,0.0024335734803371256
150950,0.0036748298624234566,0.005301316957514679,0.0035231865104565774,0.00378242891323545,0.0035449476985112277,0.004025046091631401,0.004533959366285423,0.004385150616932398
150952,0.0023868935794380125,0.003699614636982776,0.0029060216310947684,0.003723429704678205,0.0029048746536377568,0.0030214420579408735,0.00402716307150186,0.004032860594795962
150954,0.0011710389176739083,0.001911551063082051,0.0020543235292680984,0.0018668706837871168,0.0015227541741480999,0.0016862421326757776,0.002479018001149705,0.0017240115171330977
150956,0.002233835553623345,0.003541464048738341,0.002935712991259401,0.004374984973654572,0.0036633536506852776,0.004031748774369959,0.0038051605099762714,0.003164268530533809
150958,0.0020141792013328996,0.00273405788098402,0.0025416389772995457,0.0034062160623007376,0.0023250129519650914,0.0025711912853437213,0.0033350992521315043,0.002860188822112822
150960,0.003742753916238295,0.005364782561454229,0.0027681478994639463,0.0045774536964753865,0.003243932538774752,0.00397149296173982,0.004710882107877845,0.00313323705426255
150962,0.001702838935458209,0.0026053022895805023,0.0032556246109225473,0.0040184236081098335,0.002417142207992176,0.003681355135118372,0.004632211704704625,0.003163693120308411
150964,0.0013878853642381728,0.0023652224859352367,0.0022093262259992863,0.002373113754018663,0.0020099822567232195,0.002823558653691771,0.0026216473911866572,0.0022251243650412006
150966,0.0021398775865853065,0.003591052638723946,0.002391058513158184,0.00432991307020153,0.0030672367214004126,0.003232226341861169,0.003794377296682472,0.0031071061130188427
150968,0.0018426359161084621,0.003286515891054942,0.0027585859119803047,0.003615324821437449,0.0023979794357659318,0.002509511201598258,0.0032288072178921073,0.0029606138399796422
150970,0.002382154049088092,0.0032834506817067677,0.0038831650560986475,0.0034977132675596684,0.002633359819945849,0.004261819565201996,0.004644674185183328,0.003237806097033946
150972,0.001617927984971082,0.0024275993741886825,0.0024172836032596706,0.0029178745118697696,0.0023030674409568186,0.0033698283549244423,0.002861206984428044,0.0027743912531088544
150974,0.001801539149864917,0.002676048347029225,0.0023018100899736688,0.0032002101055389615,0.0018746773269742167,0.0028652315936603806,0.002873487390677179,0.0022541723059730234
150976,0.0026776361378716557,0.0031440654705230386,0.002807499981916095,0.0034629767401295752,0.0026313735766436835,0.003336534368273192,0.003957846899859341,0.0031949934390951423
150978,0.003657089011560047,0.004780194628291545,0.003343198035770323,0.0042591603811870105,0.0033851283475401367,0.005080849391353448,0.004368071629095915,0.004616234955474641
150980,0.0014898355896599824,0.0017469905311207207,0.001819970778021096,0.002097305981985445,0.001468986707649625,0.002109673895779332,0.0027216852907947647,0.0021474245912129902
150982,0.002194380055090109,0.0032500418345332016,0.0029057296444149477,0.004132152543334655,0.0027812078119627964,0.0035706330127338592,0.0035795966565505127,0.0027704505872217094
150984,0.003630287300565152,0.005487265455146828,0.0036849937429433433,0.0049789471373920535,0.003533732525407021,0.005016118795428071,0.005411760816392219,0.004860682052179099
150986,0.002330934725236544,0.004404553021775337,0.0037784370244937776,0.0036920205636562647,0.002471790621565939,0.0034570571983300186,0.004465879686055274,0.0031661078471728055
150988,0.002199281585658755,0.00264156846165875,0.002446068418217928,0.002732401647964622,0.0024344696413103883,0.0034617207097455,0.003116304878057044,0.0026657001400590824
150990,0.0020870253468086575,0.003760809842128357,0.0031185558289670845,0.0034639808514533854,0.00307431910841377,0.0042257184035963125,0.004060922423303248,0.0033587263869359063
150992,0.002118680293855549,0.0036270841269336884,0.0033729548140796345,0.003960754476120043,0.002976741372896774,0.003947353450835467,0.004001021230912949,0.003603627546056032
150994,0.0013138504173504373,0.0019028374580190022,0.001982566960441412,0.002473694583153954,0.002460208921999954,0.0025382287541787646,0.0021063475190045283,0.0022579404986233786
150996,0.0024238274696232326,0.003406092134962138,0.004344194441072924,0.0027796273095737067,0.0023230008410469877,0.002958079027198579,0.003493098223673885,0.0023483856097689243
150998,0.0022666421989368107,0.0042935640686323495,0.0035139815578446587,0.004983957507882553,0.0032154331409097736,0.0041339765362522485,0.0042272373955400955,0.004175894054049556
151000,0.0021639958799941766,0.0042294999206942685,0.004255970261366537,0.004020833644119648,0.00327411484624153,0.0034901775692477433,0.004546031852016519,0.0035141197993533574
151002,0.0016881594524891796,0.002209818989296411,0.0020841780846839186,0.002735987019821931,0.0018408319157115077,0.0020646300406292895,0.0023772136161842733,0.0022754214079196006
151004,0.0023902567079948783,0.0034837026910139596,0.0029173489219337517,0.003808656543148603,0.0026832416901090422,0.0034318101833137465,0.005159498163117782,0.0032987165706368504
151006,0.0034090243816203986,0.00475213378319328,0.005189559653476172,0.004391108734181304,0.006999237293348115,0.008827703542255927,0.007331209424145391,0.0044285833871962055
151008,0.0022566934050889526,0.0032893757073715335,0.0029174386632649374,0.0034115000716272853,0.0023714197956970495,0.003298873191227847,0.003655126161359823,0.0034189351472381363
151010,0.0022612172196199154,0.0031988147297115632,0.0027022960746862085,0.003352541185526317,0.0028838876560200455,0.003314342988263219,0.003187852395383897,0.00311259347941463
151012,0.0020296369990613905,0.0025763776364404883,0.0020608313285875313,0.0028238057024145835,0.0018919925642555402,0.002817255444499678,0.0027583268634293057,0.0022200817658320077
151014,0.003125610127612935,0.004083289203827611,0.004365399186472496,0.005052347222349818,0.0040055684527895985,0.004553222315994754,0.00521099509809414,0.003655632929003297
151016,0.0012695422158631176,0.002235960168791143,0.0019317075184916016,0.0026270695651645776,0.001912332940578132,0.0022214984968746965,0.002658810039442905,0.0020066403349161682
151018,0.002238733690022157,0.0039838409584059264,0.0030932532762367876,0.003923487265812042,0.003112521568483295,0.004431673865671115,0.0036806648752050197,0.002687099003893856
151020,0.0021189652896547173,0.0028997613932186944,0.00304568288297348,0.00317894719757629,0.0026907414960641862,0.003614519388704329,0.003620400931639303,0.002982792760382616
151022,0.0024405051915926124,0.004351140967039591,0.0035044569586430985,0.0036724274400135593,0.0028073764185994193,0.004341209239262733,0.004962619950924285,0.0032868853671103176
151024,0.0015641216774151534,0.003067641527549139,0.002159239790192738,0.0025102678100109715,0.0022839604967715005,0.002555643998671822,0.0029045020150173517,0.0019793254816119626
151026,0.0017050013144297993,0.002608756500921905,0.002988946014917518,0.00236943412059909,0.0018346356078169507,0.002668060268464792,0.0031782868664621683,0.0025833150372546326
151028,0.0013547415842545818,0.002216340049100707,0.0017605203862915975,0.0017837422075951542,0.0016555327960126598,0.0021427836695613878,0.00223193404874783,0.0020181127498200002
151030,0.0023045654844079527,0.0032940910939272122,0.0032363682153411233,0.004114354339850357,0.0028137215310331115,0.0034328298467367763,0.0045478997809312305,0.002831686439389372
151032,0.003800641721853071,0.005804865355508504,0.00323452766733158,0.0055231705398564035,0.004451921479152965,0.00547428449621723,0.005619905403980718,0.0050645000529994655
151034,0.002093070983433379,0.003484426565131607,0.003049056318628632,0.003776216149476555,0.002827776195887824,0.0031824074956612325,0.0036861421742643424,0.0030673497838341057
151036,0.0025944304090705916,0.0039417999373597135,0.003588976365259691,0.003228400803816381,0.003204267736778635,0.004309221268612939,0.003792958372300037,0.0031105740542725635
151038,0.0015876736783116407,0.002751453612071464,0.0023609309704553244,0.002734764620402841,0.001898437152818136,0.00231122978575643,0.0027107378404247484,0.0024260365347284485
151040,0.002347995685246254,0.003515613687736799,0.00285477229877186,0.0033935831801504973,0.0025207047165433233,0.003063757150984517,0.003377918939749383,0.003102766436217111
151042,0.002528375580595821,0.005139009660359906,0.0038132555455411415,0.005349838199609991,0.002917816557824207,0.005000217519695538,0.006642890231777443,0.004491527473513612
151044,0.0013172410668783746,0.0020965765396775554,0.0022336348381674226,0.002125326602844757,0.0016713899149950612,0.002272512298920462,0.002989329734526605,0.0018536542545500995
151046,0.0021704299339809913,0.0028366286370599264,0.002721953108309416,0.0031372858187451863,0.0020825277127840686,0.002596176779738349,0.002576690019941999,0.002472150684185659
151048,0.0026853632366215102,0.004267386695012976,0.0029648055105014337,0.00411196898728422,0.003306629272250783,0.003790893788296279,0.0038839353402532334,0.003864230115893999
151050,0.002318718041628434,0.00300965347794091,0.0023053456325152766,0.003069303534602774,0.0022434081565730346,0.0026560181746050487,0.0037278814445347447,0.0035781369209968994
151052,0.0020441270201523865,0.002406305932106237,0.0026577763138918714,0.003634752198422575,0.0023969422829828724,0.0029801833907692338,0.003708228658692081,0.0033009181585017533
151054,0.0021174647328372487,0.0030121330035116772,0.0024788032185405484,0.003369873768403045,0.002733404598390457,0.0036141229767350375,0.003584963909298425,0.0028710464518175716
151056,0.0015061721347573442,0.0020049185400994457,0.0021643303540417325,0.0028352089999379576,0.0022181755979256423,0.0032912258086248564,0.0032124975501962028,0.002883622789354945
151058,0.0016888115587756491,0.0024589973086561745,0.001908184302346294,0.0021697080120765128,0.0018564036986484928,0.0025343755791600864,0.0025983095832110004,0.001972837242930639
151060,0.0031917940078507456,0.0033788222939446083,0.002845999283752898,0.004139064575011064,0.0033442242694175506,0.0043503752998442224,0.0041336737868826745,0.0034094872542914795
151062,0.0018583852152743163,0.0030107363306358798,0.002451079483245744,0.003227423398045881,0.002353689990059138,0.0027024397679022982,0.003235936743574419,0.002826983854750678
151064,0.003451192179942511,0.003470991319624153,0.0036948442164441847,0.004304203680034258,0.0030725760358452647,0.003954588046095664,0.004752873412031455,0.0037062689129663817
151066,0.001974235337594679,0.0030303327588044326,0.0026900288756417368,0.00394999494006143,0.00249231549946162,0.003117949643773335,0.0042268459965113525,0.002523645752086759
151068,0.0033368110993265004,0.005659292068254607,0.0038864059650368793,0.005135644257081573,0.0037035923383479386,0.00506477895403723,0.004288635625207482,0.004153364031332707
151070,0.0015834125539657823,0.0029207657000766135,0.0022912489855864693,0.0025978181671968414,0.0019244192095419083,0.0027530190487124045,0.0038773381670654944,0.002819734341188554
151072,0.0027442712177363493,0.003744726474591911,0.0033242789217766827,0.0039155603849705956,0.0033267477170490084,0.0033373082111425867,0.00383337300070187,0.0028826302477278493
151074,0.0024054277599161455,0.0028015436162300844,0.002761805467672143,0.003725049740996869,0.002188094585945169,0.0035709976471976074,0.003107011423982231,0.0027739811677996024
151076,0.0019108165696935103,0.003936427964734757,0.00291863843217334,0.0035164115594624873,0.003390976465003137,0.0034915536554925297,0.0034952937007313306,0.003360009371849451
151078,0.0037962752703668695,0.0041340273149220175,0.003992349738902112,0.0055145005920052,0.003871121614730022,0.005750058600829944,0.005051326231619635,0.004912648252357654
151080,0.002474490247905692,0.004445674835682978,0.002636672273262697,0.004895421984685344,0.0036249494632790147,0.004371312348398826,0.004037852900652672,0.003534673310373951
151082,0.0016717274281381617,0.003080692961553458,0.002730587067706347,0.0036328685507652225,0.0021934371136487357,0.0031997469132294953,0.0040007573205704805,0.0033795616098824532
151084,0.002207605662860823,0.003489598778440031,0.0027792730055376524,0.0034829788920949373,0.0030816483059720318,0.003947352514625857,0.004758130543226713,0.003189749047629045
151086,0.00226260306762828,0.002936945583125239,0.00261012055519233,0.0034545335003988292,0.0025033267471441523,0.0031284670002129644,0.003545237821182115,0.0032318108179227867
151088,0.0016092483981605121,0.0033614627960512067,0.0026399822148066715,0.002874266249604532,0.002286746519162955,0.002738951605111062,0.002907253197106441,0.0026047839749933216
151090,0.002111953656624435,0.002802648711611122,0.002191381631694425,0.0025510136547668427,0.0019881707659588077,0.002893132790787123,0.0033160597979531303,0.002455564363371812
151092,0.001765609063465734,0.002533335584968835,0.0020461331516798964,0.0028696840820883335,0.0022320308471521916,0.003159326235342999,0.0031195444907155534,0.00272286510826647
151094,0.002261110933290178,0.004352273373720017,0.0030392135193794273,0.00368445826150815,0.003076394504742966,0.003957696908764241,0.0047722742540126095,0.003957673472912371
151096,0.002223466167351751,0.004278900297451094,0.0028838292402719734,0.004367841179942156,0.002881785061821296,0.0037175472502772866,0.004344394800561924,0.00281266443689554
151098,0.0025904187545401497,0.0031318763722004844,0.0030949168176034464,0.004017378948341366,0.0033046356458635295,0.0030240509867046073,0.003955612326863367,0.0036204220017559963
151100,0.0014628498544180801,0.0020783647320739146,0.00213086781365579,0.002314164280720954,0.0017359795901584901,0.0024307250934560987,0.0028020480206720905,0.0024250872582398803
151102,0.0027940530991272944,0.004541829159493638,0.003255723238542396,0.00505910170322027,0.003534368560289672,0.005255168338639038,0.005558896070347652,0.0039351659331555155
151104,0.001317668078868961,0.0017875407284348999,0.0019256169507268078,0.0022616583345825975,0.0019176885319840964,0.0025497110336303863,0.002452881356603598,0.0020066687040023456
151106,0.001963871315785806,0.0024016687446915125,0.002417831274215132,0.002801575164824932,0.0023970980422286653,0.0029651970087930662,0.0032383284255752542,0.002280428232776535
151108,0.002078326689750401,0.0039206139299690634,0.0033307746861727244,0.003183322152328083,0.002837376291421348,0.0033706302722045223,0.004015798993233455,0.0038581379289661655
151110,0.001815877901273133,0.003196107026706266,0.002302669141368563,0.003169086342257446,0.0023977273319167325,0.0029870685066358954,0.0031801882343353155,0.002896271519681415
151112,0.0015450714478254662,0.0022091812442761594,0.0019229150425804087,0.0027265352548311445,0.0013739003381694204,0.0022797362664219722,0.0024536172012080137,0.0021370582040059483
151114,0.0021257367391678272,0.0029378343563492143,0.002812140507969796,0.0033197278462583496,0.002506371767990123,0.0032048177216476154,0.0034828245558805038,0.0031136464669594965
151116,0.0022745262359303298,0.003736765576359616,0.002788880978619235,0.003254452247021755,0.003135190814725297,0.0034464649092748184,0.003872669605453752,0.002511562931325706
151118,0.002510780741146204,0.003799835652007824,0.002658229576457685,0.003649189913081108,0.0025318946476327597,0.004393398887573063,0.0035901646469649467,0.0035425859030114304
151120,0.0017843114921165526,0.0023607919570785146,0.002267756500922369,0.0029888702515369486,0.002116285509202953,0.002936634685576145,0.002604636818034578,0.0022840982976310986
151122,0.001983077216682949,0.0035593741389017414,0.002069359793923767,0.002806239605795527,0.0020503528067106758,0.002809832403985038,0.002640105865975295,0.0026680991381380914
151124,0.002387749066441472,0.0029131245936336314,0.0029351430100617165,0.0038053094206630528,0.0024949645300587214,0.0033171131833074213,0.004653178157739468,0.003440677063163214
151126,0.0017886402665446277,0.002509867655587153,0.002514850954888362,0.003036557410853305,0.002628803582374953,0.0028198055558577156,0.0030581943579016113,0.00243651290206294
151128,0.0014866368261730184,0.002355823470884602,0.002476702994218552,0.0025780865224801636,0.0023461017626518754,0.002633425964493341,0.002849716073021258,0.001945816012957971
151130,0.00254539805430333,0.0038986066529305696,0.00331837832493366,0.003996370144348171,0.0032396725977013596,0.003837456104803183,0.004757448061866398,0.0033111413526063505
151132,0.0021963517433529894,0.00360080186420976,0.002627589710258574,0.003004500233576582,0.0028268578827395224,0.003560196076635158,0.0033060813292021957,0.002987887858533003
151134,0.0014032102429608617,0.0027134271292642703,0.002205684214662773,0.0035558794075092465,0.002331272866971157,0.003198031412876015,0.0034157917997226783,0.002236216656159598
151136,0.0021491284529285976,0.003248953713105074,0.003298297650225837,0.0036408416846289843,0.002824424559394037,0.003720239768358058,0.003461846083345224,0.003030861045978883
151138,0.0024990647415990552,0.0030093849409943557,0.0026212693533631537,0.004056465359594308,0.002750363346271323,0.003893646350011437,0.004245953615704734,0.0031035359232631926
151140,0.0009252007409642528,0.0016495285843488028,0.0013401649821267458,0.0018492586772309583,0.0013179093347238102,0.001740056984336713,0.0020534084779342265,0.0016926698254163264
151142,0.0023853318920422084,0.0028299707678309943,0.0029122532367254067,0.0031949416392509367,0.0023220787650494318,0.0031837980275248867,0.0033199536517432154,0.002612448719755203
151144,0.0019251765806194698,0.0027410084613289087,0.002458920830728309,0.003089911797194214,0.002457559944217827,0.002901258900501205,0.0035659990140288755,0.0028036475077142797
151146,0.0020763167162876073,0.0030204821703827683,0.00244194455601221,0.003559688855606105,0.0024824739781428296,0.0026767429234872964,0.0032429943648400045,0.0023949011010110516
151148,0.0016708416810867904,0.0020827847646188863,0.002221367864842172,0.0019697188019416334,0.0020828112867427168,0.002137283810218063,0.0019364143726798844,0.00199911060667414
151150,0.001940493137289112,0.0033598448286187854,0.0023774344867727587,0.002828549627895152,0.0024728508810136773,0.003855053160227176,0.0043682764778916194,0.0029116766928797416
151152,0.0029910457757027636,0.004062337423676787,0.00352527021067596,0.0036697798151648225,0.0032454196377893485,0.0046541580872805355,0.0035516572691135645,0.00288674714965699
151154,0.0017636998707173945,0.002738025998783533,0.0032209349614627097,0.0029323548559843093,0.0023781843608329384,0.003650942279338612,0.0031318588599844738,0.0029216814206539793
151156,0.00409955932087791,0.004473680230315802,0.0038714094925457326,0.005597325116696084,0.004665415354186353,0.007641178120254333,0.00516089077611076,0.004124280657738177
151158,0.001752224298906882,0.002871339086143468,0.0027618716399318566,0.00305982124550358,0.002580907536630983,0.003178551494741458,0.0031091098719016608,0.002243267001196758
151160,0.0019343874132715655,0.003861604038925215,0.0031060612910827623,0.0041838005618934915,0.002788554806422164,0.0040651444119444435,0.004324136750430085,0.0031244955638799615
151162,0.002549454461755696,0.005902188288089472,0.0036711777685174973,0.004809397247153291,0.0035589052012632294,0.00478223474222933,0.004332641326852349,0.003477612551264997
151164,0.002406860765180055,0.0031972852653439077,0.0028138618332201326,0.002699512433967044,0.002746203565380745,0.0032968575200936906,0.002944426211237819,0.0035580523029028616
151166,0.001313428074718681,0.002298223326231988,0.0022583915619094896,0.002504149533159153,0.001806886243214345,0.0025149697718636205,0.0028024802907822416,0.002433731160360622
151168,0.001569118724174104,0.0022307567962013414,0.0020169407814068507,0.0028479146302737846,0.001962069623910448,0.0026296413863491908,0.002728551639361601,0.002620480177595877
151170,0.0018992179674782173,0.0022817398771114578,0.002502330041185774,0.0030586480132991506,0.002006851605983684,0.0024230884041576695,0.0031310762806990855,0.0026142083810968414
151172,0.0018552934712410263,0.0034243576257847602,0.0029408909691178153,0.003782929765962173,0.002285695951536104,0.003432602417242414,0.003703749677133175,0.0029510679510771354
151174,0.002318051139280408,0.002837391769383635,0.0028112373785740274,0.00394617765906663,0.003223027960765956,0.0033215035886104,0.004057773270674192,0.0032620683010332052
151176,0.002083963461957397,0.002767513681700473,0.0030973578189387313,0.003553418927461971,0.0020284043079219632,0.0027789815661529715,0.0031926847530796554,0.002339185177938019
151178,0.0019215068285906162,0.002927144091515857,0.0025608350134991853,0.003229431282627107,0.0026759446693736116,0.0033011035122993,0.004621518302202254,0.0032318760462129448
151180,0.0026838009465915413,0.004235104091758979,0.00301362693506807,0.003737179589338391,0.0030583509290776356,0.004218318194582127,0.0051074134903977275,0.00384208354082817
151182,0.0029170245768833786,0.003701330566007313,0.0029065457980427395,0.0041702512642154965,0.0036091398957438514,0.0032245542614176004,0.004549355001599642,0.003353193921042108
151184,0.0026788152393426717,0.003510294649256507,0.0027878100721780985,0.0034777443636093697,0.0027466810966510075,0.0037726787516045995,0.004074509943421456,0.0035858124422649823
151186,0.002816188197410932,0.0036705620404036687,0.003025770406296646,0.004296622707230746,0.0028136752913603957,0.0037792188362486545,0.0043803394995132194,0.003955886927873797
151188,0.002276975850437568,0.0030268110645681606,0.0027688014000655375,0.0032164463363942297,0.002487421846513682,0.0034970347175273947,0.0036540177014594694,0.0024284103550546027
151190,0.0021879471660102845,0.002219323903754289,0.0033217277368383785,0.0022108929623265855,0.0025367064960092472,0.002303054211422864,0.0031902199322308977,0.0034971845216126424
151192,0.0036907834049438315,0.005330508707599491,0.0042005698600272035,0.005421190039265389,0.005094117997270553,0.005076347909900358,0.007181186730973954,0.005137179966077321
151194,0.002035655134174308,0.002931931643766497,0.0023291023518086235,0.0032364746042540388,0.002598269706144976,0.0027931812302452036,0.003285568162480615,0.002774676172324908
151196,0.003067085699648475,0.0036320081817767247,0.0028578527151451733,0.004509215122015464,0.0029984093121283723,0.00393624378899915,0.0045169933160443265,0.0034549158063690855
151198,0.0024440856129084865,0.005136653441929762,0.0029488706038721113,0.0038113082544113386,0.0033718744276021173,0.0031191891203485866,0.004547718899601316,0.0037511104187226835
151200,0.001490707948688122,0.0020450487615635837,0.001972346173817821,0.002610959184002462,0.001738264478815324,0.002309122326864102,0.0026494642730148232,0.0024395663362767467
151202,0.003240978450200785,0.004506481833619402,0.0029270953166898317,0.004217668819550546,0.0032120908971196155,0.0035513064994630167,0.00538004286823246,0.004311304068951083
151204,0.0019454042293107765,0.0025879526072911663,0.0022225359639339026,0.002433914207913404,0.0020423117704559957,0.0027293172201492966,0.003339674195954656,0.0024998845918384888
151206,0.0024204078081358077,0.0034754112150749,0.003530390297051947,0.003972822793238073,0.0034070640466792868,0.0036055657842194583,0.0039744196364068785,0.0037856770263378636
151208,0.0024713309500996733,0.0040119915683712315,0.0029940422867036492,0.003661721389226505,0.0023533292630611435,0.0032958582563437228,0.003929348248839448,0.0037288945878535262
151210,0.002240268499305531,0.0031499449690891718,0.0027247471253775135,0.0031504141611217312,0.002479190130716749,0.00358883041033492,0.0038669492841984093,0.003411899572934321
151212,0.0021490272521598186,0.0034842502073397785,0.0026768940308565803,0.003808963700731083,0.002453553723803792,0.003152268271387426,0.0034481648484680077,0.0031685889204752377
151214,0.0017949014629775745,0.0030949280088577447,0.0029163224276020916,0.0035985109200444843,0.0020371832546251106,0.003824796755572471,0.003558029637378779,0.003196224545944981
151216,0.0015942693140866826,0.003121449437757398,0.0023937968110852026,0.0029826051763990336,0.0019197589569724394,0.002687717373686796,0.003741741170494528,0.003123669765381587
151218,0.0019782566241313138,0.0023642884444905476,0.0023910075083711235,0.0027694016536286004,0.0021204584869523174,0.0026951263414043553,0.0030301563998911263,0.0027070391926425352
151220,0.002723744598145894,0.003712048929082279,0.00296152767631086,0.004417253262568865,0.002957052684216324,0.003686677778047001,0.004849450896166951,0.0032527884309424687
151222,0.002815872688462631,0.0026026473751002005,0.002774062397601862,0.003038285309900704,0.002473832805434617,0.00324416593644955,0.0035873759330724703,0.0024984070216840237
151224,0.002519275977495697,0.004018950712230185,0.003443882993709471,0.0047400202893408405,0.0038638271859545853,0.004990533495510485,0.004408949967905029,0.0032898380770852165
151226,0.0021449121626995193,0.002822462901195033,0.0030870175301515174,0.003449183437914796,0.0029983570913122565,0.0037785460244441765,0.0037954058614854264,0.0033508822377215225
151228,0.00217062431808758,0.0032274420219784994,0.002933618622713574,0.0031316228668015894,0.002890614220185661,0.0039035012195007823,0.004205644587546908,0.0028104789567686694
151230,0.003242289656759434,0.004283354041525966,0.002977901230674221,0.003993330873976186,0.0033550316716912804,0.004432562726552902,0.003987602071269303,0.0037637332642503907
151232,0.0034255244428547243,0.0039913188295417346,0.003944392775029115,0.004287377856577956,0.004176387088910494,0.004704100622215324,0.0037103019256141817,0.004183072893240658
151234,0.0020073729891217362,0.002044840206121404,0.0024861872038518668,0.00233656041729291,0.0019520157724577936,0.0024300022390344456,0.0027717499716892746,0.002496652160081783
151236,0.0015349623020102232,0.0021573806925717087,0.0018644979259963557,0.0022589535067374517,0.0018147893827459433,0.0025787470804195106,0.003062659856315264,0.0020206690351831785
151238,0.0015761368522287378,0.0028213064163243318,0.0027839326103276107,0.002686647534598366,0.0021560738155857045,0.0024766347694746976,0.003073556969667282,0.002727073714533082
151240,0.002455778136835285,0.003183726559898903,0.0030407063446097476,0.00435680152312129,0.002558379977473671,0.003900315074594707,0.004082711242865467,0.0029262863588047777
151242,0.001254168747476539,0.0023747847168865827,0.0019552595295027064,0.002091942873147082,0.0014919900576424588,0.0024090251521474842,0.00278575263644755,0.002068377695612092
151244,0.0021478869222280594,0.0035110667528821665,0.004337894315058544,0.004372379389110448,0.0029587882114446296,0.003920000951040947,0.003868803221108108,0.0031610514312616633
151246,0.0018648434637222877,0.0035295337403807303,0.0029857199971278364,0.0028509257054260134,0.0021985164527650453,0.0031098531382080102,0.003358897379861725,0.0029367820570381925
151248,0.0019499842809228701,0.00269541683149388,0.0026614607674405044,0.0032959938496057717,0.0021943535299112776,0.0031511426907163825,0.003521371791601391,0.0030853316962995425
151250,0.00147301645014343,0.002363629146950652,0.0020103072816170103,0.0023483245916653406,0.0018176454943375497,0.00218562534755945,0.0026154850775752525,0.002330680415644784
151252,0.0026142742846846923,0.003288459610505612,0.0025655761506311464,0.0033197402954101562,0.0024486971869954743,0.003688974439295181,0.0032426511229823873,0.0030728895046218258
151254,0.0011070003289170988,0.0016547337863950795,0.0017527529722630164,0.0020959191950054024,0.001535820325620621,0.0019265959492853618,0.002222376851197541,0.002023859041756282
151256,0.0024952079244939945,0.003034416286600297,0.0026885123595349475,0.003066550551406047,0.0018578103349717878,0.0030980138362200066,0.003879245173548221,0.002854632970708884
151258,0.0027232535126792273,0.0038914378784911247,0.003430220753358762,0.0037066190887738437,0.0032534007847806468,0.004561758936682203,0.0059020944155064314,0.004130410354601433
151260,0.0018126612233118067,0.0028467231279011435,0.0024311159497634183,0.0027869631709721704,0.0025250521428393236,0.003179633224859091,0.0034935095203272315,0.003093955688706851
151262,0.001808576895434691,0.0028501166035675013,0.002436429419338859,0.0028251900086095905,0.0021240899070430613,0.0029313705009779145,0.003081270286187446,0.0031177416322347856
151264,0.003278157619740832,0.005020802557143045,0.0032378544276139842,0.004248945714468988,0.003514178983450314,0.004370654257100037,0.004944997091525016,0.0036091725707605576
151266,0.0031219314894309763,0.004074991249277071,0.0048159449843310775,0.0039070025448815215,0.003995420660240834,0.004964178915254414,0.004600272667403316,0.0036541366017457527
151268,0.0036022702397667944,0.0055840163397258835,0.0052363536810596245,0.006038523760303838,0.004756411071698052,0.006249294289802698,0.004984341487796806,0.004670435508353998
151270,0.0018222698775795104,0.002966037296011026,0.0024704435828527688,0.003081147041860813,0.0020083488451344694,0.0033461871320522724,0.0031901105189469092,0.002592840550090847
151272,0.002749588177591855,0.0040382060949542,0.003454986752071898,0.0037279319392133914,0.0029680080355101723,0.004029296687836137,0.003978485519597064,0.002894667468722814
151274,0.0015336930771301521,0.0029111970872739423,0.0024535319497670655,0.002915551971360855,0.002206722182784837,0.002928789371356766,0.0033286646082186927,0.00255501540511599
151276,0.0027052628939956552,0.004619097532529759,0.0032649417292802824,0.004427504552340089,0.0033546605427098447,0.00366107715188968,0.004221777854009068,0.004992383213832385
151278,0.002258554791357073,0.0041953341157141555,0.003939594217085285,0.004941022310920806,0.0029335609160659054,0.004473187887526819,0.005198868564849912,0.004695502232032744
151280,0.0025111634204049715,0.0036893785555248138,0.0029920478422076346,0.004290988703932408,0.002897468933975633,0.0037166146832068453,0.004026017998990883,0.0034292547065102458
151282,0.001756432811785849,0.0030236580802426444,0.0026447094328085896,0.0036713195196915738,0.002340267789318118,0.003238153746082384,0.003468108882561119,0.002690390584408675
151284,0.0031059230189926096,0.00451162894824636,0.003330491755901846,0.004687033105810423,0.0031535894432812572,0.005111050870052702,0.004705060345774115,0.004207769869148115
151286,0.001966223869664996,0.0035645451677057682,0.0027120735879860997,0.0029233952587228718,0.0024510053417082928,0.0034358172495147082,0.003267362842951385,0.0033167432994136853
151288,0.0025858778594041315,0.003806376699183614,0.003413547001285766,0.003617050218697862,0.0030043356542288624,0.0030419422900908183,0.003921187766454892,0.0032340077639259612
151290,0.0023245894096262654,0.0033992153132169634,0.0025184080854225854,0.0041555826878811875,0.002971507953709873,0.0034424870457974155,0.004107628198144531,0.002717738357908575
151292,0.0022703508586623955,0.0038345923056903874,0.003053977509409833,0.003636261624606618,0.003033986592883231,0.003685627416083595,0.004154267750216489,0.004034544229952752
151294,0.0017673369901258784,0.0026506494308425332,0.002711795393274541,0.0029502067200724014,0.002134320191095329,0.002828234219695927,0.0033680946539471762,0.0022474802820804385
151296,0.002286094205462774,0.003281987759987129,0.002456634431588847,0.003353797099958422,0.0021645716073257493,0.00334284005428466,0.003671225620518692,0.0028131089849969954
151298,0.001362830031978804,0.001727481464715075,0.001723611850823828,0.0017411244126839254,0.0015583210286431726,0.0015005689476907946,0.0021633886936909402,0.0017329151459511
151300,0.003623589941072494,0.004628207580284427,0.004282339850581407,0.004362839765219784,0.0033340141908855397,0.004748784601561751,0.005305584946881103,0.005017127778196517
151302,0.0019876259735431834,0.0027871460718584817,0.002760899104983283,0.002863528513835867,0.0026234891417447614,0.002909792669121336,0.003905828122265087,0.0026605971567918024
151304,0.0018031001148836184,0.0034576954956142547,0.0024563434444858784,0.0032266522451094293,0.002200248149225606,0.003088943992197779,0.0030402799030893185,0.0025569775207162776
151306,0.0017265395820267315,0.0025136883406730176,0.0027076237971717654,0.0033648360370020086,0.002451848998442918,0.0030104350417572423,0.003284103915126624,0.002209844206806491
151308,0.0019131628829310993,0.0029387729434400406,0.0025795564359687995,0.003377757855717603,0.002875417955939208,0.0032560437886242632,0.003210239536439785,0.0029408493526451723
151310,0.0025029137274765745,0.002990117618218449,0.0026900582442499488,0.003935580978989217,0.0030666062508579728,0.0039482672443474365,0.003987373418709916,0.002881037577570758
151312,0.002346718187207275,0.0031126022085437577,0.002927427074144187,0.0029345973008885334,0.002879103527284821,0.0029294692273933998,0.0034837106066061413,0.002300760713298558
151314,0.0029227112743695494,0.003713474886646431,0.0029201150377761304,0.004259613570415155,0.003149744255896439,0.003784827166608773,0.004205983784755729,0.002823269652076077
151316,0.0023811934015791625,0.003017359496369068,0.0029946481293761235,0.003299715839578124,0.0024970486535034198,0.0030611356810572726,0.0032173519251234156,0.002768936265219027
151318,0.0023486629091257344,0.0017661895375200576,0.0027902027810945557,0.0021429123150708135,0.0017168505441481768,0.0019827132625719474,0.0031317913133242087,0.0020138317963924873
151320,0.0016732823170606537,0.0024689643745135492,0.0022446974635159794,0.0027506388231440942,0.0022539268173794036,0.002562579848539595,0.0029922593612233955,0.002525781134543617
151322,0.002852887677264049,0.005422652643638282,0.0038354601924889403,0.004432497249384548,0.0040677889018960744,0.004174006923930718,0.00512176708855705,0.00444612393083027
151324,0.002433502176828972,0.0036908965648905223,0.0027694114558268895,0.0038617934051927844,0.002735575106561028,0.0035720208601526388,0.0038384900299442415,0.002959535580988659
151326,0.0028382685259571577,0.004382164197311633,0.0032701823607639846,0.004596349049955428,0.0032620478753214166,0.0037421176297325887,0.004300112368937903,0.00363087450039358
151328,0.001604482650874331,0.0030579055358011115,0.0029490393214150062,0.0029800023964146605,0.002988469862091281,0.0032967612659234313,0.003296088809323694,0.002589024222912975
151330,0.0019296905523825125,0.003866084327461883,0.003355741620941155,0.004389441119848847,0.0034938948576812706,0.0038004451339746503,0.004104102994913428,0.0034702899100108736
151332,0.002319627967341656,0.0031792639456175303,0.0024692035356252973,0.0034493291505066637,0.0023486589372745947,0.002793224544818798,0.004238684132371662,0.0025717791694593317
151334,0.002192986653211604,0.003235224327127764,0.0030517302344513914,0.00341420173050061,0.0023264351006092726,0.0033184066517605443,0.003793862837095721,0.0034373878815536912
151336,0.0019189814375517589,0.003285996096901181,0.0027057480916085203,0.0032040653002444325,0.002793816413046102,0.002478591783610151,0.004153540733775607,0.002519588619798299
151338,0.002437252172724294,0.0030120414084823383,0.0030300678122339164,0.004893117080939646,0.0029637479858002497,0.0037411186414440523,0.004091160968327012,0.004213727189396943
151340,0.002246940603299663,0.003550617442946727,0.0031676520616981257,0.0038766051847145683,0.0026398333012986885,0.003971564331223476,0.004313808204160774,0.0042014014301214875
151342,0.0013567815417850349,0.0020446946616129585,0.0018778587859996088,0.0025291912315737047,0.0019166273176175613,0.0021465729137395417,0.0023263801181130916,0.002004521564379372
151344,0.002137608635188748,0.0030146585487786925,0.0024932826790036305,0.003292419739748864,0.0028900842821123623,0.0030969129112282112,0.0036114176537580533,0.0032380897263800806
151346,0.0031681800237139957,0.005115964185776145,0.004419320400766091,0.004710444379290246,0.003780364906829592,0.005208966575440732,0.005157317030273001,0.0046799089635705116
151348,0.0021771665935768625,0.0029385128380267217,0.0026779283827794848,0.0032690401796093976,0.002455760783547381,0.003313711200964367,0.003294330137794399,0.003362271493799973
151350,0.0018814872847767866,0.0022593157804386976,0.002122236739485542,0.0021555888113651417,0.0018183250046894944,0.0026204763635984257,0.0027963653522229542,0.0023606500518112
151352,0.0016807658026136846,0.0024125915640618723,0.0018912064321985889,0.003001292769814881,0.001999758256062259,0.002582470258732039,0.003231738813431806,0.0026019978248630893
151354,0.001302275521198118,0.0021354476184013566,0.002001054536090577,0.0024555322427746717,0.001620006390640194,0.0021947123314381006,0.0027385094467696214,0.002153502393585305
151356,0.001819907844249402,0.002471801363795448,0.0023651250152717657,0.0029279930804350235,0.002267727761901331,0.0024612027489434585,0.0030534657380622138,0.002852661644088317
151358,0.0022203032867764705,0.0036305593459580315,0.002956300361931563,0.0037852227474833994,0.0029885158871840872,0.004083694848304953,0.0035828751259608382,0.0029969848260123083
151360,0.00212210837287731,0.003216355488751002,0.0023518909674207777,0.0036393686141683035,0.002163358891077452,0.0030420902259244015,0.0032188054438100355,0.00311615473264798
151362,0.0021419894639129883,0.0024087618639362512,0.0022531341998134474,0.0027310009414273223,0.0025196443439679528,0.0026257507202765012,0.003332609724722657,0.0027823509407918223
151364,0.001355182585414172,0.001807310019937225,0.0018261190503200547,0.0020620579308152642,0.0017789765620932485,0.0022402491037643163,0.0026691314047297965,0.0018016833565861479
151366,0.0025168446865980187,0.0036026490075988793,0.0026701184413371326,0.003911011439758971,0.0031188737148957757,0.004136717113888189,0.004340441501287984,0.0036541154337502157
151368,0.0015012412060577823,0.0017235085390515797,0.0016256280242057941,0.0018603893199353738,0.0014924364506265775,0.0017669883932040081,0.002378978324375558,0.0014825597952631414
151370,0.0032176363476979497,0.004038017659611148,0.0032083574800051556,0.004921264369130152,0.0036042877320598965,0.004240189927620153,0.004468158374923092,0.003257116513253347
151372,0.003130480968881244,0.0038800870038875473,0.003448518799997524,0.004527337570438883,0.0032349132787521523,0.004591579911867649,0.004229022172253849,0.0036330383015661383
151374,0.0031269127863123303,0.0035128271486786766,0.0024892403720761097,0.004247796724901554,0.003097579662774186,0.003963929556738188,0.0045947661326973255,0.003434099399648574
151376,0.0022998019723741714,0.003936498083533024,0.002891901014241194,0.0033461815292099573,0.002453861892140821,0.003654020854093609,0.003802306492162677,0.002997993190126516
151378,0.0013475547413508426,0.002497041951944612,0.0021796143541191887,0.002861513464841328,0.0018015562266753826,0.002569519809951251,0.0027122699236649256,0.002346289424318082
151380,0.0015248610240692906,0.0014915155325292417,0.0017143900494077102,0.0015133119519322863,0.0013778520507495978,0.0017370808567723217,0.0016324732324808494,0.0015233063397469687
151382,0.0021728145174346875,0.003036116891659779,0.0028215897767341347,0.0037408228899338397,0.002766114974954173,0.003083031129442526,0.004790906988029475,0.0026441772516489076
151384,0.001586967495925698,0.002167203388767691,0.002345238976467337,0.002514903263902704,0.002263502625442518,0.0026431536527343896,0.0029380164886788074,0.002678092247389907
151386,0.002863407710501656,0.004204078273041534,0.002921574700005758,0.004200449139503348,0.003239991084392338,0.0039790936544295,0.004435044270787503,0.004222377194836646
151388,0.00203753569465627,0.0035125723562930006,0.0029566803598248814,0.003631703305110881,0.00232769843949715,0.003850931574345254,0.003655637433762085,0.0030000769455365006
151390,0.002963834381777497,0.0039300236119430565,0.0027146820176702224,0.003637914715817217,0.0028466376610050137,0.003962802890654038,0.004948044736925505,0.004079010215940537
151392,0.001732426686275268,0.0027886287738366905,0.003153214148767916,0.0026939977948005206,0.0023247093914102734,0.0030250175878661217,0.003298401201110704,0.0023152410871754014
151394,0.0021380802436788,0.0037227346020801827,0.0031688632106261633,0.0040840662306331765,0.0027575971319335896,0.0036142425699206004,0.003548725545286638,0.0033967197685683126
151396,0.0023930204242828546,0.003274129767505407,0.002772880170031758,0.0030191625739917627,0.0023759547044813895,0.0029676666805944635,0.003917218424194735,0.0033141349593186625
151398,0.00206421602577668,0.0027417395058828564,0.0032498392313785734,0.0025243457166130995,0.002472190322310844,0.003220101165291603,0.003467166908311725,0.002607866099829048
151400,0.0020321303738681795,0.0030521607711621185,0.002574922617621503,0.0031558010800869646,0.002934713945997258,0.0033064677549988902,0.003950870637464077,0.003014749365418068
151402,0.0032585900437003823,0.0058006314047107654,0.0033507265437285327,0.005225229511121088,0.004586693155704202,0.006485261336820258,0.0050428011770753955,0.0053934336609329225
151404,0.0017414766674628407,0.0025355932398218872,0.0029315137062908697,0.002854855897241673,0.002057851590856266,0.0024689777020726056,0.0029119657617739936,0.0026027606461098834
151406,0.0019035447361093194,0.0035045120917165523,0.002803596616881024,0.0037375549080496118,0.0026812000690337734,0.003193344893981598,0.004328300252964823,0.003687610653873588
151408,0.001812084262155081,0.0023381219111019563,0.002455648173275371,0.0027699000193674023,0.0019089788377561062,0.0033799193864079147,0.0025823172970271813,0.0024486109150304025
151410,0.0015554685281121833,0.002851948981915667,0.0027556009391638825,0.0029654797961742307,0.001983952236641065,0.0024121220619550826,0.0032190607627491374,0.002643260523744806
151412,0.001796682821020426,0.002916592413112609,0.002691687680267174,0.003511618622820803,0.002602418559975464,0.0034507838196697893,0.0035182245579898908,0.0029732932185864286
151414,0.001659833357060117,0.002531645721588982,0.002512621975683027,0.003345358824284342,0.0021243900328478255,0.0029674065172011765,0.0031261408230838367,0.00271246587841395
151416,0.0023296223201879768,0.0033475810925529675,0.0033873785272193896,0.0037087958113710684,0.0024595123649012174,0.003653661012207335,0.0039652750114251845,0.003595151144935152
151418,0.0030141885331687185,0.0036250163021900456,0.003403857481514852,0.0043987577484694285,0.003331848038518395,0.004370204064496674,0.003890593423450106,0.003418440269220016
151420,0.001321554386691029,0.0024501452343039937,0.002139854839415825,0.0026449929781124926,0.0018850135063370882,0.0020944527362454224,0.0025930549059928337,0.0026156489257083693
151422,0.0020185120732158085,0.0022324240462490708,0.002315998658010146,0.002611740071172486,0.0021741855161947488,0.0024931059687332557,0.0028942898737561867,0.0024780717662375995
151424,0.0025422655476754624,0.0036512006910412037,0.0030871235051349727,0.0038450730265460337,0.003356151224610651,0.0034617680533555323,0.0036002729825269086,0.0028470916440471172
151426,0.0019634381476364565,0.002500310028269795,0.0028706065303212847,0.0027913516931745708,0.002898462422238915,0.0029445143466009377,0.0037899887601461485,0.0026739100647421715
151428,0.0016746699256851016,0.00250469949949933,0.002276862084072351,0.002734214493418874,0.0021987865050193123,0.0034651495747446553,0.0027798779285027053,0.0024309657014688485
151430,0.0024893727084727285,0.0034632363043032854,0.0032255003430541884,0.004067006773103066,0.002844875738808997,0.0038801375908686375,0.003804239075005933,0.0031318521886769674
151432,0.0022505458124479905,0.0044803255200856484,0.0031371848285919463,0.004186575921543201,0.0027690899527699347,0.0036577342497369353,0.00449105212449169,0.00376230271570549
151434,0.002068984955951883,0.0022946779046140314,0.0022524817478029036,0.0026580832222011797,0.0022122916900453454,0.0027023696637266253,0.0030018164786476675,0.0025923523069815296
151436,0.0016115999738253312,0.002868569837811266,0.002366360396134637,0.0028765838790543174,0.002197091354718808,0.0028950547095219076,0.0038415538505920943,0.002961733653571663
151438,0.0029716890960787,0.004167838216452557,0.0031448342119313466,0.003929049351470371,0.0025778323096720263,0.0038005590440884363,0.003582709672883669,0.0029339051466417687
151440,0.002481344481319883,0.0038544642933582285,0.003864440388824955,0.003689874567174789,0.0037091447452459875,0.0039577362811515915,0.004739527864253468,0.004682499582711552
151442,0.0028111243988405143,0.0043030707023033465,0.004713942685095285,0.004701404925846531,0.003505136228349137,0.005045951845419561,0.004104769344738524,0.004479314200676099
151444,0.002206731282708374,0.00351636781996284,0.0028478939547673665,0.0035833483160888774,0.0027065240331504287,0.003047028002712615,0.004336425237846164,0.003342249491347149
151446,0.0027933123563030904,0.0028416474281046794,0.002500582371291138,0.002898026020470859,0.0028263199583784676,0.003599001679500058,0.0028687138951823954,0.0028603972218030904
151448,0.002577858033017147,0.005171173663598205,0.00483513102491262,0.004814727930203766,0.003679781690051398,0.004386094998905188,0.004875290426724854,0.0034956685642333896
151450,0.002262907507881773,0.0038727507455771915,0.002618136618119507,0.004313106503278874,0.003530506725955229,0.0038769633168015544,0.0035953419027459077,0.0033680886003976257
151452,0.0023814762670562595,0.003763089712279566,0.0031107681133863,0.0033630703511065146,0.0033941769586388754,0.0038245304289531573,0.004720204004748929,0.0035592256756818014
151454,0.002459020954246549,0.0029997125319303347,0.0029382874764952854,0.00348657400221343,0.003045064910105977,0.0032831817221246617,0.0037217682036240346,0.0035334588177045184
151456,0.0022537503143899157,0.003662202011861862,0.0029385245506006186,0.003930571978477071,0.0024400683124947836,0.003948226046461889,0.003538619858326264,0.00361367731918133
151458,0.0017714619989242508,0.0025459811027417345,0.0024890500517406183,0.00265860335508622,0.002105367279306769,0.0028989891162842785,0.003302856711427049,0.003745688553103213
151460,0.0015268135733331883,0.0023745331091618027,0.0023355967659108856,0.0025644033776753977,0.002024392015680443,0.0022494869860389954,0.0033795260931492876,0.0022914116148924912
151462,0.0020164887509428603,0.0024883226639196843,0.002137476015437803,0.0023198709075080703,0.0018448673576743624,0.002749484647707537,0.003060441950355264,0.0024797507061307678
151464,0.0027946568712536313,0.0038614767170280923,0.004076788312199264,0.004578446793948254,0.003277551897787681,0.004053816014791212,0.004916202034306372,0.003914041600877605
151466,0.0018141229096109296,0.0024301105868877043,0.0022828678511024325,0.0027874603607304232,0.001762793835185461,0.0025736267567694343,0.0030220043837215216,0.0023445336376701764
151468,0.002360872323687882,0.003616161706432308,0.0026258434944242404,0.004119306918177801,0.0031712501197714987,0.0035423947761516056,0.0038104978347469065,0.0039696554183912824
151470,0.002292055412532204,0.003147023550657671,0.002474015501934282,0.0034698360944999257,0.0022412380306927743,0.0037179597429712885,0.004589706061786325,0.003791069944196812
151472,0.0032775621348768574,0.005195331098097,0.004319400361825709,0.004583480479571966,0.0038883147352777314,0.005541067714382786,0.006237787254606053,0.004189464081927108
151474,0.0013884202862513156,0.0029305468358092335,0.0024844288411024623,0.0028496194248803924,0.0025722397760036403,0.003296197886363386,0.0032246177240902174,0.0026483909558897706
151476,0.0016405098254153178,0.0027458783368605882,0.0019429797636725255,0.0029435259315105378,0.0020950249351404104,0.002583513472325119,0.0026632210913552085,0.0024273493888397196
151478,0.0022456916085631523,0.0039120030335731415,0.0026193216128328617,0.0031846905996116975,0.002743255739212691,0.003575834041542658,0.0033050956601323733,0.0033946987279296487
151480,0.002370387677712152,0.0034489712193753186,0.002358941369537071,0.0033340042962146654,0.002441524114658533,0.003517093312279451,0.0035102023909803354,0.0036542987416172817
151482,0.0019720870966219994,0.0032626619512178406,0.002667727386324259,0.00325961937371938,0.002283149443145352,0.003175465689967419,0.0032316981524265764,0.0026144819054642193
151484,0.0012682542220161658,0.0021046162699051157,0.002037060176834485,0.0025094122947686565,0.0018556628682415838,0.0023153755263383285,0.0021202951804056985,0.002186379524651963
151486,0.0019826379544519157,0.004052893881513475,0.0031552260217896505,0.0033650019989981544,0.0028443225926627763,0.0034920216570453327,0.003787367861592339,0.00291467703354803
151488,0.0028142890848027596,0.0027394171966488856,0.003346366856482652,0.004334596353872122,0.0031740379417178333,0.003713176597802681,0.004865634653193285,0.0029942868995169875
151490,0.003974196059047808,0.004307864637459469,0.004185086425174456,0.0037732077910915957,0.003663896616039178,0.004010068245308196,0.0033906363250273963,0.003691011084522647
151492,0.001883044998152672,0.0026737405492838345,0.002373500313818458,0.0027638270159163897,0.0019237423760101735,0.00255050302677097,0.0028717950345498316,0.002339164277786132
151494,0.001917782825609518,0.003065806290236797,0.0026346197678162597,0.002711475700377053,0.002467732100970968,0.0025466758859247207,0.002989267816320265,0.002449084692213513
151496,0.0017508441980196437,0.002162144435978952,0.0023469398022371024,0.002308126408185132,0.0017731156076439825,0.0022493166640669693,0.002911798912191302,0.0018702746007959181
151498,0.0021564927896788877,0.0029752858739606897,0.002413015728781623,0.003276677965246222,0.0026627135785933925,0.003133339649076028,0.0033842176492380194,0.0035863433840904874
151500,0.0016826023791716715,0.0026040759866036295,0.002286343933357707,0.002944049831481943,0.0018010505976277097,0.002550177184773697,0.0031151994600242677,0.002010502041907225
151502,0.0013285127813978392,0.0021457990590816878,0.002354081110081341,0.00265096206518102,0.0018317135589818317,0.0024183471307424043,0.002864267343464358,0.002611598048388744
151504,0.002588861210831364,0.004128607255369454,0.0032207324219407085,0.003747865312689669,0.003177814763368328,0.00322386128967711,0.0036707954151439376,0.0031630854969789818
151506,0.001990833349418075,0.0025052144718730324,0.0026483813702571357,0.0025969960797246477,0.002369270558949102,0.003032928288948869,0.003247252667460343,0.0032460750201777078
151508,0.002998133118126134,0.005925526149595461,0.0038775766332228706,0.004864333389988096,0.0037086996192228217,0.004573165962418246,0.00597831703946583,0.004377844717124768
151510,0.004059221900059529,0.0055250322782108285,0.005011757906727754,0.007797519764608296,0.004417109660487251,0.011286978091412048,0.005364621030923056,0.007765979801904743
151512,0.0022581568192714535,0.0033095376859793163,0.0027007455155336896,0.00339657821101369,0.0023420764241086772,0.003440794188421928,0.0034441680764296795,0.003035912859581505
151514,0.001260103820688807,0.002330873574562853,0.0019741601906544393,0.0024631244456108647,0.0016107117644742625,0.0021221739286012564,0.0020942853197630923,0.002115795748037011
151516,0.003710300564119473,0.004655104569451007,0.003250396086668994,0.005298846801239654,0.004343069960075996,0.005032859270510726,0.005435265770259656,0.006024236312516751
151518,0.0018736296950747633,0.003217032440165926,0.002707760265670489,0.003508674346529697,0.002183678674365419,0.002967688598156229,0.0024928035296867407,0.0026318108222320863
151520,0.002498556360455831,0.003412384837461424,0.0031592734691106156,0.0033883035288175822,0.0024773229925656587,0.003306838350838115,0.00345497054835954,0.002903649613753348
151522,0.002531002844226596,0.00415012643262358,0.0032250399783051997,0.0037485057369333052,0.0036001741847603436,0.003840688045013821,0.004104991791607171,0.0036044988612113915
151524,0.0013268106176020922,0.0016559114532663927,0.001590167499629716,0.0019638990507398063,0.001494152130224538,0.001977766869012909,0.0026543028407242236,0.0017926556609154098
151526,0.0021764053176553944,0.0028261654829343646,0.00352927303135854,0.003939465148250998,0.002748581480985904,0.0035393365610925237,0.004434589781717124,0.0030775236028225544
151528,0.0021954506194382106,0.0028466316982461853,0.0022328862842733305,0.0028537270231637907,0.0025465209801647237,0.003090362414520778,0.0034563186519512984,0.002742417584163326
151530,0.0025093943797778323,0.0036908245949636292,0.003112734809677123,0.0037557759210105623,0.0030483528513541996,0.004027456221109782,0.0042123527930884586,0.004090606276637099
151532,0.001609774176836512,0.002312744454958937,0.0023546266357952345,0.0031941048983252923,0.0022051912128593504,0.002640677455288523,0.003152794113168836,0.002301835827012169
151534,0.0020196222190047713,0.0026793551369637264,0.002329564063582437,0.0027636002304598506,0.0020420474646263426,0.0026195237139792354,0.003076998703496883,0.0027153202472627314
151536,0.0018780515416233629,0.0022533262402701926,0.002246415114516509,0.0027613313215951174,0.0020027003168332502,0.00223742706630109,0.0027060961275528067,0.0019494006654614676
151538,0.0035399145857568787,0.005444389982579345,0.004770112765557721,0.005188002181679474,0.004249865600845448,0.005153417184469211,0.006757508502599985,0.0035722288156050386
151540,0.0015280473293808328,0.0023910818298134573,0.0022676514801978076,0.002529176993083651,0.0027018301631232533,0.003028144221035048,0.003139018345059752,0.002715519029949043
151542,0.0025498901149050845,0.004261768980441616,0.00412467397806765,0.004001245561547684,0.0031797668260447054,0.00524389362345673,0.005443729203902736,0.003038536241047274
151544,0.0029353936819443427,0.0035386663952636926,0.0031123116598226336,0.004161356851219156,0.00271747540855799,0.0037698168153434963,0.004489945737219669,0.0030118872539210972
151546,0.002832862894457444,0.004034029354251567,0.0038338204718769836,0.004377446406605978,0.0041887147039166295,0.005292244103511701,0.005462381625937818,0.004186032152349528
151548,0.0022667663514722852,0.002825133378446934,0.0026060119660229475,0.002816922871943253,0.0024546274143494445,0.002993275490298153,0.003385960263281085,0.0023813951869307154
151550,0.003934087290270727,0.0052496703619869245,0.004387941623524905,0.004485334928753026,0.0037337725214437456,0.004790467619826322,0.0050780350679957564,0.004100042103915236
151552,0.0015464300446128704,0.0034591922424278554,0.002180534836821249,0.0025724192688016956,0.0018313510173619818,0.0023191360255572224,0.002891115763390184,0.0024125304493539806
151554,0.0015405909692917247,0.0022185819631426185,0.0022785151753447336,0.00302455332140128,0.002133683455340929,0.002665404716618705,0.0025697569941580817,0.002421934367058745
151556,0.0018595288169521162,0.0024449907069008653,0.0022462717458560655,0.0034029899032523986,0.0025592132685723357,0.003044251320902594,0.0032487524178704263,0.002748614292404486
151558,0.002048770854120363,0.003401766962219957,0.0026693365732136792,0.003820481840222989,0.003025858111431967,0.004294424322724366,0.004416885843966156,0.0038289269259763614
151560,0.0021152827420190534,0.0026188308826907147,0.002471024649657816,0.002800252642377876,0.0023217441627994134,0.003108756342640309,0.0028665418461637504,0.0028518264336853255
151562,0.0021755499970305264,0.0035730139353957885,0.0029641240000133906,0.0032687347513216114,0.0025509876893981126,0.002566796753070269,0.003435147350507997,0.00295902448998632
151564,0.00220583782974805,0.0025056459558081556,0.0027912210067739807,0.002548629531480398,0.0024117642024940183,0.0029032453390432367,0.0035074735953322667,0.0024892704820145273
151566,0.002962823668220871,0.005041995940757715,0.0032873001447409345,0.005510070833683267,0.003430843039849543,0.0040599358675633135,0.004911039966957242,0.003946020400836192
151568,0.001526848508824355,0.002109060692843792,0.002276609675098351,0.0026687045409791305,0.0020955409359491167,0.0021624271431486264,0.002444537218026177,0.0022265071959427646
151570,0.0020295124711939977,0.0032856518680192265,0.0027223387264797005,0.0037267847481064487,0.002237335437192345,0.0028757967151871733,0.0030242185635444147,0.002758867279095703
151572,0.0019371521293481408,0.0032377132524580438,0.0022982983344882607,0.0036145543277508185,0.002445695890118685,0.0035210088155075564,0.00323312271074018,0.003141596942180469
151574,0.0032117277603661704,0.004447682029642908,0.004183275284790844,0.0038903020449855413,0.003616709676639976,0.005039650434828735,0.005231185646228875,0.0036703823875336994
151576,0.0018320142693575292,0.0026362461003586746,0.002297669017450446,0.002909172967847873,0.0018185369209879898,0.0028538504082642607,0.002992006680416562,0.0026628646739280115
151578,0.0023104765766446406,0.0030991489682219986,0.00334895119800184,0.0037140161049070836,0.00242308106908512,0.004091153343444065,0.003508767026057083,0.0026688565760025207
151580,0.0017709095042770517,0.0028319001419157552,0.002540583598715021,0.00290074604499814,0.002338009509353381,0.0033661733575721803,0.0037762692596911146,0.0028224977339841306
151582,0.0023980137316696043,0.004739110348854825,0.0036679751022710705,0.004751896497802444,0.003880714491415485,0.004701681817348424,0.005307928567678033,0.0037268552484159972
151584,0.0016854846862039002,0.002771085141394916,0.0023508732233873536,0.0030057394198330784,0.0024482510962147708,0.003123428251402771,0.0031322995989762625,0.002892689978197263
151586,0.0019055710869351206,0.0024343317879306353,0.002590338742709586,0.003165629103932588,0.002227505041230163,0.0029448050409324744,0.00324232359639276,0.003009006066776232
151588,0.002178227387558143,0.0034190318617388776,0.0035992104188464907,0.00384128740296176,0.0032206381311833537,0.0035127516373201356,0.004728866984633706,0.0033819637536908337
151590,0.0016266495464614672,0.002750388744270929,0.002080492939150483,0.0027562940286368076,0.0019322432833344255,0.002722014525503802,0.003106437091140571,0.002470326192693939
151592,0.001832745580064979,0.0026571064779535997,0.003192798841431657,0.0026409657619158033,0.0026598674055202665,0.0026275041615659994,0.003240198045519907,0.0024397639556481554
151594,0.0022580389214633123,0.00271080572555317,0.002468994731783747,0.0032733692526711877,0.0020685969361347034,0.0033563765388659045,0.0037291002359021164,0.003343501753502745
151596,0.0017560662465089388,0.002795083844076507,0.002505338654884781,0.0031131550783245476,0.0022777331802272816,0.002645837956602795,0.004060547347086774,0.002548312459738078
151598,0.0017566929277262333,0.0025690175292197998,0.0022009450733363606,0.0023745349244656128,0.0021172590306486327,0.002261119081820376,0.00322005719526465,0.0025213006428340123
151600,0.0020913397486234248,0.0033555236650057024,0.003601536908831929,0.002711286376575528,0.0020450288826380364,0.0029983060948604034,0.003532594360730071,0.0025236113178343095
151602,0.0020461088862342436,0.0029961907362996976,0.002877741645144774,0.004157302313988254,0.0028250850650505394,0.003175493400106935,0.004278289160941862,0.0032210981816610668
151604,0.0012758794146670027,0.002099284097999435,0.002432330596642329,0.002478213819775546,0.0018563218405367454,0.0028194831188433356,0.0028104955461510372,0.002462378303480506
151606,0.00135164864194183,0.002029182205542504,0.0017889027564177568,0.002279295170444451,0.0018883905306241733,0.0024078382749179866,0.0024112969760645697,0.0022036995970398238
151608,0.002770298038369534,0.0031660592166105617,0.0034933619967941892,0.0051315818229716315,0.0029887896012514986,0.003999134463335885,0.004197321634138496,0.0034217665727701713
151610,0.0017451876094268237,0.002818685215958197,0.0022922519582482814,0.0024524998236646334,0.0021916648486084572,0.0023929668473036264,0.002450022426823184,0.0026825373954721954
151612,0.002373577266568519,0.0035157497524808262,0.0035939472984681253,0.0036452150018730922,0.0030174212955638158,0.0035932492045470804,0.0037169512660126802,0.003952203569614676
151614,0.0024756233737339844,0.004229798406031604,0.0031490154698874395,0.004131924572519319,0.0025215150139591552,0.004538873171711977,0.003944823281686105,0.003262347458836745
151616,0.002002031522219616,0.0033965265388988947,0.002602084857610945,0.0026573058067749233,0.002206957036817739,0.0026201376916912406,0.003286733729916058,0.002759382699466295
151618,0.001650400189696699,0.0029295139893668193,0.0026849528357191788,0.0034559358303715287,0.002429732298109624,0.0025590180303552423,0.0032235034103594296,0.003009662061511223
151620,0.0024783391863320153,0.00438357687293256,0.004432323638021762,0.004782776785063947,0.003511453940291398,0.004480902043176249,0.004532029097617851,0.004570796173642366
151622,0.00215241825654916,0.0032612645124292655,0.0027335697620489846,0.003387240633437663,0.0026181880843276772,0.003795122659501493,0.003899282160553741,0.0031260487604358733
151624,0.003013865802155513,0.0027703431359219627,0.0028760939867505386,0.0030117604984841173,0.0027349867128381167,0.0026050125138079583,0.0031888940538132987,0.002034762062873688
151626,0.0018300513280379432,0.002418344199583977,0.002761724809066682,0.004025940469000455,0.0029159104320728435,0.0029671873556422756,0.0033638550431847186,0.0036529859624057637
151628,0.0018332387310544679,0.0031987843896730817,0.002689377011100294,0.003106328293647778,0.0029383403831753085,0.0034810804865840345,0.003996495431925207,0.002612260600550212
151630,0.001614117896545031,0.0019676602701221985,0.0020022248810685483,0.002152830652787388,0.0018544081593303702,0.002181976481821002,0.002627331158867874,0.0024496702482652705
151632,0.002048043158632551,0.0036318213927871157,0.0028209973480802925,0.0030051724828786958,0.0020693489482252053,0.002737964791074257,0.003265970358760098,0.003091488687319066
151634,0.0017753014233735792,0.0021097957257246863,0.0020001364331898586,0.002278682686976341,0.0018615733991147465,0.002558023486410113,0.0025237599107997277,0.0020032098225650774
151636,0.0018996608792370417,0.0034942211999899886,0.0026293441474090073,0.00263257647169729,0.0024172652875773665,0.002620619390402368,0.003284222614187371,0.00255114197831198
151638,0.0022256287286817056,0.003159574158778114,0.002385858463144333,0.003908101688666399,0.002156278280929236,0.002998339548483886,0.00328752527187727,0.002667989457114453
151640,0.002284959023926572,0.003159804501767241,0.0024141270048298052,0.0034406840556600177,0.0024873196601199604,0.0030113295499498705,0.0033761441962592564,0.003594920634052437
151642,0.0020154406768849165,0.003702730888397676,0.002672331852594745,0.00398012956449012,0.002915727376992097,0.0037424225482496493,0.003909553167853241,0.0030144274225114703
151644,0.0029846058336160386,0.003809295702345006,0.002943092617380183,0.003352265528473508,0.0027115191526739246,0.0042547075725318795,0.0034548728889518543,0.002777467662723479
151646,0.002282667080529599,0.0026661786992210473,0.002814319124062173,0.003388567652307453,0.002786292585734762,0.0034598381869544448,0.00466328329296406,0.0034397126037220005
151648,0.0019480959068118864,0.0025743128268312376,0.002396969640797844,0.0029167284165080437,0.0020350037139407195,0.0025770553738231478,0.002830912182192391,0.002368194311799257
151650,0.0014944911215772905,0.002144166897410038,0.0023498618394885012,0.0023881091448851866,0.0019661746441635014,0.002191182135199435,0.002704519292965557,0.0019422730767937324
151652,0.002512785930922093,0.0037785767095877554,0.003644810163060619,0.003912505402086319,0.0032555315112210576,0.004785066894319512,0.004295642105503816,0.003943943575738018
151654,0.002142112223382356,0.002471589116483097,0.002553990763779504,0.0030437087144594838,0.0020610934646993068,0.003045541438540647,0.003294469120774038,0.002507284217486472
151656,0.002527824893885422,0.0033851088405809637,0.0028099346941883874,0.004431727432887778,0.0028101981296542317,0.003824492185580619,0.004410286797229768,0.003578526451836206
151658,0.0022268995566376987,0.0033553057161486155,0.0029537333828821843,0.0042617680076607045,0.0028693456354473984,0.003970260061241293,0.004641827042846325,0.003223137514102317
151660,0.002124912041268759,0.003857526151847479,0.0027212239292598306,0.003322998482478079,0.0031340294968407734,0.004025778793007362,0.004392780615708469,0.0034708951898352325
151662,0.002347065773750448,0.0040706481605534695,0.002802540637710571,0.0032558422738662163,0.002377523491801592,0.004034990986961029,0.0039004346595140765,0.003455845165208027
151664,0.004132115186341656,0.004967296528182397,0.004988556770868513,0.005390069086376459,0.004164034370668368,0.005064695176872969,0.005876918920792784,0.004972144474336082
151666,0.0021449487392369293,0.003781761772087347,0.0034565070044460106,0.0046355722866909255,0.0029355083245042324,0.004245639025858561,0.00431623670581005,0.004092393433413832
151668,0.002233295755174114,0.004068675658898402,0.003674697979765773,0.0035548136428085186,0.0029015209638872386,0.003836266801587898,0.003812282067822817,0.0035685021212035345
151670,0.0011777601590243908,0.0019036058490238261,0.0013304549052278875,0.0015877259283941236,0.0013881057607201819,0.0018903249013602214,0.002150248037449176,0.0018246060727436508
151672,0.0013651378488808152,0.0019882674411917517,0.0017797839618289985,0.00210475470262228,0.0015519581619847234,0.0020635715587054154,0.002339187340028026,0.00189737381491141
151674,0.002948957591930604,0.005461340933847814,0.003181875827814054,0.004254894193725045,0.0030218294960265984,0.005098342197586148,0.005323784104538598,0.004186345490214904
151676,0.0020449116326359956,0.0033254191111742465,0.0023966121776570898,0.003197954308335804,0.0026796756304948155,0.0030829872780496204,0.0035624583399505028,0.002796318861395544
151678,0.0019202561688437397,0.0027912304538810773,0.002518843695455422,0.0032352878947122937,0.0023284346767087905,0.0031170864412427,0.002936307655265813,0.002259508084145448
151680,0.0024396263204540802,0.003141885096012098,0.002880246205814674,0.003635576503946761,0.0034725168448757615,0.0039738607048006025,0.003577402931373444,0.0024277620000556915
151682,0.0014979341893456427,0.0026870700376592366,0.0023139108876499975,0.0028056345836984797,0.0019980710556097847,0.0029533389980334612,0.003304191081491048,0.002996698501105524
151684,0.0031654983152273886,0.004241312656443563,0.0037910355384258715,0.0039260199211899605,0.0032298229415639867,0.003480333664359847,0.00452697362234572,0.0034411477614624264
151686,0.002340240396594473,0.004018906313238091,0.003370328352559293,0.004227299401009299,0.0029528239888848007,0.003658141157541428,0.0038734202999540224,0.002959573276204233
151688,0.0028661122417934642,0.003959473548307779,0.0037724078391694477,0.007419364008019125,0.004032784891521202,0.004891999747215436,0.005280837621431056,0.004377786546884421
151690,0.0018574632017254317,0.0031455487243330915,0.0027792918592855487,0.00347824307624868,0.002956545858844528,0.00440593567185843,0.004131419802379244,0.002785149040597512
151692,0.0022975518782758636,0.0031960674328973676,0.002595716692036079,0.00313550078614612,0.002122493827601213,0.002825533365874003,0.0033585428766431807,0.0024158171031313375
151694,0.0017965144982534653,0.0024481106413316717,0.0028883822398274722,0.002715133118648405,0.0022559845242514087,0.0032710405124456443,0.0031607565355697975,0.002425878737206455
151696,0.001909432327615923,0.002571780680816149,0.0025671848099487887,0.0035035828265850832,0.0025331687107146283,0.003417564300978171,0.003431322230179959,0.002667648113408083
151698,0.0021414205403963577,0.003964178176565414,0.0026023873932451563,0.0040255972659366535,0.0028544064703433514,0.003425432433244391,0.0038990914121141973,0.0032669578421726797
151700,0.002033624915907098,0.002619525239300549,0.002459474306532719,0.0026423772748138674,0.002346914175208395,0.002753379103470621,0.0034282237957632966,0.0024285741095892016
151702,0.0020653986001489266,0.003276655361411765,0.0025079453434975196,0.0030809630071024774,0.002538044827931754,0.003336541684498609,0.0031897431565315465,0.002779318568871203
151704,0.0018129527520758387,0.0031003311863495586,0.0020489981589966733,0.00298033103742551,0.0023463522204745235,0.00270338297048979,0.003214973495176743,0.0027693561716555237
151706,0.0021256467393664935,0.003101077551684331,0.002844064317264486,0.003936742101819102,0.002929368816642977,0.003287253155229486,0.0037469576825999718,0.0033824724505058384
151708,0.0019377765451978335,0.0033231054268735433,0.002901269735965606,0.0033507558708523733,0.002490288007588451,0.003135842898905908,0.0038660861805062674,0.002956432426660882
151710,0.0020088443756223345,0.0032824414997814078,0.0025917374212883204,0.00375654031542183,0.0027464967951171954,0.0028687426272790972,0.003832845756329084,0.002422709562182615
151712,0.002135791930341427,0.0023370318722178013,0.0028371421427830917,0.0032575851150813545,0.0022192477385747506,0.002788722414842973,0.003415993850355792,0.002437420271301838
151714,0.0029761117375226714,0.004440816719154306,0.0032836603070513087,0.004900708319510727,0.003464660572722933,0.004096095757090412,0.005078850610530594,0.004487330092907416
151716,0.002440017155663776,0.0029159084204473246,0.002666970878260122,0.0037969303765115203,0.0033504427673067827,0.003589939206505799,0.004361535733466371,0.0028685977710908445
151718,0.0020385467747808944,0.003145512369988182,0.0025698438637240667,0.002539840082791192,0.0022311118749467895,0.0028236010154454455,0.003513331461718394,0.003206579762371986
151720,0.00225917341722065,0.003458276454307241,0.0031006531205799437,0.003628141372473914,0.002447050171152876,0.003616719086139364,0.0047300475179368195,0.004418191190121101
151722,0.0024802467810315504,0.004269840070715569,0.0023056007026918263,0.004135397498639615,0.0020389797390552022,0.003338894482071711,0.005493091856934029,0.004348791103634897
151724,0.0028715490894066914,0.005921677264162428,0.003519938122928737,0.004387069091839335,0.003086204563833586,0.004663362664075743,0.004575557532437102,0.0031781936191219856
151726,0.0023333429006938827,0.00426887226609779,0.00292533485789509,0.003883816008533325,0.0027544480691937268,0.0034814031526342465,0.004351662917438992,0.0033595144587079823
151728,0.0021055484714094796,0.003714297626640231,0.002547756221387157,0.003622481341044051,0.002643177784709183,0.0044128937518053135,0.004313692718083628,0.0028119018717558952
151730,0.00257782360915787,0.004064689338534322,0.003327896925881327,0.004373985614609721,0.0032379659284860335,0.004182853159386879,0.0043913289342834005,0.0037884647222963808
151732,0.0025538533321169954,0.003347686707450004,0.003285658274099268,0.004252412077935475,0.0029564198682314885,0.004028345191598115,0.0041847991612167235,0.0036076231321075097
151734,0.00245428893103089,0.004320730402863904,0.0033756558880720378,0.00467438857660879,0.0030690377153084203,0.004623664100071645,0.00465157532117072,0.003973658747584929
151736,0.0022693459457882176,0.003006148317495294,0.0027711929992977336,0.003136789229928452,0.0031273585936963944,0.003919663226659376,0.0034797763471881016,0.0027605405161539864
151738,0.0027454215658195974,0.004216856929144586,0.003010851208655796,0.003993249892813078,0.0031251327901117426,0.003772464125918751,0.00410761960290551,0.003569527202288647
151740,0.0018440062931353168,0.0037905836904573165,0.00308230844862957,0.003701500095643087,0.0025557268627868363,0.003533825535291815,0.004009271871666054,0.0029141975830975775
151742,0.0025422050659926754,0.0032366683128606244,0.002539985773298961,0.003299523249209471,0.0028037694108907912,0.0027199310038723695,0.003575706175033569,0.002866188826286878
151744,0.0015845414330373786,0.0019318532417935685,0.0017108676396038747,0.0025189068900824396,0.0016908446113400033,0.0021808385761288296,0.0024146212314894028,0.002089017679708649
151746,0.0019358524603343974,0.0030889058960009153,0.00221996837666133,0.0033767165314770864,0.002368879629586776,0.0029973131783891938,0.002887190708183454,0.0025730874149241245
151748,0.002840676036051107,0.0035998849520338383,0.003501606067338195,0.003754195779921435,0.0031355320761718986,0.004340950046472836,0.004481786848842262,0.0032830895099467683
151750,0.001937504334741158,0.0035009491818627364,0.0030628668468826725,0.00319323795325982,0.0022757334624140674,0.003152159929166301,0.0038013550845834715,0.0028192453580822147
151752,0.0014567554210282024,0.002224227898735054,0.0020466562418199885,0.0021156141155474067,0.0017431184019756074,0.0023787148664051877,0.002380694246806328,0.0019521556759288933
151754,0.0016861405588925044,0.0021982523556059036,0.0017993138488820032,0.002209348989262297,0.0014641227804226276,0.0019346122144475175,0.0023528977282047947,0.0019180095965870003
151756,0.0016890020098126457,0.002856863025954226,0.002098793577545388,0.002969731345378937,0.0020314761597752806,0.002619490919678405,0.0030208212258714534,0.0024067562265226577
151758,0.003102164692445633,0.0048324809066466745,0.004119478112647679,0.0048756577117684,0.0040829378520084725,0.004201145479338975,0.0043216727207756045,0.003748268536389654
151760,0.001746989908296706,0.003152015196903349,0.002752519076865134,0.0029278818099205545,0.0022942510677049915,0.00329083856490843,0.003301817151598385,0.0026060591290824053
151762,0.0017527183487359294,0.002740108247983264,0.0020107462572478557,0.002674905691238752,0.0023116170037791456,0.003086024517038821,0.00333204888125721,0.0026335930500843846
151764,0.0024627262179316572,0.0037411865429015784,0.003309430960127868,0.004991929437886178,0.002647884474820339,0.004331391831645048,0.0036678049884415614,0.0031112148463421363
151766,0.001999509711538408,0.003059388932506582,0.0026351701096949537,0.003580168597467015,0.0023407623276364142,0.0032046106282468956,0.003446718167517737,0.0025198578966591084
151768,0.002218646184885667,0.0027872802029893645,0.002644432416062506,0.0035105255209734315,0.0025674830447967173,0.003077159474990987,0.0035070160312625914,0.0026716940743085615
151770,0.0027229168161644474,0.003537103807984013,0.002910148364057133,0.003415553178653996,0.0028892420088815762,0.003694685255428709,0.003909793554343288,0.0034805613509330535
151772,0.0021920792432740394,0.0030818559372064597,0.0030138277627561744,0.003115404891580034,0.002709793743395361,0.0029276874947446047,0.0037159965188618416,0.003812065858542893
151774,0.0026159793048753516,0.0034676828504141,0.002983164283598738,0.003092896920462454,0.0035118760297905283,0.0027414488708416146,0.003768704362095754,0.0034382585226921947
151776,0.002037180228077473,0.003976010223214532,0.0033774889578674916,0.003983154403528533,0.002755352590276386,0.0031174221400260965,0.0035888629932871036,0.0032521043286193457
151778,0.0018327098563090255,0.0025675845996033786,0.0018792670661880312,0.0024658548541944825,0.0017423666347666927,0.0020920669163149302,0.002668187269436198,0.0018820270294629543
151780,0.002411349294393142,0.0039036632142830374,0.0028833195279598933,0.00336771112908979,0.002725346863268696,0.003397824105589989,0.003972617105594323,0.0032622061762604404
151782,0.0015590187497673824,0.0020430313750215007,0.002232147712022528,0.002649065444551235,0.0019889887591167388,0.0021542776359275706,0.002558685237975547,0.0019543671455211215
151784,0.0015012313909841396,0.0021228020792719016,0.0019292736062794802,0.0024548943047842386,0.002013604778938749,0.002363955161715836,0.0028676297627506925,0.002268212801628311
151786,0.002402895735773583,0.0034481254730300975,0.0028614429210813697,0.0042288874772658525,0.0024362709164284096,0.0030534352719330388,0.004316797678181106,0.0034546202071146365
151788,0.002006531532986258,0.0034751766695528957,0.0020719537484371053,0.003701037751235328,0.0024169597922280156,0.0033010508593057097,0.0034143606336935056,0.0030932748239882596
151790,0.0022064075469691163,0.004330990736779228,0.00364729757801642,0.004296308199267296,0.0026730690897159293,0.0037235820085502885,0.004311865699180295,0.003558118522200504
151792,0.0025669892678943512,0.0038983680061688425,0.0026665145626090236,0.0038524130935635587,0.0032050189165527265,0.0033998725765038845,0.004622638755860331,0.003732726851488413
151794,0.0014803516626558239,0.0025455450318512263,0.002529613158704938,0.002382761735020625,0.00198151845397522,0.0026454570289591445,0.00284497866489547,0.0029011541587218304
151796,0.002088236906964261,0.0026054000259885385,0.002681353616982074,0.00308230679404832,0.002369104827071311,0.002752379139789929,0.0034248974065843735,0.0025326381246110335
151798,0.002142619850440966,0.0029990821037766957,0.0027584755605061795,0.0033313792856568686,0.002112084112604329,0.0033297578271667683,0.003280287048488484,0.002940267964952392
151800,0.0023729602277346024,0.004158103646739741,0.003694061672158813,0.003856873242039774,0.0024225859773550074,0.0030666986718053124,0.0036407522220480715,0.003794731610273827
151802,0.002270039883402186,0.0029757504081127095,0.0028735077594896907,0.0025227378144010576,0.0026461890168200247,0.003068574210133082,0.003304669481948866,0.002597747534712147
151804,0.003940120802426117,0.003953413051117016,0.003759716535613189,0.004928908786518138,0.0036094326333585003,0.00425754329513689,0.0059771073416072795,0.003945909947523918
151806,0.0015399538128027523,0.0027499589477697622,0.0024000142637948946,0.0029053320520309317,0.0021058069400519686,0.0028278506816632604,0.0029966589387680487,0.002363136907259769
151808,0.0021884696056101577,0.002687878061055096,0.0023590390745736323,0.003969930506401376,0.002336400155060328,0.0029914707878886393,0.004039621867888921,0.0031593082277697193
151810,0.0018249529867342407,0.0024283119581243323,0.002820308436143115,0.0034688469322036314,0.002290237318435265,0.002915601856829167,0.00423978531589686,0.003549745562620235
151812,0.0021581303272775187,0.0032316037012870696,0.002476839446525339,0.003170062425761566,0.002771831561076965,0.003167826925896622,0.004061892954055679,0.00313119968574882
151814,0.0015474858737152264,0.003174092510139559,0.0028236481284232284,0.0037052783497575903,0.002481753861744096,0.003181696793935332,0.004023993954561433,0.003101130244571648
151816,0.0031682949315228748,0.0038115681404837926,0.0036379740345787864,0.0045890499008329755,0.0035141626415229887,0.00383736518144219,0.004499129482415043,0.003747749002191561
151818,0.0027577681112967434,0.0032560463394839534,0.0027424936683728834,0.004689459364848325,0.0028994107466835534,0.004840159750131079,0.004532378201006715,0.004214760310399024
151820,0.0015786334409585573,0.0027060554317712704,0.002460630229853558,0.0027037668836294437,0.0019673050038040985,0.002628489201559392,0.0028208869424020677,0.002563492286494773
151822,0.002407944665102024,0.0041296308465126885,0.0031218315792908152,0.0033389061060718483,0.0025701399866684543,0.0035454960137254604,0.00436405834989273,0.003057712308658589
151824,0.0022614953473361205,0.0028463172709450313,0.0026368914941049676,0.003354831000565106,0.0030983136700266645,0.003801716614627859,0.0036941286923825173,0.0032999212754997315
151826,0.0024584808286559068,0.0032138072071159623,0.0027089134066793363,0.003748883904858294,0.0029207419431855897,0.0031841335156893025,0.004149879727910977,0.0030756048378224876
151828,0.0030247553323510395,0.00394084386236232,0.0026897197421229535,0.003702091666624663,0.0025877771215213757,0.0032182111478831765,0.003795568810689487,0.003909854117996547
151830,0.001701911479989937,0.003077320250685092,0.0022561434199581815,0.003021716866115298,0.0023406826645083895,0.0027730096416801603,0.003131451089369866,0.00245849080307782
151832,0.0031853503340786293,0.004580032948604595,0.0037256736603409474,0.004870961043934585,0.0036373956972826083,0.0045952186555591745,0.004491639323998042,0.0036197751322992883
151834,0.002335437976968016,0.0029295789149990648,0.0027303266119904773,0.0038168758931114155,0.002292590493220295,0.0036194532880871183,0.003447979348370281,0.0030362269158268895
151836,0.002707675747842586,0.004065895006204523,0.003935180889381995,0.005171658018030323,0.0028882464985144907,0.0035220328009922947,0.004468507997930138,0.0040091407229283504
151838,0.0018548554416598778,0.002616058568493687,0.0024223479845943002,0.0024874181306080434,0.002455050089862576,0.002634590320982691,0.003146026782618938,0.0026125534449195076
151840,0.002696288008810166,0.0036961400347588214,0.003201493226315591,0.004266710193606693,0.003188198193651917,0.004288188701029372,0.0036491642586468226,0.00336542686306901
151842,0.002163837837001484,0.002898839085840932,0.0027387539161499858,0.0036710770997595704,0.002915109055395826,0.003457382253825983,0.0033106311893105755,0.003182458353174003
151844,0.0023288035580657507,0.0031511966437316463,0.002393655739896597,0.00393954651748718,0.00260037525376533,0.003583528502258973,0.0035311951566119465,0.0032211996678072202
151846,0.002238612422669775,0.0027976731635508956,0.0026688735118174933,0.0029356762556754235,0.0022558143103369593,0.002673856897951868,0.0033307759761558864,0.0027751989547142863
151848,0.0026473029056635206,0.003638929492768131,0.003365127769799303,0.003818341179280274,0.004104263372163575,0.004394780773810114,0.004299516329769881,0.0034840668175618733
151850,0.0022336182883480604,0.0031610334187723993,0.003207219818989318,0.0038185340858377104,0.00257286670547785,0.003208322452564971,0.003490892431129433,0.0026565884116145355
151852,0.0036752657243417503,0.00398075380769658,0.004117349433244932,0.003999358741071157,0.0033027415297288837,0.0037591144396851295,0.0033684176619444006,0.0034858340690228223
151854,0.0024738409580757903,0.004168833946988082,0.0030968436693791374,0.005427137144686789,0.0039283030917334205,0.004664508532560063,0.00508356887430339,0.003942097448146387
151856,0.0020511274777406663,0.0035371250774168944,0.0026405009566075055,0.0034660079334739025,0.002509342874535428,0.0027001279716736826,0.003793459462762494,0.002962623736081929
151858,0.0025237868601185043,0.004285154526191326,0.00339509160065532,0.004298703438028406,0.003102248933060603,0.0038524732111572396,0.004197022366201397,0.0038712783005228624
151860,0.002891865755794365,0.0037132605896442877,0.0028580650128567364,0.0039008501964623576,0.003380997595068838,0.0036632296401566955,0.004528289118178874,0.003506045847095296
151862,0.0017830811459341178,0.002717336753535818,0.0024876396034310133,0.0029427312771892478,0.0022483775354908975,0.0026209199501112668,0.002860850308126009,0.002348016985842527
151864,0.0017012153627467136,0.004056519456235641,0.0025434651870619995,0.003025081924158679,0.0028216788244939256,0.0032747675767410556,0.003609276863241695,0.003436174060713393
151866,0.0024515121823460856,0.003346020772732397,0.0025378838040970297,0.003521862126406164,0.0026186863796243826,0.002998224501439495,0.003378013773273958,0.0031176979506932767
151868,0.0019175681396865901,0.003425148999083527,0.002717002753161238,0.003575342191251496,0.002717229172104263,0.0037097387419576244,0.00384119689599062,0.0033320643640322722
151870,0.002449862744821965,0.0037536114721725827,0.003208415296800604,0.00297912150013091,0.00283371475757882,0.003382953884511153,0.0036617340130574855,0.0028783799747916228
151872,0.0024046863901750065,0.004134806279637582,0.003661708314567358,0.0036012677414511,0.0031573390115481464,0.0031414340784687855,0.003672699705185592,0.0031705092008332963
151874,0.0016844842978885333,0.0029237497697300885,0.0023410344901778762,0.002609061707548932,0.001978407075291566,0.0020422619382396423,0.0029719851904478484,0.002453817603284905
151876,0.0018503126143215726,0.0025730280794337285,0.0020017868366473124,0.0033143494222521858,0.0020086306622553313,0.0023973070666861163,0.002677016615988459,0.0024419953648618375
151878,0.002601939677157064,0.0035794763006802427,0.0033251875346584914,0.0037377207101805254,0.0033855900286461904,0.003439248557688901,0.0041994699187262174,0.003817684228588414
151880,0.001601029764349407,0.002148450487811593,0.002270333108359779,0.0027520207138424096,0.001864615353755053,0.0028177739172097344,0.0026981662382419835,0.0022057671451492095
151882,0.001609769393926,0.0021699044462410028,0.002842321066445344,0.0025571990546731233,0.001975883633159606,0.002570663531469966,0.002913441885160975,0.0025905848493940203
151884,0.0022844312445104015,0.004344144351922596,0.0030350364617360293,0.00454483231949987,0.0028894815015709785,0.0037018636455444925,0.0040087416288150934,0.0035353072149126863
151886,0.0033769888623139815,0.006315212275072923,0.004243652718412039,0.0057470770698273554,0.004473787871619672,0.0056636995319439,0.005568669392741532,0.0037720316897225242
151888,0.0019210992581891878,0.0032443089497186245,0.0026612205412421958,0.003076933404192253,0.002183975320591003,0.0032632088380691315,0.0035675599598496976,0.0030217795290432697
151890,0.001996804374648997,0.003947016422550187,0.0027720002352529804,0.0033061057479022993,0.002720860153638205,0.003701098942219483,0.00340990447566214,0.0037157971366264114
151892,0.0027756252236452728,0.004358794457954895,0.003957476614496136,0.0050072945244177824,0.00380586786168835,0.004674924472848618,0.004618236742218507,0.0038573044987364608
151894,0.0017168067070362364,0.0026611125390765267,0.0029186223316624155,0.002826289062951917,0.001960438977483339,0.0026920417690803333,0.003039890462395292,0.0024389488733224246
151896,0.00136898487339622,0.0019796645934564427,0.0019454992018802658,0.002480876500282614,0.001997249864906847,0.0022575096584188797,0.002400135081473742,0.0018482585318904676
151898,0.0012798718317963975,0.0023986380329459878,0.0021908797688401926,0.002199403530092958,0.0016172231949860422,0.0022097545452021278,0.0025964804903283595,0.001885384556082892
151900,0.002143336907143356,0.0028796508492082845,0.0022006671991912086,0.003128716627117681,0.002134546341191604,0.0023984161795854164,0.003325652414407687,0.0026353230988829385
151902,0.00229405015404055,0.0032343191924878584,0.00275174555861403,0.0036455127976609547,0.0027456542410210366,0.003400459953434312,0.0035018498801095976,0.0029376687864031276
151904,0.0023862970134903017,0.002803805311684171,0.002939865996647986,0.0023267563838709343,0.0027393692318733592,0.003205522142360487,0.003255454991915166,0.002678192110869851
151906,0.0024701199334610374,0.0028766929716820405,0.0029503374345446615,0.004096904522282119,0.002805058432820362,0.003361860652820528,0.004700974789537904,0.003234814543089437
151908,0.002153019061531758,0.0025572612215383206,0.0032968254352141457,0.0038834468811619477,0.0033894867434904885,0.004670246096417863,0.0032018869818217915,0.003278521079776567
151910,0.003336224081626607,0.004253732737729499,0.0030846985410737937,0.00456841189147017,0.00428391677425588,0.004784091830302428,0.005053354545627775,0.003725017000316702
151912,0.0023911040536063327,0.003186324292614451,0.002684559837725864,0.0032066038108065215,0.002229163336906703,0.00335407497745166,0.0036687278017777936,0.002736440277149532
151914,0.0027554132098384643,0.003716184551656676,0.002888924436058052,0.003979231830646468,0.002034621246407353,0.0032797959087119827,0.003370193401446342,0.0025895455169192005
151916,0.0022489474196958487,0.003094540471648269,0.002378730491781278,0.003119615234305151,0.0026529161596711703,0.003018204276581518,0.0033434802127835367,0.002925190997652996
151918,0.0029629599341527424,0.004365010302971817,0.003113088565076305,0.004201646763849709,0.0026954632494700093,0.004180461517744816,0.005366571565530942,0.0038175843328384224
151920,0.0029239709471435976,0.0034541967558476827,0.003540361878027254,0.003493437739831032,0.0023999784935852114,0.00361002754499308,0.004477909114996237,0.0029847112570620254
151922,0.002522914823232192,0.0034868749249711423,0.003390532637790114,0.0037450684314713906,0.0028359893992870866,0.0033011844189370643,0.004026490758988699,0.003494111536704328
151924,0.0019480334261814947,0.0028044468305390424,0.0027530729967857465,0.003066762212014462,0.0020521766883980913,0.0022861668780793654,0.003071090270978516,0.0034283913136668454
151926,0.0014165596806426373,0.002429536187168471,0.0023191457131850474,0.002278656368392973,0.0018549340585458651,0.002210371355753138,0.0023559525736827625,0.0021379300398584183
151928,0.0021459053609108047,0.003042440355061085,0.0025964174689203784,0.002755681117178735,0.0024491860901712514,0.0035398777929032677,0.0035311668211641806,0.003123607303974707
151930,0.0017961595620177295,0.002706486822625101,0.0034049008082065596,0.00276729223216933,0.002056424190759479,0.0030945214062727683,0.003765417363688295,0.0029763987031651423
151932,0.002554606427702888,0.003975198448662953,0.0026474861486439766,0.003669195344664422,0.002226866858592802,0.003484667580004444,0.0043150404781187035,0.003349505700454017
151934,0.0021127237818527878,0.004272779207983801,0.003917956168621117,0.003361847692945688,0.0033787824502741343,0.004477675786409785,0.004481847701145514,0.003150679717550453
151936,0.0017502678098857416,0.0034717099209871094,0.0027266632509115873,0.0032842034001651227,0.0023428960734159787,0.0030224033268153594,0.003521833386273876,0.0027014684606483375
151938,0.00243532699313459,0.0036060261532134263,0.004164636330197036,0.004103281110687584,0.003253186178159631,0.00535582020429809,0.004152630372264099,0.004980060685825016
151940,0.00188857767407008,0.002825444653347789,0.0025143125772931207,0.0030005107612486454,0.0022145802919490976,0.0027749222506935484,0.003662014448056486,0.0024853573455285854
151942,0.0021618329944520648,0.003326821631764579,0.00254261267385493,0.0035525200585431183,0.0026401162022722385,0.003683890259543132,0.004244777847234538,0.0027902059295540488
151944,0.0021611641119050895,0.003243891376783062,0.003434053118838723,0.004800982912847085,0.0025611000755044883,0.0036126817433401875,0.0035008288330153903,0.0037142063579418405
151946,0.0022853504462725382,0.004302067862855863,0.0030538848686179204,0.005084606931303137,0.0034197298150390326,0.0038007441516642176,0.004250558252594239,0.003461783834630819
151948,0.001782698597921295,0.0029689400627979645,0.0018726523199409512,0.0023979553558099026,0.0020198495754044643,0.002239592878662544,0.00371098996623144,0.002295131194627334
151950,0.0018622343844976186,0.0027380723923438183,0.0026541681099025993,0.0031737332066947843,0.0021778581143211545,0.0030755664107785657,0.0037582451859402705,0.0028000645809140995
151952,0.0019781055159493466,0.0034011555741231825,0.0032515698440793855,0.0029253529917901006,0.002596746251666296,0.0037227682419151004,0.0036291529901269493,0.003742502312243323
151954,0.0038607253290905974,0.0038968260496923812,0.004052571349368039,0.004397710221670792,0.003807755373820554,0.00360857683444632,0.0042616376560227764,0.004670537344315884
151956,0.0029117776040346044,0.004506356794494515,0.0029804392326140405,0.004319411134531492,0.003105166106509627,0.0032360982242368858,0.004478391745551313,0.0036495648381724838
151958,0.0020454642195222444,0.0030739266674493226,0.0026865108268275956,0.003144382147177771,0.0023095648672034758,0.00354132261015995,0.003853208071036285,0.0038224015317247506
151960,0.0015495528596934371,0.0023456687259120756,0.0030089006238256943,0.003311840211499606,0.0026292337377376157,0.003143218710370946,0.0030111463857176446,0.0026739250902352296
151962,0.0022485040131648426,0.0029278676996802866,0.0020687609505520843,0.0029896601115844135,0.002339006808954061,0.003253115635746831,0.0037309044491101867,0.0024882167425219898
151964,0.0012298938102967144,0.0027150341216784085,0.0020704824774259306,0.0024310005998030015,0.0021479767010102457,0.0021259596858120983,0.0028734885888406225,0.002681382166582813
151966,0.002342423306137112,0.0047706345657939075,0.003964402410190582,0.004720821355539917,0.003416504228995143,0.003206181921533005,0.004034358719479991,0.0036365123275095557
151968,0.002124004062600396,0.003836973807901947,0.003563167668301351,0.003679157558114224,0.0029960443285759336,0.003823032629664491,0.004472079717064759,0.0031271752671868658
151970,0.0022509494760792337,0.0039666169404475315,0.0032561853628482323,0.003378808435249972,0.0028100101294693675,0.0036877889180667728,0.004914239042914881,0.0038688921990104874
151972,0.0017965451305153174,0.002972391379557973,0.0019871838828695726,0.0033035118722951062,0.0019926139402010185,0.0031690796314171182,0.003215420043931397,0.003000287523846623
151974,0.0027372646547463436,0.003540361878027254,0.0030023434991234416,0.004868119177166508,0.0030342172365399045,0.00434814158797181,0.0038570282510597687,0.004647862517394297
151976,0.002577891322242523,0.003158524738639326,0.0027588500601117977,0.003555728795803015,0.002670738319674959,0.0049697396395096405,0.0031377344516770322,0.003058244625052886
151978,0.0016232299105836123,0.002666584200162872,0.001980289523709336,0.002366422372986912,0.002352017071738724,0.00253834849750062,0.00277450859409957,0.0023353007963092254
151980,0.0015523004192013468,0.00249942343281441,0.002323775483237256,0.0030067696827621587,0.0021294919772294613,0.002736949310780723,0.0032881895913741133,0.0030386857368683295
151982,0.001636757622812901,0.003045201409695386,0.0023842891107330733,0.0029798490639250247,0.002160559747251836,0.00280228150549601,0.00433708957928941,0.002637616939029766
151984,0.0017854119256652812,0.0035243271394924808,0.0021543616692360074,0.0033852076764198102,0.0023563286916328807,0.00258015473690755,0.003092262575112026,0.0026887317932383775
151986,0.0036385623051415905,0.004559451470189713,0.0036490233859043375,0.004489845889478483,0.002589222118894577,0.0038188503894729525,0.005262135924656519,0.0038341697020607413
151988,0.00252187231941875,0.0038942865566302803,0.002669353510551545,0.002661603370839885,0.002413551935119218,0.0033943466811872103,0.0031809059111176513,0.0029429644886219825
151990,0.003987068558828577,0.005186128373169119,0.004505317536423414,0.005292602922486955,0.004091238170667033,0.005364720350083341,0.005295791633726177,0.003397299056287162
151992,0.0022094579043435147,0.002857836783177206,0.0024262769105838494,0.003570795070197086,0.002694451041460391,0.0032347751339967395,0.0035167013957476817,0.0028381113427916743
151994,0.0012411885679198958,0.0019352224549094021,0.0017016757369253815,0.0024270131586568017,0.0017637727766496442,0.0019081546854200632,0.0023567193074325865,0.001890464520074353
151996,0.003002590900366267,0.003860590614768525,0.0034945753052397777,0.004628516776108649,0.003380119073792112,0.0047033004163952175,0.005191710014096351,0.003993119006390211
151998,0.0026707460204793976,0.00331385531007701,0.003019602680364289,0.003723958917195347,0.002753366983980779,0.004101661447439897,0.0034366051413024096,0.0030720486679381015
152000,0.002693942108421013,0.0036966636804578457,0.0027947963034415935,0.0036028283367407626,0.002872862782146837,0.003976537357317733,0.004030633323087118,0.0031610539446363384
152002,0.0022091829952347736,0.0031816593907798563,0.00337447595575302,0.00378422306328835,0.0034019942370486778,0.0038289439840845235,0.0043055548458283965,0.003928728983476626
152004,0.001913024709638958,0.003667739561096006,0.00278389329897899,0.004339525606056827,0.0029232719906136517,0.003497501323759755,0.0042767551764342215,0.003583090086877405
152006,0.001793651377736405,0.002427367375608336,0.0022095419564021612,0.0031488691374815247,0.002048553004010467,0.0025458499016234454,0.003095902969106279,0.002606977372378305
152008,0.0029465608323866466,0.005102318012100204,0.003327530739070786,0.004859085412498354,0.0029117398124012817,0.003951668683678522,0.004548040468896952,0.004345133420546654
152010,0.0018418489154115592,0.00271503722743828,0.0022815964532520994,0.002312860905837391,0.0027479268559989084,0.0025519661859208093,0.002741263964753507,0.002694765087953979
152012,0.0017270668436808606,0.0026156755991459946,0.002742856155841855,0.002501104372487198,0.0025750734697576605,0.0024711120563126188,0.00297522410137209,0.002520301860897689
152014,0.0019084632334648438,0.003330926045901919,0.002706339921070333,0.003694716956782751,0.0024671984210045267,0.003987283088641158,0.003738704211051505,0.0035977055749541464
152016,0.0013397599747922012,0.002018145885799086,0.0017648987857266235,0.0019930902293276015,0.0019140451588129381,0.002088302958841451,0.0020166680848721225,0.0017167724403877593
152018,0.0029747116574532217,0.0053401347796869225,0.003664460819505999,0.004580876051685723,0.002777221471515434,0.004659496651454598,0.004637126701623251,0.0030184113967541976
152020,0.003227177482520452,0.005019872386825774,0.0036379210071780937,0.00425453553474503,0.003935609958231945,0.003951554404511504,0.004512738003664085,0.004377918662903435
152022,0.0012672238732319846,0.0027980479498158767,0.0018921118269157322,0.002398666495139423,0.001884226238386702,0.0026687257101532524,0.0024637874903105234,0.0027783296142394054
152024,0.002718556029108976,0.005473202984197789,0.0037290319892396284,0.004600258517951927,0.004119085996493688,0.00496075266548518,0.005514905598759334,0.0037281125400970977
152026,0.0027176952442184987,0.0036307245534150795,0.0027894519242388643,0.0030974200173434913,0.002528939815709619,0.003609914736311684,0.003612716225680268,0.002519664539456734
152028,0.002537477701403168,0.0032251317947543795,0.0031327591347087846,0.0039042818977003263,0.002751233587630089,0.00470445424698257,0.006034145230815524,0.0032396836236101567
152030,0.0016206508983030027,0.00268909225571079,0.002354835969596236,0.0027309215126181258,0.0021860217532945203,0.002350270340145677,0.0027994893964749523,0.0024704350654918827
152032,0.0024317607109210077,0.004148579129762631,0.0028693783617273066,0.0033059570951069622,0.002397223163976614,0.0035998326499837724,0.004200552476164854,0.0033829967862334526
152034,0.0027329850895508323,0.0036663138411228147,0.0027889990190966274,0.0033754619598669877,0.00227552163265711,0.003265978022998342,0.004536423965434189,0.0032957303649396863
152036,0.0018183774266123387,0.0036945113532773632,0.002788835730431885,0.0038471532339175024,0.0031664721690395498,0.003237470336646453,0.0032344734293272698,0.003164371632139229
152038,0.0015308807082645703,0.0030405120183198964,0.002462746553755446,0.002704021807714563,0.0018795865134093592,0.002590008849161274,0.0029669251841136224,0.0029423182286648086
152040,0.0014565876476902023,0.0032489889616463957,0.002557868235910213,0.0033080359672206378,0.002446667617870324,0.00322334309025242,0.003655546888643224,0.002669060964085604
152042,0.0021697205058575225,0.00363606034967745,0.0026341214883735115,0.0033245770534051783,0.0026625348072075727,0.004135604483189115,0.00443604363323491,0.0038720390597514337
152044,0.002153676309589861,0.0028281347667374335,0.002885292612915827,0.0039030301503262255,0.0030396423507428466,0.0038499875088252727,0.0037949459504891397,0.0030096951696828023
152046,0.002654594961172485,0.004611525330721955,0.0028694178729724573,0.004913010675091423,0.0032378285664692724,0.004182405999543504,0.00517727261169032,0.0031477738428887236
152048,0.002043036426507605,0.0032096890865234706,0.002714767421175601,0.0024690791407842028,0.0022902747571934,0.0029377653009996507,0.004108406582068236,0.0034266988730947134
152050,0.0016188172821656743,0.002852397419475017,0.00223542293180673,0.0028764512124190844,0.0021069870030230448,0.002911182615296326,0.0028266396171261476,0.0026882504415916136
152052,0.002733987757467027,0.005046913010959608,0.0034769768114724237,0.005402318991285293,0.0035938159819579596,0.003864871605174791,0.005303951557156239,0.004000142820219432
152054,0.0016515163621427936,0.002165340518550052,0.0016674939252392523,0.0026422007193344227,0.0017687780968265177,0.0024965025059603546,0.002867976088269733,0.00239705244473587
152056,0.0020364387916558396,0.002788708644008153,0.0024221052366885237,0.003468298433595987,0.002443758170038182,0.00315850003372109,0.003719140561656578,0.002626859917715052
152058,0.0024071148108897322,0.003368259831469947,0.002654709740885011,0.0037011234187547815,0.002663421802927571,0.00336164940997552,0.003620011817953031,0.0028397004426943817
152060,0.001957535058155227,0.002622308164518819,0.0023211170280392768,0.0035835971882787337,0.002044506674289251,0.0030970800070219268,0.0029098308500220688,0.002348348060072905
152062,0.0031305247398811936,0.004492046791111426,0.002416602672861645,0.004157748129873795,0.003000181009475425,0.0033189307198658313,0.004023311509719685,0.0030638317956036
152064,0.0032639294367840105,0.005275924754877259,0.0035630693809741154,0.005853796780317888,0.004002554910743916,0.004317396872175527,0.004805238740385187,0.004298352706793074
152066,0.0022727083601323944,0.004570960386646172,0.003019679651099519,0.004229660791353285,0.003594699958077277,0.003821245421747277,0.0037989194542120686,0.0034889183754969327
152068,0.0020867561211452973,0.003390520924268836,0.0031695120757133655,0.0029396337159349195,0.0021896356479938484,0.003151826966272267,0.003718952454091054,0.003051495221966738
152070,0.001327567090623774,0.0019640232000770613,0.0016533093241572067,0.0022168620086083224,0.0017884080436631061,0.0018088348234369805,0.002595852967889556,0.0026816028524084268
152072,0.003350547564798592,0.0042149296072824805,0.004488271437406377,0.0047759550570041776,0.0041001518312971386,0.0057056261750041415,0.005703547440125745,0.00411305836538528
152074,0.002691110596339877,0.0032697413981082196,0.0033679658009955343,0.004692084267649221,0.003234520463820445,0.003843025713078388,0.004733192226371807,0.0034035679866957352
152076,0.0015073981029024713,0.0021040157638956836,0.0018710273656543652,0.0023091745988380735,0.0017790708383300657,0.002689352282761806,0.003071786033304394,0.0022468258239584232
152078,0.002899897404846863,0.0034426732724113784,0.0033320703851211775,0.004490305198280586,0.003019123682412986,0.0042189153540386215,0.004884797468131252,0.003497074811835754
152080,0.0018553894274825483,0.0036491390543781504,0.0027896376613922996,0.0035508958101787003,0.0027454364005213977,0.003960445008988123,0.003619810545001434,0.0035577314369126395
152082,0.0017839486374776753,0.002831108808911742,0.0024682617669249396,0.0029872472721435006,0.0028075848592521574,0.0031328984198900067,0.00309145223246704,0.0035486088163577123
152084,0.0014743701742614967,0.0018713925240454593,0.0020008998934811922,0.002295808357652085,0.0019056751648547365,0.0021441603424102867,0.0022844162880873015,0.0022220484577100685
152086,0.0024162613280403478,0.003579576151333322,0.003418062600325733,0.004221914372168678,0.0032907650510144576,0.004166010614882476,0.004345600983729492,0.00415761937886594
152088,0.002279791762163974,0.0037565572115173668,0.0035031744652238572,0.0037670378191843046,0.003231277156637624,0.004082579850528456,0.004278485070763394,0.003818504620081653
152090,0.0025677971538963368,0.004683913969657283,0.0032811260395271824,0.003974941028209111,0.0036109815650702815,0.004248382369653747,0.004163899753084621,0.004191234114594489
152092,0.0018117921689599914,0.003758087607348637,0.0033003997947940317,0.002929970500370596,0.0027488471028559586,0.0035334056718068357,0.003800809376747552,0.0031812912545989835
152094,0.0017904733711420762,0.00330193531407752,0.0022946461402995055,0.003323828742578097,0.002288619543368689,0.0032456373837947,0.003467639853772797,0.0034426667150506823
152096,0.001319010141853219,0.002889776675947822,0.002743776333859138,0.0027553635408576055,0.002139173514346171,0.0025988625767348617,0.003013963969456468,0.002521937422825582
152098,0.0021133149113677363,0.003410206422376272,0.002847819205485713,0.00419825136355545,0.003184848694189349,0.0036201974064346137,0.0047503866386647275,0.003922531547861041
152100,0.0015159378570940435,0.0027091425907055516,0.0023542839124591902,0.0029737486586483564,0.001778184740325095,0.0024490787927605867,0.0032345810583112172,0.003275530812468175
152102,0.002193522256218064,0.0028838524464572246,0.002467557038698942,0.0039253794453313895,0.00274437308817356,0.0034404996309345265,0.003810056325677602,0.002665860167924708
152104,0.0018704398996206711,0.003019106488321169,0.0025080692210446287,0.002830745689099745,0.0018661866675944716,0.00271078167472473,0.0032673743417626633,0.003659645966686345
152106,0.0025952414627331694,0.0038226742333478114,0.0032793069390019275,0.0035344668939102514,0.0029899615813013813,0.0037418291308244506,0.003785037559888696,0.0037474233423984288
152108,0.001622097233146269,0.00295609133299074,0.002375644567972915,0.0029829954065414693,0.002388339988015853,0.00292815071728314,0.0032983721040036468,0.0026546728882653886
152110,0.0012905363665386554,0.002339621940404213,0.002555804831612607,0.0025917852136139174,0.0018985712272448496,0.002470869469617512,0.0030549954154333037,0.0026249463645913185
152112,0.001875864652891801,0.002337621888151911,0.002530872404439291,0.002515484677856686,0.002103251327874714,0.0025871946120690215,0.0026617213770805392,0.0025942729191964636
152114,0.0029390778953453656,0.003327286625723694,0.005450455406372845,0.003342765100299308,0.0034405774208558088,0.0028743213728504996,0.002688169319152847,0.0028370036424585354
152116,0.001760257798979703,0.0020693001429333974,0.002337435654078457,0.0024726241397579063,0.0019117276231078173,0.0026732339612483558,0.0024753097643765015,0.0024623453989225524
152118,0.0014937826532899212,0.002567691819497009,0.0023545463755621082,0.003687802944112528,0.0019786496649812357,0.003916666327165308,0.0031154086343230247,0.0029187789110152185
152120,0.0022621831225456135,0.0036228979430872332,0.0026798484195560968,0.0038599693853181988,0.002904477521290097,0.0035183474151528338,0.0036574355045948526,0.0032275626555705733
152122,0.0019306826986453945,0.003214603859072032,0.002379115328285733,0.0031668105166318683,0.002188209249327999,0.0034955011726416907,0.003939492271236356,0.0028108854107312814
152124,0.0017353991362724225,0.0028019963555812044,0.0023057001588420306,0.003819731228300649,0.002178204785189486,0.0031999555352797554,0.0029191520617756345,0.0026947279583505873
152126,0.002721958550311321,0.0040581036037670715,0.003770573487123008,0.004385187127198487,0.003061497210625541,0.004682446560101694,0.003966962312757838,0.00398480975975396
152128,0.002679211673145901,0.004436820772404426,0.003227546994240049,0.0032319175554675894,0.002965646959474988,0.0036315856683461073,0.0044838810040848665,0.002568202277292153
152130,0.001416172448364686,0.002576092120870621,0.002466766189939809,0.0027882349479926294,0.0022820189081546177,0.0030199785361268022,0.0030414586472071736,0.0027734345653268044
152132,0.001801779497606626,0.0025201410268752,0.0022728653572724605,0.0025404168614373696,0.0020686379391294946,0.002568656899279098,0.0032002611051030194,0.00266402898224799
152134,0.0013234152553638495,0.0017470250980275992,0.0019416072274334173,0.0019654432720676157,0.00154786427818078,0.001948039345356145,0.002114730738896467,0.0015610784079331946
152136,0.0022843632287907756,0.00338105001538086,0.003094632069162495,0.0033420733233020666,0.0024164213762045833,0.0035693095327267305,0.003609538720103514,0.0029270251783961587
152138,0.002257754988023386,0.00266244638486951,0.0026556522567680596,0.0032797634802728265,0.0022691397372059385,0.0035748548294967097,0.0037966439040817423,0.002616736931259092
152140,0.0024194438750391317,0.0035612501983822847,0.003087248938813625,0.004062912041167321,0.0028161182145774455,0.0035464254959865493,0.004036302058665842,0.003934977113240701
152142,0.0023374216057742286,0.0038003280104360743,0.003340936311197598,0.004410688578283306,0.002985919485685176,0.0042989232629491725,0.004464650949140614,0.003305380079755338
152144,0.0016109207856551677,0.002000268387103654,0.0022267353656533206,0.002063357661205925,0.002048124756603764,0.0027749681708316154,0.002596796368185564,0.0023979053720447063
152146,0.0013625184186347727,0.0024979292420813787,0.002595206543446041,0.0021556918961416344,0.0018613892057090103,0.0024158800904934413,0.00250513392237596,0.001925045819684057
152148,0.0025157522405294813,0.0036687657095507142,0.003229198415598669,0.004125031906295151,0.00267323858388796,0.002869349227347051,0.004028758501707641,0.003323897899805195
152150,0.0017440237236723832,0.0025354825654192586,0.002532076101435854,0.0030867890277831572,0.002017234578179705,0.0030434271536608493,0.003351912669474766,0.0031893467823260885
152152,0.001971050958005094,0.0026192220904164287,0.0024545089240768925,0.0029759747630500044,0.0022022500930498623,0.0033473280546589823,0.003150882969873925,0.0030493949168964307
152154,0.0014015690884528476,0.0022462996423551346,0.002558132767499846,0.003002587634276868,0.0018931840632809838,0.0021539653783648888,0.0028515244510709525,0.0024638618249215316
152156,0.0027775705401129752,0.0036286839661840015,0.002791611894183546,0.0031692981568066103,0.002906234907114738,0.0033214782543247168,0.003475742842567797,0.0032551246938974376
152158,0.0021735894068521944,0.004352978253308548,0.0031056784551743988,0.0037406579303800452,0.0031473633655301203,0.0037599924742886537,0.004599000314464696,0.003959082559641169
152160,0.002117531931050687,0.0036628170384178788,0.0027621790185134026,0.002780814117606681,0.002796184512956268,0.0035638926348031813,0.002715397507637732,0.0032138874592037153
152162,0.0014051902801250904,0.0026030236876263407,0.0025077367734552963,0.0031954533390515932,0.002331697737253405,0.0032873561054154316,0.0033704892593405256,0.0031497158220446103
152164,0.003014992777121153,0.003356733086070665,0.0030472731253008423,0.0047627766224245804,0.0027455207248509167,0.0038510721307255663,0.003990207102995635,0.003338962073763163
152166,0.002586226055783847,0.004226115562634192,0.0036426806313694243,0.0034263342679330955,0.0027322423613196506,0.0029163634678131545,0.0042121516335496545,0.0028909987861647224
152168,0.0015340303963268381,0.002558880840387856,0.0021772458573510733,0.0028021399147206694,0.0023208944819765875,0.002712621871214793,0.0032587924941185897,0.0022749999195329634
152170,0.0012330129833060394,0.0027630973404682013,0.0018946580734438556,0.0025355958660234906,0.002051948194781661,0.0027044983697668834,0.00261556052328743,0.0018882869257839108
152172,0.0015754131312106928,0.002726632126968165,0.0022296716761838337,0.003256063770385245,0.0021052883093393288,0.002871791840389562,0.0029938592413181198,0.002940082126944077
152174,0.002461046399160463,0.005192735430216422,0.003589056262331747,0.004939371685770466,0.0032158459206372975,0.005259041651615226,0.005291417023328082,0.004132055798649115
152176,0.002465242581476193,0.0035354520773868275,0.002801909590851359,0.002846369343040292,0.002880484925510976,0.003629295274195213,0.0035376373355742313,0.0035305563084284675
152178,0.0022614135016079673,0.003040356726087323,0.002830071045784033,0.0033088900708300173,0.002793281248040916,0.0033556194784262333,0.004127515819947414,0.003663590854852475
152180,0.0027511311991490622,0.004253674426127285,0.00484434578247811,0.005100064931228054,0.003880143624200319,0.004816452738864996,0.004815922234245262,0.00359206666402713
152182,0.0018994926705959703,0.0029458482624949434,0.002481261718574379,0.0023623716650933435,0.0019734458695830903,0.002661185180861239,0.002957299833045504,0.0028424938580116077
152184,0.0013191903619620554,0.002045238458543444,0.002282009298383514,0.0030346514613734943,0.002259932385357058,0.0024406645683444778,0.002626812948668525,0.002223680830291133
152186,0.0022156726057632886,0.0032686981179246843,0.0027147274366399327,0.004194120020891923,0.0022140838428299503,0.0032154272261420425,0.0035271638113533316,0.002768797479616017
152188,0.0035111484268988136,0.006138923325747003,0.0029523790603811634,0.0038445232656442313,0.0033729920271091812,0.00431075519391616,0.005075979511786954,0.0038354255858724096
152190,0.001880366996115379,0.0031165806392965956,0.0025122791435188696,0.0029761873390267285,0.002251756558385179,0.003076323426436947,0.0043426555592463445,0.0027527692525675107
152192,0.0014044622615594499,0.002185477314214493,0.002056834382405462,0.0022435906064761785,0.0016782580571344519,0.0022049732459539784,0.0026560062713196775,0.0021585477703501277
152194,0.00233266634155517,0.003526435953742413,0.0029757926772369103,0.0033687687939618627,0.0030791084917276695,0.0038939624948506335,0.003989788245352344,0.003339880441409218
152196,0.0021549814222671243,0.004032597528971726,0.0027416731851209186,0.003647723704356176,0.0023184902293407195,0.0029896780363858344,0.0040007215048376565,0.003318731131310773
152198,0.0016414979770512789,0.0031232862621978358,0.0025304113941959777,0.003196386717617808,0.0023774457485414846,0.003475486324021837,0.0036959724397323535,0.003715563244011344
152200,0.002115760449037163,0.002973635303222935,0.002789506228105934,0.003699758748838558,0.0023496650061363145,0.0033738388953716836,0.0036798413491703763,0.0032635761504504895
152202,0.0014740883951054468,0.0021158958205887007,0.0017943642611523286,0.0021994685219173804,0.0015115528608833362,0.0019619646772467553,0.0023493558680096616,0.0023450217713244653
152204,0.001973008668239143,0.0036351182953340416,0.0027825391925018345,0.0037085948075003122,0.003088437580428885,0.004315971406966546,0.004621241755425276,0.0035086739052015425
152206,0.002487325233869131,0.0037918856360621422,0.00260993594551652,0.0034697535857770717,0.0024665053153705707,0.00396129466590095,0.00372459729573138,0.003094311691018495
152208,0.0025127272948349266,0.003337001762078684,0.0031106970546357915,0.004467520920886869,0.0031644164776706424,0.0037742902408988144,0.00450285540337797,0.0034104374597970916
152210,0.002248221386398408,0.004504897466118207,0.0027340107422985233,0.0036927625961885036,0.0026876891766391964,0.0034733827020865804,0.004530537534320145,0.003196857670626288
152212,0.001499728908580536,0.0023711549425906586,0.0019018931086823287,0.0028448987877322113,0.0024989265610936423,0.002719904581189106,0.003327834174128866,0.002219508881774482
152214,0.001957767793584267,0.0027337547980171295,0.002955783474365481,0.003357131094541957,0.0024422840280680647,0.0035574532462551295,0.003529604562830857,0.0032102771072113484
152216,0.001967712488712539,0.003107906874488864,0.0030272595167908506,0.003113770775306071,0.0026309921630436467,0.0031483444592368542,0.004684993003945204,0.003335479194364277
152218,0.0019299199901346015,0.0025880291709814984,0.0025753642223045464,0.0027311013971637182,0.002308941885692098,0.002813855509666008,0.003187638279094296,0.0027901701159321335
152220,0.0015061761828994435,0.0023774039711463996,0.0017404784457678013,0.002311664647090206,0.0019364156841226166,0.002547595265835048,0.0024557622604205603,0.002017573575300094
152222,0.0020124033709594813,0.003485093334670855,0.0026910518477958473,0.002937777012083656,0.0027197491562384185,0.0033272432191824297,0.003664602891972915,0.003286700412916732
152224,0.003554695481153891,0.0037599102398493955,0.003034908399203451,0.004926889916613553,0.003113845195202636,0.004488878422368225,0.005332175560033792,0.003297393146739505
152226,0.0015914343150936205,0.0026278135183362,0.0028169810015212793,0.003216500423042279,0.00202792750826597,0.003691712273102221,0.003301559855833483,0.00291880668516932
152228,0.0027164299514784163,0.004204967200439891,0.003288611714771017,0.0028181176145794518,0.003033104728506278,0.0042340161212592875,0.0037648248688191277,0.0037301781610075274
152230,0.001880161522208823,0.0033503108024262596,0.0021262499805497215,0.003281610023123882,0.00243989533831869,0.0033398886224667024,0.003477884087421723,0.0027719335495002273
152232,0.0016328549637984052,0.0030940489352954265,0.0035176160489208824,0.003125322721086024,0.002154742433280177,0.002621331149811612,0.003948382412304108,0.003835579701871872
152234,0.001598839934413912,0.0024049392249748808,0.0019243430557411845,0.0030112301990165152,0.002107535942376393,0.003061690969579145,0.003377922403964298,0.0028221984956680046
152236,0.0025171926896220415,0.0037457925196955483,0.003222932367483944,0.0036062471765632154,0.0029436989427034654,0.0035466633210426424,0.004200496461741976,0.003963737233541098
152238,0.0014751767549993217,0.002636984082258889,0.0026247932951929537,0.0026804736693776393,0.0018549231483478423,0.0029028483180887493,0.003333724670282534,0.0027679475916895374
152240,0.002245377737151666,0.0038522595646067886,0.003010352465890931,0.003916154366550906,0.0031107913842646356,0.0038733697567801123,0.0038336779241011087,0.0031892950282764176
152242,0.0018988630908523124,0.0031581118860801866,0.0026083192721633314,0.003967879311646494,0.0024709735397030475,0.003615621393798174,0.0034532706835069954,0.003579673774523562
152244,0.0021733889851838356,0.003286064005224354,0.002830233951700581,0.0034429180850126806,0.0029143327262129426,0.0033494397269167586,0.0037250606545888992,0.0043621862487166485
152246,0.0026709678084114175,0.004880134914804712,0.0037308971676756203,0.003922790998839298,0.0032915271564176174,0.0048350719643247,0.004569527903871773,0.003381858032748944
152248,0.0026908017871543066,0.0041632295822129906,0.0026740264170983657,0.004600600132214583,0.0031468208408048093,0.004721563663253825,0.004480122050203372,0.0029536544228218192
152250,0.0016933047133310813,0.0033400776507430813,0.0024855876414714567,0.0030960111693126985,0.0031932733192845952,0.0036384108512606123,0.003514186491916149,0.002906787613593545
152252,0.002748248690521718,0.0036317585321881674,0.0029782452066928894,0.0037576377272313805,0.002824544933567333,0.0038061381342799905,0.0031848995712044914,0.003229304686601042
152254,0.0018963185616383132,0.0029075211555127517,0.0028401197248020815,0.002909955040157952,0.002216455450178581,0.002736794568903092,0.003292743373842791,0.0026702782167592615
152256,0.002219307407037699,0.0030306842615266533,0.0028017187131743615,0.00337526111152725,0.0027095478552221497,0.003506595557525083,0.003777002310370259,0.0035371392570743426
152258,0.0019739615712668357,0.002135258947230781,0.0021692599949823532,0.002505707119891065,0.0021857037201834656,0.0024782316231170137,0.002799431841859823,0.002052758273852151
152260,0.0016884123200731072,0.0027015842492768144,0.002712342096273815,0.002707589292897175,0.0024738946917286647,0.0032783487323652244,0.0029469098693962886,0.0027348748862216082
152262,0.0011329922271843262,0.0013940077220593455,0.0014995015526665517,0.0017564556062903969,0.0012504255712331713,0.0015615423790593802,0.001856254429329296,0.0013815574178233092
152264,0.003799014972432957,0.004329625780460589,0.0040932332935944005,0.0055946253132985735,0.0038148213754993776,0.004730800799769563,0.0042280648184709335,0.004229549344486827
152266,0.0024703928492242344,0.0038326446472947695,0.0033675502886368336,0.004536106821490193,0.0028664261649394285,0.004090199336032052,0.003575947207537844,0.002709938799379197
152268,0.0023401683112456717,0.003288967208119553,0.0027920811526771644,0.003745917919917352,0.0033255132048637948,0.003165312197497494,0.003324930618757771,0.0030213879987873865
152270,0.0029634381063626952,0.004606525821234442,0.0031591733819915646,0.004724144276416986,0.00351768100707478,0.003922025736452506,0.004386899333313432,0.004877631715637598
152272,0.0016594524305766356,0.0026267774357657814,0.0026161332603098636,0.003248415241090763,0.0021364472326299566,0.002418802581062876,0.0033565073281958124,0.002348156705708329
152274,0.002934614252628878,0.003242971877487344,0.00306316043912519,0.003578733705145512,0.002904268324975201,0.0033295420064547443,0.004327750297061839,0.003511455264800359
152276,0.001434113560719652,0.002203034759290512,0.0022580254678550293,0.002880506118859927,0.0020399208463568602,0.0027338214124986854,0.0025974452689050964,0.002326272311183042
152278,0.0024491960457202616,0.0036478492521324762,0.003056665939368486,0.0033436150588281865,0.0030204289387614353,0.003948091218521077,0.004302148984899112,0.003437062893753687
152280,0.0016835282275491498,0.002223185821211615,0.002181902700344962,0.00269023523215145,0.0019182438862950235,0.0023426685189083113,0.003071100593285761,0.0023543298243705046
152282,0.0013644918376441023,0.0026709046595208563,0.0016862139854173647,0.002566756363621414,0.0018034513065177254,0.002307628171491896,0.0030506639019228232,0.0023863890959850004
152284,0.0029698332575716635,0.005381830042077207,0.00281992108378927,0.004790546003287377,0.0028574823083765827,0.004535673275555041,0.004323612534225474,0.003921721518730159
152286,0.0021530339271597226,0.0029692936706644663,0.002319305382558534,0.003408726837210288,0.002286421241333658,0.0037741986957939844,0.003680652670798659,0.003351590885161626
152288,0.0014062498323619416,0.0024363606483013417,0.002391915474921069,0.0029121398533017567,0.0021922620358623274,0.002768346254421239,0.003409497695390798,0.002685129655592755
152290,0.0020503382998946634,0.00356638699374745,0.002550762285445707,0.0032927886924358912,0.0025774967830876627,0.002895881791861399,0.0033872631819144156,0.004111723419344182
152292,0.0025645644860006755,0.003436833140144216,0.002681619442793784,0.0036725719244202204,0.0037432484885947664,0.0038800118201762906,0.004285872484723063,0.0029159486530895423
152294,0.0022835905558520886,0.0034969417524879365,0.0031458002854414246,0.0035700253299995183,0.0028679904524525762,0.004629605633127198,0.0038044959626154645,0.003521828964725471
152296,0.0014568108736625618,0.002398484048109717,0.001976757727306655,0.0027027411100171705,0.001978433255703363,0.0023559547435079153,0.0032459786612346747,0.002130902894523834
152298,0.001795206397077878,0.003602246986664351,0.002294317446088781,0.0036477583535266117,0.002532737488097292,0.004202510318274344,0.0036332709294751298,0.0027352536253266863
152300,0.0017720312024075563,0.0028841317282166656,0.0027468470514158683,0.0022435422582938735,0.002238600084605802,0.0026986864074829975,0.0025737344807277296,0.002363094531404819
152302,0.0015433273558263516,0.002608117984209457,0.0025153180189147056,0.0029093063869309876,0.0019293838929779344,0.0028633383394417594,0.0030324995211827854,0.0023825824396093154
152304,0.0024690465617007717,0.003362776979285942,0.0023359280436672236,0.002965898524778021,0.002203849295542862,0.0031913941390251943,0.0035195040569681174,0.0026142304758487583
152306,0.0014948347603769424,0.0020669317447658125,0.0021271429758024235,0.00246465220800908,0.0018378848116796243,0.0024325734889269063,0.002612854684275759,0.0020939184589770093
152308,0.002900870041117054,0.005131619183634806,0.003670005943266441,0.003852695650332416,0.003440277191574248,0.00519994948866348,0.004454391528781798,0.004892454169792337
152310,0.0025604598780620963,0.004605372940070573,0.004318146902338393,0.004748301989500325,0.0036651053544718565,0.004892706404275637,0.005911574733479752,0.0059869901227465605
152312,0.0017711857408292536,0.00260920632540107,0.003197797152779472,0.0038695401002100116,0.002892086124613391,0.0031322774987424667,0.004240988534506052,0.0035293863434347067
152314,0.0017050160815106907,0.003123240459916979,0.002954634412142068,0.002667832059163544,0.002279236835139642,0.0027078548651707224,0.003487028031007325,0.0030404853143467664
152316,0.002191530562445365,0.003871383995688815,0.003299464617257719,0.0037077168973401187,0.002776992959297786,0.003983636866735418,0.003788414736478077,0.0036934481031034583
152318,0.0024149328033256645,0.002590304235619026,0.0026529038795866655,0.0030640821297762827,0.0025941370643021294,0.0029809969164049793,0.003566945864012183,0.002610537378367264
152320,0.0025973074324221607,0.003486108125489773,0.002395647524997324,0.0037361589453012295,0.0024183412684273264,0.0031727435484079636,0.003678552458286133,0.003142840274284478
152322,0.003301486222285002,0.005578328874840333,0.003882165518529282,0.005071323135759587,0.0034833469384057403,0.004547974144299138,0.005205885826582213,0.0046690384310663635
152324,0.0030171213093666133,0.004729665263159488,0.0034726722697122625,0.004053394780403841,0.0032435115954696503,0.005126996034299447,0.004826126899365457,0.004514881429200424
152326,0.0013910055746296918,0.002017133855007916,0.001984429812813604,0.0018864218774688468,0.0018340519689739043,0.002345079499284655,0.002683203482165608,0.001990080786274717
152328,0.0016827466346028275,0.0025914226098378013,0.0025963419201682214,0.002889494317513064,0.001962201966314636,0.0024284184325030905,0.003182385219358,0.002800499457990213
152330,0.0024636195943707057,0.0031490999261377106,0.003022383256153907,0.0037550915024166104,0.0023449283256949394,0.0027242660603919028,0.003810837722173624,0.003475707702481401
152332,0.0024821027710777432,0.0037086900908232107,0.0028617418412824613,0.003507966933136153,0.0029012556899971204,0.0035208094297802806,0.003969347481345642,0.003260230668503797
152334,0.0017676649469170608,0.0035059046764112645,0.0020956456444621296,0.003955121255305727,0.0023918108969574053,0.003982408665067716,0.0033890820504212243,0.003439222341333148
152336,0.002513718971661208,0.0029083632760917993,0.0030906407534007224,0.0034096212496133177,0.0028517520306872157,0.003585184732345148,0.004017933375628724,0.0033759212497536245
152338,0.0028666308026238513,0.0052289366126390124,0.003395516623377351,0.0042933922234311694,0.0032038810042109844,0.0043416775731289214,0.004815614079285491,0.003471909228614012
152340,0.0025766790521617455,0.004341303493104798,0.0038578796994249154,0.00470962318169571,0.0028511918510440992,0.004250667061364233,0.0039047237114209765,0.004570560437431814
152342,0.0025675906401012583,0.002721197111637,0.0027249380853395927,0.003272317722147769,0.0021752938853670245,0.0032893846809661925,0.003654779777734554,0.0029756362016919585
152344,0.0016684840826734076,0.0029510044067132674,0.002611111468776142,0.0031393297579909163,0.002245184976606973,0.003005041376109796,0.003546512460940454,0.002622005236154315
152346,0.003240016105980681,0.006078204126681863,0.0044539499720466225,0.004566469267286488,0.003857758917605994,0.004763754654346863,0.005784312816127513,0.004914297540450585
152348,0.001101602860172926,0.0019021338857505704,0.0017380722021048123,0.0022903507053284727,0.0015008085072577004,0.001985228113936102,0.002843920880146733,0.002096444857814253
152350,0.0019412237920326536,0.0032306169176728045,0.002705029999094999,0.00349667035451362,0.002818879044153358,0.003401285494927811,0.0042686775500545004,0.0038388690168473932
152352,0.0017607051469584883,0.0018775204382431299,0.0020658638682145014,0.002118799296990881,0.0015016370112006516,0.002425449407137459,0.0029703802026771614,0.0020518479586129207
152354,0.0018628614002494381,0.0027074609699400676,0.0019930503146460415,0.0025462841188166885,0.0018926508243427703,0.002613913158457104,0.003326891249863864,0.0023811065092595035
152356,0.003016034035559445,0.0032828577044968915,0.0033376232829951946,0.0036436884271995873,0.002980169968527291,0.0032676567078104984,0.00459581868674791,0.0031153283737717224
152358,0.0020320181962088513,0.00378548403471525,0.0038581268221413723,0.0030622306411949435,0.002670042212820134,0.0033015487251281256,0.003353341043372274,0.0032846248406226963
152360,0.0026572850670115167,0.0040242217641300315,0.0029749327222161615,0.003091941076774296,0.0025272723943743497,0.003999812969866845,0.003484100240758861,0.003300784176202623
152362,0.002552421627126669,0.003995121144019009,0.0033165823934844796,0.004658778563598531,0.003204183387445561,0.004412965023337989,0.005100487412503851,0.004519213883114048
152364,0.0012036602693763498,0.0017397915768546657,0.0016766010969162526,0.002071743825548547,0.0014426531265782222,0.002054266796911952,0.0022918924036941513,0.0016981160671787482
152366,0.0017569811699226362,0.002930343559177706,0.0025992124059044525,0.002512676128871974,0.0018040079045569257,0.002806813904323635,0.003239161185782047,0.0023625762728438776
152368,0.001336390290005554,0.0025980255132629915,0.001670704636660983,0.0023183535473401268,0.001836880722077494,0.00255912394051018,0.0030217463544710554,0.002636448088249088
152370,0.001799593872199426,0.0028707841715142207,0.0022987784163132213,0.0028782464673080543,0.0023057488144307,0.002707387699283151,0.004017414838557942,0.0026351364526695648
152372,0.002640870806600637,0.003486265173938477,0.002724603229216138,0.003598434940242312,0.0033772928120813367,0.0039602846535027325,0.0051154728545590444,0.0024808872622372885
152374,0.0018770113598026855,0.003082820149185095,0.003480400914638318,0.0036977187851679055,0.0031798180825904354,0.003903137209006202,0.0042343962162796345,0.0037256854843897985
152376,0.002446382012327289,0.0040818610385748855,0.0034374167118585014,0.005121265881406822,0.003154856070207726,0.005298071267056947,0.004125107513442083,0.003764171167004504
152378,0.002235431386183928,0.002941404128464775,0.002686235877098611,0.0037033964630319716,0.0028432442712773703,0.0035798061697439737,0.003822437922088376,0.0029727525049821346
152380,0.002703765721389098,0.002552876732521414,0.002241228859897207,0.0037280165526847875,0.002835898538933526,0.003426051668665109,0.004063577888452352,0.00307275486389981
152382,0.0024305678781644247,0.002599942147071488,0.0024495352839255663,0.0036769574747106404,0.0024967720355238004,0.0033546117796137143,0.004742698298445314,0.002736837054272634
152384,0.001861070023010447,0.0024498177545280303,0.0022391764847557033,0.002325062529417568,0.002109280368024505,0.0031388680708866468,0.003131879290907913,0.0026231067736484093
152386,0.0023573548506450465,0.003046294338989952,0.002873007745979317,0.0033327452116249795,0.0026412544671894356,0.00354080653848822,0.0035642978475927123,0.00299756445148619
152388,0.0016450860715028354,0.0028131496876007134,0.0022235364323122675,0.0031226300724919304,0.0019604261118646438,0.0025785673669889153,0.0029546562815263716,0.002126003658179179
152390,0.002833026277271833,0.003516868410494714,0.002816457461506161,0.0035426484305512013,0.0028922640284756995,0.003079045650597814,0.004310374621937285,0.0031906538164555714
152392,0.0022547542451574337,0.003537312517059077,0.002799941969817754,0.003174050114632801,0.002669012079594746,0.003805431217063726,0.0036030094592321427,0.00390838022507195
152394,0.001836786522914649,0.0027468427560528724,0.002766542897003635,0.0026588611355130715,0.002147769522036269,0.002929618032031636,0.0029664394263082677,0.002812890460518247
152396,0.0016489409859765658,0.0025406219039976335,0.0023897460416869715,0.0036300646439346856,0.0024158709353025998,0.0029735028548178027,0.0031732618616392566,0.002922486519596257
152398,0.0024779645797096267,0.003817952618573664,0.003526137310497904,0.0029908106668807832,0.0025908571351252047,0.0036020395007652223,0.0043052439220370164,0.004128534488519131
152400,0.0020607126117817703,0.0031381075717720197,0.003142164074919407,0.0030919746344535565,0.0021266059192482367,0.003523581441764248,0.0031417431055160705,0.003180363864378491
152402,0.00279573381918774,0.004339832857028547,0.0029829392508923386,0.0038317221964013215,0.003029068009861524,0.00395430037169664,0.003953859041412822,0.004327458177833032
152404,0.0019324853188278923,0.002481926086264963,0.0021815212839296216,0.0030681338507344003,0.0021691739365770624,0.0031706791094748277,0.003332389510617928,0.0025874526969765915
152406,0.0015764832442129034,0.0018758588444046098,0.0021278395666399774,0.002135424550493481,0.001874056389103998,0.0025113725062691494,0.002547065803071638,0.0020447569890669204
152408,0.0019496648278174988,0.002877595762583951,0.003042472821107367,0.004037587778350782,0.0031028614755693185,0.003401874732129176,0.003661281372145511,0.004206088155879473
152410,0.0025752742347169427,0.003328765195778974,0.0028298780222148073,0.004262902345609165,0.0031491103787226887,0.004009304895067567,0.0039443937108876725,0.003497351953504882
152412,0.0019787222459344417,0.0028530285545826928,0.0025001602645570303,0.0030934961071633765,0.002608362650924914,0.0031197650469074745,0.0032913177075535316,0.002855786709545352
152414,0.002825775352211013,0.00413346972473333,0.003382144869636408,0.00498725074756573,0.003127903605141036,0.004206219588025528,0.004173957825728047,0.003559177670273153
152416,0.0019163350703849252,0.003920732426095697,0.002437532830701139,0.004097599857119327,0.0030333624215457405,0.003359863398912935,0.003663893910132013,0.003323545248421614
152418,0.002400528946319827,0.0037367988240797345,0.003004901286990949,0.0039006175302704893,0.0024282058532207884,0.004003988936231773,0.004059697554939845,0.003195554841577186
152420,0.0029490858510828333,0.00590058110933539,0.004450254284694977,0.004114861889897847,0.004812810115480348,0.0056164921232613185,0.005163639088667793,0.004467504985118609
152422,0.0024499752223641758,0.003972430206827804,0.0031579088194180205,0.003521438552944192,0.0024499335500556413,0.004086218676068398,0.0035766382718167705,0.003118775518036687
152424,0.002289909653221456,0.003262446188236068,0.00244020964062798,0.0035283488976589755,0.0023437266870474233,0.003781858907111038,0.003049343076817701,0.002706540700447846
152426,0.0018653962619588627,0.0031486074200002268,0.003176609043553713,0.0033145034109181015,0.002557609746744585,0.0031840300926413434,0.0032298563924550022,0.0031054849700798415
152428,0.0013030981228903116,0.0020101953738827505,0.0020415071218651826,0.0020355354640245182,0.0014886228224231801,0.002411275024487347,0.00241950141242514,0.0017314905868383162
152430,0.0031248479044716643,0.004391609376487082,0.003992707528515604,0.004288201386329016,0.0041188210895582444,0.004438982827859095,0.004984224714257801,0.004178820911878489
152432,0.0028612807135872803,0.004307943858064045,0.0030572422442383257,0.004078470623067654,0.0033348776650111156,0.0038974841928990506,0.005480700796971272,0.0035945400392351085
152434,0.0018616704820289542,0.0031007555954202376,0.0022871234856090134,0.003113707165708357,0.0022717299142174796,0.003195395217999289,0.003801112542931376,0.0032117488724060644
152436,0.0022355698288848563,0.0031321036184908113,0.0031037737613746064,0.0030687545726349463,0.002575867501198259,0.002933690050608964,0.0036396365047167145,0.0026262455346699604
152438,0.0024930215220365787,0.003937862252128499,0.0027154033313286363,0.003715212645957422,0.0028623178048871184,0.003211148473066819,0.0036522898122639536,0.0030789427082905108
152440,0.0018198153526506472,0.003432803654856445,0.002593805411151298,0.003469884371335233,0.002563771821481056,0.003319997869305702,0.0032066966301714933,0.0027939176236708857
152442,0.001883560714485713,0.0033228271173361273,0.002661096396592344,0.003354387819148999,0.0029668996169218836,0.003919141741621834,0.003575872357387766,0.00349888854855257
152444,0.0020970422353947527,0.003672516839404949,0.003189571475508149,0.0038704749717090176,0.002681521444517068,0.0034479264117575625,0.005026707610356063,0.002917652760265954
152446,0.001195191351048966,0.0018072159486161171,0.0019494230346809444,0.002159441982006474,0.0015682175169162843,0.002277578148480508,0.0020732107951495493,0.0023140291599169777
152448,0.002817999355006498,0.0033950829181395026,0.003556217073663173,0.0031707785396062477,0.002825049820292469,0.003998596410882682,0.00343546002014318,0.0023055134120110315
152450,0.0017430471684226762,0.0033515041872041046,0.0031830199143784293,0.0028760640191627523,0.0027626172093966894,0.0038270715073218803,0.0037378651067904306,0.0033468681278170515
152452,0.0019445213254257881,0.0028075209050472255,0.002340547853072264,0.002629466403036851,0.0021596109440697037,0.002849203816780721,0.00354524669362212,0.002465459365418879
152454,0.002257061514944883,0.0038863627687973357,0.0030705411492429335,0.0034226225928446624,0.0027314662461331296,0.003733850372125272,0.003859665269603463,0.0027079374472328693
152456,0.0017403043847133426,0.0028709167073999314,0.0028315560015506613,0.002951447207780303,0.0027709090433667427,0.003597146087477354,0.003832901108365372,0.0030030718514190285
152458,0.0029207024828004635,0.004632796904063208,0.0032499084640313924,0.004353536692160154,0.004232833281641923,0.0044337860480175295,0.004912556343241781,0.003644818709425471
152460,0.002031041978289974,0.002901816351201847,0.002372676053888023,0.0032925988694682135,0.002466020976338315,0.0036693208100837538,0.0037871404387837537,0.0032671192432599666
152462,0.002309536222532396,0.004433215540524893,0.003266784095590225,0.004163146896288217,0.0035322958996365644,0.004387982093728704,0.004491729204860795,0.0037279428570267115
152464,0.0021919693620842673,0.002332191009481177,0.002638652095146077,0.002740405832482709,0.0021010319361858265,0.003006210410281762,0.003168091957095831,0.0022329507127172854
152466,0.0025190759115601424,0.003595570193335243,0.0032726092523967104,0.0040368293872603545,0.0026478802575431587,0.0038293197331304984,0.003911586437027381,0.0026904350267999005
152468,0.0024542826562060777,0.003687735076396914,0.002822570566874072,0.003920252854389128,0.0031148680391821504,0.0039710178075778035,0.004499911128169609,0.003456610819526418
152470,0.0020164589742526773,0.0035004126976332373,0.0032262298853572013,0.0034978397318879417,0.0026921302949224485,0.0032895466350879587,0.004340965754906501,0.002756603834957405
152472,0.0022829689516834506,0.003819566840319047,0.003591291062448543,0.0033444556461116465,0.003141001466136828,0.0041706717909484325,0.004075961556971264,0.0034383939559581855
152474,0.002373813577385475,0.003360912919863082,0.0035593603592509737,0.003921148576285782,0.0033707431711328534,0.004254072896708261,0.004193459966760571,0.003301772199036504
152476,0.002361457737961814,0.00327645960693701,0.002998243675793613,0.003892878822347026,0.00300516268040453,0.00411569831655495,0.004385317381278009,0.003248885764649323
152478,0.0016763170851859105,0.0018681228384720416,0.0020378868198062255,0.002395919942197247,0.0018215565594994487,0.0021961530682217956,0.0025599287031288775,0.002259078510900514
152480,0.0015833787560676355,0.002758378124337338,0.0019456917831335435,0.0024833003847271606,0.002470111046362647,0.003031934988996454,0.002762639139433587,0.002740630884177586
152482,0.0024730198322373553,0.0041483516660126285,0.0035815654308514328,0.00367172402216398,0.0038587853919223175,0.004448553610828299,0.005071336930845272,0.0036772231306871905
152484,0.0020399269035246276,0.0032987756238656574,0.0032914480780022043,0.00297727635107764,0.002573070785800491,0.003471180510448202,0.0030406196570620936,0.0032429167201600273
152486,0.001991578407370534,0.0028521920967495284,0.0021036753898907024,0.0035095601480641947,0.0022959715056876245,0.003002072839142722,0.0031481157884540867,0.002832235183442014
152488,0.001977957395767352,0.0037834457751753647,0.0027803756644798755,0.0035318685996941213,0.002879184282982339,0.0034860636950580087,0.00441661647938929,0.002982280885682212
152490,0.001477188301496568,0.001967009578848433,0.0023044563958141695,0.0026237539918705366,0.0020707272574255337,0.003164505331437764,0.002949523247902666,0.002917847144609867
152492,0.003097884037149612,0.005072712288944681,0.004125144838744765,0.005780871487232275,0.004373230750427892,0.004314573583164505,0.004790851292353404,0.004172103857914777
152494,0.0020718886338993436,0.0031676554163615617,0.0027315881274725534,0.0030385641685586884,0.002984731609293037,0.0034855617828171703,0.003331079129125905,0.0030740481149238996
152496,0.001521838771017539,0.0033037790938120204,0.0024636158962866445,0.003256786981338744,0.0025063590858884766,0.0030635950804394074,0.003371460837261253,0.003248166403959696
152498,0.0018536645194581342,0.0037443439573308646,0.0029066803619335335,0.0036166957864489646,0.002532452901277807,0.0027555641750007798,0.003449855579297348,0.0026522768655503626
152500,0.0016694675322350694,0.0031790249128099135,0.0021531276163680446,0.0025009925903453217,0.002296641294467508,0.0025920715974942082,0.0030114816459116955,0.0026633233687210073
152502,0.0026643520190786085,0.00366000024348391,0.002916592010740404,0.003976690524044868,0.002864241823744687,0.0031286491143513034,0.004083043541616371,0.0038666527696521596
152504,0.002421237017469338,0.003096594073449546,0.0030758106125292617,0.003474614495281317,0.003189340050068226,0.003704992181466485,0.003636683960644982,0.002965823459820785
152506,0.0022917479477525676,0.0038257123816532457,0.002648070805146008,0.004067102753269047,0.0029170640124154407,0.004397378201478119,0.004218986977298167,0.003652442905569764
152508,0.0022872328758281046,0.0034875612886137303,0.002638595070170849,0.004237562721541244,0.0034984720878222936,0.004661338911724544,0.003923219391714972,0.0038685877319905165
152510,0.0018251013104846892,0.0030652922911933583,0.002678040966866982,0.002583640717143801,0.002208138846716126,0.0028474534252751482,0.00351193519498999,0.002405658342256603
152512,0.00189059669288838,0.0027716283743495773,0.0024954144841294323,0.003122829503568403,0.0025549205013631338,0.0033462724682303963,0.003249710112327567,0.0029887594595049555
152514,0.0021374546588755067,0.002665058153477562,0.0026031248024971504,0.0028474880143545406,0.0025545424102607073,0.0030297360301552306,0.00349812880179462,0.002409058795566757
152516,0.00229422965552796,0.0026199626435086665,0.0025518822536705343,0.0038324652218990757,0.0024875307237809535,0.003348206615676974,0.004056087642221373,0.002730737351244683
152518,0.002390624625519658,0.0031755316067096917,0.002748061602383167,0.0043169406193768745,0.002641216942269653,0.0035241758705850806,0.004036136388031686,0.0032965170005368055
152520,0.0018841198372157586,0.0022176106787705763,0.002357953576715366,0.0029298458838553643,0.0024672887206315247,0.00313049180738606,0.0032792327007150762,0.0030957379777953875
152522,0.0016664742547523176,0.002708755581692493,0.002327098894817914,0.002446844148857999,0.001912457404161183,0.0023938638851497274,0.002513662565961694,0.0024708972461163214
152524,0.0018620983842416866,0.0032927502143651616,0.002622911402704098,0.003014125539953519,0.002522686920833697,0.003021823352522768,0.0036843610287663614,0.0025009545849861287
152526,0.0015414561222949624,0.0021645116393773783,0.0025101573164226926,0.002606887594980789,0.0019274355225756268,0.0023684386941759256,0.002604723134402978,0.002634409819313302
152528,0.0024096545424079907,0.0032877841562532067,0.0033725446189387803,0.003224575838656221,0.0037859030299070145,0.0031537655925537728,0.003461988117718487,0.0023532410734917186
152530,0.00271069012738602,0.0028870505912487326,0.0028534846389108304,0.00393601006964972,0.0025966896813278684,0.003141974050516319,0.0034374787411060176,0.003248542211149022
152532,0.003861139208410913,0.00562728726268702,0.004490190368877656,0.005958097775639937,0.0039089913631329964,0.004579017495643711,0.005065552069681234,0.0045808266332161285
152534,0.002221648096339346,0.0034107925156071778,0.00288187305457438,0.004092615544694367,0.00278406823661094,0.0037657680365460605,0.0038997930171582595,0.003300593694867404
152536,0.004115451681344029,0.006067513882130948,0.005283836480927617,0.0054918306982989495,0.004897629404755577,0.005338392648802925,0.006725302974874836,0.004815337989088286
152538,0.001963421310509972,0.0030742910170702964,0.0034325701150078047,0.0032754105649603904,0.003065233303690462,0.003361036454507929,0.0036089971121322645,0.003409437659288042
152540,0.0021826290845584767,0.0033938644371701715,0.0028286447292952405,0.0030860282420917123,0.0026622072674662434,0.003208008480194202,0.0035337843450489737,0.0028566643122497487
152542,0.0023804466883592945,0.003700434933764943,0.0025760346415035773,0.003708078483925084,0.0026893631013959057,0.003173647161575213,0.0039054002143723704,0.003356263880792909
152544,0.002914923209671516,0.004406074146623418,0.004166449202707201,0.0037427757952462337,0.003444113857335021,0.003838965959254828,0.004673067305916101,0.0036517197930532874
152546,0.0023742118113182636,0.0032836419485562374,0.0029021121549236556,0.0028454356951022053,0.003132217036237117,0.002805242321124446,0.0036687210325532377,0.0027764806078296594
152548,0.0024661282742383245,0.0031887812974351754,0.002815466664736699,0.003298176557657906,0.0027532895762555493,0.003875144065913619,0.0036328469953917364,0.0031256967686943554
152550,0.0018840283152078557,0.002904500007330904,0.002483062026936489,0.0031802529395764806,0.0022403947486984155,0.003098068161877743,0.002931890494160108,0.002679336239628294
152552,0.0022492491731192082,0.003763916558650063,0.0027389652525412617,0.003778346345060815,0.0028616489750682567,0.003695022655389804,0.0038281303085483387,0.003916198194291953
152554,0.0021189464265245622,0.0035318012967744394,0.003011509039947416,0.004103107389600069,0.0025443704577413767,0.004461274287274941,0.003829492168925308,0.003977521246507687
152556,0.002241585829326223,0.003269356272442861,0.003208046037908044,0.0038143128941521415,0.0033858263001686068,0.0034715711992314713,0.0037719529844250227,0.0029229553726759505
152558,0.0017010048652663645,0.0024634309956224204,0.0026746845105180134,0.0029749457262815415,0.0022331647767353524,0.002770318822413312,0.0035641959862279388,0.0023869110516816644
152560,0.002438196101108861,0.003882953345809348,0.002599119723571422,0.0032853136358629437,0.002909932934923712,0.0031080032386326395,0.004364325122550083,0.002978972256828652
152562,0.0032162084450521183,0.0038199614695156314,0.00318954033777831,0.0035972332252383193,0.002786469171909403,0.004140083708819908,0.0043732721381598005,0.0027830485651698794
152564,0.002264253102586322,0.0024245538074980783,0.002217037061208585,0.003233204474577589,0.0022167806237810006,0.002391648386610004,0.0027879237626263903,0.002099361589771087
152566,0.0021812596014414987,0.0033583412369966315,0.0027038153105325563,0.004455805851027117,0.0028682282647070206,0.0036931325084638283,0.004618084846372605,0.004047243838048387
152568,0.0027076121664928454,0.003366005637642347,0.0027180953213257752,0.003636267465256929,0.0027245865063951907,0.0028351725019363366,0.0035633495701434814,0.0026173341919397686
152570,0.001843767304171573,0.002722072444885218,0.0021393654599016904,0.0028629476445691943,0.0024116408971528447,0.0025235686496300064,0.003136685744098991,0.0027369270931641015
152572,0.0024277352012874176,0.003222596956252835,0.0028046480600579238,0.003896475372757502,0.0023105732728007228,0.003245448075936755,0.00391664208055259,0.0025519695733500214
152574,0.002669413561546055,0.0042457603940171396,0.003335330743237677,0.00413608171730534,0.0030228707053465836,0.003669288766553272,0.00441437671421796,0.0035352934819269516
152576,0.0025150934491178223,0.0036688189612767985,0.0028469461429134757,0.003144610264516956,0.0026340316271813435,0.003262382354402016,0.0036455056000362362,0.003245563952064323
152578,0.0022546350211039012,0.0042778320554682225,0.0030383013264728143,0.0034969250101002936,0.00297560124927522,0.003787530638157968,0.0042167766152714226,0.003537451659863189
152580,0.002010105515897212,0.0039019359086373134,0.0030516030549430084,0.004007032258984078,0.0028364484845505716,0.0033086449279571273,0.004056693137364287,0.003031338923027996
152582,0.0033411731727668453,0.006670690085366582,0.00447205480473839,0.0043232558894029105,0.0035575994505321895,0.005169434675227402,0.005996866066228235,0.004392409278441756
152584,0.001862861078675851,0.0030527403561003835,0.0023977353581736693,0.003586811448597127,0.002739900767434522,0.003517785294889164,0.0034299135583977375,0.0027641995282837173
152586,0.0025747237566453723,0.0033117484552678267,0.0031387278182371525,0.004154694193687691,0.002801180820156901,0.0038525809615566065,0.004098627229316476,0.003943691848153075
152588,0.0030276829944000383,0.003764690009602348,0.002982957155534663,0.0037505199631494707,0.002711146327770822,0.0035870885536076896,0.004528022393974818,0.0031480296732736
152590,0.002370642330586939,0.0035027590723629154,0.0028150650186589687,0.0030914128780385047,0.0026384511709594133,0.003434745617115889,0.003694586529225996,0.0035173451754655916
152592,0.0022784806779601596,0.003388988362865511,0.002481887854874701,0.0031390029000483294,0.0026517987883681315,0.003665346675006731,0.003968579568434161,0.002810096229613826
152594,0.0020413785274551177,0.002746560440922474,0.0025225376110507014,0.00282954312014283,0.0021013714131972727,0.0030167002079296013,0.0034999679362086727,0.003150150706748414
152596,0.0019594840674541647,0.0024362661356782667,0.0021095134004625593,0.0029022891627319414,0.00202557452968323,0.002512408356381002,0.0033650408969330275,0.003007622785812361
152598,0.002910913282277383,0.0038437832294269253,0.0032549997206388626,0.004555914421598362,0.0036208093441861267,0.005587173581871108,0.003930118896056323,0.0035549038201293653
152600,0.0016695585562973708,0.0026261439717406715,0.0024875236634080977,0.002740233052096974,0.0019651176009105736,0.003085056493398311,0.002988539918125588,0.0025502001360112048
152602,0.00404971749927463,0.0031078599390460676,0.0043941535147418165,0.003978497738232001,0.003606291471531034,0.005828243400708699,0.005242467198372014,0.004152132980596912
152604,0.0027394503432838363,0.005369810869049196,0.003152246937443773,0.003928392751234577,0.003611165578748868,0.004553295717362238,0.003955649814494144,0.003887316857771106
152606,0.0022788107254961276,0.003944161621365849,0.002803840818189407,0.003201461187318247,0.003043749819315114,0.0038311992160657837,0.003794758689324565,0.0031356693369295613
152608,0.0013887798272942953,0.0020297611950790273,0.00243478028523271,0.002207383026019194,0.0017931859813778012,0.0025552191528566276,0.002614920793398215,0.0019960247198281267
152610,0.0015531127706725073,0.0027242520607534543,0.0028685766215952313,0.002668024862672161,0.0018259035090122944,0.002652654830256354,0.002694509827096528,0.00276697281172833
152612,0.0023064465061600897,0.0036936649973374897,0.002737118089654947,0.0034841094761441926,0.002528495091278074,0.0034870856666216477,0.003860977172477631,0.0031338872668740386
152614,0.0023018086601424154,0.00309562605151964,0.0028107202976083295,0.003732787848673716,0.0028136990039656085,0.00355035506851209,0.004167441881449074,0.0032893752800578074
152616,0.002490559432433828,0.003853616459587164,0.0031879053997408008,0.003929055889728694,0.00271478799585724,0.004706991332205368,0.004142325669358238,0.00361969848008159
152618,0.0020556988531233444,0.0037536320134706203,0.0028811463546971755,0.003978487399385833,0.0025970522737093354,0.0035917777571639053,0.003423570703348311,0.00327049850881167
152620,0.0025144721044093737,0.003738739745232103,0.0025501907297538345,0.0032229886235357746,0.002946569325509976,0.003809488840134101,0.004176110716175296,0.004283529586764312
152622,0.0030235265708516423,0.0035027696553147636,0.0032590081362493667,0.004461862522965598,0.0032350183724434572,0.004227594902070975,0.004361617414261332,0.004021323108555075
152624,0.0014747770135992155,0.002449123038830728,0.0018590453132095869,0.0026612781945409975,0.002048701046399884,0.002871503574739656,0.0025979810812665344,0.002331913245106121
152626,0.0033543791888375335,0.0037540172873398725,0.003673408635317413,0.0037481814126899687,0.003514896298992612,0.0037900561862933557,0.005345627618126514,0.003544224218004821
152628,0.0018116329706390766,0.003056770156311242,0.002423625361618831,0.003357556756607441,0.002107060190805768,0.002997629311024888,0.0028673839960363795,0.0026473795755950352
152630,0.002679331611719571,0.003887292237645182,0.004148661670893228,0.0042880745341769,0.0030562746267875363,0.0042099856044513495,0.004180233181610982,0.003826715226216193
152632,0.004187296180848898,0.006232301805990714,0.0035220040601636193,0.005166168567925178,0.003854661348277111,0.0049799313437804416,0.006250697335243027,0.0054134984312961265
152634,0.002136365271300511,0.00400918601145861,0.002549196021907632,0.004050135697589108,0.003116452531502001,0.003635904904549181,0.003981010476106273,0.0033247686551388794
152636,0.002140260860104673,0.0037964832271613624,0.0035744196176913517,0.003846378288614949,0.0031545518389499705,0.0034431384237958995,0.004487138442073546,0.0038204951953359073
152638,0.0020602269569863912,0.003458541100236412,0.002525588673507176,0.00248523551586112,0.0023584239284507036,0.002651267045274075,0.0037999330188682873,0.0032628104785997203
152640,0.0018387450849455395,0.002588143639601137,0.0023543280168064756,0.002749935114582991,0.00205570493367091,0.002750498152379058,0.0034302748629869845,0.0027173522889365614
152642,0.00176660726233685,0.002373281803847563,0.00238008500716326,0.0034474110666318225,0.0020156089257623716,0.002703050216169345,0.004070339182939142,0.002374338149571789
152644,0.0020723607374795727,0.0030204772566749943,0.002782372949013734,0.003571088920031551,0.0028828274622691996,0.0028430114696942482,0.003619015369849876,0.0030416020513246572
152646,0.0027331132369324967,0.0057737756358138825,0.0030601942378828545,0.005310536576088376,0.003767484603118057,0.004448968064219072,0.004933592482707694,0.0040641069957341736
152648,0.002185137727248654,0.002596737139623842,0.0027799513879159937,0.002840296420187141,0.0025692018190038995,0.0031757348193162116,0.003246399764592192,0.0029558750201239548
152650,0.0029482127729352214,0.0040084378399934395,0.0029790779873924006,0.00405592820901074,0.0027434219807107585,0.0035615120858034643,0.004564687129535783,0.00409413140060183
152652,0.001440460504895713,0.001946353730622477,0.0017980514861375974,0.0021548513774120176,0.0015632793497633163,0.0020825960543824906,0.0021558745490464354,0.002256837105941281
152654,0.002172774578425296,0.0032619763858337536,0.0027710867102220954,0.003026573734467297,0.002531364194982691,0.003322112928756449,0.0038367342860646247,0.003289462879952021
152656,0.0018698525258278864,0.002519156310934592,0.0029939676817841154,0.00276435034221624,0.0019136044843342526,0.003044555530518425,0.0030185247837322127,0.00271199404689787
152658,0.002703329124106091,0.0036586476834812864,0.002637201785603338,0.003697410709837104,0.0024620122988663895,0.003290837282682313,0.00418406755023476,0.0034582190572714083
152660,0.002375867544635382,0.0032912745362691093,0.0028486112796599627,0.004531834488347153,0.002669753093335739,0.0033156011663454527,0.004938102483953488,0.0027200895426671284
152662,0.0017957064692975117,0.0030003842454308233,0.002380692065618431,0.002844209744738549,0.00224104156813848,0.002646054875341544,0.0035240029326245037,0.0026719374686345887
152664,0.003654212716959704,0.005295206079241277,0.0036956272965404935,0.004447504146142478,0.004041945409502867,0.004662995323960806,0.005034719987442371,0.00415090307237348
152666,0.0020413866065658315,0.003466917725533314,0.002920494716189881,0.0039976947123756545,0.0028067057501444115,0.003460704215337229,0.0040108845159956275,0.0036337047689836144
152668,0.0019679524387367225,0.0032650158056253403,0.002417645901716059,0.0031191262876473363,0.0028722905501723517,0.004895639889235248,0.0036287472489853756,0.0028620682799751634
152670,0.0024664927345343646,0.004202126827336505,0.0029977549528821396,0.0040114498203305815,0.0030365459150722,0.003975270790947727,0.0042525753272002476,0.0031330356229908457
152672,0.002349714845728601,0.004013156356126812,0.002107729541780623,0.00396928645865402,0.0027425572677783894,0.0033692816871582765,0.0048321887957678555,0.003384431767188778
152674,0.0020798965644177603,0.0032749402563697766,0.003363993756535566,0.0038203524349929158,0.0025604161454679947,0.003666240757883854,0.0036331016223248996,0.004090943661947455
152676,0.0020052751845744954,0.0033233412260181283,0.0031269977789132875,0.003127579842616704,0.002918521301970012,0.003495235997324153,0.003865764683951056,0.0030999818900215304
152678,0.0035198625351800517,0.004171072129000919,0.0036327203588639723,0.003963452040901816,0.003923782217904126,0.0035823230359790514,0.005192042860585611,0.0038023487592880323
152680,0.0017517153507086297,0.002025437719929704,0.0020463020027231688,0.002488589893183138,0.0016388794525735856,0.0019743515367803277,0.002443093406946595,0.002054159412811174
152682,0.0019739536266991653,0.0035138905760990213,0.0023970276398819212,0.0033959351599983784,0.0023298111197483373,0.0028685283371898823,0.003463878679763402,0.003715446073391304
152684,0.002036721900203889,0.003435379231234492,0.0026762406763258945,0.0028595182490121496,0.0029790588744207924,0.003284785823496131,0.0038651620297426442,0.0029750436640619965
152686,0.0019100437940269277,0.0028260628977285762,0.0021496448557221104,0.0030437592734711694,0.002440219209868269,0.0028676872162286676,0.0034332790530356427,0.002347172978531875
152688,0.0021173875933455794,0.002301680692043742,0.0019847736766914204,0.0030879407326992597,0.002430537390740853,0.002620257063413123,0.003019178949468293,0.002282016416730537
152690,0.0016251453163802637,0.00229043592562711,0.0019426283744828354,0.0031554189576334934,0.0017276520961873182,0.0024161163004144393,0.00250297634920571,0.002513013385657681
152692,0.0017636347885830461,0.002892944441018841,0.002568540974402636,0.003151018056834612,0.002285339048605728,0.003053413863392654,0.0033951380523035285,0.0021135231620839634
152694,0.0026652204699237902,0.005411351941880804,0.0033250380238634136,0.004971986865776545,0.003923363127898372,0.004611506104428786,0.005813073172786842,0.004588598691213142
152696,0.002111198049938645,0.0036608959280882147,0.002781600355334979,0.003902508842085206,0.002298748052510291,0.0030608970090393317,0.003878496698807299,0.0028376600607709634
152698,0.0018158036087934648,0.0026464542436928223,0.0027141296447156377,0.0033545004457314342,0.002418773633225735,0.0030035246665130466,0.003518251957602969,0.0029305512724809996
152700,0.0015386921699783174,0.003191434966588594,0.0025492016645591864,0.0025220339570100614,0.0026351284209111814,0.0026775725246688253,0.002676228342376033,0.0024986934134305777
152702,0.002596900019793902,0.0036798521963348763,0.0030565320664560774,0.003973738590521914,0.002734382019147441,0.003956489583978318,0.003878788098863384,0.003204665037066637
152704,0.0018557835480359636,0.0036655086123056485,0.0030955203452282115,0.003193609306287648,0.0026334657280893126,0.004092912020215778,0.0042466867329447044,0.003480721351358851
152706,0.002176607963951374,0.0036537461296518026,0.0030384323354039205,0.003800055188486043,0.0025366153101282762,0.0037482612380304037,0.0035511573166089466,0.0032038008771540505
152708,0.002009782845412547,0.0030730324087375888,0.0025628204840377894,0.002898209321255729,0.002326433663150121,0.0029946701463473696,0.0028268166849550053,0.0022759819128959635
152710,0.002339077795391553,0.00333050207533582,0.0029191126121319716,0.004180939405953821,0.002930559339165542,0.004041996567138995,0.004398298204845441,0.0034202953750078896
152712,0.0032619151097535437,0.005732616500158605,0.004385588750156766,0.005848619639139463,0.004153110508306135,0.005830174064968219,0.005858973930672973,0.0054072684292947315
152714,0.002082230218891701,0.0029739136169979474,0.002746499137894501,0.0035603952407834427,0.003198184360698131,0.0033428801162421196,0.004336746117241719,0.004002688779965402
152716,0.0014806116779662037,0.0016622258456511774,0.001996452146231731,0.002354152324894457,0.002030863685181572,0.0022607867754127625,0.002449290071347754,0.0022229044389132785
152718,0.0024947401264424074,0.003838417558331156,0.0031753880182510685,0.003841570013223952,0.0030041433103814713,0.003240477114226384,0.0037864976394672567,0.0034426833270432416
152720,0.0015445522454787253,0.0032855613294224956,0.002336521521684176,0.0028695962756179055,0.0020995288676340373,0.0030703066520643696,0.0030060788723753618,0.0031338071857323208
152722,0.002294898476367227,0.0034126485921173733,0.002743831752389847,0.003968149644746399,0.003134343582070556,0.0032563405453380767,0.003957036044353546,0.0032176786106688504
152724,0.002016550312437651,0.0033375557048559573,0.0026381886415510897,0.003460294416132173,0.002351214253293446,0.003912770113869479,0.0028678659640629794,0.002413710429353247
152726,0.0023551830720496825,0.0037225086736137336,0.003154009113425907,0.003779835823879432,0.002686361765256287,0.0035018794203889453,0.0040793014396217075,0.0032279851025503042
152728,0.002007052874547624,0.002920251928526532,0.0024559287807193186,0.002345451140038382,0.002208697305916607,0.002862613581728915,0.0032801394039952414,0.0025461547896510894
152730,0.0020208532439508625,0.002874313383941521,0.002021972408892181,0.0026726480740372344,0.001999402102548453,0.002578884045175714,0.0026717406726806253,0.002742583410079172
152732,0.002624025725200596,0.0025208569647097168,0.0023598406941311018,0.0027335109414003966,0.002298104744247867,0.002795450578319328,0.0033293373701683837,0.0023093708030319654
152734,0.0021400040768391193,0.0030650431450453125,0.0020427633184511157,0.0032825051026914714,0.0021487702889011473,0.0027094466332065054,0.002826552075572711,0.0027225365996315226
152736,0.0018604140647500295,0.002784481425736951,0.0024985094355728515,0.0027802004500488003,0.0021702772097177553,0.0027434094929115194,0.0028367234773534755,0.002759684851327826
152738,0.002052158799960291,0.003051920802882302,0.0028776089518141174,0.00289663761506688,0.002262800118585942,0.003128002362296281,0.003314082631415985,0.002920622354879457
152740,0.00217658780317688,0.0037116739853973457,0.0034293895260178453,0.003994736875498006,0.002667600011484597,0.003685117669022242,0.003843042802563146,0.002599019446187026
152742,0.002103905036800191,0.003657814007290705,0.0029923041928035105,0.003942872151547816,0.0028489934391640187,0.0032298936544109674,0.0035605335030997193,0.00405847192203318
152744,0.0014429282059624932,0.002791101738421911,0.0021825173520471086,0.002321093337144531,0.0019251589276338965,0.0023848828787012,0.0029081422879945334,0.0027832741818495516
152746,0.0017854163331177397,0.003331294569621557,0.002757905837658614,0.003213538581102196,0.0021332484645633087,0.002684567944466601,0.0037202161375682885,0.0028617725313068304
152748,0.0020250122308915763,0.0022533934386795296,0.0022526780039190536,0.0028881816321107423,0.0018337488580444927,0.0024381276730326557,0.002643756218972726,0.0024033453457583676
152750,0.002872330480770069,0.0037486813614019537,0.0033120936196580214,0.004072759028966866,0.002554393290388257,0.004261329294785732,0.004719169034550552,0.00306030263661633
152752,0.0023693935016579903,0.004444895927980197,0.0029000839746579216,0.003767969830417661,0.0027470165256906487,0.004292625796654959,0.004257084382576493,0.003940655841688789
152754,0.0018363264186694317,0.0031510080193137974,0.002504799432069549,0.0028238369801870805,0.002186273270121719,0.003285479333279287,0.0032869857485856024,0.002466501615121297
152756,0.001633625787629836,0.002273529635941754,0.0020522725447515017,0.002336188761376201,0.0017260467596083018,0.0023367109607557723,0.0027444203161058334,0.002931953832399581
152758,0.0015207490183544309,0.0019715584069484593,0.0021209010930324373,0.002526299018449585,0.0021980588341614787,0.0025569767672157934,0.002405502670558071,0.0024049509170790545
152760,0.002276986516180024,0.0031088228095922515,0.002653735919577793,0.0035409923022236,0.0026972022773792542,0.003550060741217345,0.003605372071163737,0.0031364015841293114
152762,0.0012904520566139888,0.0022730692485295606,0.0018630958347798515,0.002552026030834542,0.001935156903522861,0.002329606497334172,0.0028338615067069473,0.002521724904465339
152764,0.002230384504139496,0.0030717616699687533,0.0031358153623102375,0.003436177554672293,0.002210727260620937,0.0030187184061304523,0.0036876590652968333,0.0029091175114182577
152766,0.0020996964935649093,0.002675776245642192,0.002375289061680219,0.0033647565149959174,0.0027857219635503278,0.0036691574346719436,0.002975178991531602,0.0028568419197617795
152768,0.001703278927263574,0.004050302603624767,0.0026377918106673115,0.00331768220969976,0.0026895825698142334,0.0036010576011526046,0.0036302617126615644,0.0032188270018058823
152770,0.0020227447161637185,0.0033668213663498037,0.002851551505514749,0.003142645217341311,0.0025100386131827884,0.00314252618128176,0.0035431304876270553,0.0033988604261481342
152772,0.00204706579525428,0.0031951399970266,0.003196634827177469,0.003826996378102132,0.002823439884114265,0.0036073555273509333,0.004263043418770929,0.0034110940664878187
152774,0.0016746619983437072,0.0032627355761163934,0.002371723487940028,0.002542164119174864,0.001777594445073763,0.002640227605867962,0.002878682576567662,0.0033211454824233627
152776,0.0022526925024577427,0.0035086452189310308,0.0025101379056380463,0.003750374866034481,0.0025670964753571474,0.003982301465026206,0.0031401901895520418,0.003664566809815653
152778,0.0020805751810055867,0.00298064423940958,0.0026920425422254923,0.0033857807793258865,0.002839293895663675,0.003613171676703289,0.0035746044792440146,0.0027330493576189913
152780,0.0024430797811697685,0.003937445215949575,0.003549572442302154,0.004244083725118364,0.0033157603323741847,0.003910261304273854,0.004162259516491185,0.002953359243021092
152782,0.001542814006951554,0.002849552607370867,0.002143132366475356,0.002788688577995427,0.0022313568218482183,0.002412456893157222,0.0027405579461343837,0.002476621050482075
152784,0.002404795999005352,0.004090260328182049,0.002854685914972288,0.004308458320701425,0.002638926129796604,0.0045606801007958,0.0032171816156916777,0.003028034753401132
152786,0.002104136063301676,0.0037016388045964105,0.0035613449035878375,0.003955440823217915,0.002681029936869042,0.0031632644255111253,0.0034250918776186495,0.0028196397853231248
152788,0.0017923282327183543,0.003297507379456166,0.003105049443070121,0.0038086238968881997,0.0026985718420951543,0.003557801208480038,0.0036153691721197007,0.0027537462193677614
152790,0.0015666718443385769,0.002451734264403163,0.0022622788028068275,0.003184656962973778,0.0021569412166224655,0.0035660630826193085,0.003519659203743919,0.002796398841617753
152792,0.0018646571782333782,0.003053013290506501,0.002476288839991847,0.0034772619425887386,0.002682149590498853,0.0031134169811464774,0.002978619699624263,0.0029040723859319884
152794,0.0019134672728324947,0.0025135351885314933,0.0027337353202518955,0.003135738594257656,0.0023445913596218393,0.0028379549578001623,0.0033700826743459644,0.002443527242082466
152796,0.0023159348351475956,0.002831304253123071,0.002620946268977478,0.0038665022002115634,0.0025861517921301758,0.0039713314436973235,0.0036689967706871607,0.002974961575024651
152798,0.0018735326233228072,0.0025333393350152195,0.0024920770813361415,0.002381418456421938,0.0019114191370201011,0.0028224280686208747,0.002628286372882163,0.002169945400066778
152800,0.0023006567179476023,0.003480476077483141,0.0020681865897046597,0.0029799226792964206,0.0023628808469849383,0.0032861575404786875,0.0034294462469910414,0.002921671755307456
152802,0.0018791834136158148,0.0023947822381662626,0.0022738646539233187,0.003117888071634947,0.002688537470332486,0.0032128721329678506,0.0032823783243465243,0.0028789807967844055
152804,0.001897145671023781,0.0028887634537272527,0.002952625608977577,0.003116071967057668,0.002363458903731408,0.003102874341270337,0.0030604073277098465,0.0028588007471697235
152806,0.0018029299099815571,0.0027838795400725452,0.002816326188709306,0.003177134391774264,0.0020484923048048054,0.0032669885038139057,0.003238529821614336,0.002851690360488615
152808,0.0020679124833480333,0.0033085506446548507,0.0031046612726708944,0.003388463996705726,0.0031726243633359297,0.0038117157965179005,0.004552890508976226,0.003350890432242404
152810,0.0027086617419880415,0.005300919871171539,0.003449841575683968,0.004733023074328602,0.00309012674750081,0.00409980547942812,0.00467552764756235,0.004264397839890188
152812,0.002088441875476313,0.0029950774749141207,0.00230625865569678,0.003653288578753744,0.0025742595255508066,0.0033218265018678667,0.0028758142953360655,0.0024549482014322166
152814,0.0021337054813699297,0.0026379789335657794,0.0025475350968408167,0.003412212923659688,0.0022859973104374376,0.0029744101448608284,0.003119462512382723,0.0021541649024583998
152816,0.002503161609741081,0.003595269530334344,0.0031413075488068293,0.003050713284107831,0.0026462468903363234,0.003151252270192209,0.0035896119956209255,0.002759052386566374
152818,0.0018992932977984212,0.003222681547603426,0.002728905809295537,0.0030786653100776246,0.002561549166337551,0.002633264619136322,0.0037117207388427526,0.002892272843674215
152820,0.0025617505347086955,0.003540376064171069,0.0027465791833860553,0.00364561266543717,0.0028524865541213473,0.002968528020495534,0.0037225091281912898,0.002815238165718492
152822,0.004023741575556239,0.004647287541352851,0.00357437150992658,0.004698415834292702,0.004076418212324795,0.004708264221170433,0.004947860258517844,0.003684888814461884
152824,0.0019508575643260168,0.0029080538951065243,0.0022191410393230943,0.0034127508759560637,0.0022676940558741254,0.0029083982331599145,0.00352527021067596,0.002859517850596363
152826,0.0019186661659947313,0.0035659705392845353,0.002720013381296918,0.0032777954595355485,0.0021684942045780004,0.003915207001292664,0.003414763785507549,0.0029559815552471363
152828,0.001817383445037582,0.002736385323057547,0.002030945947507759,0.002496020813946412,0.0025842553991864414,0.002756213450552991,0.0025309012658267793,0.0027170194526924263
152830,0.00226243756563016,0.003973433313033903,0.0029107062661126865,0.003810284435502853,0.0032072037851497287,0.0032182817335037056,0.004412241446046183,0.002918617501517798
152832,0.0015237571020244728,0.002494474799864657,0.0020242596036580546,0.003276445106838166,0.0018187857080510655,0.0025049411309222003,0.0029084002421932015,0.0022136330198888055
152834,0.0017357688151984352,0.002404226791013056,0.002044110851104952,0.002678382203642693,0.0021735432083170997,0.002947802980551986,0.002534602133428321,0.002741815580685772
152836,0.0015640061717105969,0.0021406769161593786,0.0017943184985560467,0.002315482721960971,0.0018248769174494944,0.0024246462583060874,0.002869466164863735,0.002200168118365875
152838,0.003092352481632435,0.0037402633181394945,0.003455450544703323,0.004721842171684365,0.003290089360021009,0.004367033671055731,0.005005293398152644,0.004389616851130151
152840,0.0018948961218292482,0.0028703203200064614,0.0023198242562676996,0.003219251835864023,0.0023455160899888,0.0026160349417126,0.0031758053574435507,0.002734240985518055
152842,0.0021512362498966042,0.00406296238149495,0.002699551144962564,0.0029863807776033813,0.0030251774053953323,0.0032977752137333116,0.003972760804620501,0.0036605884890130724
152844,0.002410800528985027,0.003892779807025626,0.0026233132184309144,0.003710150347404198,0.0026727821175172167,0.0034294898788280737,0.004392360887241209,0.0040225090966808374
152846,0.0022011548012880328,0.004472263073921567,0.0026426488217595884,0.004072641110177466,0.002872933466533889,0.003988215607648782,0.004000567876012939,0.003878281867877989
152848,0.001457375981957068,0.0023959053545383885,0.002178376566132345,0.0028392017913959067,0.0020958884964242253,0.0022292625376674757,0.003268983949062179,0.002071416584100094
152850,0.002305468694064672,0.004349643113755519,0.0038341406373832015,0.003888691527732649,0.0038877670017413296,0.004725459431401902,0.006196677054388866,0.003552957043855054
152852,0.0020062204958871815,0.0030053493385962526,0.0024277168460520304,0.002505298378976173,0.0020071076160022155,0.002118044866828095,0.002551036986080446,0.0021740920647479595
152854,0.0037705213319763065,0.00497306390738661,0.004038436200355433,0.005209218237068269,0.004084590003641475,0.004390352393821628,0.004447603521961163,0.004026711074628375
152856,0.00221155758314584,0.0031008759121712443,0.0037607463318858336,0.003933104115530439,0.0027126758100676357,0.004101336026284486,0.004034615217231308,0.0037339377843840366
152858,0.001968284955650504,0.0038291159503783256,0.0027587267894100265,0.003957677222644007,0.002323485291527483,0.0033908914284098146,0.0036725628940615374,0.003045754839977377
152860,0.0022595339377540213,0.0035034805135128466,0.003035960069613708,0.0036281139970260196,0.0029072853353940276,0.003525194123331646,0.004106534764940273,0.003277612894013515
152862,0.002805476728258649,0.004260804036348986,0.00449210571558134,0.003612330659790844,0.003123434913732126,0.0042571786909775255,0.00548464640384716,0.0040138596526198
152864,0.0016221398439528745,0.0026393463949327955,0.0030703950003021507,0.002722723594424714,0.0020493283468464712,0.003534658692700754,0.002502495896586923,0.002288159768938494
152866,0.0025451454583032135,0.00406320743886468,0.0030996612350643465,0.004461878448667245,0.0027414239042545946,0.004219847471818083,0.0037414267093765496,0.0037855119975672147
152868,0.0024648674863842063,0.003145046050126457,0.0029753297654001726,0.0034356530439764305,0.0024575939248540207,0.0033942559593994753,0.004113566791209833,0.0025501497186743993
152870,0.0033091343655936023,0.004945184660187785,0.0037971131001484637,0.004297530156521179,0.0031254139399869985,0.004049918535225183,0.004112356942240825,0.003787482951139856
152872,0.002714231730493788,0.0046114231282548546,0.0030949093567784886,0.004235241794958711,0.0038900985047805176,0.004755047432126958,0.0048273712762672005,0.004170980703954774
152874,0.002194561198425815,0.004225469462202869,0.0028221035026945174,0.003098609370963415,0.0027064554264433216,0.0038881242552873396,0.0030216243063777015,0.0034169009745622786
152876,0.0028085249121814204,0.004727909959015619,0.003014144765085769,0.0036839562830002226,0.0033478940623593717,0.003557374146105366,0.004496369276971501,0.003925719283158158
152878,0.0018288505537239624,0.003050068878018841,0.0025858445186519724,0.003143785989468198,0.002044026638350127,0.003267583027408927,0.003719216896518343,0.0030116141197176205
152880,0.0023525479031940577,0.0038831891988666545,0.0031594610843832666,0.004154298484149221,0.00266490276511272,0.0035915214569373632,0.0033235108863151203,0.0031044972935362486
152882,0.0019238306092683732,0.0035173566641768517,0.003548094876837604,0.003548732646728295,0.0030002148816566376,0.003142585490194541,0.0038181998403372663,0.0035561913038390097
152884,0.0021473313714211045,0.004068270761075132,0.0024728205000462133,0.0035773458910099004,0.0028554833229155335,0.003569820999951512,0.00397334314100406,0.003290996280625791
152886,0.0024218474678639468,0.004039830230000929,0.0029970007333526283,0.00388839882670923,0.0031738137963523982,0.004144990344684629,0.005101911420328842,0.0036881024744240265
152888,0.0022480214386908504,0.003526290833667789,0.0025747082563976065,0.0031308336467806286,0.0030764250851970237,0.0030164911004498945,0.0035625237108320024,0.0029545854088155465
152890,0.0034249562705524483,0.0033288296757836427,0.003436282374265298,0.005027161907694699,0.00314999389389925,0.00437062667351662,0.00479011696482573,0.0036327073360837986
152892,0.0017034437466523777,0.0027345643553076115,0.0026734288860206235,0.0028335648394204327,0.0021900683304427876,0.002661501510879072,0.0029252260557053322,0.0026557785781250592
152894,0.002035273277678551,0.002800532972130912,0.002070177709256882,0.0025762210736257757,0.002430285417669445,0.002512787051363541,0.0033508434217061206,0.0022380107172726427
152896,0.0020824420323643095,0.0027613552041151485,0.002563361012165366,0.0032442329867885533,0.002168874827495282,0.0028123313452084325,0.00341379687058585,0.002735195176222796
152898,0.0017428176134266643,0.002415139674695768,0.0021791267092409333,0.002372351615666235,0.0022818900677212955,0.0022648026569369595,0.002936770751699194,0.0021785685237008523
152900,0.0028747775579690688,0.0037933653910588033,0.003675482987447687,0.005307623509461179,0.0035953253731803164,0.005679866300202008,0.004217299152964538,0.004043465118780398
152902,0.0015437137408236823,0.0032106950441014442,0.002173686321163895,0.002902316055547041,0.0018910463742136674,0.0028757104134174427,0.0038211477822197026,0.0025618953438227288
152904,0.0033512906820898913,0.0042197487379569965,0.003239433000855732,0.004160787809049327,0.0027287349486227463,0.00426564250123157,0.004443689947892848,0.002966241806903247
152906,0.002475532551013737,0.003876489212843573,0.00320379876856082,0.004753563784206882,0.0026358608911176834,0.003759882828569483,0.0041706284863010645,0.003532291028714385
152908,0.0038152185207005612,0.0043801955125124525,0.00531364595909084,0.004623337841852759,0.0026034844224229886,0.00352081738741733,0.003992329025257535,0.004002726490009378
152910,0.0025288633817691086,0.0034935196489228743,0.0027754996161386547,0.004526701924078225,0.0025411041246054117,0.0036822950232840435,0.004040185405077779,0.0035834468827147248
152912,0.002022882775341031,0.0032233849676793214,0.0029402542288985978,0.003172636953202579,0.002776011877090437,0.0034798783135558953,0.004258843357561659,0.003416644023652285
152914,0.0020137304895264663,0.0028301380308609764,0.002462440416054257,0.0035280227356828675,0.0025289735369329325,0.003297500533994191,0.0034440495820256545,0.003045015162522327
152916,0.0017937214290606462,0.003290334669286077,0.0024973990086291226,0.0031383734438079763,0.0024314002954289315,0.0030624157648730943,0.0029652785572855667,0.002662134227313706
152918,0.0020724407833610514,0.003166303211643573,0.002555370179991634,0.003283363161903488,0.002657470191466338,0.002971464090468834,0.003196171051256594,0.002831992127674765
152920,0.0022405869508329707,0.0031856287129033434,0.0027944626960636626,0.0037335885967416105,0.002881196744797268,0.003166633164896196,0.0031056971396764693,0.003277550618152658
152922,0.0024566396015662934,0.0038996087699347814,0.0027713722441641414,0.0033254448901348793,0.003444710728135514,0.0037137014488877185,0.0038618975817695245,0.0034819548846778403
152924,0.00194666732399075,0.003259362025975779,0.0026907762793029755,0.003634046559340423,0.002888169219486883,0.003099348062856111,0.004292658990792175,0.00261552203821748
152926,0.0027191512001536466,0.0038114476258405278,0.002617392511408148,0.003888698961552875,0.002961570249763748,0.00471363064894309,0.0036541302963789685,0.0026999189132630996
152928,0.002502693812134249,0.0036964992444658146,0.002940607336469947,0.003880110672984438,0.003596545982742519,0.004958693705850392,0.004790737839199866,0.004033022412928355
152930,0.0024999304120614796,0.004357461521649952,0.0030329598835621696,0.004529534603581686,0.0034763354190271573,0.004565987955125694,0.0049511467951015575,0.003923988504277942
152932,0.001899173159634282,0.002114266508989937,0.0020241359112760926,0.0027005867671092837,0.0018051485817347501,0.0025179310141398847,0.002571578918608708,0.002022602975842114
152934,0.002111281238795573,0.003578218480047038,0.003396561276411761,0.004391375344874826,0.00347594534077679,0.004515775591278859,0.003928445987047502,0.004134404811413417
152936,0.0016614015345981503,0.002762919929919075,0.002351785461534528,0.002562846132374688,0.002148072352007882,0.0028626279324765053,0.0027674301961464615,0.0020068666256772977
152938,0.0032062384530852223,0.0048010686097690325,0.003558242962816094,0.004453396068083981,0.003295594777097524,0.004320512959475276,0.004032285267728197,0.004028489895013865
152940,0.0032608301078360657,0.0037360132154463793,0.0032303522481278435,0.004350318295225419,0.003381886195953143,0.0038974525635444707,0.004533637291857462,0.004460019315042862
152942,0.002156677552541064,0.0031989217637742318,0.003206986910309642,0.003441587021503892,0.0029260151189341443,0.0031411877029290936,0.0036062292796836815,0.002954421797346507
152944,0.0025085308037798987,0.0042210478581906075,0.003173550204813802,0.0033390266524513934,0.0031170119826236103,0.0033249899061615906,0.0032257466178329253,0.002947253668813002
152946,0.0019771383614769628,0.0030004923958837915,0.0029821441761838235,0.0032484343501382323,0.0027465756691692628,0.003561213294816845,0.0031792156342200784,0.003325532539348433
152948,0.0013288517154999568,0.0020933825454111515,0.0019233094087942743,0.0021122491571757274,0.001678241880271339,0.0018942043959308125,0.00231481234194697,0.0022489513063208566
152950,0.0017999598948912482,0.002926589049935535,0.002451331425306749,0.0030012474627802987,0.002198465797979887,0.0031268173793275317,0.003243263794845186,0.0028605394798712075
152952,0.0018583624110657532,0.003054089503709889,0.0024919111996336007,0.0028939191171026835,0.002111651671626427,0.0024370237592210575,0.0034512460170221804,0.0027295464871447545
152954,0.0023219014084935458,0.0031209199731152687,0.002844370275557076,0.0037346767320143304,0.0031230455957851483,0.004197910547361128,0.003978049420605478,0.0034953518451043136
152956,0.0016206685948303434,0.0019995087120607824,0.0021037194729235514,0.002510816207753841,0.0018675454879503312,0.0024489029185837397,0.0024697700160403735,0.0018796478865606425
152958,0.0027454504544863895,0.004923374095640531,0.003774469672524816,0.0037841254395838547,0.003776125496697272,0.003916802482615334,0.003688772615736982,0.0038452827776178783
152960,0.0024079684295536113,0.0034633476743464175,0.003045682060612634,0.003868512659772075,0.002971582684421714,0.003402614392645789,0.005450578619501434,0.0038601855600894908
152962,0.0020995565203307948,0.0026440316678599945,0.0031883496440541365,0.0028113365339869217,0.00274356949499005,0.0038011956860730667,0.003012830234534525,0.002732620139154221
152964,0.0028171870302297203,0.004155307004383213,0.0031084236031447277,0.004468179292154206,0.003393305840891314,0.004504798452398484,0.005004442671650233,0.004165472991567221
152966,0.0023048355344924,0.002690661881941614,0.0029560212532364766,0.003684877055328606,0.0026339123244776275,0.003254139850646945,0.003931302570493733,0.003120874188188308
152968,0.002442434993936482,0.003361114636697471,0.0032262032242964672,0.0034385761397521947,0.003015541409946698,0.0035527598642284275,0.003831200138398272,0.0034445607403516126
152970,0.0021678312302084723,0.002687581024951591,0.0024410039514216747,0.0029707627287326593,0.0023768895943499097,0.0035423819162928027,0.0031192157516182206,0.003131319757861073
152972,0.0026898955596332957,0.0034548150822397705,0.002856418219486248,0.0031316908285910494,0.002368881442728288,0.002929809184998425,0.003550125554325226,0.0031453544190668398
152974,0.0020212746112058394,0.0035839134200688627,0.0026604860928741147,0.0031524736665773517,0.0025948273806602473,0.003063596317602904,0.0034498875251467442,0.0027760990250372958
152976,0.001806174676160524,0.0024341450487772726,0.0024328200682335877,0.002920121077006288,0.0019056803688253243,0.002565147461216069,0.0025794081013713055,0.0025437646714039502
152978,0.0015443423051775401,0.003212397468079234,0.0021969443304579173,0.0030745318631965196,0.0025090603515574017,0.0031667920684657624,0.0031323850817466387,0.0024608933807774985
152980,0.0016750992497316375,0.0028557528664061582,0.0025455908927219384,0.0036515225929731887,0.002581047965422037,0.003748944121535605,0.003492787345269699,0.00272316797579554
152982,0.002151282210755015,0.0028481361014635193,0.002034273091051697,0.0028902605221871186,0.0022811057143971164,0.0028249219113880703,0.003044956781578803,0.0027048742247404167
152984,0.0020710252847389032,0.0033519424331474174,0.0030477239133797074,0.0037438456655798508,0.002662805081108513,0.004332590323520569,0.0043032896613515725,0.0037070518418327314
152986,0.0024530208412359422,0.00336144810906408,0.0028451070270638784,0.0032824342431127113,0.002287353314990581,0.0036124524623548787,0.004216757262645254,0.003058289536217798
152988,0.001495654122348214,0.00188311386402297,0.0017928891058276997,0.0021372156104432355,0.0015617181526226265,0.002256913913445402,0.0025443956377669275,0.002166542692537257
152990,0.0023851699658270636,0.003407284539905256,0.0028393597987721453,0.003867997368896106,0.00297328103066076,0.004562708055445841,0.0045800248810073385,0.0036729787535949715
152992,0.0020606351602104334,0.0031529940867875,0.002618294830668333,0.002892563352050251,0.0025992595073954933,0.00336344583385767,0.003526381975804904,0.0030660208130152272
152994,0.003046124095575087,0.004496872886333714,0.0031749333428826715,0.004077842570497703,0.0032419294833464646,0.004133838573139315,0.0038573489213966777,0.0032497653273973054
152996,0.0013235033458026124,0.002657584649230549,0.0022713741033728585,0.0029218328465033944,0.002097691566352658,0.0027754603643757036,0.0031044877455175257,0.002300633489066631
152998,0.0030850221456271143,0.003999941138673968,0.0035447307796837024,0.004761251668917943,0.0032544509719040354,0.0055011934471376756,0.00545546756373505,0.004902769813842411
153000,0.003707003303282233,0.004710804378886602,0.0032206905617480214,0.005221395590557842,0.004060500819852431,0.005355594469310887,0.005253566489982264,0.005232601912577073
153002,0.0025545382679832557,0.003260419130715564,0.002828036900393696,0.0030441785595037296,0.002705362487720464,0.002997062731594724,0.003749337366576802,0.0029706128827893807
153004,0.0018967004567432277,0.0029957637577538027,0.0022708890807843773,0.002648396707277678,0.0024460330434108446,0.0029175384669045124,0.0029087976426201423,0.0023779598221865955
153006,0.002203707291698734,0.0032612364305524416,0.003137370117555785,0.0030823816642944757,0.003101638940661511,0.0029660928865676978,0.0034611263119695007,0.0030776566946475598
153008,0.0022136922622745386,0.0026114263316279196,0.002661541485876606,0.003025808930825713,0.0024066023468254927,0.0026573976004033023,0.0035703943853617748,0.003020335170353994
153010,0.0009284258162614578,0.001219120453101033,0.0014602131319153694,0.001521524882232575,0.0011271426859160855,0.0014470323190727274,0.0018119139508832038,0.0013254439759250586
153012,0.0014479592481753678,0.0017730679207197952,0.001843987736543387,0.0023916454716765984,0.0015719349668397303,0.0020560532289322225,0.0022942714093657224,0.001885106022734298
153014,0.0018887800454969877,0.002903928246470469,0.0026964315422015744,0.003034209849240632,0.0028672112474903977,0.0028386626937937365,0.0033963228938029832,0.0028818274581619008
153016,0.0011360518750260784,0.001994922410632205,0.001900529967588993,0.00234163799044064,0.002195131552085172,0.002238114696900398,0.0025721260374931276,0.0023360659629632213
153018,0.0026294098594557003,0.004973308753604189,0.0032215438868927887,0.004433248281701163,0.0033945111989093363,0.004559759366985772,0.004465159749185654,0.004016787727321225
153020,0.0030073367703482706,0.004142564476790567,0.0029892409309829754,0.0040223087421891734,0.0029261448933513012,0.003982602381082723,0.0036752259762771328,0.003773962514550755
153022,0.002563784648013448,0.004808791698025561,0.003472050591235565,0.006067486025009006,0.003785745789387285,0.005088338223746769,0.00659012446591728,0.004715107029173993
153024,0.002503997044711659,0.003583728317962512,0.003628806941778931,0.004829748668328193,0.0037119109330783218,0.004462811147139201,0.00431932887057318,0.00359444310691992
153026,0.0027454898838579767,0.004918369197316752,0.00327589540616903,0.004590038198056201,0.00305094250498307,0.004156980457463766,0.00432983953096433,0.003962262598043387
153028,0.0023535674554434755,0.005335929107710635,0.004237338651176481,0.004327264090642713,0.0028806148859530367,0.004040903379973537,0.004488715690465439,0.003413034231956269
153030,0.0021028997407788186,0.003936704703889904,0.003150832365287473,0.0040616574330023525,0.003227510169099071,0.003119879905671974,0.004358555399765152,0.0030311120805560088
153032,0.0030135786719773794,0.004979456052483011,0.003573816512275632,0.0051034793359230335,0.0035987098121481736,0.00524687010315944,0.004385518686842227,0.004260139728065548
153034,0.002940509967162122,0.0036401246662001174,0.003141958598235073,0.0035420360391925088,0.0027940365583432186,0.003951425139904485,0.004117689831989679,0.002937481011501042
153036,0.0023415885971145856,0.00346342309129799,0.0031322875063858474,0.003795045090623242,0.0027341260574876985,0.004338790407471871,0.004403935943280368,0.004819237074408456
153038,0.0017747263589999035,0.002128752489753083,0.002028436521601687,0.0026775301162867415,0.0024096304039036287,0.0025139199454567024,0.0026612555175022923,0.0023018969530552713
153040,0.0018984283878267783,0.0032175019532951765,0.002904432549469607,0.003996429490850384,0.002777826563871502,0.003082615381133205,0.003742844623375721,0.0024271188704401286
153042,0.0017574040512069594,0.0025029912592566816,0.0022964645549988227,0.003438031787162968,0.0024215391166361316,0.0027677229890477606,0.0034621389228346594,0.002724614507426684
153044,0.0021651269569225584,0.00282756344138968,0.0027784588203186994,0.0032373452788310303,0.0023887649287507445,0.0032539932207847344,0.004789481693162012,0.0029465486993745515
153046,0.0012469302872069599,0.0024627702173651844,0.0019806263970463395,0.002602601003116059,0.0015206261187508119,0.002631771835573518,0.0026773813040756878,0.002089374915717493
153048,0.0015437714100047378,0.0024257657132986665,0.001923176424119044,0.002345188462745798,0.0017369029290437293,0.0023271599959573397,0.002548895841848489,0.002524148818384711
153050,0.0020088941323970766,0.0028411946736157795,0.0025781156518314696,0.003038456976897766,0.0032966410571329124,0.0028013894250285137,0.003517044708141237,0.002527128941665069
153052,0.0015876567565942384,0.002300039226961259,0.0020785264158330735,0.002933398291294298,0.0020109183193684488,0.002552199171014513,0.0027902283623793545,0.0027198847642608825
153054,0.0013145683395299756,0.002132332513516355,0.002415432238890569,0.002858614713361851,0.0019014122500338737,0.0031040713831562844,0.0030372919542644983,0.0025018120113975417
153056,0.0015614696582169074,0.002053458108331477,0.0019941368018211586,0.002224544856771482,0.0016865646191164402,0.002144332155714204,0.002492740663356585,0.0020105317745825607
153058,0.0040822675641832284,0.004775418549557209,0.003817399275962266,0.0052754138960589,0.003549077075177834,0.0051868763535050655,0.005025795908105091,0.0038446946574733354
153060,0.0035424395641179274,0.004236140799729837,0.003471148466164045,0.004299921827334574,0.003656535738119762,0.00422161229239415,0.004522761712271228,0.0035011012740243097
153062,0.0020454564693119792,0.0031327766494416154,0.002695211049946744,0.0038477678852762015,0.0030190368936877793,0.0037701201154090175,0.0031424848324412835,0.0025956396351283773
153064,0.0023050197499181607,0.004231051577896716,0.0028546186400152523,0.0034358115721300764,0.002755381922239286,0.0036411240159611863,0.004585860617453363,0.0024748164073606915
153066,0.00223082224962369,0.0037780898838685323,0.0029787030590176095,0.004614904721179924,0.003105584203098602,0.003957236641334794,0.004249536295336753,0.004301652490884322
153068,0.0020146563886189878,0.0031094401553528744,0.0026996421168945656,0.0027996640349898932,0.0019794418304963646,0.0024789119070226656,0.003365371538456563,0.002956264713062373
153070,0.0025333779606545037,0.004293926321770558,0.0030639546931452433,0.004392367800253538,0.0029727455991158808,0.004321595333207862,0.004829124235607163,0.0035910611218292893
153072,0.0013249232258153582,0.0021699388057805913,0.0016926968003661558,0.0022299014152987184,0.0016338823677792963,0.002261866329011042,0.002853163863756558,0.0022322860530069044
153074,0.001791972133304412,0.0028089628149905593,0.002110459350020355,0.0025590888881522056,0.0020759310647378015,0.0025308281756193513,0.002943077662144758,0.002677864380551967
153076,0.0023001932346057435,0.0032977354229690864,0.0032683611854940203,0.003935976414634945,0.002958046609379039,0.004047907452200905,0.003907289425129967,0.003391574788319099
153078,0.001918811396569034,0.0031471827974096644,0.002667486877470107,0.004090605323590957,0.0028316115066467362,0.0037915727450071324,0.0035654664661472074,0.0039374985130644635
153080,0.0019802208925959186,0.002956363558182462,0.0022399454863278323,0.0033008021545001404,0.0020932247162597784,0.0030188715073066336,0.0030047207688016636,0.002434758962294517
153082,0.0030768371096465685,0.004740564038423267,0.003629745035869117,0.004270420416632226,0.0035229030403755163,0.004369812996963596,0.00418334756867389,0.003331999852706824
153084,0.0021037160556176687,0.0028213012716439417,0.002734273321636574,0.002877468268250652,0.0023660447254647693,0.0028260264586441597,0.0031209936459299925,0.002270064022271756
153086,0.0022863357395013773,0.0037755944214679232,0.0029784720953647398,0.00345260740304415,0.002971002733767547,0.003540987868664802,0.003914259750637861,0.004297301575766854
153088,0.002295103710414692,0.004209754529771681,0.002925590349509344,0.003463080652322051,0.0026598009297312958,0.003732662668421094,0.004130958161050968,0.00347896682240606
153090,0.0029880923067888837,0.004673131480516235,0.0033083042287314207,0.0038530998493851443,0.003514617137938117,0.004445904348289398,0.0043011833890069795,0.0034225454420431234
153092,0.0015642769685911967,0.0023883246952236536,0.002184852146329741,0.002531573745254756,0.002049941237904973,0.002654796882992694,0.002832451285827098,0.0027233666567117454
153094,0.0019995183736882943,0.0034521529941964335,0.00233595036975226,0.0030327785245143346,0.0026072874206171243,0.003324858443501333,0.003872125756741396,0.0038686655854308777
153096,0.0016354063027022026,0.0021037625312154834,0.0019455728154319646,0.0025014773703069815,0.00205161847088077,0.002341229880195153,0.002538950635254056,0.002447005943811087
153098,0.0019876611834793168,0.0030452125107001266,0.002387909987931605,0.003824660365695523,0.0022646264377307462,0.003141975303405653,0.0035151383653365814,0.003302506890698345
153100,0.0022473972775275547,0.002782475524196207,0.0025518295614832542,0.003223270757155783,0.002680884885136861,0.00342468680852992,0.004591028621007354,0.003474727365685659
153102,0.0022311139865005547,0.0033181598690728564,0.0029144731013974884,0.004213288054594422,0.003131495701016951,0.003264496011772755,0.0038285691754902373,0.0027505372272307455
153104,0.0020363769273246263,0.0034079995610978436,0.002576915053689399,0.002655910278057727,0.0020586597918006433,0.0032712599685126437,0.003322063973360878,0.0031025016617681894
153106,0.002751234369228875,0.00343880245631846,0.003180386973955729,0.003948765381246722,0.0033921093756184156,0.0041312694308983655,0.0041825727179836125,0.0027951610492862877
153108,0.002287082865802828,0.002719484166938249,0.0022131864489551845,0.003349325891752797,0.0023207656255048864,0.00293591847255531,0.0026303360281867416,0.00286414413211844
153110,0.0022079357881500533,0.0025487397401571243,0.0024842439037403713,0.0027948065443608727,0.0031071671632943026,0.002822407090015147,0.0030754994739205094,0.002731826446446109
153112,0.002019211067911933,0.0032863962963186055,0.002741267475570519,0.005093345895094359,0.0031777526029400788,0.004081508796220712,0.004420846054778105,0.004194360316651713
153114,0.0018471968543518763,0.0030240882711255607,0.0031886685430505685,0.003674375961165835,0.002532207322079927,0.003799087989575081,0.003789639254628288,0.0029752610835684923
153116,0.0030487432450999052,0.004195847601362823,0.0037164307273856445,0.00480324742693683,0.0035379617258358836,0.003678770270415521,0.005098114507811113,0.003145775630336703
153118,0.0021251682609664396,0.0026692260968964043,0.0030435821132480806,0.003408844287399862,0.0024637083492208417,0.003375001402706135,0.003410323898052958,0.0034454615907053704
153120,0.0015065095949898938,0.0024497233500082732,0.001803970563286017,0.003034376065649394,0.0017956745813008101,0.0022099576873824273,0.0025122145383338484,0.00258504554151906
153122,0.002260855502027051,0.0030928604573084023,0.00267286069629237,0.0030721576893853048,0.0025119079551105816,0.0034760955710250313,0.002962912484053018,0.0027927449530871368
153124,0.002067638395156904,0.003099639250273789,0.003182565953879238,0.0038482360699637064,0.002532720239956099,0.003316860441385183,0.0032963736966848955,0.002533383585772167
153126,0.002211132943035432,0.0029400902067353574,0.0030909886946265536,0.003524801313361095,0.003035318455106309,0.0034815763610142186,0.004119012357248819,0.00403711342052393
153128,0.0030282044905769467,0.0037627368790149607,0.002675637887778262,0.003582663293191804,0.003097121056057972,0.003859958275857514,0.004800361374930839,0.003885223032185081
153130,0.00247750915554025,0.00406701437545115,0.0032267876769351833,0.004338625511668193,0.0031049535398910977,0.004305769956908456,0.004189861462711386,0.0034242686837580166
153132,0.0021448214128261395,0.003245048679936746,0.0028239660523210613,0.004518657938935855,0.003382981185575687,0.0031989672748631293,0.0034909272076816406,0.0035392984414929357
153134,0.001492001569195281,0.002079913553967805,0.001975220656197388,0.0026812367195264836,0.0018744115207189882,0.00254795817514758,0.0023958652387055107,0.0021796334853798616
153136,0.001685486827371685,0.0029856182198190334,0.0027700109912487947,0.0026859308229394557,0.0022487431999427404,0.002644620923806254,0.003240612835873638,0.0026698227731645208
153138,0.0019197831141701815,0.0034269740843345803,0.0027011683511725254,0.0031333600848289095,0.0031746890155509716,0.003383761695929799,0.003395140222949067,0.002874233096022749
153140,0.0021084031043842183,0.0033437356901819815,0.0032157419838397955,0.003817193509030814,0.0025673173146858463,0.0037315302239362413,0.0035037318888209157,0.003396482683042601
153142,0.002899089406178723,0.003452976905884919,0.004074904688222469,0.003057174683172584,0.0030809654884334514,0.0035194324519172288,0.0029773109067921105,0.0028658410132749307
153144,0.0017905739416935879,0.0024203147050812085,0.0021122936723758645,0.002430760357397199,0.0018049349147038068,0.0026561076420874574,0.002705971328125792,0.002116214903327196
153146,0.0014256578578512175,0.0024140860045941542,0.0018881923888471874,0.002331375753258591,0.0018716017084941527,0.002626719011835213,0.002606761300580962,0.0020668240301475876
153148,0.001760939941420292,0.002485493664580396,0.0017286769913061328,0.0027759333665978853,0.0018676662315165182,0.0024160873686562973,0.0024944379604035505,0.002107184339343926
153150,0.0018732362636662003,0.0019882830556250952,0.002089808816345809,0.0029552966043733253,0.0018094321843173944,0.0029400481919419352,0.0026398620118024546,0.0023731740044610206
153152,0.002561947385597785,0.0036599348857873637,0.0024509588654954145,0.0035704678425652198,0.0026768292700332097,0.0032498222418832073,0.003565832616350628,0.0025870915332950606
153154,0.0017614342802614452,0.0036803701670473643,0.0029650059219419322,0.0032669518802035946,0.002318541889728687,0.004082558904119404,0.004379334598526852,0.003069936346411853
153156,0.0019347259308040293,0.0033265302750305065,0.002504432898105105,0.003003510783487151,0.0025297589303419077,0.0031909282182158855,0.0037682890639081368,0.002970348123585931
153158,0.0027481842439929793,0.0043336849994025095,0.0032863164253316285,0.004195510743510378,0.002859690765655634,0.004761211568917789,0.00460358727044885,0.0032477884954893455
153160,0.0030297967256426445,0.004494336141067701,0.003411451332328022,0.0033478177584547186,0.003258300414435769,0.004542559267940727,0.0060792625149928,0.0036998974251609834
153162,0.002098853310791862,0.003380481211731637,0.0024082631184958597,0.0035454161593573424,0.002662043889563717,0.0029616468827500797,0.00440567158673183,0.003503780841903628
153164,0.002878700565285053,0.0035367302739928164,0.003261193457005318,0.0033452407492171737,0.0029186682182356233,0.0034393106034622534,0.003704789013223367,0.003299738094827434
153166,0.001994887136440804,0.0023778195817436704,0.002247187477108517,0.0027527375890768063,0.0022987212610860036,0.0029910954879369817,0.0038349720229181733,0.0024010093664618287
153168,0.00238991977866565,0.0028883702271932515,0.0024673605174158203,0.0033558788720731147,0.002114539559080489,0.00319427670131113,0.003820956191300573,0.003019351713451357
153170,0.0023680956922152024,0.0035262386265664247,0.003366948468115416,0.0036476962551301867,0.002665959033693932,0.0033553350633050982,0.0031566587425247428,0.0031358249583828823
153172,0.0015677617002612387,0.0022050141795271344,0.0020071176297637022,0.002186752655273738,0.002049103384514306,0.0024592285969693983,0.0022177103238798512,0.001743398373271754
153174,0.0018683569597301025,0.003001902611287202,0.002425603888196473,0.003313462877435003,0.0018056285081549106,0.0027465491173817164,0.0034578356923395948,0.002659017500221461
153176,0.0012333274727693994,0.002063436856139536,0.001989442349346074,0.002432329494284416,0.0017456629225249959,0.0019291315799821462,0.002398673428263401,0.0025707428610911714
153178,0.002452479161219101,0.004058736779776417,0.0030812562246296388,0.004119618705179795,0.0025491821033938322,0.004367699368099887,0.0047563812688944385,0.003551810458762239
153180,0.0025185628815829753,0.004190633129708354,0.0038879291342813205,0.003832592987110195,0.0033506834158383847,0.004435698259896981,0.004444513453645493,0.003412604197055913
153182,0.002028951304059237,0.002656989342153304,0.0025779529835345816,0.004099410484409427,0.002899043673771695,0.0031266324022462127,0.0030859520859016915,0.002859086780977474
153184,0.002196713152614882,0.003032402283331806,0.0024691576276405502,0.0031209961433287803,0.002203661823454564,0.003220567519726325,0.00323736774666733,0.002743304518472836
153186,0.0021057724082702706,0.003522012019150589,0.0033395755965155566,0.0029411338050872177,0.0023711560309978147,0.003073270314288848,0.0033367607446104786,0.0029922552856418566
153188,0.0022322427549860274,0.003744803071576,0.002540547922486036,0.0029129544938839708,0.002364733703458813,0.0034451300990634565,0.002881467499149304,0.002697500231636077
153190,0.0018113006429026357,0.0023138614292346343,0.002184485446008258,0.002328906749405904,0.0017226441202904952,0.002606171713594785,0.0030349851543072376,0.0025286352108472437
153192,0.002382461700861649,0.003655533825012172,0.003386022260052149,0.004093315282292009,0.002857139006550727,0.0033923150640969985,0.003966159908357414,0.003551616863119167
153194,0.0021323569409124193,0.002852832361979765,0.002810754267854612,0.002473804271296301,0.002313501617254979,0.00312127211205028,0.003168917315131081,0.002370973182099792
153196,0.00202026882870876,0.0029855567471648303,0.002885254993548539,0.003163178103386066,0.002741840549056254,0.002981035561634704,0.0038755619641541728,0.0025575027375602938
153198,0.0020491404838987037,0.00411252608104129,0.002483639748732891,0.0033307970459162256,0.0025043411755915207,0.003551407288462427,0.003346662097737499,0.0026528071749143955
153200,0.002354316086901287,0.0029688004117601197,0.002642153230364,0.003464612332241046,0.00236808662801824,0.0033804253303293397,0.0038320164461771444,0.003103289378191834
153202,0.001733598174518805,0.002740687831132016,0.002163109042357725,0.002786315002823239,0.0019411627347532545,0.003083513929073592,0.003206578918568903,0.0023282232841893014
153204,0.0024575928167860916,0.0037870276469400554,0.003479935450535765,0.003915860633765311,0.003000870733746455,0.004736462067785274,0.004416613508502254,0.003565727618744019
153206,0.002093298005514513,0.0030799188690073948,0.003638870166217459,0.004354931962638808,0.0030443191501083877,0.004245669125000129,0.0038389562649590037,0.0032716149489575574
153208,0.0022122839804139677,0.0029114555789331448,0.0023398324081616573,0.0037228814365298235,0.0022727541800043327,0.0038496199925797114,0.0035088566174303892,0.0027819194400252045
153210,0.002651942283734776,0.003697132546961593,0.0034313030270094608,0.0043880778410514965,0.0028272457112135663,0.004611792479153332,0.004579277650620606,0.00454659249183309
153212,0.0026351494564948036,0.0029411249157401814,0.0037338412667404924,0.0028646792634159923,0.0026390842037404966,0.003358994968684359,0.003158775980583242,0.004104490578631881
153214,0.0017185084298001474,0.0025522925185917367,0.002287615227664422,0.003156538185568325,0.0024147365583218616,0.00256661481432309,0.003229193334957095,0.0030781167515989694
153216,0.0017964267082693497,0.0025684828241469143,0.002536145147216687,0.0028217639158883423,0.0024853543740377543,0.003612559041282895,0.002870244079498152,0.002796214849418513
153218,0.0025379280945259652,0.003112505357463227,0.0031501444341595075,0.00325774543397106,0.0027641932607807562,0.004086041506490057,0.0039601252389867,0.003727339216927708
153220,0.0023685880854582703,0.004411261593267268,0.0034338806600766603,0.0033517414230850445,0.0027212103261013004,0.003443952951566756,0.004078619078923262,0.0026263524451382164
153222,0.001234771970359816,0.0018914974051542632,0.0018283031977189973,0.002107884838188634,0.0016550705230056334,0.0019743137964989277,0.002619230479206147,0.0022076063629943854
153224,0.001957461548281414,0.0026991392742046205,0.002414426463536859,0.0029648671748386257,0.0023606127661857657,0.002922802306539518,0.0028880571066734056,0.0025428110423112577
153226,0.0032199675649855625,0.004574618164476796,0.0031724141162548097,0.004952733319403324,0.0035358654169073134,0.004239869729698642,0.004424990425385467,0.0035344350017753184
153228,0.0015166744817745603,0.0026500173136883576,0.0025312959711843025,0.0032061409997501955,0.0023314347520140277,0.002544294542597539,0.003010771897617781,0.0022648434329815142
153230,0.002473787225006477,0.003330542923252189,0.003262705785594955,0.003499482213200636,0.002672894978570872,0.0036295749131567967,0.0038141743906266456,0.0030688618846475557
153232,0.0019512965831669643,0.0034695964708153643,0.0036867935893861864,0.0034266709600521694,0.002825030415968946,0.0035630449205377307,0.003410986150644002,0.0030805494659011945
153234,0.001977836782982148,0.002937597713906351,0.00221455154125888,0.004030523583886725,0.0032576727158956237,0.0034299676656030093,0.00440990680440323,0.0030805279625178983
153236,0.002342496508017655,0.002395187696564008,0.002034900867643741,0.003026673748090458,0.0023331769906778654,0.0032012782308524917,0.002774920288302951,0.0026041140071653285
153238,0.001936586831209619,0.003028793687687506,0.0031490852925478846,0.00369372431607623,0.002554667433305957,0.004030343841872119,0.004132290478310097,0.004282438338860439
153240,0.0027652129986212165,0.0036462690376965062,0.003335431431467431,0.0038337512735965446,0.0029302503930778295,0.0035279629925855233,0.005309828593731192,0.002625856093508974
153242,0.001880569573362148,0.0027469075773424306,0.0024589230474631046,0.0031667652348655317,0.0022397712946722326,0.0030978380068225203,0.0031810437412194276,0.00242669053172051
153244,0.0026305557497336013,0.004602265936102301,0.0034885412337515853,0.004452977431032901,0.003505495738628253,0.0035049831663781644,0.0043316252401393585,0.004376198352887606
153246,0.0018139493293214404,0.002664832764903702,0.0023056525770349112,0.0023662078133079995,0.0023536668564361207,0.002600825115044225,0.002786457373104137,0.0030364083779501616
153248,0.0025458348644619294,0.0034761021601453224,0.0027251796145491003,0.003788125375514595,0.0028375231353272717,0.004128169706474394,0.003862720394593247,0.0027918795871502283
153250,0.0017844820748696422,0.002951833370377202,0.0024081366121009445,0.003441779780282206,0.0023158538028925785,0.0026859528325964277,0.0031501553066509147,0.0028218589031464014
153252,0.0022371521846036857,0.004385981509802905,0.003103770855792956,0.003946669111233092,0.0025943791769002106,0.004051942448598744,0.004712086989243858,0.003462945172177323
153254,0.0024063249371878564,0.00390741610287737,0.004526553546178924,0.004074481408393782,0.0031194192349155575,0.004521587297832197,0.004403702572295609,0.0033491284095801266
153256,0.0016871695938256437,0.0026469924037943043,0.0019879820733061937,0.0036053040715098295,0.0025745498541013406,0.0026109070274884516,0.002781120976780349,0.002293916692277742
153258,0.002163110428441195,0.004625250973422368,0.0028930213831621643,0.004540065893369416,0.00265902864186264,0.0039242545376974025,0.004094708262258884,0.0029958648922334824
153260,0.0022358393288790523,0.0030818455968400493,0.0029609118145935837,0.0032817935535738862,0.002320548479934681,0.002916146199389902,0.003244861086898254,0.0025412968003051817
153262,0.0018783857393872005,0.0034957575477110314,0.0030302782100342235,0.003411190670021824,0.002832425908239067,0.0035121166674789844,0.003602959370581582,0.0032601481382344005
153264,0.0025884662121429397,0.003331507436833539,0.003551396188282277,0.004587559075643954,0.003210938642089156,0.004934069766949156,0.0048635913737183345,0.003343631860922028
153266,0.002301551655188805,0.0036556622099850333,0.0027725918122235016,0.0035188919014906284,0.0028287723261850722,0.003214808318016807,0.00359675733186382,0.0030908631849977386
153268,0.0018538024569168116,0.002696687667878131,0.0022954424558963155,0.0032513637946012808,0.0022896265750569356,0.0026502217462437555,0.0032056891900032053,0.0025757627576622616
153270,0.0018551201786307647,0.002768339982218926,0.0021815021443858523,0.0028558890364918654,0.0026655228070975867,0.003200526646589319,0.0032155814343644146,0.002820520521837011
153272,0.0026560078072259685,0.004182615120891464,0.0028482637395793042,0.003814992564175279,0.0028163317242473895,0.0038273877034090825,0.004769264772406467,0.0027763573364471134
153274,0.0018006199676896678,0.0045083526260203954,0.003240381686644922,0.004023096012846006,0.0029396676485449746,0.0032668854472018283,0.004031446007278561,0.0037337037767798537
153276,0.0018732469051197104,0.0030389543457423063,0.003376062809108904,0.0036772457209238163,0.0031145291515345536,0.0030662229663476342,0.004565004264201811,0.004440125614402213
153278,0.0021977654243949957,0.0028719188096283516,0.0032368005636416175,0.0031720737909358143,0.0027059445857658404,0.003364219766033641,0.004116081667346672,0.003109260262945668
153280,0.002147873800870892,0.0026284914934535664,0.0029798271015041428,0.0030985678973305536,0.002983693327007819,0.002893861000645273,0.002875811098941361,0.0024749776418479114
153282,0.002598819656862164,0.003538318483663261,0.0028662917383111136,0.005755917713257175,0.00316326484455344,0.0041088201583710515,0.0037665732285783182,0.0034281400383462945
153284,0.0014846311988388067,0.0024930114778110024,0.0023542354704554486,0.0031680017949215072,0.0023154379074356163,0.0030530935676537224,0.003532784780181944,0.002865795145014838
153286,0.0016804570042963096,0.002612313151387227,0.0023849916714089453,0.002805435291941563,0.0018783392405264387,0.0023628286949662347,0.002674879873505509,0.0023784982967102325
153288,0.0017484121047243312,0.003099986453148365,0.002510275275881671,0.0031574440934827863,0.002612655125541888,0.003072224589867459,0.0028904267535454498,0.0030684549344108802
153290,0.0013857414371494375,0.0025083834061324084,0.002115308784914005,0.003177797123185014,0.0019219131356984637,0.0023067413573611,0.0028261892481125234,0.002464663304602724
153292,0.0014102774223250791,0.00199896170212549,0.0023241677018168705,0.0024867864669921858,0.0019972681783499008,0.002111737266088501,0.0027654198681174164,0.002098182640580204
153294,0.002909927710062432,0.003540586199754836,0.00271035653575781,0.004641354972739153,0.0029297285289776737,0.004315928333384955,0.004123264427811968,0.0033485972200539837
153296,0.00173943700664482,0.002783102020559994,0.002813329098703188,0.0024237907887787596,0.002043065725250162,0.002470795029370587,0.0029276633065847962,0.0024158874146586046
153298,0.002245953243678267,0.00365073474624783,0.0031283678189986674,0.004309743633441665,0.0035644891195901196,0.004005331741213647,0.004720493734836018,0.0041549679358274805
153300,0.0017786183351751195,0.002335374246869526,0.0024919364906575425,0.00245114034653994,0.002029814902641869,0.002559894022224951,0.0032001616352555495,0.002205737751887052
153302,0.0017695026313602202,0.002447802465733853,0.002280317582260827,0.0025862976681739897,0.0020655550381489807,0.002942046650912522,0.0025695356722477275,0.002471303911932843
153304,0.002100413161329806,0.004060571085574338,0.0031898058549197916,0.004318195862185681,0.0029980254181518617,0.0039901958076696276,0.004432997269106176,0.00375220521162678
153306,0.0012180631980052703,0.00151866301364946,0.0016737440781348228,0.001785992182079546,0.0014562765816779205,0.0016921579551798516,0.0022779138202020377,0.0017136522141983357
153308,0.0024584272626621134,0.002365167771672408,0.002251181015775053,0.00294668903940766,0.002292243040383571,0.002809872687935547,0.0029132918833374988,0.002233802100421123
153310,0.0023506106038673757,0.003605863298237255,0.0032457379823692123,0.003609800138821076,0.0029666658648481864,0.0034945911611183877,0.0036881658207610912,0.0030575759409385977
153312,0.0019077026489979776,0.002723989185333245,0.002594803470422083,0.002695740605205846,0.0023717975090682547,0.0034648346798008683,0.0026348966525851503,0.002707324508983755
153314,0.002106413856684544,0.003383613040987679,0.002704361983492165,0.0034772738049994173,0.002468249921921739,0.003390698798437841,0.00419153896449137,0.003054196147249791
153316,0.0018243209277729044,0.0036642822180263934,0.0028876371033730863,0.003399850420526873,0.002955968187616842,0.003997175598753844,0.003528686139325901,0.003763615793627842
153318,0.002242832976238285,0.0030761052376965387,0.002763389904078664,0.0024183038963357384,0.002403301515152556,0.00283663657342538,0.0026064311236533855,0.0025997715737222787
153320,0.001725447233225777,0.0023305404973306687,0.0023979196009467213,0.0026664264589405656,0.0024016154361112957,0.0030026725531785564,0.0033646030920417846,0.0022228717702122425
153322,0.0019377037352266147,0.0026896385975177517,0.002261046454134219,0.0031141320735162403,0.0020316638829207673,0.002660282033379438,0.002828139917644537,0.0025546576422341705
153324,0.0025397856376688233,0.004410535186805176,0.0030395330862399567,0.0037637483481596373,0.003160442386259066,0.0037415843940244997,0.004318991988250254,0.0038428617483315386
153326,0.0020984382676293573,0.002755102297210113,0.002741958370088407,0.0029464799461111912,0.0025423031143002733,0.0029370953850916953,0.003188459027137283,0.0023292141796665278
153328,0.0018993251188135218,0.002993530670543587,0.0026033890028758777,0.0032315240753897495,0.002907789126267213,0.0034856229253203003,0.003678219426066512,0.002347232898769258
153330,0.00194676166991542,0.0030923719546454564,0.002641378531066607,0.003441829172856084,0.002415235973594554,0.003232110704076696,0.0033077668595732496,0.0035271576165035873
153332,0.001955144222956451,0.0032688898065771355,0.0028674047421701904,0.0035633651365314517,0.0028189878282028347,0.0034110096483033203,0.0033376788094942184,0.002715123412983314
153334,0.0022282463620554444,0.004152334622276932,0.003166011844094388,0.004221789472489912,0.0030660298891444088,0.003481197857926388,0.004621593265025092,0.004344687490864807
153336,0.0026563391893919125,0.00357312661139475,0.0038243258521726414,0.004395147271873734,0.003520118033875974,0.004237381330789214,0.004042358469291907,0.00405523452122325
153338,0.001647602487784075,0.003319848475229259,0.003102768096280642,0.0026821237378307217,0.0025919908014993553,0.003272567482645941,0.003943293217929578,0.0034280680601335295
153340,0.0019172285167456948,0.0033364771298453194,0.0024921064645451324,0.0037968486573128346,0.0025492855527155106,0.0036920142256885585,0.0038167865947836277,0.0034967448116757366
153342,0.0015447021697401753,0.002519682491070263,0.002610072213470996,0.002793893994567212,0.0019279733118673925,0.0031201508309153386,0.0030604287607529645,0.0029125045376412473
153344,0.0024025473260944757,0.004060450494776602,0.0023714444676983804,0.0031929154578316243,0.0023439964968324928,0.003785285088880999,0.0038800201738860146,0.0035228574916443822
153346,0.002578395982961737,0.003898567110564591,0.003210809875970347,0.003947931113331471,0.003788952674577184,0.004496372274562843,0.005153008561742889,0.003765276550499408
153348,0.002401239371841571,0.0031981068329703377,0.0030569098015611473,0.0034052890534894686,0.0023140302351332687,0.004042016461862696,0.0034957637149247156,0.0036614630563216455
153350,0.0020223580415086456,0.002806090810882067,0.00281486578753537,0.0033589150839234,0.0027183093552463206,0.00298362332780272,0.0037851672824067983,0.0037812852787203616
153352,0.0022544545990058062,0.00349570160252112,0.0029175143207061383,0.0034361661993123627,0.003029577322531063,0.0033281225791950697,0.003340197357064714,0.003209195663489775
153354,0.0015862490075302937,0.002575128291804077,0.0021268388759523305,0.0033474772036062306,0.0024634106569729752,0.0030001679503722928,0.002655051791465246,0.0027180413286187616
153356,0.001366714295201868,0.0021581012531444177,0.001787081479966146,0.0021922627335585615,0.0020750054435232507,0.0025032507012525684,0.002504874382805458,0.002452971393849035
153358,0.0020919963748316506,0.002736381815368283,0.0025207993567546993,0.0037786536519882064,0.0027506075626632237,0.0030427855725256997,0.0035168759218331402,0.0029829665148009
153360,0.0013577491100345146,0.0025099210325519317,0.002257786849988952,0.0021579652303375246,0.0019215407947420632,0.0023679706078292284,0.002830822592443605,0.00221342445093399
153362,0.00180782888151243,0.0021891127206257743,0.0022521150723490285,0.0023442316912914013,0.002462633783427162,0.002984065720302978,0.0037435110582567793,0.002473639739994718
153364,0.002165480240703413,0.002867607419886911,0.0026872534931152714,0.003115214430516114,0.002097164041267599,0.0023582191387758744,0.0038660041837172004,0.002629192095937649
153366,0.0016059990862993395,0.0018660247752828735,0.002241854280595812,0.0022477653349168986,0.0018609681345988088,0.0020262700507018977,0.0024194750257682807,0.001942563026166147
153368,0.002731672238864405,0.0035578683142635376,0.0028711147185189884,0.004290463572775849,0.0027897364351512355,0.00461346435640686,0.00462227707559576,0.00349861399017605
153370,0.0011337961394109058,0.0019748938448602704,0.0017780669247709074,0.0018284615338460264,0.0015064829900686277,0.002122124847518961,0.002282519712004716,0.002047957516229326
153372,0.0017122929405433696,0.0021516343632468904,0.0028416096971862204,0.0024266171269937686,0.002066731899116339,0.0023909605115846194,0.0028052549488686296,0.0026896459391221456
153374,0.0017917510477510334,0.0037333272857722477,0.0027071481227865096,0.004308980639287141,0.002736832766743316,0.0035071497233671867,0.003934225617488407,0.0030347906004775244
153376,0.0022516303428057327,0.0036474276181568954,0.0028239525906723767,0.003338121316240686,0.002539410545410195,0.0031028448747041915,0.0037369523120476394,0.0032563613783374162
153378,0.0023369818071384274,0.004794960232869849,0.0026594604944921857,0.004749156332251536,0.003481383809833885,0.004930795182130021,0.004452381826959562,0.0031335973946760576
153380,0.001854901007162249,0.0035547932086977263,0.0022364185446124285,0.002992713398383709,0.0024813047698751256,0.003002086310617949,0.0032304826759246286,0.003034400690689734
153382,0.0016708273672950136,0.0027729602066940556,0.0028492221108535887,0.002962094942010954,0.0022125597833098087,0.0027926091156219024,0.0030525250635102807,0.002767189937236181
153384,0.002085028180862661,0.002974316280852221,0.0023541190670811757,0.0033965239335925906,0.002646609859865437,0.0033527538676483837,0.0038878608430859135,0.003482868525963634
153386,0.002422111470243904,0.002829462667331209,0.0022755003080600217,0.003188964737932523,0.0027350494458434765,0.0028343696053362427,0.0032885057541245377,0.003308847641606008
153388,0.0015450740835929455,0.002516057189639445,0.00196954785026994,0.0021123025754721803,0.001646944478744819,0.0025455352582764434,0.0025049612674001853,0.002178971592565207
153390,0.0017097876544337615,0.002256432914715681,0.0024418068593235476,0.002577185107156821,0.0019270368087544038,0.0027688551105034542,0.0031830199143784293,0.002284248921930257
153392,0.002635852475738401,0.004739527864253468,0.0035722056596663165,0.004345869156317461,0.003367402854929105,0.003614625102234259,0.004386458173899266,0.0032060199234274084
153394,0.002089689267799122,0.0032456305923859313,0.0027511878642943466,0.00302024631691801,0.0031650485400798317,0.003590567332486652,0.003565391280886454,0.0037976346671753647
153396,0.002502648712046099,0.0040157744416911,0.0034291766083960895,0.0034125293354494435,0.0028959319097105057,0.0037527168390616567,0.004309369953505782,0.0036777684783796533
153398,0.0019548760660237363,0.0028518411552491685,0.002324763276452535,0.002938333517396044,0.00251576195676019,0.0027462086411285253,0.0035786365404811976,0.0028193304127768215
153400,0.002159407013224701,0.003338948727578797,0.0040162041045178065,0.003624666414049918,0.002119154954520322,0.0033761104291309962,0.0037076080165024394,0.00332115063489348
153402,0.0021569003856969915,0.004474338058507721,0.002776567370539107,0.0031970522964004516,0.0028910208193653336,0.0035761258708839755,0.003956232770010226,0.0033150610599728125
153404,0.003991114546413377,0.004529727157671692,0.003429801418210199,0.005419988722643376,0.003432594559928115,0.004671191157634702,0.006089961936979249,0.003929548142798611
153406,0.0017547623461636186,0.0026589560295173786,0.0027098333037332,0.0028511313803960547,0.0022824442497709208,0.002956925872514893,0.003179225716568368,0.0028815954820002876
153408,0.002846678207930664,0.003941779355267683,0.0033728734653810793,0.004177087209896513,0.0036963148811875457,0.004627706806335452,0.004694789542991851,0.003983847542095242
153410,0.0029982828406223266,0.004165887506660193,0.0033314317499345686,0.004268785616910131,0.0034058086324763176,0.00404810370280817,0.0042740250917818745,0.004557963448892366
153412,0.0011007175006183534,0.0020252989029907603,0.001546864874796841,0.002163843382271949,0.001637606250085591,0.0018476144431511937,0.002400695043591805,0.0020595110925674676
153414,0.0012747874481258137,0.002115823850363921,0.0017807889887505035,0.0027714675561583135,0.0017138200022342454,0.0023226205702400193,0.0029960736913981073,0.0022381809631436683
153416,0.001975375627861889,0.0027417828098720426,0.0022034491782011584,0.002648780530677977,0.002812323047802545,0.00253488046395578,0.002665368943797708,0.00245078993186211
153418,0.0016013350528727571,0.0028269794971814144,0.0027540296855512736,0.002970802525851371,0.002000271386106825,0.003166090658741752,0.003188784663268343,0.002596639186177155
153420,0.002150203469581405,0.003906889844808303,0.003334326525869083,0.0051318711047996235,0.0033183439895480143,0.003610567439513171,0.004503605372631336,0.0034885478346570326
153422,0.002500902793834081,0.003861489680616184,0.004468521943291004,0.0028957715341199203,0.003223915015592174,0.0030405678916276546,0.003676554942870905,0.0025447372716197597
153424,0.001990084442377152,0.002783882291851114,0.002498669205430737,0.0033871942358466023,0.0023476487518492295,0.0031070637519556854,0.003454795813443212,0.0033753931340086
153426,0.002572915835186207,0.003914029481624726,0.0029184291289952174,0.003531213751811327,0.002707611391115139,0.0032880276706618444,0.00359473926828148,0.0032145827376507535
153428,0.002045390424637583,0.004370778384302554,0.0033679882852256787,0.003577701955094492,0.0026209661035726667,0.00416159332275351,0.004422324407056033,0.003923168058001858
153430,0.0012839230778136784,0.002094420002557662,0.0021455112290347245,0.0024173971620387175,0.0018126900896410364,0.0024775629290161305,0.0023797426167199293,0.0020098870591348655
153432,0.0014314605925314222,0.001916763989985526,0.0021692225177250557,0.0024908509517540672,0.0019186048118081112,0.002532782483524676,0.002672834118047973,0.002062482556861603
153434,0.00267085768339137,0.0036657512994118374,0.0030428698249989616,0.003683781729118485,0.0029691665967570557,0.003813390811730058,0.0037517283022096143,0.003382713813227023
153436,0.001825061841773723,0.004286612942447698,0.002787611021128067,0.0033622736539135195,0.0025121663650660153,0.003204461744458001,0.003410648924634732,0.003441241730158931
153438,0.0020247420065327426,0.0028778611516964148,0.002371801137584631,0.0030369273402828245,0.0025559777232512376,0.003127706095507554,0.003459788665327937,0.0027799384244195924
153440,0.0015338462668046393,0.0025577638589751595,0.002024818110080276,0.0032435434198658936,0.0024569919114165867,0.0029613290042434515,0.002992269142630413,0.002636147404544653
153442,0.0021403115292264463,0.003345218341045522,0.0032995972888417158,0.004306870040744981,0.0029196733856729495,0.0037498497109478834,0.00433406856102736,0.0030277498188385904
153444,0.0019756508168878306,0.002840769752657915,0.002412877386234205,0.0032957094063843645,0.002330231181260134,0.003148145887241549,0.003191386562805043,0.0029499048333181954
153446,0.0026009163078841713,0.0036564217545734246,0.00304636342463116,0.005065037713197995,0.0033805968747060433,0.00404676796539466,0.004090110707624606,0.0032206465876971763
153448,0.001593949231954106,0.002245862852495728,0.0016343097449331712,0.0024916806109232525,0.0019218817792796689,0.0024100674758498336,0.00250960675117895,0.0023177390662355024
153450,0.0020923640896304413,0.002545804414345876,0.0023624296062119132,0.0024183218495593822,0.002341377689868543,0.002633281823974501,0.0029424309856102143,0.002197787080160732
153452,0.001865820408337493,0.0028233713947935085,0.0025583618885339915,0.0028599505464928093,0.002072960440824778,0.0030849911086489185,0.002802636089734245,0.002672567572528317
153454,0.0020065545613695,0.0028391077036649254,0.0024657468223063805,0.003850095686759883,0.002773295667035436,0.0032554520161825473,0.0032543119855701352,0.0028831302977292556
153456,0.001331833371851554,0.0022739893593903965,0.002629104229001422,0.002823696825443603,0.0022360478942715645,0.002844604324891975,0.0026841367600560773,0.0031142663703690593
153458,0.002302332365542503,0.0032818870280313522,0.002608017913883001,0.002966152129632152,0.0023845710685349714,0.0030619366812394966,0.0030891584947347894,0.002941398067266357
153460,0.001676438801553104,0.0024970080719794036,0.0023548388620109884,0.0027417660344122297,0.002583833483864817,0.003068420266469696,0.0029344241537734295,0.002107669340306595
153462,0.002069653316433398,0.003225154220168669,0.0027095377717181734,0.0034628175865029226,0.002458589070686426,0.0035322671169633058,0.0032654394192577763,0.0036255102114977067
153464,0.0016848494312036166,0.0029922051562159546,0.0023576706646508683,0.002915477948549197,0.002158546039574119,0.0032056756910421452,0.0028754946646585844,0.0028555545894551337
153466,0.0027400825074883617,0.0043627866159647866,0.0031796958238072964,0.003672834261185823,0.0032504207236266347,0.004138356144809174,0.004328033603314907,0.0037831882244374615
153468,0.0011687897024385135,0.0015942252860137174,0.001373505175296122,0.001850114237156364,0.0012260328785318603,0.0017048699517541316,0.0019185636919980542,0.0014065831724430766
153470,0.002432304140121355,0.004072986312739835,0.0029629400618425145,0.003728325900429985,0.0031950881959943445,0.0036967180402678324,0.0035605050501850283,0.0033426871318154583
153472,0.002397166986461363,0.002796900024515603,0.003020696739520004,0.0034340941602959557,0.002400949493852625,0.003189047203728382,0.0037262325945528474,0.003491112538811514
153474,0.0016806989091764368,0.0034926688980727733,0.00274530015700325,0.0028523508630928923,0.0033909782004549194,0.003389973014384165,0.003319220885114549,0.0029273895842065745
153476,0.002447182487003499,0.0027813359061546056,0.002073819443091429,0.003403775326328573,0.002507708790656926,0.002902543646000899,0.003766463486949201,0.0031038899857558366
153478,0.0034011872936893367,0.0077460194530809545,0.004101470583026734,0.007063723644327391,0.0045371225241064295,0.005153860055664927,0.0052747623704905156,0.0046536752252870905
153480,0.001986565171364918,0.0030348550406122943,0.0023044327900976214,0.0026113326703197104,0.0019698752110334367,0.003198214276540004,0.0031769727092376687,0.002692710581129687
153482,0.0018766149914195701,0.002563725042634815,0.0021341591051827202,0.003192165276910741,0.002132487681466913,0.0026124357720625074,0.0033619889569292405,0.002882504641982822
153484,0.0016650225535905921,0.002494721519630483,0.002222668035343267,0.002618451522988244,0.002094475581783231,0.0024350266087015543,0.0029699993254087703,0.0025810559143357725
153486,0.0024108254049988315,0.0047707776284369174,0.003415267976450545,0.004143431530308439,0.002977759336189545,0.004295259271462015,0.004515885740548564,0.0038452703032751945
153488,0.001645184587902429,0.002856347340365342,0.0028521650392670517,0.003810992723231321,0.002554411365292497,0.0034259247644525953,0.004139210294830387,0.002879098330174759
153490,0.0019986286024110123,0.003560959421253909,0.003124381036641921,0.0039516415188087795,0.002543498629231991,0.003373910734770169,0.004076656063785544,0.004094050357178469
153492,0.002093012695966401,0.0035513513437310795,0.0026750224506031373,0.0038736363873335122,0.0024663780283900594,0.0035420830420120897,0.003766434222784776,0.0030926159939860393
153494,0.0023455388226839013,0.003692428921327609,0.0032335806862807126,0.00449587368894222,0.0027318969316638686,0.0030163998483809795,0.00396239672975085,0.002640579825137268
153496,0.0016274952490216155,0.002985152916059386,0.0025243344864696177,0.0036763141571407587,0.0028130540567073425,0.0033307948959376277,0.003349331497226951,0.003368831065589717
153498,0.00264046535129793,0.003504509004252976,0.0030585169813092256,0.0032853597574045296,0.0023878364439533645,0.0028285008890472363,0.00311282376625234,0.0025498167510174113
153500,0.0018874442707515066,0.003126481175049156,0.002601191795964089,0.003188928554297435,0.0029586552835816904,0.0037743877376562734,0.003985673314981286,0.003014062138356144
153502,0.001638706929089087,0.0028940020843668673,0.00270378160536211,0.002933589567547301,0.0021236363246421863,0.0028611440164927893,0.0025220691288387886,0.0021159746465250345
153504,0.003009469547232746,0.0039755535898314265,0.0030687009173322455,0.003814045552395451,0.003529125639856412,0.0046126708853579945,0.003855670755497309,0.003296666724306299
153506,0.0024371109302612354,0.0037048125949658145,0.0034910024841031118,0.0032413118473663266,0.003132265406194712,0.003192562247192679,0.0038613382857835554,0.00354678667374575
153508,0.004072281658594967,0.003588097109866753,0.005468815192523957,0.0033857053454602326,0.003256463843651025,0.004547833457359263,0.002732946139574255,0.0033100130441054976
153510,0.0021661907091675148,0.002863091959366418,0.0025485776251474995,0.003417717184415206,0.0025244520298756262,0.003069190023402682,0.0036006543277966735,0.002908963602502382
153512,0.0023492190014329367,0.003986146522718892,0.0029449311881384888,0.0038703335981724596,0.0031995559984038385,0.003882922239739975,0.004051065104480556,0.003712225059287144
153514,0.0024496654543862406,0.0032509300499253962,0.0027930418383515093,0.003754703890730904,0.0027256498687867753,0.00343411468111654,0.0037076615493811804,0.002940762888293938
153516,0.001576113780502375,0.0026648658418109705,0.002575391823854467,0.0032186634164654837,0.002277402144062593,0.002938352095405508,0.00355369118638095,0.002503056864008535
153518,0.0030320067834144343,0.004506696904972074,0.003512549836093337,0.005076910618699915,0.003560009809850398,0.004453900248560183,0.005179265999586902,0.004003426043535152
153520,0.001865633430433014,0.002583630491997946,0.002323793441240396,0.0029159434228303582,0.002179938205504328,0.0025960310049647634,0.003253812594336561,0.003630378430147241
153522,0.0029523774410483844,0.004845710755785382,0.0034488093250859553,0.0043934818538815534,0.003331305320327785,0.004047926413404623,0.0051976309054029834,0.004344690437461607
153524,0.002493139822215898,0.0036441867552597373,0.003290225261933566,0.004347517666263345,0.0033845843411973164,0.004168159530990645,0.004667779000449068,0.0037309590600959203
153526,0.0018307902167200713,0.003267984659559034,0.0027187623114353215,0.0029299959079465143,0.0024303287590460437,0.0035584220722362364,0.002980438825861534,0.003084078691259151
153528,0.0017522632838939955,0.0027423469633543057,0.0023461822397165127,0.003479454196023482,0.0023411148802863213,0.003386605404309684,0.0033160314811447322,0.002710347226518431
153530,0.002196586394097158,0.0032713562758292097,0.0027143788460755186,0.0033212201936312497,0.0029705312609793616,0.0034811873076124322,0.003893570570140739,0.003190647082818368
153532,0.002304296165446529,0.004795344085259723,0.0038323946521359176,0.0044093506985811715,0.0031563314022611255,0.005299794873963093,0.004817286300264678,0.005225321068557998
153534,0.002838145875083742,0.005006160011746863,0.003862305967500257,0.0050039409139588376,0.004659976763719209,0.004922816824631804,0.005433523566758858,0.004809293908426826
153536,0.0019654469054680157,0.0024111038056142675,0.0028251713958361707,0.00353609225443563,0.0021316279637822455,0.0029681411733074037,0.0028931263787793093,0.0031106289054854686
153538,0.0015733251211749177,0.003476349915600141,0.0022988048508461173,0.003126865290950187,0.0018829489760130574,0.002989183494531089,0.002977086094970771,0.0031190443148096936
153540,0.002499594406844219,0.0033455751570033027,0.003141404429375508,0.00416618181527767,0.002558955465243651,0.0035806224381219054,0.0035856723515640537,0.0032265697177342872
153542,0.002762399088589565,0.005101015272639897,0.0031727380927043664,0.004354016506258829,0.00326992544847117,0.004085730040253088,0.005447375530773846,0.004533609198680344
153544,0.0014647816927999685,0.002355883501437575,0.002197505563528171,0.002262684580473087,0.0017964728135331232,0.002597381476359184,0.0024762617747170618,0.0022546824273233512
153546,0.002994427148703252,0.004454024557796699,0.0037167736610405205,0.0036598853044758073,0.0033460393047835546,0.004121987141274597,0.004217441404942568,0.004199416808436995
153548,0.001959386775346808,0.0035551876862563447,0.0024898745778937498,0.0032405449746947396,0.0025562105146943598,0.003338753273611897,0.0037978160302999525,0.0033557593166842065
153550,0.002594636101839465,0.00369569886033988,0.002719374211825054,0.00415137734795229,0.003160441129693173,0.003916596385217241,0.0036258269412559607,0.003196612922380604
153552,0.0028392395063249337,0.0036439528786416653,0.0029249012730559465,0.004015639409549687,0.0035870720430253855,0.0032395351994885524,0.004301264502710789,0.0035010347057441576
153554,0.002029122129618921,0.003470991319624153,0.0025271738872456595,0.0030378783388620434,0.0024192690681970053,0.0028912451621874308,0.004126162257534816,0.003931208206325643
153556,0.001955692783054422,0.00262746902589929,0.002333521773414171,0.0027552962733452674,0.002541684427348978,0.0026410446373867913,0.003197556160339357,0.0027432842262479357
153558,0.001647343018158623,0.003576647629044638,0.002638044370746828,0.003512981265022544,0.0028659630645200412,0.0027725984815544363,0.004087257005105593,0.0030814973434303283
153560,0.0016535165466453755,0.00342362519644758,0.0022452608794968493,0.003393756794218064,0.002846932229065416,0.003521649452204123,0.00373888279479552,0.002296007563256597
153562,0.0025517926772758437,0.0035372274374570467,0.003112922700758816,0.00371108664195674,0.002589943252143692,0.003341144318272038,0.0034760850284455552,0.002650822048750001
153564,0.005767313314690492,0.008498234593173004,0.006239642169070747,0.007880598743882639,0.006619898968197868,0.007909991310921294,0.006803665472099318,0.007332287577654917
153566,0.001722637317138842,0.002734949307164891,0.002221693749761222,0.0028137246927340126,0.0021234038867255084,0.002330204566650451,0.0032818050777501245,0.0023715667411284974
153568,0.002245327604492253,0.004063052614938167,0.002952552736399605,0.003839357896036566,0.0030714441295660727,0.0036104241799844866,0.003640246936449154,0.003337464884357877
153570,0.0020668599347084676,0.002782883092547428,0.0026850026381076836,0.003889126882805849,0.002883899259218517,0.0038546280428666813,0.0038562953403436517,0.003521600374454051
153572,0.0016441454791161214,0.0030442587204155963,0.002079942096568088,0.0033100734843294483,0.0023390770747116485,0.0037713851408869292,0.003397369842205858,0.0026680960593417624
153574,0.0022058063364700647,0.002547291419680367,0.0028627810093556777,0.0031712601894812315,0.0025247518902580257,0.0031810811407559925,0.0032535813997983803,0.0023338352670915358
153576,0.0024469219129628073,0.003210639739779586,0.0036666973144994786,0.004423621636815922,0.00350523812448246,0.004770989653277491,0.0039243917584599886,0.0035855991842603935
153578,0.003662145652040538,0.005266383790498763,0.003586776643893508,0.00433425397158077,0.004614716438662347,0.004459105814259845,0.004507039029047144,0.003426523546181892
153580,0.0017840251076762237,0.0026959142982808104,0.00214992052621904,0.0029122363496926346,0.0019166478670895604,0.002779209767391891,0.003208718315970638,0.00305889607525546
153582,0.0022282491756521333,0.0028995230796498156,0.002527251419311552,0.003176428478257387,0.002687140329325502,0.0033630405380693507,0.003527551000257534,0.002800382357214262
153584,0.002178170360268697,0.003678151194731749,0.0027108728356870504,0.0044761184239670015,0.003583254210756337,0.00405505802463324,0.004328448286279374,0.0033315805443136087
153586,0.002067075368622842,0.002312008194971585,0.0023179765268024344,0.00342731429733735,0.0021687842660520623,0.002497704332816722,0.0027284146479256283,0.0025863132032677982
153588,0.002269460943972193,0.005096289981342039,0.003223713228448555,0.0034963544711093114,0.002969668818444973,0.0032384238229184042,0.0035351539385844455,0.0033078525614577275
153590,0.002529626648962849,0.003481589549646072,0.003631518768898445,0.003952560492624324,0.003191960276472186,0.004408018957804183,0.00407340190658112,0.0029401524215000863
153592,0.0017770422511814848,0.002758606652042764,0.0022444973195954177,0.0031825932746603613,0.0024285017778696294,0.002368854970931103,0.002689330645558888,0.0024815994586333545
153594,0.002326997540579079,0.002921888021258978,0.002850164335002972,0.0029155374885628943,0.0026989008370750245,0.002753489352957994,0.0026252116700048594,0.002889942893391728
153596,0.0026594558837807064,0.003092764742551657,0.0028620726645043337,0.0036060659727094185,0.00231327191129177,0.003429519112314164,0.003918759279122386,0.0034743716324952545
153598,0.003412409645633399,0.006578441816281144,0.004168412550854761,0.005197467614117601,0.00425454136647746,0.00559023033024908,0.005043726061317033,0.004315200030822697
153600,0.002151432537292275,0.0028934662249847087,0.0030450891673396013,0.003844387448417433,0.003002924050816161,0.003747563821358116,0.0037746161504834674,0.0037149769552689144
153602,0.0016453338791111577,0.0027065969045034916,0.002175676147122607,0.0028871702909327723,0.002262170719696935,0.0026148514527503247,0.0029205160562182503,0.0021913491954572706
153604,0.0018285574308901792,0.003416990691901392,0.0028809663936511104,0.003536183966204934,0.0032604523142423236,0.003629765684279654,0.003815342776631106,0.0026047550756243126
153606,0.0017383840747023371,0.0022729481203909163,0.0019203629325128535,0.0023979980430874903,0.0018188905659334426,0.0023766810987039394,0.0030236826617544704,0.002674293805946651
153608,0.002020480146184403,0.0031231954907316034,0.0031044607620657333,0.0031228823809344025,0.0031968302886875577,0.003455114631351286,0.003018258307245794,0.0026275721421098602
153610,0.0019658122445074255,0.002207513946324069,0.0021099428845625795,0.0025982419822698777,0.0017728978844075982,0.002379711359371331,0.0024951137659115497,0.0018674176650149144
153612,0.00214600476240584,0.002920337688190111,0.003424969787535051,0.003809630937490774,0.002906106779904327,0.0046475272796900335,0.003943682490405165,0.0026208337472138354
153614,0.002438291386964997,0.0033677042111417976,0.0024362992332754296,0.003567272485217876,0.0025744802947281903,0.00295592605952516,0.0028949075870370877,0.002654586132066608
153616,0.003294560637321378,0.004973168990861865,0.0038333605456922215,0.005708757935041442,0.004523867123858771,0.00525567281489675,0.0049589812209199224,0.004605458895530268
153618,0.0017059416128173965,0.0036683640776260518,0.0023496881200844033,0.0029171698458241857,0.0022420864104200078,0.002431236813008067,0.002869727985827311,0.002834307726721011
153620,0.002481635089694123,0.003937040356661647,0.002874612176694394,0.0037121556053826416,0.0032869635363824146,0.0038204321041457323,0.00354549956282936,0.0035828809235772946
153622,0.0018894413090016077,0.002254221476044607,0.0026508600254439157,0.002655910278057727,0.002790124463736332,0.002542233240600114,0.0036958650903199525,0.0024753349710138345
153624,0.0012797812075127646,0.0021847811022684405,0.002385928701277573,0.002243265589665422,0.0018136704123940112,0.0020443311598763447,0.002402043016791977,0.0019733657730560683
153626,0.003246236329098373,0.00497804187958284,0.003837868273445247,0.004785611159299263,0.003189237384016233,0.005242258969488711,0.004472689592454948,0.0038256644548729235
153628,0.002464986226417887,0.003465438167912796,0.0030472936897246172,0.003590745467765055,0.0028564257852870534,0.0029624234051676274,0.003997225530177895,0.003139760167775521
153630,0.0014817910637014015,0.0023953014644384624,0.0018410569678359995,0.0020927505828278875,0.0017487130640697762,0.0020748890341995563,0.002527210967650531,0.0021666137862453305
153632,0.002052671520241814,0.002692184029658762,0.002012913106573269,0.003095299404181129,0.002123320459379352,0.002408467875771439,0.0032021500610908277,0.00262252106419171
153634,0.0019109035289501808,0.0028883830406706418,0.0024510861228411174,0.002803855415373438,0.002264616155534027,0.002857900113012457,0.002829485653732103,0.002568097689720897
153636,0.0021728301458426302,0.0032429404801819772,0.0024080049904773443,0.003785805842961301,0.002200758074339726,0.0031682882215205432,0.0033829473842739294,0.0027003862086978497
153638,0.0016074072061658118,0.0029669361415152334,0.002164959859227489,0.00286299508466753,0.002315444002185585,0.003311728303368469,0.0030520187647798402,0.002395950211731057
153640,0.0019103590077043098,0.003078487963670773,0.002596970261070655,0.002839517413524964,0.0023207814183062864,0.0034192287801754345,0.002974784396606381,0.0025902845173847583
153642,0.0019206414462054205,0.00335933783622977,0.002811279252758203,0.0032589226441368524,0.0025036846256709655,0.003096095326335979,0.0032445529707341714,0.0024525444696030935
153644,0.002025430678376239,0.0029513881117500113,0.002935385204942534,0.0038217907522355987,0.002689315576843987,0.003725014271933183,0.00370168640140478,0.003941698898514423
153646,0.0027684881648975534,0.003755429366376198,0.0038622249368683997,0.0035707781519383475,0.003005254987669806,0.004020365940496318,0.004404781470451147,0.0035882015437023324
153648,0.0025383852844174104,0.004148817157578755,0.003495051878186717,0.004215913531322224,0.0032683880201838655,0.00392060366660929,0.004409278466768252,0.0032703519369272627
153650,0.00214637408673668,0.0026087606869269614,0.0029253114854022044,0.002824061868512154,0.0023590318370941277,0.0032841987034126774,0.003009500610691218,0.003105847863381861
153652,0.0016291241609734386,0.0024459398172800434,0.002366753292371515,0.0028081671918492312,0.0021470644977983344,0.002792244930025292,0.002776109624205214,0.0022884156686969886
153654,0.002345467016609884,0.0044463941937090135,0.003621923517480377,0.0038686614146909992,0.003109934159188976,0.0030466323726235367,0.004158111333758763,0.0027914859254636465
153656,0.0023659697069442487,0.004279191747934341,0.0035753822864761364,0.004683252128269422,0.003901874010140638,0.00432639761305037,0.0051826982275998135,0.0033336149740810367
153658,0.0017405912792796269,0.0023306228651870514,0.0032854857391911296,0.002398810268287088,0.0028447978500352328,0.00274053922422636,0.0024015033439719335,0.00251927896919614
153660,0.0018961076759793777,0.0028638885468064285,0.002796849194958498,0.003019485997875826,0.0022650143417877328,0.0031766636340722076,0.0036563767022781968,0.0035295403799552455
153662,0.0029065024169150494,0.0038820002567147155,0.003456057595119258,0.003836081292443852,0.0027190960314298906,0.003727831405100482,0.0043369247158092095,0.00319125861022318
153664,0.0035026104717690437,0.006190500381543507,0.004908276211112117,0.004737737909412731,0.004630015254947217,0.0055501148572446035,0.006571651252554267,0.004590214871180942
153666,0.002494337118421744,0.0038651425751243945,0.003080397703242657,0.004622128152540705,0.0032832952814934036,0.003687049647475585,0.005310573496708493,0.003947360004305844
153668,0.0020366724724718566,0.002981399652674313,0.0025887107135356136,0.003852175864867746,0.00252062017777778,0.0035714148403522827,0.004570716586806078,0.0034080817672471064
153670,0.0025024657067676537,0.0032485698136639485,0.002780978349988264,0.0029007520641660123,0.0023700630332701977,0.002571406633550488,0.0033397538515862607,0.002131545750964206
153672,0.0021030135164768066,0.002756834636335137,0.00318654088825622,0.00353067760987541,0.002833633848873751,0.0031710785175925182,0.0032722674302310267,0.0027991854674892652
153674,0.001993420871306953,0.002866842628271249,0.0023952216078593214,0.003301285018520242,0.0024210793761154786,0.0025558176382001196,0.003235385366221491,0.002440310486641742
153676,0.0016409519517846527,0.0029270715340708048,0.0024021043636835437,0.0034909716690956216,0.002320775316535739,0.0031682601234629543,0.003495331582616404,0.0028365072120528773
153678,0.002256521394813929,0.003545353163768153,0.003364885306542456,0.004302119663590398,0.0029444492556778834,0.004041943514781821,0.0038646895742862203,0.003022236619465782
153680,0.0034833667263926144,0.004338010124642688,0.0035827979735114784,0.004219101188618346,0.004297133563020472,0.004298277482180035,0.0048628629226110665,0.003841056981699842
153682,0.0018736696854979584,0.0031356730918253306,0.0029800394082962894,0.0032298102387393612,0.0027741832634702868,0.002887096629295094,0.0034076211646253546,0.002986629963345422
153684,0.002682252230679208,0.004251102310370847,0.002580015089305443,0.004138505686596128,0.0032371604520421565,0.003676612768760759,0.00411348842277498,0.003960212447706779
153686,0.0016880795551680455,0.0030499158107153423,0.002803290492622415,0.003210776523855652,0.0025713046253810767,0.003030865147767514,0.003173970781227331,0.0025468469645080344
153688,0.0015918917763331347,0.0031020045139388414,0.0029470473867565655,0.0031208633663455526,0.0025474583824036806,0.0026349807917230295,0.0032073092716720236,0.0031062726498649745
153690,0.0027389987863713078,0.0037565891772074617,0.0035195195272908486,0.004260070674100058,0.003138535393361633,0.0036271774598981565,0.003995315168970004,0.003064273083475122
153692,0.001814625609432699,0.002537615442390631,0.00221158561363044,0.0027554386311435947,0.002127999039092998,0.0026396782672761937,0.0033937329220204426,0.002649034383209861
153694,0.0019317356803192492,0.002542342183884508,0.002186180952708075,0.0028468781641499824,0.0022910756633374163,0.003078480522674454,0.0030920558365049727,0.0027654805983212682
153696,0.00188710991540475,0.0026464300967657395,0.0025715622943602856,0.002882837463186308,0.001951555936842278,0.0028197932910450363,0.002841936971594239,0.002127198643891562
153698,0.0014661732802339622,0.002252577222683405,0.002028336861358504,0.0033418756243502323,0.002057236504527174,0.002804244030053804,0.002903184318890306,0.0022571124863679654
153700,0.0021880430058286576,0.0031359250921907944,0.002672122332492144,0.003285538267903801,0.0027951189014120553,0.0034440513310057264,0.003535559286388726,0.002903705821006089
153702,0.002348553503908557,0.002445581300138111,0.002564840306145802,0.0023023960007009237,0.002339110586444662,0.0028385074844605868,0.003000792778686867,0.0025023717840500503
153704,0.0030176975579798843,0.004707686543405087,0.003969500509543034,0.005869682148438804,0.003562473904391697,0.005419010214249065,0.004584138260053161,0.005127713062208494
153706,0.003147906773065756,0.0040850319037153415,0.0040123341909783505,0.004227456354385595,0.0031364633387989116,0.0038691688712125943,0.0046680732257000646,0.004986993983081833
153708,0.001373416264579555,0.0020065125096389025,0.0019078643866193984,0.0022474795756522448,0.0015939007464783744,0.0017221765894964158,0.002767421965244543,0.0022277350203579044
153710,0.0019384351768097496,0.003205812369335828,0.0027820711295589717,0.0026882728470523226,0.002449815173130254,0.003089032194076871,0.003650246774109578,0.002878706961287003
153712,0.0026209626706565903,0.003975492519453505,0.0031919577508404823,0.004051886485434919,0.003575430846549224,0.00419318206477115,0.0047441935926189616,0.004973434857011905
153714,0.0026456141487085777,0.0032243325700492265,0.0025850500872701687,0.003461092122499246,0.002607794189451021,0.0029701032724322035,0.00427928045222542,0.0026984236073813866
153716,0.0018799521829828691,0.002696028420384869,0.0024055841600443273,0.0027869509777931345,0.0021579461944087885,0.002572864437964173,0.0028522784428092335,0.002498192890335607
153718,0.0018089771036324809,0.0032804974262956726,0.0030674979235341265,0.0031535187339119114,0.0025616340115964947,0.002903548040597892,0.00300983986679193,0.003065337666581805
153720,0.0022304520633403963,0.004134944258897599,0.0029041105292849784,0.0036098408744394406,0.00255837696264595,0.003856853808292829,0.003178889226831419,0.0034037088204753735
153722,0.002563017376030499,0.0038452314943384636,0.002730363207409728,0.004434097610213572,0.0026165585666849817,0.0033880918904947155,0.00511755771072675,0.003034005060468817
153724,0.0021728996061134986,0.0034653561500910257,0.0025744787825783405,0.003644654081212409,0.0026132561098488744,0.0031225255714852906,0.0035873768255732102,0.0023126452052936314
153726,0.0015905620809915227,0.0024534422712783055,0.001895429352576139,0.0023610279926328387,0.0017824875219760866,0.002187251954539185,0.0024624311730621212,0.002579334692459412
153728,0.002468082614287548,0.0028848423972229753,0.001890712671859307,0.003046039798060632,0.002191087970428454,0.0028560530819588537,0.0036806463425959196,0.003367143880951551
153730,0.001954056884756042,0.0032987606465474523,0.0028413598851091543,0.0036693158455839564,0.00248693805894451,0.0030946643980205857,0.003784711200699467,0.0027098969111563065
153732,0.002950140352222741,0.0031937747800667854,0.0029729734969375365,0.003893346954084942,0.003146515743438272,0.003960234953338804,0.004681557456447882,0.0035184508289598515
153734,0.0024360105562493267,0.0033875858068005554,0.0028583446365084697,0.0024754680493588865,0.0026698358622945784,0.0031993962749235494,0.003708273121895367,0.0024651445509116243
153736,0.0020466215243593183,0.0034188384341053007,0.0026060397313208,0.003664157289780548,0.002251060118753659,0.0029673440147464647,0.003176506582616201,0.0030760382949751724
153738,0.0016480476860676468,0.0029044168897209843,0.0024045727649912862,0.003146066901050182,0.002038015640544677,0.002701586960077107,0.0034236735866832735,0.002546425482359338
153740,0.0019028982345681428,0.002855998134166038,0.002427434184189503,0.003243771287103847,0.0021943465496277043,0.003237372409812936,0.0033167827755978957,0.0029013355518137107
153742,0.002738562082795784,0.003966982960491805,0.003231924332514069,0.003904185065156121,0.0029582443608413556,0.0036464674456004875,0.0037424312082992572,0.0036530273912843136
153744,0.0025423173896904766,0.0036572656353474203,0.002689611935986061,0.004193685768907551,0.002510347695403606,0.0036398194490617902,0.004580688464623839,0.0030640025331232223
153746,0.0016920362824458662,0.0024044083603139144,0.0025957072022073646,0.003093427732303644,0.0020318831840901996,0.0032104995813413972,0.003165873082391857,0.0033057094906659007
153748,0.0031238658982583184,0.0033812055458054685,0.0034592255460985655,0.004307607420024839,0.0034837655762443576,0.0032942518809759985,0.0038919180085375538,0.0042728473908276166
153750,0.003363350340859897,0.0031275635924297163,0.003538443907147651,0.005520815297934745,0.0035599311258229793,0.004889727950904366,0.005202701731236381,0.004968111532088537
153752,0.0029671175503267477,0.0037268661646525786,0.003000213249257977,0.004152152184355495,0.0030804088682154784,0.0035280616796038444,0.004216746618719791,0.003532648386192619
153754,0.002439385284213738,0.003279453284752487,0.002883360335292906,0.002911020612002116,0.00272134441586247,0.0028771281639566326,0.0035237380052061257,0.0031814257311000294
153756,0.002207776848821688,0.003677970904382724,0.0032912723990841664,0.003904936945531512,0.0028253266361636525,0.0035623462769776015,0.004662312577865757,0.003173254726675845
153758,0.0019800514749873793,0.0024541313246254776,0.002480483519375923,0.003032104014924153,0.0021308843222636042,0.0027211403675373586,0.002812556960316792,0.003084277715018416
153760,0.001982465116113344,0.00328942228473407,0.0027006885978791417,0.0034730639206002056,0.002686040485984656,0.0031205607785702583,0.003434498475418671,0.0031195557264085544
153762,0.002932701840166807,0.004207814332795101,0.003640201983913016,0.00421865693462925,0.0036079686164709607,0.0044384745287212035,0.005250602148017869,0.0035113395919594975
153764,0.0019346784120353178,0.004282472468726317,0.003260794369666975,0.004744843303129187,0.0032777092948004793,0.004747429242736578,0.003824885686768198,0.0035864509157504387
153766,0.0036255434091519434,0.004457616351905225,0.0033894251487743277,0.005413631093482751,0.0036954714891459517,0.005559056055620681,0.004859928887574805,0.004115340793502453
153768,0.0020178342844625607,0.0033153450500549853,0.0026148442139444783,0.003056538245141349,0.0022903617589178915,0.0029378807975378174,0.003598408570969061,0.003214795644752702
153770,0.0016438455009291225,0.0017126185250360693,0.0017729198443584004,0.002449884871347577,0.0017320378285657356,0.002438325602031735,0.002348394275126023,0.0022251904386967475
153772,0.0015316177466806469,0.002746415188997986,0.00225639716924797,0.0025502264736241287,0.0019226092487301671,0.002832893429237107,0.0031290454497077125,0.002493877215527643
153774,0.0025205887566510793,0.0034424131685596576,0.0031198903096500002,0.00399919948438493,0.0024780272594393526,0.00367860035832579,0.004306490618179171,0.0030293689994529416
153776,0.0020826426361145872,0.0034547489554576233,0.0026932027716032453,0.0033666246659658366,0.0030397684592081142,0.003846759975234315,0.004594168190235559,0.002839337963320157
153778,0.003490335149505752,0.004881659006188477,0.004278471425157859,0.004646811130554207,0.004257305085318075,0.0049201333739162245,0.006092323934457022,0.003416135376448373
153780,0.0041997055393319105,0.005394612330885062,0.004882369080823568,0.005198498970557852,0.004032750825279374,0.005417552488352906,0.008244637696609658,0.004662492671460294
153782,0.0022466195816785023,0.003563800564417241,0.0033565034433275104,0.0028014891953214716,0.0020627062221001413,0.003202006715277275,0.003935112651829664,0.0029754216133488637
153784,0.0019479841000757947,0.0035802876275475987,0.0026579188185502645,0.003066797695794321,0.002610389297647231,0.0025118459685718464,0.003469327891465604,0.0024126362112240063
153786,0.001809655942743904,0.0029457289700546424,0.0024158830201581744,0.003361843372992959,0.00236653799279285,0.0028024613585464625,0.004070504603341851,0.0031532166590249183
153788,0.002236779359236829,0.002916395254057416,0.0037005722630505944,0.002970112611511644,0.0027218306647047857,0.0029891724961245286,0.003189823949200102,0.002844988599944434
153790,0.002143068557303174,0.003097556026697715,0.0022122562959392966,0.004348775381048997,0.002226320520329672,0.003240802850954641,0.0037165106681214533,0.0028294602894329973
153792,0.002709468351180813,0.003522377257894116,0.002868128909059353,0.004023623423311307,0.0028664098101960495,0.003115401148839292,0.00326500516242062,0.0030187409207658167
153794,0.0026737817718667234,0.003345615666297888,0.002727942209527004,0.0037578450797977198,0.0029622453839866503,0.00449162434394168,0.003744918424464727,0.002826529893312904
153796,0.0024819019596251796,0.003292780569268905,0.0029963232811959367,0.0030352400538880553,0.0027056461654970665,0.0032662130640043335,0.003974338847223757,0.004017382726251351
153798,0.0027720524076070424,0.0036411127764473528,0.0028176457776397795,0.0039094683821332965,0.002964350350165512,0.0037050425208878246,0.004543513418310552,0.0032883109277135336
153800,0.0023315639043343245,0.0021187577998408452,0.0021535622088343503,0.003007719625558458,0.002212868198265605,0.0027893854223970393,0.0038878134577109563,0.002474533981675686
153802,0.002861249229127394,0.0028581367099250188,0.002448770556229954,0.002830594263919517,0.002691256310956902,0.002584997053755922,0.003538364575427444,0.0026673056371615544
153804,0.001684945461109033,0.0023695247891342697,0.0018247617025563129,0.0026210053915500797,0.0017382958529226777,0.003079729909262474,0.0034452569211590595,0.0028459023011944695
153806,0.004304416802086486,0.005645611954570917,0.004257093132796541,0.005680932100294245,0.004090934131098012,0.004804431010597909,0.006419266492287079,0.004668259539217845
153808,0.0008911633154361533,0.0012079775398052967,0.0015940206229538845,0.001319170066289621,0.0011478571137593097,0.001478343405647134,0.001556749375344904,0.0012160703565553682
153810,0.0022989563165054655,0.00347083681029349,0.0031620937296585883,0.0035066264414119197,0.0030264306850669304,0.004051256689359184,0.0048713552065549615,0.004035204909031087
153812,0.0015228754152055851,0.002422939871102439,0.002328926525010877,0.0026649412271573802,0.0018749192786620683,0.0024427697129521114,0.0032422226265054754,0.003027355442328364
153814,0.0019199434042915936,0.004180760194674671,0.003109643319547717,0.003780783618628769,0.002338960326032924,0.0034822182367384574,0.003760171108863411,0.00339307278051261
153816,0.002081768210510773,0.0036371431665905285,0.0024360454907759177,0.0030602741972191178,0.0032102272943257543,0.0034860078274912,0.003987761096873266,0.0028549335254882124
153818,0.001798108354027994,0.0023630492584753165,0.002314190445152145,0.002568443931810771,0.0019132160027651168,0.0026764584523091828,0.0031623069863127157,0.002317200699946134
153820,0.0017911903526943718,0.0030847432322525514,0.0028947051494021686,0.002850441185210398,0.0024946482094667793,0.0028349420145481474,0.0031739997441017215,0.002514608845965452
153822,0.0030485309731132504,0.003204331421260642,0.0027339678893007063,0.0037792504401819166,0.0022988066369686866,0.003230741421976338,0.0025308049369027336,0.0030335741647830178
153824,0.002072505228202459,0.002883358334926714,0.002868688754715812,0.0029331993544656904,0.0025684401558714876,0.0029710023276594694,0.0036678835020265282,0.0033238738450359073
153826,0.0018166971242392638,0.0026075906389944614,0.0020509196248097994,0.002927434733408285,0.0022988073514179086,0.0023529804901984003,0.0025249338366984397,0.0024935948204438674
153828,0.0023078844416946215,0.003871110952794257,0.0034161005389843485,0.0034191277062872866,0.0029315576770747587,0.002928584946092508,0.0033510159390509747,0.0037587997061484663
153830,0.0020325048815894725,0.002955098951462398,0.002735791776085128,0.0037346667149834034,0.00320286599497234,0.003853590096365933,0.004332726660021047,0.004096981778794806
153832,0.00323166765684052,0.0061787735396592325,0.004267633947756588,0.003939756023755514,0.0042466391512299695,0.0038866386714895285,0.004703603934728184,0.004538497717693213
153834,0.002794383531238509,0.0036974306437348586,0.0034796924018599823,0.0042469159057534345,0.0034859255666132155,0.004266553486542757,0.003816185009048248,0.0033767022441528877
153836,0.002141487772874484,0.003479438814008029,0.0029719831595720336,0.00399115690884444,0.0028521117204860502,0.003292813489533933,0.0035520906489562437,0.0027936002143892497
153838,0.0022351848067492797,0.004516906187191694,0.003162997920221289,0.00396850634834417,0.0027577332889828915,0.003386253343926393,0.0038852759746826337,0.002826507315030702
153840,0.0016760941025029674,0.0025165004451939282,0.002816125331436048,0.002929824913051826,0.002470107713704872,0.002952340601347636,0.003449733486249551,0.0024427130042665862
153842,0.002110794110890879,0.004412413673838211,0.003275090768500244,0.004293546493397082,0.0033190384572573534,0.004132069208735933,0.004566310169665189,0.004375206740397042
153844,0.001967765038499769,0.0029918012832352986,0.0021746204913632994,0.0029806076305361473,0.0023550977403253293,0.0030237965573966102,0.0033012713197634463,0.0028826850510919044
153846,0.0020986659219138226,0.0032279935687041933,0.0028314893961534637,0.0030027909517284096,0.0023510780551208033,0.00346688482354697,0.0034333179070507175,0.003271791807147109
153848,0.0019698844701172696,0.0030678957314028837,0.0031499416238168904,0.003089980961505978,0.0028666774753993707,0.0030604353555505615,0.003274550987495184,0.003160657262700331
153850,0.0025069081756647904,0.0038658077655667894,0.0031329192712314935,0.005020689580668369,0.003010782118053737,0.0037968711529595828,0.0036018235250239727,0.0033021485256390926
153852,0.002367406137654751,0.003031215860959127,0.0024241818208715765,0.0034783147004713855,0.0026900296484977937,0.0030876107650868456,0.0033348780952702356,0.002919595687345136
153854,0.002004457184626496,0.00251624554979292,0.00243374770051924,0.002907419514663667,0.0020532106375497627,0.0030317052525710153,0.0033594609100823375,0.0029861254951486643
153856,0.0017200756491832087,0.0023914326863359175,0.0029807569147975027,0.002767573650974145,0.0022303816891949962,0.0026768816954012564,0.0030862500937400977,0.0023189770795901815
153858,0.001577105129571002,0.0024360223236408324,0.0026334439345428035,0.0028947748993919525,0.002295580602693692,0.0026002479774417525,0.0030804039060028376,0.0025339746329320484
153860,0.001518078596687511,0.0017701636791511849,0.0017140158681439172,0.0014990099688588915,0.0014849412589064276,0.0013198721166283178,0.0018103352262100053,0.0015270266860463316
153862,0.002334260010826719,0.0032216669475639836,0.003249125710809278,0.0024062946021894405,0.0023554126799158054,0.002221185267362813,0.0024213609345080794,0.0023070498262379863
153864,0.0024357038786313595,0.003710065936928922,0.002953879967946327,0.003796753625418106,0.0034037049083865956,0.00409896780729313,0.004694173896724385,0.00423020060260626
153866,0.002249025506169622,0.003745743728176487,0.0032354082510495236,0.003924320814092719,0.0024979344553301003,0.0029786416575952046,0.003380074024496041,0.00327520333507364
153868,0.0019771642022005237,0.0025381056354637638,0.002730894257900754,0.003334753751539632,0.0020559187719790956,0.0031087870835172643,0.0035427548616751153,0.0034482838511579322
153870,0.00435210625582827,0.005214540044762295,0.0041987032318502315,0.006645427571134788,0.00438340718198682,0.0059700244264695446,0.0073408939553459285,0.005151140014536537
153872,0.00199083767108367,0.0028622552233362186,0.00228340470656363,0.003699737449110785,0.002553899644291549,0.0032524548689588095,0.0036141565701266476,0.002596754604385923
153874,0.003657679726711882,0.0061183233110320145,0.004057031019501223,0.004696094478973123,0.003289775685190399,0.004511663979500646,0.00560760860921139,0.004068353449838469
153876,0.0016540516284946488,0.002731850201031172,0.002346364851986818,0.0028794557423662687,0.002407874469252891,0.003219676275193706,0.0033257013962364468,0.002875939355673221
153878,0.0026722910263421995,0.003082545885643176,0.0026863204458118517,0.004382557790055197,0.002852910758620375,0.003870606150119471,0.004782375917727899,0.0038318296562167703
153880,0.0025939594716485465,0.0042203798801910275,0.0034167367861714926,0.004500950762237332,0.003608998007318523,0.004173450494542819,0.005575620305137363,0.003178281405994632
153882,0.0024281867619271313,0.0029793675360789834,0.002845614543001196,0.0036072114365931635,0.0023612854006815898,0.0029413002807949923,0.0035635826247650826,0.002552513849507998
153884,0.002846223462876163,0.003734771894478142,0.003360892186998324,0.004405748734377435,0.003408999585756911,0.0036530899853616378,0.004202348032819936,0.0037828422403591994
153886,0.0020859570554682266,0.004021733223314783,0.0026412824195988366,0.0029869345378144008,0.0027963495925771437,0.0034905455555076514,0.004699709015618725,0.0031407492618831245
153888,0.0027899796385524867,0.0038622809636717492,0.0034795627500706083,0.003599012853829922,0.003190005315635569,0.004174289003513687,0.004224610331698964,0.0034938420101582462
153890,0.002154928504605247,0.002847213692947284,0.0032349620115015854,0.0026561437366914853,0.0026786154910107968,0.0033935575724513556,0.002898431937224513,0.0026321181389438314
153892,0.0034021302579293616,0.004412297865125092,0.004039539471627274,0.0058283833261454365,0.0034150602870722246,0.004124885479234175,0.0051162317100903465,0.004182788589570885
153894,0.002048329095845125,0.0034853691214584703,0.002514240847780125,0.0031746378003606607,0.0025080035506386267,0.0026361936918862933,0.003192229682924888,0.0029690545466218854
153896,0.002541407601530113,0.003844110277847604,0.0037332248580091015,0.00358190743572373,0.003012961102135725,0.0033190191416601067,0.0032702939908091366,0.0032451136172518963
153898,0.003443376257696029,0.004904564584876425,0.004616283552137335,0.0049603853375948526,0.0040351774585368205,0.005020123661571896,0.004469326826701592,0.0043406241028878245
153900,0.002268249705091263,0.003382647946782724,0.003808542511749613,0.004188698309008032,0.0026401407032050767,0.0036387748851936103,0.0036110415592824907,0.0026182002837993323
153902,0.002577687429110631,0.0038722258999271397,0.0035271646963323106,0.0035945418260181633,0.003061531014937613,0.004401720157208244,0.00456541202495947,0.0037712721263630927
153904,0.0020773495969051425,0.002857450446550072,0.0027259630051502115,0.00330178033328693,0.0025923504102448036,0.002847927353699653,0.0036153893316106522,0.002968767529289998
153906,0.002218522304432702,0.0025877873548694197,0.0025481571281117527,0.003480439155282511,0.0026460387785926104,0.0032588120589880365,0.004048772128249001,0.0024505549836285057
153908,0.0030519697836345477,0.0029394256809995994,0.002795966252871429,0.00467671067581521,0.0027729919862773955,0.003170418165236777,0.004428451500516906,0.0029938396733228956
153910,0.0017972415322709545,0.0027206619527966325,0.001985272597805468,0.002883710410062426,0.002111525337370246,0.0029480711830079387,0.0030091266336541717,0.0024837856749577863
153912,0.0030978363480783783,0.0031342305429440387,0.002702259280541741,0.0035320519148456797,0.003030090779279959,0.0029798262880827014,0.0038867989224984495,0.003342006992282945
153914,0.0019174307861524742,0.0028690539008826565,0.0028521121183855552,0.0032469312767707953,0.0022248794090382606,0.003014228620102935,0.0029845525120415634,0.0027109003782367497
153916,0.002338410493347931,0.004123898839154594,0.0029148612624132486,0.003353988247371001,0.0027593780029357973,0.0038502681273789308,0.0037720486206205828,0.002931073613219093
153918,0.0030271873686700396,0.0038477138124728416,0.004963476563646374,0.004288034527348883,0.0033217500661948535,0.004727224525892526,0.004500049072703405,0.0038503379368777374
153920,0.0013968914136142652,0.0026204683542128127,0.0029418765170696887,0.003032580348768646,0.0021878523737819955,0.002677251000406111,0.0030536217764307594,0.0033743924247093965
153922,0.002947982994428777,0.00522816944395843,0.004099133808410649,0.004748405697682978,0.0038053181531703117,0.004495665869832743,0.005397107990204264,0.005001856148298067
153924,0.0020314805253313223,0.0027309538291021007,0.0024519021237950356,0.0033307192171330713,0.0024295203958077938,0.0035509077975294373,0.0036258027149784766,0.0027550319043335852
153926,0.002194544095941567,0.003630046688052349,0.002444114711817616,0.0031518089800839366,0.0026014536181562797,0.0036033319132550284,0.0031107298828465663,0.0031658009778135487
153928,0.0020593572503713325,0.0025449379781081888,0.002559823153282237,0.0029250132928260175,0.0022238575573121366,0.0025787671330432804,0.002641935705696166,0.0024896697347092656
153930,0.002347838280445172,0.0034074946022180086,0.002988060539469442,0.0033385832247043723,0.0028085786116813782,0.0037891347475283027,0.004312690598736124,0.0030286325445791906
153932,0.0019988304575244698,0.0030027917682782373,0.002299612963547207,0.0036461138243920055,0.0021787479699453827,0.0026003239629318747,0.0033129100800573102,0.0027498847135937338
153934,0.0016949156123962639,0.0025422963522873238,0.0022371807292249773,0.0029520211986328176,0.0019449241439484372,0.0023738985214747377,0.0030351550861718174,0.002524991866262996
153936,0.0020028510277478873,0.0022270391413139468,0.0027147464583726078,0.0026867471712666152,0.002605838531345661,0.002746464777260829,0.0038215710493773175,0.00239858037927676
153938,0.002033273486204537,0.0026041140071653285,0.002264946615742558,0.002739440984213651,0.0020553772725340758,0.002777742530232788,0.002746443301973933,0.0024746095901218568
153940,0.003646524584478686,0.003777577445523983,0.006609652097694374,0.005130774865842513,0.0062637552053584344,0.004774944882811383,0.005552127692695308,0.005964174688642743
153942,0.0018497437906677683,0.0026740749622072985,0.0023662719627331463,0.0030842768874635024,0.0024970806721862915,0.002965420154098078,0.0031541877850621014,0.0027375199836257025
153944,0.0016556392037249262,0.002736313221007869,0.0027965249211379106,0.0031531133209377615,0.0021288652438409272,0.002972023371042312,0.003741723396252908,0.0027349473589597523
153946,0.0021536929063151883,0.003135197906766876,0.0023587615251858957,0.004456500164483401,0.0025010123383420457,0.0033248812129916955,0.004182657524014255,0.003940840120613631
153948,0.0022215448510998215,0.0031789534987760604,0.002583739182546854,0.004041563632182721,0.002617170291030535,0.0028197280110392603,0.003394585862620883,0.0030736238853832504
153950,0.001932358895150088,0.0024424696062808615,0.0028382054140116963,0.0035644606508747345,0.0023759605151946334,0.0028203298026241996,0.0035044291717384463,0.002713060770544465
153952,0.0016102519058171089,0.0026924967841990416,0.0022906509445563966,0.002894433773816596,0.00228512712841579,0.002435681816237781,0.003144562634938508,0.0021835710928608393
153954,0.0037275721152292413,0.004752254996198468,0.004112068363165078,0.005555197053085159,0.0038191008633625817,0.00446472363308642,0.005051733980066031,0.0035459689474718475
153956,0.0022091003507447443,0.003797390407735135,0.002552461527217789,0.003406335208604505,0.002434422586918006,0.0033587928836676384,0.003520153397747805,0.0029225465339140083
153958,0.0026750332403759902,0.003074040679295287,0.002669882059480655,0.003091868990523494,0.0023516944104118864,0.0036852850177640506,0.003266001441559807,0.0029658538914457133
153960,0.0041420600161661825,0.006721724173268717,0.004430698800517219,0.005807631311061101,0.00505970903285502,0.006231678344894631,0.005468573865442805,0.005047151199391087
153962,0.0016576279287475876,0.0020745751186272005,0.001999560352065069,0.0022483923734695765,0.0015165894663278362,0.00205595694649624,0.002167202348222,0.002143874692153838
153964,0.003831443176877794,0.006431660228574998,0.003974299392339731,0.004592428116281022,0.0037624992286267034,0.00477013334885279,0.0047991173875152615,0.004214135392487606
153966,0.0023659360033584514,0.003329608643577578,0.003215495668787094,0.003403943115224628,0.0030283582421248983,0.0034941168216424817,0.003981124240209022,0.00305542741791244
153968,0.001442202924628655,0.0021874659076054487,0.0025037614237715666,0.0022358002239508817,0.001663686963734326,0.0022090842422529816,0.0023447717453004557,0.0019381468477054492
153970,0.0019528236606589644,0.0030797844878494574,0.0021921863364804395,0.003363125656800761,0.0024221191705292716,0.003628552465389845,0.0033496333373770476,0.0024748401288867683
153972,0.0024956463621572805,0.0034615988452755403,0.0027823061386090253,0.004422977457694766,0.0027061011660994283,0.004195057116767542,0.0038105217505517985,0.003424900458777691
153974,0.002783864208759701,0.004340031152567869,0.004011746172740749,0.0027588762799495847,0.002812928790599592,0.0034170830235966815,0.0027101168279382165,0.0029238831197739984
153976,0.00177647852396845,0.002729657426244536,0.002371633140187124,0.0035954964783604937,0.002027440029342978,0.00302496841409107,0.003289206920609536,0.0029831532962713153
153978,0.0026313013428880816,0.0035290304788099386,0.0031308278103416853,0.004344458641565796,0.0031225697031712074,0.004399202490962262,0.0037664365090435276,0.0031776858231574168
153980,0.00305307421870632,0.0039422508857703265,0.004021520603605444,0.004627480757335434,0.003063716323649379,0.0038880578206808153,0.0038852476457574975,0.0029882564406294443
153982,0.003200413263241955,0.004215753889824703,0.0034425561151745776,0.00441030460979519,0.003467704348834713,0.004404771580775402,0.004224779826290936,0.0037749873932892003
153984,0.001879040336505003,0.0025603241574373575,0.0020014621679803057,0.002719921678204798,0.002339184457241572,0.002654366560765356,0.0031821834752565753,0.0019636378876839444
153986,0.002267675251567805,0.004623478678615955,0.003428933593696573,0.003791272712044824,0.0038586803316962293,0.003300331738502804,0.004412063282901946,0.004017776583112642
153988,0.0026069792744585346,0.00597926644998048,0.00419914643398972,0.005518437312308999,0.004444669421711789,0.0049724092623396055,0.004355628206557327,0.004412136527314703
153990,0.0013909174886195808,0.0025171287688957045,0.00284357005058479,0.0028405148153363285,0.0019457962936734324,0.0027559646829298234,0.0026567097628762415,0.0020251235444315174
153992,0.0022799251681533544,0.0037333550553190348,0.0029611911540721736,0.004072995822659353,0.0033780120411428527,0.00437461636048303,0.004381797254584763,0.0037582205212469827
153994,0.0022917886089646317,0.0031332695841435054,0.0026305274720113264,0.003226586646340582,0.0034104687875075174,0.003690678846695064,0.00348547732786747,0.0028335200233864516
153996,0.0014867704104268853,0.0016996926995461875,0.0021524621560301688,0.0013924067115367311,0.0015507740553950683,0.0011976710518169092,0.003259910337784222,0.0021694664727140017
153998,0.003061411051698562,0.004138453921825658,0.003778017068795103,0.004237972077504593,0.0034441571451262476,0.004295921428859595,0.004775223931464068,0.0035627149352211035
154000,0.00162092295559213,0.0022902793924895054,0.0024446333644691093,0.002000813242907254,0.0015460896070438462,0.002385575701430165,0.002719280576891095,0.0019325681842592562
154002,0.0029174233709226005,0.005583840406802543,0.0031589371994267257,0.00418293604077663,0.0034143049083171922,0.003945742398416607,0.005890997530415609,0.0030174184306864943
154004,0.0030454645500671007,0.0030972566442011434,0.004086709246285347,0.0038686669756780034,0.0037217863849393767,0.003577320490369351,0.0046303336368966885,0.003351825104653386
154006,0.0025264993710050337,0.0036501819536965407,0.0024350424179466756,0.004127643146645321,0.002601727994591352,0.0032285117184533,0.00420766547716106,0.003929866675921545
154008,0.0028279021883582806,0.0039873724777664266,0.004063289126296832,0.005300426246317491,0.0037274611237249206,0.004968295337310968,0.005842228313197639,0.0037895800879664265
154010,0.002190208848119879,0.002336107015445968,0.0023794911099206534,0.003021883559129593,0.0020126042492225743,0.0027983198924726033,0.003007021351921227,0.003392018249804854
154012,0.0029861849379354682,0.004400775083011121,0.003646637963735669,0.004726446942201257,0.003311160216540543,0.004336623455520661,0.005147943841217251,0.0034075511418346083
154014,0.0024798790797684322,0.0034462536491544626,0.003041516172808123,0.004397969127065915,0.002758702135600158,0.003992077641218117,0.004197229921862666,0.0035866954335750934
154016,0.0028188877468000723,0.003175495079513216,0.002697483592198291,0.0036752259762771328,0.0028295451017536083,0.00335717901255439,0.003578146280184949,0.003367080327924668
154018,0.001185291832153601,0.0022974550978569486,0.0017384608046196043,0.002652240029821229,0.0020056418708469664,0.0022034803049080787,0.002604203736791391,0.0021403329000562743
154020,0.0027577505044813627,0.004234326401629573,0.0037575532349847784,0.004485684225105979,0.0029762796066795105,0.003888240401067833,0.004090849307027078,0.003473914476210052
154022,0.0025977220920631178,0.003411725060227022,0.002931672648113906,0.0029586111100443763,0.002390781272266898,0.0034671550631529963,0.0040581880876653376,0.0031517069198940817
154024,0.001772170459493086,0.0023552467102741503,0.002399239058969563,0.0031041768202366843,0.0020744726345773984,0.00263874012148535,0.003376573659595261,0.0022378341336765223
154026,0.002104515097267959,0.003150620332306675,0.0027647354260618706,0.004005237435761311,0.0031839603040540454,0.003306385069974882,0.004107038967582577,0.00329929343205837
154028,0.0027857691526929212,0.003822957540098995,0.002910826455183868,0.003649007183462949,0.0032821593493355256,0.004246006048478856,0.004631752293327518,0.0042734259928539076
154030,0.001481796512962319,0.002161590508240399,0.0018887321229633797,0.0023734121100780214,0.001738730770702246,0.0020961528526850653,0.0028097775076938447,0.0020250125661687296
154032,0.002722034738909196,0.004631271609125742,0.0027298664649899745,0.0049835724908203205,0.0031418074184608735,0.004283985045905325,0.004058386485895016,0.00368427691217367
154034,0.0023701283231037373,0.0036898999117310205,0.0024085256481485434,0.004042853031936744,0.0025640174174255126,0.0037448327075240706,0.003842617886107791,0.003297295601266806
154036,0.0029123489308359313,0.0038235343205909184,0.0035411257536425295,0.004115810165190803,0.00342103180590915,0.003715942017491758,0.003879620598177036,0.0037121156583331955
154038,0.0016680528685883989,0.0020677396938678094,0.0024302464842199806,0.003159200183407762,0.002126649898297972,0.0027162532689088,0.0036288105323385583,0.0024835951919612853
154040,0.002509070428061158,0.003817903819692839,0.0031460468418025855,0.004363310248667318,0.003440419656819904,0.004075119665722049,0.00470661307708925,0.003675842998870929
154042,0.002406803378293354,0.0035211485215093236,0.0028068735084297997,0.004009686089318842,0.0024204334667726896,0.0033547162107483985,0.0034969659849620888,0.003513551392399228
154044,0.0012371191493887462,0.0016961657903397237,0.0019120641521564036,0.0018368551763031093,0.0015930221865584487,0.0018925331653187882,0.002211948974862113,0.0021622317406324587
154046,0.002424771730079059,0.0031046575363892354,0.0028967206212906493,0.003958936295461735,0.0028240816654484663,0.003416179359000404,0.004201247858716395,0.0035140296991477277
154048,0.0024441029248968432,0.002950352003519688,0.002879818774323764,0.004040515968708969,0.0029903771455543904,0.003155686399067617,0.004327153325661692,0.00314433869719416
154050,0.0028037986049250924,0.0028076981626257713,0.0023729783747906824,0.0032964275956786637,0.002579862200329741,0.0034829999981678267,0.0036484549717587106,0.003028432454268648
154052,0.0027353331171101752,0.003730813431688809,0.003450714230135779,0.004008211421029861,0.0030663599393315893,0.0038884164813794003,0.0042125636289141455,0.004444528354934862
154054,0.0024251140423894313,0.0035202254521863457,0.0033082245205014044,0.004616891032003745,0.0031787816882986736,0.004309026612663525,0.0041035493356327835,0.0033283495296721477
154056,0.0022824147059342798,0.0035754535674306087,0.00274797997301969,0.004160231300375017,0.002361775999174323,0.0037337998373799253,0.00427053142688788,0.0034117315880534266
154058,0.0015065136435854637,0.0019817831251045664,0.0018849611029514574,0.002560855750430316,0.001946172291908424,0.002338132358837619,0.002902915757550098,0.002056868848475793
154060,0.001930004764452209,0.0032114157325082715,0.0025898765184580036,0.0029610885794091463,0.002511008478460211,0.0029199217857084486,0.003954418438750773,0.0025784323022799566
154062,0.003153517478723167,0.00563755683238748,0.00401049288443206,0.004677738941636866,0.003633261947564359,0.004876441230060813,0.004783594029377447,0.0046061930889643166
154064,0.001773084862053631,0.0026140838141564537,0.002429579521863748,0.003103478644242,0.0025510877885033395,0.002988629525877917,0.003091405835693506,0.002439437538387726
154066,0.002753672325063461,0.003548936372361533,0.0033692860118874624,0.004936941286232122,0.00412361655357163,0.00435333022291845,0.00455384674925835,0.0039161683541011905
154068,0.002481626924220104,0.003273610101230409,0.002942040993175965,0.003226674675809185,0.0021151401942765546,0.003575490990216146,0.004073896462346349,0.003519804629325121
154070,0.0027726314360132648,0.0036505555792567534,0.004263841255749634,0.004683136897183582,0.002978067523928596,0.004583476444254553,0.0057488733524933,0.00342965480967955
154072,0.0022133259537176486,0.003792249468433387,0.0072932962011163505,0.0033389599211509774,0.0039418878796309564,0.0033727125016983633,0.0029555056052146256,0.00510063214562978
154074,0.0023308444383475374,0.002603504190834674,0.0031885541078030682,0.0043192387728510084,0.002592389483161442,0.003374428780062458,0.004096095757090412,0.0026281908818642924
154076,0.0014101825728810718,0.0021197545296608583,0.002174589916607239,0.002325911894817248,0.001892401897170562,0.0022153559297690695,0.002473052437523826,0.0018654590119879938
154078,0.002011699540555023,0.003181189138404608,0.003114923759897581,0.0032489227115339997,0.003132221623027412,0.00326559013867489,0.003906180151119154,0.0031981649786780864
154080,0.0020328824471683854,0.002914055203562249,0.0025248780540682164,0.0027894641228876083,0.0024061418336578932,0.0030539738037511782,0.003513791645828823,0.0022529747028193214
154082,0.002529467016549894,0.0034147180705526026,0.003366164279840156,0.00420062297760726,0.003231572359061477,0.004155322373257386,0.004171256906889909,0.0032350154060658554
154084,0.0013379410607528147,0.0023328826138888648,0.002074569010235408,0.0025794009117925537,0.0017280856804835626,0.0027985480980290967,0.0028844050213089473,0.0023629358969624037
154086,0.0019403273969294116,0.0035862835954001554,0.0030526246817000335,0.004063825814146826,0.0027980298207752746,0.0033125571544184162,0.003823353726493242,0.0033063897825650473
154088,0.0020031431296472224,0.002072674824678211,0.0023062733256480478,0.0026273937905335054,0.0020898207373285516,0.002705671356182507,0.0033180525751144163,0.002344294099163813
154090,0.0030977903181055866,0.0039712929427882515,0.0039557088578728306,0.005036078739452998,0.0036722536109785736,0.004651252144711793,0.004450775187290257,0.00406641666251617
154092,0.0022255893616582867,0.0034978564764651665,0.002539466112885816,0.003859717111922345,0.0031921025553384302,0.0038122806877441406,0.0036181042083281018,0.0033241393114169515
154094,0.0022524248174482647,0.0035995528181194253,0.0031903752181511452,0.0035454893591604364,0.003008282307584556,0.00337822639574005,0.003652547371078896,0.00320846003132097
154096,0.0016267730522123852,0.002534666650734485,0.0024254270243041637,0.002648821943855864,0.00215803133757847,0.0023468769982182835,0.003110228336546117,0.0027360587278536658
154098,0.0020257978614133393,0.0028024124505666853,0.0020207963057988915,0.0028592796029271034,0.0021645972586093465,0.00272741922823673,0.002950408256288617,0.0030801967371918565
154100,0.0035380818249098334,0.005978058960318444,0.0039829569123984165,0.0047567173266065965,0.0034256404377736166,0.0049859364777360415,0.00499779958404134,0.003986509679315908
154102,0.0020601687904731186,0.0029298220900647737,0.002583084801533478,0.003184748623229608,0.002594876340063071,0.003438923481939915,0.003520408906999839,0.0023328120813772557
154104,0.0014923362870098433,0.002084476057851392,0.0017632899984632022,0.002387983168954888,0.0019171231451366039,0.0025282871669871643,0.0022918239203098545,0.0019629426380985415
154106,0.0022687546739752623,0.004273619843033538,0.0034275838627063765,0.005390250691887977,0.003546396655803599,0.003869905321644218,0.004639337016834111,0.004489438522199907
154108,0.0017580775181548353,0.002651441217875805,0.002339578334398587,0.0031613672865061226,0.0022687135078581916,0.0029562452683152274,0.003360768223078736,0.002830836466869449
154110,0.0018637072348115513,0.0039729411364872735,0.002883283521729396,0.00358438801694666,0.002900602790645801,0.003557215948444062,0.003916723213743589,0.003626014024680005
154112,0.0030384421919894683,0.0037336400405707654,0.0036660905335135358,0.005117214469001263,0.0031053525234581297,0.003541752698613135,0.0058131174814290976,0.004243398395893883
154114,0.0026665191794352783,0.003525219780600178,0.0036791634331137524,0.003728748089826317,0.0031922557822790104,0.0038274250393777742,0.004113910856586023,0.004285790540763446
154116,0.002674274541173541,0.003267481664976979,0.0030681379776673623,0.0036231804747877683,0.003692961359477845,0.004847368481864456,0.003989856014086968,0.0043197480332004545
154118,0.0011582324426911428,0.0020743837266246207,0.0016571462554289124,0.0018510212825981753,0.0014149093344965197,0.0022173282461725036,0.0022155810725026925,0.0019508967251696263
154120,0.0028974841739304313,0.003727965147611881,0.00310757833383192,0.00416544510150102,0.0038937644379056224,0.003550680041325416,0.004237810078823401,0.004168913802993723
154122,0.0014465440290301196,0.002896519724213467,0.002831969131094958,0.0032724515516731195,0.00267856574789338,0.0027370740429342177,0.0032389207598010478,0.0024503277916526067
154124,0.002138642176774397,0.003302669595709476,0.0036556770757591034,0.0043001797923625795,0.0030378319352175748,0.0042538678278101205,0.004080160895597595,0.004311647500512772
154126,0.0021455560933594797,0.004430599613736208,0.0031600905575662197,0.004515662439336987,0.0026626497584421177,0.0034608422814963596,0.0038486437327387435,0.004178898936925413
154128,0.0022133560985404532,0.0036013437511540763,0.0030466249702263415,0.0039468011064563435,0.0028434369555641603,0.003992748957822256,0.004390415584255847,0.003428223359524099
154130,0.002035528741086756,0.003942093705802618,0.002924641379333362,0.003557754545891037,0.002519917737915503,0.003967493539732914,0.00375948309209119,0.0027813076151590593
154132,0.0019517346639352784,0.002704093095627025,0.002286662080087931,0.003083413394414869,0.0020977932573391783,0.002892024019823816,0.00311517035083754,0.002410293891043358
154134,0.0022900968366808133,0.003602839517009626,0.0030001903957233567,0.003607555558732267,0.0025366397012527436,0.0029828574599142232,0.003744297910682551,0.0031328838239922524
154136,0.00199010903806264,0.002847147698754618,0.0025218270468553433,0.0032991500678709734,0.002466517156186898,0.0031291296377369826,0.0033433427846285557,0.003263334394437281
154138,0.002188902870003062,0.0032284168905539895,0.0025915458771039873,0.0041247141724421454,0.0026180218693581114,0.0034193769084001208,0.003191493051613384,0.0034692304681924885
154140,0.002845864144575272,0.004219203786546055,0.0027551859876889934,0.0038957629053593124,0.0037207742077987604,0.004774095430648606,0.004184093574824743,0.0034954967676539273
154142,0.0021149836028942076,0.0020724255202558967,0.0029348314006808623,0.0025208453682502713,0.0022188251684186616,0.0028216788244939256,0.0024916025107144524,0.0023571917064499903
154144,0.0018183561400434561,0.002830318775615473,0.0027492459503832833,0.003924991077255913,0.002759175273179315,0.0033498825813522842,0.0036445016010203113,0.002862426228046902
154146,0.0020886553666637497,0.004081914352255467,0.0032728598764991818,0.0034897655885102186,0.0028253638627945415,0.0038458196555397756,0.004067964724916939,0.0035419021272089513
154148,0.002563717497699583,0.004202915079578651,0.003957925646322025,0.0056172571172963814,0.003324037075536135,0.004954522527394423,0.004486422782170374,0.004686322079895666
154150,0.0013185628919881176,0.0018597948511347995,0.002236890005489267,0.0019118025495681312,0.001704168616094584,0.002136676939354723,0.002487902708120382,0.0019856550468538986
154152,0.002195971160912427,0.0028295359863497738,0.0025120147529894,0.0033241169740314547,0.002648618332181718,0.0032754864656126537,0.003738399899600023,0.002835072927061477
154154,0.0013397433394360392,0.002036167469745609,0.001992018326296696,0.0024433386774270205,0.0017745374116746732,0.0022018703983453514,0.002913377540742293,0.0020147553777827426
154156,0.0015074501720364758,0.0025361882968249483,0.001958966303340637,0.002750454388874682,0.002225716602757777,0.0030387563790302274,0.002704722329689213,0.002384155232091567
154158,0.003385734391734299,0.004575724854874119,0.0037461272289630726,0.004758444048811816,0.003734148124324835,0.004968421377142873,0.005403601596186081,0.004771023618859671
154160,0.002257600283675512,0.003079434283654106,0.002913561326371772,0.0027034155110104013,0.002422717263418639,0.003808771036069039,0.00394402311958203,0.0028901964342654823
154162,0.0014758060926125527,0.0028930995285737643,0.0024225757093212508,0.0022935598617126463,0.0019034670461076791,0.0023989398137726076,0.0025646720201345646,0.0025724026418372237
154164,0.0028704524460076986,0.005275931249004495,0.00342689993758806,0.0036303645137331225,0.003920849990951547,0.003906439060770206,0.004239861967474889,0.004309196814106464
154166,0.0015458159950643285,0.0020271220086122282,0.002063173217359271,0.0026263654272718068,0.002058542151683662,0.002601015481912286,0.0027793456713760684,0.0019527291679555386
154168,0.002134405211111204,0.0028039650927281917,0.00287245227080736,0.003265958436629593,0.002701379781403515,0.0031931659587430966,0.0034621323469616883,0.0026306593086356522
154170,0.002674546951511536,0.004512405673118336,0.0031510590435438607,0.003955290877721895,0.0032152388013886313,0.0033920468892143646,0.003355833984601597,0.004037857635058595
154172,0.0021694005375805375,0.0033507804539815306,0.0031934206798291953,0.00352552148169262,0.0028095125122769155,0.003700247753066821,0.004596112655717244,0.0030933858789744667
154174,0.0022894536706809104,0.0035953785359726376,0.002491686933374662,0.003517198033245808,0.0030174323458176527,0.003639474690454725,0.003833784950015018,0.0034941467697008483
154176,0.002646237308584612,0.0029453100503158552,0.002924718741839097,0.003826817084968695,0.00264334671161727,0.0039032312356666043,0.003844719142332212,0.003361454588613269
154178,0.001769323990986893,0.002230112518333771,0.0024133974723048457,0.003057976813026164,0.0020133811174089106,0.0033723711156321556,0.002992991380681445,0.00250006265977544
154180,0.0016426781726863737,0.002523060401744673,0.0026201094700202404,0.0028608240066197027,0.0027720524076070424,0.0030695479003819415,0.003272128916356698,0.002747325810192658
154182,0.002219361811335363,0.0028642725271713076,0.0026542483338261175,0.003406239978362438,0.002745327873892048,0.003323960614434407,0.004262433415737343,0.0031852338559141963
154184,0.0017433713083982033,0.0021760076995116506,0.002376422852839122,0.0024156431597393557,0.0016836037371442125,0.0025618734713503954,0.0025087830690418006,0.0025267341868212
154186,0.0017749881398548967,0.0023068333233023375,0.001995790719928628,0.0032547234277322534,0.0017873218063392399,0.0027072070467670933,0.0027856413496896715,0.0023765180135364994
154188,0.0018698228857117472,0.003662321045229691,0.0024079011581791404,0.0030105274299599416,0.0025454010614740646,0.002799864304370639,0.0039823663490894945,0.002966260472931026
154190,0.00263633255634943,0.0037598344022191643,0.0032606254669226425,0.003566755861008089,0.003307667875278364,0.0040894750890141385,0.004305266409859121,0.002867861974095179
154192,0.0025068391631155734,0.003514122007706233,0.0027814541797913095,0.003516693884595634,0.003019467165124079,0.0039639351857800875,0.003752923142952405,0.004012393655895841
154194,0.002216188874726868,0.0032391115733410164,0.002354929973984954,0.003568142064697355,0.00274569991835083,0.0035677704555864415,0.004136531185855441,0.003184582962995633
154196,0.0018225030162577482,0.003452115784777346,0.0020437932096628725,0.003172029730422868,0.002115363612585297,0.002405239209512189,0.0031892853507364954,0.0026027674880618884
154198,0.002522960854030157,0.00257783495765751,0.0026254827152783072,0.002654665594548078,0.00223838717022945,0.002875817092182889,0.0036499429333976124,0.002432109395158699
154200,0.002032811902892964,0.0025411296640443087,0.00274167045428321,0.003413803835714768,0.0020971657472573235,0.003136131623218699,0.003221392918764332,0.0033543537294833947
154202,0.0019354892605072949,0.0029314213283787027,0.002634294714486174,0.0028186729535822352,0.0022114069223345134,0.0032393346202922585,0.003409802234487516,0.0029525733835387286
154204,0.002233922885268594,0.0030371741092888455,0.0026898449390577728,0.003323869120002168,0.002653228160101953,0.003331294999649473,0.004056179697347284,0.00362548822935084
154206,0.0035496239340582353,0.004920225353883867,0.0032142976052549344,0.0042657495564273895,0.004318529775745539,0.004878739080887762,0.0041665203792243255,0.004058259282644416
154208,0.0030774768973673705,0.0040503158803888994,0.003698785821717232,0.004545667153275146,0.004013855876366712,0.0037450173649190704,0.004080913826765065,0.004448025881576501
154210,0.002016472691577023,0.003197593656818265,0.0029413798837085725,0.0034447745723229506,0.0035108557292804626,0.003976506348462083,0.0036704342968309073,0.0025716136785745025
154212,0.0024514494699652417,0.0036141767262365537,0.002459894073367788,0.0037355751321854896,0.0029433925385013993,0.0038235545916232155,0.003986212378904952,0.0031883357609508445
154214,0.0017809965053943722,0.002676898271175912,0.0025053886272954906,0.00357637582884035,0.0022404532901268426,0.0031786359260819186,0.003973236063047558,0.003986420299862348
154216,0.0024572002071089477,0.0032751794571539983,0.0030086754398345322,0.004070383865130367,0.0027890655163321926,0.0034011494909356177,0.004124826143518057,0.003798588364289937
154218,0.002820581854074425,0.004353082466291236,0.003673649777463997,0.004846619461630619,0.003601058495353651,0.005488495179060637,0.004723067911174772,0.0041702666607013605
154220,0.002204267638875393,0.004120844926780942,0.0033522487047010913,0.003936712183461533,0.003083628532309035,0.0036191839002421844,0.003547367525195258,0.003062577391902188
154222,0.0021296944906181725,0.003086401586574042,0.0022187746311602835,0.0034035988481697643,0.0025079050466416675,0.003295120455457712,0.0030360984176480837,0.0028000610326452957
154224,0.002407303800350938,0.003482526446037193,0.0036466087189173657,0.004956828208403652,0.002687783038617511,0.00441500343476392,0.005270616061230138,0.0040260737832262805
154226,0.0032989865937031043,0.004965881982981257,0.004304098098586673,0.0043920656079363685,0.004112190673589977,0.005785061953595738,0.005229140266587218,0.0037064176903039425
154228,0.0015526761824085633,0.0028049546530262287,0.002692498717225489,0.0034406954184824784,0.002341318925951852,0.0033137257832916017,0.00344344621040632,0.0026171287448712027
154230,0.0024722477425884737,0.003826890829707899,0.003216205909845407,0.004439175433182341,0.0035809884739841508,0.00369699754660148,0.00491644965605631,0.003358434499977969
154232,0.002005771003111223,0.0034582895987336215,0.0027915658365407214,0.00398237293156023,0.002727541797478361,0.0033149911367885837,0.004723722318434653,0.003240391441399884
154234,0.0019429738521897222,0.0029713897673827733,0.0026041318769252086,0.0032576506029575875,0.0024569202656482686,0.003775987230412295,0.0033861094033262873,0.0033832633030264625
154236,0.002149781652406091,0.0031797861522347426,0.003020866680408796,0.003126015434924634,0.0025242442718900193,0.003432751707922732,0.0030986674345157145,0.00299002228447455
154238,0.0014894370298793036,0.0023522794084574056,0.00228294866019009,0.0025958560047181223,0.001827295040976118,0.0022568456007161647,0.002302455704149123,0.0021338985581462883
154240,0.002757072880433045,0.00390734996938541,0.0031048439380714776,0.004797801310796823,0.0038301095577869676,0.004692507872488483,0.003548086444634238,0.0033141323858055932
154242,0.001645550877195659,0.002759549037498879,0.002300161432140735,0.002492944144821277,0.0018806396863704222,0.0027268542780051336,0.003065904474730888,0.002671008624554938
154244,0.0017950087867257963,0.002635960729142406,0.003017384870796294,0.0028095887317350354,0.002229426118210545,0.002549899144379586,0.003572642518003946,0.0022848924249175284
154246,0.002331369637576644,0.0033526805282235728,0.002306850500023716,0.0031989179711981036,0.002459810191039802,0.0033467133891518785,0.0038143938807673333,0.00307477189247779
154248,0.0021685823312518476,0.0027997527360957286,0.0023388738474086623,0.0033424067112493155,0.0023803052840976197,0.0029175473205356184,0.003685070178855235,0.003823004067902369
154250,0.0018657936966346572,0.0024425071646341223,0.0024318301518369,0.002712180291277788,0.0019947949591299224,0.0028238409394111402,0.002763417712135452,0.0028391136585383947
154252,0.0031597312099054253,0.003305012563938059,0.0030929764771810003,0.0042239120498411276,0.0027233328298990195,0.004119382472840494,0.003922779799339304,0.003323059041141288
154254,0.0013523477733956707,0.0018597331603543155,0.0021851189201262944,0.0018438911157976495,0.0015031095408257894,0.0017467127626275142,0.002269642320486265,0.0019824903281463607
154256,0.002666101372845786,0.0035288507828443866,0.002810859339915775,0.0034647697728724808,0.002952055202662743,0.00324627580794469,0.003733615912004995,0.0035539825549497778
154258,0.0012124498913204662,0.002176319465208701,0.001945634270668961,0.0022760512255355497,0.0017543940828215754,0.001965150298925744,0.0028416172433498726,0.0022974833103884956
154260,0.002785367271288322,0.003486061495539039,0.0033344336523937756,0.003724782362986137,0.002930365338479568,0.003839593806382449,0.004039020489204015,0.0029402655409405676
154262,0.0018328250028770143,0.003074341416336779,0.002101604691465822,0.003576314341046327,0.0027633503463798115,0.0031913200608140735,0.0031438436392518115,0.002660748576386443
154264,0.0017428110815951303,0.0026620581128524723,0.0024890489366038437,0.0030180573319938397,0.0021929304797475707,0.0030455689870534375,0.002906098345296773,0.0027400594971482978
154266,0.0029982522430780367,0.0038221656895167655,0.003503913590272356,0.004489835904765427,0.0031166189057719174,0.004580770155291569,0.004851633397531752,0.00413476411976732
154268,0.002471011316575178,0.0026748286237474744,0.002917557783935154,0.002921561410401133,0.0023393167068985893,0.002715955833870201,0.0033865512066303533,0.0024236143577951452
154270,0.0020990195443575943,0.0032373236589112175,0.00303026754642223,0.004759012496752257,0.0029023758624033835,0.0049386941295246345,0.003971131428813168,0.0028558687302204927
154272,0.0022685424595442344,0.0034054794887175555,0.002501942072827626,0.0032107030653785174,0.0026101354003777028,0.002758226299520286,0.0036287602646654232,0.0032529235602825196
154274,0.0026017994412450562,0.0032562912266664856,0.002668185345156504,0.004162581577313917,0.0028004249390313346,0.0037331042226678712,0.0037951350522359567,0.003986355382782136
154276,0.001758333381945365,0.0026830877021800092,0.0021380981582480724,0.0027254623845668485,0.0019568530845726073,0.0026024482065506588,0.0030935242861133277,0.0026900242385077267
154278,0.002422555906746171,0.003899063498099764,0.0038027342279343262,0.004112007208634749,0.00303820317429683,0.0036257475332041184,0.004530829408019521,0.004398312040216956
154280,0.0030918822477019603,0.006419630632644113,0.0037712872253715113,0.004282853757331395,0.004163946868991408,0.005091606220951839,0.005054637412826857,0.004893947867899373
154282,0.0020245274491653142,0.0036932162733018803,0.002858879624144675,0.004277199555335898,0.002751038972988021,0.0033440803631832328,0.0036918747917753653,0.003560697554153336
154284,0.0020268103859138464,0.0035306426358867743,0.003437797632691378,0.00420839624826469,0.0026914623280086675,0.003446754035585864,0.0037951722305607505,0.0036937849937521694
154286,0.0021057884774799973,0.003598126112950087,0.0026714156478761103,0.003841950075766931,0.002628541915378202,0.0037770343629289216,0.00417951160334834,0.0033229267576829896
154288,0.00207565916118925,0.0030910574567577648,0.002875032030718927,0.003392972527951399,0.002681308863859755,0.003607932366687161,0.0034889390594728398,0.0025910312082919607
154290,0.0019642057991839934,0.003037229541309694,0.0029428509130957625,0.0028558524056233048,0.0025150601942097867,0.003566769210000001,0.0033814174021942756,0.003408966524745871
154292,0.002124449099004125,0.00312421778689842,0.003047269423711932,0.003777884721181693,0.002489021058265664,0.003680724541482938,0.0034939032252424007,0.0038167092651169576
154294,0.001885946861464094,0.0030090600150467495,0.0022053920458353776,0.003011430129107373,0.002251622211391094,0.0026821519056692417,0.0030739051871933043,0.002474280479432489
154296,0.0018590025879952066,0.0033262904954313305,0.0028333931126467565,0.003475098489471043,0.0025088211338364502,0.0034957218660815054,0.004194602549464577,0.002904450618462784
154298,0.0020486376471818973,0.002833145248304858,0.002755967812012594,0.0032777161196886895,0.002553437670910208,0.0026523935137134913,0.003485991111298381,0.002886803593389553
154300,0.0025579213672257683,0.0033124516663216585,0.0026693504310315724,0.0031950334473923037,0.0028455048489566814,0.0032340759803284463,0.0035944493605782335,0.003621848187686641
154302,0.0022965977338053195,0.0030814361322752948,0.002777500646106504,0.002929355106071632,0.0023717739237794633,0.0029781390843128808,0.0032071843758185864,0.0027742601794847332
154304,0.0023950764837855076,0.0028878493033204222,0.002808655608183677,0.003206218202919678,0.0027135129011393033,0.0035861332335085927,0.0033006767354928357,0.0026133536144523767
154306,0.002907792742148932,0.0035696099985882968,0.0038425079658930272,0.004577265171354705,0.0034718007940193335,0.004720130293919489,0.004725614107295384,0.0032926159704122077
154308,0.0028327126022910237,0.0033119431171969027,0.0038746686818825204,0.004138034063983165,0.003328520607305485,0.0038787667539017523,0.0047566885505579415,0.0035593599147465543
154310,0.002894837835448749,0.00400595041251095,0.0034392245260256443,0.004856026871398245,0.0032139710913928893,0.0036886893538149584,0.00473550940101064,0.00411508365417057
154312,0.001727629799037192,0.0025234500039755248,0.0019957597650659964,0.0023543475385347096,0.0017517515235077191,0.0022939109827702087,0.0026802896740410476,0.0020373026369085445
154314,0.0023190240811035157,0.004068607224048615,0.003169368203967418,0.0033906927246087903,0.0027320090868130364,0.004129957388244954,0.003818041930540597,0.0033071618358566784
154316,0.0027316893728252106,0.0037243294792706078,0.003687441895041721,0.003764239734460384,0.0030403333093487334,0.0043740457306151725,0.005100978023549141,0.003688214688307101
154318,0.0028043694971933153,0.004445005209384123,0.0036015181293859305,0.004630654057807826,0.0035754602500565197,0.004528033423767397,0.004552823143573248,0.004113484599943595
154320,0.0021983721754992303,0.003408741627122805,0.003281912637704068,0.003809598746918899,0.0029036997987744173,0.003025472874046642,0.004041262391342448,0.0037090921091759294
154322,0.0024598497301087235,0.00423264811433427,0.003924553252634633,0.004426442702636424,0.003535084832424984,0.004259713742103044,0.004549451488546075,0.00437622201101906
154324,0.001502057124049952,0.0028532784810961775,0.002535715547225481,0.002792870162720132,0.002349326255378037,0.00296042654932549,0.0039941915849817655,0.0038702121580485582
154326,0.0014329634609883263,0.0021177445038489395,0.002042360256439224,0.0026273410882284853,0.0020751079407330814,0.002643350159161395,0.0026282306059170063,0.0024765646917759288
154328,0.002253121821795878,0.0038122452658102685,0.003752831857345554,0.0038817871855778563,0.0032706642583008178,0.0034372406741547956,0.0041185418467049595,0.003940926181282889
154330,0.002372024659544905,0.0028634631282165035,0.0024730954175480324,0.0031372040249422334,0.002454540299727373,0.0032102209622069666,0.003093617111797356,0.0026081214087032706
154332,0.0024974619336726733,0.003651689627399271,0.0033034108105636784,0.004668834792937782,0.0027733572683907998,0.003946944337812619,0.0036947962107628657,0.0037737469369604343
154334,0.0015825988363818433,0.002037387047338149,0.0021528787048766262,0.0023598714587685365,0.0017194929172848067,0.0028762709984869878,0.0026021190630194507,0.0027793857361905344
154336,0.0026827835986492077,0.003515468348759543,0.003199505425894325,0.0037621674446768893,0.002766975163222496,0.0029337065961776987,0.004061222496748451,0.0031502790871065778
154338,0.0026008327143864918,0.0037847904973544733,0.0031442751939119717,0.00405517568859981,0.0030420651587661496,0.0045142606744550395,0.004195976942927615,0.003303076375771888
154340,0.0028246664982468084,0.0028894995239976545,0.0030635451817199316,0.0035126271115894087,0.00280201528624624,0.0035504092296148593,0.0035531533407198723,0.0028410636198379496
154342,0.002167141303311984,0.0030505931214879767,0.0029795993478371058,0.0043735539741130425,0.003442875242179122,0.0035983352738356983,0.003654377560909694,0.0035438942183105837
154344,0.002173941296015905,0.003406854432515871,0.002005789355579171,0.003248565991770272,0.0022411632539838383,0.0031576768708477254,0.0028278027412378393,0.0028460139902687503
154346,0.0016998023601271783,0.0023403013095796427,0.002456867455261025,0.0025790781478690072,0.0019974403288186005,0.002539388769132858,0.00248806288177085,0.0025001688330066885
154348,0.0014032842040140464,0.0019899611338667356,0.002189017903151902,0.002183240705390388,0.0018576221532567438,0.0023884208221593983,0.002483186402238005,0.001883994682237003
154350,0.0019286338747087767,0.003062954675671206,0.0026213136025978745,0.003432737302540137,0.0023480603093872787,0.003549520950919552,0.004540760715912917,0.0027607401642661955
154352,0.002499700197625465,0.0034202936320702065,0.002786984804097392,0.003907158092280538,0.0034742398840830746,0.0035943845908093103,0.004129199946097339,0.0033472746032439105
154354,0.0023710145401621002,0.0022596940209249627,0.002482605763326498,0.002311326139476391,0.002239557266831574,0.002141980843295921,0.003647937451862329,0.0026612755040398284
154356,0.0024014266700738696,0.004117232782979707,0.002872096092128698,0.0033541159696710704,0.0020835702990697064,0.0026592706901740343,0.0036345913911284833,0.0027214660711706445
154358,0.002134417258618848,0.0028413614737045206,0.0024724129685265717,0.003073619341700473,0.002380696427995224,0.0030236248953601774,0.003004438975228188,0.0024484988374822714
154360,0.0022286501313424495,0.0030743513309952064,0.0028134745286406138,0.003957188835050696,0.00277227875500885,0.0038130912969656094,0.004365236739359235,0.0033995841200205185
154362,0.002921996761353407,0.00279791434804727,0.0028281149555999807,0.0031541534730203935,0.0030049592826732058,0.0036231795778443043,0.003340671897473238,0.003295460047461951
154364,0.0013810387711472721,0.0022701467343716614,0.0018557456746992745,0.0028307310220857668,0.0018508892183410897,0.0027986214095607753,0.0027927532215612505,0.002281154109791697
154366,0.0025010495989255532,0.004432030986563973,0.0031684542961665785,0.0038887180107496366,0.003216145910244897,0.004371741907762905,0.004322261476730427,0.004133777256939197
154368,0.0018764749168383027,0.0030844250215617125,0.0024677069330739793,0.0030549151132864966,0.002489753009324913,0.0033004961020655643,0.0031565268834716914,0.0026194020710343935
154370,0.002961826102387599,0.003051919568078501,0.0027594664549313586,0.003727560288187007,0.0025727382146121247,0.0032991072731948373,0.003154746428091229,0.003474202555820441
154372,0.0020726242842026427,0.0030536744763054458,0.002912819382728374,0.0036754644678889253,0.002394400511494865,0.003503971365264716,0.0034095177075425115,0.0030277465390943364
154374,0.0014580965330504014,0.0023566476921124124,0.001894883797431357,0.002843489001305835,0.0020075762868113772,0.0028119552084415883,0.0027122629392698633,0.0020621973251435666
154376,0.001908578782664705,0.0032173071286573235,0.00309701034867417,0.003085503859543204,0.0020613999314056525,0.0032094282302710386,0.002810521220291698,0.003002905269784542
154378,0.00265756544473561,0.0028936145131917,0.003238474278081327,0.003415688164001063,0.0025161341772629436,0.0037580620296859824,0.0036062489662536112,0.003449088923284674
154380,0.002769062116188048,0.003744713252572751,0.0022841905232673515,0.0033623190164582817,0.002458679582063361,0.0030749916865429605,0.003901823281663566,0.0035032705999898384
154382,0.0016244569734819164,0.0024590416442313856,0.0020983952638588127,0.002800844466090427,0.0019826631675839423,0.0032591774224473152,0.002535709544339293,0.002205895568008265
154384,0.0026482322200482994,0.004836658436264907,0.003329329631944822,0.003497665238152481,0.0031342076016727255,0.0037205646993280356,0.004134353072296426,0.003974820776254939
154386,0.0013628074780076688,0.0019399145537033619,0.0016047366337146318,0.002106972639214902,0.001208196882245327,0.002129460346126502,0.002416937082313511,0.002047633507435212
154388,0.002227892566428316,0.0029192418308357504,0.003222522093833613,0.004016144611370898,0.002598834090054139,0.0038493324637989823,0.003776698275720358,0.0036875459549909895
154390,0.002115201187674609,0.0026799139882918155,0.002171380068992035,0.0027577669375073027,0.0019874442819429877,0.0030058962763874902,0.003092247245559246,0.002321876636558251
154392,0.0017107092409853752,0.0029313773586173847,0.0024098447287924096,0.0028416946913980556,0.002005486383766089,0.0025091208108834473,0.002994998371904034,0.0026027785112257007
154394,0.0021564280899484395,0.0034018243234107542,0.0029680267070943955,0.0033566281918882,0.002488600300176294,0.003632778737130915,0.0034176082927278723,0.003371096154691236
154396,0.00398202594873226,0.00499295493771279,0.0037268834487265284,0.004718688953375683,0.0035659478485540325,0.004839500436149002,0.004073185072366536,0.0033375006098092103
154398,0.0035611479359593107,0.004856706002445643,0.004384466817598742,0.005364687607401442,0.0033790405721341316,0.005657458279604344,0.0057700918164727555,0.0042682959194917935
154400,0.002459881509403808,0.003418911622296142,0.0030379711472142135,0.003504911709195993,0.0027266192883932533,0.0028990007498230913,0.0038025977725562043,0.0038724762635569676
154402,0.0017219103850375644,0.0024818113929775537,0.0019543025881735426,0.0025621167135815442,0.00221009358770842,0.002664041288054142,0.0034197263294523245,0.0026818841242538666
154404,0.0019878903878556287,0.0037627688709865326,0.0023020699691791435,0.004202339339044736,0.002852310275787709,0.0034387181328663363,0.0036851398312049005,0.0027790051321121556
154406,0.003370136307558058,0.004767189359693502,0.0032588545915155365,0.0040774838409590175,0.0035844179033279883,0.0039821510112612035,0.0039417540955009045,0.0034398126704816706
154408,0.002080753943701788,0.002135551941988334,0.0021619570140852945,0.002958585983959275,0.002484039292310891,0.0035145875439825947,0.002866966296579898,0.0023076138551404585
154410,0.0020561130265273064,0.004572520053489848,0.0037796438973123347,0.003948977005303667,0.0032311602652870253,0.003922701403286988,0.003939963664928436,0.0030170410973032885
154412,0.003044795620189014,0.006603338260394109,0.002993575103998461,0.00587446771718092,0.0037359954548146224,0.005491634138454771,0.00530153937576211,0.005634281362918492
154414,0.0026139318236528958,0.004172234758016202,0.003260648440842409,0.004101572694935385,0.003333246322033079,0.00458469317292437,0.004357570706552905,0.0035996663588106076
154416,0.001904985376405835,0.003436234331753385,0.002462045201198651,0.0034001475772860723,0.0022407904472148688,0.0026737567300728765,0.0035671327571498157,0.0025296851071627963
154418,0.0016346651821672609,0.002813796226691645,0.002390218096510202,0.0035700845378381363,0.002520029568167992,0.003366070045059344,0.0030091115115742917,0.0026170296452721203
154420,0.002337367214020114,0.004545462205031436,0.003235767638223322,0.00465646905572209,0.0036108991857700112,0.004290191259048781,0.004287610076155524,0.004795748591499782
154422,0.002532979343218847,0.004782085325175878,0.003475198630408252,0.004657056802173154,0.003422925538018262,0.0040269834044350805,0.0058335355714354,0.004298721023815233
154424,0.0020055477770865165,0.003079620753539347,0.0021682614061122596,0.0040230648229871435,0.0022850405823238717,0.0029299959079465143,0.003196717392086379,0.0032740146614931853
154426,0.002282008230632418,0.003973051028225483,0.0034013111317676703,0.004265402118550421,0.0034020320444966418,0.004040110580230183,0.004394521962281461,0.0034105697333309953
154428,0.0015332901518677056,0.001765367383956884,0.001881927801129779,0.0021084578424871575,0.0018000237472216712,0.002059831305629714,0.0022671093848656287,0.0019077674083091273
154430,0.0027808541930036818,0.0042345358473063754,0.0029275818738479092,0.004335270366544963,0.0025266652764233677,0.0037418747065315477,0.00446692832862855,0.0028258854574438885
154432,0.0015045374193990574,0.0022593313627548017,0.002146850803711478,0.0025962041129640318,0.002016336524107487,0.0025555336408227824,0.0027569300892205106,0.0024362054573340425
154434,0.0014384489817343415,0.001923320845037546,0.0022945551314022122,0.0024459538195104186,0.0018143098271059532,0.0020350272412366643,0.0026841163018532926,0.0019615218200409595
154436,0.0025012198833247595,0.002815834338329104,0.003108872244848515,0.002896024929587862,0.0025857426033673026,0.003132494751594328,0.003379686353058242,0.0025147500747541157
154438,0.0028965453873242147,0.003487789651492046,0.003267358158256295,0.0036817308047401576,0.0031470808121492055,0.0038827792462776817,0.004128486615941007,0.003266273954629695
154440,0.002384557970771098,0.0027493127533365774,0.0023693594110297256,0.0031389920468197913,0.0026064417741956114,0.0033881656162094154,0.003556892454065888,0.0025201821699738503
154442,0.001585660033710093,0.0028021537186778828,0.00251132770142265,0.0026474121606521184,0.002417156127550016,0.002626580018951899,0.0029918905323347844,0.002757109654659154
154444,0.002042484167677827,0.0025044571340091526,0.002127362903363031,0.0024872813872109933,0.0020031207877680007,0.002460927384451486,0.0027047099302814903,0.002179740621991222
154446,0.001903864289480986,0.0031876807652517908,0.0026637344204962776,0.0038559108676862325,0.0024437272316886333,0.0037240548523566203,0.003935943694619637,0.003314923788161117
154448,0.0024375743974108938,0.003187578546559655,0.0036397605647536246,0.0031395096832257524,0.003174410695355123,0.0043152205869070315,0.004170110772594937,0.004194584212871499
154450,0.0025636145104437347,0.003000723395454097,0.0034824728052074705,0.003940791478042327,0.0031316974997266933,0.0033566433000027512,0.00412267312000858,0.004086034838892749
154452,0.0032076928352877676,0.0038881186803335077,0.005108705330858498,0.004591118481179157,0.0036030461315006423,0.004010298491287367,0.005363252484692715,0.003950171944864744
154454,0.0023034629142992813,0.0028767217437088016,0.002570322805778638,0.003143372012708534,0.003105007926360606,0.0030595933398025604,0.003343159264286799,0.0027513297251137298
154456,0.001490957076627844,0.0020518847453399602,0.002093530153435774,0.002371872257065935,0.001862949512458023,0.0025799246420621508,0.00281218159867086,0.002645663201683593
154458,0.0021581701314678098,0.0028003602778810116,0.0029971691905984615,0.0032681460860085054,0.0024421080298486775,0.0029693570056400637,0.003744358090517333,0.002600603599095877
154460,0.002239797387727782,0.003113404509333728,0.0023997927117838658,0.0030818079580528096,0.0026698039094747023,0.0032182606000032005,0.0034823540933646147,0.004161105968034429
154462,0.0023987712228690367,0.0035664154701544604,0.0025038315123864785,0.003820386513025978,0.0024110496607401277,0.003873646589032609,0.0036808958587110224,0.003091912076457426
154464,0.002026305265886208,0.0033707133241058784,0.0026289174211337057,0.0036052557563559517,0.002846549412812094,0.0037830200421212906,0.003306350368277991,0.003597487494789109
154466,0.001996374247355881,0.003060472039241882,0.0028071782492453817,0.0032636987343854923,0.002363611035678448,0.0033121806639526685,0.002944688195450143,0.0031649697384045355
154468,0.002277461167008457,0.003633402066636704,0.002815229073388839,0.004472684609644395,0.0032655211649506577,0.00391286332437546,0.004255442417149036,0.004027465677726383
154470,0.0016580244214515205,0.002537537751510277,0.0021033982583025385,0.0030311317699820983,0.0022336126543809898,0.0031683179972100822,0.002962123326996982,0.0024967277333947657
154472,0.002272114874695641,0.0029097938748301605,0.0023982136743734422,0.003633764053412314,0.0023361405058964224,0.0032874727272829696,0.0032839194661665183,0.002955907020966833
154474,0.001866067581115738,0.003776365408443408,0.003121157643905248,0.003977884009999377,0.0031848121134461227,0.003759205801669774,0.004434740613935839,0.0034351076127885904
154476,0.0018474600835106797,0.00298736903121212,0.002255297338217055,0.0033087670696869825,0.002724005906320992,0.0030183483594276167,0.0029944666963058197,0.0028676209851866835
154478,0.00211697312120368,0.0025410763318324397,0.0024931826044183314,0.0029706689222932514,0.0025054654515257457,0.0035063467265992188,0.0032206309431553337,0.0029314757867971025
154480,0.0030236109659576016,0.00454109609726161,0.0028774035229934963,0.006258224162430048,0.004157857665882725,0.004134026356831022,0.004270219822812005,0.004908753313250858
154482,0.0020463225619087866,0.0030684693794441747,0.0030031771921901346,0.0035856072147816415,0.0026513878912953898,0.003670313326168198,0.0039139381217068725,0.003316681081991568
154484,0.0025530130085302805,0.0038089595622981115,0.0029004109878363327,0.0029591963348511025,0.0024544155365627957,0.0032905701576883134,0.003692079416473329,0.002830421041651446
154486,0.00254194098359585,0.0033364444223926842,0.0029562079993952772,0.004399856797449253,0.0027982662911352346,0.003304685757595918,0.004477886180720481,0.00323765008499155
154488,0.0035760118109757905,0.00436455351004833,0.0034822274696291178,0.004730238138691334,0.003703779150187936,0.004538938425999783,0.006787236024609344,0.00463887928206419
154490,0.0030381091303937624,0.0038841846891026766,0.0039714535209844914,0.00458111104519876,0.003895437852124442,0.0038489030396837848,0.0040584937558572065,0.004180897975047948
154492,0.002341205365871138,0.0019461285769608594,0.002187997699471103,0.0025358078424950747,0.002201160743725561,0.0025460329826266226,0.0024656510014820082,0.0026670612995706305
154494,0.002365805902521112,0.0029906827259278956,0.003372735434461538,0.00379431901092743,0.003013619163866346,0.0035462036514438133,0.00468988795354619,0.0035252348211113477
154496,0.0022805602341700038,0.0042469741710127185,0.003373298393339899,0.004273204872640157,0.0030712925913625733,0.0037984427995008674,0.003963158415779766,0.00283848763702578
154498,0.0017073583957475519,0.0027011214968750696,0.0026974189697521883,0.0031582977920065064,0.002227620380960152,0.0028748238975369184,0.0033256897952444048,0.002361508064530407
154500,0.002090573531092821,0.0026035262403054787,0.003060515318036805,0.0030871760793369507,0.0021393137681508106,0.002502327432268317,0.0037769592685768516,0.002588626558264695
154502,0.0014106492964845035,0.002333766879763513,0.0019360393182843438,0.0026858783090344535,0.00173650953306842,0.0021007676139222498,0.002821070557337768,0.002695404066620513
154504,0.0026620754114981132,0.0031332808445262567,0.003164184709328277,0.003999436014688662,0.0027028286495645037,0.003620287512702769,0.003924019307685933,0.0029848928014136883
154506,0.0014538043057444328,0.002314093673336584,0.002206404397224526,0.002456573869401027,0.0017771666286687943,0.002857125864315302,0.002561045025936695,0.002456562052475811
154508,0.002471415028632018,0.002764931308094687,0.002701018496294394,0.0033757688711345685,0.0028528244029901867,0.003671249095199336,0.003674802311398731,0.0033313263917623126
154510,0.0027637294852791983,0.0031836916671729304,0.002682293132952443,0.0033554313056158996,0.0027938557943942843,0.0035337480269694854,0.0036563924705499545,0.002573728433007183
154512,0.00258180051685665,0.003293513832338682,0.002510693755684912,0.003428114736827803,0.0022688157140776793,0.003261882344307923,0.0034750519332108626,0.002926005849443039
154514,0.002482287628726765,0.003305588262115189,0.0032347861515683723,0.003559649292995959,0.002449947563712765,0.004648710824373126,0.004680425806720623,0.0036825577070809384
154516,0.0031950637696370188,0.003769009447039409,0.0031816589705209314,0.003613298419900879,0.003203484595923678,0.004381064401524137,0.0036818989807452795,0.0030370923993064403
154518,0.002415839441578582,0.004775986980662061,0.002988596126467735,0.003932597622891054,0.003530827690096952,0.004531784331995858,0.004124725656585115,0.003507185463272347
154520,0.001793661475140207,0.002955320906417036,0.0026886325061049043,0.0029320425877715217,0.0026049436849236024,0.0033127526977719257,0.003735397082817171,0.002913974362492869
154522,0.0012039156700629494,0.0020865314960817477,0.0017484569665865562,0.0022561671309331843,0.0018618318638650155,0.0022905792704586148,0.002552128408666088,0.002469403092227998
154524,0.00206036831856328,0.0035357976328860424,0.0026048360703134765,0.0030057238977924255,0.0022670235353974832,0.0035566991643085633,0.003786070817852885,0.0033480867659216873
154526,0.0026625463406642624,0.0041319130783590285,0.0036176538240742517,0.004611023436412731,0.003780161972801302,0.004662851851557015,0.005398566247723002,0.004081157521010292
154528,0.002576694558340656,0.0035605726260430487,0.002931327741759804,0.0032050594093724905,0.0026279903563732887,0.003294592283526035,0.0034917729034911194,0.0034161114256727743
154530,0.002384108666488638,0.002949021518856579,0.002422565074594943,0.0038975990829579477,0.0026740514601550913,0.00363777585788011,0.003313848018766885,0.002567067408323853
154532,0.0018307535556552623,0.0019846143538165273,0.0026274243428364152,0.0021848134898590083,0.0022370309600928118,0.0024798252811632088,0.0026896115495880224,0.0024239837331303665
154534,0.0012144818279208464,0.0021750430009070953,0.001945760141911293,0.0021714731149447553,0.0015143158250979227,0.0026767953480097972,0.0024874103272152365,0.002315738352305488
154536,0.002584363724116523,0.004270370754616559,0.0038759803487802835,0.004322763077496683,0.003565793909425921,0.003791591554808474,0.004065488346536361,0.003708152890378194
154538,0.0051337852671241024,0.005082108124067342,0.00568005160072943,0.004730208417998372,0.004133747557068246,0.0057885759535312165,0.006285870728373111,0.004948109724456418
154540,0.0019049535080102459,0.0033131052049748533,0.0026090422986159295,0.0034070492604065805,0.0024726700799568846,0.0037133863521777166,0.003666766792998155,0.002911716494281791
154542,0.0024987444368296807,0.003416517293795218,0.002683925619713215,0.004055710891407216,0.0027675215207842996,0.0035005348025912847,0.0035592687919266397,0.003095660458270491
154544,0.0019741406593050265,0.0038729663506066464,0.0031145873640521377,0.0036171272909672064,0.0029924366517067313,0.0034276937856081574,0.003427700328693606,0.0031638490165273453
154546,0.003397834963117019,0.004116063503190548,0.0028122629907534336,0.004367127220091194,0.003478428509802192,0.004501652583116744,0.0052722291626464135,0.004432935757222367
154548,0.002056845871063487,0.0027163907313349084,0.002495313622410525,0.0026338102310400485,0.0021281303333991475,0.003142540799623783,0.0036877658430172766,0.0024823503631077465
154550,0.002416248876002669,0.00401111384166658,0.0030128883066817824,0.0048153328189353695,0.0028791934780098144,0.004149228923431336,0.004234152837146399,0.0034761553126107098
154552,0.0024894953829932703,0.005169444317609795,0.0038067540974682235,0.003039974674777568,0.0028169885149118695,0.0029405430967871654,0.0037928661422227533,0.003634788133499711
154554,0.0019962151253155036,0.002656424054198192,0.0023422163276988345,0.0030278461621185415,0.0022959925689856053,0.002917037453762497,0.0031121491413452773,0.002777971465981688
154556,0.002476573590476372,0.0035610141077890844,0.0027551543103021547,0.0031830035207969787,0.0025517569224312725,0.003077037552779008,0.003281265170485881,0.002795491940833783
154558,0.0021441099727465135,0.0026532039822910747,0.0026212193826936764,0.00322633906989811,0.0022440017635292353,0.0028377465834792392,0.0037776900965496574,0.003312760416706917
154560,0.0020456185528534704,0.002523063395691319,0.0029065092454044206,0.003668485467428831,0.0023672687462985564,0.002841176405332116,0.003004785297305426,0.0031760325123314642
154562,0.0017412481486083764,0.0022851741417946464,0.0023031450311506024,0.002588273651732767,0.001941463106433075,0.002899310852409409,0.0027308993194808395,0.0026667507953486713
154564,0.0018607180859032818,0.002543102597873395,0.002190704357090137,0.0036664239184871494,0.0018834016270574822,0.0030873433262321726,0.003012922250519981,0.0031311830092486392
154566,0.00204440392501426,0.0029004932455867355,0.0027015459109611673,0.003986829571886119,0.0027843127653877225,0.003501293047110679,0.003502799199473286,0.003861784145120631
154568,0.002692395881181975,0.003579726821472798,0.0033609604329193493,0.004050008623708801,0.0032277692193772994,0.0042425529739062995,0.005039767855843147,0.004018146845056414
154570,0.0016369213018230383,0.002869095405305666,0.0024014734044946473,0.003016999354712571,0.0021130587222600306,0.00281685208911725,0.0024713546549155613,0.0024758202237971094
154572,0.001991143523945596,0.0033084113649618635,0.0025592660369364584,0.003373471487756477,0.0027298275372428377,0.003489397643367198,0.003534280415549207,0.0035263178222361274
154574,0.002483364988341785,0.0033238927452044487,0.00337032056684472,0.003278034337990343,0.00256792816421042,0.0031605982023657497,0.0049784624304658465,0.003704150974180642
154576,0.0016774691443610795,0.0025330445898339576,0.0022679470345933345,0.0027257794000328794,0.0019783394709787516,0.0024263095732602324,0.0030372393959441357,0.0024021237173297433
154578,0.0018825594163554005,0.002556862236433158,0.0024970728536517633,0.002775360666145643,0.00251236092815256,0.0026204264004881517,0.0029740034115201125,0.0026855918083879132
154580,0.00198325870855999,0.0027953201899194036,0.0024560546900590646,0.003657996957280807,0.002683085386605777,0.003231693916919909,0.0037767046859631948,0.002922297216725378
154582,0.0023772782778930385,0.0031212417257562297,0.0029699270508161263,0.0036030031981317823,0.0022569839970088545,0.003197771452104148,0.003417600888156125,0.0033816340311312865
154584,0.0033798046013190503,0.0051328681754947425,0.003789639254628288,0.005144609714883508,0.004473015474291631,0.004544723826876984,0.004909923721069243,0.0035674598319218737
154586,0.0017512778765160775,0.0031559525961616514,0.0027192378394902544,0.0031464271425909462,0.0022561494361639234,0.0029326824730668832,0.003079001414134419,0.0026868043280187243
154588,0.002329223888321033,0.0033398421197470274,0.003069372880659671,0.004499608257371668,0.0027107937001256133,0.0041685337722177085,0.0042889683939231205,0.0030567071316236483
154590,0.003801202576429477,0.005273951807641064,0.0044408882158188945,0.005074193978966912,0.003787673242474421,0.005525792125939122,0.0063889085228974185,0.005197970387600448
154592,0.002228194310837109,0.0024791381944420238,0.0035234399184822657,0.0031845817016398215,0.002430848151028356,0.00281236216425175,0.0032340035269060596,0.00306341486962515
154594,0.002560090801773107,0.003729842344924586,0.0034018777740465467,0.004354582878232149,0.0034074737261704513,0.0037567846275277234,0.00455404685850902,0.0035949854086508304
154596,0.002562996630349146,0.0034486574979484402,0.003197032917811052,0.004190631200452266,0.003004933960545922,0.003709490519059902,0.00437189856425052,0.003955590771556106
154598,0.002930702928008025,0.004258151975798319,0.003755759026672148,0.005308924138927085,0.003325467661633219,0.005142757651692753,0.005186494308029366,0.0035823279412762338
154600,0.0034408706705436054,0.004149482327958032,0.003916126391525276,0.00540727281227138,0.0036028967602579898,0.005725401502504335,0.005158809954140031,0.004095992759707789
154602,0.0017272145409121809,0.0024710190942023452,0.0022554477175624893,0.0032387609047843657,0.002189109931847233,0.0032919118757739896,0.0030700056996170316,0.0029873262727280747
154604,0.0017280862999286134,0.0028640292967452297,0.00312703527601621,0.0024276250709159286,0.002291822136902058,0.0028769455310507924,0.0034285413852642166,0.002919812279042047
154606,0.001771397714470449,0.002444967128863565,0.002729716983954425,0.0032987157147968404,0.0022397667107727642,0.002924014055555313,0.003010911714686204,0.0027719107980739843
154608,0.0029493516841370276,0.004976398747325084,0.0032013827767641972,0.0038815513751020436,0.00360885567409798,0.003897554429130645,0.00424860478926542,0.0032011290029521217
154610,0.0015624675830562401,0.0022256487638183803,0.0026912176594804382,0.0023852707597016853,0.0021870881864611974,0.0025724124668551895,0.0028772988130698757,0.0029420248282443495
154612,0.0021362412991679514,0.0026891019147374934,0.00283415779287767,0.003373239109523196,0.0025727060923970285,0.0028746589143984758,0.003348333365593703,0.0026098027260949147
154614,0.002788135020583893,0.0032466391944058343,0.0028086425779321744,0.0034209411639818527,0.0024503030814721077,0.0032293004526631197,0.003321628543873578,0.0029539180320661274
154616,0.002605876945107735,0.003826063546643832,0.0035502383127859055,0.004711813882936122,0.00317461723044149,0.004305604712009414,0.003787596666832496,0.00354632566508363
154618,0.0023132876785752488,0.005211252187216964,0.0029796383907047114,0.004135033371726549,0.0026769680441853794,0.0038926529019056716,0.004172389723290648,0.0035288437013236834
154620,0.002564218882788405,0.0038146345449301955,0.0031389331892533456,0.0035942554997001608,0.0032326554481292846,0.00407578460989827,0.004213820049026262,0.002808353945869105
154622,0.0030997437824267227,0.003933178877353838,0.003067120360049691,0.004170221433605015,0.0028746589143984758,0.004341719793146348,0.00445878939463068,0.003968751356681288
154624,0.002676350141376363,0.0030144306950339456,0.0030386052386615625,0.004414093565970667,0.0027583245156128644,0.0032148214137492914,0.003784137356024911,0.003197771030782462
154626,0.0025463002851933286,0.0031750580290099695,0.0031842003631871313,0.003553686744879339,0.002782099031452004,0.003598821104734695,0.0038068225919763027,0.002778137185222518
154628,0.003663313065190313,0.004021978924201086,0.0027767695603937576,0.0038726603323509107,0.0042637313054872394,0.004643374382819809,0.005573018071729552,0.004384870381031691
154630,0.002460371897339053,0.002898983500101482,0.0036689430663755657,0.0026139421085851766,0.003050412881995479,0.003613313199287718,0.004534412898582474,0.004315212756011988
154632,0.0029382640523158005,0.004424691077718146,0.0037176067604758473,0.00480330216188346,0.00312053705497696,0.00493155905005338,0.004761834680301613,0.004162912303483035
154634,0.001695836557678243,0.0025016294093643254,0.002598262110548047,0.0027883242547117743,0.0020883812691213782,0.0024020174558183616,0.0032906466611786755,0.002486113276205737
154636,0.002695368479860419,0.003539547109090657,0.0024564390842845563,0.0037300293625853187,0.003370271690064222,0.004116008054961873,0.004480937952415831,0.004205663914655711
154638,0.002147892447022015,0.003188524657887784,0.0024944967548243824,0.003163971389368428,0.002362507103568723,0.003122316158396657,0.0027761681162735835,0.0037945360932154504
154640,0.002156923223285645,0.0037103200789008334,0.00261963048754367,0.0038099882619718195,0.0024273031374549975,0.003334187995324492,0.0032231040980224557,0.003269559057023433
154642,0.0019619735877035027,0.003317908803929806,0.002374451421208526,0.0029140853684276463,0.00246584560479636,0.003138616787111914,0.0037991325349686633,0.002623602102123146
154644,0.0023363349713201864,0.003951755799235457,0.0034047786437763627,0.0044922265618896895,0.002861212563898763,0.0034756672916016473,0.00438357687293256,0.004994374386379841
154646,0.0025856675889391334,0.0030870084230112532,0.002709332227457395,0.004074844761877083,0.002629441187580961,0.0038105479660395375,0.003603123054426227,0.0033014429843630233
154648,0.0028977777514080927,0.0038994552339067234,0.003578177031889007,0.003587906098065377,0.003259209748954897,0.003651095794595882,0.004487363033306657,0.0031717259310248963
154650,0.0021758791070119465,0.003891488539411958,0.0039000521803417426,0.004399956627943402,0.003244844110420253,0.004297923837626172,0.004474213466122701,0.005136608587164526
154652,0.0014452413809423886,0.002370396020823229,0.0023210972856185924,0.0027754470188395275,0.0021429233518627383,0.0026612651264052017,0.0030171757395882626,0.0029040482955223212
154654,0.002410572260968538,0.0039424015195130835,0.003211416154727878,0.004383918237923723,0.002820362248176167,0.0037820595956864628,0.004409259666804388,0.0037006796808025794
154656,0.0020798598672264745,0.0038663789670972393,0.0031201341838638236,0.003712338093501258,0.00332300234790818,0.0034886191248337944,0.0049131140776884075,0.004096478193887698
154658,0.002173430319225622,0.0028915592567613363,0.0025347728059961355,0.003351370907456408,0.002445121124973207,0.003126461594935695,0.0035058137992871607,0.0031460159172544966
154660,0.002254337505389628,0.0037456014593930664,0.00321345453218691,0.0036681249140029792,0.0029453512939873333,0.004345193337952635,0.004584754719875406,0.003140972654211441
154662,0.004019305912995874,0.004953520908665077,0.004400332237968707,0.005097833626495574,0.004200579517744052,0.006223701972785989,0.00663865593421159,0.006616480442701855
154664,0.003047207319611056,0.005080543495053158,0.004262223281259525,0.0056726509157294935,0.0033635210193436738,0.004446485608012252,0.005244274539830451,0.005573815699071227
154666,0.002691089338568986,0.00434480044445712,0.0033143618613152293,0.0033928284446132495,0.0034675968573980587,0.0036989756842653737,0.004034279216297287,0.003260111552985237
154668,0.002234096145036793,0.003655681580545092,0.002568204542750474,0.0032602736357070228,0.0024688459089028947,0.0035316472109256924,0.0030111484299305685,0.003580620654801747
154670,0.0019757266545368385,0.0037995669810567123,0.0026920328779189845,0.003594316694850455,0.002637569491270156,0.003273646762142049,0.003424441772981235,0.002904942116632947
154672,0.0015343622075312258,0.00250908237061033,0.0022977393738168317,0.0027127084064688806,0.0021291481734939804,0.003111054018782991,0.0031687134819622376,0.003012626577483468
154674,0.002031602426982637,0.002983351071260701,0.003236442390693442,0.003141203570893092,0.002938193780337564,0.0033617167996100594,0.003220475345456164,0.0026213956172532887
154676,0.0022335425825093097,0.0031667467868313204,0.0023620091870985155,0.002881870654754204,0.002550909417781813,0.0032545661585459684,0.0029721744711197623,0.0026887503373419636
154678,0.003340525053328103,0.0052638817857558196,0.0025219516409227816,0.005038803139951975,0.00359687172213885,0.004423928877224592,0.004874720277918465,0.004035617624268184
154680,0.002030576955240948,0.0024716098592741376,0.002683363262647953,0.003152971495307813,0.0021345776658177606,0.0029553905728294527,0.0027978583860124306,0.0027382794137766897
154682,0.0021250116422650983,0.002960740325331168,0.0027272040577850376,0.0033214443322968773,0.002476084185693006,0.0033359293011603897,0.003169684474438453,0.0028076511829007306
154684,0.001339921152196999,0.0018899627589842455,0.0018474293404519143,0.0022708667127635668,0.0016169244846842568,0.0020971063792230016,0.0023152772957392292,0.0019740416798841864
154686,0.002529898710174741,0.004048235487286667,0.0032267965647481273,0.003868955225643733,0.0021530363471505276,0.0041651469721442624,0.004175806427852757,0.003512038072978743
154688,0.0017971499343103492,0.0024495544589603485,0.0023056987278030766,0.0028980990192135764,0.002157997764664646,0.003550513557493487,0.0034551365287254776,0.002831979043402391
154690,0.0015182667126742988,0.002769018205244722,0.002617647904967782,0.0026559555866612072,0.0022475371499142277,0.0028786785790825414,0.0029403802785959443,0.002660191342782739
154692,0.00285877684527093,0.00400929640332276,0.003674518677345709,0.004385655853574255,0.0032050665800026495,0.004893583021779391,0.004907453603678391,0.0035276709225024044
154694,0.0012714516548586463,0.0017602074719814814,0.002028204655925292,0.0023887689343702334,0.0017593263972095485,0.002278959752636381,0.002433614645724669,0.002145093323130967
154696,0.0023553042023638643,0.0041521358611578685,0.0036247610616114145,0.004629258888224408,0.0029780358099423254,0.0044684293066588054,0.004114569399607859,0.00425102361414581
154698,0.0019831979891465346,0.0030858564781022224,0.0028270698183945897,0.003123569827430339,0.0021960235326860117,0.0030337456986374717,0.0031911336063950163,0.002755629490225689
154700,0.001784833966894439,0.0024106168894423435,0.0018065043166384798,0.0019674150503136284,0.0021921015686777873,0.0025104906710318176,0.003003981599299946,0.0023661454768465623
154702,0.0025468180123438544,0.0038512510664077126,0.0032723074932520385,0.003890358275067618,0.003509191160844749,0.0039933497069225,0.004435073049263716,0.0030942909685530845
154704,0.0025100524244217604,0.00392565859675309,0.002921914601984099,0.003862106402161017,0.0030781791698808597,0.003596604516444002,0.003594808955080811,0.0033787205198179127
154706,0.0022552562943725096,0.0020122813782386256,0.0029205728291261668,0.003034382632317048,0.0022292030873011376,0.004619874338045948,0.002452459236800486,0.0024387924961219998
154708,0.003993730141946872,0.006121698085597649,0.004441334089949012,0.006307509230663089,0.0053865437013636,0.005569907091981463,0.004637368207223214,0.004106661767613817
154710,0.002262734197706187,0.0032011075043039683,0.0036047538347428465,0.003816640221433687,0.0027039028674742532,0.0035651750720691044,0.004578735165271297,0.0035342906030760984
154712,0.0023929191023377427,0.0034713618048687472,0.003923356594378369,0.0036406775958113813,0.0024546071120747914,0.003826515660735122,0.0038746172030203058,0.0036798413491703763
154714,0.0022054207370070383,0.00301326456232176,0.002988272324788724,0.004010493828099593,0.0031259375372350157,0.004180791026449138,0.004213161348145589,0.0031384473223386444
154716,0.002474358678300828,0.0035831739323024525,0.003474722095431426,0.003662697546079008,0.002811058034181413,0.003659119991925641,0.004116009966963541,0.003751443083789552
154718,0.0029963950605788187,0.0033368605936484053,0.004261117242112755,0.004925464404275326,0.003563498564108772,0.004039940095823591,0.004699293257822923,0.0037636674439092133
154720,0.0029586046258831683,0.0034931585515392133,0.0032789016252526976,0.0045686657018109145,0.003029674925177306,0.00412986641491081,0.0045029603953139485,0.003283615051318925
154722,0.002006206813478295,0.0036113540745069117,0.0026586486866551073,0.003878774642250296,0.002098047495589006,0.0033412321741366213,0.004017945654689881,0.0030233368910043273
154724,0.00346414003180974,0.005158537037941224,0.0034713530253688424,0.005613219430549654,0.0035533025654937433,0.004930879937159516,0.005144592614102272,0.005174650373849454
154726,0.002460557052743187,0.003563123194229703,0.0027543467939764726,0.003741053019144458,0.0026891552328770635,0.0036962600713698196,0.0038205799317686667,0.004155600939027837
154728,0.0018848566218319096,0.003531235889017284,0.0026985857755935094,0.004271434169114352,0.0030776885213799066,0.003551889941070044,0.0034659469632508794,0.0032442737265734323
154730,0.0020287892110124606,0.003104504765908969,0.0027241427870339785,0.0038292690174591137,0.0027379347722567005,0.0037451117471234974,0.003610579079474721,0.0025330843381837914
154732,0.0030355360135281423,0.0047533798855293186,0.00369840203330897,0.004424722796196656,0.003748876149715308,0.0042254103760228645,0.005377192748934556,0.004018044832410084
154734,0.0014577665309758459,0.0022090331156898874,0.0019283502016188003,0.002712709182576059,0.002014487510693108,0.002664630077176114,0.0025266356901822024,0.002100160828431022
154736,0.0027813249040836846,0.0027565596317281754,0.00253690388340623,0.0037715297287386207,0.0029696269988500057,0.00315276273713061,0.003413005939353911,0.003696582141492266
154738,0.0024209426355628616,0.004025851594076146,0.003236690354469829,0.003798077751809417,0.002471167241818742,0.003393056288647514,0.00400359009862733,0.002801338160351566
154740,0.001938675303419013,0.003556858239174565,0.0025762660754935496,0.003212486992937316,0.002119352173824751,0.0026104022402675953,0.00321990583919797,0.0024399961778377582
154742,0.0019243705101565922,0.002496636152088394,0.002276035941119192,0.003035263040527758,0.002130990941895894,0.0030368825862459176,0.002931807792393215,0.0025691070297853003
154744,0.0028124352613758674,0.00363072141084686,0.0032326338438751906,0.00347009942677258,0.00318980038456608,0.0035448829326857473,0.004261578317504622,0.0031523849818863164
154746,0.0021253276332884458,0.003958877228001312,0.0029138822613475335,0.004135509614627608,0.0028652032779632464,0.003936290533701703,0.004316357120890457,0.002938733765335544
154748,0.002337440697069759,0.002774834728747566,0.0028520639727469543,0.004257235082066879,0.0025161887420199897,0.00292066423064076,0.004607638387207125,0.003202906052529819
154750,0.0028785538589409937,0.0038788173322756997,0.0033665014609598476,0.004657670009715398,0.0032556097318854477,0.00420967041629533,0.004497519426199192,0.0035352638010489046
154752,0.002337394589923214,0.002912825012297296,0.002925584304626208,0.0032459676246188313,0.00251050672338006,0.0035142487683243046,0.003438167652834778,0.0025947795602940804
154754,0.0015857950281237265,0.0024413157482092718,0.0024145813253855786,0.0027890454490355765,0.0017182848202290657,0.00262436961015923,0.0030527378861614635,0.0029678294407156636
154756,0.0024920915869493104,0.0031875284894440498,0.0021460082138879955,0.003856945424957084,0.002064229566080003,0.003067391873301517,0.0034390847071047587,0.0025806372881991835
154758,0.002691754553335604,0.004006195630818832,0.003055713239962246,0.003825305474400867,0.0025401866678365637,0.004158668661569331,0.004365601018914644,0.00325803716493539
154760,0.002212755694410831,0.002309496120291313,0.0024220121009928125,0.003192084033649692,0.0017233925489850699,0.0028377386455611386,0.003222783481655833,0.0024414394417073826
154762,0.0021600205660130545,0.002462667799123089,0.0025126821044320208,0.002718424338835415,0.0022604116315361744,0.0032717466332754658,0.0033324686492242628,0.0027422997532653426
154764,0.0024950545920593564,0.003233347246036647,0.0029991074012356567,0.0038061211270482703,0.003076183751692954,0.0038376088769366407,0.0038440354435068796,0.0030304640059775623
154766,0.003308052679680762,0.003980813038133635,0.004178412496358419,0.0040854357298558686,0.004493724791596654,0.004669401936164219,0.004321652149329225,0.004320260261871101
154768,0.002176241608583554,0.0030355388869934274,0.0028595015155730152,0.0035097415591806153,0.002757505579945599,0.003749137548073725,0.0035162206981877026,0.0028176441956879877
154770,0.0021721265758858355,0.0037098644448375767,0.003028631314495614,0.003504199823716761,0.002728563704113063,0.004256575913012206,0.004415144032211826,0.003623394398974758
154772,0.001658701936055676,0.00331991973750162,0.002702995211024961,0.0033548996164685235,0.0025892748166091994,0.002942105653346516,0.003010798061968467,0.0023234888828982947
154774,0.0024536895369254297,0.0034315792959773717,0.0030849377254116295,0.00338124323756106,0.0026116490695341638,0.003165472325485974,0.0032898457692775995,0.002853848020140229
154776,0.0026473757420720917,0.0030137917687068777,0.0026499697545246392,0.0035664786525884673,0.0028191219321560684,0.0030090743195935327,0.0034208596744280673,0.002744636164638284
154778,0.001486889923146606,0.0027414976340347508,0.0026211266902703145,0.003146572582374496,0.00259100124756996,0.0030023145138363128,0.003081314538946389,0.002623483417466002
154780,0.003078707063704167,0.00677584964905642,0.004181569566430954,0.0055361272506871395,0.004440628050163875,0.004838584105769428,0.005376473781382174,0.005161658345681497
154782,0.0017255227486273755,0.0026981615940995796,0.0027498276711708375,0.0031250399093024073,0.002193102491446164,0.003073536316815631,0.0035903883087515798,0.0026908899061164337
154784,0.002270910383763758,0.003707136218013274,0.003821577497589282,0.0035801801883242335,0.002720000558313951,0.003055283276416479,0.0033058744164682907,0.003380731600740164
154786,0.00211360502660575,0.0026128093639707917,0.002814095019240348,0.002914383003469259,0.002682768162381388,0.0026712800983498403,0.0031943878704110557,0.0030739679758449157
154788,0.002105464369954513,0.002719985015344817,0.0028828122609084184,0.0036235459884899207,0.002689368897101696,0.0037303861197380273,0.003686215907948487,0.002660488398675831
154790,0.002131644475334371,0.003423113850264059,0.00291347888352346,0.004234090781434718,0.0026607923889510193,0.0039154951150167094,0.0038405204363280987,0.004019777333994279
154792,0.001787896072258599,0.003102250592985689,0.002916764228580393,0.003334351048656592,0.002565413878417702,0.0032602340718363015,0.0037519733705357883,0.003520934542559098
154794,0.0024761379437025083,0.003870451332019853,0.0028376533136427323,0.0039226435400365744,0.003184716247667474,0.004137401441708599,0.0034810853220684224,0.0032369514684740253
154796,0.0023566701169946414,0.003989200940427651,0.003005274592935217,0.0037673689032011737,0.0028149523573359897,0.004092895813880892,0.003426366976934228,0.0033222537848889844
154798,0.0016468180931589332,0.0026347949225125067,0.0029067703407206213,0.002754322550764368,0.0020648409570418608,0.002945715625626788,0.0031385980038450972,0.0030729906936089457
154800,0.0010362691718968642,0.00202625663547408,0.002002180541059176,0.0017496036316916458,0.0016929377452470362,0.0018904130128023638,0.0021573294757471495,0.0018879832504717364
154802,0.0032686657443959377,0.004092661302273426,0.0038665869820282556,0.003804383831715677,0.003896066114592367,0.0037423587376667206,0.005250228559910974,0.0032186135385581793
154804,0.001998758841094808,0.0025121895180518217,0.002178450287966316,0.002760783226570196,0.002052478440966024,0.0027366433392546213,0.002989928989247881,0.002234638857828486
154806,0.0015783868604138385,0.0024579987557199617,0.0023560476852899775,0.0032076957891119667,0.002385287498240851,0.0034184293788213638,0.0029972299668928337,0.0031408127295498023
154808,0.0021250717474439185,0.002434021907782302,0.002816719225431863,0.003351667232052727,0.002518761805372416,0.003637114858536253,0.0035072225270700447,0.0024278537777800008
154810,0.0024432963250382717,0.00382894536717604,0.0032552628474003115,0.004425831031910299,0.003001524208380568,0.004218275611081401,0.0049171528522374275,0.0033075153309534144
154812,0.002384461921601813,0.0029723365424075276,0.002790737257535661,0.003322823252007945,0.002724931473579384,0.004111630736074512,0.003931780014486463,0.003112432616226235
154814,0.002453609820072311,0.0025674452925925767,0.002440581014525378,0.0027051830653297554,0.0022801375585415062,0.002669429729236908,0.003087857100595018,0.002846331580786343
154816,0.002451689994751885,0.00395219607534103,0.0033929573382985995,0.0034737998624914113,0.002419529631647946,0.00366730504808456,0.0036143205081176633,0.003077227256519599
154818,0.002861660533442001,0.004620611705392685,0.0033264890220108395,0.0037251907094576625,0.002877324390890626,0.003738635876563437,0.004002074131294331,0.003316210393919952
154820,0.001594745332067271,0.0016772680546797702,0.00217512709076223,0.0020992963873479736,0.0018990176350600768,0.0024457275778540094,0.002650142733852237,0.002021673577280725
154822,0.0017794624256999847,0.002477769869629276,0.0021856403253300988,0.0024401161574982982,0.002109563362102884,0.002846216705574958,0.0028261330040191407,0.0026065205128078667
154824,0.0022559133945788817,0.0032724647642906057,0.0030707223952747414,0.004454931570485654,0.0024032222558219157,0.0034101363730283524,0.0038787574735019703,0.003109644565974304
154826,0.0023060468411131296,0.0035617775400954704,0.0031163984608204576,0.00408727605824688,0.003132530196632413,0.0036762987977181916,0.0043782361438760575,0.003338372714460927
154828,0.002097044964899375,0.0035342675704275323,0.003031222424206406,0.004539536779492315,0.0028689433569129147,0.004298318513705546,0.0048467273501740515,0.0037841442309032858
154830,0.0025677182472794713,0.004137474286658227,0.0031159833799803693,0.0044518220551061916,0.0031615901540776314,0.0039022542515183695,0.0049607264273277,0.004474701878200149
154832,0.0038401792277435037,0.0043474282575284295,0.00352465401526475,0.004096195894676136,0.004273487362033146,0.004488090747508056,0.005138405066841545,0.005114621340720993
154834,0.001969787250822322,0.002188316945028315,0.0022036527298620184,0.00284811741325669,0.0022254568520039403,0.0028127233128037027,0.0028161751496980636,0.0023295140785570823
154836,0.001490155108618399,0.003368706090473697,0.002102167618256781,0.002700563536023895,0.0018063415509141922,0.0027137993346886824,0.0028473250101860442,0.0031880585259137645
154838,0.0026760040236221277,0.003136342333598885,0.002951876683690513,0.0035979902510163836,0.0028241394728996255,0.0035860801391130043,0.004068961760822276,0.0032950858129244948
154840,0.0026541001700160077,0.004213292890756171,0.0032929160992080236,0.003953354024874622,0.003294821509221571,0.004555776629226793,0.0044607408278631855,0.0035612395274521452
154842,0.0026864308891494937,0.003161822246326773,0.0031387073649875724,0.004184413587510427,0.00320894073608248,0.003477360796629317,0.003674388155161523,0.00364738532110942
154844,0.00219071272647732,0.0037261698317463954,0.0028523047050036526,0.003493796209294922,0.002189250070167015,0.003389475465542857,0.0029877783064693464,0.0033082026651867213
154846,0.003869061352531747,0.0065086669571990385,0.004016119114442829,0.004109441994710972,0.004486909863878674,0.0051095297233347825,0.005246273228627141,0.004261815674055924
154848,0.002593735212688353,0.0025144261511145793,0.0025567868886329365,0.003049959014807105,0.0024016450113464316,0.002860689312921841,0.0029120887912750804,0.0025411349221800134
154850,0.0027173825830957427,0.0035181339632546355,0.002389090487326176,0.0029932604081001207,0.0027505509034944087,0.0033295824185657907,0.003118736822241411,0.0032271406594875374
154852,0.00275449264652039,0.004334071504021042,0.0024948592116818546,0.0034883058055408395,0.0027390557163668033,0.003217403906319305,0.004625205369813978,0.003744738784768664
154854,0.002684869446707483,0.0042291801266630125,0.0034580604511452867,0.004776942680210006,0.0036736475195420226,0.003784435731492286,0.003894976104536818,0.0036867623744321065
154856,0.002579575734916198,0.0024942399994732356,0.002936056540647769,0.0032265066590666525,0.002059040116900182,0.0031294993282805633,0.0037483159758979756,0.0040739240442247415
154858,0.0019684284159543625,0.002554799614611483,0.002616291031222198,0.0030437753044649934,0.0020037444064113924,0.003328372311113284,0.003521087952427726,0.002680237601035765
154860,0.0034180242683170547,0.004099197729277526,0.0033597649337525765,0.003807656067805143,0.0030686806935321803,0.003920343354975542,0.004250086116386109,0.003747952432715543
154862,0.002103602602638102,0.003393985971587146,0.0028997080325956492,0.003224985396795846,0.0022929244152123524,0.00315262803111388,0.003913331257891173,0.003298117509791476
154864,0.0021209398661528045,0.0027449312624414773,0.0028742918139427337,0.003049364471082505,0.0024303834872685948,0.002677394026201499,0.0035276249004404653,0.00263083815316284
154866,0.0029935168106343113,0.004534625625084665,0.004192100457554082,0.004028333842420517,0.0033812350060102997,0.003695601479390534,0.004010234323710782,0.003989833424444811
154868,0.0019410852656088218,0.003580512764758348,0.0035876918852712075,0.004236263001918206,0.0028478681104898845,0.0040469964186948815,0.0049826426202393415,0.003355509854175001
154870,0.001654329202211216,0.0025958305713337376,0.0017307704679008773,0.0029181562411235845,0.002091312150090341,0.002723319610282174,0.0024818863701664556,0.002921707194989534
154872,0.0020968719860549184,0.0027518733633800085,0.002749411591943307,0.0031572109060569314,0.002452559228680387,0.003159374814168739,0.004015878314113985,0.0028040684596806337
154874,0.003645126835061241,0.0038918352734649275,0.0031161181326533893,0.0040485275065794135,0.002908680308223721,0.003199131201745989,0.004084138604540044,0.004443395928135863
154876,0.002314416970794611,0.003484808322471014,0.003151578928712928,0.0034395950599114405,0.002677862067232764,0.0035147240305764132,0.003903586405993101,0.0036433012120446057
154878,0.002465096831077998,0.002681988688604753,0.002516145015421023,0.003844268263847886,0.0027250905469764636,0.0037055277923061514,0.0037467333005496983,0.0030332643491783884
154880,0.0019281152955221703,0.003369146757001895,0.002755186378768981,0.003255880960814986,0.002591552325010904,0.0031443178078858214,0.0035802501796684677,0.003130784454108415
154882,0.0024992807726854083,0.003424140940613052,0.0032104565212307534,0.0039027136375990867,0.003195909481313264,0.00437760316526653,0.004133667080534809,0.0032521306716004755
154884,0.002314455681981867,0.0036898582742917463,0.0029207057040464,0.003274315646671022,0.0024581937956281857,0.002859211875468462,0.0033272324750327625,0.0036663666239150766
154886,0.001506617463001625,0.003079736111350276,0.002895140499290308,0.002216880250240083,0.0021122683328967384,0.0027169538199467574,0.00295307784391409,0.003176379768498272
154888,0.0017567101029258986,0.0027787863652995043,0.002335837660122922,0.003568346791755994,0.002774612201585494,0.00296714271261328,0.004165037340160771,0.003389006146051976
154890,0.002714494134687051,0.0032335586552623696,0.002873450647119538,0.0028986633866745493,0.0031320911093062898,0.0031908419403171018,0.0038722639175867712,0.004658430727904284
154892,0.0018093491500073555,0.0029720542406384137,0.0022977465166553745,0.0034153650744897512,0.002600072835115874,0.002980941593143674,0.003272406799457228,0.0031806096705482845
154894,0.0025890917038347144,0.00399128776310681,0.003166804646755006,0.003571922896084115,0.002926607993842381,0.003699078547394541,0.004087536138065728,0.0030769900244354553
154896,0.0031694235711332702,0.0039215666148531,0.003591967085851744,0.004455786952133389,0.0035390555446799393,0.004107924261866958,0.004169544018787441,0.0035436351970554725
154898,0.002851744073204765,0.0036660982025509825,0.0033621475044454258,0.004606184998359686,0.0038143147347474843,0.004750808758793079,0.005214262430328853,0.0037151086504930847
154900,0.0015312212166274097,0.0022953881978260565,0.001874806365931514,0.0023365751833032272,0.0014889117370876642,0.002175040221104929,0.003038840986421043,0.002080624798778699
154902,0.0019702525363234913,0.0029083901970337056,0.002347667162863068,0.0028003015315075097,0.002311289245435555,0.0026852277197791374,0.0029774027853142343,0.0025828072448069173
154904,0.002431977487433859,0.00360049159416799,0.003617477711289188,0.003862026762676121,0.0034478682257016585,0.0031452415994082245,0.0037211123423711023,0.003984767431020941
154906,0.0016551687316738312,0.002319648780033448,0.002137112279524414,0.00201923751692612,0.0019356075917266319,0.002613972963503422,0.0026856852476203757,0.001965417508052028
154908,0.002383662314602311,0.004108595697517536,0.002729235869659022,0.0041900235068867975,0.002629537465426657,0.003815112214454963,0.004225043276063156,0.004501452628574931
154910,0.0031910511136271774,0.006267713681682496,0.00442592322592722,0.00465525402280087,0.005403851343967203,0.00514652945823002,0.0054033387100199115,0.004714994476456846
154912,0.002640796528229572,0.003900375564791725,0.0029807516267352785,0.00425181546739517,0.0029252881130026887,0.003663593109681784,0.004345488019731614,0.002823823914767376
154914,0.0037048883291462276,0.004617008482721785,0.0030397520279895063,0.006563396140559841,0.003200850369206032,0.004597609921895618,0.004993553019085661,0.004155058224686314
154916,0.0027247681267566493,0.003960990804616815,0.003991468514968288,0.003807138410195421,0.0036992783869011087,0.0037852089957736285,0.004131265599813583,0.004517109489155013
154918,0.0037841648555758806,0.0044109775552811925,0.002859556497056881,0.006117566883030945,0.0043018323200527675,0.005042481614363548,0.0046716117813555,0.004145968950241219
154920,0.0019835467236840737,0.003933052717189023,0.0030099019976914665,0.0035288627329266853,0.002491733050321701,0.003993114298285472,0.004214996359559686,0.00334268670105288
154922,0.0024169363497374002,0.0038367162876158517,0.003025566312351069,0.0044024319955565105,0.0037599540981050894,0.0039810706486523295,0.0036631096901516003,0.00419701850474935
154924,0.0020570749751198797,0.003372098105750357,0.002854074896384687,0.003248996605933599,0.002990751585527432,0.004307389329128775,0.0033457540030781274,0.0034172171680936364
154926,0.0015827989114789581,0.002874888214280169,0.0023347380737266527,0.002818225592878379,0.001843043393313773,0.0026671159378714032,0.003095636829517412,0.0023264501939571774
154928,0.001945336205400397,0.0029109792074169527,0.0027949841879077036,0.0029993913929351468,0.002389719817785921,0.003112884041289732,0.0037955426467787406,0.0031364650078524736
154930,0.002933876493619328,0.003029955028896039,0.002584934171865394,0.0034223715290189333,0.0025246380834718085,0.003574249460198145,0.0037432079187565415,0.003144229655768896
154932,0.0017354491073607314,0.0024985917406192826,0.002011929458316297,0.002660940355102781,0.0021534526058034076,0.0026963479751263147,0.0028870549948720736,0.0032900675646924255
154934,0.0019001018940025816,0.003016965387915571,0.0023257602623786428,0.003352617974642161,0.002351273141258048,0.0030556749373845116,0.003392495589081293,0.0025922127090123454
154936,0.0022256916463438,0.0033664746587658834,0.002572087117583624,0.0034542655047021947,0.0025145513094477906,0.0030685378906365607,0.0036350908935772197,0.0030924709779368703
154938,0.0023581963447153603,0.00288221063923505,0.00305809753299581,0.0029761088923235257,0.002784833702522471,0.0036253217952584293,0.0031025166017184663,0.0032340103061392345
154940,0.0016973863470597927,0.0022277160308059735,0.002137185299781477,0.0024126965953381735,0.0019943880067865294,0.002069829575517393,0.0028805481059135524,0.002238063940441362
154942,0.0019610321613312692,0.0029485085045782983,0.0028445673690936785,0.0038335718222990423,0.002620790646296736,0.003069973499817205,0.003993808302871438,0.0037520422831828354
154944,0.002256795694142666,0.002632442675693847,0.00376964527093461,0.002932662702551672,0.0035817807983784533,0.003979082374844234,0.0036153673801676695,0.003946043802160126
154946,0.0017088601562842975,0.00393889184630325,0.0030508713097857076,0.0028261607299107233,0.0025226034714629364,0.0028713905881341817,0.0037214009505629614,0.00338972705498769
154948,0.0016085676140029648,0.0019588489090188177,0.0021380285674571647,0.0027224180303764833,0.0020380782024764788,0.002436883626765876,0.002719978021023195,0.0022541956528466245
154950,0.004298919354901509,0.005487278700989917,0.004703272824305105,0.0062355796067739555,0.004742161609976814,0.006336663939806364,0.005576049804354222,0.00546061856462382
154952,0.0023322690887152137,0.003217444477300546,0.0026827430785408973,0.003622666095937102,0.002669482851994434,0.003662756615633103,0.0039632587911953565,0.0034311192902994336
154954,0.001867639828589951,0.003087783405917102,0.0022464055800054533,0.0030759304443451208,0.0023894918215989908,0.002983426357701602,0.0037066354186193196,0.00312906545468139
154956,0.003109186728748728,0.004677965195669709,0.004750874492082113,0.0056423610089675336,0.004322946286595075,0.004888750615578141,0.005508679433919639,0.004321947991030806
154958,0.003176174435774573,0.0055192055626367975,0.0032257847024009245,0.0060633302268939815,0.0036919481300638074,0.004113871670636593,0.005624850691355654,0.0045021084960774616
154960,0.002475746079728447,0.0033893934841028456,0.004215839999105464,0.003434867881313544,0.003263094349791454,0.0038593556115747024,0.004851838907972417,0.0032511530785886422
154962,0.0036045887719010766,0.003729801847800529,0.003742734316347987,0.005075630236008044,0.004345285670501797,0.004854631375007801,0.004978612781716907,0.003778079808785098
154964,0.0029103416943778715,0.004013426339171178,0.0034257625398098762,0.0041029432170072155,0.003898705742328548,0.005081522820518991,0.004844188138373229,0.004134036895838078
154966,0.0016875377726491975,0.002558216048794082,0.00230651592331467,0.003033615611514051,0.002210696783393487,0.0027568260300086522,0.003103093892344033,0.0025737412844218377
154968,0.002484216052324406,0.003032702617925334,0.0026075137864955966,0.0031006435784745184,0.0021083155248974444,0.0029463646850869246,0.0032619674497028767,0.0031620065855906265
154970,0.0019997439293498176,0.0024543586928588296,0.0027788653088833826,0.003182690789789222,0.002512926361529902,0.003276673273877942,0.0036648721606804546,0.002687333056796748
154972,0.0024868533452251373,0.00333593532574028,0.002820962524550677,0.003946766469198337,0.0024966074867400906,0.0037851228189611646,0.004210909966587073,0.0030550670705476457
154974,0.0026616575688210298,0.003741284522600863,0.00285373458539967,0.0032155687595765287,0.0027980542555828963,0.003282905089475874,0.0035011678429373166,0.00282781423105484
154976,0.001210869692910968,0.001894265034454501,0.0019020835195162622,0.0019190578115773627,0.0016661984011021591,0.002080552751247536,0.0020201593230490117,0.0022329024793138613
154978,0.001859396128270921,0.0037066966558602227,0.0029457819436876087,0.003236892971239469,0.002544642558947055,0.0031200601050230953,0.002971405200515434,0.0029032128216450875
154980,0.0017992294668949804,0.0026410993914403186,0.002205619131069092,0.0030884040419492664,0.0024085161412540496,0.0026657647661189193,0.002782189811818603,0.0023472249574890136
154982,0.002456697579543088,0.003392298140125982,0.0031715069023636883,0.0034883058055408395,0.0025858619467456073,0.004080907163352743,0.0037112695576896476,0.0034863219234076426
154984,0.0016075117571628383,0.002331123577968955,0.002225961604842022,0.0022460115045841583,0.002019581704701068,0.0024771086542181436,0.003184141924141015,0.0023141452847197513
154986,0.001590304171367532,0.0025730080491360163,0.0021801437992641365,0.00289178161718745,0.002244268594612464,0.0024386519448929556,0.0035045972180337004,0.003162059793604746
154988,0.0021335292763211555,0.002773493813961317,0.002418571736039779,0.003306962601490382,0.0027178634283858832,0.0035499728449340934,0.003403898776824177,0.0034215538919236815
154990,0.0014966175342332466,0.0025126074104421386,0.0025105104564916575,0.00255692439920413,0.0019160024053444108,0.0029730007152648646,0.002842976907814432,0.003097717334345218
154992,0.0024601205997518694,0.003303596234330977,0.002573710289888176,0.0036671322426911623,0.002661845536307564,0.003117601436372297,0.0042424656216708545,0.002675865274459968
154994,0.0027229331450763367,0.004618626619656896,0.003224065619756092,0.0035090843523752913,0.0025932704089987185,0.003843966615034111,0.004163781483717488,0.003038305843975145
154996,0.002951974241008695,0.0036591443292552928,0.002970093933367446,0.003604947978531392,0.0021939413631946736,0.003482690448841211,0.0041392927427064685,0.004029287229070144
154998,0.0026287921222337834,0.0034938191096890586,0.002961101553181425,0.003109318010749443,0.0027280180926736453,0.003835899017927469,0.0040778130722479156,0.003925342101412321
