iteration,head_0,head_1,head_2,head_3,head_4,head_5,head_6,head_7
150000,0.002253365851842881,0.0021906004385309347,0.001919797477981433,0.0013000096688169926,0.0013719297835939614,0.0013711660151898841,0.0011333225366405714,0.001191658706656329
150002,0.0018692546141379496,0.0020267329032565146,0.0019897490920466887,0.0011818991090884468,0.001351873538725512,0.0015396418617981272,0.0010943736788948805,0.0011346691019440414
150004,0.002021262887357489,0.0033241178331602783,0.001581905044287804,0.0013539217542337667,0.0013462307614356406,0.0014046147193361863,0.0012868924117298702,0.001190670503168914
150006,0.004293349262668222,0.004858085179184679,0.0029166113246375525,0.002259926718300456,0.0034504516344405906,0.0031991017030253005,0.0036267224730384684,0.0036184457123884656
150008,0.005803996872395578,0.005176571424986287,0.005567440725864126,0.0029569384320189546,0.004302889869789661,0.003638147949189874,0.0034338920116595006,0.003523007847797466
150010,0.009969797621751708,0.01178663967834842,0.007806716148521853,0.005588578200986183,0.009788426246373272,0.007367485193271683,0.006684351064292715,0.006212007131070563
150012,0.00407097046046806,0.003886281950671311,0.0030010772583275586,0.0025898814476212895,0.002893602890465266,0.003074502118395897,0.0021232796046101315,0.00206706317395057
150014,0.00490695464443669,0.005484259062482677,0.003820332632962442,0.0034528149176085154,0.00440620075402709,0.004210590876139675,0.0028722789703509305,0.003691041412153595
150016,0.0026051087236618337,0.003848290146436631,0.002862051539076496,0.0019479518740240231,0.0020567208491573258,0.0020897492119421046,0.0015350463713057483,0.0016266062754826671
150018,0.002790780159557471,0.004270088368252267,0.0021991236569174483,0.0016972344057209071,0.002322214120662247,0.002093191992169674,0.0022773097000218373,0.002234830812912328
150020,0.005083393573192263,0.003537652845699013,0.0038126606788404516,0.002519770754100259,0.003204301898574402,0.0031109679964461123,0.003132229545673104,0.0023323385335560776
150022,0.009917508423240629,0.01121866326380122,0.009573755422437324,0.006695395742915056,0.009234977070944395,0.007137488934995384,0.007196613214318026,0.005672639692627046
150024,0.0035934247265798636,0.0048979099297557505,0.0031648368675885608,0.0024875433581573875,0.0026264421752464906,0.002775193852245797,0.001964706091572968,0.002579419074958192
150026,0.002155145021500937,0.0019360986557653975,0.0032277294299333376,0.002199089765869078,0.0016515390709495037,0.001721596902338765,0.0015055065785234967,0.0012719397347012024
150028,0.004462011827534307,0.004179821806931605,0.004850536377554171,0.002771978660362842,0.003335483067046577,0.003229186984160748,0.0027135361878551922,0.002769711411481579
150030,0.001833909344184717,0.00201547044605567,0.0016954999940416299,0.00114955555864521,0.0012009654805174158,0.0012243583387194779,0.0011096052301857867,0.0014716130436944752
150032,0.0034168791986867314,0.005064537168664174,0.0032861122675409554,0.0017921459205383905,0.0031418295522889356,0.0030879928998328726,0.0020918403017669007,0.0020535225949816494
150034,0.0021800060399371907,0.0024708802098452054,0.0020270985270577496,0.0015110309226896157,0.0016613253098214514,0.0014562956313837194,0.0014534222411090175,0.0013094712403355496
150036,0.006158075143174679,0.005164226960643392,0.004351329691254513,0.003190358384806427,0.005050322287411868,0.0038221850356739417,0.0032245563768299595,0.0033500486054083845
150038,0.0034731903776210604,0.005303686765501858,0.0034194309324334787,0.002446096054963945,0.0036192699598283085,0.002789749814998077,0.0024443515612802003,0.0025575098965555654
150040,0.0041830459080705595,0.003753915945614361,0.0027889915431256324,0.0018363995333965516,0.003091157701716876,0.002732761520461091,0.002535185444733204,0.001982131403519008
150042,0.0018633601942891348,0.002585220176996708,0.0018738054626189632,0.001315112178577063,0.0014310003030146845,0.00155366160248388,0.001223637603745345,0.0012667282135225832
150044,0.006333098785532565,0.005700276478917354,0.0053065260237596945,0.004616167123060677,0.005473176526527068,0.003998992172739302,0.0045332259361723914,0.0036671164512786097
150046,0.0070224767043450265,0.006193072936882038,0.005620611421264465,0.004929435015883721,0.005111035955750687,0.004626061741763721,0.00376674058764076,0.005163156180623185
150048,0.004368759073367423,0.0033068066458730727,0.0037163035507142284,0.002342445302641105,0.0027808801242967945,0.0025506531619013395,0.0029134414830061517,0.0025249308416422367
150050,0.005640237876859688,0.006078324947911329,0.0048772175267262075,0.003379764318712175,0.0034243009469087232,0.003978556951882484,0.0029903457735197675,0.0028769491277041426
150052,0.004953037440991237,0.009567296058501429,0.005446244994893379,0.003631021307770377,0.006719442253007524,0.005672100996765794,0.004492241542950248,0.0045594736062138375
150054,0.004531965899303769,0.003910308826250708,0.0031692398546702277,0.002326111683491186,0.003179767246178647,0.0025224459317946396,0.0020573172716089605,0.0017495833748351064
150056,0.0031288153971067434,0.004325335218226256,0.002970160119230028,0.002007462452189801,0.0024233803490592565,0.0023897700803893335,0.001766673651938666,0.0017665593498614879
150058,0.004846528172262554,0.010719893546179415,0.0045684531855295085,0.002286818489563039,0.0024295776856400053,0.003651695030193816,0.003640655118179126,0.004405335310012026
150060,0.003508877801764676,0.003226694567249666,0.0027273814852470935,0.001837406046443238,0.003257608503533016,0.002802884588163579,0.00215992014791061,0.002045384022404409
150062,0.006448246082568554,0.006985289219220425,0.006119142730333371,0.0044738078053365715,0.004444217419874441,0.004886091049461305,0.004540770757090806,0.003981258690789746
150064,0.010246428952207731,0.012831257460711676,0.008863469006961333,0.00716658790043212,0.00793359227242224,0.008238786900785444,0.00585883477909116,0.007695376031315926
150066,0.0046886624460285575,0.003687168631556992,0.0027392070126548568,0.0023599040333091015,0.0032223457264868444,0.0038764159195157216,0.0024246539626196495,0.0023342891683819644
150068,0.004632664039267098,0.005789641699804671,0.0035095733895929015,0.0026309245204316767,0.003906087485901058,0.003431764790861061,0.0026040991791132506,0.0023700837082868548
150070,0.006677816550396898,0.0059803449980313506,0.006589287400838251,0.0038535563330739514,0.005061551383050755,0.00470293559418794,0.002886220768367531,0.0030553038678505923
150072,0.0034771178378823486,0.003936709378621339,0.003405532968061134,0.0018681856343436692,0.0028415942077237993,0.002625762555570399,0.0019817990457360463,0.0018426240826712736
150074,0.0061912624775964376,0.00663099221863922,0.003402131561657029,0.0033981520105550445,0.004134040728207611,0.0038332396870197627,0.003061328604099814,0.0027396445475978
150076,0.0029570150050562405,0.0033983878513244165,0.002348573362752085,0.0016943359317203033,0.001820838930094007,0.0022181299806653954,0.0015448793357165785,0.0015253658488535576
150078,0.003528941072856187,0.00628053540506901,0.005581022517331613,0.002855666467772036,0.00279619515039832,0.0037445217638778505,0.0022095426568427,0.0031219002673404384
150080,0.00388026150716049,0.0031839291937254544,0.003634563093006263,0.002864609079414271,0.0031865652820130125,0.0036951861527239616,0.0022456788979336034,0.0025743672627510095
150082,0.008655376301725026,0.008673865794064428,0.005848560380858958,0.005373521929233016,0.007727113003654085,0.005219238013788596,0.005012036406673526,0.004373741212808702
150084,0.00854618703686022,0.009681044759850599,0.008570122114193168,0.005056257384403795,0.008177695203608393,0.00736218713678799,0.005687998782358206,0.006810166570553555
150086,0.004149431454458785,0.00405709271298349,0.0029893480656975613,0.0026889709398126294,0.0036645803406038097,0.00267150036807641,0.002341152372109301,0.0020614746910896375
150088,0.0059956452624892465,0.007278930864387745,0.004792649188429587,0.0042742062909475464,0.005730385083986322,0.004651148486716272,0.002873327238411827,0.0030908060230410705
150090,0.0035139665413588816,0.005971961157791306,0.0022163316309025682,0.0019424323328302157,0.002777283116455767,0.002350926688305513,0.002089226773151154,0.002230933100351662
150092,0.00525651114162301,0.005641965899305712,0.0038721725827920578,0.0032114815991024503,0.0043971044918760804,0.003730298294009074,0.002757598696938049,0.0027710757284411663
150094,0.0032632092636798588,0.0038068267292482028,0.003198858975858934,0.002134480594646826,0.0026981735914756305,0.0034405271632218515,0.002640550345014994,0.002899522277263769
150096,0.007387073706235869,0.006227131551326759,0.003819746884483388,0.003668792335365448,0.004641295077387975,0.004682751444208044,0.00403068346304658,0.005005112072438644
150098,0.003582201742426072,0.0033249808841312595,0.0026586125750350242,0.002691160842313925,0.0036547090616387834,0.0027548981603457007,0.002580138084962505,0.002308074148076336
150100,0.00417813605661449,0.005494754112879419,0.004323105005636985,0.0025881618335221734,0.0030334621369170756,0.002942552232048104,0.002342028828994494,0.0025412491001826215
150102,0.003017597283492768,0.0030313430251399792,0.002652133744828325,0.0016066025760111402,0.0017905260205769574,0.0015609268079475047,0.0015934656000374248,0.0017658128760111996
150104,0.0038065881502419435,0.005845659371457812,0.0028037504743011615,0.002200584015123186,0.0025081610118027897,0.003348157468395563,0.004389609940282979,0.003549995040862522
150106,0.0035940821907145537,0.004667438973128546,0.0034602479591440277,0.0027370615695909706,0.005381810365153117,0.0033524518869301745,0.003106087035775751,0.0036145664220754853
150108,0.0068618155893374055,0.005217939806738736,0.0029214301268402215,0.0025254931945859482,0.00399983841498136,0.004265020634435013,0.002999687639983206,0.0024811114130819517
150110,0.00282756344138968,0.003893964819492571,0.002852974829771218,0.0015835376686225283,0.0017127807121932737,0.0029288651758321294,0.0018565292179251736,0.0021348169109282195
150112,0.002487745884158843,0.002426449768368144,0.0021197812861345616,0.0012837594314893952,0.0014869106085280137,0.0016926449963911155,0.0014135344540342487,0.0014975362776303985
150114,0.0029747616401276794,0.0036451970085595864,0.003252225422237187,0.0018519721560750768,0.0027237395432006123,0.0023575382589529625,0.001804653210096388,0.0024702243580646682
150116,0.004559961618577413,0.00477264793236204,0.0035616641538860905,0.0025127971353478135,0.0027963878097949646,0.0027315378948978286,0.003083998007780711,0.002595911806759235
150118,0.004580894205476194,0.004564709278265744,0.004544128145088033,0.003050205489716129,0.0038133705676579727,0.0036253491601702242,0.003001738919508279,0.0031497756169112656
150120,0.004712082897705194,0.004581708137373575,0.002793784908167396,0.0027404627770989537,0.00304806984180285,0.0030822823890264694,0.002618921246792541,0.003057484069536598
150122,0.007389161437596992,0.0053348189038884275,0.005580544960566647,0.0043074196463668835,0.005715114152824663,0.006084624417113105,0.004911246731758523,0.003459586200063716
150124,0.004203964265239668,0.006402193352714969,0.0028092281793796886,0.002167948483602855,0.003315378511923095,0.002747624176891783,0.0020712555161955942,0.0025091633567717597
150126,0.005135612221091046,0.005219668632218399,0.006003755896976992,0.003457867236994483,0.004880735569951833,0.005146551907235841,0.003559243900042086,0.005352514261989738
150128,0.005461155932300399,0.004228206282954838,0.0038062080022251976,0.00275251516795999,0.0032247886533278702,0.0032768357677719906,0.0030439158857576004,0.0022648257042213876
150130,0.0028323077453418777,0.0028802342101110767,0.0020893568658824635,0.0019950605154198803,0.0021651650921550303,0.002444283415235629,0.002118610333918039,0.0019482974958874438
150132,0.0032394160385830345,0.0056562680452932335,0.0034374734991761274,0.0021969809987561068,0.002898080167801853,0.0033503051961326774,0.002487471639917027,0.0025403676674751186
150134,0.004244254580680951,0.0036940571437872466,0.003505154313701922,0.0032601583481080137,0.0030896057440523705,0.002947792463057222,0.002621333057120992,0.002782311247611649
150136,0.0025933618487192778,0.0025605541306123053,0.002256103430088585,0.0017442897649270345,0.001935091680995163,0.0017990098301773477,0.00134990899518872,0.0015359327418460467
150138,0.005439641184104893,0.007167880963723283,0.007152345438132812,0.0030303159429657806,0.005384708726279053,0.005092607879675137,0.0033800294086621663,0.004720107771280846
150140,0.0030000618462129452,0.0037844563569592454,0.002396170127458311,0.0017629183387022351,0.002206983988079836,0.0024261436931807823,0.0018131792661213592,0.0014836151178078266
150142,0.00349264600144851,0.006240329593185712,0.004539687378025958,0.002127001403450249,0.002653245046257427,0.0037678102187434087,0.0028565066205210737,0.0025511818683999904
150144,0.002858419523797062,0.003557684330381408,0.0030056148361632395,0.0019236580661206037,0.0019412664670453439,0.0027698686496272634,0.0020220685623240225,0.001426514318930719
150146,0.0036524726240539374,0.004414629179229357,0.00288454227294338,0.0017508682032612577,0.002590738814219465,0.0026947024318966367,0.001984848029554842,0.002082898674935274
150148,0.0042870275876839,0.005042920751156865,0.0041604562061350325,0.0023401128062836563,0.003886262442973687,0.004807643739406453,0.003674749919571077,0.0032538006944171777
150150,0.0034371166205154347,0.003232957491633451,0.0024512141212429533,0.002224850591571459,0.0022267093487938205,0.0025628717808399287,0.001703390548478137,0.002356499039542617
150152,0.003570094331663276,0.005985419857526042,0.003702917678510609,0.0018928621659886208,0.00278538771856586,0.0022414747142534552,0.0018055401791759046,0.002397643057029955
150154,0.00478268300739515,0.00734809257210145,0.004174832972281772,0.0025577084684702683,0.004050331053860268,0.005594747916180864,0.004201506710253489,0.0028765902727043713
150156,0.005907600960952886,0.007227865482315521,0.004038434306457062,0.0030699256132477176,0.005692832269291126,0.0055674651866874925,0.0036662682767957394,0.003549111252623638
150158,0.0029053830547854376,0.0029222714397874605,0.0015321131898071855,0.0016554633751604403,0.0017841333645867707,0.0017244851755027768,0.0013409296173172575,0.001486022703116055
150160,0.005563542135265609,0.005391534051757185,0.004372734112920773,0.002516393178253973,0.005397377293204164,0.0054642859636682695,0.0039031674649862153,0.0037603963498101245
150162,0.005475446606789669,0.007522231767349619,0.003937914616976068,0.0026813883394894433,0.0028970570693235415,0.002899893392658781,0.0021003622837878627,0.002250976694631937
150164,0.005457546826779736,0.006937382262588665,0.0050783185890295734,0.003048522334293549,0.0038787384487171256,0.004742008715761026,0.0033026537532033218,0.0035617103974555087
150166,0.0036140190621654217,0.005354444058139285,0.0030385263843091814,0.0019269655090714682,0.003241414075631832,0.002839442377240653,0.002154173201754317,0.0019050061885631658
150168,0.002599233677492721,0.002804075955831431,0.0023404681935939586,0.0017234052303756325,0.002103290964414875,0.0019324722177365694,0.001547763443964914,0.0016041928783195325
150170,0.0035954920108105526,0.004595740902717305,0.004237618982563307,0.0013650800401988072,0.001657130787231731,0.0016979017704591565,0.0015371313252785512,0.0014845904340898969
150172,0.005598036403668738,0.00569211273655551,0.006203886087290167,0.0032423019598559893,0.006203508166070293,0.005578371166681251,0.004313046807511933,0.004260902276669365
150174,0.005156512332265217,0.007871077340217136,0.0037579190704243454,0.0027951173257967504,0.003463078460065605,0.0028927096135125674,0.002589836326993958,0.0027580478715712037
150176,0.0053849033631649945,0.005416803409792559,0.0049085664367842785,0.003353093396496601,0.0037519062839972556,0.004178046480540765,0.0038341420214129673,0.0027058585460260076
150178,0.003185166997568878,0.005095143303268879,0.0031234936258167784,0.002050634519009789,0.0037551924034398,0.002830970455931517,0.0027202846138964093,0.0025220698771782346
150180,0.004156293551631274,0.005143605092200687,0.0030365019849663,0.002438385570953605,0.003647129294216969,0.00396192212005908,0.0025432622842274655,0.0019220953999471574
150182,0.003483859685271762,0.0021798703721268714,0.002679880432426854,0.001817228130187809,0.0021912846724734397,0.0022118322895545717,0.0018865121631603948,0.0014330043567947204
150184,0.006428669396623177,0.006145591703825615,0.003615345876777934,0.0027356156340210824,0.0040752300103577,0.003306300243926197,0.003071165830668812,0.002641020515151707
150186,0.0030470493888545835,0.0035247884854766043,0.0023712558027147446,0.0017485236373616792,0.0024571134161641695,0.0023610374053382316,0.0018686619512369718,0.00215085821454708
150188,0.0029810518333853175,0.004890057224461231,0.002528418289418133,0.0020861704196156183,0.0023267085852920477,0.002393430472044225,0.0025940239810974403,0.002672818325240703
150190,0.005423759877450307,0.006489265178633019,0.004168427943946007,0.00406132030789369,0.004943902138770717,0.004817828257280832,0.004156911283956843,0.004102869722201474
150192,0.004530881565134592,0.0054515610739978015,0.0039670711832331396,0.0024781578138475258,0.0030276952933210866,0.003453979566509169,0.0028460970629231586,0.0026680117779821627
150194,0.004859042825180959,0.0060270748642943794,0.005093985055397765,0.0036193129900050636,0.0037464145254097053,0.00341932157777608,0.003123346638444824,0.0029847833042717653
150196,0.013003246116938039,0.015131445946960087,0.007864526784970904,0.007985515631718565,0.010152413533279836,0.011007931204049193,0.009117118077742958,0.010266311293665675
150198,0.003905423494938734,0.002490182044368794,0.0018749925124507266,0.0020906961709710736,0.0024805874206490636,0.0022951597498277604,0.0018155448669361501,0.0022018403318393442
150200,0.005127196626341979,0.006466627828617677,0.006353558079392807,0.0032277916539591445,0.005004749430864097,0.005243922758214836,0.002962118866490171,0.00450627677036497
150202,0.0021810925782728696,0.0023014294130838664,0.0022769459864915853,0.0012572535435396853,0.0016813211611708262,0.0020908269908060384,0.0014101380870725766,0.0011697410100308808
150204,0.0030929524443144146,0.003947129699896301,0.002973044183598228,0.0018329522743446708,0.0021950666243691352,0.0029555935011866957,0.002063171863673441,0.0018590404945518224
150206,0.004005915516669456,0.004328881616888991,0.004256144272435591,0.0029766348708202273,0.00367759949308101,0.003158569961451821,0.00230848830777447,0.00326174277386361
150208,0.004416867027791371,0.005839369867377597,0.002929026061984988,0.0020310396278591103,0.003044277630323014,0.003151913551664498,0.0023595891555011073,0.002305073763992027
150210,0.011457163478226562,0.015206006495658508,0.009831932966056167,0.007873056524808852,0.011205975710213645,0.013361121855176572,0.007509703393513922,0.00834294758754428
150212,0.004395496002547239,0.003647393870492857,0.003008721211578705,0.002128038908139951,0.0026799841862979457,0.0022976300897715185,0.0018836486681429593,0.0024129008090321286
150214,0.004018323481126684,0.004309890370830571,0.004104394158312097,0.0024930624431647314,0.003369202112636638,0.0032747488167592653,0.0025702540589868234,0.0022591418996022045
150216,0.0022091056035264955,0.002113248122603842,0.0014048300172114225,0.0013287471518911437,0.0016716061875460403,0.0013348926834251401,0.00121833234489567,0.0014221851332597707
150218,0.0037707244645810434,0.007614175043644755,0.006233205291746258,0.0019817118147274493,0.003553201749603732,0.0033932806682488437,0.002651400551514138,0.0021888470974431584
150220,0.00364501123019402,0.003354364517333522,0.003808512164971356,0.0022436057815605204,0.0030372455550987804,0.003664666487207535,0.002423736868441273,0.0016118784494479343
150222,0.0024523917157615177,0.0029298845993821487,0.0017929821725637535,0.0014391600341979172,0.001926383059693615,0.002051366386650655,0.0013377933555109994,0.0015549575707707874
150224,0.003599918479188849,0.0032261058912004398,0.0024602237041210367,0.0020672193362228364,0.002314619849688296,0.003454693777302578,0.0017700451892432995,0.0017410156033182411
150226,0.004698098184272803,0.0038806652930751945,0.006507806231438595,0.0030213409021918047,0.0031762151658689675,0.0028728651782135156,0.0022675542672350724,0.0032780966184465243
150228,0.005595531491782657,0.0057366686797879485,0.0030884413069378613,0.003627984301635634,0.003177974367252326,0.0045956338244792505,0.004257457733292169,0.005020571326280754
150230,0.0017848921992420635,0.0023684912706676275,0.0019575996688701164,0.0015469038484111075,0.0013945452136649023,0.0014000267435499009,0.0013157517993667711,0.0013874029957299805
150232,0.006345591897627401,0.006581543442543636,0.004042694806496938,0.003575927603851392,0.005144563756598386,0.005094535977819226,0.003979011877798533,0.003872366844382358
150234,0.005686156977336765,0.006356807017625421,0.004780258504046009,0.0023483653906645335,0.0046702929398725335,0.005114965561184626,0.00304455265278869,0.0024012992480649947
150236,0.0053468413682991045,0.004865949601673414,0.0036024289889136085,0.003360085814563485,0.004948692534936738,0.004892218617840394,0.003551294511439318,0.0034705326300988326
150238,0.00384324326043739,0.004417658332052987,0.0030054845366611765,0.0020014621679803057,0.002528363217582999,0.0032369845323621527,0.0018141133894529343,0.0018799179403297672
150240,0.013273679827308094,0.010167619688797258,0.008614820032537551,0.009408535137911622,0.014646247159245951,0.010220383997477711,0.009622924255442422,0.012861859309032442
150242,0.0039755864740753655,0.004431350485276875,0.0029904138143748704,0.002131997769073149,0.0025233916178635796,0.0020691699983023254,0.001901309588090483,0.0019916422474664103
150244,0.002935120405715988,0.004149542800636397,0.003641147843787884,0.002649062376756328,0.002696888862740013,0.0032394020447414906,0.002134397638409516,0.002688131076141964
150246,0.003044199935643699,0.0026096934887063217,0.0020890854466326797,0.001609535040015056,0.002011841566690667,0.0022180412038036584,0.0019561356408421965,0.001878272399422412
150248,0.0057437225011744975,0.01112801571919736,0.005438252112655029,0.005039999528342831,0.006493991925567377,0.0062889475119570215,0.005727486471161003,0.006629321451392167
150250,0.00338509756991906,0.003609029338907513,0.0033154338530755473,0.002431633588850249,0.002739632458373331,0.002533147336207256,0.002204225662836082,0.0020673954916353154
150252,0.0024855285806882343,0.0035773530210304744,0.0045917757997395725,0.002177916876046959,0.0017183181754296672,0.00161886734424245,0.0016156053361764955,0.0012805126903359665
150254,0.0033903760253455872,0.0029832810760705014,0.0021688685818178066,0.002165758658334349,0.002666509561051758,0.0019191038325573478,0.0017706784353105492,0.0017461541785172147
150256,0.005443320222884351,0.006561123152595494,0.0055943578207637845,0.0033275887602854937,0.0037925573402264323,0.004563501244192969,0.0029427070269640865,0.002689037392768212
150258,0.0028653879307323354,0.002926448786320146,0.003252233920119585,0.001556786415482861,0.0026821700412051896,0.002607486393799485,0.001673664522674978,0.0015830096709237296
150260,0.0038192887241701584,0.00416044178891678,0.002938788695535044,0.0021721328262525597,0.003426805292612356,0.003238129579630336,0.0021703983473858046,0.0020447229615283696
150262,0.006767136251917272,0.006424115778316308,0.006566023302024215,0.005857600736558555,0.006467747072458396,0.00576408294541203,0.004691614752098339,0.0052937748601247225
150264,0.00198012507626745,0.002043500179532712,0.0014826381138078326,0.0010597479182999359,0.001795997263003335,0.0016349799872396181,0.0011649908849892393,0.001252066954850195
150266,0.002703516232910666,0.003830083736195214,0.0018295605180958102,0.0016172432697870165,0.0018076556026067753,0.0017273671989848222,0.0013052258822663365,0.001553561460609934
150268,0.004913576791526708,0.004890208318886258,0.0032066181555297085,0.0026853030064916267,0.0028134053699136047,0.00326814054888748,0.003094821485516777,0.00302192533549496
150270,0.005300163712351813,0.006328134622056114,0.007176602408666355,0.0038169780811392884,0.0039273533242272785,0.004891912200336357,0.003225545196523294,0.005115867196616941
150272,0.0036178568296259123,0.003976059082660355,0.003099168047847378,0.001713409491264209,0.0024066297597130776,0.003280677084895045,0.002051824334283206,0.002183500765931115
150274,0.003125383950064453,0.0032339281084162175,0.0024034801273753598,0.00212403702666121,0.0020824709323088997,0.00245516785484913,0.0022194021762451804,0.0019944525573723504
150276,0.003264409596331466,0.003695517234581072,0.002887797653936111,0.0019614736433598706,0.002597013165669182,0.002476801254332417,0.0018738535179330662,0.002154432216982652
150278,0.003136115768070505,0.0035792387152167593,0.0028436415656136887,0.002598489983285393,0.0030588190183880593,0.003464753107678145,0.0018416947968058484,0.0021154177556079734
150280,0.0032568095165386307,0.003970322969275353,0.0027044464495864506,0.0023852118114009446,0.0029210350858202005,0.003123803434890507,0.002499619364326758,0.0025457326129413455
150282,0.0030822488839843537,0.0049388229349394686,0.0034279197437748904,0.0019510309939030912,0.001838742529064033,0.0019273285624821362,0.0017070754846498226,0.0017123197630958403
150284,0.005195749988189613,0.004664747696934202,0.0032589911228042695,0.002248484582006008,0.003071823610842017,0.0020293768710689802,0.0024592093841074303,0.0030752784221876883
150286,0.003245593239764713,0.0030776645479818066,0.002143855028524655,0.0017192828366796725,0.0020090480817570727,0.002286379558990706,0.0017049631664334819,0.0018749005671745422
150288,0.003800947637401464,0.0038953536846131342,0.0036258027149784766,0.0023536513135970077,0.003037783478692782,0.003705342750484286,0.0033123487527240147,0.0033006501966226787
150290,0.001839265882855337,0.0021783685680838577,0.0022423263140503025,0.001696347142760013,0.0013736344046983012,0.0019400221906291787,0.0015725875685212998,0.0015067548340220865
150292,0.003553804889767212,0.003292845982424422,0.0027558676822450057,0.0019506015476551536,0.002446007617926252,0.0026172186984394635,0.002132944272681181,0.0019913543101342107
150294,0.0036207367159022397,0.00429578371935696,0.002441479200997243,0.001598918882907141,0.0023363781869579214,0.0024067401438537944,0.0021246142825559478,0.0021336177220865477
150296,0.0027388046049470344,0.00332107377762908,0.002722470122780374,0.0017361407065990542,0.002452459236800486,0.002022095030046245,0.0021058096752546995,0.0017394233341964244
150298,0.0034597803387175774,0.0034404222789072847,0.0024253789566013872,0.002383432061386692,0.0031668947918922635,0.003262622798430939,0.002610087058518895,0.002401034191908971
150300,0.002563481346838939,0.002487001595180907,0.0024164129524848477,0.0015811180811860087,0.0015585680958365433,0.0017240409061903272,0.0015884967169768616,0.001550941886386062
150302,0.0037373103110710654,0.003659065909260628,0.002586901676663103,0.0024421691498504594,0.00276252126650868,0.0023700721012488574,0.001828897710460367,0.001942706531199434
150304,0.003473795471198804,0.0032603055422292387,0.0027329391286079474,0.001803767408227408,0.003069994140695101,0.0024587966951744727,0.0018539699134724336,0.001611719915800336
150306,0.006148304468354626,0.006066223235974777,0.006092649602722711,0.005318017793401408,0.006370487792433599,0.004874224025897489,0.004844260737313422,0.004863636059371013
150308,0.011412663414485158,0.008974089982732858,0.011585681122932512,0.005933981799224108,0.009658196431417077,0.009508007348326908,0.008740295969313083,0.009582270650598856
150310,0.005916005993553464,0.007111470987273327,0.006296001904939674,0.004284265940700749,0.0045590540370819,0.0038608688417787196,0.0037681719795676916,0.0035331421626347836
150312,0.0056236326035483675,0.004558499671985461,0.004133484095142359,0.0038475881062274286,0.004587899208744695,0.004243135345124216,0.002981874428240383,0.00394917646148607
150314,0.0025917044220825775,0.004435045263147197,0.003332546928552782,0.0014492046915198231,0.002356192345407196,0.0023544787700307546,0.0018424913588843822,0.0013795752895617852
150316,0.003701636538089359,0.004177248043775228,0.0024042180232525384,0.0019125808942841577,0.0026494953368764312,0.0025618221845400413,0.0021802356412334994,0.0023049718174289607
150318,0.0035933264694429923,0.005176823374987427,0.0034539773771352783,0.0030289868190449543,0.003187224789992796,0.0026686067789733064,0.0023375437193685067,0.002414613543131827
150320,0.00786464307452045,0.005480490095604529,0.004520357933488706,0.0034866333938344263,0.0058900780263920205,0.00597133013116391,0.004764780101618238,0.003958810660439127
150322,0.0035141118492887508,0.004504215393676125,0.002888244096042103,0.0016090768437146963,0.0026621207726580526,0.0033176242749171636,0.0024219787339154752,0.0026993231411960444
150324,0.007649180584622606,0.007324960247708567,0.006515467007679243,0.004489274781736496,0.005843380999966341,0.005455869296229265,0.004583328147571786,0.005025130407110778
150326,0.004444726047737824,0.005992675697495342,0.0038774119330506895,0.0024134578659447264,0.004048770231928567,0.0034950637709031535,0.0030071365676155454,0.002363338288310382
150328,0.004535965314636459,0.003733321367685463,0.0031922082141813135,0.0021505472414498072,0.0025196361161994307,0.003217399257577372,0.0022476689023803176,0.0019397419470623817
150330,0.003191768331310421,0.00380611469188942,0.002352055734771208,0.0013409942789535112,0.0020174052444433266,0.0019038142254313023,0.0020832832727746414,0.001988680081495678
150332,0.006055720952545585,0.006986903363670527,0.003962808518895911,0.002773183452311978,0.0048639124914595655,0.0038351247455974957,0.0036663711352824674,0.003139528886687573
150334,0.0030505178152989837,0.003524973386206165,0.00385038463100168,0.0026176658211030657,0.002460547443708508,0.002490879212187061,0.0024440196805780717,0.002143485576047169
150336,0.0029618978728579576,0.003260105171858152,0.0024827906397047045,0.0017793455106729916,0.0022508296457069005,0.002148658044987331,0.002005814381807136,0.0015970401398602285
150338,0.003643290868600213,0.005541306198781959,0.004033705680833499,0.0024192690681970053,0.003394621458400318,0.0038685135865851455,0.0027176905832995146,0.0033591236499184163
150340,0.004664843364400595,0.0056620096706084255,0.0034928688064034402,0.0034925825958037754,0.004699866334175129,0.0034003504680885227,0.0036568366992623252,0.004141620796001055
150342,0.0038394950093868646,0.005102470222087874,0.004146711616243914,0.00269178238514646,0.0035275501152300937,0.003690567500578071,0.0027226629467611563,0.002998991523427641
150344,0.004785029786470718,0.007922849111218433,0.006635991216979997,0.004738783119911938,0.004528734344500018,0.005255117568279621,0.0038975581502731504,0.003173949793719766
150346,0.008694445162160724,0.017729369948363605,0.009226999782170398,0.006425913380845083,0.009546007707041115,0.012253936596511805,0.007885656684037068,0.008794838579968323
150348,0.0035079867909296875,0.005161372507665407,0.003507037651265199,0.0028145452141584842,0.003442216457886907,0.003413640592374048,0.0023453501085696354,0.002402851544048623
150350,0.005040853271598422,0.004777002414606324,0.003740038225330547,0.003041874487369256,0.003283752954193142,0.003679788469472381,0.0038983391643648974,0.003838523265562499
150352,0.003977874611772736,0.004421298848220678,0.0038832272703071546,0.0023764232160442683,0.0033429236246613897,0.003215027569440032,0.002779577815635259,0.002846329593306232
150354,0.007394243670317602,0.006287995093734955,0.0058515772365572705,0.004939930940307813,0.005976986378553539,0.006188494534487887,0.00579774230813257,0.005334694829461029
150356,0.004498695708312406,0.004879791402479461,0.006509940118221147,0.0025737624515276836,0.00370351344350045,0.004575595834893642,0.0028437603620103946,0.0023725729860979428
150358,0.005158931966069924,0.005416001744729171,0.006352791997429108,0.0037388941842095846,0.004542171610206813,0.005014311112527869,0.003666049481743594,0.0035820764376399833
150360,0.0073337703276801225,0.007343649368807326,0.003860360541103669,0.003958966298150068,0.005445565410140907,0.007340606696866425,0.004682517936761832,0.005286542574602093
150362,0.0025733841026383125,0.0026306520479819767,0.0019698884383027165,0.0015333126162564575,0.0015914194539077275,0.0015234546477162075,0.0013535930693562431,0.001691566182561735
150364,0.003402452720848839,0.004272712973742154,0.0028616143000870786,0.0020576575921654877,0.0022910838656828997,0.0027658332384883355,0.002204100786482366,0.0021912058510903526
150366,0.004562504736436657,0.0034740277743878917,0.0047663560290490126,0.0032373206914768776,0.0039058849300808163,0.004049103991163927,0.004134188275785322,0.003930187090297521
150368,0.004502666420977741,0.0036109573884390844,0.003570674417175526,0.0032359388627171276,0.0036317271020926967,0.003200034771294949,0.0023902811135281254,0.0026542199290447016
150370,0.003174603377268173,0.003155883115963168,0.002010628991943264,0.001636596061871387,0.0029890767701070686,0.0026904473934436096,0.0014943643913376548,0.0016091608265429574
150372,0.0036231342823437457,0.0030053848737447014,0.002479417914803564,0.0020957987896365188,0.0024640907529816097,0.0024205940196170422,0.0024753642553566046,0.0015940601861547249
150374,0.0038809224274678616,0.004890721015298249,0.0034279337028248064,0.001929012792416654,0.0027515493625773907,0.002734491498035743,0.0017175415156485269,0.001682642721169414
150376,0.005547931460093913,0.007881913678684571,0.004548629372141344,0.0025586185313480336,0.004515973860931555,0.003599595283916346,0.0033482195492320344,0.0030101963106654583
150378,0.0037576902499175113,0.004139938932402887,0.0027274059987054816,0.0025208431237773304,0.0026312260526743098,0.002135041021745998,0.0021894714420742784,0.0020167299836950647
150380,0.0026773971103577626,0.0028261171607135843,0.002131671306742966,0.0014943537347215236,0.0018576028860422533,0.0018617611378966004,0.00127308683846529,0.0013994700795044168
150382,0.003678913071908596,0.005046620840826188,0.003635413881506025,0.0019787262230114427,0.002753302477467523,0.002953772255914977,0.00237019724112586,0.0021453038239072214
150384,0.007797434236174239,0.009941690875105158,0.0070474357920527475,0.003870440671007183,0.005427478551929321,0.008732805467699889,0.007251526767047045,0.006617090136277426
150386,0.004167707385338615,0.007432212490926737,0.0033609587051659645,0.0021845213137225983,0.0035923287889617073,0.004098382060092831,0.0033678935925332,0.00348522748796537
150388,0.003398366568856448,0.0031389139876134564,0.0027124868324099882,0.002077890246933445,0.002803849103072978,0.002571728917098018,0.0020534439281567757,0.0018305555922482203
150390,0.010924632980107651,0.008346380554488997,0.007540098018683994,0.007895643699687371,0.009319701928237833,0.0070137745707974375,0.007044531414042654,0.008204918883810086
150392,0.00622577583195838,0.00870108102297018,0.004699745791149346,0.0034500183733885553,0.005287314014002453,0.00577623292347168,0.004445895406128886,0.004883763351184678
150394,0.005732828608830121,0.008626239649400569,0.00602489904411585,0.0029896474827793146,0.004712536046407811,0.005961235938416687,0.003167917924283295,0.0034484496708300783
150396,0.0035437137007854475,0.0036562920047145675,0.0041677564467657024,0.0024318577080306852,0.0018102062064322966,0.0019914121619225705,0.0023892463554360394,0.0017235648343040394
150398,0.010046877535919985,0.01424537961435135,0.008477278356531726,0.005635429011310811,0.007883612408743856,0.008871541639877967,0.006958107244429357,0.005780787648072883
150400,0.0038797078440788724,0.0038703220102921515,0.0021226579053257866,0.0021545484157892286,0.003083743137674136,0.002552593275016571,0.0020311410333984647,0.0023951063833607122
150402,0.006757101829952872,0.00588536955256963,0.004494130355393866,0.005286934788162834,0.006404365902401565,0.005423000493818331,0.003937089911068503,0.00396245207146656
150404,0.0032697345815275863,0.0020759609378737665,0.0018984033914810766,0.0015795474073834748,0.001744972852635307,0.0016368715642416931,0.0015006246507996007,0.001409687672813631
150406,0.006575006222739654,0.008162599160448869,0.00485280943274824,0.003873772256518873,0.005102637336367233,0.0040245204785632205,0.0034583653987464574,0.0040862901165011345
150408,0.00650049356188398,0.007845841777489648,0.007140277681139118,0.0036826965128016753,0.004630875114139066,0.007484056609176337,0.0036598379771735218,0.0036781728840940553
150410,0.005130457864330973,0.004050368987663033,0.0026875520561190497,0.002198940927861992,0.0031552009112676555,0.0026106211276775287,0.002395711342898635,0.0025621027598390356
150412,0.003514235517978484,0.002806858903391607,0.0025075390316934426,0.0017670748345177817,0.0026544510101911417,0.0022820840415809784,0.0016321168296473815,0.001729970855737728
150414,0.00688976012633824,0.00817089298471374,0.004736637434543889,0.0036487740523166168,0.005838100304061733,0.006096963201912553,0.004597699846451919,0.003920910640177466
150416,0.006924723532959698,0.0053463619532048146,0.007172375423341537,0.003907173926620544,0.005140732840175133,0.00622353504449813,0.004462878838762174,0.0049040344671604785
150418,0.005381582989973099,0.0042803673981295365,0.004151358145985606,0.0033334734471384686,0.004543425029644388,0.0035756424653963226,0.0029398369105604477,0.0029422115359101775
150420,0.008581241522618521,0.010993890006433027,0.009582213762909797,0.006638716640151865,0.010475439440155165,0.00990327051494383,0.008906259410064676,0.009468241242243158
150422,0.004391408918647033,0.007292589941283234,0.003759462991618015,0.0023378855823520533,0.0027722842470883635,0.003957251639444215,0.0024919007857198694,0.0024016063079890793
150424,0.004186448653247299,0.004300406495290121,0.0033865260590544427,0.002389734022381129,0.004243497406044627,0.0037252179939839675,0.00293951172174034,0.0026549066764067764
150426,0.0030498627318215205,0.0031380850336871213,0.0024460927385461795,0.001954574329108505,0.0022893816588254318,0.002702192277111562,0.0019436442059570652,0.0015104992293002995
150428,0.0037737551754813,0.004020563412041378,0.0036814419307290708,0.002518727778377819,0.002448592481046896,0.0027692263932511813,0.0021621984815090034,0.0026288494231894305
150430,0.004656222986043679,0.005793395268117507,0.003880275894573515,0.002850859668227637,0.0031441323138716726,0.0035549482428754026,0.002637826249966224,0.002742654424122151
150432,0.0034578203581843298,0.003124775435635066,0.0031981165238849224,0.002323999963263837,0.002920730668762639,0.0029514326361014392,0.002693852392686838,0.0024439158113365306
150434,0.0031573168231560644,0.0030290552980961755,0.0023262834511167535,0.002018185716275378,0.0022199585473959282,0.0020905145970976508,0.001931194747160206,0.0020232155441277655
150436,0.004409410067637509,0.0038424557774339313,0.0037860790698149988,0.0027785546468284267,0.003135775309295999,0.003477074343450917,0.0031608403113561057,0.0029507801855708365
150438,0.002523557421215142,0.0019519120825317732,0.0019178862576154643,0.0017846825672363092,0.0018801757370232597,0.001715112924061471,0.0017856911800066128,0.001799367260225948
150440,0.0038239733847442725,0.004712084943474304,0.002649931784208373,0.002407163062812856,0.002820974396184353,0.0024258233258057788,0.002245399273184248,0.0023666793499979577
150442,0.002194965743962732,0.0018696572919942867,0.0012796820575605161,0.0014319948240961722,0.001702923178266716,0.001726164386708584,0.0018537649245884413,0.001089169152748204
150444,0.005914880546037615,0.0069933829904336164,0.006728666376719872,0.003185140506720488,0.004217511080256087,0.004491140002247429,0.003315214636180619,0.0029337788322559982
150446,0.0029887496838360145,0.0023840944786218815,0.002050975636088914,0.001740164209727571,0.0015491065085113664,0.0017815971141068587,0.0013049731402055148,0.0011852030816692505
150448,0.0027787800812813096,0.003747639535136141,0.0021453007180829986,0.0014334951519892059,0.002076636195971329,0.002680739451568437,0.001533043346173324,0.001729080342510736
150450,0.00244279769929924,0.0027088854864452117,0.001810620227221671,0.001348636118631355,0.0014981945906212268,0.0015772631352052452,0.0013249093947855783,0.0010699729148822557
150452,0.0057336736977617875,0.006520121466137285,0.004130015803229858,0.00318000672704212,0.0064332198475015034,0.005210717578041868,0.004052478386602998,0.003324538819639289
150454,0.0038241793343277847,0.0038917818214979777,0.0032211189016193575,0.002870222125612845,0.0028211809666091187,0.0034931369743596563,0.002858656540564178,0.003097788244691438
150456,0.0075963263896918765,0.01261520965190327,0.006554521287687687,0.00453133494347302,0.008384595037199072,0.009218209002288313,0.006625137570549777,0.006084541890527595
150458,0.005001527347268997,0.00380827353315584,0.004146183875165299,0.0025828852469642616,0.0035553707170610793,0.003089814885628442,0.0025288457721524132,0.0022491378682707452
150460,0.005989893695790338,0.006107920411049739,0.004416389704551771,0.0027451744568130487,0.002896212577679927,0.0031801289918021447,0.003168541529037283,0.0027178913948490285
150462,0.0045063167823409245,0.004360082336862803,0.004142388967043331,0.002357984690842807,0.003049820762790603,0.0034814295292667913,0.0034542650668092367,0.002737430324800061
150464,0.003186270880840128,0.003639962391577614,0.0029511043780910406,0.0022627823978249723,0.0027641885601581984,0.002144565046180491,0.0021408237691269982,0.0025954745170348043
150466,0.007905133575206946,0.0061239321268496405,0.004627154364485131,0.004638316025258826,0.004982789879028948,0.005370934536239658,0.004036835067827704,0.00403630300536495
150468,0.0069265712546986435,0.01077908819913237,0.005677299356650289,0.004980532851122599,0.006406692680092141,0.0073638544827319685,0.006870765101370191,0.006314807295393132
150470,0.010922061725652021,0.0076246952102412835,0.007753096466446563,0.006427055377239421,0.00656739504370446,0.007368888352810077,0.006573201173787346,0.005197858658058385
150472,0.00313119009675579,0.004287195402750188,0.0025985799957695677,0.0020015438326714957,0.002574470465762105,0.0037358192169874155,0.002062720772603846,0.001733833326298409
150474,0.0057540287730297734,0.011456769518445375,0.0067266277028474875,0.0034042830525549683,0.004449714526572279,0.004377120081542396,0.0029242465241498122,0.0025890158826353954
150476,0.004183264683207177,0.012207997676954074,0.007862211744707415,0.003258846084987832,0.003919301261984254,0.0040972669665500505,0.0031802449564267143,0.0032176976290963083
150478,0.00365759861883147,0.002779561317753698,0.0029978291970354093,0.002333701732767146,0.002524826764542576,0.002038801434291193,0.0018390645841226544,0.001744480206916213
150480,0.002861465638468466,0.002797488341291357,0.0020335832534379567,0.0015724992274574051,0.0021490818242920207,0.0021822375112066084,0.0016631169024453746,0.0015880005523361135
150482,0.002579338098004383,0.0025060278705959504,0.001424535900523216,0.0013280973202098867,0.001608022612348492,0.0014728500304823783,0.0015257339726160724,0.001357533607539152
150484,0.005600553027660438,0.012869047639597397,0.008094718894160968,0.00433559512789139,0.005420616243121623,0.009507798117837973,0.0049670476292341115,0.005192550740465374
150486,0.0034710312643571606,0.00334135276249814,0.0030146749120361083,0.002313486924332475,0.0030348488838819604,0.003647842952192573,0.0026130188308549074,0.0020011215275241856
150488,0.009444904101712837,0.006987681856461592,0.004036149641557296,0.0042633800579530146,0.005609390776129486,0.0061153235157098695,0.004361608557270691,0.0038192187362704605
150490,0.004101502075348984,0.004611923020405639,0.003815922204148059,0.002683140188797284,0.003563711163876229,0.002675650605761304,0.0032079093120064434,0.0028333986649321657
150492,0.004628636402181918,0.003699275214803288,0.003183880846894818,0.0027833901382303683,0.0032217083912056688,0.0032136378362617735,0.0024465740111203615,0.0016343079377239556
150494,0.0052953069224282445,0.006152337335862734,0.0034734279298460763,0.0034003435166975043,0.0051742644914034575,0.004762147279586737,0.003796636099695619,0.002971483585202661
150496,0.0038229990005041042,0.0039683186076101,0.002899101039918764,0.0025195687985979376,0.0035355947277385807,0.0038136825163705007,0.0036313957473615432,0.0027080409673710393
150498,0.0030872472829068798,0.002477167244056569,0.0023818435082256784,0.0018498415259749074,0.0033897079685645815,0.002149211349531513,0.0021140729521647167,0.0014718851533510602
150500,0.001732190699635719,0.0027168101297209285,0.0022045348956983984,0.0011461632036230546,0.0014913886407872529,0.0014658340929969566,0.0012892265282019033,0.0010784787208378277
150502,0.006091610983962659,0.008461396881011218,0.00843127390939813,0.0033461285179340466,0.005064539289563408,0.005362336943984192,0.0032806041113314782,0.0034462409650054676
150504,0.005041357934510382,0.008310926577757505,0.005497374471282124,0.00279041294466377,0.002748788899318788,0.004506634883869376,0.0035518850566567672,0.0042414834562196635
150506,0.002641118153449362,0.002708823054220058,0.002646052192546655,0.0019335207729901521,0.0020253988238825432,0.0017638948114102743,0.002134089922714591,0.0012851877507347315
150508,0.002389943089768032,0.0022276224908610726,0.001767840684135047,0.0013248532578176292,0.0017044574381742117,0.0012782698544616111,0.0012730012396601348,0.0012527097806922516
150510,0.006658928913877427,0.006536304083334166,0.004295738793330062,0.003543464886868186,0.00761720626066964,0.004561639171552445,0.00396237234199881,0.003102436507405548
150512,0.009505732090374863,0.006359637299670817,0.00723235716263404,0.007499741637318813,0.008607183046814237,0.005182777611321632,0.00515828553332659,0.004612577778433158
150514,0.004584982749884725,0.003733755676666242,0.0032659503466248574,0.001874376683431933,0.00384097478901424,0.0024200038858046696,0.002063682234706654,0.00315939407828926
150516,0.004444015764931086,0.004749150170850813,0.002445033810794195,0.001927934708920498,0.0030081821896497107,0.0027168186733578376,0.002864392551236175,0.002462927731164355
150518,0.0037196208482024318,0.003262627054157266,0.00286328172690066,0.002027289402490917,0.0026565300411087733,0.002738488392500793,0.002271476724599167,0.0019342583059649976
150520,0.004775501958525441,0.00453305337300286,0.006888042228492763,0.004094064658900776,0.00416177404536594,0.0031672004563498835,0.003155219325640682,0.0034782887750540864
150522,0.005842342209989637,0.006972344204744019,0.007596148463474839,0.0036614003905506426,0.004613532168960044,0.004390054220095918,0.004424827864468739,0.0038010840631692716
150524,0.003808907142341736,0.003711023099084665,0.00293351168426971,0.002257663297621351,0.002414818570189381,0.002754286577162382,0.0022303275018595997,0.002123596153516885
150526,0.003869975308937526,0.005149101791437127,0.0027860385317011183,0.0020646591552556104,0.002436419857532235,0.0033299525877174135,0.0027579054463856695,0.0024455400336643174
150528,0.005445042004837364,0.005014985393972049,0.004837467834073517,0.0035399296575834432,0.004309222246794642,0.0038402664907427053,0.0031350222768034564,0.003076381280809906
150530,0.009220622722332872,0.013442338628055828,0.010100994807562602,0.0062173144482602916,0.009586089805196318,0.01021205504578604,0.005901576984910728,0.006156919884656498
150532,0.005146897200493328,0.005651060282143627,0.003921092590669639,0.003374987551849673,0.005024169205690099,0.005776087962962306,0.00431953551128933,0.0033761385683928197
150534,0.00405053969197372,0.0039460101042756435,0.003507776301177934,0.0021579569237401147,0.003869063669728945,0.005527916875407934,0.0021571879405219013,0.002170872517589295
150536,0.010203699384906173,0.00802076042989569,0.009190433218802474,0.008498803304760827,0.007236046578630584,0.007155037508837836,0.005961078320361468,0.007024392372327937
150538,0.0052472327776845185,0.00493537927712695,0.004808351510475151,0.0026448362599779257,0.004513122401244518,0.004888621422909134,0.0034980367035308962,0.003681805398461982
150540,0.005284960866470956,0.004612160832861756,0.0026004979738865203,0.0031332353860680784,0.002941029558135147,0.003089426012195029,0.00249642768058167,0.003092581604158262
150542,0.005101519745147665,0.005029187478376385,0.003560652206329673,0.0036927109819950843,0.004671708537674846,0.0037244922596050417,0.0026454213902505352,0.004290920376498697
150544,0.003443948141941322,0.003473213210384074,0.0023209949853288947,0.0016920326047487194,0.00257920755372254,0.00216600519249556,0.00206365448081286,0.0015434602433919142
150546,0.0036378693283035113,0.005297955212977767,0.006884323942252246,0.003668707494122861,0.0032723722765283375,0.004146162766220707,0.0022656448453896166,0.003134489159446696
150548,0.0031286599496844897,0.003933763913155419,0.0021572474608822084,0.0019374000471264474,0.0034021454681010255,0.001868601401840364,0.0022108985675668574,0.002015942099328774
150550,0.002353333238859348,0.0023300279789685435,0.0018249682644386755,0.001672220356014123,0.0013536958647586417,0.0017700050665754447,0.0013279851839798212,0.001581808441136881
150552,0.0033240314912686003,0.0056558265024500565,0.006017163664129299,0.0029143645013885028,0.0029689904029309155,0.0033050091373132973,0.0020602891825375474,0.0029201327528689675
150554,0.0023883723943325524,0.0029025147451312017,0.002552911742309108,0.0015656389695530848,0.0014378073201454372,0.002156607660040777,0.0013581049324740274,0.00148604568017853
150556,0.00551663091707294,0.007116102341698571,0.009304760080963759,0.0046816267871841455,0.003765940864378106,0.004047189803291218,0.003683643355145705,0.003907050978470217
150558,0.004135155064990181,0.004591432493853631,0.002823242336250101,0.003738567998256892,0.0022819975531351983,0.003875270685309795,0.0028808208292724485,0.003062024496690699
150560,0.0030838366439900483,0.002519373956608742,0.0024853120304864224,0.0018340436729729626,0.002284814430520546,0.0021787152795751386,0.001790881660984081,0.0023425718746955676
150562,0.0038938457987171132,0.004955290328834183,0.004605048339039686,0.002766503316743718,0.0034177986365314106,0.0038375128747575454,0.002584051633267359,0.002146033409791817
150564,0.0036263249437793466,0.005067158939059624,0.004726087369789911,0.002904237809443766,0.002874247475866065,0.0038517240869495734,0.002957312393343736,0.00315915034961535
150566,0.0019323005975416252,0.0026226744488816595,0.0016290886758065781,0.0012437614921783635,0.0013813893246534953,0.0013801177418892863,0.001117820390158078,0.0011975679159948044
150568,0.0037469741010625612,0.005762637209920707,0.005218170156736035,0.00243239710603195,0.0027933210193942792,0.00392064378709206,0.0025795564359687995,0.002717358891495325
150570,0.008958320741216719,0.010299601246161139,0.006780634222727011,0.003648100804178045,0.006863010495763655,0.00700043787134863,0.00536047336720108,0.00513184655288873
150572,0.004727044210934894,0.004143572530994399,0.00381434648508705,0.002724274226864276,0.004034372916559337,0.003997228356494242,0.0032914078979821154,0.002266694342587583
150574,0.003954741726609756,0.003321390658556078,0.0034716260730123377,0.0023442327735017643,0.0034843944597648946,0.003397755052124085,0.0034156485389935792,0.0027855831511396922
150576,0.0037997075154463378,0.004438293851273534,0.0031227853700466213,0.0026118573475883977,0.002543709056918378,0.002949446771928488,0.002519417337282573,0.0026122415605223243
150578,0.004804329790936146,0.0046311742584009274,0.0034107816373973865,0.0024266369461605763,0.004450099212711722,0.0038654876702640117,0.003314294948009666,0.003214856476648223
150580,0.008582780702988624,0.008534352500980058,0.006918755464258908,0.004999902470112838,0.008319499271579822,0.005087104227084416,0.004881885974577005,0.004790104589001365
150582,0.0056935181162570125,0.004764450959073907,0.003929862005254636,0.0028306711652064664,0.0041628834605616505,0.003531076502683153,0.0029989747947740814,0.0026916687394912403
150584,0.004791878620238832,0.006682432399403249,0.004268192726402609,0.003705910135999982,0.005577789111477716,0.00538102659693096,0.003934632201429089,0.0036615266243063133
150586,0.004699980749324484,0.004111968031752733,0.0030249274362505046,0.0021895711502423337,0.0028909054464461154,0.0035727520707668076,0.0024444208133689305,0.0020791310872998597
150588,0.0038816321440254264,0.005701451081476572,0.0023562465940960703,0.002478655584077727,0.0030616518050409353,0.002478474200015915,0.0017944412698729512,0.0021915417237359236
150590,0.004857367525890055,0.0047325709918846215,0.0032656740151111446,0.002753851002409005,0.003435481418445685,0.003518429173806084,0.002454937126730228,0.0024710287236624634
150592,0.003982592977283872,0.0029262436366834926,0.0030540083899860543,0.0015433171114277583,0.002886876050337342,0.003337694735784602,0.002095331185722138,0.001986385852704997
150594,0.0025162690953078326,0.0020758648693500886,0.002329248339836845,0.0014102712668071504,0.0017695841194376172,0.001513449627804031,0.0013080351452566946,0.00145572362587032
150596,0.003986837098924667,0.004497230625987392,0.003744408240749078,0.002420682362608284,0.003733431080672256,0.002856984487633621,0.0024303122305093794,0.0028078722673870044
150598,0.006713170190751294,0.007762296819814607,0.006156369187214017,0.00574044794139561,0.006642318213101517,0.003964565663764574,0.0030181518836719518,0.00321079636623213
150600,0.003511374911708845,0.0036506667703140178,0.002506299032842843,0.002443872348975598,0.002733828814157846,0.002904865417693428,0.0025368836189471194,0.0018292829527846166
150602,0.00392410985173669,0.005477549524473491,0.0053725836678753525,0.0028196326640250735,0.003380094383275356,0.004275421203904506,0.0025627752225798744,0.0026444554044520313
150604,0.005442727667429814,0.013093345718993066,0.008228935204215804,0.0038498266316307067,0.0045495560172260086,0.0041183582401243535,0.002966313630853659,0.0032343183450428553
150606,0.004444578026079837,0.005909403827363491,0.004287570071494218,0.002250790763380653,0.004181735304595924,0.0036229338195179484,0.002787804564741203,0.00301868033611985
150608,0.0056955837770600315,0.009811059013785872,0.007762455675523805,0.003903105556721853,0.005426680488121782,0.0051301974394404315,0.005352863125931917,0.0044615489915023065
150610,0.004590452123296951,0.003894326077281962,0.00343999095897031,0.0024272051300245345,0.0034255597644077818,0.004332477528756762,0.003044581430147242,0.0029957217548224335
150612,0.004587342083369528,0.008757631970415736,0.0037498734356669616,0.0019500796942373416,0.003101553878459576,0.0027927213289428293,0.0026954941950094735,0.0033158834634322704
150614,0.008923366417256995,0.009594683495813605,0.010280519153092804,0.005389047338904052,0.00745198328175789,0.007296858562377828,0.0073196188623053104,0.007623365480702804
150616,0.0020273068467396294,0.0017207020570078058,0.0017566257891149656,0.0012835771102670673,0.0010747625688663082,0.0013270958643109149,0.0010864066309048681,0.0008918395925970914
150618,0.005953791049606638,0.007720864869554589,0.0042093078678249185,0.0030107886591418526,0.004710402448413531,0.0038171414927652553,0.0028741831662905254,0.0028699235611082813
150620,0.00713212952545611,0.005967977497878252,0.006919281007199629,0.004051777405802648,0.007231495462775905,0.005553546777786744,0.003988250426312456,0.003846399544272572
150622,0.0036934621399070805,0.0031176754860196554,0.003106800870638096,0.00255363156662948,0.0027437025734434878,0.0025079177326539637,0.00272231812320535,0.0018886100527698013
150624,0.005526443465576014,0.006448830025718388,0.007210740227195311,0.004483817144575186,0.003555912729114097,0.004649329578518879,0.0031300195161013816,0.004356648088002013
150626,0.009640224548324028,0.020736423078787647,0.01178469035355878,0.007222064474439238,0.010159572106155146,0.012131271657015219,0.007020577528777716,0.010508122454558289
150628,0.00512564960844486,0.00891615383861849,0.00396454689881498,0.0041724128239507,0.0041475032908322995,0.0033377511237667884,0.0028694110881938434,0.003578417256270075
150630,0.004642323503758539,0.0032781751097271106,0.003605207441525815,0.0028705574304667275,0.0026864405433952993,0.0031589623248118315,0.003000140199872506,0.0020733013742185863
150632,0.001751417251173018,0.001687531651309651,0.00194954409386007,0.0010676128943150204,0.0016188721406497214,0.001586943157845369,0.001165327352069312,0.0009447544412608845
150634,0.004626520870845641,0.005867499544599808,0.00427055869278542,0.0030001397917778783,0.004388187408857158,0.004310303205417532,0.004239029510223757,0.0031855042399012157
150636,0.0036041539903093472,0.004967974993267177,0.003239143800182545,0.0025292777874676986,0.002961785149006038,0.0038373065664454864,0.0026925810647965426,0.002075154778049107
150638,0.00594588659856754,0.0075362827209704,0.0036541861441026363,0.0045644394701241375,0.004746873806864338,0.002849992503705781,0.003570157991854131,0.005006172663595765
150640,0.004290318142505856,0.004466187394618404,0.003003287434510407,0.00208223089885351,0.003208933983176246,0.004124967784321143,0.0023902224676060208,0.002503250328481435
150642,0.003925632455061612,0.004155659535085343,0.006281362072403596,0.0031897911270551,0.0036554117487606064,0.004289062078940198,0.0024872096727471954,0.0020101863545890636
150644,0.005596766598571501,0.005492566172514479,0.002824106609687016,0.0027034995749284363,0.0033084850756957135,0.0028093995672090616,0.0022389180649931006,0.0027520066430708617
150646,0.0033480535705055076,0.003238494205858991,0.002100157072575437,0.001536345651285187,0.0016705608983248604,0.0017295057400275177,0.0015277662908520645,0.0016540631430984748
150648,0.003754582908848128,0.004712233262917975,0.00304896046129427,0.0021132474375963467,0.0025045335710900535,0.003037847129292226,0.002524261491145874,0.0028400391217665716
150650,0.0024730883776909046,0.002304212118262386,0.0019102834582549466,0.0013863527882535115,0.0016849910303973342,0.002216798865077918,0.0015869119935028042,0.001445578460638211
150652,0.008458981886999561,0.013665255684958189,0.009867277906619398,0.004886001472288515,0.009599106609592178,0.010071595448233106,0.005818199325578144,0.006889971631809877
150654,0.002839126362289335,0.0030726953916366956,0.0029032108144042557,0.0019532925363172637,0.0022431974838060947,0.0021549751966261216,0.0014741587658540084,0.0017863240694141608
150656,0.0031989529472631895,0.005417250876554869,0.0043204502741090445,0.0021405859112144654,0.0033209758825130664,0.00401589814445652,0.0027052640565577435,0.003419488006674243
150658,0.002099058799651124,0.0023820111395961435,0.0024278835141347543,0.0014753264215849882,0.0021003902834326876,0.001813743391998593,0.001590757607060636,0.0015136073106006287
150660,0.005681476831256527,0.004452527989880162,0.0034574203678028326,0.003141414869181125,0.0038992751818700683,0.004037497828118797,0.0037104902681229235,0.0033198926920913335
150662,0.007712329011105246,0.006790113888335336,0.008892961092104523,0.00402977436995583,0.006945583602146144,0.006810038682410813,0.006210370049786251,0.00513673460819325
150664,0.005285242523202227,0.005794007748144203,0.004975933084825579,0.005074025208225363,0.005653312054052562,0.004549293692717393,0.004736990228968674,0.0031197916806355863
150666,0.004156406911200783,0.005094872076397083,0.003598040305114583,0.002899249472443924,0.0029998169976215433,0.002851150476320896,0.002293455315614659,0.002436807861289761
150668,0.003321838525536927,0.0035675577347693693,0.0030563500039999664,0.0016477264839807187,0.0028354700468417177,0.0030851160851658316,0.0024138952848604678,0.0020203625973815864
150670,0.003687921035426381,0.0038019380430418526,0.0023937107826823567,0.002104509628546039,0.002140706562127337,0.002077300697356732,0.001904113319144432,0.002150117099059559
150672,0.0031740354231866164,0.00477667490991962,0.0026919273448209324,0.001747644869065701,0.0028272869121242494,0.002988557839568584,0.0027163084087862416,0.0022842279125692144
150674,0.0034985752091227923,0.006654250689291041,0.005542093788371061,0.0030035544742946924,0.0033457255597682534,0.0037255158565621116,0.002540860004092718,0.0021475692585260497
150676,0.004659839440948554,0.003939692423049479,0.0031424209302228917,0.002390475269447148,0.0031215797295738312,0.0026950354455906322,0.0023122088186781214,0.0028980151910653618
150678,0.0018487995762900417,0.0020629874281313937,0.0017371628370122516,0.0015512670114110755,0.001402498920902509,0.0013758294710595337,0.0012637102055210736,0.0011631740907503407
150680,0.00600579278445168,0.008080898496928057,0.006589343042243068,0.00423034307200304,0.006868495067724467,0.006011405249005064,0.004601652343404261,0.00379233572633432
150682,0.0023487466798594175,0.002522624053018077,0.002279881766309791,0.0014624127523035213,0.001703035095293584,0.0020331706836390767,0.0015802939946946287,0.0016110547577206091
150684,0.0044120029062080235,0.0045414144197578055,0.006120871500368219,0.0025308278008004947,0.003643598929650285,0.0037174209630368993,0.002716630328115033,0.0017402443978310617
150686,0.003211343111148901,0.003784904630992472,0.0024111451463666583,0.002454278226922804,0.002248107987402173,0.0021236346079196583,0.0018430258011382095,0.0018054569176362834
150688,0.0020451717435049505,0.002630882100932222,0.0028030486820540546,0.002520733893968466,0.0022388443846006606,0.0017887962455999246,0.0015025457415474147,0.0015645186134536498
150690,0.0038688898818646372,0.0038566405030027173,0.0037922549742275408,0.0029087554501845553,0.0027769501633813226,0.0025859828084021097,0.0021201617265740325,0.0021717640700025242
150692,0.002591825799506245,0.0029678606944168046,0.0016771905514048058,0.0016002210693422114,0.001919966909719198,0.0014759326059588518,0.0014517803611513586,0.0012813745299827262
150694,0.0031594665286596157,0.0031478252589450945,0.004233252104314467,0.002433621261622998,0.0028889084177147334,0.0026589833070546215,0.0022779813842377927,0.0022719394366321755
150696,0.00388737538894951,0.004135817222707117,0.00425453164692563,0.003008365263706958,0.0026690817497527913,0.0032073442935809937,0.0023640493479446523,0.0021688789912852613
150698,0.0047013068407757985,0.006727265671895077,0.004526771101092175,0.002820189734944245,0.0038009095121195463,0.002909816783345287,0.0027889868214649033,0.0031601035413723194
150700,0.0031702910532033363,0.004022019560070922,0.0028600525495565826,0.002302969114247891,0.0026005701635457706,0.003076760653677027,0.0020886628577807542,0.001718898545964978
150702,0.005556696506296754,0.0067720072646953455,0.00429554932527948,0.0021986299914723006,0.0035034597864776057,0.0050533238266092795,0.002441257583897516,0.002845933303635917
150704,0.004963010456378925,0.0065808942888010424,0.004289998985385957,0.0033833868143682416,0.005138178620474554,0.003901840035986495,0.0028160596985254416,0.0032768865212837867
150706,0.004250684548617878,0.0040164959106192555,0.002864652146767954,0.002665612434516587,0.0032279431952520476,0.0029738754242636944,0.0024441651748934867,0.00315132964616055
150708,0.001980912562945747,0.0018091076641022497,0.0015785449302399002,0.0010131276597175193,0.001288346005845542,0.0009560874528331299,0.0009921455961512393,0.0012449757379622839
150710,0.006485035737427758,0.005208226682449413,0.004675597952552346,0.003108895508634524,0.0034982076811757162,0.003420917632139378,0.00328623997219446,0.003604775753941039
150712,0.007850095060371542,0.013494384473944854,0.006565105667509175,0.004490060563494547,0.005659592497166133,0.0077596975936802814,0.005565845329129682,0.005421703519303878
150714,0.005895811229694792,0.005508625241458509,0.003725504487542844,0.003210949618992487,0.0028775130308296287,0.003160432333738916,0.002935788481587487,0.003029781551713795
150716,0.0036373876089750845,0.0031707546258879504,0.002638311868014123,0.0015584277945630692,0.0024724896559835813,0.002448646677156288,0.0016760401130303665,0.0014701594555055625
150718,0.0025403579038446034,0.0025852561655179684,0.0015979814581769253,0.001380588045766809,0.0013899662263239798,0.0016061609215001355,0.0012983921806220128,0.001203235350955234
150720,0.005245812374052916,0.007310835126485282,0.004807498058688131,0.0036019008820503823,0.004170733380167491,0.00464206257927402,0.00318240497381167,0.003470533507944573
150722,0.0049411825703060686,0.006915776112337291,0.004025847812186234,0.0037992124417929873,0.004765783027897763,0.0041874591396733885,0.0038628565352716443,0.004813327009063839
150724,0.0051745635490446085,0.006946669034802122,0.004970131475499573,0.0036278330680700327,0.004773737138941636,0.005304430152284267,0.004082493208912297,0.0034104457268178123
150726,0.0033742820614444113,0.002882699052034879,0.001762336213057561,0.0017357871294516741,0.0022005619960742268,0.002212948459772837,0.0020207842484108035,0.0016609162768480012
150728,0.0048542866850614375,0.0069986601050617825,0.004925552250869325,0.003321817913546146,0.0034022940949963165,0.004472256098320193,0.004085905298081782,0.0038975404748620712
150730,0.00645037856035291,0.004610862552687556,0.0033540982782614415,0.002862474461068354,0.004965824229291371,0.005133739357213507,0.004070240312579243,0.003020308145668338
150732,0.006597251348197164,0.014341165417568524,0.007912105276040082,0.004424561231382074,0.007087453644644137,0.008469998812812074,0.005504478650054934,0.005453996138425288
150734,0.0048349476274239245,0.005886582507713678,0.004721220658643832,0.002913397246145033,0.004257867076717936,0.004148725016968946,0.0029890759554241364,0.0031746936333343356
150736,0.003614927021420522,0.005314728972180882,0.0032366000691234215,0.002127997664304937,0.0029164580223396547,0.002292472770110701,0.0018672537876007894,0.001861804859245808
150738,0.0021678995698191234,0.0031220909326743485,0.0020160916349711844,0.0014427728338282098,0.001955376157296629,0.0017089528639753354,0.001554245778784838,0.001596743597179151
150740,0.004939147573924052,0.005614626203068129,0.0042889849839036764,0.0030899482429626174,0.004537513981356378,0.0036790156557044013,0.0028070578509620248,0.003588185923160181
150742,0.0037810259689835674,0.0029036749069497603,0.002393148355414168,0.0024366772973350437,0.002737020641633073,0.0027127530328119875,0.0023670309490464447,0.0022734859397637863
150744,0.0036175431369124406,0.004153994031143249,0.0029541678845575042,0.0022818366818672248,0.002968287303595274,0.002930622663024851,0.0023882198316818037,0.0021532157759716203
150746,0.0028591588892512565,0.0027247444029824403,0.0017612332220020566,0.0014879740883794318,0.0019159498990894974,0.0016796694069094592,0.0016821571212200098,0.001497925538528913
150748,0.004056481493642572,0.0034857795229537164,0.002350404347652449,0.002285515715635178,0.0024807878078209195,0.0026220643706695856,0.0017195167066328398,0.001928474530970059
150750,0.007401959395185509,0.00570267756767695,0.004374838117882973,0.003200043622187343,0.0044780427332489214,0.004962486636719776,0.003924239602248969,0.0034997528387401694
150752,0.00395425820531875,0.0030097021183345257,0.002257053019763658,0.0025007209701508604,0.0025348437024442227,0.0035716428153174107,0.0024044364913823474,0.0017919989420376314
150754,0.009485956381283744,0.01435387196302984,0.008143805197215193,0.00535610810509729,0.0072949990005578,0.009227583788296523,0.006087067922537992,0.006926966872796092
150756,0.0028278435500039972,0.003359083922563011,0.0024316060339262813,0.0020868286163600036,0.002412231474185289,0.002303524777124269,0.0018511062293309483,0.001755221168964205
150758,0.004176348569513932,0.007226692426956449,0.006477221381917753,0.0031797407777945375,0.0060270794916564285,0.0047687687725215255,0.0038811558980222927,0.004086385371382895
150760,0.001937317734041502,0.002178761533043319,0.0017675794308958381,0.0013504570834644292,0.0017343489787614713,0.0017835433413221496,0.0013725816934320179,0.0013837607431173155
150762,0.0045265946506237165,0.00533801050685434,0.004204397116626402,0.002182169990108618,0.004006621008068534,0.0033697448814238445,0.00282083272965207,0.0017651470067008845
150764,0.004585536704809157,0.0038046057973529224,0.003277281900332163,0.003822962607469782,0.002830430554864996,0.003434046569692706,0.002352017794409314,0.0031024663870283242
150766,0.006596798694803729,0.00769764676858764,0.004656027761833548,0.003139327253267654,0.0056172124446796645,0.0051459778694686875,0.003926867745090379,0.003924237735319913
150768,0.0029001862896829156,0.003680670299392119,0.002584141395330933,0.0016508164019159027,0.0021156024639179677,0.0020851282035734414,0.001925103680850207,0.0016068331324348706
150770,0.0024067280818874104,0.003236090171299999,0.002500407265320581,0.001635436131800519,0.0018692819948579326,0.0020040966104080266,0.001555402413320417,0.0013871388110047733
150772,0.004965715023232065,0.004598242443615286,0.004093782442864458,0.004632788790127906,0.004187458175410663,0.0035735319033905477,0.0039623413884216085,0.0038040566395198955
150774,0.004898765111296888,0.00532441038027387,0.0035940223375510727,0.0034206792678528886,0.003974910025578149,0.004268842084820257,0.0028185372781058954,0.002674335803392547
150776,0.0041501091534554835,0.003435507620539513,0.002910497649502908,0.003264922997464073,0.003931828601410281,0.002540028204567557,0.002680925005436166,0.0025157522405294813
150778,0.003977291003650407,0.003401692219575772,0.003273091328708455,0.0018385268829599344,0.002257142219963884,0.002077223953392604,0.0019272739387474758,0.001652904914162756
150780,0.003676537324135476,0.00498727284645728,0.0037030473462623115,0.002569209372004902,0.004690181854257958,0.0028269941544731975,0.002671003233725655,0.002259553062436359
150782,0.012967349712395881,0.011818701264225462,0.008123766330104587,0.007940543312380532,0.008809212955739554,0.008637917498721726,0.007160814062130649,0.007161923749921195
150784,0.004031008907345646,0.005255112167191989,0.004597641243832273,0.0032056073529879298,0.003070621243640659,0.003314783945425559,0.0022961157376623215,0.0029199845919290063
150786,0.005949497374368784,0.007731898705575446,0.00457369804022939,0.0035729849873034625,0.004026458610429329,0.004396390120305682,0.003106965325894509,0.00331362542321835
150788,0.003144643688997917,0.0030887104496418183,0.0025638827343219678,0.0022151921649056355,0.0030867227967935756,0.0024140321923132313,0.0018933844119684573,0.001948444830225951
150790,0.003091771219710049,0.0033396505147338523,0.0025163920570088344,0.0019010880296710386,0.0023371017481172013,0.002359092994145398,0.0023787283114931612,0.0016020703690856758
150792,0.014708619634375142,0.019930742983209626,0.01188497099398772,0.00861827528027903,0.016066826034652815,0.018938908139359834,0.011172570564722817,0.011130677129909339
150794,0.0043627029557563035,0.004846587302777872,0.006462792696631858,0.0030494570432855334,0.003240247666280782,0.0029410986518387805,0.002155606799135193,0.00317973783686977
150796,0.007671873932623363,0.011229103016038522,0.00928295769572074,0.004473019460687289,0.009122647981057108,0.007178714474477543,0.005280860361474071,0.007262349629102938
150798,0.004384755921056416,0.0045449498546359934,0.0026536138686472643,0.0030277465390943364,0.0029406174371128385,0.003269202484128597,0.0022453300758074196,0.0028357906193566956
150800,0.002811154421205553,0.003583182852086253,0.0033120061477259904,0.0017883727546669365,0.0022534160741587983,0.0028017991649562646,0.0017458104788498213,0.0015099899223565277
150802,0.0015736729774336183,0.0014962751315730216,0.0012805124237225268,0.0012109145456476456,0.0008916958622380601,0.0009084894073554985,0.0008961032491500293,0.000852300250094893
150804,0.0040302038350797376,0.003980150246462921,0.0031879764935780486,0.004049084079005505,0.003261921067124973,0.0027393739113451693,0.0032970829742500762,0.0027801195232741854
150806,0.003067806593787595,0.0031506596436026157,0.002295528841778763,0.0017309170835046045,0.002124924748852175,0.002087660529505264,0.0021333823296280224,0.0014749215094287532
150808,0.0036281561821854963,0.0045247922457019585,0.004020358381873257,0.002347378370961564,0.003295565264656075,0.003123010204447718,0.0020236914543956264,0.002339500853655585
150810,0.004814907841856675,0.006603996996723593,0.004131013709887166,0.0026769892461087214,0.003092011092385563,0.0027444269514677183,0.0025288585110179312,0.002051799360139675
150812,0.003258644908843769,0.002735281681118376,0.0028380561709449026,0.0017065072705158002,0.0026239974825981727,0.0020648595777884027,0.0018331025177789062,0.0020490615637927534
150814,0.006375296016415677,0.009306311082557528,0.006560056203215092,0.005668623657303584,0.005786315535666553,0.0071630827088325355,0.005475436683122281,0.00801301936364901
150816,0.008949706855511386,0.009208319914301377,0.005702815977612963,0.004472429493453112,0.008125100053891166,0.008983681624184447,0.005992358479769644,0.006302736106091056
150818,0.003476552870795624,0.0029193134860536762,0.0020945983360599746,0.0016369653126766665,0.0020863089249901906,0.0022273693098848885,0.0020032918563766544,0.0014662911063451217
150820,0.004910794569937593,0.005047838272176364,0.0035086346271069463,0.0028173582651960793,0.0034544424157279124,0.003057779875664579,0.0029828977448827093,0.0042098512129664645
150822,0.008541188651193465,0.01086723585872229,0.00799291700977417,0.00388148546085626,0.008303865477504502,0.008754921303788576,0.005363229567940719,0.005057763162957807
150824,0.003899597138311686,0.004932637983481369,0.002563726928870358,0.002154057704656376,0.00326841996638684,0.0027598829028435135,0.002696315864048282,0.002760832552894721
150826,0.0031416353619278525,0.0038427550576565356,0.0022529304973345626,0.002090252981067478,0.002581584733850187,0.0023012982387635855,0.0022230140388897063,0.0021205850881612087
150828,0.003302694429984779,0.004055101673970052,0.0025403699206232866,0.0016458996756847505,0.002135374627835876,0.002218634954787038,0.00171447858796471,0.0016628112488342867
150830,0.0034858226319084556,0.004135558486174917,0.0030148684109224805,0.0024647443104930944,0.002790199239079749,0.002800303897121381,0.0028668936909915232,0.002380712423410994
150832,0.010461781799841141,0.006842324193002902,0.011627036373184296,0.005558422794060824,0.010769544864965008,0.011321952123481083,0.012166120573573247,0.008067092584556568
150834,0.005538574473229696,0.005275070811965377,0.004170591918107258,0.0033591892869333506,0.005186383775024561,0.0031459569938741133,0.0033142447634737643,0.004579109254888858
150836,0.0026499264146906537,0.0030953561931532786,0.002137808433749777,0.001396848808713283,0.0023689024752205357,0.0022403443190449762,0.0018178926320757682,0.0016038237621041201
150838,0.0025116577731645884,0.0024310740707989553,0.0018055579081166645,0.0014000049989611046,0.0018636335784683183,0.0022106400332538995,0.0015568358030189217,0.0015081126856271304
150840,0.006367135480777941,0.005983024504610468,0.004223453016651002,0.0033762550228924604,0.0045858444720039415,0.0037509726111778635,0.0038566104278939944,0.0031309045182590367
150842,0.00441492620613243,0.0057307212351736525,0.0039555701534910725,0.0021358170662000853,0.00357131421309248,0.004073329627868327,0.0031581780411655963,0.002822301010712139
150844,0.0041008321738367215,0.005841440177820678,0.0035261594317860384,0.0022316084695193222,0.0036796230533832214,0.0035898526035380574,0.0029790328483452755,0.0034719540077665645
150846,0.0057425051592332466,0.004517747466397992,0.00284705626228178,0.0019580176863999293,0.002896106724162642,0.004019504303233445,0.002719483001324685,0.0024043897281384036
150848,0.006617447723112291,0.009139478527586897,0.005348899828685527,0.004662936306676413,0.005882227425502151,0.004746544256762297,0.004524380289191221,0.004149322029498359
150850,0.003528971169783471,0.005409428356252521,0.0042842815462371675,0.0022599947234486356,0.0031509281379472065,0.0032202389963599393,0.0026440921995801864,0.0029314693324396096
150852,0.0033478147408040476,0.002984388886977399,0.00355777010005337,0.002434078515494653,0.002545580367239675,0.0022462434964132805,0.0017117340310191104,0.00190931056697341
150854,0.004722670578025723,0.005138950908546214,0.004862443126782745,0.0042092082905780814,0.0041567642921656045,0.004288648311168153,0.003104605643820868,0.0037541382601095213
150856,0.0060723167090979135,0.006976362484102661,0.006423449355699218,0.003606873147863135,0.005404426443039734,0.004846140202039939,0.0038999879703484203,0.005288097429301253
150858,0.0034876079285940526,0.004393946084585432,0.002812945782368681,0.0019288321637892653,0.0028172222259064683,0.0029420664530333124,0.0023400064836816142,0.0020237883190438316
150860,0.0041782814993815975,0.0036561428853243566,0.0034637769480756614,0.0025029178276848724,0.002894720382086838,0.0031189977114431944,0.002572996333337643,0.002931389863745304
150862,0.004095055352323129,0.004235832392520733,0.002822830239607166,0.0019803279841769245,0.0025848849275453833,0.0028115297142952134,0.002453840854884426,0.0022239742080201186
150864,0.004784006285029285,0.006916229666107165,0.003987207814365457,0.003618075078150318,0.0036577968841267627,0.005765657849539141,0.0031823398263776254,0.0023448345211441457
150866,0.0070501280670325905,0.009236916078415869,0.015443892023536743,0.004856216898695642,0.008595275945613212,0.00959780000621585,0.005332187529237586,0.006914543165649489
150868,0.005525057753308582,0.008758255315743924,0.003836271877771802,0.0033270790504680847,0.005840201136062595,0.0065858671152141945,0.002603452108834725,0.003452611780924153
150870,0.003149003763169844,0.0033983083681619064,0.0024023205446881968,0.0014614931705667633,0.0020853581968655194,0.0020405770918148353,0.001736292827248187,0.00150749240655014
150872,0.003946310582157386,0.004700335240816145,0.00428381046662768,0.00256121168466307,0.002843079799546136,0.003750761341612341,0.0024882810383997644,0.0025389859248436952
150874,0.0028366778427047074,0.0019108289457965416,0.0019516803537320687,0.001832007253563861,0.0019239956435716105,0.0019135950325528533,0.0018054857265449448,0.0015021128547731966
150876,0.0021133697131930362,0.002171149892981075,0.0016218928890982115,0.0011400824772787033,0.0013822265687659652,0.00103762112587015,0.0009604436472257505,0.0012182701914276728
150878,0.003883850832775773,0.0064191888899394756,0.0038581481102362702,0.002349470709004875,0.003309205941381524,0.0031185866182568134,0.0032090006684366706,0.002362678398965104
150880,0.004286620747349312,0.008340537309963258,0.0036034508805186244,0.0022195102858117016,0.0032449527606468465,0.003795319109674067,0.002622948797360858,0.002625676273071642
150882,0.005704330719681627,0.004607698064996113,0.0037215077611563174,0.0030307039495631877,0.002611340665731668,0.002735693961982158,0.0029937573253771554,0.0027421210609062663
150884,0.009245906336978804,0.013355834518335996,0.006483354665533236,0.005328978087686176,0.009076096149417623,0.006009616922682037,0.0064450300827287865,0.0050181917527689635
150886,0.0035332015067002787,0.0037919246336526463,0.0030205980531496923,0.0018046560586846283,0.0028975944642715273,0.0024709824283528636,0.002111288770377931,0.0018874106073041436
150888,0.006936390633667744,0.01303388043021414,0.005324099412370664,0.0034104835811985673,0.004967472966656894,0.005248028330883336,0.003699140175328852,0.003997123783454848
150890,0.003990153450339484,0.004116502322173199,0.003012840049506027,0.0026102625377967398,0.003440969880047842,0.0026544755775490675,0.002937497163944869,0.002840089151102246
150892,0.004181205339446381,0.006370669762933767,0.0030520298782036465,0.0029196830477134506,0.004030154644081352,0.0028372985053782968,0.0025785556385406055,0.0024849354116136674
150894,0.005969265709526772,0.003700297607027503,0.00340568775617002,0.0022701364396505164,0.002781271858689982,0.0030634668291788097,0.0024828808529664403,0.0024765602424317024
150896,0.004278149785043317,0.004143337531183955,0.006224333264087056,0.004202478440527069,0.0048888860613383045,0.0037438251510766296,0.0036788615545946812,0.0029575336210330705
150898,0.0031286395292645097,0.003421433608141747,0.003321242521281756,0.002015078781628432,0.0025344464700528674,0.002266725203398115,0.002083937952859438,0.0024102148822718328
150900,0.003625338842240533,0.003626442046635883,0.002612382458371823,0.001647366303059672,0.002974955072971089,0.002567128185035697,0.002167305363457217,0.001724920528315202
150902,0.006538125747369783,0.006536428170116404,0.006805796919852947,0.006128759560191321,0.005170178236436895,0.00510345698105491,0.0047694386871871,0.004870336032474276
150904,0.007556649904580048,0.008623105211846893,0.006071010458552684,0.004042340468540184,0.006874026306489478,0.004592806804257832,0.0038637734635499493,0.003738550687109543
150906,0.005918471579059725,0.009179795209902863,0.005883360049026065,0.0035975724022643263,0.00724457093796449,0.006732727533489191,0.0059442930115519155,0.0037154837676140057
150908,0.007662740383595157,0.007950930403267942,0.005802951373041987,0.0034779855866680226,0.004223274833272728,0.005494492332304368,0.0049597378241197365,0.004008707664275912
150910,0.003015095462988171,0.003968699725942992,0.0032226083760203417,0.0019154287890588706,0.0032133219145258907,0.002823152472073931,0.002158162170600386,0.0018698580028315842
150912,0.004256786880445562,0.00516160374679725,0.003388478742594181,0.0023512568837708164,0.002833123833334561,0.002919033311103769,0.002664465086596124,0.0020146657523546635
150914,0.006127610554238994,0.007350026596155468,0.00424139417408953,0.002485050919890597,0.004316717397177483,0.004042789551897352,0.0031045865474648715,0.002227802187755812
150916,0.011372770500209184,0.006785731036800302,0.011577350291291033,0.008340288272332907,0.009210321904519425,0.010028663821050332,0.009979685441679431,0.005432678929274071
150918,0.004758411155937614,0.005982663744680261,0.003150861222398549,0.0019173550969961983,0.0026875315849048675,0.002471687645515752,0.0018818347163419014,0.0021459343527757135
150920,0.0029096435650556446,0.00415201487845801,0.002648303918981798,0.0018783860622979681,0.0018161068205631153,0.0019836741471851577,0.0017237460988900472,0.0019600553362773
150922,0.004612584862622671,0.004355730484363107,0.0026218671310449665,0.0028832347136425462,0.002954630767252553,0.003366609535405074,0.0029633440100543945,0.002794495386343465
150924,0.005246561407932726,0.007641527212360666,0.0045736758697026425,0.0032628883610708176,0.005399650215378637,0.004891127440085408,0.0033705229983462814,0.0034853414103312025
150926,0.0028725932310247893,0.0026233364964483585,0.0020639005492811974,0.0016157982025811202,0.0021352747842713488,0.0018315206453858313,0.0016642987639416962,0.002303053496314003
150928,0.003237179104047541,0.003515068129900323,0.0031510711723150564,0.0017618530060641846,0.0023509740124902923,0.002406735026652243,0.0015786929428698304,0.001937300681350132
150930,0.0031770109247386685,0.004046927218466723,0.0043237379512853225,0.0018291991455838957,0.0026840441197606424,0.002188526419012682,0.002022857977957218,0.0019053632648437097
150932,0.004978367804968409,0.004840221951881496,0.0026945952994614775,0.002734472796860468,0.0038949472752830006,0.0038618392427134385,0.003569532543956422,0.0028313561877091886
150934,0.0038005429679608543,0.0039040640261645138,0.002721949609882493,0.0023410359321407587,0.0022918720725826486,0.0026701030415490212,0.0023426126236914535,0.002477218047198859
150936,0.0037244222363436302,0.0037892805924934075,0.003920626059411569,0.0028046066298609423,0.004135684020296404,0.0031355341621791682,0.0025269787514159564,0.0031381430485511036
150938,0.006128821387930972,0.00877211827530916,0.007003527682464261,0.004037759159986942,0.006712479173012265,0.005995738722276656,0.004811938695745477,0.005527666492668948
150940,0.003704179541917943,0.003549965742251651,0.002733117132036736,0.0024692531463466616,0.0031592583931251556,0.003180363864378491,0.002401622008370033,0.002657818949655999
150942,0.004338259414924883,0.006318144620544253,0.00399695609260764,0.00373115748337495,0.00423573347183176,0.003622136059335826,0.0029067141038154887,0.005510769917995484
150944,0.004153376515621032,0.006189594134529353,0.004980639065108372,0.0028027942596823424,0.004702338828702024,0.0034074363234118388,0.0031659787254661453,0.0027778253858210533
150946,0.002423857914934935,0.002836427057099758,0.0022652614972540897,0.0014507665053670321,0.002254810143573552,0.002405714619180613,0.0016984016124728246,0.0011902584228664637
150948,0.004396066053860892,0.006223992339296436,0.003499355719183639,0.0025497614466305496,0.003340474670596741,0.004260469444151482,0.003093537961238235,0.0033720539752381123
150950,0.002753235626060238,0.0024326535982700653,0.001914969370990352,0.0017323317935261096,0.0019402446934963097,0.0019099565287215015,0.0019177808679328306,0.0019006644407151274
150952,0.003684469567724183,0.0044739064778892,0.002724719901487982,0.002322526494824617,0.002813261127304012,0.0029540532831565103,0.002368216791550651,0.0020993714897039745
150954,0.0037387561456801027,0.003191350365432888,0.001819516280785971,0.0019320814981016593,0.0038498918142269023,0.003163861588970432,0.0021761839121615806,0.002132990381820632
150956,0.00425011720273738,0.0049818621849833655,0.0031710768393545252,0.002487767809486577,0.0028079622828497547,0.002556951148265388,0.0021131881848681644,0.0020548922468815456
150958,0.0045717694054241975,0.005762252615992891,0.002990556417480583,0.002271472108369643,0.0031269461166064105,0.002559807320992924,0.002802367092741065,0.0022746001458032183
150960,0.009780385764239563,0.00595748933458623,0.00649137561397084,0.006152961490863085,0.009902210275758216,0.007033633455490795,0.004892243631937854,0.0037642315063327048
150962,0.0041160309990112,0.00480583580169025,0.005142801464685931,0.0025996222791469514,0.003913069323531693,0.003816482804170962,0.0027889502287297696,0.002284884589803804
150964,0.006704116528908399,0.007441016119069721,0.007168080295074708,0.004205903574494352,0.006221698981082824,0.006212741186629955,0.004660825158141257,0.004183009285478934
150966,0.005199579855950598,0.005244031744509103,0.003935410844941922,0.004009254888255376,0.005454703762475255,0.004992356892158378,0.0037132170045700713,0.0040070190533514904
150968,0.007153990112142294,0.006846471285427924,0.005155423093762046,0.003864467252298734,0.005053495430598298,0.00684159451363886,0.004772128080787752,0.0042445827106668
150970,0.0035784123536510837,0.0031915119924966207,0.0023932802993651553,0.0020857430216972284,0.0021211368253518104,0.002467929007183081,0.0022607123818014913,0.0021390387785347326
150972,0.002318468345599914,0.0027871688857233345,0.0019131211697133305,0.0011709940447583028,0.0018224441735745917,0.0017627519179053142,0.0015648265903556169,0.001434434948930488
150974,0.007132439103066324,0.005220525615741212,0.005408472718931245,0.003971582173694588,0.004594143950145624,0.005152238426827049,0.0038582693609401364,0.004064039549263931
150976,0.0069708797930801425,0.006943257783222079,0.00488035664281683,0.005123731630432227,0.0064885809814507756,0.007039902157848277,0.0056538173639888445,0.004778309455480356
150978,0.005465553870484863,0.006303857639798294,0.003424201542012742,0.003675563389975489,0.0043151207435274674,0.003874637145241666,0.002974699872981393,0.0032100774358561623
150980,0.005421622326397257,0.00741171233778154,0.003081573444633001,0.004164204568871066,0.004503924378483681,0.005002650795402852,0.0028686831679604202,0.0036418334891786946
150982,0.004511442784433994,0.0037744399195367567,0.0034999749886965997,0.0027093869092259665,0.003679399792754348,0.0038883839596496467,0.0024980279223552615,0.002380046477921796
150984,0.0036996495317343503,0.0027213036055854373,0.002949282493558636,0.0022531278339715938,0.0028484402904718764,0.0028122262456382746,0.002726755456636601,0.002437483171822255
150986,0.0038876480757238513,0.0032653853484502365,0.0028392887346091605,0.0016967715637218467,0.002472504474952966,0.0025678186740931697,0.002210611658457262,0.002575861450972161
150988,0.0027920677672408495,0.003065435018548404,0.003229796265661125,0.0017290137336537642,0.0019767361955722734,0.001595909197633763,0.0015031901334797149,0.0015365556314700518
150990,0.004308383985798303,0.005912812156483815,0.007104635426307349,0.0033610610753203596,0.0032731015588292056,0.004033723662349387,0.003275741464131565,0.0029094928572812595
150992,0.005726016015740465,0.0053070210180985455,0.0029551694253076577,0.0028523902569299597,0.005244435327381114,0.004431360404745455,0.003770917537128382,0.003017940270063413
150994,0.005722287724111652,0.006533659989678198,0.00459386620367952,0.003242250626400711,0.005291422443040261,0.005470153056567284,0.0037585562420741625,0.00319299755368653
150996,0.0027478596793254623,0.002426951861559168,0.002199217644799356,0.0016198534551051247,0.002034577557324724,0.0022060141962594454,0.002070580116466783,0.0018472717862905302
150998,0.009334886114878371,0.013587790972892366,0.010352454782314668,0.006822274649659343,0.00797669892437286,0.009402683716797144,0.006939869713777691,0.007252535594919118
151000,0.0019257869660230936,0.002365964995675887,0.002267633030862193,0.0013859841307282128,0.001495542037432962,0.001373756184121222,0.0013358456086499798,0.0010892655430763676
151002,0.0036383402937039677,0.002933604095112452,0.0035298285435061416,0.0020995671035098362,0.0023023212831048273,0.0024891054371813937,0.0018087204329502726,0.0022635855723988213
151004,0.009981721952823153,0.012218067650373365,0.0077705607856251024,0.005897596275499295,0.008314581219848682,0.007907340970085608,0.006625053882146403,0.006634463039698668
151006,0.007686536812825884,0.007525377772600594,0.003864145823065504,0.003299890031707664,0.004649221877793208,0.004938908806149167,0.0032114980658565356,0.002953324016787287
151008,0.009080244729592346,0.011941078989809173,0.009171995920699061,0.005381249587937953,0.009098505763805775,0.008906010502546247,0.006830913851343878,0.005750941119587516
151010,0.005447001605143387,0.0033895340243213085,0.003086652841082449,0.0041684924028242976,0.0024216344431000764,0.003053677358342957,0.002833084176195877,0.002654662523512208
151012,0.004296652009801116,0.009299564664477566,0.006565039262236505,0.003957385686309323,0.004826289425344188,0.004577563587240485,0.0050489266742284045,0.0041709200752662046
151014,0.004578006188171779,0.002817301318117027,0.0030418218894148197,0.0021062623757810983,0.00286760981376101,0.0033357360871617697,0.003268886824710618,0.002829441266283275
151016,0.003018221468104057,0.0032794251246750505,0.002776254874100381,0.0018285360848189214,0.0021027258373263052,0.0020233747332344537,0.0016986448054565756,0.001794465887763344
151018,0.005273942068279247,0.0036627570665475617,0.003180734468085214,0.002413112717323751,0.0029022345747142797,0.003305958380275309,0.002279908447722079,0.002897695131105993
151020,0.004327832641176033,0.00439199253030953,0.0028746369436355584,0.0019688733744780557,0.003107043817437649,0.0031704995518371804,0.0027027461454394303,0.002404861034758801
151022,0.015290033600482644,0.010733372773362504,0.008005122046732593,0.007003931727533663,0.010211097358725718,0.011068190672465283,0.007042590492558676,0.00809256860672175
151024,0.0034031733198994912,0.0045962500465004386,0.0036736294561912075,0.0025337383558091814,0.0033623393216965086,0.0027736248694804205,0.0021786213830670698,0.002159784760302222
151026,0.0033655772791579275,0.0041582497013161746,0.003550169059345923,0.0021824498266199144,0.002002289558353576,0.003116129778082899,0.0016636814935989813,0.0015244007897985412
151028,0.0049752383106343445,0.0058841532932799034,0.004174578794853334,0.0030111034574065304,0.004449193686050457,0.004422277833207533,0.002577263024372778,0.0023731282721276004
151030,0.006810860138703134,0.015982718739575796,0.008577730223324531,0.004316666487659548,0.008794901465007998,0.009620739060524353,0.00483136533922407,0.004244815710073235
151032,0.003566862208670196,0.0030904104602180876,0.002620723516370674,0.001762416597605787,0.0017910430980700026,0.002562152163800971,0.00194080363233895,0.0019699248135222197
151034,0.0027009751282163763,0.0025341441591787556,0.0025446636060553335,0.0015930352709821044,0.002283548187245313,0.0020372400868815532,0.0018267014256743153,0.0019351942676771317
151036,0.004007440701079057,0.004189604899175414,0.003199777257832326,0.0028801790301962726,0.0036141771741507456,0.003207138384377084,0.0032216694849221406,0.003001961802680031
151038,0.0037305968146914698,0.0038483363659454067,0.0028548570915143956,0.0021585207703234133,0.0031392504422394496,0.003249077720868465,0.002170676039610575,0.00230274422213933
151040,0.004918093312047456,0.005962506162886294,0.004072403375873002,0.004154912226169927,0.0043899673369419134,0.004652433114389842,0.0034617338607158127,0.002995481568958694
151042,0.005678165045737205,0.005007695219457153,0.0071932915217690074,0.00576057186492257,0.005638218082554269,0.00514074886614152,0.0038080749089067917,0.0032966611630769194
151044,0.003728873204421737,0.0034693656323804417,0.003904588231637543,0.0023932642617846694,0.0029953653534491864,0.0036747539844408927,0.0032364084818554822,0.0019878219573393197
151046,0.001785889221403103,0.002525483834004541,0.0026890582560747944,0.0017264733317046699,0.0016288063118544832,0.0014211858796092103,0.001408310019851422,0.0010989382167120448
151048,0.0029972148747353794,0.002064687592995773,0.002275576010831948,0.001898684528695585,0.002035570423479849,0.0025854505078613116,0.0018856540510193837,0.0018996456167558323
151050,0.004844471277316353,0.006315491742307167,0.005498492622053652,0.004160229378129765,0.004502436447745062,0.003219306791570953,0.0031314615126234457,0.003009102928789101
151052,0.002358137370117641,0.0035115391508767774,0.0027288061723532847,0.0017878340105526164,0.002096858680285474,0.0018987760813343885,0.0018367175515000694,0.0015979075959075134
151054,0.003666453693795868,0.004855496268412418,0.0031200222335959205,0.0024762981089555686,0.00358450221035872,0.002741655239640872,0.002310655645196294,0.0026020802969067974
151056,0.005147371863999162,0.005525381181394673,0.003145422529692077,0.002454464260261538,0.0038554362022542726,0.0037279824342340145,0.002857564751677144,0.00258117174275313
151058,0.002281998620883796,0.002701039793245888,0.0023948423984399003,0.0012497069484279089,0.001772771146777652,0.001608743325008044,0.0015498842921068956,0.0017533438083896513
151060,0.009364882028224442,0.01030762239316868,0.00608246263775758,0.004980480270360632,0.005689704881224389,0.006764941007235736,0.006203036367536052,0.004937685735428909
151062,0.010032890318863397,0.01653424678313109,0.007458086931876551,0.007921976391600305,0.009855707659419899,0.013611561494155433,0.010964183633657365,0.01272540539373651
151064,0.0030511560955593375,0.0031401071053798746,0.002563776348488825,0.00180261166735253,0.0022402861316885847,0.0020230402757864946,0.002259588832892803,0.0020147055484740495
151066,0.005433013920680629,0.00632156694542424,0.004196523288247045,0.0026226485028975205,0.004677585051254596,0.00481961465584041,0.0032233985038754853,0.002667611555906682
151068,0.0059509836039333686,0.0071884797143578205,0.004961457973158778,0.0036140611653023985,0.006063326745950948,0.005624341089949247,0.004339249776590615,0.003757512130992069
151070,0.00629585647455877,0.005432323080863333,0.0040881239679926296,0.0025684590355956605,0.0041210611126901164,0.005051888611053157,0.003792039792413826,0.004664738537334623
151072,0.00674813487010173,0.00490957498550415,0.004323534149486774,0.003956882319267108,0.006395522996207825,0.00457242634506333,0.004328606125913126,0.0024110299053293205
151074,0.004768574289979954,0.005067902533828994,0.003369154108895947,0.002164161554063862,0.00358644466905389,0.004745348322118481,0.002897360651240355,0.0024348464604630055
151076,0.0030094752694367344,0.004141940139356315,0.002731128263545879,0.0018856954637131024,0.0025747604281490255,0.002829791223207201,0.0018526481107455361,0.0018220526553704985
151078,0.0031494636862972047,0.002520967693536713,0.002436796092001106,0.0017819078352074857,0.00229656774145838,0.0017953986514523401,0.001967952769256487,0.0020520737465679617
151080,0.008942041177901539,0.008390026471694567,0.007727951344251027,0.005287265255632612,0.009283194587512755,0.009629199116885312,0.006459617383212601,0.006062760525851696
151082,0.0032174491260751475,0.00489722688105787,0.0039555129855008975,0.0026804451246138644,0.0035227146562708672,0.0036730221018719394,0.0023803972509162663,0.002876897176262938
151084,0.004285462772758708,0.0038080344490466628,0.004453732185230541,0.002495883089843734,0.003076792062500902,0.003975793178151443,0.002922879644718046,0.0019815894292103536
151086,0.0037649944748563563,0.0028657883645205745,0.0023456687259120756,0.0019756577713714446,0.0023680123022574856,0.002463723511667626,0.0020343708807153554,0.002308426736306546
151088,0.00270234603766234,0.0055470457915627325,0.003125981276459966,0.0017443460873738936,0.0021355695016545134,0.00262270039499414,0.00157079493771696,0.0014768764750070634
151090,0.00365950218748351,0.004129846305151119,0.0037574819882069677,0.002312296594286778,0.0027789124399157927,0.002613621761491172,0.0020169280663120404,0.0021401440131919025
151092,0.005202887676260259,0.006434372055240056,0.005490646975358837,0.0030374660569487677,0.004810289106496279,0.005036136900245014,0.003791755798470811,0.003249057760554966
151094,0.0051458602865397385,0.004147586780920642,0.005042220257686303,0.0031513990762164212,0.005315263458625319,0.004688581839573658,0.0033082772306750052,0.002585242148906222
151096,0.005485955299505463,0.004871853392680814,0.004155002514423467,0.002999110257407081,0.00402733706869185,0.003997463886367625,0.004793424976947458,0.003911050579237296
151098,0.0029739314945322892,0.003180601266761729,0.0029036287369123143,0.0018219139961337394,0.001972964321981921,0.0028456618392741634,0.002295700190487318,0.0020734815204948576
151100,0.002482964756483297,0.0025740255356781483,0.002833992790903808,0.001733396229717299,0.002080531680978895,0.0017656053066628652,0.0015065645406795586,0.0016385220494916641
151102,0.009926094973914168,0.009408102975172528,0.009632125258057178,0.009591678403786885,0.009182503754380511,0.007582628275409897,0.0058417795706416364,0.007579589676546483
151104,0.00275412860890846,0.0040351793516713585,0.002468278424008777,0.001545142028597235,0.0023215151249453975,0.0030099134429271146,0.0016675423004111622,0.0014462079701245273
151106,0.013710147013723584,0.017677055747228332,0.013783223126477617,0.008314328493835232,0.01195445130459799,0.015182592884023516,0.009638894667902742,0.01262684092437244
151108,0.013614284117480224,0.014352229558817209,0.012004566990784726,0.0065470533997316616,0.010770747989306495,0.010305915955273692,0.007827185584518226,0.006977213825951678
151110,0.006471735914966248,0.004701657295262729,0.005720403183634204,0.004784363931196245,0.004208386581566137,0.0067786036397011196,0.0035898722453566734,0.003769108247808975
151112,0.003140730472236411,0.003937558355868953,0.0033280976495007053,0.0019525675150081079,0.0028657835782941593,0.002368367263601512,0.0023061899580092415,0.0020108952659582263
151114,0.005017483479365092,0.004870080215722494,0.0035367222983931357,0.003102790922199228,0.004346991052230076,0.004591255797297633,0.0031920465694890154,0.002991652130177394
151116,0.002432949793809272,0.0024968558011276287,0.0018806167460257012,0.0020620058283196685,0.0020842644811038813,0.0019280302355619838,0.0018225761733506318,0.0017266175980543697
151118,0.00474270137705185,0.007109998318899857,0.0032516922023229228,0.002651071012030451,0.003360604957014568,0.002921803044297358,0.002550854477845324,0.0026544034112586795
151120,0.005180255866188199,0.008157828652839483,0.004254644394409424,0.003958040955055753,0.005222477776716028,0.004193424263558898,0.003350017125206342,0.0038334366599560715
151122,0.00353984853607181,0.004705192200428476,0.0035760024545796743,0.002397537259485341,0.002769513399717441,0.002450344756923295,0.00203129549703146,0.0020611719396549516
151124,0.0057749906256141514,0.009467701866359202,0.007179043999913981,0.0037938256651850466,0.004704530901502801,0.005970911000518164,0.005510134988306881,0.005964472746435023
151126,0.00876306990645137,0.018830386288019918,0.010778820556968327,0.005092933280459455,0.0074226309320729045,0.008870216763248229,0.005862609566009702,0.006299944535716195
151128,0.0054441502944977405,0.010425733623642408,0.0050034729105521425,0.00406791720480687,0.004680325901874893,0.005947755055446757,0.005317748304313474,0.0030099870199615797
151130,0.010522181728674695,0.006386619511652647,0.007485236187682043,0.006661637150895905,0.00892561452304147,0.006206966222249699,0.006082906584756964,0.00565245498351552
151132,0.005356370930385879,0.005181371322164674,0.003278554781903864,0.002842104190671338,0.003965891519853992,0.004107086715649189,0.003582904114090027,0.0030785826304644687
151134,0.0034254027811214116,0.004075567712274408,0.0034960518179696365,0.0023066372269325286,0.002694110329449162,0.003078940641193531,0.001884582008797056,0.001734501951787204
151136,0.0032700826622580337,0.004761913857439737,0.0026259973580434887,0.0021232548859490136,0.0035528224814899284,0.0022493339786617966,0.0023838190968525907,0.0020182747505259613
151138,0.003899078385561694,0.004186449617393784,0.003893041061440672,0.002480482035087786,0.0038165559889857953,0.0031382824533663506,0.0032347475901497447,0.002922634743996122
151140,0.0028822274389881386,0.0032263720795416284,0.003196986156674131,0.0017563369515843363,0.0030811333941507257,0.003339184227071579,0.0021639851356605178,0.0016567941443539902
151142,0.005744526604818612,0.004311914623406077,0.0035249685203353615,0.003460840966567569,0.0037030759097435167,0.00474791591750906,0.003032558603170088,0.0032956140244131404
151144,0.004696242546543827,0.008125807925583928,0.007660606526997071,0.004156431888940881,0.005336756393497177,0.0049744479457283775,0.003949332846147124,0.0042967535928186695
151146,0.004908431762653598,0.0044447061789156805,0.0032080004622837693,0.0023031010512950534,0.003423054566220607,0.003620290202459353,0.002506384077119464,0.0029734866036829205
151148,0.0036577711994559975,0.00621997718313777,0.003137745302731254,0.0022837511328789445,0.004388891241879966,0.0035508824909238346,0.0028299525356667715,0.002883890056679883
151150,0.007273605020035545,0.006624967768543988,0.006266738100766611,0.006250461716274247,0.005363197921077978,0.00414506133767234,0.004398424700480741,0.005577771305296297
151152,0.0028801194524759183,0.002351443306330539,0.0019569882173123276,0.0014096431948119742,0.0017797415287113538,0.0018137459304460452,0.0015779023398744402,0.001729704359406059
151154,0.0035197542383580555,0.0033894143046920983,0.002092782962626105,0.0015271029677080966,0.0027300646115247518,0.002243214421954312,0.0023431946878551546,0.0028101764066224555
151156,0.0026088223357540047,0.002347845500733428,0.0021779679889619846,0.001599661987992329,0.0018732385209416919,0.0016671230722329344,0.001925006592269407,0.0012983758041054672
151158,0.0030522463882004663,0.003849167902318984,0.002551788537228386,0.002174716038861338,0.0029943268538924622,0.0027222392094983783,0.00213162899575238,0.002674152018840595
151160,0.0033421818663895847,0.0022661023523086327,0.0020636043888915823,0.0013257252777840733,0.0017727598535453026,0.0019627356716182126,0.0013562604330674827,0.0014386109031126054
151162,0.004756460400681617,0.004021047190576832,0.0030471863441967756,0.0026297800781322073,0.0027180553122899825,0.0030277088221630916,0.0024241741173081643,0.0021454732672801513
151164,0.007927801179698213,0.01229510853351301,0.005292804560240116,0.004070781262216494,0.008490396829343771,0.006975643115839036,0.006238693491815772,0.004798786028847923
151166,0.0066050917341700655,0.006198637299304421,0.005109770449962525,0.003369125133830586,0.006109053593342573,0.0053406977664851585,0.0053158240464521445,0.0035686587892855975
151168,0.002085351732383778,0.0028493123889862387,0.002197559699941787,0.0013756061826604299,0.0013315364695967724,0.0014220929748457595,0.001307474721376059,0.0013148763120641171
151170,0.004446803578124714,0.004173117424801698,0.004006005114406186,0.002677987373461699,0.00326961997882963,0.0031440257826209767,0.0021830816130703617,0.0017608305146235015
151172,0.0036669743300956625,0.00532191854307329,0.0030770540844628075,0.002847063418126697,0.0037283563809759196,0.004212820894453684,0.003228283541176824,0.003296347602885899
151174,0.003340709793260413,0.0044732726004493295,0.0038687160979034574,0.002646329677393533,0.0035923247699382183,0.003243866764582895,0.0024050228972214427,0.002321917923190489
151176,0.005867814581594966,0.005900394535097497,0.0039424221032293705,0.002963297368041573,0.00499774269847908,0.004572482771527719,0.003659739266927753,0.004612102138153773
151178,0.008471976476304377,0.010485408521011819,0.006287248334858886,0.0034367741742014624,0.006461809236271654,0.009045364893980556,0.004696011766380848,0.004984770721208287
151180,0.004300439719497062,0.003935287453318337,0.002973177840557853,0.002220940177160069,0.003230314560066519,0.0032142042535444754,0.003009835779255232,0.0028680870126153307
151182,0.010693154650959436,0.01582164333556535,0.012481170995330082,0.00886852011129613,0.00756300100960261,0.00935445912573002,0.008636942542662729,0.007463689717969457
151184,0.00568670195873594,0.004702185556007488,0.004459613303144094,0.0030424810403870683,0.003607615524477359,0.003665115728836099,0.0038129385535656812,0.0031195615523314096
151186,0.004130979231255216,0.004850343348083763,0.0036349988064626887,0.0027900941603298396,0.0037029698173686315,0.002765887311968529,0.0027593654788740096,0.0027625302733211843
151188,0.007379973785689664,0.010320040678160558,0.007084041858057555,0.003967199764942697,0.0061611485648038755,0.004286212950753487,0.0039049332208682674,0.004580211446011617
151190,0.0016452414023818834,0.0022850997041681254,0.00197281440884739,0.0014340833707010697,0.0012805409515179722,0.0014615296292677105,0.0012102747597775854,0.001074294624085051
151192,0.0043152842131926605,0.004204445427315184,0.003401527093389159,0.002379770603124831,0.003199454010919381,0.00331644165763173,0.0026644339351018648,0.002711814016742642
151194,0.00859642400816174,0.00799151558604555,0.006320346695614154,0.00559867191771346,0.008949020348225867,0.007604020768915698,0.006203902518908677,0.004596057093851302
151196,0.004222128351881127,0.003216478027734407,0.0037027993473338766,0.0022432546503126233,0.0028687534018524558,0.0022553790731923012,0.0024033438847317345,0.002258052021067783
151198,0.0033893644221372754,0.00270613372297529,0.002780719037918114,0.002193087139215122,0.0022650820688454587,0.0023389206897983517,0.0019611344434773553,0.0018044357744964046
151200,0.0022426463231329935,0.0029220100519481568,0.0023209691414018963,0.0012805974748175686,0.0012412828028021128,0.0013165924331579593,0.001227750854519094,0.0013208562215184655
151202,0.011650991229019747,0.009124277672752312,0.006154475256661629,0.005769285925477041,0.007779684746909377,0.008125563457870522,0.006643350536450543,0.0037291043307217248
151204,0.0051447529350421295,0.004268182017757249,0.003808233532022476,0.0022327370110131334,0.003740600058691257,0.004343971497464738,0.003005961226002718,0.0032840586563374075
151206,0.0034146771450430102,0.0045645653124815055,0.0020953499434450823,0.00229896524741946,0.002704940098920139,0.0026041056426179404,0.002207149899473626,0.0019643312790782463
151208,0.005550191455995446,0.007318373371761888,0.005085871442752021,0.003524315197092287,0.005821463012521344,0.004022144304023423,0.003358627506649406,0.003405639058408197
151210,0.0031226088390781115,0.004893046201503104,0.003547569436570308,0.002715909239778283,0.0030161645635397166,0.003104363207487637,0.0028918333021866888,0.0028688687309605942
151212,0.005674161646636533,0.005362555182589157,0.00364910709909122,0.0029949861395730526,0.003997964174839774,0.002819028968899462,0.003330894225673356,0.00321196506368783
151214,0.004139673355755491,0.005129290273203857,0.004104742613331658,0.0022902694087806458,0.0028530213912452695,0.002981447250576308,0.0022866182578913513,0.002305218639301901
151216,0.004799650062805805,0.004926388924355374,0.003356461141573744,0.003119354735401425,0.0041276172982094295,0.002850831423635347,0.003068694726365964,0.0036067330938128195
151218,0.0079342798064857,0.006153647630359471,0.004417884149020779,0.0039045477278287777,0.004936006354306299,0.006561426114444269,0.004857114126971318,0.004395778553691054
151220,0.007898333133031565,0.0067830504605140285,0.0045017845555470615,0.004722637809027541,0.0043772028940019525,0.00400700867751258,0.00369291744093303,0.004023836098601186
151222,0.003904183203003578,0.004837316520245827,0.0039372759766251875,0.0024931059687332557,0.0035456730274475157,0.0033246578175884084,0.0022240564275258223,0.002415453477031315
151224,0.004799210293867873,0.004645231734280719,0.004289096235190526,0.0028501969517137488,0.0036131994435740916,0.002995204694317133,0.002774374378187186,0.002742167879302093
151226,0.00795970893202047,0.00698884407119188,0.005205399871943905,0.004624222413353307,0.006197398472929605,0.005943928825903555,0.005358889363420938,0.004594143950145624
151228,0.006551412768734943,0.005204435555684894,0.0041660192709978006,0.0034948193135764805,0.003968004151829518,0.003988349236861366,0.0041932264512765105,0.0029718669946304233
151230,0.003711189219455291,0.003908538594678268,0.003634771513504456,0.00242929491546523,0.003224563992320198,0.002892829430452007,0.0024640659735022385,0.0024146757825684873
151232,0.0054967491519520295,0.007731546245020093,0.00630371448489897,0.0040113337362237544,0.005200363192018109,0.006953214475338199,0.0035440738533355637,0.00296145955942273
151234,0.0036767668227649097,0.004678239357662983,0.0026203554613177804,0.002248398379332009,0.0023272502114590893,0.0021917014728214945,0.0018097307432634602,0.0020236944709067922
151236,0.006519871197099791,0.006010687807070703,0.006274230904693923,0.004181902009668059,0.003739590338128984,0.004535331069900617,0.0035294730992224826,0.003648224558367233
151238,0.001805566772619685,0.0022479179356849205,0.002042400661864896,0.0012581299845493277,0.001625616909404895,0.0016305736692734524,0.0011793853915459535,0.0011591890844014352
151240,0.006739250930397844,0.007524487156303827,0.007123157212642062,0.004326284898926502,0.006300506348694279,0.00659361845595946,0.004564001552243013,0.0046970768743472835
151242,0.0030394722933067136,0.0039807350044753775,0.003076806113868749,0.0015692311719255891,0.001742920258101091,0.002284587221554682,0.0019007069923811098,0.0019676576261613704
151244,0.0033304367191906575,0.003174781371856353,0.004360066593878997,0.0022087022080654606,0.0033153982459244724,0.0028434286123979607,0.002402900483669035,0.0025160407458336836
151246,0.004650586517886746,0.0070499116151410135,0.003639204109086913,0.002497108595623812,0.0036995475670133088,0.0038545258146582967,0.0029624234051676274,0.0033217496367834443
151248,0.006198315849506086,0.007859743800897656,0.006935422653778167,0.004410141329291906,0.0051811278422020934,0.005497836302383041,0.0034388330402094353,0.003210256422152613
151250,0.0024395306405212147,0.0026793196563072025,0.00245964723430582,0.0015995591824930072,0.001923879955417221,0.0021497664525595983,0.0011965120607444618,0.0015000610292190686
151252,0.008691512293243164,0.008174148912636403,0.006786271143732814,0.004456848336291452,0.008581183547221372,0.00793597886011238,0.005009695771050815,0.004702916178276562
151254,0.0026537386062650686,0.0027964063275098955,0.002560093063650959,0.0018923260554266769,0.0020296829847114145,0.0023061251970636493,0.0015177746746520976,0.001804596555308402
151256,0.008096321070788726,0.01111420601979779,0.0053924816260320085,0.004858438313144531,0.004948887511571576,0.006509347403596488,0.005368189457456707,0.007448680324628754
151258,0.015347413415156552,0.011834908062498484,0.010386537002349039,0.00861929898547964,0.014588767350970366,0.022295133747542772,0.011545315370957931,0.0077883222253518625
151260,0.007599541109045094,0.008026151496488332,0.005791982150699093,0.005384390535350614,0.007425372108676109,0.006950344487317628,0.005643738964216605,0.005829518718215354
151262,0.0031047094293912836,0.004564146515836143,0.0028213990213734608,0.0020649445571703368,0.002540965913398044,0.0023026669962216695,0.00213893368065593,0.0018330103294640493
151264,0.002036321115745157,0.0021233517015269016,0.0016720089182237358,0.001308026522441344,0.0015052657770832228,0.0015866327152924825,0.0012288506978654912,0.0012059277678924119
151266,0.003264147377166196,0.0027396203691755355,0.0024260310300773386,0.0020394352926649817,0.002462066643286312,0.002387917633657699,0.0019486003923923634,0.0017376674928311214
151268,0.003497105213167831,0.002486341006597406,0.0026270527625105317,0.0018380448398502974,0.002568223044030829,0.003329082013539042,0.002053837615004342,0.0014899756446080797
151270,0.003145949889674038,0.0033613133358568192,0.003697287483298353,0.002262770347747148,0.0027558481258621037,0.00270633953347256,0.002137404368037346,0.002192307735200183
151272,0.005152696222311681,0.00745204759893725,0.004774618478313786,0.004121062069277537,0.003986447584010344,0.004683967000574718,0.004124012713022873,0.004233227866326461
151274,0.0027606348587739943,0.004599880533520173,0.00284217449564772,0.0019349514071220902,0.0027858894868155876,0.0030064722691526408,0.0018744566806470075,0.002001345507025798
151276,0.0031600000904963843,0.0035440947001641465,0.0024706961477916206,0.0017595626623789773,0.0023121188951904514,0.002156569946241263,0.0021312451201001142,0.002058030726687435
151278,0.005181705982373552,0.004440137529545751,0.0033996332088893078,0.0028989822966344475,0.0033603734542620445,0.0028418797766494586,0.002265009732129508,0.002482746090550339
151280,0.007199337624940405,0.00520885042597069,0.005248016456511684,0.0033223890611198265,0.0048983489831491145,0.004528393403462394,0.0041006718636396045,0.004373908745565258
151282,0.0023735057585475006,0.0025224713772986768,0.002261468773885389,0.0014585329896968369,0.0018914740746487357,0.00159703448266392,0.0017059917734488922,0.0015393129879793244
151284,0.007471857617392885,0.008254399955818281,0.008684845365966254,0.007176582211091187,0.010645386442396598,0.004948108676267049,0.005644551712062962,0.005511925937913331
151286,0.004040350211616195,0.0037701471065037517,0.003142314845621788,0.0021062100597142447,0.0025151431450643053,0.0030310944421661074,0.002142408791669506,0.0021158481830172438
151288,0.004319937054776679,0.005402832672153635,0.004329116918613762,0.003914772519737264,0.003321794295718661,0.0029945922718677687,0.0033290162414478935,0.003068818134138951
151290,0.005394591536148852,0.00606953137203986,0.0038583660851959772,0.0024085969504553106,0.0028384122174063414,0.0025236588521357906,0.0029263109443178337,0.0026099618285414655
151292,0.005874018880204501,0.008432814633732244,0.0058009003792225955,0.003519967297364604,0.005207692228490268,0.0048067810524271,0.00539845676209133,0.004735267404045951
151294,0.009339774565688908,0.009574003286183519,0.00771806836837996,0.00543645779166152,0.008404482921364753,0.006375980163980666,0.007212184061714311,0.006082120972303651
151296,0.003964048705644763,0.006496121144478062,0.004267274752228767,0.0027902334786503863,0.003977566356093087,0.003157359106762972,0.0031802306708152983,0.0024531732456456595
151298,0.0012480168395809926,0.0014916021442780286,0.001021974303743678,0.0006938947263866041,0.0010134715556625734,0.001027244440552133,0.0008648937015226822,0.0008043934497525967
151300,0.007064814511528239,0.012789826930153458,0.00573387002907233,0.004013002488734152,0.004471005560564345,0.005900343027391897,0.0038898071448498772,0.003982345661359743
151302,0.0025211259352365817,0.0038219828246878335,0.002373678541192581,0.0014476785869386166,0.0026164369926067743,0.0020420885403334005,0.0017600039831942027,0.0012938960136271854
151304,0.006710496662299337,0.007410620663804934,0.005683880698264199,0.0037199430256175253,0.006860884918183707,0.004370121318269471,0.0036482898114212348,0.006855729107027253
151306,0.006347694275177285,0.006314815584320732,0.003660295036484254,0.0033478345711047824,0.005368448211776844,0.004862112706177868,0.0043782736113340825,0.004902086426343877
151308,0.005763505986971007,0.011411606422630227,0.007895008154577499,0.004424334252668638,0.005432182501986793,0.005548699540668167,0.0044716233342543266,0.005589049417281666
151310,0.0035111285601586856,0.005365329382180095,0.005556774261240349,0.003340844583427094,0.004087632360168847,0.0031744627482802046,0.002608166688332858,0.0022218711001964625
151312,0.003106805854066766,0.002572739348341027,0.002161667755943064,0.001779964072469442,0.0023489611686331596,0.002827558291007573,0.0016255967826999673,0.0018843358767784424
151314,0.003641870358497293,0.004574101150085996,0.0025317079519526775,0.002086412721957809,0.0022933629031298697,0.002629266592968485,0.0022606089412905567,0.002342085798960905
151316,0.00387657967075411,0.00540049118644742,0.003759087488111726,0.002449801159851772,0.003500503504727581,0.0033575563248878226,0.002681275685061879,0.0025032238618019065
151318,0.0019242021915234636,0.002090993246918471,0.0018909397806493727,0.0016060128210735464,0.001613892804346817,0.0016130258073033948,0.0012038587971199277,0.0009646094548196871
151320,0.008901037300166836,0.009517788535763572,0.007303993535302311,0.005825579449852347,0.008201976666045108,0.007074296452891871,0.005777672434735592,0.007519983177442013
151322,0.006037949436453138,0.009200184064210915,0.004832272699052675,0.0038692745375785847,0.008173445674284852,0.007605156484036313,0.0038659309895778954,0.004509949609388608
151324,0.011114542203295719,0.020625150509122392,0.009046449089496422,0.00599220160428815,0.010956007623231179,0.01042043185241065,0.007237553793803864,0.004765471337966398
151326,0.0037481754828414537,0.006113562906238601,0.00375227686475145,0.003739126076452007,0.004205808869387262,0.0036761176493022157,0.0030679122385107865,0.0024698225946417907
151328,0.0059451765240423615,0.0046302433937675525,0.0038781881422093184,0.004913783609723277,0.006109427461740646,0.004246866380597292,0.005076477436332605,0.0054156596020549785
151330,0.00817777066496378,0.01055376488250831,0.007490348768636468,0.007465801122553961,0.009207330439497952,0.005101178105976212,0.005476083945596066,0.007215743015899001
151332,0.0036538186378865106,0.005007800668184681,0.003649711572803485,0.0025963476147594783,0.0030286186036466156,0.002957153568310611,0.002431440340275662,0.0022389434479928028
151334,0.004159977567841366,0.004645725330256811,0.0034308303840921983,0.002937436188702028,0.002517776237398961,0.002413612696727796,0.002229010670544762,0.0024657808594952257
151336,0.005193978950198075,0.006738723706967653,0.005630939754444564,0.0031342255375685912,0.005026971734217733,0.006476055750598286,0.0036463189765925663,0.0026779970125238167
151338,0.009063914290493358,0.010555911199741586,0.009774519992602981,0.005295104152694741,0.007478153667918319,0.0059373030556476025,0.005696058358481082,0.006760320023193822
151340,0.010312485305598307,0.008223534552893652,0.009218817052549844,0.00547512905389369,0.007799794993140152,0.006074538238194427,0.0058689389673569625,0.004987573817187618
151342,0.00215512253920859,0.003131339353181231,0.0024629876321000665,0.001323787152474401,0.0026344629748829007,0.0018643554090539555,0.0016032971661774642,0.0012735108874020185
151344,0.006150219652623301,0.00847354560518454,0.0055951814953308365,0.004366961786688217,0.00651767432989564,0.005617585466480224,0.0051845606869661,0.005359283160679462
151346,0.004278009436782304,0.00436567486121775,0.0038658948560177514,0.002789824978851732,0.0030474985151727196,0.0032081502722656197,0.0028031508487053186,0.0027799839932072246
151348,0.005343155872650274,0.010435624230198448,0.004827201484943977,0.004387733352988699,0.004848371761678516,0.006798913324670919,0.004053174684655103,0.0046193021086118335
151350,0.003999125982368457,0.0050292392588744406,0.002666220632898453,0.0019663381809245095,0.002521847251089629,0.0028878693225858343,0.002003922172173711,0.0022464288866237553
151352,0.004603573115900872,0.005392909484194297,0.005920332284151897,0.0032647322765761017,0.005270147648111012,0.005202869404058674,0.0042989652745737406,0.0043530628033688346
151354,0.0020799037000203274,0.002045315620222754,0.0015728401962931265,0.0011679765318440283,0.0014295136763140537,0.0013631240758243401,0.001009260129424941,0.0012917708184625454
151356,0.003322694409021665,0.003890935934894438,0.0023593441444309665,0.0018309932937877194,0.002583029894858646,0.0020281778127087535,0.001876816075360388,0.002114477204808854
151358,0.0032581073354104456,0.0034725098201065507,0.0023119408446787976,0.0019989673650605694,0.0022499375576138375,0.0019766762385913794,0.0017042049097505535,0.0017483233173187784
151360,0.011737117052109058,0.011747552990137855,0.008936983263581944,0.006633948427073266,0.009677087999663492,0.008678011643923123,0.008178995613158158,0.00915564730838142
151362,0.008845205851280513,0.007769643955435335,0.006717920373829289,0.0043261741464784564,0.007895339164463666,0.007373392924275857,0.0063923261294474565,0.004709218233896417
151364,0.002551802839224751,0.002718898283349605,0.002386354519345879,0.0016102220083076407,0.0015220986256693353,0.0019582415485184246,0.0013376246762875632,0.0009443987116980607
151366,0.003379774714200645,0.003971191526652762,0.0030934451367417015,0.002088661836264008,0.0024262530559591156,0.002368197212406345,0.0023054536689320337,0.0019997962387575813
151368,0.0017120829919598096,0.002306889147880631,0.0016747296862471561,0.0012299928414591932,0.0011666161929536067,0.001018496466503871,0.0010866969213930155,0.0010553120654744341
151370,0.0066860799258314785,0.014957069244028676,0.007432317831229662,0.005293236034571491,0.005519775696506635,0.006846523070384913,0.006007359944894264,0.006516268096120825
151372,0.006531436714986294,0.005661225938639269,0.0032574226739701256,0.0028202237623658477,0.0038609859686267317,0.003978264647508389,0.0025568354878369726,0.002832549228521955
151374,0.0028467708309126843,0.005017065505401652,0.003112830417262305,0.0020471881636124345,0.002500966135603966,0.002803860149603446,0.00209970502866913,0.0017448066586239208
151376,0.0022132947575474043,0.0025709510127259194,0.0028847739675132017,0.001495075590318154,0.001698139708189439,0.0015049379943132962,0.001356488731675945,0.0013276865391515097
151378,0.0023725595584168785,0.002755085872125154,0.002790124463736332,0.0015637365767773442,0.0018446945526840453,0.002060051107248287,0.0015363871205045232,0.0013792529130644132
151380,0.001911952732676761,0.0026032430257574846,0.0017374771125192034,0.0013376287637035938,0.001632304658723674,0.0016287112939195186,0.0011757484605406376,0.0013032460520162048
151382,0.004929861878626207,0.003588871920149131,0.003022434047344605,0.002006383019775848,0.0029470866202387924,0.0022613493724402828,0.0023264412098156217,0.002690048969935299
151384,0.0031776156841412245,0.003335303204841225,0.002347858136264591,0.0017033804009438658,0.002201962347189848,0.0025883797865059593,0.0017571935411643397,0.0017264349442492333
151386,0.004945728524632431,0.00934518719135724,0.008825935365877113,0.004864248169556495,0.004107547976263393,0.004425611951055564,0.0033795880309879373,0.00371922689280825
151388,0.004119283964999776,0.005142932904785236,0.004011179903775697,0.0027572191963604192,0.004084626192835117,0.0043753812008509585,0.0033664478566786116,0.0025311167943776886
151390,0.004666646981466516,0.0038167129474642736,0.0034222137470907438,0.0026463254613546955,0.0030512289402978704,0.003289927819889238,0.0024358531701201974,0.002943383645741593
151392,0.0032168845358354764,0.004347528473974904,0.004209797070240606,0.0024358781750533215,0.0027611512272290306,0.0030238809562705,0.0021829757868163796,0.0025446357938235936
151394,0.0046859130349083955,0.01185198736019416,0.006829085090558573,0.004402777060132701,0.004698352507708281,0.005568462566927723,0.004801293696893305,0.0052826526474112345
151396,0.0069425736468851085,0.007397719093546806,0.005644948031822639,0.003373568855317366,0.0064272751873526435,0.005384022057947968,0.004068238446154615,0.003958410329298945
151398,0.005926800594252768,0.007132054019741096,0.002969663946243997,0.0033491482437711384,0.0042578291557160974,0.0038812092769683476,0.00398647486825171,0.003714873417214451
151400,0.008123226424716856,0.020597129996062558,0.010472238441470216,0.006105966413495756,0.008194694922636359,0.012009713658291121,0.006766681484662362,0.008605731531506289
151402,0.006014337848060658,0.009563094487830881,0.0078209142444996,0.005426987851003595,0.006264744707213055,0.006182717964299533,0.005611114067083867,0.007528926542216263
151404,0.004611053792147324,0.004533592142150988,0.006623194680468958,0.003040779475350211,0.0035879667928530173,0.003941406080286924,0.0031213337175935024,0.002702418465432302
151406,0.012221492222309893,0.014260764349248944,0.015860037871068267,0.010106731513785994,0.010999416955204178,0.01015143462525453,0.008098304235291176,0.01061169380393917
151408,0.0053460372706446435,0.00648403738722525,0.005696314775627265,0.004176298494563968,0.005078398231193271,0.00554755631867665,0.00464134583613518,0.005553161452712063
151410,0.006272156070849855,0.005788844648396074,0.0038098153461021966,0.002911220805315043,0.0035075274283615787,0.0031578769992544053,0.0029560844465040953,0.003224351185061869
151412,0.002526459299858397,0.003290056453376225,0.0019519548748658938,0.001589237396508958,0.00300490169540929,0.002730805486335655,0.0020952346700388175,0.0016839229138133072
151414,0.004450237385693834,0.0054873868759735545,0.004134344449141736,0.003209025992134809,0.004441232798092776,0.002915192728132121,0.0028508636463504683,0.0025543695671734895
151416,0.005709923277146756,0.014360740729948918,0.007942555114959227,0.0033305463630881604,0.004478476507734419,0.007284558801584018,0.0035429575286940462,0.0035726309393547956
151418,0.006806512394096131,0.006716232584248749,0.00446271558336897,0.003021759460453133,0.0046973056381214295,0.0043312535547892494,0.004049689999461814,0.00547111853620752
151420,0.004363969755610819,0.0057647481803951295,0.006619907454997964,0.003378889855487968,0.004843822040577983,0.004528976019302355,0.003521294419975965,0.002797637696119404
151422,0.0064384677695051296,0.008048835411248234,0.007740756094254175,0.003777207907000993,0.0046455760299422,0.004897290491215289,0.00353361028570566,0.004299215394541145
151424,0.003500253126854924,0.004831251407366788,0.003182204069673844,0.0020511058821406913,0.0027158634226443074,0.002559350467450594,0.0019563656567056636,0.0017536342717287129
151426,0.004757324727084011,0.008054369634776182,0.004627110778733512,0.0025253269532419242,0.0034905354312242537,0.0043125017357648066,0.003457889581212084,0.002287815502981086
151428,0.0034531003697715335,0.0037314369232699512,0.00260658593903286,0.0018688513354692682,0.002223917639071829,0.002160147303915727,0.0021736675633865638,0.0016164901006874288
151430,0.006241030004298986,0.005388962015338505,0.005107866095216629,0.0037630490350622076,0.005801613135088035,0.0057336161530146534,0.0037741780982984002,0.002892330142792013
151432,0.004588083915384511,0.005405426640592792,0.0036865768969956414,0.003117735808011571,0.004549795231608089,0.0041939810578108805,0.003870669654247441,0.002888693375755702
151434,0.007608882588858501,0.010447607592343255,0.0065538614046012356,0.0047391195811832265,0.0057448405819124915,0.0061148842135062,0.004621663163340062,0.006809702981749377
151436,0.005469535899610634,0.00667171730818894,0.005527798330660971,0.0028994837628640996,0.005186212075605434,0.004580503906908229,0.004960052655214264,0.005146902545681231
151438,0.00406883629295951,0.004372295636977164,0.0028500422228772693,0.0027355217198843512,0.0035768490352019455,0.0033348660480253672,0.002461861468516846,0.0026393490743260722
151440,0.0034185395904562516,0.003144882679212424,0.0037096620506328476,0.002233027816831004,0.0018989030249925154,0.001862067198121764,0.0021563215278023323,0.0022668443919491438
151442,0.005934809443326972,0.004462937571615699,0.0035233572171300964,0.002427333604587467,0.002828751720281311,0.0031276827614479807,0.0028532183863011623,0.0030830662935206338
151444,0.005245652644638776,0.006523170802519351,0.003304193651141374,0.002566310968345198,0.0033054216300319045,0.0027313961558595445,0.0027230567798550848,0.0019479791674995722
151446,0.005606274122360588,0.007948764759015126,0.005882650289340541,0.004319388609798358,0.005164094177891043,0.004642121464314641,0.0042320053922308976,0.0042049130891297914
151448,0.005269898845912169,0.0035197308111014625,0.0030450488757164523,0.00277654106676907,0.0032411277557171797,0.0027749771979119903,0.0028231983936768956,0.0021144076568981873
151450,0.010038158270760711,0.005471734680187412,0.006943958095615488,0.006263140786447963,0.0063048846168123895,0.003979418889347386,0.0036523641071439933,0.003915503506837448
151452,0.0038440465300299126,0.004816651297815611,0.0030952480043927033,0.002194256853971732,0.003541364287692042,0.0030548533431225128,0.002678633228978336,0.0020840025762108305
151454,0.0031025576867672044,0.002596554142822574,0.0021066450208859916,0.0017722184479996295,0.002495184105554285,0.0022071905032117756,0.002231258278374837,0.002124363934110099
151456,0.0038469785524911787,0.005238913848605586,0.0035911397026498065,0.0022627884228759165,0.002423739436062791,0.002142215330261321,0.0019653157748711486,0.001628379053627782
151458,0.006224408503919199,0.009844525645715196,0.007560816301620754,0.004337805986753873,0.0067838261039648295,0.006370336746998939,0.0046570761231878866,0.004656129440598955
151460,0.002506265836126398,0.003451171170464354,0.002758781967383675,0.002027252836905427,0.0023597389912863864,0.0020530671585922283,0.0017050256186177531,0.0018553278098115827
151462,0.006484096182162669,0.011247078079772488,0.008420808647892353,0.004885269261770908,0.006865101832333131,0.006795459935267312,0.006497179278706133,0.00505741981300134
151464,0.006196548024605342,0.005743156726024934,0.00436746203537558,0.0035088266063996176,0.0045945651308054725,0.003785603221359693,0.0038595287223047864,0.004268425399377662
151466,0.0024064177707805584,0.0027705188238004302,0.0019442105331230058,0.001265759185939755,0.00156411254288015,0.0015894886846737344,0.0012170628044332887,0.0013237925741014372
151468,0.004277275569828598,0.0034873496526213743,0.002373704676930155,0.0020717197478357097,0.0032096489865718475,0.0025766525783055827,0.0026595135179614676,0.0022054588755607285
151470,0.005022768762492691,0.005217037830920257,0.004260431511562912,0.002197948453903767,0.003464638645189533,0.003115029381128842,0.0027555105936277885,0.0029993705827420364
151472,0.002444044359055708,0.002332286719690879,0.001819138741630033,0.001567795626079574,0.001769140658927984,0.0016157898168459028,0.0017114319557482022,0.001504625564425821
151474,0.010045806649898958,0.012920914392929639,0.008452200640232166,0.0066805566378038694,0.01218800508056278,0.010322411383152874,0.009571161793706706,0.009287077172129232
151476,0.006089008429170983,0.011028509037714684,0.005262082958783998,0.0025028611705585485,0.004012538072529992,0.0050526437950095815,0.004470119827273911,0.005770864936146758
151478,0.003087293648463607,0.004473661293553699,0.002433982209259833,0.0021026168523841093,0.002503796095144631,0.0024074496599588713,0.0021633751785268274,0.0019471417066153074
151480,0.007886829119399863,0.00885188216281918,0.006014929538654068,0.003990851904358772,0.004976063426083366,0.005356902053450574,0.003396272526234867,0.004971144227727875
151482,0.00637927886518086,0.008212981643407391,0.005402109802023214,0.003416050024977038,0.005387429587857762,0.003427165124941914,0.0028343894383686813,0.004255307302068412
151484,0.0028723807937183765,0.0035853569344302394,0.00377408106196421,0.0026357901258467487,0.0027236617754028553,0.0026119612993400626,0.002239898940525953,0.0028781009716603023
151486,0.003793994087520916,0.003661785410308274,0.0031961495692636177,0.002195208698630449,0.002419278962755303,0.0024678050145734987,0.001916971454251959,0.0017142256267244221
151488,0.004967324884154467,0.004292962625473962,0.0028992245997017246,0.0028022771670068725,0.0036462406941508707,0.004554825214686531,0.0033994481500485563,0.002463530101515579
151490,0.0017502070281342347,0.0018340650511673579,0.0017154974085792501,0.001533077185968068,0.0015214132851330137,0.0012895408822603122,0.0010933475974753831,0.00106777771148453
151492,0.006119070460706644,0.0058012317825544835,0.003939513782635962,0.002796610420429682,0.004362459853584966,0.005214676702643362,0.0031719160137511637,0.0030157656232599472
151494,0.002738874790209636,0.0032326236771923617,0.004400002095672539,0.002433332008244929,0.002039376747475785,0.0019977307038648306,0.0019071019692851743,0.0018251560581128978
151496,0.0026407073189893687,0.002523727347231511,0.0027738685468046143,0.0018314827015931817,0.0017088419846396224,0.0024902032368323695,0.0015564906946036322,0.00133017636281757
151498,0.00420809078595813,0.005910087705693956,0.0033664651483356067,0.0029429992488295836,0.003441361050399161,0.004413502548017922,0.0035170040576653627,0.0024464995692353164
151500,0.006268598494239053,0.00623701523950887,0.004537381486242831,0.0031751831374165485,0.00487177330676275,0.00559460970939174,0.0029565592277809444,0.002405089762988824
151502,0.0028840573051081564,0.003952850914313244,0.0030642128684915115,0.0019556288627823465,0.0026632403162740875,0.0022004781149921465,0.0019008638854636772,0.002104142898598449
151504,0.00783876081111995,0.005057321260999947,0.0059794773123025835,0.0035125162767140616,0.003993246126267336,0.006288616638890299,0.004339852490048202,0.0031868214220965307
151506,0.004278691706878279,0.006854737162751201,0.004169904850797546,0.0028320159173383375,0.004202550890127554,0.004202431107125371,0.002919932253364968,0.0034304690502473534
151508,0.006768762997340583,0.008439406034348673,0.006030466040068072,0.006004365541354639,0.010752545936911995,0.005395350022718903,0.005364947368759199,0.004693923770055841
151510,0.0077105192985982285,0.010077987976590208,0.009806209569884539,0.003507961196450707,0.005394822469415639,0.005489108988679325,0.00441392724536005,0.004015914197626813
151512,0.005445935987508088,0.005679415976367841,0.004730230964722415,0.0035996207635147354,0.005829688240145681,0.005845546581621841,0.004437303168883189,0.0037027830259406397
151514,0.0032260720365546863,0.0033481988555559283,0.002986252117139543,0.001994766341336676,0.0027208900787062534,0.002728592893138218,0.0018402997093893703,0.001929352802936768
151516,0.009602682339805713,0.008071493769970017,0.005753752975260262,0.004994031088756401,0.00614760460660424,0.005769849590510356,0.004237295001794872,0.003241321603521252
151518,0.004265785566204272,0.004852243713994453,0.003071544468907783,0.0024346942587777504,0.0029384227731521495,0.0030600302008648855,0.0023798978161302387,0.0023694787293016134
151520,0.003029477671031136,0.003209926314519329,0.0031077141506830608,0.0018674888203157464,0.0026142434279881194,0.002717636206206686,0.0015913264244608177,0.0016368405163164207
151522,0.0025457938884221876,0.0021160860335034948,0.0017926651246027436,0.0014556417575342095,0.001568444122274762,0.0015255969031635758,0.0010485070859002216,0.001385211468259373
151524,0.0039059212500483498,0.004956531314022294,0.003614254215804691,0.0022154804231688946,0.0030913565395031123,0.003247099399903211,0.001941905006898073,0.0019349101125113594
151526,0.012332898964828587,0.01861532708593594,0.010562622527686472,0.005974366964725031,0.009622029684113409,0.008113536698008128,0.007884349375825161,0.01381804116484009
151528,0.002621414690612847,0.0032282090360574167,0.0022761891430550657,0.0016399410337284426,0.0018979619247046081,0.0021065776536774994,0.0018452321947882155,0.0015636505470012635
151530,0.003739472333656027,0.003279113238569345,0.0022818441558491998,0.0015804284643070737,0.002595892826405835,0.002495400713221088,0.0022879637551249804,0.002372756985447158
151532,0.0047823037840011295,0.004251950527028259,0.0032002134773984198,0.0019148976428374903,0.0033532978986594714,0.003122636317627381,0.002069056125107452,0.002004372124880374
151534,0.002847685613468265,0.002390072759850037,0.002526027525327504,0.0016108379530356404,0.002036014501916164,0.0017508413922229238,0.0015158612746436623,0.0013317537052687373
151536,0.0045316077838473134,0.0047392437055827075,0.003080401011380643,0.0023836353965907137,0.004090327038866803,0.003451436857532464,0.0033365627724873392,0.0027299435427481505
151538,0.004135314131326062,0.005179989890571557,0.0031900924238538325,0.0023173854088478496,0.003225803321604881,0.0036427017662186145,0.0024725985764448982,0.0021790714091649566
151540,0.003400530772275312,0.005224271976111972,0.003231413109020101,0.002201141867775258,0.0027716075853939787,0.0033260855293995584,0.002118119275104205,0.00342764056874513
151542,0.006925963587463224,0.009207277535550562,0.006400941501908619,0.004399058194267447,0.005604522570484827,0.007601845734395207,0.004129147282032841,0.004211057912623994
151544,0.0036293634997219965,0.0036942826600638995,0.003483591433919797,0.003119947323757588,0.0024614807163756414,0.0028581470662425446,0.002842984455793243,0.002509627652892199
151546,0.005910501259359657,0.0059996900836836176,0.003891839921479401,0.0031817535294784705,0.0043279787058772,0.0049737585297427445,0.0037951772794831,0.00275152200511998
151548,0.004023968432729286,0.004069423727353305,0.004171613963259768,0.0031862725630939087,0.0033921462602242713,0.0032833452311609307,0.002634417849976478,0.002611469355474752
151550,0.007709362659405805,0.006184229526708107,0.005400623689162609,0.003982408665067716,0.005402294895980653,0.004616433393457575,0.00424189979508155,0.004808477571517644
151552,0.002497026315009032,0.002763171361122932,0.0025983642722562927,0.0017979282754601034,0.002045746269772275,0.0017091580002293189,0.0015173706535035608,0.0014843056706104335
151554,0.004064058548213012,0.005966134641446408,0.005641415231297187,0.002673332963653699,0.0035386597471110393,0.003570767911959108,0.0030444400112932812,0.0027408836395582115
151556,0.007632086299281582,0.008004291467873736,0.003740995144399531,0.0036932710605476343,0.0058636364635766824,0.003659063205137869,0.003705572239314281,0.003766394899242853
151558,0.0023943702517518345,0.0026638490130804215,0.0017143582748036096,0.0017191425841263236,0.001644640669142397,0.0015039560159180315,0.0018421584510944222,0.00156135042325313
151560,0.0029272513169421727,0.0033102698117010304,0.002504905332938956,0.0015717973144317027,0.002079400839901227,0.002015196511084838,0.0015555105484656995,0.001811712251797104
151562,0.0042627924074531975,0.004957937182297423,0.004716826183059908,0.0024805670112986733,0.0035393547344622633,0.0036820337051546304,0.003260643335519911,0.0025966596879084675
151564,0.0028780753903880907,0.004911434703536666,0.0029957454069223233,0.0019376322384779265,0.0032822037413400423,0.0021314766108675998,0.002197783936575215,0.0022323286474046494
151566,0.0025594013525848253,0.0022238940981686994,0.0018496720129391186,0.001600593943869591,0.0020645955095944246,0.0019276579567378271,0.0016852130748058608,0.0012016769254439286
151568,0.004746728023165225,0.004336321224443163,0.0037524694644392037,0.002537817369178255,0.0029127835948817293,0.0023765027586399867,0.002275691166758742,0.002752001561967754
151570,0.005540161520469822,0.00581569221709799,0.004879509315035335,0.0039135577775906705,0.004709733625026191,0.0048591331936131965,0.004286171001486372,0.0041437816384695125
151572,0.004747261889876064,0.0045265405131012515,0.003182056547870196,0.0026834192255359574,0.003934725671971506,0.004334712119425044,0.0028737074575533317,0.0031745446065659794
151574,0.005641664819361347,0.004620526621542054,0.003166585368824096,0.0030881340845235195,0.0034916844110005757,0.003342363636935755,0.0028769199549140284,0.0017271396077749857
151576,0.00233889222398255,0.0027529936385711218,0.0021316214279771956,0.0019100297923697745,0.0019956758885802395,0.0020146430118914843,0.001376911073350584,0.0013775887769679335
151578,0.007858894378816927,0.009930191406640143,0.00814753992939643,0.007439085582661653,0.00604159616191513,0.005546054770126985,0.006173322302006012,0.006531427080816388
151580,0.011139429173127269,0.009344477036954901,0.010918810324199946,0.005942981076437148,0.004960718031131961,0.006328229452892631,0.007187556203371637,0.0080370432616661
151582,0.0041873386076931585,0.006416326288118113,0.0038485170868889917,0.002383561190967401,0.0030898678968949295,0.003185001746933494,0.0025091547729231417,0.002380854203308816
151584,0.0036025841639954065,0.0032247518439261352,0.0023619070754417187,0.0018122488722751573,0.0020122051764427523,0.00210977793012003,0.0015045041850592633,0.0019004029695601915
151586,0.0031285378449000256,0.0039900480286272355,0.0024399130034853528,0.0018611921642142648,0.0023373056188242952,0.0030149919589140955,0.002384114487164135,0.0025058119210611546
151588,0.0038448623572193835,0.005078023387523667,0.003889614769632621,0.0025933330127827503,0.0030112939796742705,0.002540272660636736,0.0025145666275472878,0.0023047775886377853
151590,0.0033619474846263153,0.0029597702680101007,0.0022275764249182206,0.0015224832163789892,0.0018650381243036224,0.0018868244582873062,0.0018328792282753525,0.0018946742887993029
151592,0.0030773458759909694,0.001932352017296593,0.002648152853911512,0.002037851167788554,0.00196839205455325,0.00177483841390913,0.0015364411481438994,0.0013690096838049476
151594,0.0036034249401207946,0.004342537723758311,0.0027689041168319634,0.002502201833136708,0.0027285594230691684,0.0034727460318686454,0.002242114986502633,0.0020837005556755828
151596,0.006741725853309843,0.008410936147738524,0.011416497012451343,0.0036280264860411027,0.006162814239900394,0.007855107545358175,0.004864395746874417,0.0057733329266653755
151598,0.0023733652865361027,0.002178847433643938,0.0027775878174186724,0.001793326698246736,0.0015609574217203548,0.001644578728543289,0.0014581952564453188,0.001081684921225623
151600,0.0035572759387161867,0.00417190462420175,0.0033575744571356925,0.0023524629805910108,0.0037662549822583546,0.003738129309700536,0.00266685698806729,0.0025699594402923825
151602,0.017793395503958642,0.011540259597730973,0.010507563395119546,0.010600356147130674,0.017118716582004367,0.010690687820403222,0.009435939174991859,0.008449869144553424
151604,0.004738326659538272,0.00876192332249226,0.005410192269267533,0.004066182910741567,0.004707699834707535,0.0034100428299899677,0.0034639203375666505,0.004344406586558103
151606,0.003013747594485597,0.00264328503926331,0.0019779779400698333,0.0013247719020038767,0.0021105086382978144,0.0018202981783260186,0.002020144253695122,0.0017460576652309628
151608,0.0027625886221578494,0.002952603747109761,0.0029154031220968296,0.0019522169058486943,0.0023055699361157617,0.0021966010601848357,0.002015845422637108,0.0022446318068548715
151610,0.002354044960842183,0.002763505837183336,0.002491741604318476,0.001569324143581588,0.002057318961313795,0.001977277505828004,0.0017595304718788368,0.0017965381829691124
151612,0.004406191851884567,0.003658118626063356,0.0028395257509510885,0.0024394982569689305,0.003104048137426721,0.003270443543970117,0.0024786563259484584,0.0022974418844523697
151614,0.0024178657117862046,0.002184364264064112,0.0017079830996685197,0.0013734264808820118,0.0014923005973379588,0.001447250843507733,0.0013968451887189648,0.0015826945744430582
151616,0.00343526700173237,0.002696279110639424,0.0027148182757191913,0.0025605857998585307,0.002462564643551879,0.002619815439759643,0.0018975558855217067,0.002428652684352897
151618,0.008698042804774708,0.014114201068228027,0.012483659913518574,0.0056429744077490795,0.00854685929283644,0.009878909740755282,0.0069838421278861085,0.007932579607585533
151620,0.005637324117358011,0.008648421152144314,0.005345148257450916,0.003997983018708462,0.003442772945062844,0.004499241427513567,0.0042227257809566154,0.003886631239638838
151622,0.005291903724548241,0.005813101575743218,0.00427883206633034,0.0040105051521186486,0.005387685524183894,0.0038286180424834115,0.0029634827215137133,0.0026570692246485894
151624,0.0033260498650956732,0.0038504035861228886,0.002795897703627981,0.0017878828407385527,0.002153571544237176,0.0024400804577204838,0.0018073645000709626,0.002057427779766377
151626,0.002924011638252788,0.0034228440248330744,0.004258693602038344,0.002702428148362801,0.003104374415808034,0.0021282282912132994,0.0022627402226929605,0.0020480522624578695
151628,0.005328140528050085,0.006416320320057345,0.004223236098253091,0.0022855563215223307,0.002837462016050743,0.004285249145002723,0.0028026313565377436,0.0030037823249640244
151630,0.0022560337140837966,0.002412231474185289,0.001962868366575235,0.0016481904525989105,0.0019193538568847007,0.001731407190451506,0.0017895891654873403,0.0014969178893525226
151632,0.005506938772598113,0.005995601417407903,0.005213175716235696,0.0057900770967178605,0.005292243019484888,0.00496454428371923,0.004312502714318767,0.004388710589310563
151634,0.003426932649289116,0.0036654607975778047,0.0051345604282340696,0.0026840124680261312,0.0026184980359661575,0.0024768798638268863,0.0024394338584979997,0.002867720731023274
151636,0.005810803432886813,0.008212866857665091,0.003955302123535509,0.003535674028402269,0.004718916195578737,0.004569746489048454,0.0038485240200020338,0.004394872643857184
151638,0.0036065970694788008,0.005968213486930163,0.0050899986689723065,0.004100107940168185,0.0048850953307800205,0.004356502523847949,0.0035346888139997645,0.0032124008463531167
151640,0.004838908543143339,0.006741516635622169,0.005024300177176644,0.0029308678981832537,0.003801451552164062,0.003602544363727811,0.003864633066841608,0.003182640771066683
151642,0.007484547766637206,0.00847769407209853,0.005472282515328608,0.0036108217321763197,0.00565660201554069,0.004994071104436282,0.003234130215000311,0.0027403340675076354
151644,0.006535771607796059,0.010569005090313388,0.0051304418544134145,0.004165435484258462,0.00489908634511288,0.005802005850498448,0.006397540662562984,0.00659634605693965
151646,0.00582892484203712,0.0075097705419371885,0.00790360209454466,0.0037575441007447474,0.004374195529671887,0.005971591519535802,0.003286849913593848,0.0035673957507854764
151648,0.003447742667990694,0.005252435729714344,0.002885236584160303,0.0024165880223741554,0.002809880191840586,0.0018230905409684223,0.0022015194021590134,0.0015195010773978584
151650,0.003027227132016641,0.006299978835158981,0.003450669150497687,0.002331058827598889,0.0032347869990746597,0.0028571927705558497,0.0026048235217580734,0.0026350878798414024
151652,0.002784766862580279,0.004183052654354924,0.003114476760733856,0.0020933743640562247,0.0027497374203267477,0.002413687734709527,0.002180420026784771,0.0023220586595124187
151654,0.003049815002357917,0.004263489030709167,0.0031984481305480372,0.002142162914414103,0.0031168447659494364,0.0031695301123433467,0.002335372086542442,0.0020140999542572896
151656,0.010526414644561,0.008776122813653808,0.008497315628435198,0.005739279488383764,0.007413951098166116,0.005633718767072082,0.00596453489069676,0.0032498872269429158
151658,0.0040953261690725995,0.004288443386407659,0.002924902481890937,0.0035001711388640278,0.0037844494817973473,0.0036390805079884597,0.0029292732465633353,0.0026117198907560507
151660,0.007281166011520457,0.006224758845375933,0.005764464206344577,0.0046508304061563255,0.006241928236068228,0.004708104717219053,0.0048733429026948105,0.004717976553828329
151662,0.002767227170805256,0.003210231515741749,0.002039722310836059,0.0014549434118900223,0.002206856933570714,0.0019139881159886546,0.0015750352179300237,0.0016177592648871642
151664,0.00542470808424339,0.005977728304551955,0.004637122642759339,0.0029779508335551347,0.0035857200891706853,0.003537732612592104,0.003061982444063985,0.0020738757662011054
151666,0.0049772964967900735,0.00560828707144001,0.0035378881606201867,0.0029795127223880002,0.003264771016305623,0.002948464406853424,0.002811332978583325,0.002742057856705893
151668,0.0037294428435841326,0.00624859223718488,0.0036282248457886745,0.002396969276025951,0.002687891194369643,0.0027411875075184083,0.002420768507741325,0.0019273661780788154
151670,0.0035797736279308823,0.005306473920435373,0.003730778845359786,0.0018989786737425712,0.0027756432799579955,0.003491510070867246,0.0019987608396754425,0.0020852646329752034
151672,0.0025751528673936264,0.0022642853649024325,0.002345251244167526,0.0016941418068639053,0.0023355290729123457,0.0020080787333009997,0.001515656774171481,0.0015004783241168718
151674,0.005408103418409249,0.005166455609778575,0.003012377945275313,0.0033933218993499464,0.003391587371464555,0.003060024430798572,0.002391061427733876,0.0035073301896883097
151676,0.0036145749329086763,0.0032211053702104753,0.0036285295764165865,0.0025071249185496663,0.002714317903253216,0.0028114080375809536,0.0024832502618119673,0.0020704919700094276
151678,0.003158658314362184,0.002870997348200857,0.002285345103612682,0.0018101751409318467,0.0026014384176687444,0.0023875076943733475,0.0021271842113540634,0.0018160176006496442
151680,0.002909361041414593,0.0040354813123144595,0.002448977765731955,0.0018460295214073469,0.0021583566968690904,0.0025628883769740624,0.001800013315822968,0.001515071485957975
151682,0.010313260088275433,0.019874668637653636,0.02083314761733157,0.008059112475520325,0.013481932814557673,0.013440669763177537,0.009431817201189574,0.010274136710342108
151684,0.007646239433258872,0.007320005151628672,0.0058866293821924764,0.005433252265116872,0.006337343638942505,0.006299409949573287,0.004020092889746252,0.0047478871680951
151686,0.006021209954654161,0.009685100581804884,0.008320449347434311,0.0036341121346237376,0.0033580195760013615,0.005244883171471537,0.004658326989948058,0.0040966651270970544
151688,0.005164671366949314,0.003764531381683034,0.004252265350615458,0.003728053855702962,0.004730842821338621,0.004325056900189639,0.0032733585958599903,0.0029100715964178736
151690,0.0025464818784846077,0.0033049239005940173,0.003127584842682732,0.0016033726445907753,0.0016023903708097809,0.0016660502950575223,0.0014484208391354891,0.001283236794167808
151692,0.005550554474655078,0.00544566657541129,0.004786800815886283,0.002854023947951659,0.004369318523522958,0.0037758077627184777,0.0031648590823888517,0.0026883141815093325
151694,0.003470270598108019,0.0026840885097027117,0.0024917151985496405,0.0018892036035073195,0.0026361776251596775,0.0021251943646444366,0.0019154434626518363,0.0024723029407742875
151696,0.004273582826076705,0.004387913985444192,0.003578051351845135,0.0029182170159316456,0.004604981600058677,0.004097836417948919,0.002933728791526105,0.0029457746648395844
151698,0.003922313167717073,0.0036311582408733584,0.0026241753371971654,0.002265017178502818,0.002762174319603808,0.0026425526871834415,0.0021354940988926874,0.0023312541606173576
151700,0.0051763430670908606,0.006187166469808825,0.004109740034335951,0.0038450961266040112,0.0038678745753251698,0.0036868085183239807,0.002983756815369054,0.0031753263014023952
151702,0.003666203314284369,0.005409477674689356,0.0027118407880900725,0.002500991472536518,0.0033292750347341388,0.0033838388417640197,0.0031108237974187963,0.003040960662602288
151704,0.004653127334332874,0.005253983400786366,0.0027349832060453855,0.002081437119041421,0.0027669708521506214,0.0037140769490230513,0.0021800523071044964,0.002309126981193954
151706,0.007260532561208288,0.00725893916328163,0.007366166575331123,0.004719583623231438,0.004330562203618771,0.0048720229273802595,0.004038326354983968,0.004574636305863189
151708,0.0037350259705363348,0.0039994133979428526,0.0034233113221410344,0.00220465628601918,0.0025133917527082744,0.002279182768938348,0.002453170293457166,0.0018263664450179906
151710,0.004305707378585488,0.006757737567580913,0.003940607200254798,0.0022246109218224674,0.004161402030220751,0.004242116221721881,0.0027834522446750776,0.0023008329038932823
151712,0.0023304951776461635,0.0026453332525397943,0.002086049273720969,0.0018768599731266988,0.001959203411026081,0.0017601693364743959,0.0019796818315889197,0.0014533171466325628
151714,0.015380988810776097,0.027628819045491193,0.020858569075971056,0.00554057634177868,0.010518748937871303,0.014681352608297837,0.009437156545234748,0.009938109017408658
151716,0.004997644729658524,0.00730850116109899,0.0063562914085546485,0.0032117087595895932,0.004098461238456752,0.003700476630836405,0.003826293056881147,0.0045396261343209066
151718,0.0038875547014927125,0.004323585099486105,0.003448836015504511,0.002398747868752174,0.0035662664152214113,0.003149490028365856,0.0034845378355608525,0.003073954757128128
151720,0.003622712285396512,0.0037360592111248536,0.003312712387924188,0.002557684729866061,0.0030241718546186874,0.002885704440962533,0.0025813545752495642,0.0022371817864366705
151722,0.0027328892731068866,0.002032205272651924,0.0017074729213768652,0.0012234913973357409,0.001671186144225345,0.0017243366668573956,0.0013948793898058143,0.0011266754766731252
151724,0.007553047985173811,0.00845014857830556,0.005686325525495528,0.004465182650847943,0.0054254445381298755,0.0052554135521254985,0.004019896374529708,0.004863585138527304
151726,0.006457586358459777,0.006468219245050977,0.007891153062555889,0.005190858619857297,0.005489624571120011,0.005375524337105697,0.004344178726798598,0.003961142733802048
151728,0.008197731625025961,0.010943165545536149,0.006222716893154123,0.004829062105206339,0.008990027092871389,0.008241697834866779,0.006440803124977634,0.005310220584266168
151730,0.012160477105283007,0.00783425472741911,0.0077245511070778705,0.006343094663950666,0.008923692987368392,0.008856988864512028,0.006531423468004505,0.00646626595250771
151732,0.007573244576267513,0.0071134967836817276,0.005379924826831806,0.004190776860535872,0.006277165527306616,0.005472521719554424,0.005072242141704264,0.0039464088717979795
151734,0.0038791820631568635,0.0027945678570431287,0.002270150994263101,0.0017146926941326163,0.0017925941475566282,0.0018715262847104341,0.001725147044897693,0.0019070180248326185
151736,0.008987413482931805,0.017868784940874072,0.007819426521209538,0.0056189726801561535,0.007695429625744987,0.0058907173256914636,0.003930653255818095,0.0063678655650258875
151738,0.004140160412583249,0.005100688549536381,0.0037404150545632953,0.0025676619940201567,0.0027232231858122097,0.002827436664116556,0.002583828939183519,0.00252582457034424
151740,0.004468484091647851,0.0056353831478759275,0.003620170957543911,0.002231475076888645,0.0029048742520746546,0.002513480279021929,0.002190341350306879,0.0025416607632229443
151742,0.0022206606925157524,0.0023643467713914262,0.0017702175965067651,0.0012686185520709992,0.0018289018526351786,0.001549944423024155,0.0013629362031791908,0.0012329988557688992
151744,0.004566665625766797,0.007656552235784597,0.004257966255521106,0.00249009727541627,0.0037848115821539907,0.0038963167826677886,0.003057651746184012,0.002517030459655026
151746,0.0038584132907754226,0.003922413024549931,0.002366660502126694,0.0017340563939774456,0.002600045861442371,0.0032588792605086625,0.0026422474427702097,0.002766141621148424
151748,0.005654510941444146,0.005907619286038335,0.004890867951541589,0.0038559094797330218,0.004061598553805945,0.004074169431942887,0.003281097018717427,0.0036619080438023005
151750,0.003402350591451331,0.003698479514370412,0.002424385052631886,0.0021037782510191644,0.0035215800360272193,0.0028147638029027977,0.002476826468562676,0.002894572065546122
151752,0.003089371762362028,0.003490069289903419,0.0024759688859993384,0.002009141255710001,0.0019575670337328988,0.002338869163195492,0.0016321409096942269,0.001668580558096322
151754,0.006595227841735218,0.00844238368413791,0.004640195711037853,0.004408739220560287,0.005452092494453942,0.009221504159440175,0.004802890108345004,0.006282664774327762
151756,0.002038740879729828,0.0032440581481163466,0.002071402002958314,0.0016447866118485255,0.0018829218186803415,0.0017959849487859808,0.0012154310281658476,0.0015189879319246202
151758,0.004003307247118448,0.004404075375505967,0.0035346963443445706,0.0037512637439991586,0.004234719116522678,0.00279081204109001,0.0026090023392753015,0.002658986764780602
151760,0.003186662016795419,0.0037776113322412486,0.003859244526520214,0.002429973958805856,0.002840537846586902,0.0025248136614626354,0.0019753322484286073,0.002634279800755715
151762,0.00328288502552411,0.0027446189901223633,0.0027491545371308157,0.00173124908385619,0.0025359098945045844,0.0028456371974694555,0.0020939014123240313,0.0024208088315217507
151764,0.005389172043791801,0.006966789711220278,0.0055672772844688745,0.002813602573327467,0.004399455510057715,0.003918656670407528,0.004391509640733704,0.003117068138482948
151766,0.0028266823981069056,0.003962332008573599,0.0020946491437436876,0.0015017591410430159,0.0021523159413861515,0.0021326518009412987,0.0018677937409595224,0.002013702070566295
151768,0.002324588691181795,0.002369076178165855,0.002212756745835487,0.0015739517039472517,0.0016452752497721074,0.001674022994392621,0.0018764168229236239,0.0017444475323067365
151770,0.00400705395399914,0.0027173181111135453,0.002458561732883849,0.0025009404262006513,0.0024006410157167424,0.0025663521091701252,0.002110442578446073,0.0022692859633238194
151772,0.0035500199003847405,0.003617091443297929,0.0023067910974674533,0.002086905197179814,0.0030412244414482204,0.0031895323429803057,0.0028492507451725047,0.002080315886789086
151774,0.005252056676863737,0.006933161815205813,0.004340839106469263,0.004188767746487798,0.004468757025506476,0.003090019478494202,0.0030362913712089906,0.0028449015695051205
151776,0.00798639717079741,0.008921953225833557,0.006888764486299215,0.004846139164707219,0.00759455890857913,0.00665774704500266,0.005770692875750605,0.006525011098173161
151778,0.0040733543547242235,0.007110177996377809,0.005504491916657417,0.002680206743197258,0.0026348297246847757,0.003449757554600544,0.002073510697464309,0.002014083904406508
151780,0.00533624586350806,0.0037354275922542174,0.0031178893197127966,0.0030940124653512507,0.0031780356898103573,0.005132346142462441,0.003202177465802869,0.002739274083480084
151782,0.004796060238043687,0.0065936317658634724,0.005918056600314137,0.003023591710659815,0.003508291284135337,0.0035442069192521825,0.0021393978537172093,0.002196326253773917
151784,0.002875432738269082,0.0035313244385350023,0.0024373257381280627,0.0017472994655161195,0.002620687663239654,0.0021374773932841956,0.001825503979380208,0.0018402789341265408
151786,0.003024865560237233,0.003274489593421359,0.0024568449279258747,0.001982577244541775,0.0022073784753832287,0.0018707479613644523,0.0019581957200327654,0.0018545843064066703
151788,0.0033533837569113545,0.003077416552790757,0.0022128156260148857,0.0021716790035600925,0.0024461089521655155,0.0022824915914981952,0.0017657699836073348,0.001984536354324176
151790,0.004110735488581874,0.003730864401308001,0.0033531982354340073,0.003994000412490317,0.0025522311649515267,0.002417845562113788,0.0020806152829955377,0.0032266628256184676
151792,0.0052088826895824725,0.005811379345943557,0.005031543232406399,0.0031449971637558805,0.004197749316191768,0.0039976711583960545,0.0025115998970263315,0.0037096071419464582
151794,0.0031622914841131777,0.0037611369969092895,0.002759689156719994,0.0020368537104215184,0.0020183416948649224,0.0024679475138098678,0.0016621496019669918,0.0021317253140645948
151796,0.0027436487172583096,0.0029236651685598525,0.0013607899282567365,0.0010987342136688089,0.0016661822824659694,0.0016834753412702796,0.0013828534907878304,0.0014392586797552648
151798,0.00989532529255066,0.010255280439079917,0.009675531319081054,0.004588148513119672,0.009889783761130533,0.007324512613539336,0.006686785424038499,0.004820237438900643
151800,0.0032506101764548934,0.0038148540483102927,0.004534800225093116,0.002486037492221982,0.0028845042583153374,0.0019320582461249125,0.0018698811996420567,0.00198058992315632
151802,0.004331723312811564,0.006169724983706715,0.0056189827330541675,0.002923356988933659,0.004354668427200892,0.005087335922195069,0.0031371927575121195,0.0026732559188220734
151804,0.005532947889082485,0.005181032382456374,0.004172825759036991,0.002803035270353915,0.0048243879391896005,0.004506804942750797,0.0035002588572342758,0.002470855025899832
151806,0.0038413460483541773,0.007460393176700109,0.004823566182531103,0.0028224581512859004,0.0054570250475239335,0.004985396719728252,0.003315282845748904,0.004519005525253306
151808,0.005815429717949405,0.013677674933683603,0.007771552546798566,0.004497223630941571,0.007777797497878547,0.005901200373807036,0.005098667781517963,0.0052611393461854394
151810,0.004051173226082894,0.005491730209399803,0.0028861170989269574,0.001956530432828965,0.0029584279352251747,0.0028781189585603967,0.0020703851796997075,0.0021679460552459645
151812,0.004662643260864796,0.0026051475123267803,0.0020931173412964826,0.0019173218203399345,0.002308712406212443,0.002005540436531353,0.002367425713528673,0.0020018131712973425
151814,0.004716525308509967,0.004609076830661474,0.0035475805307684377,0.0027119327428550832,0.00455964063431008,0.0031992576263750877,0.0025398137988661557,0.0020568289759892583
151816,0.0057071424159321205,0.0071065848781748375,0.0037745268901391432,0.0036612673966263665,0.004056934209136165,0.004221322809418171,0.002755931436535089,0.0030111504741441864
151818,0.003252956705643642,0.0031098344412084367,0.0033920698876155897,0.0021606750722047985,0.0027199535409683367,0.00316039421807858,0.0022241224853237207,0.002059492834072252
151820,0.0029452405028179834,0.0027459532977887197,0.0025139733654935825,0.0018365703529510946,0.001557807250426993,0.0013267061343298497,0.0012139285802312827,0.00100519352917329
151822,0.004471120144395935,0.00531883173536607,0.0026896683503975366,0.002697910816345017,0.003101541015496423,0.0028688479795313526,0.0024489803466885007,0.002498779445886612
151824,0.0037676057926830375,0.004733276290935784,0.0027869926707091985,0.002078036288843954,0.0027646770545580873,0.0019899824051430315,0.0027098375700613936,0.0029557397273354824
151826,0.00640491923408959,0.008778388595052145,0.00548686477594984,0.0032311441717159384,0.006768058091183526,0.005230648937841809,0.004538614167010957,0.0063132834092943235
151828,0.0055175064062675805,0.006490230318086709,0.0035937476447232136,0.0029084335922471283,0.006147417671976463,0.004998856239539828,0.0032872138551687247,0.003334253388266442
151830,0.0021413460687295244,0.0032441493861560394,0.0034195577163167457,0.0015394214393743694,0.0020109754523024576,0.0017826822398752662,0.0017079430708557553,0.0016800767723501725
151832,0.01275122280573826,0.01111196597359948,0.009672063684323717,0.008150601515034772,0.008900950137391617,0.0096527846625174,0.008782377806763941,0.007755024020178247
151834,0.010874106021393715,0.011261126603905547,0.006213741921023974,0.006753863584579245,0.010745618518754663,0.00888745911469263,0.005443435659518769,0.006106099154326083
151836,0.007596622505096073,0.006520757989322057,0.006825745924926574,0.004403264523966721,0.006571211557596046,0.005694199506771691,0.004150497943438192,0.004772016908284549
151838,0.005277527843212726,0.006582348582722164,0.004826211785204038,0.002984753996827294,0.004309403212319707,0.005193969284960964,0.0030255949998392873,0.002773482827411758
151840,0.0036151559329459376,0.003729774546492648,0.0031433043420059925,0.002291348845002761,0.002446715896067278,0.0022746097399613113,0.0022787548860326995,0.002072117556720668
151842,0.0031152955213054057,0.003510533908425373,0.0029528405883220282,0.0020073015536257177,0.002491602882617308,0.0022641201559066154,0.0019264850882605433,0.0022325391612215834
151844,0.003848295692763029,0.00478347963158271,0.002608832991180657,0.002044773497578714,0.0025707292616406058,0.002731363836758552,0.0022184043931066655,0.002362738516791932
151846,0.0027294164771741874,0.002687749819787602,0.0022538440475818877,0.0017485426418808458,0.0022627572344636193,0.0023372418632483516,0.0023674996675605714,0.0016451800548745177
151848,0.013635507651246437,0.012603040055925163,0.010179413639210821,0.00622634020717161,0.00928250545614745,0.006791528488612253,0.006198092951255119,0.007587140589089769
151850,0.0023984074224264185,0.0031430963218150865,0.0021466902812230515,0.0015951839265131995,0.0021695306736751463,0.001715568385552993,0.0014520367195186012,0.0013542222383700064
151852,0.0020541624519452434,0.0017595451607113066,0.0016103673128070733,0.0013293042381725684,0.0015793540519683097,0.0013342696542229526,0.0014037187994580536,0.001290076843943666
151854,0.020610814839160163,0.01636314180513687,0.01513164024462782,0.01041476949866027,0.016179857055821145,0.015273291054538396,0.012736550879655084,0.012817224464370724
151856,0.0028839300678242807,0.0030289228512891953,0.00361480293738016,0.00226739851796344,0.0024322126457622245,0.002544905278196785,0.0023098864158244276,0.0023154583428053876
151858,0.0025787047053200812,0.0046485035661811835,0.0027993352618145423,0.0017164322621221473,0.0027266134526873764,0.002636095379587866,0.002618268525118053,0.002650669377513515
151860,0.0051532374740493325,0.0036696408017459353,0.0025409261032584146,0.002476641072808372,0.0029375500635092783,0.0030001108171302665,0.0025999736790606326,0.002421253515116961
151862,0.005586240237151152,0.0047378250913574504,0.003732739141925956,0.002554408729364979,0.0047747945500165034,0.004751666408535693,0.0031912649236127827,0.0032416668960246753
151864,0.004313271892069592,0.004517926749116052,0.004916625189175017,0.002488929246709015,0.0030711571598374676,0.0033709607556267063,0.002694214358414229,0.0028889885098754148
151866,0.0035567022746768734,0.0058341478932186774,0.005318239475027797,0.0026800821564807453,0.00432878749798965,0.0036999209913303327,0.0030813782303908965,0.002846809391139127
151868,0.0033002371457037244,0.004091887270998351,0.002415298953380385,0.0019328944227471473,0.002035782203520853,0.002302723127894382,0.0018928777253490875,0.002139701126863805
151870,0.0030490258745050763,0.0028429634009299876,0.002429865613998494,0.0018486041633170164,0.002155250516900367,0.0022646980591968374,0.0016783969371858692,0.0019695329708815934
151872,0.004250111374037857,0.004564753575886871,0.0047885556745522195,0.0026516990345185065,0.0037817090814407095,0.003201938837937901,0.0029689116451694364,0.0028494635185767475
151874,0.0059109996050202285,0.006295662569997029,0.005418879680009481,0.0037943584799724622,0.005477317930116465,0.004851564895018756,0.0043737362854232575,0.003969755876047865
151876,0.00366689131455189,0.0038919551931262952,0.002765396751634397,0.001592092735253195,0.0029151042281592154,0.0019925843403112986,0.0025444794468091475,0.0020667522219614126
151878,0.005083415884074904,0.0048412431544231915,0.002464797575365607,0.0032439091994690555,0.003151383182521672,0.002531038453373269,0.002118478990684791,0.002406318723979839
151880,0.0027138346547776054,0.0032417250121730273,0.0023033134456996174,0.0016004085443904886,0.0017780562430203123,0.0016773409826248559,0.001329659845744971,0.0015783984045714267
151882,0.0020330917357208045,0.0022370950959074154,0.0017861984272232179,0.0013724163553248264,0.00161277386220883,0.001494163938112969,0.0015274747952954137,0.0014515796622573962
151884,0.00841531394575079,0.009056405465696082,0.006151181447013043,0.005035264523628236,0.009501846184357066,0.006486627016908608,0.005278708937112242,0.005963815648218684
151886,0.004319489481886762,0.003326305535116314,0.00279025000817347,0.003433398671718102,0.003524101121943346,0.0026331334818833346,0.0020790767312113406,0.0035104014761435653
151888,0.0031767988526070767,0.0024819309116069915,0.0041624171805312304,0.002591339927591252,0.0022015938641512106,0.002322158469999072,0.002184448882136536,0.0018250847590378094
151890,0.004259601900003851,0.0046396577491072954,0.003846040978431553,0.0025144257775122775,0.003798601221881706,0.00355571591176386,0.0026100695489796877,0.002916944499429308
151892,0.005194507330176512,0.007215348095749086,0.005699562100721034,0.0034124335834286867,0.005602458991149639,0.004605195975473431,0.004541580112538135,0.005662960537007378
151894,0.007431030675285832,0.00928017552018745,0.006538722180625067,0.0030382524555259277,0.005827332220047277,0.008862881208018758,0.004901271640300742,0.006125350184904621
151896,0.002374604632656832,0.002665873632026694,0.0015789129024547238,0.001469073233937801,0.001754440581738806,0.001451787458254472,0.0016443219141138443,0.0013058116703954514
151898,0.003033984951322788,0.003007059756907418,0.0022726614751601565,0.0016850986864653944,0.0023211306683062483,0.002027921804457336,0.0014916996934113413,0.001753331953254167
151900,0.0026702801417934907,0.0029432858262703476,0.0023354142131008088,0.0021278309745438456,0.0025723743005443694,0.0021002308245359758,0.0017601696490588403,0.0020469279245439176
151902,0.00521863625429142,0.003113143438454813,0.0038236660832613595,0.0024817067237466045,0.004588899495161558,0.0040800857014833825,0.0029228006953383456,0.0019531377747861733
151904,0.001885611344655272,0.0023616496335093218,0.0019434586236447005,0.0013882626026258255,0.0018054999727935006,0.002091569743480959,0.0015157356720099657,0.0012085413444404836
151906,0.004278747265552774,0.0035752709114072467,0.0026037486410501742,0.0021296883016113655,0.0028087365543625342,0.0035394340772815364,0.0025840705702818156,0.0018439403856629483
151908,0.002835992573474222,0.0029410453162768135,0.002118114131632931,0.0014109630072347557,0.0018102166673240744,0.0016821305359587257,0.001688004251377842,0.0013540974895396435
151910,0.0034344011057783064,0.0027241878962041555,0.0026776330535777243,0.002007005143278784,0.002438866820660357,0.002310919246728896,0.0022200196296120467,0.002274932399726551
151912,0.00724334453119152,0.005530017654822361,0.0036489180706782975,0.0030488637826764503,0.003988629677276256,0.003273243929669045,0.002912824208072831,0.002985835211134713
151914,0.004974546737908148,0.004959115537385428,0.003246092424368366,0.0029413600838984616,0.003706916660491333,0.003498087379459003,0.002684043733762756,0.002772110464638336
151916,0.00792923017815661,0.008706164900771418,0.004616738145807098,0.003671155648358196,0.0056526387160416025,0.006431539530318775,0.004569707203769591,0.003891981687254145
151918,0.0028150780637998946,0.0028231671194412084,0.002071224998772006,0.001745290323867943,0.0022578937662274257,0.0022975861626032407,0.0019417398628753801,0.002144318010182167
151920,0.005476371752610787,0.007499351924613373,0.005182700373097815,0.003594912146389684,0.004272073060525239,0.005825411124994739,0.0036005702781006926,0.003403338920691612
151922,0.004773574470708086,0.005340574712677848,0.0032127268581394614,0.0021771610312609213,0.003781730615834547,0.003933763913155419,0.0026582314971440035,0.0022658384822155236
151924,0.006221909374095669,0.00860139015788719,0.004316653760326972,0.0030455508954787547,0.005958316315926915,0.004130614341219863,0.003957701595942942,0.004019211443175019
151926,0.0024923448840761253,0.0022074537365038283,0.002147138378357172,0.001392712548309305,0.0018923098501229113,0.001586875190292325,0.0015906943123520367,0.0012635658617777962
151928,0.00421585064188662,0.0062612929941155415,0.004852945417768206,0.0022892372820317863,0.00315130538764663,0.003710876952543407,0.0027110163688193745,0.002285933546081545
151930,0.003064806383089716,0.003916614103785021,0.0030944136465588384,0.001732759141504836,0.002493052770867768,0.0027085151691731563,0.002400132526385615,0.0025265956179545412
151932,0.01087360257077652,0.011235191033381275,0.0069920422175338,0.006337924911445969,0.00840307728550821,0.009294916607638426,0.008271526607019075,0.007375133201087403
151934,0.0035960241155286315,0.00403845892717053,0.004311175897143971,0.0024291182842651887,0.0025026408847994563,0.00254125698757357,0.002471623564380257,0.0027651938008974586
151936,0.004861996334298624,0.006921103209212243,0.006847648825112851,0.003499878458385064,0.005297271929687819,0.0054196925280445285,0.0036456378575246973,0.004170853672922414
151938,0.00889802621419028,0.010784943122506052,0.0060514103783957385,0.004189493016784951,0.0065815797090600925,0.006509436369182053,0.003939677458252078,0.0057636145887066115
151940,0.004126688722900562,0.005414328418974768,0.0038780113656891047,0.0029626598288088335,0.0036057076051601578,0.00399441007343132,0.002759874683172861,0.002868591386329236
151942,0.0035136737262993073,0.003814717835825668,0.004231064178401633,0.0025023650753519533,0.0025390321020175716,0.00276515775637165,0.002470931318834746,0.0023697953543546646
151944,0.010144188870914173,0.0113717836859204,0.00670660329729339,0.0048621210185082475,0.005085988338303038,0.00668353361846763,0.006331350969333904,0.004424284694771963
151946,0.00861172224100315,0.006669243101142863,0.005992637630924946,0.004967433057680104,0.007543466477738514,0.007664755820498359,0.005522646740231674,0.00592338479470933
151948,0.0025039437307753515,0.0022317950147125037,0.002111345942372944,0.0012230064507463695,0.0016579892296691434,0.0018171191914212598,0.0015405079180217524,0.0014775846463885856
151950,0.00505882189869139,0.008698438882744297,0.006360053221229123,0.002908169609704428,0.0047133779583818924,0.0033605051852610007,0.0034160513313690744,0.0032794191513408344
151952,0.007641140345840347,0.009252462699002928,0.010910475369645178,0.005066405853036082,0.0085283612456577,0.009644571805094204,0.005484600054587396,0.007264710506152738
151954,0.0044802896133001036,0.004622904199679034,0.0032617444759242137,0.002596786876383428,0.004306809410243917,0.0034428446403183544,0.002595620276183555,0.004097190661161376
151956,0.005007898736497651,0.004522016161879139,0.0037507225562694174,0.0025269240697901735,0.004048701016536649,0.003035865239399152,0.0025815245433569722,0.00267394820646083
151958,0.007080074180933815,0.010305702660469374,0.008336954520075324,0.006568082175917533,0.00839285205869894,0.009321235472068645,0.0071021876854394095,0.008936187371171356
151960,0.00522857780342717,0.0064668183568636906,0.0049888356779340115,0.0027042011915913294,0.003449779872601033,0.003623677398534808,0.0032552415928244344,0.0025581655522819435
151962,0.002703273728745806,0.0034366400831629257,0.0022010719575532023,0.0015827440748239496,0.0023321510708390752,0.003022682274948077,0.0020302771527262037,0.0018181775919385995
151964,0.00428297370584968,0.004840088218612204,0.006041184996172844,0.003234595465476456,0.003861829519580265,0.004180035680702299,0.0024639897866297056,0.0034743285944058844
151966,0.0039109545946749424,0.00497356516554609,0.003572879439098578,0.002363447675138866,0.0032470072712840192,0.0030767346175366583,0.0024700821634032893,0.0021464648694514837
151968,0.0025224317123041656,0.0025125002265063423,0.002159786145320211,0.002127695221727288,0.001940746192164458,0.002684039873785418,0.0019239639433641376,0.001896075881928097
151970,0.02735244726770336,0.02034468449251947,0.021457737602809113,0.0126080992709241,0.020238047540832582,0.023238761236223704,0.015182756296142408,0.02046345173351316
151972,0.004252587959714449,0.005693784595811602,0.0036078088502727312,0.003126691560987896,0.003306688824699769,0.0029719072053148304,0.0024057672423544313,0.0035168878516224217
151974,0.009273596430237285,0.010054718996351575,0.007008363270382623,0.0045888419580732975,0.006788590165215602,0.007288851787738082,0.006244677485832462,0.004584562008669357
151976,0.0029819785828630874,0.0033444961486279873,0.002247048675143637,0.0018144894546879287,0.0020729227872138406,0.0022381471249394297,0.001751687597693563,0.0013911664707877969
151978,0.0038445514457094987,0.003840009321679619,0.003400300505123577,0.0018862671994777092,0.0026830205509329463,0.002117955030005947,0.002330765663566048,0.002679430341305855
151980,0.0037424471610484483,0.0035724617150851984,0.002140897197499672,0.0022798074149312786,0.0024976082653893755,0.0034770409539709585,0.0019901645451005923,0.002269188005500633
151982,0.0027275686463466148,0.0020417963057645233,0.0023643163398751194,0.001547868381968423,0.0017160436605096058,0.0018301619287158233,0.0020634703621458805,0.0017844559518898212
151984,0.004059636791087229,0.004004850795014114,0.003937958566313293,0.003532792751340677,0.0035596195100524725,0.0040036164986113065,0.0026862536402795373,0.002338320061789481
151986,0.005539618061507545,0.00703110926353312,0.004525347564690085,0.0035934890410695974,0.0036604361266313057,0.003301202826405794,0.00265877008496318,0.0030281557009015497
151988,0.0028831527009842844,0.0042498860007214034,0.0031652535128614545,0.0016228682151819968,0.002044431212274836,0.00221593599362363,0.0018782775658421486,0.0018987643936405757
151990,0.007480290315274252,0.006807931160418557,0.007212630781248619,0.004151967830106296,0.006278139558125118,0.004897475067289214,0.004494848627808246,0.005434987833830063
151992,0.002744639677614069,0.0041659827230164925,0.0029325795864208054,0.0017022373056252982,0.0016491418832211835,0.0019966149398146366,0.0018084618794170226,0.0016588530531265328
151994,0.002384724242276981,0.0023855094713787772,0.0020136699740994773,0.0015629261641017522,0.0016118105482330197,0.0017522579819102685,0.0015901481877925172,0.001312114763952224
151996,0.005910037301250226,0.007718899672327029,0.0039292361609937765,0.002945918625948174,0.003910588373136348,0.0036563032676319024,0.0033135319267397906,0.003210483961463964
151998,0.004208094652500327,0.003366981324744389,0.0027876499653395476,0.003022526209869092,0.003539092333260163,0.0030295133485402914,0.003072215917541643,0.0026730887353560023
152000,0.00417588635061078,0.0043683641310071075,0.0039194561211139956,0.0025209302848772097,0.0035812301303232014,0.004045597361912456,0.0028144463974397876,0.0026216859212946364
152002,0.004503994381279464,0.004300292165911657,0.002683247093274513,0.0026624552270372442,0.0029875612445580263,0.0029683429152330826,0.0023497329036823444,0.0024506744849333573
152004,0.005753626381776122,0.004177895262896192,0.0030297942650029525,0.0025894640020316523,0.0033809005535802156,0.002743883658986049,0.0027517690088074837,0.002447887986203892
152006,0.006064317694744192,0.009761779314185981,0.00664934202387274,0.0039385869751475955,0.0059408629859870055,0.005860081499307945,0.0050781391309764334,0.005687402045325918
152008,0.009170012369763336,0.012315246622858267,0.007014051617686201,0.005197703957597943,0.006552739558968179,0.007663430428919649,0.004497384518371783,0.006035750815954977
152010,0.003497824309286482,0.004135035288142019,0.003063145594235872,0.0019226497584839408,0.002239116549785383,0.0025570359173415214,0.001927224549090903,0.0016685440371034255
152012,0.0062703506073411575,0.007822818578652468,0.005057393320433479,0.003792906521422071,0.007373427471891125,0.006823424257938804,0.003913252956309954,0.003179596674080312
152014,0.0031045259376805134,0.00478271495353072,0.0037491462158891764,0.0020295064295078463,0.0024950843649790416,0.002574271244224713,0.002436335640891976,0.0019408436768491577
152016,0.004809486119346007,0.005922754046228107,0.003389516673519402,0.0027279647797885526,0.004602207304389927,0.002877420308730963,0.002194113065539016,0.0025569413528182677
152018,0.006521174333201651,0.007378300775852387,0.006996086110158173,0.004762551411631399,0.00453261796658172,0.004442105733472923,0.0031791664830011085,0.004298245243261667
152020,0.0037143693709813658,0.003961526321067055,0.002607869524157494,0.001946787640100825,0.0026618732130624517,0.0026416010109334837,0.002425442802356237,0.0021822409917038876
152022,0.009959028394956937,0.015362728169743045,0.01021444795390064,0.0057588811817277374,0.009568655973598794,0.0123931435359515,0.006463421623421672,0.006985898237928723
152024,0.004098511798535043,0.00319802130075221,0.0026257610284342037,0.002288994525390456,0.0027561481284077566,0.0036022492225363245,0.002752318553612257,0.002161425625384919
152026,0.0026398830662711092,0.004393342589452731,0.002965870121709513,0.002159254677280842,0.0021956747484443984,0.002726730946101874,0.002438045634185537,0.002136562601030692
152028,0.004919755010819371,0.007446865810545378,0.004490533862942847,0.003828195768197651,0.0044458328112571,0.005969378535398084,0.004240670247171785,0.0027319841632476027
152030,0.004795250184465305,0.006872826735402848,0.014369920695267935,0.004511650967876035,0.00571000997884874,0.008282555075211917,0.004072844616254123,0.003578613809488651
152032,0.004850406653024442,0.005409893054444448,0.002953549954210058,0.002424357905658328,0.0039735836020240445,0.003756732567833501,0.003236338121583429,0.0031113150020387753
152034,0.007555722467490256,0.008370018018190317,0.006470323858365268,0.006177291923384287,0.007752879976058447,0.006972559462583627,0.004807439167109351,0.004266846462958052
152036,0.004834897893111256,0.004342632973987293,0.0032188105162731517,0.0025344217143903475,0.003973092355426255,0.0031218016065605175,0.003186643931485378,0.002326400961074393
152038,0.0032528287994764704,0.003415428210726615,0.004780837526319692,0.0030786946616073174,0.002861594372032039,0.0027385375192539585,0.0018496675268773188,0.002314651035041637
152040,0.002852987166535037,0.0031917199249988926,0.002802322129693613,0.0019411125109367738,0.0026796729307099337,0.0020855153889265537,0.0015048804770323443,0.0014077668068358667
152042,0.007416953748734301,0.01154765472108471,0.006919923089105717,0.004259166216088239,0.009535592142300209,0.008549000218551817,0.006006842539916735,0.005333338811803978
152044,0.004641105242133625,0.0065515454417131025,0.004236053513531568,0.003264261458236009,0.004386522323218733,0.0035093469628906387,0.003444854597037264,0.002845549759668567
152046,0.0030998595165091652,0.00270567213128238,0.002246670788210503,0.0015421962869567457,0.002246676085471258,0.002100471551751429,0.0018489405363214667,0.0016354258874330535
152048,0.004021311769273561,0.006358850650941328,0.0034282333930326647,0.002191849019179251,0.0024272800119278792,0.003185462188760868,0.002166076970901154,0.0028382185126596543
152050,0.002879872751293533,0.003813211377509243,0.0033860868586901294,0.0027252103412546275,0.0021455861182080455,0.002450339593573825,0.0020551391434565774,0.0018320636991936562
152052,0.0025672818287514887,0.0033483174139416066,0.0025486336689644618,0.002068564405122153,0.002313394825856699,0.0022247490290605715,0.0023016142072290885,0.0021113325907599206
152054,0.0034670581090958663,0.003117690046447033,0.0032505642994786754,0.002480349935222184,0.002820256602979035,0.0025228680443961787,0.0019993008261443013,0.0018336888769559523
152056,0.0028674653851454984,0.00318539953307663,0.002208673845708123,0.001742776867439455,0.0020111879538464855,0.002034737192785477,0.0017171768703792,0.0020698804208786475
152058,0.005171951642157779,0.004625500277122052,0.002851049427778085,0.002218692509342937,0.0036909866414480824,0.004212432097688235,0.0025976734855576306,0.002323894007340288
152060,0.005842461802816112,0.004785096786857901,0.0042965211257604,0.0036821503477413864,0.0037493784258327972,0.0037708388434554707,0.0034241609956931485,0.0037288327125593046
152062,0.009845219068328248,0.007093546729370681,0.0062379414279780665,0.004357999590221484,0.005254052527492503,0.005468523176412943,0.005295053189789345,0.004193565147346201
152064,0.004740338327471116,0.0042963375007651905,0.0033157667677387176,0.003650386770159844,0.0045771462109769345,0.003930529938802829,0.0037502010269605535,0.0025998642676766798
152066,0.003530380115147891,0.005117310404970432,0.0028429514831174174,0.0019526198621750007,0.0024357355015697385,0.0025811096644546283,0.0019214558799263287,0.0026297590639906
152068,0.0042519155473491055,0.004494551921397305,0.005174646086187673,0.002771120440113864,0.004106349516441732,0.0035310114209643473,0.003120799268123156,0.0033884063145679516
152070,0.0025429372808122436,0.0031111321463803826,0.002659756356835144,0.0017432142118443128,0.002209507985169293,0.0018383415971499062,0.0015563572472624548,0.0014959025105704266
152072,0.004614324701862849,0.003927897768840616,0.0035930647547149364,0.002566943592155424,0.003989909664743385,0.0035369970186729938,0.00301502100533263,0.0025815449853325845
152074,0.00410907232596186,0.0034678916950350303,0.003163315967924088,0.0027475530985379693,0.0029563270987245094,0.003115129598204605,0.0025367019929643103,0.0025278106592419025
152076,0.0026798777325388046,0.0031116200504821695,0.002178384911937725,0.001531588296728184,0.001971722498285422,0.0015338494765748806,0.001553110715304895,0.0012672655141226508
152078,0.004362163612726955,0.007145534342713811,0.002760609022045571,0.003344701250242013,0.004476975837125252,0.002968821115631029,0.0027789438608261108,0.0028548503239722717
152080,0.014443304836960158,0.016012599189764387,0.00762723789265124,0.006921294120449062,0.011795872446014821,0.011486354462377557,0.010361392890879062,0.007926703976739669
152082,0.003412441417634471,0.004535543817938914,0.0027440280633778263,0.002337514541494015,0.002561300672085945,0.0022524251710507315,0.001709233774391597,0.0019711554858228286
152084,0.002685111896128467,0.003023715437259003,0.002516297125826364,0.0015609429978861306,0.0020103674124323373,0.0028134729478602183,0.0015221314724114254,0.0016735057222195954
152086,0.007118733521783105,0.010952312961197919,0.005696030242917038,0.0037205956025927606,0.005570933608158024,0.007359645564699646,0.004804492982345643,0.0053623554940929186
152088,0.005445353186050994,0.007388813034926722,0.006009519889328685,0.003804200933220217,0.0058128425433503494,0.004224986130010544,0.00338533685877046,0.002514537859447677
152090,0.00944722855404262,0.006247367273374493,0.003950273092247214,0.004106964481152886,0.005420548223412425,0.004930408038789302,0.003326090685700278,0.0035536076866150706
152092,0.004805381287983579,0.004199958549144789,0.002867432669776529,0.00260295374465426,0.0032429599974079792,0.002429172264428736,0.002275023018644129,0.002423499552724598
152094,0.0050904058489425474,0.005654405613533753,0.0035239719723121343,0.0038449612232460822,0.002820293004846,0.002565426709057031,0.0022559841703696654,0.0026309004444575873
152096,0.003693184125603058,0.005283004642606726,0.005198878234644377,0.0030877672594478156,0.003299583165610756,0.003505919675661495,0.0023942029151796107,0.0024048515350995198
152098,0.00460314242363169,0.0034569051897506142,0.0029941401306299437,0.002885195763552409,0.0028154287127005184,0.0031915065206801346,0.0024766458930101237,0.0025436549461105434
152100,0.005164962650852978,0.004942156751891469,0.006048487296098415,0.003298807290307515,0.00475650561914126,0.00430032148099202,0.003731607596105191,0.0037083352800855313
152102,0.003611611529155137,0.004071728248284723,0.0023473588781482008,0.001814624022518141,0.00192165314645866,0.002241485296522683,0.0019830098644063737,0.0017048490326382476
152104,0.00400679173123053,0.0060283277874371155,0.0044958407173206205,0.002976377159938315,0.0033632794781540826,0.004765742908820203,0.003202140785676391,0.0035811989196363886
152106,0.007836142217798603,0.006390155623017757,0.007158845838831029,0.005804063851133856,0.007861214215417966,0.005811910983325674,0.005494540932446057,0.0028527464054798474
152108,0.004645240874708634,0.005511719062284648,0.003487732450069281,0.002235133026795913,0.0029657049808482633,0.003610997682869377,0.0025153987319729426,0.0024920659232008924
152110,0.0026834759609215553,0.0024859479645922417,0.003385997547984465,0.0017550832036939412,0.002198842753435973,0.00262953288072737,0.0017366874406467142,0.0015843563724971532
152112,0.010287895041206918,0.00839241112660094,0.0059769495138662365,0.004132446615817076,0.005833865629370827,0.005048747736260462,0.0046636028166811005,0.0031411952193280968
152114,0.0018354159589467067,0.0022617703031375808,0.0019568913167768986,0.0013510721041178897,0.0012866353043067408,0.0013155196587627677,0.0010774227021482924,0.0013150878614637401
152116,0.002605457451736959,0.0032441816380490845,0.003010089620549841,0.0015991468017565597,0.002362342694800512,0.002545141323651523,0.0016269969371190407,0.0015182205535059362
152118,0.004029766802493617,0.0033144982636068576,0.003611909740269939,0.0021753633850064014,0.002239102447555999,0.0023841079389047004,0.0018020062614228088,0.001936624864922687
152120,0.004173304173250847,0.006080368635039912,0.0037275257169403636,0.002154209511361929,0.003841987944510683,0.002952477840520454,0.002681068515117971,0.0027604998044839513
152122,0.007777539924541665,0.006120047302404841,0.006495671973937078,0.004178957697009489,0.004887890057890587,0.006367985664326226,0.004507868383690161,0.004342801873868929
152124,0.010724889780377111,0.008873039262553784,0.00906923646132457,0.007105520936694865,0.009690558072677158,0.007338019070539714,0.005545738505326803,0.007719789937215504
152126,0.007697845490378663,0.0063910526098054365,0.004626841159809436,0.0050211393824008965,0.006410066125000002,0.005080864261547191,0.004247103327095714,0.006022011281479556
152128,0.005388700579388228,0.008378854367842303,0.005113643093170028,0.0030786764719104576,0.0063818355882594435,0.004980831515116135,0.0034629565716990385,0.0031716969785267057
152130,0.0028392271993205598,0.003732328561224796,0.0024447037257078197,0.002144246938215133,0.002398442816042304,0.002118049324429952,0.0018422092967357445,0.0020066533512955176
152132,0.008572845412795127,0.007780001501250189,0.0063897351449080375,0.005204440930667298,0.006029918713113036,0.007998718505462465,0.005338348010433869,0.004887631697002348
152134,0.004032589012595622,0.005620537689537741,0.004043780655327789,0.0024139659344783043,0.0031501076350970436,0.0032182901869233366,0.0021546736096767077,0.002126279526450725
152136,0.008578021424045235,0.005839114805013479,0.007362175629688217,0.004825201485122221,0.005405346665204869,0.0068831086377368345,0.005669345069889753,0.005192565773229296
152138,0.004189247073678237,0.006174844424867099,0.0036571210017766753,0.0026515816343144483,0.002801504180736325,0.003481697257741223,0.0021582206660121367,0.002011865293898518
152140,0.005255752755541077,0.004833869071900532,0.003224396453612291,0.00268948558530685,0.0029454843270131925,0.0033134787458451026,0.002536753778222392,0.0027788272115909646
152142,0.006205044569705331,0.004608156281912024,0.003373664926021258,0.0034060456084381574,0.0032720816092127875,0.0037242671871787203,0.0038856521554466728,0.00356713231216034
152144,0.0033812545018046536,0.0033792805130401643,0.003548654531260867,0.002177196143499441,0.0025073573400045124,0.002336404836800421,0.0017415655917769751,0.0018486707947769215
152146,0.003282829956694988,0.004726954054745713,0.003678542968692647,0.0018873649679174154,0.0031710348835490287,0.0023128401236195556,0.0017919645638160425,0.002089154576838448
152148,0.003491521077060078,0.0050919422228759,0.003356613515466622,0.002668927398858989,0.002842588399068424,0.00279049284038152,0.002764628869150132,0.0031473428841634205
152150,0.010909799870262304,0.010910016214562612,0.007977369690895186,0.006041654073707159,0.007788495812840246,0.007941171392360724,0.00828222418206881,0.008627366248647128
152152,0.005276220241712759,0.006376751212533671,0.0066493189371295,0.004085336676313611,0.005090817297986883,0.005694920295895578,0.00461519423835105,0.0034659004683332967
152154,0.00380498908245408,0.004156595206783464,0.0030024075938466788,0.0022209408794049423,0.0020822676169560683,0.002189106445876554,0.001908917313130587,0.0019520592242932566
152156,0.003688283465401787,0.006062392729010213,0.003908825531314053,0.0022586911154809375,0.002613644234666035,0.0034331153447127033,0.0022487322472422022,0.002711553294008573
152158,0.012413124308725598,0.01063812477027476,0.007211011014243651,0.00571783385589697,0.01062780835867777,0.010479391418951656,0.00899273575873849,0.007600959698415066
152160,0.0041351406916768085,0.0033578261550616523,0.0032514300695974385,0.0025936308653773527,0.0030469601433359556,0.0026028054990701183,0.0026197204840951033,0.0021114568650979493
152162,0.0036376325089387956,0.007370826390801,0.004042389733850682,0.001834457857779137,0.003827706217337301,0.003792911109981048,0.0020908723017552117,0.0024791641625113853
152164,0.010267917812953942,0.022584230308923203,0.011546277662202231,0.00769426496934017,0.00973714188028435,0.015462362027850673,0.010379232098978675,0.008529736034175228
152166,0.006983961675362027,0.01116608384091422,0.008213600149800604,0.005446619994277313,0.005549149092256622,0.006257200992793921,0.005840811529916279,0.006067986302228157
152168,0.0034745279771853377,0.003579489227695243,0.0035380862566489757,0.002482759084012409,0.0033257804553876724,0.0030026390753912363,0.0023171849193327626,0.0024161653749319445
152170,0.003813814109181593,0.004782017315428044,0.003638077843575227,0.0024875671406000693,0.003024908996312803,0.0025909208475012463,0.002776261547835515,0.00234674958804916
152172,0.0027050427867412324,0.0042667316072178,0.002534802439840611,0.0017060065448183531,0.0022123954209374436,0.0018902857053859634,0.0018353939344924047,0.002107339615665893
152174,0.005320404373738763,0.004515579328636721,0.003447026988949775,0.0028947604682906386,0.0026365092982283955,0.0030325963502966236,0.002385685601675791,0.0029010249396682064
152176,0.013065208232746706,0.01224963007484181,0.0065008035308125045,0.006358216138929729,0.009868519828899247,0.008772421131066688,0.007997403190934671,0.00611417460481789
152178,0.006169419499932938,0.008654148066909395,0.006911979731932583,0.00413820660572406,0.004657607975276312,0.005646431555547338,0.0036170981647223877,0.003654808154449407
152180,0.003991939242147746,0.003980730303677016,0.003556396132088635,0.002512622722619595,0.003489485666755776,0.002511650678634361,0.002201602603904229,0.0022007954735035057
152182,0.007715481793994172,0.010340391271592475,0.008247893396699846,0.0038602304622466083,0.007303310953123088,0.007701052848739176,0.005604938678725413,0.0052414045191382375
152184,0.0022487308339924628,0.003036416178479731,0.0021323393944588376,0.0014626227469278913,0.001632629170955649,0.001733128539149767,0.0014347622996581239,0.0012356882076919457
152186,0.008167024971911241,0.010208244139154277,0.007267761545888485,0.0047196286660613485,0.008085303446282666,0.009627384577009013,0.005287633657772517,0.005115071067608723
152188,0.0057269474326094305,0.005020578717139179,0.004523075382884878,0.0055553236657568394,0.0064301187221291745,0.005606684716784827,0.005595255060555415,0.0038723705534816077
152190,0.004703302460256964,0.004228308991528706,0.0029431706277377595,0.0021873554451881105,0.003286289944256074,0.004179341092616973,0.0027644584607100647,0.0022978390174173274
152192,0.0026524756294193375,0.003249651499920639,0.004338293766509516,0.001883726922755416,0.0027529842563947526,0.0020427815026372725,0.0020631813394835774,0.0018924002766045889
152194,0.009278008066658572,0.00920467256162244,0.007097514413059669,0.00456085520167826,0.00704713181747274,0.00751590685016712,0.004827747105486113,0.0053300082675256655
152196,0.0022493106569782123,0.002580096076885363,0.0021093149285569823,0.0012379308732435867,0.0019717906511298455,0.0019783331745574367,0.0016544867871729624,0.0016985916822707114
152198,0.005979881763554573,0.0042571981361385625,0.004954585459700456,0.003801757040911069,0.004048228850606961,0.004316215168330473,0.0037932726971551395,0.0032527633600842876
152200,0.004144169172693779,0.004758540672287259,0.003044361081268099,0.0021841769261793514,0.00280088034815279,0.0032603502116226313,0.0019413130818259905,0.0018341349300152743
152202,0.006597954565151776,0.007414149972886419,0.005291521082286865,0.003376939071277063,0.004917982542108901,0.007650062909982103,0.004404780481483073,0.0036669856094540126
152204,0.011125417495861711,0.011306287524941505,0.008348829799458779,0.008251063111900159,0.009288699942440692,0.012732071250539434,0.007159844416715411,0.00647546338146654
152206,0.0034879836998130825,0.003641959834814801,0.004595983348620658,0.002592758983358104,0.0017432748720509622,0.002447403635686199,0.002140246728007611,0.00207574639921404
152208,0.003809218908441672,0.007900379315903872,0.005874889159874164,0.003918306878066602,0.004189729321864066,0.0035950863688436474,0.0030703438077104295,0.002854877792281274
152210,0.005058409625058324,0.008402778142028389,0.004548782131428342,0.00264964682374913,0.00491608188253978,0.004538101198893474,0.0035453132372760404,0.0030698286028076893
152212,0.004645208375450238,0.004996398607918451,0.0028209668774801244,0.0025229238048183333,0.0034018121558450215,0.002678723847772402,0.0024855248661970197,0.002583167351977292
152214,0.004326904354684302,0.0043196971058145905,0.0031170103187540127,0.002199560770026532,0.002250072914593615,0.0027211718487798464,0.002739874247930596,0.0023473332488315735
152216,0.0030695520282658095,0.00317583432868708,0.0025279488868174133,0.0014739602445610483,0.0020294399715537065,0.00246715919299291,0.0018299346750366846,0.0017157106525167998
152218,0.004625508384672239,0.004829613008699385,0.004314010797878076,0.0032192226672562857,0.005485955299505463,0.00578378697553511,0.003412071043632073,0.0028386388762291492
152220,0.002204185436173456,0.002704429788738652,0.0025873624984385085,0.0015318346936690208,0.001522998696433256,0.001966993717733345,0.0016405596182412219,0.0015936282896684834
152222,0.002916353006555461,0.003500222271046738,0.002106205956520793,0.0013019483275586996,0.0020629248234454445,0.001972824336693435,0.0014850144722578507,0.001411495359862569
152224,0.003972269608887358,0.0029260937086878075,0.0028651837362256988,0.0019996389794166985,0.002744582299291101,0.002557668904191124,0.0023745341983440055,0.0020494969923745693
152226,0.0031485054116595634,0.0029582415241957843,0.003028039263264573,0.0026189086643558235,0.002728191265858118,0.0022619673178298078,0.002092592777501956,0.0015705226914297793
152228,0.003208457499169981,0.003764362243202868,0.003299120539514755,0.0025216444641124186,0.003305102513473379,0.002807700531361812,0.002526152597587941,0.002680682359362585
152230,0.01133683742791819,0.015545831946532973,0.01088206954929749,0.006224470812249416,0.007228965149806366,0.009807860843592808,0.005968528913729065,0.008339848723183663
152232,0.0022488544950252654,0.002689649416727724,0.0021627576845233976,0.0018230676362283177,0.0016346082493669117,0.0017168443698731967,0.0014659829996349766,0.0017213393979625402
152234,0.0030908925946161597,0.0028426646686297574,0.002046154384062873,0.0019337877889005761,0.0027047254295455847,0.0017612882539153052,0.0018209393960578885,0.0019465493126205047
152236,0.010538956346161976,0.008608920878973914,0.005278809623089631,0.00594506507606557,0.006533385371892353,0.006744453321183563,0.005896458849698194,0.005927165402017431
152238,0.0044809329650128404,0.0054118090492565885,0.0045350460756310995,0.0039089103100629075,0.0032901825251805406,0.003802768686750335,0.0029457572765168166,0.00262292323159731
152240,0.00635677375189303,0.006354599787414594,0.0054822596716391225,0.004502273470270934,0.004436208385023344,0.004446192489385936,0.0033584496121570467,0.004624836495557061
152242,0.003756001030280967,0.010198689134711947,0.007118255774978766,0.0026499482763325255,0.0035864464538237772,0.0033227897525912042,0.002863177672915107,0.002790806924288569
152244,0.009827508228429593,0.01088509471297372,0.007112955118793174,0.007908590550458838,0.006605996414216442,0.0050256712553587435,0.008661685201150127,0.008918844317181096
152246,0.004037762000597189,0.0038081162885315184,0.005622023588866876,0.003463679164283917,0.004632501764238128,0.005472765338448093,0.0037679991005470925,0.003928698161588751
152248,0.002405042262621296,0.0023736030387589424,0.0016773141303100397,0.0013152459267189998,0.001595956225415321,0.0017914580752149828,0.0014711403415668678,0.0011829118541606537
152250,0.00421218258085837,0.00450458142613247,0.005175075933118445,0.0031771348117342613,0.0035876927778112494,0.004930494883135295,0.003365578143627923,0.003176191651555804
152252,0.0022970551413623586,0.0021582971612082447,0.0018000420812683965,0.001327333638562203,0.0015750973132439144,0.0013191354287026003,0.0011145272079911145,0.0013932525712135324
152254,0.0044587973547352555,0.005097563391927518,0.004341744339762477,0.0022825097452230936,0.0032431479597864327,0.0038629412771093996,0.0027129183475074203,0.003032322688951719
152256,0.006262910829347101,0.007582411583167359,0.006534022542173057,0.0039987952316531405,0.005117286953872702,0.00451737088411619,0.0045367933115949555,0.003501561097374442
152258,0.0032552892031707664,0.004046380273099226,0.004025536757822579,0.0025139763540438786,0.0027423364288364227,0.0030171892449072507,0.0023826999082546957,0.002117929999475035
152260,0.0036778470985317085,0.004094637701792303,0.004439247909463262,0.0026671421028896664,0.0031489117825744817,0.0025331754605777967,0.002011545155478134,0.001845198909907142
152262,0.0038266327262293093,0.005927904229491299,0.004445996751141268,0.0021226891425986244,0.003673304323470461,0.004786997731713649,0.002628242828762853,0.0024157021166927445
152264,0.0033145759026426275,0.002593818692048444,0.0018299066278749804,0.001670628807827479,0.0019443560701893348,0.002120548033757663,0.0017146960878538509,0.0014539270315819253
152266,0.006066664268680688,0.008711981832220994,0.0075189623768823766,0.00602498347850805,0.005986669596670657,0.0052701822645345175,0.004935465118394156,0.00436373646163718
152268,0.004189260576249743,0.003500323214124537,0.004914450053520092,0.003235785862397089,0.0036150412522934078,0.00311859493971256,0.0026117503517919666,0.0022681893822786847
152270,0.004511018425369662,0.004236121402719173,0.004090033515923075,0.0022974958096667053,0.003011572005815269,0.0029589300584940137,0.003136166671583243,0.0038505640130415686
152272,0.005149789352574763,0.007997697694719419,0.00699634411154193,0.0032983682529255653,0.0047457589264690014,0.003748393521894544,0.003315835841044612,0.0035441399424285813
152274,0.0048621979079011,0.004814728964169179,0.003019547818843296,0.002404374384048072,0.0040799058095155605,0.0035910785345505958,0.0025344573475791776,0.0025223725895893306
152276,0.0032891966653508936,0.0043723251964620236,0.004544088970082294,0.001949097377829459,0.0021598962556713813,0.0026905521245970676,0.001676558691918531,0.0019038464093876772
152278,0.007013111926786275,0.009911264913913309,0.006236717508647738,0.004287064662822859,0.00708448584555299,0.007776673931181366,0.006691526264758496,0.005648346428977158
152280,0.0025740463259471685,0.0024533374639281735,0.002181660831140922,0.0017567922327685892,0.0022300249093613195,0.0024247431134240133,0.0016843100019683366,0.002027105236059437
152282,0.00402861190187398,0.005868985771535995,0.0040961815892318065,0.0021411540343416746,0.003914254156978325,0.003501007373256107,0.002549139595735564,0.0031626681564185383
152284,0.0057402300469338585,0.007816725525360335,0.005304817602249878,0.0035639206564610504,0.004932097978769756,0.004454775422466861,0.00362984019859737,0.004196582172109553
152286,0.011428293182703442,0.008238089002306437,0.007770940405936122,0.005432884316223019,0.006694770259987104,0.009377604962510555,0.008033960340520174,0.005794396803195989
152288,0.0038052846020129177,0.005092685507022632,0.006768010281486492,0.0029777316895201467,0.0035161332218345415,0.0037276203333648367,0.0026480462674443594,0.0031886369890088972
152290,0.004240416014040571,0.005552631791358786,0.003810568662540925,0.0034322523389645476,0.0032078379962572345,0.0030113373181989284,0.0029866808604045586,0.00356394556469386
152292,0.004665650470476956,0.003964274812036317,0.0031799289998085123,0.002100701365211677,0.0028028384376223153,0.002566040352972712,0.0026322817427200246,0.002954649396711473
152294,0.006235434875922152,0.005442270355403345,0.0040323770523542635,0.0032636612779388813,0.004903321775308334,0.005140695446350707,0.003743102620539354,0.003570398837291988
152296,0.002883242314874815,0.002560602388589475,0.002897734435763022,0.00206299690351798,0.002026970051817456,0.0021960144548671817,0.0019725662208147643,0.001442405803925642
152298,0.007414012684891169,0.009091658923187973,0.005943665746051041,0.003472905413488672,0.003927939794436119,0.007463028034333574,0.004181941518293597,0.003876447463394675
152300,0.003248983865459923,0.0025054956594340455,0.002191882156751035,0.0017028330938808622,0.002395864144642046,0.0016879690489626231,0.0017501437538936515,0.0018457455880894202
152302,0.0042181323772472745,0.003012780342009913,0.002711805480978491,0.0023512727799799432,0.0021518714517156923,0.002718320231968177,0.0024132360602852204,0.0027597967926156763
152304,0.004460159632275529,0.00544478470977211,0.0033341729378300045,0.0021869185013248527,0.0030322976620686948,0.0034733014685006808,0.002446740956693186,0.0023170888022117225
152306,0.005834284474951268,0.0070751374551605295,0.005396395354924977,0.003697281140811484,0.006028555710815342,0.006527035843562068,0.003435527708879116,0.003115616983895411
152308,0.009619461676893037,0.013978324123878283,0.009545041015124378,0.00596435651451821,0.008422100894739382,0.006166176688399361,0.005720567730423065,0.008501237715280219
152310,0.003452900289334662,0.003945902459219719,0.0028292125971756676,0.0019547989825446366,0.002518810415763406,0.0019714148326299696,0.0024881725163599655,0.0017323646645763802
152312,0.0025848966703791026,0.0024579459337430998,0.0020682706210019136,0.0013169260580637165,0.001810509267542726,0.001827702411125523,0.0014616073903600674,0.0013636550304454431
152314,0.0049504600441757085,0.009058392292427053,0.005690857036022345,0.003357915956948024,0.0067262341814713356,0.004493734780632919,0.003769891381196891,0.003973289601845453
152316,0.003773558826514256,0.0036450890496111388,0.003261802771767963,0.002589255102293464,0.002866452093286745,0.0026151295828786975,0.0025323089266855586,0.0028985743357057836
152318,0.0022420073861519896,0.001955434801964806,0.0018434998596541519,0.0012512877695685654,0.0012338306869799087,0.0016151819090204356,0.0013298845360063538,0.0008288150272870443
152320,0.006454590700989693,0.007042686781971952,0.005791753074063877,0.0031121229559005897,0.004882688735380336,0.0041349634228657894,0.004197413347416301,0.0031080136227890215
152322,0.0043335819998111536,0.004300133866204314,0.00313129807800383,0.0027520461194932566,0.002874138429618825,0.0029745162007824982,0.0028201137674879195,0.002484736342555763
152324,0.005969002069555751,0.005361878657368868,0.005330773079990969,0.004498418863423892,0.00546490943378336,0.0037272077599661557,0.004803933185393072,0.005542936904032791
152326,0.005644672621701263,0.008328004312340376,0.006867981336316831,0.004331725274276332,0.005018935968690352,0.006047928722363816,0.0047940367799870764,0.005008138111573468
152328,0.0038469970371105694,0.005632915746517364,0.007832290976339529,0.003131053350974647,0.004793128890676679,0.005163941051513854,0.0035646835105757196,0.00329071333533687
152330,0.003506521877944327,0.0041471990869299535,0.0023287269750299627,0.0017643886259238878,0.0027151455419250348,0.0024955838321900764,0.002151762928550627,0.0018191825951776597
152332,0.004001521741932079,0.005251294292896669,0.0027540343775280807,0.0026656370534705737,0.002948328070101827,0.002229172834756335,0.00257465835347781,0.0021100561661404615
152334,0.004996103690601217,0.005667529845541586,0.003973470885014985,0.00290733113276076,0.003988926126688774,0.0032124270280359385,0.00376012176691988,0.004045387903362008
152336,0.0035304739662978535,0.005708930195513828,0.0037516735394319684,0.002319333011300065,0.0025455649549656206,0.002743331444810204,0.0022751502435425786,0.00265095669461958
152338,0.006662214865870375,0.0040775285623482205,0.004748116139055902,0.004072787557962698,0.0042976737552322675,0.0044172166190572515,0.003052494602074296,0.0031774208109378727
152340,0.0048210692584299,0.004074060052783546,0.003530091043737041,0.0025681592337739034,0.0039055231365468096,0.003764146025760487,0.003196917068773397,0.002774088689628376
152342,0.005216378081755124,0.006283789245785043,0.0042339608537612095,0.0025597571857331053,0.005577850320443112,0.004307720868593157,0.003046055012647708,0.002907952646721848
152344,0.003394299800877576,0.0036069885938212615,0.0018902118496131326,0.0018242668291215125,0.0021382080588827623,0.002530891895228385,0.001665779950075441,0.002046509621538864
152346,0.00914076495075472,0.004588601719391683,0.005027979694634865,0.004101835137915233,0.0044774474493625704,0.004367166609458517,0.0028951148424039147,0.004917897897996681
152348,0.002404852996584342,0.004183181798561586,0.003108757173472823,0.0018138627009490899,0.002312955501939676,0.0019426730352712362,0.001851867952025868,0.0019641070691373136
152350,0.003673341803314259,0.0033274224341567488,0.003714667253631024,0.002271647528389098,0.0021239353882952644,0.002408229846260712,0.002021950632300054,0.002138551904187269
152352,0.0014036903267913292,0.0014009039160563092,0.0014141219256167542,0.0010848634871121754,0.0010441976475663584,0.0009318642574518976,0.0007861794103233323,0.0009859072878635189
152354,0.007457847576441745,0.009003338377562786,0.0065952520445238805,0.0050043256628807264,0.007511807089608746,0.006994544432928684,0.003786991425525424,0.005456155470862145
152356,0.00471057528664276,0.00611842354999248,0.00708679003798679,0.002951630571146835,0.003824421228504349,0.003993350648570981,0.0036278667251190555,0.0031455871682367076
152358,0.003104940669880221,0.004049401731181457,0.003277348438956773,0.0023451538250797294,0.002759121656709121,0.002099335645230127,0.0026431747203253253,0.001780019396240784
152360,0.006030865268840613,0.006386836247479488,0.005752365044205732,0.003561235081235972,0.004597025938874788,0.003764921328927043,0.003893961100065804,0.004904632416966648
152362,0.0032131994356774385,0.0038916089185190433,0.0025106280509277212,0.0020115073955277035,0.002905510362826727,0.0026768072977889773,0.0023728469916720757,0.0026045660929133185
152364,0.002373446592826692,0.0032346268223587687,0.002278843447028278,0.0020480974447051464,0.0018014787492032364,0.00186185083151226,0.0016029561929599284,0.0013957123610026795
152366,0.004087761928354361,0.006600922771396123,0.004807662337103835,0.0027591056110054524,0.002603588587590258,0.0037548203090998072,0.00274127917831013,0.0021633443363873323
152368,0.0081967305707909,0.007984531614600388,0.007035119441668736,0.004813580297051923,0.007056237634275375,0.008459690450533464,0.0056026686780832335,0.00598157000549554
152370,0.007003631186726589,0.007686607360097908,0.006012095004079621,0.003998987461173442,0.005077989408044881,0.006417438783122231,0.003934792036730583,0.0030756449178982598
152372,0.005269949687623177,0.005827384545598058,0.003841967162859908,0.0033136417209046615,0.004583531930024698,0.004083690087102687,0.0032256594473346056,0.0033580592970623574
152374,0.0034811446669230778,0.0038609697652019492,0.0029547206751834865,0.0021400564662679145,0.003633853430093939,0.002825561880910335,0.0026926166331509155,0.0021053313836834203
152376,0.003699770984880113,0.0031767593785758663,0.00301368215178989,0.0023633918947841975,0.0025208270384171616,0.002741050589318006,0.0021342100462243274,0.002394579157247778
152378,0.0032043942628599137,0.004288430700750079,0.003159886589661612,0.0020989700490759017,0.002802520916420692,0.0032533986599279224,0.002377618674533011,0.0019363635546160302
152380,0.0024545827494560357,0.0023824777022065646,0.001923941720693989,0.0016576440059532516,0.0024740077195928856,0.0020457806428165193,0.0016498599488402738,0.0015844649163112567
152382,0.007517211671441482,0.007066922591122626,0.00518289883358336,0.004345492931179251,0.004762410529048078,0.005371101622158259,0.0051265671219278275,0.0035911959599016635
152384,0.0035830544082706695,0.0033683017750982813,0.0021184412688377563,0.002423636732262882,0.0019309655610428994,0.002735346365853056,0.001999121932974149,0.002086173482338319
152386,0.004803658463026217,0.004986831930211599,0.003059126839594209,0.0033527370426506137,0.005618114865984458,0.004914918053601447,0.0039036366804247186,0.0038782837238432594
152388,0.006268954796397941,0.007739433324012668,0.005942736397029913,0.003963986785517071,0.004676067684961593,0.0060409892630310935,0.004048143522352499,0.0040297251815784585
152390,0.004021910883204249,0.0041877021374193135,0.0025822521760920925,0.0021798954181741076,0.002759977234225844,0.002493664022503117,0.0019802683043008834,0.0023758457549236806
152392,0.005417149975573077,0.007312582022296121,0.004419598763450383,0.0034987501662586684,0.005744335738044948,0.004648345077740146,0.003406844865218306,0.003682390872396246
152394,0.004841673439522687,0.005276257042850452,0.0028593760163401344,0.0020660260809714087,0.0041649402112755585,0.002859497929842428,0.0021769079534022517,0.002351012305690736
152396,0.004828490524271756,0.007616937054828521,0.004560811929308406,0.0025378950643389353,0.004537340332851303,0.004957376909406008,0.004112043519082287,0.004529402225018908
152398,0.008963994151970134,0.00721214483204774,0.0055141332216932515,0.0038665981010239797,0.006788392498920326,0.006398767149221385,0.004398066959714397,0.004788241178577124
152400,0.006612899211694279,0.007676203829744266,0.0077093574259414765,0.0030279060187154982,0.00479570112304728,0.004308643182648675,0.003327948932919045,0.003985462591350741
152402,0.0032649038399803487,0.0033957202443000156,0.004267109274280756,0.0024339700792203184,0.0023511318836353517,0.002219379712250072,0.002459431075539309,0.0024914604458539658
152404,0.003507539783541347,0.003934364881805985,0.003176897958702407,0.0021406217614163836,0.0030645762295365003,0.0032345272435954087,0.0024154941226989385,0.002762987682061402
152406,0.0026730324950886702,0.004003283676610403,0.003018878466543251,0.0015702864881728257,0.0023397008647039336,0.002511801532909322,0.0017319169008553903,0.0013876980132315891
152408,0.0038668473560408284,0.0032132298440012974,0.0033660743677268457,0.002194724198915768,0.0032619427690240427,0.0028841573363900253,0.002513980089734247,0.0026669427902501625
152410,0.003770406042931995,0.0032169344003441097,0.0024355203960981786,0.0025939871726665675,0.003222953939295406,0.0031069487140548274,0.003120925800311883,0.0025580242400648073
152412,0.0033613085842866403,0.0033632561454752935,0.0031873240585818113,0.0020447209400993455,0.002367925650770042,0.0024154813064605207,0.002108599822753243,0.001800780262245505
152414,0.0034351228964996233,0.0028074297123482084,0.0022664155406495468,0.001962488448450872,0.0027676003041932212,0.002411080757384068,0.0015860335817505788,0.001678052342080072
152416,0.003755057260296013,0.004115777662011766,0.0029070499265524408,0.002234228559470211,0.0029235342405903447,0.0027165608167779715,0.002305763482760348,0.002297789016774257
152418,0.004519992262415562,0.006170234140136233,0.004165461450838848,0.003120862533896887,0.004742276538795276,0.004070155703320921,0.003397124917380437,0.003537886831135373
152420,0.005251552374191171,0.006700423833425839,0.0044611976502855755,0.0033008021545001404,0.004191780151062086,0.0054249210031809825,0.0037319776282157685,0.004674862323611251
152422,0.004943533339877071,0.004904410138174775,0.0038618698012116703,0.0026644177825469045,0.0028249963595622513,0.004037452379961559,0.003163903497294465,0.0029238496812598047
152424,0.0040792462395634055,0.005808211609470482,0.004301049504205123,0.0022049361611644613,0.0027049183991017522,0.003611344224250468,0.002752071525261371,0.003481061144680067
152426,0.00357124475439502,0.004437451069352116,0.0036899433597442077,0.0023122356885854622,0.0030472381659396724,0.0031062136846091853,0.002439115558540428,0.002972477495215134
152428,0.0014911670967180518,0.001722645666463199,0.002053482754942104,0.0010995631864802041,0.0016873657672351744,0.001696232684012658,0.0012641732205276313,0.0012400548799364058
152430,0.00578278635784657,0.005366818272833973,0.004012471999237599,0.0033953017209233938,0.0036250418716008426,0.0047784217313164845,0.0031634613784581322,0.004007561445453556
152432,0.013901233742903474,0.014671727135145085,0.010991991756748087,0.007455238079332682,0.008420023775985774,0.01141456102869759,0.009178597409644829,0.008705423843924587
152434,0.0035813665672079914,0.0031979319776862664,0.002534747673630877,0.0017304834540630143,0.0027780366535293255,0.002965719587716978,0.0021302168064264576,0.0017078291452637395
152436,0.004359467397686834,0.00617410558641418,0.007106596183765801,0.003142118134427163,0.0035178334622405633,0.004092541189173959,0.003784627779681596,0.003327967414856761
152438,0.005303125732893987,0.006362954355199568,0.004170319586338289,0.0035133893143025757,0.005337780792778413,0.004033169092987843,0.0031412582739183265,0.0040877304888265464
152440,0.004449346754338501,0.004687926810280851,0.004345245397673558,0.0021128597411688294,0.0027964232693027946,0.004332626614321988,0.0028676864182597545,0.0019873775198400168
152442,0.003438988146321764,0.0031111924050378215,0.0024812275747048695,0.0018932618673375146,0.0024234500369999523,0.0019365678144931397,0.0023939418963850323,0.0020021098647660246
152444,0.0020224890510514015,0.001895850411355815,0.0016169095049543003,0.0014027684709278093,0.0016633302081854456,0.0017015362043949628,0.001324659363912739,0.0013803613265972459
152446,0.0038769466159738336,0.007516812461621447,0.004399548417333143,0.0032714393739894376,0.0038473866107944232,0.003156567487394568,0.002756925394777676,0.0026885227901596864
152448,0.0034708649026432697,0.003968956944224777,0.0036164027544428046,0.0022632864033422934,0.0024198352893584213,0.0027180327830596124,0.002093780724005692,0.0016866968046309744
152450,0.007027618627834187,0.00647456408741065,0.00598137178317476,0.004487624564403214,0.005710856762544347,0.005142695672655295,0.004648385715544379,0.0030727697320555164
152452,0.003043767083437246,0.0027126362289865563,0.0019830304349311018,0.0014258235590638435,0.0013800693043106854,0.0014803751691651185,0.0012484116839465292,0.0013418213759931602
152454,0.005409362598686462,0.003949266358876935,0.003690926892050986,0.0028944734571923064,0.003054395028014023,0.004935351012482825,0.003028505027244402,0.0029121981530134122
152456,0.0028677247208928197,0.002549973261920316,0.0020234839908557373,0.0015201732054099942,0.0017666598728621197,0.0016277943329068428,0.0016411363647540617,0.001401243594434734
152458,0.0030304812323800334,0.002685734670681575,0.0030687071083047718,0.002122505154939072,0.0023613480351421107,0.002266708176718049,0.0020867659913117453,0.002241611932949153
152460,0.008421700219239325,0.014010355461667956,0.007162087688360685,0.005447970538896563,0.007256162878946704,0.008334534225353851,0.007980143556622965,0.007066566838464183
152462,0.0037510688936662206,0.0030374500425783962,0.0035382648580462167,0.002285558814878033,0.0030205874065836746,0.002366120832425503,0.0019495674508190342,0.002032407472673539
152464,0.004455950080746673,0.007387602655667402,0.005583458486008164,0.0026129738899796084,0.003345562659504475,0.005356491984866152,0.003288063557758139,0.0030177327567663254
152466,0.002710334038456677,0.003591496452526821,0.0023994470818701347,0.0013894921058360682,0.0018845910652094539,0.002221165603466524,0.0014766522895257594,0.001356301591252676
152468,0.003955694799885556,0.0028539530985428746,0.002866524693283093,0.0025512435857544397,0.0027452724402543677,0.002658103965079095,0.0027277270184464797,0.0025088823366607033
152470,0.004579790923777749,0.007208834738768266,0.0058566382279981455,0.00388806478931919,0.004070546434320976,0.004796967372862115,0.0032040146921100826,0.0029380552581517727
152472,0.009982353194361304,0.01025689062249402,0.007336706921310887,0.005845760769309871,0.007446352745660301,0.005151958197570361,0.004369369742580398,0.006945423402449136
152474,0.00802645854413897,0.008336939553710787,0.005821768852438902,0.004859332630368307,0.009598494903755805,0.00795750088551156,0.006707182958738622,0.0052844712349414125
152476,0.00748099658428153,0.004899239664965194,0.0046513954385487555,0.003780031419928831,0.00409796042433741,0.0038425061185078935,0.004474993941422589,0.0046388275219038655
152478,0.004110375315115322,0.005720855129463465,0.004276515455297281,0.0030833782283573724,0.003691483213859925,0.003672336687198921,0.003755651269083407,0.0026060241370942094
152480,0.0026614550018847632,0.004727665082583654,0.0023929449793212015,0.0014951398341180866,0.0016976371418826602,0.0017915101084154395,0.0015199074153327552,0.0016455345565078577
152482,0.0039063002915809,0.0039936105477957895,0.003263772370981022,0.0021637751066241884,0.002861448899332389,0.003179640366989825,0.002710302619968241,0.0018397193246366683
152484,0.0027637392774341324,0.0024079523428350985,0.002032976508106313,0.0016136782031313107,0.002172356803661471,0.0016698873595320102,0.0013761967756744653,0.0015300916790614988
152486,0.0042965426140482155,0.004489868854360646,0.003427197401734708,0.002164804900945408,0.0033351418493341445,0.003460069584738046,0.0030067864331420058,0.002580852653101387
152488,0.005400233851107439,0.007652553766149595,0.006697089448607585,0.0046425529609211424,0.006740603946140178,0.0064758375061870765,0.005744149391887277,0.003850487266605862
152490,0.004204885067338182,0.0033702725551369023,0.004312814878698612,0.0023838547464363757,0.0029202845412079625,0.0021964736065351875,0.0019043643159094709,0.002335468942188515
152492,0.006499861632619286,0.010779737980061432,0.00636635669111657,0.004202359624534191,0.0061067221239883285,0.005542392199608948,0.005888684039646819,0.007364914573058323
152494,0.004691361631722124,0.007865676503511276,0.010538254205107178,0.004378620685934254,0.004807127151078783,0.004860399478756661,0.003970276961858199,0.004529002092487966
152496,0.0030358771444097266,0.0033185229646959247,0.0033562962536087954,0.0021869791272912664,0.0021076573685250427,0.0018066278208161979,0.0017179605504305528,0.001855934082321875
152498,0.002280814285338606,0.002166610318232509,0.0013918120941791706,0.0014336040409324569,0.0016627061299291507,0.0015228797764846314,0.0015346826714051631,0.0009782869058189286
152500,0.003552370850201436,0.005362725411783897,0.00303947763320217,0.0021439768064852732,0.0031207838679989663,0.0027111525348434556,0.002432768987440395,0.0020441068088530856
152502,0.010243846794427691,0.011917115522530664,0.008918171659490215,0.00595836577560066,0.008599378100276889,0.01238005357859695,0.006473559350056668,0.010901967783863376
152504,0.004155120659045386,0.003578938290104361,0.0023284267672920578,0.0018499322138315066,0.0025925662633378282,0.0024700003292688066,0.0022480677155496537,0.001687724784922795
152506,0.0029432247909775416,0.0026326185225720167,0.0027241462868700245,0.0021064846408249682,0.0025940205658712134,0.0024905824856363973,0.002121772715979034,0.0015968361893771293
152508,0.003557686107980698,0.004257811653772203,0.0029093485833621285,0.0022622447829265813,0.0029965035469595863,0.0029766328383563773,0.0026637713359589643,0.0021822928514421275
152510,0.0037555690821311632,0.004952313856672108,0.0038367887431667302,0.0025723198856997392,0.0037640600890512937,0.0023913649176499213,0.0020829309784277245,0.001956377520354727
152512,0.0032517079221252576,0.0035528029412923573,0.002534804690519421,0.0018144777119771943,0.001854071610129182,0.0026235055513784827,0.0016689558344499394,0.0016808944005861637
152514,0.002494611368725197,0.002917339666179908,0.002280393720912821,0.0016326077967088182,0.0022657810286676044,0.0023267563838709343,0.0021276134284500814,0.0018374344703895318
152516,0.0025148487130856184,0.002716893236577436,0.002049614711065184,0.0014018430124487224,0.0019544432323353456,0.0015660051396838015,0.0013020166127298283,0.0014945277015321473
152518,0.00529021066447144,0.004494788686329798,0.00421355598213774,0.0037338745014486308,0.003858260105094047,0.0041849437559362546,0.002854875801819659,0.0037779694417052756
152520,0.005334541370980939,0.00727883805853069,0.004600968038682096,0.0030683554709618616,0.0058519146439197645,0.0052235837683656805,0.0036769086817989294,0.0030422172070503906
152522,0.006590149869012407,0.007544187371331612,0.00548473027443408,0.004241796921574059,0.005731160051390738,0.006371628421678821,0.005018762841196234,0.007107672768459139
152524,0.0033180894840403874,0.00469343987044013,0.0021968692487068925,0.002165004233090295,0.002624390984440908,0.0028167148757808486,0.0021155431781827994,0.002207549302473258
152526,0.0045207085908751665,0.004880413897347113,0.004737180989565992,0.0025764559196317927,0.003558862531694018,0.0028461598650647013,0.0021762197116586557,0.00264300005338175
152528,0.006969215253620542,0.009760081871841353,0.004883998699497738,0.0038657980374390277,0.004739672511469506,0.005885297533716249,0.0029481213459075506,0.0037842340632213145
152530,0.009933725797036053,0.0076181361628507305,0.006577177684206126,0.00564640020359608,0.0071169181692148364,0.004577895283879363,0.004155374243417553,0.00614180161235911
152532,0.00255636910522683,0.0025250117087832202,0.002222056184336907,0.0016161198718498415,0.0015923736828127866,0.0016775161382244358,0.0017272108251811247,0.0020250336886853404
152534,0.005918754735890985,0.006127054170779189,0.005801875322225536,0.0036021396656256283,0.005440690797970993,0.0053786046001536025,0.00529136391029561,0.003300903176320494
152536,0.004893574682598489,0.005534452096633835,0.0037519213441883914,0.003171011388419187,0.002923774747452479,0.0029676147281787607,0.0026534787715191133,0.00335331170493737
152538,0.0023655627431379417,0.0026383734823248184,0.002714678523919059,0.0016514900201226035,0.0020405696874312845,0.0018748360455198565,0.0015686034639696006,0.0012068430778973266
152540,0.005002681360013528,0.006767512580310664,0.005501253129157002,0.0032569013589143353,0.005037060115606673,0.0049251506728345,0.0025965917287762985,0.0035368707346387224
152542,0.0066071470338882055,0.005594741228716282,0.00505100745793291,0.0034846394318521906,0.005401092389496265,0.003457338444916705,0.002584069812799905,0.003447517807281253
152544,0.003593333615371286,0.0038068772960864194,0.0024513233098408943,0.0022475604624018347,0.0027813524093017877,0.0026910560993136934,0.0018879188278259212,0.002326205831488029
152546,0.002776306301325429,0.0027034027272110905,0.002820389945746238,0.001730509488893972,0.0020270924889657232,0.0022688614946933527,0.0020586699333474123,0.0014965639231495076
152548,0.002745391506151995,0.00305398697943661,0.0017073756359192865,0.0016367817370701587,0.0017632684110924363,0.0014962252731737374,0.001316479161703757,0.0014100849288505857
152550,0.005561969523392385,0.006984269265758236,0.004170999951249643,0.0025625074337987247,0.005166125726541404,0.004946259843052525,0.0034102938762986673,0.003105369961409879
152552,0.004872426494237969,0.005263480698546097,0.003672813942168729,0.0028763856794269405,0.0030947141350550766,0.004639517681118088,0.0035785023840989028,0.004146091763801429
152554,0.006905656811271366,0.009415913787869323,0.005653678429516029,0.006624169728264795,0.007183169389162691,0.008286074614118066,0.005973197974562305,0.0050573763652264625
152556,0.0034262461724665627,0.004176748216892179,0.0028356057325014256,0.00256416417699136,0.0032821977654757944,0.0030699417130009565,0.0029688779501575585,0.0025501553623813594
152558,0.004561275860063496,0.008165506030719749,0.004601506785406606,0.002292083591890537,0.0045277947821633635,0.004921455668601915,0.0032893543417192306,0.002881679872247536
152560,0.0030643576329095895,0.0031373897317978905,0.004155773846616084,0.001698459645580519,0.0022127315117126956,0.0023995390527640353,0.0015976839346889538,0.0015785002317898617
152562,0.005301967950907205,0.004703471080380661,0.0035966983500890226,0.003626326738444874,0.003430990546604909,0.0022009356358134724,0.0020066893968740396,0.0029472722750004815
152564,0.002709163531861361,0.003366738362410082,0.0020754225754627265,0.0013813738173969053,0.0018329092120752954,0.001926052466457287,0.0017004438071466788,0.0015254848658279863
152566,0.005343110125147155,0.004303573143393857,0.004071816677304663,0.0028194862837796486,0.00391472030898421,0.004790104589001365,0.003229478280445619,0.0021183380498640686
152568,0.004248986509854058,0.0037336732743833423,0.0034233069628769736,0.003076396570985074,0.0037874801999748936,0.002939142522946414,0.0025918129030200326,0.0026347738883440025
152570,0.0037159002333786995,0.004016006740057643,0.005660391811418641,0.00264488338988228,0.0017343042982581741,0.0028538989670029574,0.0026998697469976657,0.003116620985478394
152572,0.008910577172916379,0.013432589500142422,0.007916713240575801,0.0063456097028638525,0.012298092750459233,0.00802924760671836,0.005002116456777339,0.004903462640015732
152574,0.0042787843048694985,0.004030172617680572,0.004162691176972599,0.0024081874336348563,0.0031682542522427776,0.0031998459551731,0.0029580020351672176,0.0019633724502379213
152576,0.023653806169759983,0.023827716912912855,0.019083592198937405,0.010444033181427281,0.018322794199408188,0.02351509233214011,0.01302775340539264,0.012221790391972798
152578,0.004440049159278259,0.006257341261102722,0.0043769702324163995,0.0023934596323339635,0.0034388727994710266,0.003633057163011044,0.002561936826354305,0.00217470214091299
152580,0.002733063379843373,0.0024465894892782836,0.002326907329974884,0.0020293070589098156,0.0022471101289198714,0.002219064877281518,0.0022187335700616373,0.0020949673025111443
152582,0.006400569546972434,0.005577868126750651,0.003947700792261921,0.004442843674077823,0.005109717191370544,0.003513474106736983,0.0039033071094905086,0.004263581464049315
152584,0.0037083670399458285,0.0035190762055162944,0.002423773548877739,0.0016985176796796703,0.002706672490188078,0.002163699207549122,0.0022653568879771463,0.0023289926840087127
152586,0.009379202430611855,0.01194858350406719,0.007220472771053643,0.005968725771904326,0.008080010418063444,0.008682543092547457,0.0057043250924815325,0.0049542382881249125
152588,0.005937780713351215,0.00442990434557089,0.0036084474887311396,0.003366398575699814,0.004427556111309627,0.004860254039755818,0.0029720493664810027,0.0025391454819004983
152590,0.002694659114554479,0.003116725387635244,0.0022817188792920717,0.0014488756972591,0.0017872433756418449,0.001668934832468827,0.0016887457301267977,0.0021555348485052944
152592,0.003443873374559661,0.002276889458844314,0.0022162670919146366,0.0017705909653751295,0.0022879530637038986,0.0025206721726914183,0.0019017186279424309,0.0014660548883049934
152594,0.004468546845775245,0.004832278914139787,0.0032700588030118993,0.0027476550298699692,0.0034145243296163225,0.004392807281488553,0.0034747682102914818,0.0032654854010841228
152596,0.0023004898299773396,0.002716139107842866,0.0023203945101408913,0.001571849007225845,0.0017322344226224917,0.0014398164157825022,0.0016120755804610726,0.0012968921446199766
152598,0.004183798634210811,0.005089929566938489,0.00374931090628651,0.0030030885914956174,0.0032129679992609628,0.002729035417883774,0.0022589542149665937,0.0026623914099821594
152600,0.004371663087950006,0.006310985495316723,0.005285667189077137,0.002269037168784252,0.0027730622158790436,0.003954393138519363,0.0023981775527206484,0.0022150599651382663
152602,0.013932863597511336,0.024488872327081745,0.015137997765797329,0.009496982295193135,0.01592976631060261,0.013899455818007722,0.011538265129244829,0.012039769859488791
152604,0.005542122630742219,0.00415424950199772,0.0047867348345254634,0.0037172170000455834,0.005115367343991262,0.0048941772067073175,0.003386924529039881,0.002352217978437446
152606,0.003138829668063947,0.002827856624719516,0.0021079248604367745,0.0015354031076047492,0.0019876781242200853,0.0016220555231100248,0.0014502914887779689,0.0015789777386881476
152608,0.007027366296213922,0.007762380842466554,0.006264423906632288,0.004418255571059737,0.00739476775081066,0.005930182953229668,0.004860101331146893,0.005548392080068576
152610,0.00304286407113441,0.0030544827352531195,0.002676968815162939,0.001862134071771493,0.0026968757074620348,0.002311760651644512,0.001967769335054284,0.0019708247110818977
152612,0.008435254629902966,0.007575669719950051,0.004567172149438969,0.005023535496804732,0.007687801487112067,0.005734043796369548,0.0058119200713555585,0.006378352953114508
152614,0.0103155074253094,0.009230614332500275,0.009667755655017096,0.005218793418898748,0.011046742619313987,0.01191146668613663,0.005913194867222027,0.005141927377323663
152616,0.005223189604065814,0.004128320978962263,0.003844491389957183,0.0029249750124474977,0.0028579439265166706,0.00495776301167794,0.0047458174390349606,0.002375441210759624
152618,0.006075738009613474,0.005567273948955176,0.004180936515418843,0.003956267448781914,0.003997390400302392,0.004977395317251665,0.003980299722318448,0.003696243764395049
152620,0.00566617366553146,0.0065197821602352435,0.005035248662934644,0.0038779362020902597,0.004415762885617847,0.004032365697498541,0.0028850548946527527,0.003603894565226265
152622,0.006753796231437015,0.006040105607907409,0.005988768160582192,0.005311814755764532,0.007122158681396373,0.009305356604741633,0.006812787312173774,0.005938116003792404
152624,0.0030427646123354912,0.0031722823481825785,0.003117170884216494,0.0018314594253434624,0.0022011537526234193,0.0022897517119868788,0.0015201063926030406,0.0018059495499512246
152626,0.006017223770492741,0.008762949944032039,0.007058457105885374,0.004963521705827978,0.006977121719210777,0.006775463276425031,0.0048154124395980435,0.005575626981164428
152628,0.011074300778673773,0.007817272274659226,0.008959887732086502,0.0077967855511682504,0.005598909408535635,0.005189181802868481,0.006233433526372567,0.006022227521662593
152630,0.003662936983631418,0.0038415801726099513,0.0028655087758303055,0.0018770452531784998,0.0028760911897690727,0.002105829163625575,0.0020915479360184563,0.0018906660206723935
152632,0.007614115231617868,0.004786786382424746,0.005695105841820036,0.0037621158046891173,0.004797240871746489,0.004677058174216209,0.003719569501045919,0.004232502697822105
152634,0.002795066906341473,0.002519710914589135,0.0021371660112904506,0.0016489618617771123,0.0023709503264832676,0.002186016876379926,0.001810813939266978,0.001967921700519959
152636,0.008508805571807498,0.015702156370353215,0.010329313107202476,0.006210793979116724,0.010921019916454944,0.008782507677327411,0.006729762841648557,0.008859687233295555
152638,0.003134495416429753,0.003289325284543454,0.0022639861496035613,0.0017880860444796781,0.0019599900253491342,0.002407114445346706,0.0018923526322750656,0.0015781903202088388
152640,0.007678914389865954,0.007103544000779449,0.004562010549218565,0.0029962886153245827,0.006729333779516233,0.005043662565408502,0.00432105168058744,0.0038062548876532376
152642,0.005591177378883039,0.007312741304723647,0.005445665475783734,0.0034920555586582247,0.00518170276443547,0.004753111749139727,0.003499937963214253,0.0025386889743522906
152644,0.0025938684008509766,0.0027111595178086617,0.0021509425266827975,0.0017812773009480282,0.001874774105775856,0.002127094180915959,0.0016615102566280293,0.0015304842736372226
152646,0.0042767259417895165,0.0057047899085632126,0.004146107115624353,0.0031406027041293166,0.005701449956320437,0.0033692613609682814,0.0031747339341317016,0.0031791925288988804
152648,0.007697776198936579,0.017021446946652086,0.0100160508138325,0.005273700751408372,0.008115154159332727,0.007002687206295377,0.006432291224033548,0.009559718452092414
152650,0.004565444243869676,0.0056143392518246404,0.0035646915176407307,0.002302332365542503,0.0026859091995046352,0.0031704248774941934,0.002800477378195332,0.0025074860531494464
152652,0.004067251002087602,0.006344632825804553,0.0033706004256773975,0.0021112031850058083,0.0026302844427189692,0.0035137011081859543,0.002865205670833648,0.003050975016361035
152654,0.0032795748864751367,0.0016728699862696012,0.0016907517834169467,0.0012816828573805616,0.0014112344889310457,0.0016749382467660112,0.00118901849928911,0.0011881628793342092
152656,0.003335670679681671,0.0034199790390927604,0.0031221375591441447,0.0018935565646961555,0.002315654096705977,0.002651671410707268,0.0021233726441940437,0.002416457634991931
152658,0.007990107625303944,0.011840409002061847,0.007762434669716933,0.004234627966258009,0.006490213511561871,0.009506596540092505,0.00642299673352742,0.0057686804123948665
152660,0.004540685407432632,0.006423821974837429,0.004827269815239399,0.0030207389171741372,0.003639275573952397,0.0031802306708152983,0.003461449366966518,0.0033000120117343684
152662,0.004007532202508435,0.004106145175006626,0.002744593618776714,0.0023980071643499162,0.0031877897161971536,0.002872166767083295,0.002160333608456577,0.001948420822241781
152664,0.0020654822361782094,0.0017850206285339315,0.0016659274359010073,0.001175277923849194,0.0012257774900837348,0.0014025455182787305,0.0011415203993885847,0.00097464363845454
152666,0.005038387452034387,0.004161691373896714,0.004044103785091124,0.0030736631264197123,0.0037682972964692696,0.0038723696262066287,0.0030622541421090332,0.0024086517991017686
152668,0.0045810253172531845,0.003592741420670509,0.0029896091891462723,0.002589311591591051,0.002699578242824574,0.0029363217858287133,0.002343108130986815,0.0020849400676051233
152670,0.0038423292334383158,0.003046340395997049,0.003245909045971898,0.0024038994721299473,0.0024253804243104526,0.0032552509448292716,0.0022035299681990583,0.0021922023832448567
152672,0.0028246003699045202,0.0022394134120201775,0.0017938773139430375,0.0016894910466223184,0.001827554618739638,0.0018418914430499284,0.001599210860304956,0.0014923276523726714
152674,0.0076347747374062025,0.0075297592344567565,0.005406948476797346,0.003832158963060564,0.004638780836516754,0.004168997508302574,0.004427609653634201,0.004920567150614952
152676,0.006914634858403768,0.009531816522001302,0.005078003212194426,0.003409148797314368,0.004207911960322441,0.0055412207875003006,0.003111198638725346,0.002869909591224351
152678,0.00715119238865608,0.0051879356374371355,0.0040115932761813355,0.004279600185211285,0.004698932676887646,0.00460965550836101,0.007102323311146075,0.006535223493868758
152680,0.00277109220112072,0.0025072883212730185,0.0022862488142774695,0.0015686736949158814,0.002015846760706985,0.002029219795399509,0.0015413420415700957,0.0012267428363977317
152682,0.003736712289226285,0.0036772547570378955,0.00301646982181715,0.0034118012185903185,0.0026536361292995303,0.0023113515714623944,0.002538476502105938,0.002021067941491206
152684,0.003743520631283026,0.0037735148889833092,0.00249216895093253,0.0024434742075377103,0.003882146949610657,0.0036786229527923653,0.0022178369886761834,0.001414652912168357
152686,0.003297647712992513,0.0036252078506704977,0.002152591091739764,0.0017120379826322113,0.0020263954852307725,0.0017548640935274307,0.0018599522957851722,0.0016387343753996308
152688,0.0033823129911698807,0.004389007730207839,0.0028388012346086816,0.0023760385973430886,0.0024605352476530507,0.0024898206709755843,0.0019422205401520287,0.0020917714678985733
152690,0.006371973366166239,0.006702166971230883,0.007598626630774208,0.003314000280143517,0.004171155855974773,0.004929781317331072,0.005388060689699492,0.00432553416231074
152692,0.0032253078151961573,0.0024566414479881282,0.002434090645804368,0.002028554976186092,0.002485548638988755,0.002795448608683415,0.0018946009959446841,0.0018391604392881261
152694,0.006795058263898979,0.007203344898987718,0.005655605737491465,0.004797402910612425,0.004992721190292038,0.005754981682584204,0.003473249655142077,0.003992088939207328
152696,0.006941175679991085,0.008020190596305321,0.004568933620374915,0.0038777914446189166,0.007567696737485419,0.008344526501290694,0.00440154319521846,0.0031640212611707685
152698,0.004052362658936437,0.006257268179938935,0.0035776386733241683,0.0022920543424334028,0.003666413091132137,0.003177988647795185,0.0025825713522460575,0.00299900009178046
152700,0.003296523417200048,0.002942774523672101,0.003011201579710146,0.002075728408342928,0.0023461003191296848,0.0027894483827006766,0.0021335853720608894,0.002194657532030908
152702,0.0029341129861335663,0.0035184640872501505,0.0019478295489885888,0.0021610989957770443,0.002179280092369007,0.002081346022517208,0.0028413654451948794,0.002164130706319378
152704,0.002393755983853829,0.0028177478144684326,0.0023628536844033793,0.0016326580715682187,0.0014537838519417812,0.001987691411126105,0.00165195027874937,0.0015770113359626081
152706,0.010006343237825066,0.013592627152381243,0.009524068294529064,0.007811500094022428,0.011428347344146994,0.010683980589967723,0.005384968971896775,0.006092297183522055
152708,0.004955630194365901,0.006381011858041186,0.0061419978041152845,0.0030705068823712184,0.0050226948380350245,0.0044763945817987705,0.003872995562072268,0.00403908772774747
152710,0.005568344700171368,0.009230947908856424,0.005170329312324862,0.0033267236519699678,0.0038202350050973166,0.005726822262014375,0.0033175530372853146,0.004408295974977827
152712,0.005916044962085643,0.005766976091990728,0.004259694291197713,0.00354331054679613,0.0033630824491882733,0.0023457860027492755,0.0025571157899345054,0.002620350503239624
152714,0.005199360661361452,0.004967112741436852,0.004056260365068953,0.0032438243299742903,0.0030617458003534687,0.0029267518889236066,0.0029132331705385983,0.0024323662396828066
152716,0.002078827721464782,0.0030765742704021992,0.0018119301253527592,0.0014651164804885403,0.0018947316917151819,0.001840329434200108,0.001388941705367533,0.0011856589250822808
152718,0.003908951302315167,0.005343280045431664,0.003204511512591837,0.0017621000745018378,0.0024467077882451976,0.0023532848066372264,0.0018530983880729601,0.0016789778538282008
152720,0.028226237318506264,0.04556289347812381,0.023638861620852936,0.014796314189578164,0.02948837187653286,0.027356272211926047,0.021560398873667674,0.02582918632101916
152722,0.004283329660527357,0.004551600598386385,0.0034762936866373217,0.0024319447866292254,0.003485694625485536,0.003068693900904265,0.003442104553879069,0.00298330020258164
152724,0.007241765701198943,0.01053709931808644,0.005039774202963976,0.004679113875988072,0.004238820923602171,0.004007732188650304,0.002943742600536814,0.004063879009917282
152726,0.00605818184443252,0.006677581537961663,0.005816766138941942,0.003720579696484594,0.005321115234738161,0.004776658431993042,0.004323816337871433,0.003949020079921317
152728,0.006621142948648517,0.0068836254072182634,0.004294380380302165,0.003923076591490826,0.006968235034888137,0.005431756383381059,0.004955738240479457,0.0051779867130063995
152730,0.014247830511138426,0.008218159989675178,0.011059678219908164,0.00989165694818489,0.01222978961502813,0.01219285525217334,0.009605191150641679,0.011432658369444404
152732,0.004668206597293667,0.004984850678493524,0.0034289030538586923,0.00240781377991639,0.0030882073693450224,0.0024535241997095114,0.0020587798017052267,0.0023964965549796435
152734,0.00327897585979188,0.003011194220481919,0.0026702112260003213,0.0018598260182202259,0.002052724517365656,0.002308764315549064,0.0017423414438866858,0.0017287005343230022
152736,0.005145244601500787,0.006543118551956051,0.005055667214278969,0.0027024901195287776,0.0038580328775544986,0.00641657814281249,0.003686625301632787,0.0033083997941654175
152738,0.002429215228661033,0.0036093516145736665,0.0033881313553363462,0.0015578234241795386,0.0019938819530847113,0.0024399115313856884,0.0015543902978565477,0.001571294904757714
152740,0.006890086662464379,0.006178170330564614,0.0050817788202831005,0.0038433065396999005,0.00407453847854905,0.004128816942379709,0.0033910866670725515,0.003824669120378099
152742,0.002826991777612489,0.003110979632248212,0.002310454372627793,0.0016318564754849163,0.0021395877415466558,0.002063679865464532,0.0017214179146629593,0.0017770391103921895
152744,0.004484169375346347,0.006569760910161371,0.006738304144821905,0.0031220051741836508,0.0034411014331819367,0.004883629017742808,0.003380254656657977,0.003087692323822458
152746,0.004101438136518143,0.00424355564784934,0.0031615046926516954,0.0023135664816900103,0.00252725104475765,0.0030051304140399915,0.0022403464349630836,0.0020183467157351004
152748,0.005165151133049939,0.006847193826571507,0.006287928923436381,0.004210875156132554,0.003692649407639692,0.0055766517987124176,0.0028579447231289468,0.0024412218757709075
152750,0.007482388598905099,0.014570375376909084,0.00784447838361424,0.004936898359087005,0.007250741325756316,0.007028660480605575,0.005060400139882626,0.0051718166168888136
152752,0.005246609978257988,0.0064239688757370406,0.004934167110648424,0.0036185133876784903,0.004150606423892533,0.0036887834760569588,0.00353573871004903,0.004247984165678398
152754,0.004089147293024675,0.004477249030193642,0.0033238373334988497,0.0033616515698892263,0.0032095409290018445,0.003705527338766626,0.0026109055046783514,0.0022057702944389135
152756,0.003249808650318889,0.002864250994880857,0.0020775105619839085,0.0018197225455738458,0.0018793381238894208,0.00193840171772508,0.001524921831389539,0.0016028094334996773
152758,0.002417825778880736,0.004506725914989185,0.0025114169381366264,0.0013986627370839028,0.002271988444964068,0.0020828055062654394,0.0013327585487401539,0.001970358035133582
152760,0.004398249781216501,0.005121542075504915,0.00388495832510799,0.0031559479920284517,0.0028937359520398026,0.0037386841662036124,0.003131260972268471,0.00351058908928005
152762,0.002818615597661736,0.004376062319872753,0.0028325555730464164,0.0019049174124963764,0.002284890644208684,0.001749695568129761,0.0015422556833621925,0.001988479736290627
152764,0.0031765107818024774,0.003977696987377044,0.0023079080650832,0.00210846947442557,0.0030364958265656355,0.0022233210737217096,0.001926611646679413,0.0017522844919091174
152766,0.003509982123731048,0.0036902909530583394,0.0024975606047157456,0.0020329318288894727,0.00238516487160835,0.0030167378562300784,0.002337585505283679,0.002409004307972973
152768,0.0037254835685927162,0.004454252296818062,0.004548395213213929,0.001956767722636768,0.0031397063127541203,0.0030791709200639894,0.0025412990538653535,0.003171642011103884
152770,0.005022136197937677,0.007619054415659632,0.004442473206328401,0.0025889855544665302,0.004180506800335104,0.005652554691649991,0.003739448641862722,0.003687115699238089
152772,0.004365387372035068,0.004354816910739301,0.0031926733864551388,0.0019086445333483248,0.0032037173773924454,0.0032922350574074444,0.0020541496200611326,0.0016286809248475809
152774,0.0017066928685228883,0.0021417605062119677,0.002093852659279527,0.0014388929450027815,0.0011938384191047119,0.0012919400628028654,0.0011701910669490584,0.001031082604964484
152776,0.007049527515051113,0.008586986198853064,0.005810612604086052,0.004537633429366805,0.005358321055489945,0.00527628843215755,0.00504679021378629,0.005104030771502233
152778,0.0034425583009256716,0.007354844878638966,0.004511593917128076,0.0027534447837505027,0.0032512924222838913,0.003084035246178077,0.0025357316800173196,0.0023796179520064187
152780,0.00510245212707533,0.005775801444806383,0.0035329070056040607,0.002546969919038633,0.0040038654170251875,0.00544800353475261,0.0035334632465473664,0.0028969512003746006
152782,0.0026845409220450783,0.002504040292797216,0.0018635242223902365,0.0014488331576247848,0.0014170815886078852,0.0016895115650550907,0.0012822558687176078,0.0012964934618422408
152784,0.00638748290424479,0.004701321144784887,0.005570291885446332,0.0028583502131876437,0.0037303952209089553,0.004238546373221352,0.004105028071067274,0.003445073248536948
152786,0.002416352155638679,0.002251336207060639,0.001985993372329631,0.0017767080867637924,0.0017687643095456451,0.0018801314774369443,0.0017409133256146708,0.0016676819534289372
152788,0.003846112135787172,0.0039452584916400135,0.002817663970117304,0.002191919131600495,0.0029832623565657773,0.0027420395198211184,0.002318102436055583,0.002086820107466761
152790,0.0027195078678015627,0.003763970496505356,0.0035718200352579665,0.0019234966407122855,0.0021219580447263825,0.002256268700250988,0.0019668807091393625,0.001720599759631583
152792,0.004288111613842682,0.005276200758809468,0.005093560716545875,0.0021095370123969254,0.002963386596560591,0.0043191251727146,0.0035906079594418827,0.003604415661273619
152794,0.00645281662252023,0.006969740221439091,0.005379289830036937,0.004191162727296638,0.006379978699350142,0.005158064000298168,0.0035177172424960546,0.004116472684424777
152796,0.00634143802538123,0.00901142493238588,0.006211363546838877,0.0036346547254202527,0.007647453876480859,0.007283112827028759,0.004785899797226156,0.0029814557938297043
152798,0.009495810442388175,0.008617201838508004,0.010476345385655783,0.006570938567578788,0.011079101302802707,0.010950583593125673,0.010310021932201041,0.008454073466887202
152800,0.004421259215483586,0.006944529298538227,0.004832324491567397,0.002838393561128749,0.0040492101901690725,0.00444753892755273,0.0031766766518804973,0.0033669934298586335
152802,0.0043514043957202375,0.004819443966511905,0.002967879365537565,0.0020555208321888646,0.0027318505904514595,0.003423385865986006,0.002951566615948309,0.0031410423876492843
152804,0.004195604367401851,0.0035176050016754723,0.0028542703356073673,0.0021666907768447263,0.0026996254708520073,0.0021679921942594493,0.0020294591032774534,0.001785402795959637
152806,0.008340153548607232,0.0051167305390444895,0.005788293660580701,0.004102648287285737,0.00392596763548797,0.005552803900768011,0.00413388647673707,0.002557392716366916
152808,0.003585527356109175,0.005560748263018722,0.004261998559841551,0.002230358817836786,0.003300696853739696,0.003540576003158505,0.003527207175453864,0.002279530653470696
152810,0.0017478108867045178,0.0020124638673514467,0.0012891901458660926,0.0011398148228778382,0.0011813136416414238,0.0012676657789732065,0.0012642593167636745,0.0013382239581273409
152812,0.0022482687251432765,0.002377759635665777,0.0020781181424845002,0.0012587947190449006,0.0015164211833919167,0.001675872964696637,0.0013406799889195131,0.001301040358815675
152814,0.0024912321092509515,0.0032765086516267777,0.00232989814993112,0.0017892169502895516,0.0018038161390832586,0.0022383755377820697,0.0015452656220472094,0.0012597013138639923
152816,0.005042726047183033,0.006732782554559391,0.004749107041157663,0.0029409463235231664,0.004343839894672075,0.005830315151379217,0.004315729610326002,0.002410431062125143
152818,0.0031102171176629195,0.004241121481227739,0.002001082199083959,0.0016929297747859118,0.0024485058422538813,0.0023088470136976014,0.0016543152623643836,0.0021050069695021656
152820,0.003381580739769255,0.004233076622848719,0.0025399947852201704,0.001977933538001589,0.0030127721629469306,0.0026281584153133863,0.0025268360560871117,0.001897984321415136
152822,0.005066778146314788,0.0038545526436496585,0.003894010382614624,0.0026746062902569534,0.0030495594914948243,0.0032785185201284067,0.0026103337208774335,0.0020879158552449817
152824,0.007018379001369424,0.0060123295529273535,0.005643646050490503,0.004026179679787134,0.00643571204481419,0.008517434312338923,0.004970390957162785,0.003045590779248833
152826,0.004662817255704832,0.007056141252270942,0.0034386766268835883,0.0021935812288843004,0.002486844428075452,0.0030893146141981603,0.002396251093999116,0.0022854056541233986
152828,0.0030001357108331295,0.0045064248155632924,0.003229197568824796,0.0023308228560832284,0.0029855225507304795,0.0030495784178583563,0.002293181651617182,0.0026225512066000434
152830,0.0023453194387328957,0.0018766046631613215,0.0018050181642061958,0.001120888182783164,0.001553231690685719,0.001565823523381804,0.001198635586631705,0.0011558443392467727
152832,0.002899213366885381,0.00395055781035053,0.004606694720328319,0.0021742115717888894,0.0029948185591539694,0.0026533885807484975,0.0026118836209127055,0.0023267588995992128
152834,0.0035448021980331174,0.004704514548486083,0.004180604110561037,0.0023944457191780177,0.0033137412234377633,0.003009179765587469,0.0023363648620936678,0.0026413942307155353
152836,0.002467520398544157,0.002042641755878316,0.0016612621447975734,0.0011886683539883425,0.0019268052531307284,0.001729235251790584,0.0012560702912701865,0.0010775454741302065
152838,0.003970381183123983,0.003432023182677893,0.003318863331231006,0.002404224599071428,0.002536682104563648,0.0025445166539563857,0.0023775692664651515,0.0021114325577083065
152840,0.006660858795595692,0.007573900753303997,0.006488577380508398,0.0038585461158669454,0.006103207128295429,0.004139792240999363,0.002883631591375002,0.004489807947627933
152842,0.006654375890625952,0.006170194343244673,0.005358159622264935,0.0029859984687106295,0.005163451704816302,0.00562768297590055,0.0035906767132743433,0.004795983873384424
152844,0.003044259542584263,0.003857923662625287,0.003570868531522234,0.001955606128504428,0.0018813063098772759,0.0019093528897511924,0.001495968212992263,0.0017132290793831495
152846,0.0028037445566300168,0.002940651779428427,0.0019867132813979893,0.0014821679467291876,0.0019030028895101886,0.0015747797529448576,0.001798518461328058,0.0017257517808522277
152848,0.002161245854816196,0.0019380592707562982,0.0022685978188736883,0.0014222739228486742,0.0013093059738201185,0.0012666324873189666,0.0011036360083399727,0.0014520520506364765
152850,0.008087735524620554,0.006065451467315519,0.0035083098189310352,0.003552720340141771,0.0054241582459033655,0.006753485186737018,0.004131795264137816,0.003035272891971419
152852,0.0028649245154003383,0.0029923473944620943,0.0032583969560937565,0.0022218696954127287,0.0017553210567067268,0.001801075893204454,0.0012599692038263305,0.0014917814184445266
152854,0.005019465926286382,0.004124906533945705,0.0038228423734866374,0.003509732289885825,0.0047354786383415615,0.004458738649131044,0.0038724391721381424,0.0034525483019357678
152856,0.00389434002579514,0.004442423546946239,0.0035619829738248315,0.002231614100958193,0.0027613035240379308,0.0024452614940729256,0.002554725050377696,0.0023671980583678393
152858,0.0060959695893467725,0.0033488597914294177,0.003778170942983161,0.0029150495197569626,0.00465776763852177,0.004383858054113399,0.0032812690115664594,0.0035706579444119146
152860,0.004907888908922742,0.005840335511075934,0.004969096767809766,0.003928000498470974,0.005536250319648994,0.004802648461108783,0.0053574517444712755,0.006366359069027772
152862,0.005631938330768804,0.007455644657332394,0.0037429804582298637,0.0033342697366021273,0.00547619642100039,0.005502371674293072,0.00501765658479153,0.0039008646219946957
152864,0.006775005776411769,0.010909930610446317,0.007575385685725744,0.005829257044906777,0.008040480854881127,0.006434525053238327,0.005215549418427168,0.005243948655845543
152866,0.0034347792395533205,0.0027150675086901194,0.00323228691485955,0.002017810522082622,0.002369211446038799,0.0026145489554035978,0.0021984343573722698,0.0023899849771907983
152868,0.01158593614655623,0.01772542971561486,0.009495926607963112,0.006926744878804847,0.01090279552099066,0.012894930750920963,0.009426739785643401,0.008827706342358965
152870,0.0056780594977504095,0.006200425369269846,0.004248269705172447,0.003420018253494486,0.005081877610298102,0.004933987077894386,0.0031906041560482296,0.004169137019018054
152872,0.00590121983366082,0.00510345911008786,0.003801967904213513,0.002769421650131512,0.00406455063646427,0.004967697720204001,0.003823964630858004,0.0020688009385239625
152874,0.005490688933505794,0.0061457961333530875,0.004884893283097436,0.0035847430930525115,0.006272918455696441,0.004855087173575079,0.004709752032373837,0.002868709904624789
152876,0.00439024082432149,0.004335966999476304,0.0041410463925473096,0.0031003494399053366,0.004220910385934806,0.003357626263827962,0.0026658820951939166,0.0023367012365099887
152878,0.008099043123373173,0.008465494387301986,0.009670180635093006,0.006213795953577739,0.007816560845583576,0.009277578912177342,0.0066511137471848,0.006531489703047788
152880,0.004885423406793876,0.008476293302252247,0.0041560159232827965,0.002465113847399794,0.003955295563475625,0.004411006255568284,0.00301488927480964,0.0025233208817482394
152882,0.003121904846570614,0.004236882768723582,0.0028188244551303893,0.002203099455034066,0.002289041222070465,0.002274006058102851,0.0016940672879537377,0.001832826278759525
152884,0.0035491347774546794,0.003250696409054857,0.0033909612798189853,0.0021031559966911417,0.0026074578598940384,0.0028471369648317424,0.0028797735939898317,0.001954553247923707
152886,0.004075489706645341,0.005138150849093803,0.0033932450794998403,0.0023002093145874647,0.0034319830265544665,0.0024693793967735106,0.0025711924187317298,0.002660813911044682
152888,0.0047877555345899325,0.004201503812617524,0.0036378248398272334,0.002626700682892849,0.0037774808234214557,0.0031880879736763262,0.0021077829028968154,0.0031150131635793304
152890,0.004275578073734465,0.005722054393952958,0.003973108322811392,0.0024450706520298127,0.003479412884401803,0.0037974106093457416,0.002155524471109685,0.0018216834391300424
152892,0.0027095133386901976,0.0038742304268308964,0.0031010057739045416,0.001783722698071602,0.0029692705292072574,0.0031375887989577717,0.0019491842169966495,0.0019449100150235044
152894,0.0026994744974607188,0.0021591608548621327,0.001839463038482203,0.0014881856228022988,0.0018015388336284494,0.0016708910184559805,0.0013790030626046335,0.001316599462096113
152896,0.007352787556148821,0.0077550961932826845,0.005357607713527779,0.004126585341597044,0.00624387560785028,0.007575931710576356,0.004733585901011361,0.003469795717768301
152898,0.0041294489080395125,0.0043245757447074595,0.0037716244444350316,0.0021748845550186857,0.0027744925037165857,0.0032287767359491376,0.0022888116643505207,0.00260634059492304
152900,0.006917859360420275,0.007051478151219648,0.0039429245496949705,0.00328608407888821,0.004431994281808793,0.005337310493123193,0.0039003239154403874,0.0025248993936593522
152902,0.006814351880635228,0.005090850257156776,0.005232730183607481,0.003968732581828505,0.004904565628443491,0.00600318207439271,0.005276817734879702,0.004786199783723966
152904,0.008564505815233048,0.011648359989838097,0.008167459942967581,0.0048033238494014086,0.008100077086870494,0.008402623791539165,0.007875115299396163,0.0049167756486279135
152906,0.010211529516980511,0.015606252515504515,0.009995137150336009,0.006327323847412691,0.012226441321057158,0.007715244887547323,0.0073284321086488635,0.008442757467623574
152908,0.002119191996750605,0.0019998348881862388,0.0021365508918569504,0.001897781782056518,0.0016766846881944297,0.0016052930188872327,0.0012340989528175778,0.0015572762098498144
152910,0.005184239882383146,0.0053558082085993775,0.0039478496575511834,0.003218623683185984,0.004307099853776641,0.004204030930631042,0.004081981946886748,0.003956797959208169
152912,0.00571915450842031,0.005644242726648374,0.004008904849302164,0.0038011998202861635,0.005305502457384537,0.004618128389593024,0.003760606062962593,0.003601426021383594
152914,0.007475025280286263,0.01174938133090464,0.006859127430240086,0.004847735751156768,0.006924175464249949,0.005505980088703011,0.0046239336264131126,0.004964525385020624
152916,0.002524863078970388,0.0028631704968478666,0.0037823830912198236,0.0015878616044978783,0.0016885240654136574,0.001628053460959747,0.0012771185536682023,0.0013259550614286436
152918,0.0030559566522759263,0.0031416904863235673,0.0025844205387986485,0.0017471147867320624,0.0029842985287898,0.002572659232113486,0.0020092441169197728,0.0017590448373495798
152920,0.008026034018940642,0.009458089923999546,0.005498958920098274,0.0047896776328509305,0.007176844781785263,0.008309435062538173,0.005799527199179588,0.0045553351042043055
152922,0.003536960684088264,0.004217048524364275,0.004437708163952669,0.0019248869511232503,0.002774335919255147,0.0029212855572518515,0.0020870253468086575,0.001643560652719922
152924,0.0066091142199840025,0.008226734724861073,0.005058698956724117,0.004879956911454153,0.005963091846374058,0.004569985226297257,0.003281165729960081,0.0035729961211712485
152926,0.007524753430834474,0.005272353590513035,0.004932160768496507,0.003934768668793831,0.0053457910414513865,0.005831041090706757,0.005394857492901972,0.0033638187448360585
152928,0.002668396635211581,0.003306774512617641,0.0033999281839798418,0.0024097247641990394,0.002160683384032025,0.002364921746483839,0.002083341084537796,0.0019900758006859004
152930,0.0038383012358984697,0.004877709768281113,0.003885509576149873,0.0022635823821031686,0.004162138386391234,0.0033680881680014374,0.003105704613493035,0.002279666897694335
152932,0.003370009578155378,0.0038763556153984663,0.0022829127053092813,0.0016686816015925587,0.002042141737354855,0.002473135063246326,0.0016870618716247066,0.0017306207590095518
152934,0.01399296116315446,0.011136103117328988,0.009373377451515952,0.010014298599438087,0.011804122859225608,0.010229570865467663,0.009164864700441422,0.008584779772837836
152936,0.004462661829197856,0.005334076655572062,0.004719899951287021,0.003101049338353881,0.0046438607719370695,0.004393307032931004,0.0019734557990178647,0.0021994713172862057
152938,0.004551406574648809,0.004201229507604154,0.003553315445159813,0.003943443871584629,0.0033389117028198717,0.004247918123896577,0.003432975213488787,0.0037504465016807154
152940,0.004356671693229119,0.004365841254829805,0.003344131203954215,0.0025281099697899295,0.003055356170405199,0.002954329059193808,0.0026509735735452816,0.0024119936246771445
152942,0.00646193261391681,0.006944939089019775,0.00443799802471162,0.0028981014257811882,0.0033914489581483714,0.0031693900152174465,0.0038572434179963283,0.003294757787099256
152944,0.0046773639019593305,0.006167704951682618,0.0071036633124919035,0.002803477084414807,0.0049963375171879765,0.0035488582546518987,0.0033722248744161853,0.003986971645937365
152946,0.004118479687768906,0.004318532713458778,0.0029539042641646973,0.002105366595577751,0.002646134210033735,0.0026205381506988618,0.0026115317977944003,0.0024962147508142962
152948,0.0055907428407275805,0.005334784075833321,0.0034708262756916325,0.0029145455025275796,0.0052608096962072914,0.004904201430279365,0.002567739389603363,0.0026587443452169707
152950,0.0046255570301225735,0.00595577574511591,0.004236714971357414,0.0028298471073471415,0.003503003366242874,0.004757091423159887,0.003179874381239678,0.002805496065311344
152952,0.005301171574450203,0.005623219154188064,0.004458574474492993,0.002678473974981943,0.003582034521225644,0.002955060474717622,0.0028627224091293813,0.0029063088124954423
152954,0.003722246386992159,0.003726462274546552,0.0029832721232565668,0.0023100045851953827,0.0031468693233920875,0.003452832867473568,0.0022690236824514237,0.002292648999162719
152956,0.0035601000530540716,0.006195554540268378,0.005228352611140963,0.0019580437315556143,0.0028370945205136305,0.003000325885807398,0.002182436600112192,0.0019312923190917403
152958,0.004852742998011417,0.003902165821637729,0.003972869754633956,0.00419772035283672,0.003781611490169104,0.003604261341350737,0.0029800455091779643,0.002522501687551859
152960,0.003559010987340072,0.005212504377198002,0.003688313781824784,0.0022696969833226888,0.002180401239975663,0.0021983882448877723,0.0025699579294708036,0.002102548866342882
152962,0.0033655785758629625,0.00398576927133748,0.003282342468289068,0.002603439943771102,0.0029821925937728033,0.0023155282539628758,0.002429661050897272,0.002057067202944296
152964,0.005470655624378651,0.006063857021123775,0.003496101598444726,0.005056304006132939,0.006602112904487145,0.0049087491372015735,0.003152274127776744,0.0032599541536733195
152966,0.006257389589203521,0.004883417628548381,0.004701460099148458,0.004498789657611191,0.005463154775672052,0.0058981490079192955,0.003486621075530716,0.005081703400595439
152968,0.0027594018770073087,0.002825627228411287,0.0018561314872790474,0.0016052957055302658,0.0018923066090704849,0.0021484777701292895,0.002016278311407993,0.0016406181635000294
152970,0.0038601911149813706,0.005158459980556751,0.004869279531918791,0.0026488817634621326,0.003912155884400692,0.0036227297746861536,0.0031269186191009712,0.0023911554237523447
152972,0.008080338586317959,0.010048911928475734,0.0069723292736876274,0.004913994610550532,0.009009646936706028,0.006720584386297412,0.00483433839971964,0.0050842796715989125
152974,0.008057259846197873,0.012068955058675224,0.010384076947469234,0.005091764650857533,0.008070839138131447,0.009352352184752777,0.00610014121134711,0.004786966802257986
152976,0.003534289717203612,0.0028445272345739014,0.0025957379493153493,0.0029764417898526935,0.0024056155868517615,0.0019962274420670806,0.002518899411386999,0.002062115785656307
152978,0.006675624885147613,0.013447573938461022,0.008406644196261803,0.004392509024410407,0.007061086373155945,0.008119161593912738,0.007634803381910749,0.006548659504648724
152980,0.0024506486665034632,0.002177524334943684,0.002710711074522046,0.001909581766437865,0.002766856805923368,0.0028117410745870514,0.0021806545208041955,0.0017949453390633807
152982,0.002447785509266401,0.0028516064105157946,0.002046704779345987,0.0014869361781566642,0.0016623148494546852,0.0019890957552279875,0.0016618637796575464,0.0014063984753637376
152984,0.006440794753771739,0.01047130370183802,0.007447353174260485,0.004104428525820936,0.00464451169994029,0.005170928280297249,0.004045479836990218,0.004409701971311242
152986,0.00384335596255192,0.003337977971835715,0.002669039793581851,0.0021976899793347965,0.0023550554366114224,0.0026111788562058202,0.0020204895234441494,0.0018924093517829754
152988,0.002554893762925628,0.0026377409174482974,0.001873577450164865,0.001283780520723879,0.0017740424926984133,0.001659822733019789,0.0013974456149732362,0.0015387567596118062
152990,0.004123684492608748,0.0049563466774780185,0.003729364128872925,0.003008846268297685,0.004476987801610655,0.0031725723254854565,0.002888968486731161,0.002643537862179246
152992,0.00283733938260472,0.0025891629767743757,0.0018883351664340658,0.001903463470455391,0.0021416008637311634,0.0016224306326367982,0.0013138171999650533,0.0018270539527459745
152994,0.003102959836606259,0.0030989726918524557,0.0019520371691345156,0.001745175470647134,0.0021085758739394778,0.002101503249690717,0.0020506726444363133,0.0017908586441797159
152996,0.004889947812714068,0.011511821918760212,0.006631274947356047,0.003968169356895146,0.005702354617691585,0.005006589129213035,0.00537964612310754,0.004664781282209596
152998,0.002779875571532253,0.003804761131194434,0.00481733594391387,0.001975264034405344,0.001992250442177712,0.0018959477351381815,0.002089565976298724,0.0020476648620046944
153000,0.012877474046465665,0.01270468430641275,0.014948408637700306,0.010095710391150314,0.014276776984879724,0.012635239596044734,0.009679160836519651,0.00783921333781823
153002,0.0027685077660779545,0.002959669744623375,0.0017228309029740374,0.0017711496814870054,0.0017841210911091615,0.001680291468313888,0.00138580162317542,0.001554850042424727
153004,0.009336560571162389,0.010228436033003163,0.007137938371029273,0.005660585762936654,0.007572706428571385,0.005636281433993917,0.004421922096370601,0.004387202334843465
153006,0.00501340053520849,0.0037363561405359125,0.002973601581416574,0.002272370230863144,0.004440558541546125,0.0034276152690698863,0.002369696338748742,0.0024153395977478814
153008,0.0053890670290535625,0.00549567536499268,0.006277166707904291,0.0038618915626401767,0.004401156659333216,0.0037353060106118385,0.0023203715407260767,0.002521926198040314
153010,0.0021375852111413796,0.00268208553784767,0.0027165441186562944,0.0014320966072163405,0.0022044656312492222,0.0026602339979132084,0.0014134204477034423,0.0012121458571479615
153012,0.0032346213137062763,0.003925409320594542,0.0027120371153423056,0.0017380945665391168,0.00265428364809063,0.0024833289735794045,0.002128955999300075,0.00237361610640191
153014,0.002019695882416253,0.0030614526881578286,0.0025842107063454023,0.0015131018271490881,0.0015497414491900813,0.0016055004940490752,0.0012580279772205771,0.0012318979417438314
153016,0.0034594998692743517,0.003962725971749015,0.002926544713371948,0.0016722115204497734,0.0023602938594202844,0.002736585654819504,0.0020651846079778324,0.0018383770562979823
153018,0.004729212316369191,0.004544359180607638,0.004182065827137649,0.0032873646490717695,0.003711521925256825,0.004431121348643041,0.002859441753690073,0.0021306545832191492
153020,0.007888370885444973,0.008833654763410692,0.005685646853464954,0.0040099502939858755,0.0062881557944809985,0.004546672873134705,0.005380611233844812,0.004023843660492743
153022,0.003898711790079057,0.0028242123269684033,0.0020803831725955124,0.0016138664647962764,0.0023783384193688667,0.0018359905566161516,0.0016088407471493427,0.0016610608142980099
153024,0.004967659910840361,0.004520476153602182,0.003658038414564635,0.002919497861387177,0.0042309682211829625,0.0034619092093736287,0.00255357509138833,0.0029637163481517487
153026,0.009424642079201517,0.01049353068472808,0.00762563467811056,0.0035826075487671027,0.006535112669230847,0.006418288736986855,0.004944442789284409,0.004274485890744251
153028,0.0036593669745093593,0.004315184369077019,0.002379031017720315,0.0024886883888113887,0.0026901992930890156,0.003277249057798484,0.003159523903241715,0.002047115348942141
153030,0.004151685545593864,0.0049083263214066974,0.002641583778939527,0.002485849523208794,0.0038909735795412126,0.00414717509656054,0.0026704676434525926,0.001836722979758898
153032,0.012261779675339979,0.021221271774907402,0.009867788580336878,0.00833470971551642,0.010858914404935582,0.01334159663773371,0.007919570693126765,0.010667415639950883
153034,0.005920161449373185,0.0060689311975947735,0.0038727312718700446,0.0024805647848291645,0.003789337004977966,0.0039393491751598675,0.0027543385825539723,0.0028528638000971385
153036,0.0027629853322622133,0.003287485542998958,0.002767387865924134,0.0015495701636947384,0.001967013874578108,0.0017279670588026819,0.001555071566629318,0.0014204090811098524
153038,0.0026652370095548022,0.0030759713529822236,0.0021839690532088896,0.00140184580203645,0.0018390629865577268,0.002373245870446683,0.0013593471070599272,0.001239125222679674
153040,0.004771841917152964,0.0037376473741690536,0.004827911729503365,0.0028644615363051518,0.004361781762274808,0.0028607566593744083,0.0024989071937808888,0.00289446343611216
153042,0.007128271695031663,0.006566693457216388,0.004976455511286615,0.0048509494320116975,0.006474055714136506,0.005205880450853739,0.005152822440531113,0.004481487581231569
153044,0.007366202384928633,0.006360589185919141,0.007296414333390955,0.0054696350832019736,0.006193007267929984,0.0061520708523608025,0.006486827440759291,0.004147896757220659
153046,0.004803929054171485,0.003565327663208065,0.0031609739360328876,0.0022244728188711843,0.0033053372446920637,0.0029503487659665734,0.0025120166201053756,0.002482173669482793
153048,0.0019012722276280508,0.0020578921492295926,0.0014452342998577117,0.001059529639504897,0.0016254408800571302,0.0013782951375708313,0.0011169873013262,0.0012320815240297045
153050,0.0019561712298049733,0.0019579705418118487,0.0014813749418501332,0.0010320237571682794,0.001518060888838338,0.0013236402306089495,0.0010692277740567135,0.0009429833270572369
153052,0.003012808559862426,0.005627783583173063,0.004538021897212197,0.00200565888803933,0.002579729372248832,0.002858827039373804,0.0029609600595128516,0.002797792572222804
153054,0.0057177223060561055,0.005816092227192371,0.0054326767326431935,0.0027571867248434856,0.004379797095064086,0.004272999343122363,0.0030079974866481507,0.00384086119832322
153056,0.005223562228948764,0.007467624380384008,0.004398310063733979,0.003465928979330679,0.0031886588664611915,0.003218091957155389,0.0028980713437578576,0.0032632807666760494
153058,0.003167617257169797,0.003108934558756715,0.002128617051290471,0.0015998920458883958,0.0018742034695058557,0.0027411481090533485,0.0016898202753204417,0.001509296603840804
153060,0.006156424138931138,0.005405264499326601,0.005093653240051899,0.003394559817046852,0.004998384259971511,0.0033660856066753397,0.004717466852677044,0.0033259317015996714
153062,0.002738583137347886,0.0029654976483408646,0.002587798346265782,0.0015822737042748974,0.0023546306126892014,0.002044841553779944,0.0018802862267311427,0.0019172601614165924
153064,0.01122673458358836,0.005594089220111675,0.006470449714541582,0.004696444739134498,0.0053426559284197594,0.005838881382285388,0.006714861258715565,0.005528557260599032
153066,0.003803977141293713,0.003190834364752426,0.002545863059176201,0.0025665393229599293,0.0027834321975823834,0.00280983358880299,0.002002891707329424,0.0023695668599237885
153068,0.005829109145199851,0.006136464764140703,0.00527526995090094,0.0029645211326130433,0.004138168262804109,0.004577242992183983,0.0033670059673213265,0.0027246673986565245
153070,0.002309787227504023,0.0020376665222345824,0.0014597331552552856,0.0012356339938544014,0.0016611989809745126,0.001527358612510979,0.001186902486517441,0.0010416555839587588
153072,0.006381646316062695,0.0066239878109169426,0.005305592544630144,0.004003877674571221,0.006279812706200261,0.006453215230248555,0.004136267635236612,0.0035789904401467704
153074,0.003056736378293304,0.0030610676647673807,0.002048606959614896,0.0015197645083078748,0.001790096965997856,0.0019400159554818774,0.0015097988458302597,0.001670734481412764
153076,0.0039956401242218775,0.003568492774636889,0.0023251067184620333,0.0018500821901468734,0.0024013036292813844,0.0028749369516703482,0.002350011727294765,0.0016648374114005549
153078,0.00334799537114705,0.003403135940750493,0.004036798144211373,0.002721355298654693,0.002649291315831151,0.0030689989165604836,0.002497269437663499,0.002645211011797502
153080,0.002578342639426856,0.002974558867491206,0.0018123532243733559,0.0012330671396148518,0.0016944561536371694,0.0017734914783462674,0.001493029442025895,0.0014759154318833567
153082,0.011230996362683376,0.007523252789809531,0.010137755873296739,0.007619643635346174,0.009559019132077184,0.00886942384945777,0.0073341569902365955,0.006900075724932064
153084,0.0038148324198141736,0.005810621691100748,0.0033640473412748784,0.002028008704529294,0.0028670468818808303,0.003297586530626298,0.0019974386638849234,0.001778665154012607
153086,0.005514904492163242,0.008504257857868902,0.007114022130350117,0.0037111043432822705,0.006052384123240495,0.005372428573189814,0.0031512702547920046,0.0037690016711078855
153088,0.006893641954107466,0.008883809865845527,0.005563068661236292,0.004268560722560155,0.0075466583433723144,0.008203894446286109,0.004025596320493874,0.004350024432512534
153090,0.003799384657633534,0.0044831376676433,0.0035775125570989413,0.00281767504382803,0.003471507107204508,0.0041736314744258984,0.0029208128114852627,0.0031968804187876426
153092,0.002643687263221617,0.0025332620846200277,0.0026252032716424095,0.0013140478399059768,0.0014416410489401787,0.0018635891923791809,0.0015769450607728275,0.0018110954901395943
153094,0.0029702437662216946,0.004030487635163171,0.0032964447065624847,0.001987145688011671,0.002568696548452834,0.002968200436823887,0.0019043545618402519,0.0018418457178646097
153096,0.002394360408262186,0.0024003018951699456,0.00183216128521492,0.0015569372263080639,0.0017395035052282376,0.002368288582438885,0.0014982874523641332,0.0018905101969214494
153098,0.0029886331916782055,0.006182845678318394,0.0023795158238727604,0.0013445762918264936,0.002124538043195623,0.002073637925020924,0.0018478591259997318,0.002004540578286529
153100,0.0041295551979239065,0.0054178179136804006,0.0026094373417055033,0.002303255518981695,0.0025693755408358193,0.0023792577874632986,0.002349523074541296,0.0018864056974656762
153102,0.00944729372972497,0.015513860586367167,0.009272782817494607,0.004261748552065792,0.0070854892583724904,0.006863714156683187,0.005836053352794801,0.00528161947386252
153104,0.0018010221403162024,0.0034668102462892675,0.0018371946302815495,0.0013330362732575513,0.0015607172294116456,0.0014817004353573499,0.0012077778959354024,0.0013163115613318427
153106,0.004713388188637424,0.0057996361397588125,0.004916148749428695,0.002758002482926028,0.0031171588208644962,0.004611537473664606,0.003158632352715296,0.0027815288388632897
153108,0.004376790811179421,0.004905509058486024,0.0033905018356108485,0.0026355552684584893,0.0026518808948674533,0.0027441252457696685,0.0022715037118810205,0.002551126925529626
153110,0.006971394870217085,0.004949504962921347,0.005898670866022693,0.004005382666619539,0.0045236556520827365,0.003927566241469782,0.0047257022019820405,0.0038926398861128947
153112,0.01459180560766904,0.009968235425579286,0.01046831830395778,0.009056775586064936,0.010406769086529488,0.008571403693737933,0.010756046027705024,0.006941298586178812
153114,0.003844069165064079,0.005182228374235598,0.004691251404015162,0.003077654627982318,0.003805233126552135,0.0036253742821473894,0.002260371249631854,0.0026850312071281662
153116,0.004580626944972188,0.00571302693233694,0.0027045037942921013,0.0026781643494067225,0.002874579820044909,0.002719858730366856,0.0029982848804641637,0.0030840414525994952
153118,0.003833087924438608,0.0054661322434635395,0.0035050757971428897,0.0020699702492097405,0.0033664487212604066,0.0030514758780847556,0.0020317357506066808,0.002623429227936472
153120,0.004882041107382662,0.0059666065513397926,0.005214349587552791,0.002552954657860221,0.0033427427004208005,0.0037170071375079022,0.0028764548087634317,0.004308517984705995
153122,0.01123059209845595,0.015141838956825637,0.010146425216817079,0.005251852577148108,0.012033382593451769,0.011910625899864746,0.00713361203528301,0.008443589952886521
153124,0.006351444042866972,0.007667228190734399,0.004509609376193657,0.002564793140227062,0.0032660248602052327,0.004412435450005303,0.003304104998782545,0.003053877457415269
153126,0.003366335029706971,0.0028033153448705495,0.0024874567761623556,0.0018351133736605463,0.0018605069396132046,0.002205596387028899,0.0014819040662150812,0.0014780119794777224
153128,0.004398820999363728,0.004402606009239973,0.002426222962599811,0.0024213657006113554,0.0032708095588654396,0.0020922577591386965,0.0022248193142882094,0.0019920831710627113
153130,0.002827649810034638,0.002340076764453025,0.0016212595343501612,0.0015611234477939107,0.001988180400154929,0.0017262742788049096,0.0015116484531133012,0.0011599563061195917
153132,0.004001004264986285,0.0027218139503946137,0.0023290286403799265,0.0018107692355676108,0.002640380358948771,0.0036927490134710528,0.002226717435098738,0.0018657029426390054
153134,0.00430810230145845,0.0048301194119935165,0.006728572258475618,0.0034619754046466,0.0035261076680805914,0.003498231918035666,0.0033174298752321058,0.002196300764342754
153136,0.0048455707230774525,0.004425521742867922,0.0024553229102359936,0.0028142203113125236,0.003206160827797913,0.002328332574361769,0.0020712782348680236,0.0035219324296855703
153138,0.008142447080584925,0.01038044206647104,0.007165712468193641,0.004838775864564104,0.006674373362153041,0.007607528244989226,0.006723147515615757,0.007519640749278134
153140,0.007618562766338377,0.00882238274885655,0.00642353534377188,0.003780872952921857,0.0063848333674201285,0.008959001963433855,0.007180208131160271,0.009896755760588294
153142,0.0035723628543402747,0.0031371393418224702,0.003488694376366175,0.0028938702190788868,0.0029673026173790973,0.002083064955585981,0.0026226366746238128,0.003020905173707844
153144,0.005403829436036178,0.0055772182149391725,0.005117991576210346,0.003928005168031545,0.005375370292487469,0.004252681246554035,0.004191124139821201,0.003944310419910835
153146,0.003875048986774543,0.003896790237133421,0.003546174368482591,0.0023493945091632856,0.003082813530313422,0.002971536789905818,0.002279844412594878,0.0013213802343559622
153148,0.002271333623665106,0.0025578961203616274,0.004202401161641556,0.0021034997458038163,0.0020447229615283696,0.00204297479880379,0.0018640610628617438,0.0019955400922926914
153150,0.002976708446478807,0.002769163661577992,0.0030458938221969434,0.0017607948734866263,0.0017658588998268332,0.0018335248911149904,0.0016068349243889557,0.0017682987070211653
153152,0.01036277019378501,0.011570386444724967,0.007269715462251192,0.005329052057154948,0.008682187642065964,0.008323068793103738,0.005000013105123158,0.006370566289193358
153154,0.004922472858832683,0.00892070621958485,0.0052022599907753375,0.002980832168499037,0.0037385802983069955,0.003586386664274299,0.0034865440866255343,0.004081728707908072
153156,0.004614027114478114,0.0076479503665547455,0.006445170048166526,0.0032710805679552757,0.004586149222156388,0.0042895793167228025,0.004107815385580305,0.004031471552812749
153158,0.003932651821652089,0.00470348334378029,0.003482749367681462,0.002249470377596166,0.0034993328006516777,0.004097124848334355,0.0028920696968299936,0.0020845753869736527
153160,0.005121577266793631,0.006185790496649413,0.0046517094731868824,0.003658919888061496,0.005267330036212492,0.003586506690067895,0.0034370375593287955,0.00448039833150915
153162,0.0025981698249322727,0.0027241361762386923,0.0019649901142777676,0.001683584783159553,0.0021532838848226654,0.0019963476156101834,0.0021927249817146333,0.001836025993082871
153164,0.003563398493191594,0.005891646029763331,0.005280824627142744,0.0028083203849638694,0.0035101198451293336,0.004019046123659997,0.0024799046806889408,0.0024747837904479653
153166,0.004293891169853181,0.004649057280981028,0.0027347529315771,0.0017967279821287097,0.003057140079013379,0.003347180633242408,0.0024713461359842648,0.0019475461116522652
153168,0.012226027759467906,0.01661276853677429,0.01130172633683757,0.005505570987188124,0.011051479206804216,0.01332387274575414,0.008454707836336228,0.006935132272982758
153170,0.005349972259317826,0.006358143659235316,0.004320553117526993,0.0027005434024973823,0.003438750464015927,0.00408054163592575,0.0030939333097346755,0.002618908283070334
153172,0.005896461138171161,0.007854860580947198,0.0049819799826145705,0.0026307980272591985,0.003630962943626026,0.0036653949400670266,0.0027797235490487765,0.002332676777094811
153174,0.00371614821644628,0.004653313349352095,0.0034237346199006424,0.002769657300633277,0.0036267493945434937,0.0028460581100442917,0.002542445118649553,0.002576840923840251
153176,0.0026833883493876526,0.002884471445890449,0.002481150751857411,0.0015125010956774793,0.0018166688611455234,0.0017070991879443304,0.0013502802156504234,0.0017067584304299999
153178,0.010731176072620363,0.016880450815165426,0.010895185257576101,0.0076361601513524335,0.010591051767623816,0.012743905973069902,0.008848750444620856,0.010561746550053819
153180,0.00442983293737953,0.004728004222763538,0.0038829171327852685,0.0027006425221218905,0.0028343394592598298,0.003194123425876008,0.0026622595494538714,0.0024830991535660374
153182,0.005861640941733415,0.0062834384282395295,0.0037992092271344063,0.0032917729467463325,0.0049720845827891935,0.00468694231183614,0.0046772212277690906,0.004854148604871433
153184,0.006999869360520883,0.010114399973056243,0.00626401937937443,0.004683034923953722,0.008102656248386353,0.007824446342091784,0.006432913884360458,0.005271397156648483
153186,0.006230495030930483,0.009937782210595936,0.006710372154773714,0.0038418549429169446,0.0064695747397856,0.0054611372120803026,0.0032814721652542206,0.004836864665640983
153188,0.0065620332662144065,0.00799704872750695,0.007487930874106041,0.004867765691550174,0.005934069037767609,0.005130359670563189,0.0033482725770689475,0.003465360536046236
153190,0.0024285440018390198,0.0024346674217758935,0.0024283262769566605,0.001283919073293005,0.0014171949010478718,0.0013978751269863587,0.0012705193294442751,0.001121360178553188
153192,0.005394594819525589,0.007879500844133747,0.0032732047134401143,0.003569678996238182,0.004853570350523084,0.004339629657883537,0.0036182951259344925,0.004572402162399458
153194,0.003881530022538604,0.0046225131286183885,0.0029752753075513866,0.0018645564785535473,0.003141488365903611,0.0032015998836066317,0.0022423781772574897,0.002210426701282353
153196,0.004664793495066988,0.0050938265909517,0.0029705889240323607,0.0026227091709141725,0.0031545417958023236,0.0042114147343466635,0.0023069857689392848,0.002562229099163385
153198,0.00953852149099732,0.013397200081577632,0.008951505714056618,0.005081838306628728,0.011949301833134918,0.01152377279632294,0.00702202842081423,0.007848063320576637
153200,0.0038799714440393984,0.0036462834344602874,0.002939129193445536,0.0027132854728009748,0.0038500406730049286,0.003124790845604686,0.0025302775966464797,0.002194191241189858
153202,0.012606494734014595,0.022591222113282905,0.010741723213104848,0.007697956618814283,0.01444515481949793,0.013600042908661847,0.007523990812473791,0.009108960050710435
153204,0.003212461233298436,0.0048404738730579155,0.0037876402277314813,0.002043069766472519,0.0028204805573185526,0.0029523041667048333,0.0029148431610659525,0.003349883443804283
153206,0.0030960335557983637,0.004042398260569513,0.003463881749277198,0.0015527172842682568,0.0024313650268462106,0.002832381101212769,0.0016605604257292073,0.002085628693371755
153208,0.004458376473950532,0.0053472924739459415,0.007027351306359231,0.0037744632641790177,0.0035336098428120355,0.004618945622528514,0.0026787762916896107,0.0029832070122866178
153210,0.005148375785259118,0.004983230616551149,0.00458568402814491,0.0030615718277094,0.0035090671395922174,0.0037433136743008633,0.0031679720207178352,0.0025955830768451676
153212,0.002508712164802099,0.003055563737712541,0.0028880030530586964,0.0022514790301910725,0.0020139337745241903,0.0027615376543156517,0.0018407954739059346,0.001913255109862677
153214,0.0033773079666299943,0.0034652434319944053,0.0032979574841732195,0.002096231651131042,0.001987598071551133,0.0020666895601766933,0.0016095392247567203,0.0018788320285543225
153216,0.004811046683486142,0.00574814237844562,0.005299964104100996,0.003393032418913755,0.005341894620374321,0.005125249555599842,0.0033441053526664377,0.003281250232971669
153218,0.006006710882385191,0.006397361884237507,0.004861339690510391,0.0033801225391350137,0.006841619164333679,0.005281167898292749,0.003984238811114205,0.004304166530858744
153220,0.00855906230070591,0.013117051972991511,0.00821890972900996,0.005257392753180101,0.009373250496645336,0.008408812581166603,0.00589754821303462,0.004083332052644606
153222,0.0022195032656300434,0.0032031084524399844,0.0023535099845544694,0.001758684248641687,0.0020513552507567395,0.0026438439473114445,0.0015433100867169453,0.001820475876837882
153224,0.006451028425853489,0.005532381508718487,0.006511103985280764,0.0035482688487429304,0.0037556398541751523,0.006208639253026116,0.004353373482735068,0.0033032515130071993
153226,0.0036808899823284613,0.0025491147684176957,0.0020335698140228203,0.001552915167978064,0.002489989457342079,0.001996040364691823,0.0017928544035952232,0.002004648659050867
153228,0.007548367162005576,0.011908173640562902,0.0064848653404878664,0.004536963938539751,0.006603241390175596,0.007400937663655738,0.006108590059002106,0.0073767546584396215
153230,0.011405217758204744,0.008236248369250854,0.0054343748608177145,0.004402784970080953,0.0051121993366542995,0.005642770684018084,0.003970574606395383,0.0042916993414918725
153232,0.006157856477630175,0.00830107799106422,0.006147062504013867,0.005559487138509178,0.006070973305036864,0.004950821762008895,0.004080286537942124,0.003833422820942803
153234,0.0029032999365657397,0.0030228293320819777,0.005024622332048034,0.0022953435781830067,0.0025485148116689005,0.002933663416376811,0.0018765665779546664,0.002163733517925037
153236,0.012256569373901238,0.016818110224492422,0.00985306723859708,0.007560035014710087,0.013855714676629438,0.013038058927694607,0.010061795218454572,0.008551983358025872
153238,0.013937152117332596,0.023831181105951282,0.010712558690685603,0.008566460001192822,0.01795296196103835,0.015761160411518427,0.008102825256140145,0.010749491356316698
153240,0.002835771574938653,0.0019898866852949837,0.0021649203391387872,0.0014873723321935511,0.002008228644794788,0.001988462459896534,0.0017124936523245232,0.0016106361135124203
153242,0.0030705002767311834,0.0031764473743851745,0.0027200471874878063,0.0016998352282732304,0.001958750973188997,0.002616481201035692,0.00174093477570475,0.0015492496154225766
153244,0.006189890738474146,0.00680883610073324,0.0059531770798662564,0.003860671628254375,0.004966266316089263,0.005379834110709469,0.004282856682885028,0.005198290542361372
153246,0.004752495372323473,0.0073843101573878855,0.006855288645299995,0.002838594813998077,0.0039137945582759515,0.006306871368494393,0.0026560239342688363,0.0021933090539617006
153248,0.005642373321388894,0.011880060643882695,0.004610179586991059,0.003289200511071011,0.005202611446989636,0.006694589814202567,0.004091383999296705,0.004339039720172799
153250,0.005796752963679097,0.00533336384106603,0.0037616748227700114,0.0033487429480519304,0.0048675234573478665,0.004223915923645072,0.0037179629230699313,0.003941581021498275
153252,0.004364462941877145,0.0059590915911658104,0.0038165030565023295,0.002762790694032083,0.003857321157204066,0.0062717760758914665,0.0036321065173333805,0.0023457881678876774
153254,0.006124704108491363,0.009519682859329193,0.00994376065402336,0.0049973223874136274,0.006377172453192692,0.005683212282341865,0.0053475888628931045,0.005214345283475252
153256,0.004669377498403071,0.006675483656835901,0.002968875920343672,0.002176387590898124,0.0034090791938491544,0.003566884902309622,0.0029052087637568835,0.0026285491731192906
153258,0.00387124909553406,0.0035121179921129286,0.002658558023903801,0.002172457163176711,0.003100717841334699,0.0030941898439174192,0.00250799758064435,0.002689502972838889
153260,0.0038096925598220116,0.004245648735247409,0.003240307466164119,0.0022954927879690334,0.0028671218830794154,0.0030358726287133125,0.00175127257602338,0.002477303709151349
153262,0.00450092876873498,0.004784398975055615,0.005078128512256086,0.0031418646324780225,0.004403300120760234,0.0037289673829745684,0.003029329632116884,0.004144560562281185
153264,0.005661454661677112,0.00538819741507357,0.005093721303857157,0.004361112580147319,0.004927195335664936,0.006057263300391691,0.004996717760392733,0.005426640970668473
153266,0.005245342906015971,0.004224811788509308,0.0036139366482241947,0.002364865948736805,0.0035463855634567665,0.004326056534811384,0.002890342235317714,0.0018342861792036147
153268,0.005616838318488249,0.008214696772965768,0.004936602062175277,0.002651071395650073,0.00452998390282483,0.0042366984827781895,0.004518273305682607,0.0037080172352708107
153270,0.004576340748752072,0.003877086254557016,0.003938642150341176,0.002578588175591881,0.0042149150959878146,0.002472616359605176,0.0030877999664422756,0.0034592391305365983
153272,0.006438948437863579,0.006582636317432,0.004158465905233444,0.003379936712628373,0.0036929255907463543,0.004910915701317187,0.0038462073213310077,0.0040285655579653246
153274,0.002476949575176912,0.00248849920459239,0.002891223128131948,0.0020708472794981475,0.0021711460741757893,0.0016362434285613348,0.001489999802595357,0.0013652867806952657
153276,0.007352379959329802,0.011999312062373813,0.005918520873081867,0.00557688770924486,0.007783526978512312,0.006724288741827289,0.005438769696868351,0.007615615804314191
153278,0.0032381422988043834,0.003503420978576491,0.0031177162553019944,0.0021709107033874298,0.002215538287489105,0.0023473812587926496,0.001996514066935129,0.0016897069557764155
153280,0.004249087527840922,0.005357448472417481,0.0030774669776703067,0.00180418575557445,0.00302574007864842,0.004690302274570124,0.0021505258196863886,0.002271024356400711
153282,0.006196008460065627,0.007642832470652117,0.004305067932414142,0.0030926719296565097,0.005141101443721985,0.005136793347336521,0.004216894667252724,0.004572175453035676
153284,0.005411720257104458,0.0053307534966260395,0.006510946472391643,0.0034009683013430797,0.0047488852344007015,0.004686594446433823,0.004732339320814072,0.0036243295505278272
153286,0.0051836240512346254,0.006638526024431934,0.005315653476872184,0.002680848237048894,0.004223108273948617,0.003427539370604374,0.002614886884944545,0.0028949544894396745
153288,0.003415952481743992,0.0060411641487050916,0.003298895443635319,0.0031444757327774853,0.0043122766713032945,0.0030061352454114343,0.0023467907342979016,0.0030439327392883797
153290,0.006479227904511442,0.010069158027082636,0.005874197042448126,0.0044817758755200665,0.00852502175554376,0.008301079348712825,0.006429271569742545,0.007082098008837079
153292,0.0020576873335315243,0.0031607753850249193,0.0027858222409560818,0.0016182960230651938,0.0017256719273507498,0.0019053905835326873,0.001974054921134505,0.0019219578843641116
153294,0.008419204758766341,0.009696894561717573,0.0050204720781374945,0.0028960734448580383,0.0048704535440471375,0.004028230754789475,0.003276288593107704,0.0027451736760755185
153296,0.004413058073149623,0.007418912215012563,0.003942693439057621,0.002401629310890288,0.00288441742584139,0.0040649448985453085,0.002531171146504585,0.0022886038603792264
153298,0.004817456951380417,0.00450756324434054,0.006065591890740907,0.004383149692115895,0.004000068367094267,0.004561779065429761,0.0036875844123003404,0.0035388317146681225
153300,0.002288642355085649,0.0034777395304459585,0.003287087840253902,0.0018315538066693282,0.0022347853769275616,0.0025144892903023047,0.001685107556010701,0.0017551549948999767
153302,0.007427822262867645,0.006702753760706948,0.004797025168203073,0.004978423528763598,0.004662477409156374,0.004258964914305496,0.003346818128302856,0.0038562305662309115
153304,0.004650464576150037,0.005052391707693893,0.003705711931646649,0.0031802684857389907,0.0046134825746557695,0.0030055756234768083,0.0032579929366605698,0.0039233873953060105
153306,0.002384567066436638,0.0032341073346926624,0.0030454978545808725,0.0016494877334967267,0.0017248923695061813,0.0017050656132281544,0.0013321547813740509,0.0012860394056341123
153308,0.002141448122823811,0.001817934882239483,0.0015259333308982465,0.0012333821593060734,0.0014940147589515562,0.0013933279380363844,0.001206250428736469,0.0012904196716290312
153310,0.0026507518501228816,0.002688504633159297,0.0017544549372337098,0.0016047199197724016,0.002284579743081716,0.0025953860766297354,0.002068430556251624,0.001693875018335969
153312,0.002771876278846952,0.0025303862834618607,0.002682485300636875,0.0018162754236075163,0.0022925933471513865,0.0019655370809357336,0.001659714673284185,0.0017193325751927446
153314,0.0029979083374198773,0.003757959719905779,0.0035735906949075358,0.002105300274390709,0.0022517014049237144,0.001981235229012182,0.001959943186868651,0.00205002489772671
153316,0.002270122595062332,0.0021878555102567004,0.0017978489805645786,0.001669238613120294,0.0018858963864399336,0.0016898417145805311,0.001688320477356342,0.0015060851010180315
153318,0.003909136701776783,0.0046047379057654325,0.002894125936263814,0.002054837870832729,0.0024493310007141084,0.002361490323448623,0.0021665385309904833,0.002418267623699469
153320,0.00306549895818109,0.003800172767115542,0.002703746350753447,0.00207480215356709,0.0025997039537652006,0.002279759033824158,0.0019050335046921912,0.001981497227983589
153322,0.004113855422858637,0.006029271904189892,0.0046620063249940835,0.0026786525094444485,0.00222729968763892,0.003482311885196987,0.002359727771533829,0.0031271240200554523
153324,0.00365453835490194,0.005503902673812178,0.003055043185416162,0.0017485370339792028,0.0030142674801405533,0.0027426243796071503,0.002398833987621432,0.0023274842048338074
153326,0.0047606882279893625,0.005608303810336113,0.006010817197620533,0.003500380077896603,0.0035210883945359234,0.004003154511458329,0.004060324208695398,0.0043054472923034215
153328,0.01022918655260363,0.012561081408828889,0.008012459141973294,0.004592147392338042,0.008788129339550643,0.008320283521989824,0.006368514828196448,0.005059375156031332
153330,0.0038794080564157896,0.0046359720264770865,0.0022990813508799862,0.0021767014694538123,0.0029895228256826695,0.002148574813701176,0.002036547392727295,0.0021930107277735728
153332,0.00429430128450875,0.004799854469311526,0.003565543431761853,0.0021556514229656987,0.003580885482708851,0.003500119125475154,0.0022772752117641293,0.0020748255704334945
153334,0.004944366300110359,0.007696940804020835,0.0038208977017606532,0.0022485107257664977,0.0033919939497946278,0.0038565822036678576,0.002543199912019567,0.002895799599527696
153336,0.005470051664105746,0.007730360516628787,0.007483183909826829,0.003385717484186479,0.003493444345367358,0.004380811911839866,0.004128839922101835,0.004391729850887538
153338,0.005422648254432838,0.0064552048618873314,0.005626076734924157,0.002987808036012965,0.004938288874663466,0.005222273175712111,0.0032981333414139474,0.0030377559654142794
153340,0.006746972038343069,0.006738835021566025,0.004546512111242018,0.003712924173985499,0.004533106546187549,0.004517501083661779,0.0035503475215059727,0.0035443475282850856
153342,0.006960646893217126,0.006759814028846345,0.005639436629851835,0.003410560595932033,0.004943424379200145,0.004491276813646472,0.002628027023320101,0.003727517983920292
153344,0.004637201790926027,0.0034399975137822114,0.0031516567269642692,0.0025230607759879065,0.003618247620143858,0.004414310381471387,0.003328628930090227,0.0031414353312504556
153346,0.007255925516680917,0.006635884396644309,0.004773559027665408,0.0031155317302342667,0.006082913557875713,0.005336455950717189,0.004571053072588649,0.0033290863123911496
153348,0.005970498792967627,0.00691188310138835,0.004455362234935478,0.002457848417738495,0.0045023124646128565,0.00432052961035212,0.0028975639838219186,0.002668233067497694
153350,0.007744448387914327,0.012655049069403512,0.006892905832025564,0.005148267797549844,0.006934582551629598,0.005997883882287669,0.005656265803915483,0.006776918057390058
153352,0.004869515570821159,0.0047007142652382705,0.0031698879193540197,0.0025691055192142986,0.003045278294847145,0.0033122968677247316,0.002275390487967377,0.00265969718305005
153354,0.0052589238645817105,0.00792904441434339,0.004256254124830383,0.0045221784942307,0.0038164160639138217,0.003440572613587989,0.003547888068845817,0.004457731758933159
153356,0.002013741522823867,0.0022924706297185043,0.0021133025810549655,0.0012241753327436045,0.0013772016553387362,0.0010482004735817285,0.0010834837865907887,0.0008883012146106012
153358,0.005745221205937734,0.006408015470449335,0.004612032312177272,0.004425631777154104,0.005689094567458364,0.005987342941944418,0.005375247932377869,0.00481450873204281
153360,0.003994430792473802,0.004592726016179383,0.004338691273309492,0.002420415139161039,0.004281477882692786,0.0047727601416645005,0.003356204315219602,0.0034838944267760047
153362,0.0035748343378654845,0.0039053722777843275,0.003928625310334388,0.0025384506006203567,0.002236216303831695,0.0025390651396029057,0.002432447815459274,0.0019981586459250217
153364,0.002735470282119304,0.003092084008894394,0.002535676903770004,0.001656892404146293,0.0016599444562043347,0.0018802254892969494,0.001430978882892342,0.001913670321528116
153366,0.005036243705483168,0.005850691588511536,0.004108350230326574,0.0024234500369999523,0.004882143142383777,0.00333289016415389,0.004015446780214538,0.0032420262063970334
153368,0.008082692216775877,0.004675386020274397,0.0060705588188350035,0.0038778494400763114,0.004909638675805683,0.00590954930570492,0.0047608424512068925,0.0037898630830780627
153370,0.0018154502640869291,0.0016712318316583485,0.0013770133679847363,0.0009584092167856696,0.001052710811668911,0.0009399659101832492,0.0010302229496164106,0.0009783882791563614
153372,0.0023479000142681006,0.0025804696201647964,0.00415824105327639,0.0022571057609389045,0.002733600925562976,0.002620177736214979,0.0018503850454683196,0.0011984503864670565
153374,0.004244805030793941,0.0033849389156694887,0.00307572631844355,0.0026697888955651283,0.0026660178923959693,0.0032756024503304837,0.0030804022519328456,0.002104729066590441
153376,0.0033123376038469154,0.003813830673472532,0.0027804562021130352,0.0017816002589215452,0.002343769249591468,0.0025282261025583314,0.002156270323551826,0.0017852501129627663
153378,0.0033067363813570894,0.004258838495327988,0.0025675136242855334,0.0017612782480489475,0.0021787764872771564,0.0024792802785423285,0.001721370000715497,0.0020810849808329396
153380,0.0026077846775705016,0.0035843202154688947,0.0033353113802908063,0.002270871683425338,0.002112727206466991,0.0022377470780604036,0.0016475014796968473,0.0017747721849498271
153382,0.003367611684270466,0.003192020891932837,0.001848536892388189,0.0018547620662170416,0.0019387307445990626,0.0020896671295546204,0.001829901847130222,0.001912915217366376
153384,0.004805162302688792,0.004374809535502566,0.003138047470392147,0.002592139118117745,0.0040669107940696225,0.00331410965315021,0.0021433589829423227,0.0035223365766126613
153386,0.004082847398025002,0.004098180778779936,0.0038465968550277646,0.0027270624312338843,0.0026162872202745296,0.002785968924490581,0.0025599479285137866,0.00237702726460598
153388,0.0019099982074246569,0.0030617853777588216,0.0019355515396455303,0.0010703314449296425,0.0013379380629638948,0.0013178338722791422,0.0011006265371735768,0.0011346103753289705
153390,0.004504675436868555,0.0062068159540287215,0.003981399725307144,0.002141166790398455,0.0040829949813563915,0.004081484996609819,0.002847819205485713,0.0025175949228717492
153392,0.00413368815764642,0.00472432863290706,0.0033489348137131364,0.0034784614665197555,0.004479363068515818,0.003076592040626172,0.0023996025575051677,0.0022828682070864664
153394,0.009862392389383468,0.016634005837218524,0.00884088434250968,0.005737088536289514,0.008121013268775679,0.009360038909545176,0.006554561098881528,0.006709102732206651
153396,0.003164491919468451,0.0032751692237865115,0.002859526615750077,0.0019700263352296354,0.0019617000129064227,0.0021464182697192857,0.001764375794634232,0.00170767027159352
153398,0.00494126008231377,0.004257855408699385,0.002799256816391704,0.0022779241325426997,0.0030279761254820153,0.003241158295905558,0.0025310826840305722,0.002425818188356979
153400,0.0037345515200932905,0.0036399250824112883,0.0035977471360633256,0.0021916892647164815,0.002934725650997741,0.002347198967938502,0.002041374487905756,0.002259905112712346
153402,0.005351269346477727,0.00839348549226232,0.0032117644953602587,0.00248043973306257,0.004083060680600603,0.003235959630352392,0.0026999796942257653,0.0032128755114913116
153404,0.0037671800371935765,0.0024685590117791284,0.00207791537936175,0.0025753846398751806,0.0028605904864266313,0.0027843261322220286,0.0021867934193714605,0.0017401309539630816
153406,0.004552318421633894,0.007196715607433513,0.0043781740271278125,0.0028565301147198685,0.005690991930064948,0.00531884912332381,0.0037160364867872553,0.0039305645047407745
153408,0.0043070802949820575,0.00321446783833447,0.004145478673607317,0.00262204529494664,0.004023998680835528,0.004134720043769136,0.003371394647856421,0.003313575672634364
153410,0.005676989476208982,0.00459098116711415,0.004009698355771418,0.003382902749480332,0.004328707105573371,0.003293611321856807,0.003082790777996239,0.0037475911876956453
153412,0.003096424917807386,0.0032848349304628877,0.0035656577694975905,0.002359331478030191,0.0024618477905028607,0.0024035345524598406,0.001795114535321718,0.0018287651633430851
153414,0.0024307864381848537,0.0034393490546449357,0.0021182770112555677,0.0016078048167920272,0.002369154147111807,0.0019125890402107992,0.001731051925746352,0.001609115696708019
153416,0.004232110085716778,0.0054244940719963,0.0032684165587844177,0.0025897627698391462,0.0042727938185473935,0.004985538758476515,0.002668937791422424,0.002192435765652548
153418,0.003923865291855011,0.0066653337430331305,0.011180776550238969,0.005014030439092709,0.004427450019141299,0.0053183133699299945,0.0036570583731738854,0.0036296359593706584
153420,0.004086693052235413,0.005180734210487259,0.0037171070713108018,0.0025483226147550303,0.004127433489443888,0.0034702916656410704,0.0024018889226982143,0.0028119800990680233
153422,0.0036325443287756887,0.0036228921131840203,0.003413181790659983,0.002686764936137967,0.0028912563795570195,0.0023955647453288847,0.0025184652921450695,0.0016744025407192803
153424,0.004031396808700016,0.004836253244618283,0.0033769053001739824,0.002140867894946441,0.0027488615561788166,0.002688114851916501,0.002625326194469771,0.002082813666941574
153426,0.0034269138945614147,0.002711112964877152,0.0029871361029870785,0.0022768823484981132,0.0025895288346982626,0.002915581339367146,0.0022832932718242077,0.002015612270741665
153428,0.006827585320024809,0.005680572704474474,0.0032391293828915174,0.003848318802499376,0.00605295913317172,0.004631622485852527,0.004620064751450548,0.0031506859906722667
153430,0.0037507353325955256,0.006549683318453958,0.004085555738640778,0.002681435022325887,0.00453314166072577,0.004525560078443791,0.003038493939325884,0.003572300510429685
153432,0.0018923425849080022,0.0022856289855890943,0.0019772354307102114,0.0011653596534300231,0.001043662991587549,0.0011901594622365647,0.0010488861313016073,0.0009342170131709793
153434,0.004609802206905711,0.004780091603780401,0.0023274374771062867,0.0029910885607976057,0.0033499533027848832,0.00403640524952209,0.0030697415011228385,0.001966476283930041
153436,0.007121296026880997,0.00496208985385721,0.007407692398599119,0.005093183186812011,0.004218438203786035,0.004252016600148123,0.004961499957339355,0.004136101842240558
153438,0.006582633899467061,0.005740839710233703,0.007960175572261419,0.005059483267320586,0.0052332432834509834,0.007245004707506775,0.00540001375212823,0.00484892895362693
153440,0.008406459752983653,0.013356948733245722,0.005877341593781615,0.0052992796065274295,0.008533468751470485,0.006011571618467271,0.0070453969111108905,0.007453142319893191
153442,0.0043694022471379435,0.0044993183905766565,0.003080287708666099,0.00258567706039782,0.004486514607027425,0.00389296993614964,0.002752191911110771,0.0027712490862367295
153444,0.00847087378385769,0.007484801731015234,0.006766225506962764,0.0060671703154296375,0.007214757001488492,0.005850952602655335,0.005814176394603132,0.00553421486830552
153446,0.0067716663716424486,0.005435054845520648,0.003368536577758055,0.0030983617774928973,0.004445260535718143,0.004707040404253127,0.003499624136038673,0.003318872774183204
153448,0.004922440449300902,0.007915030833381742,0.004019559097590497,0.0033911500123796068,0.004576312523576542,0.004047703622065635,0.0023101958111258064,0.002982999068884773
153450,0.009839301365946407,0.010148462157042959,0.006721564133038704,0.006063146898587002,0.011698209332529963,0.01195602520177591,0.007205692371781647,0.009741930095242213
153452,0.003486959836811687,0.00670206205939522,0.00487587725702654,0.002595600537725909,0.0033835146618158007,0.0033172466383595833,0.0023807211482058804,0.0033059965070498937
153454,0.004103815660176702,0.0037441520221812713,0.003453061841796945,0.0034732505333313762,0.0036610528081331695,0.003370578797841764,0.003933671388622884,0.003479566705513207
153456,0.0034279738352516326,0.004229054150515721,0.0021968161684291637,0.001984172598212944,0.0025805074680035484,0.0021831860493882888,0.0023358405408463595,0.002217459811915179
153458,0.004976448152977042,0.008688836881401096,0.0071105323320432845,0.00334070634817997,0.0049985717848999855,0.004573641606266998,0.003813971011269679,0.0032245838772537727
153460,0.0027136409793132032,0.003778606020886033,0.0032887702316670847,0.002305500890942336,0.002309912197974842,0.0021468801471807297,0.001540101466985036,0.0013553265845424184
153462,0.006439555875281722,0.008084707207421327,0.006297326226338884,0.005062424973520052,0.00616519149194894,0.00545613565853037,0.004697840803707942,0.003637700363414764
153464,0.0029730730272471556,0.0034256469788989663,0.00192732921666329,0.001734158159798549,0.0019925361162427407,0.0021441910474955805,0.0017027150346757836,0.0015754418166205042
153466,0.00911152157661932,0.011297050450647328,0.007499637110731927,0.0038534143438622714,0.005128428006018204,0.006745056644515357,0.005923199007122015,0.003385354198870927
153468,0.002951992862090816,0.004937241781473534,0.00865526678289208,0.0037714629251462406,0.003049858205735667,0.004035144328754292,0.002754319422615739,0.0029730506835632386
153470,0.0026363107509437406,0.0033793749325553707,0.003400208834899013,0.0016282133971497054,0.002052694474326114,0.0019523999429471722,0.0018453554154702762,0.0017254995367501635
153472,0.004997874378514011,0.004592373586498333,0.0038909308226725003,0.0029539415185602658,0.004194175027747493,0.003608815391620626,0.003693146544667736,0.002636737694235461
153474,0.004794763153337878,0.00766928989128246,0.004362454932558324,0.002643348626919284,0.0040921532168392005,0.003671176865652548,0.0037367264080023915,0.0027399183171768066
153476,0.004686041560836296,0.006124039408396398,0.004166708903747873,0.0034366435773587473,0.002957629245818938,0.0034013246020103832,0.0019422684798092171,0.0024096461304912303
153478,0.0038240263690065973,0.00497160231137489,0.004503350376078297,0.002900349194976448,0.0038436100102639537,0.0036141310391347853,0.003132124884161827,0.003104583226365476
153480,0.002557714120535126,0.0028317122101384484,0.0028816166794343318,0.0017978357122667848,0.00172193913783808,0.00196038685549417,0.0011415709973273819,0.0014095178769207989
153482,0.003600321711336299,0.00816317806971828,0.006188277673944198,0.0028099354840813717,0.0034294340301264103,0.0026854898765336227,0.0020844753775230984,0.002443870875682
153484,0.0028761531232484594,0.0025517189096607162,0.0015514184350556987,0.0017030470866217229,0.0016350013770092264,0.001414981921648517,0.0016014835337866545,0.0013287240669734857
153486,0.0056164988237128455,0.006239588024259446,0.004097119125504811,0.0026378342858349862,0.0035008310371881374,0.003115775018157199,0.00280973090550779,0.0029679414677313276
153488,0.006281790779884278,0.004777928345507887,0.004480312553729826,0.002933803045665609,0.004036592700506825,0.00548622018777678,0.0036332071581490766,0.0028938910608090063
153490,0.0034490355405936285,0.004509979630580807,0.002825828424249721,0.0018838401037894054,0.0018059340354409509,0.0018261696741262434,0.0019713073207226067,0.0017715736371375912
153492,0.006182773033485356,0.00960644129744287,0.007769377322997484,0.005008992315960692,0.004733187100507907,0.006385106035949273,0.00407258690614537,0.0048145376824573205
153494,0.006055257126945435,0.005213730894632285,0.005620918641998041,0.006210466342713217,0.007595980929014701,0.0065085046651667255,0.006165742583826239,0.005226460756490248
153496,0.002534264181188864,0.0033032086917384462,0.004276067214288526,0.0023312484048312876,0.002658934899126955,0.0027685120783469547,0.0018944823034436897,0.0021390249950592605
153498,0.0025328301041206563,0.0031703774723283035,0.0030227428997398192,0.002061321452109924,0.0026296509380076133,0.002289695738635411,0.002059208823457226,0.001927216372056506
153500,0.004174161922112285,0.005522146219190616,0.0031453778189530907,0.0026111000472640727,0.003410387857883182,0.0027974134683396296,0.0022248969807559527,0.003503563863273565
153502,0.004643959271373399,0.006574347725703034,0.009987149197494327,0.003996374854371931,0.004284299102499611,0.005182708955094262,0.0035127423640513578,0.0025943017603580337
153504,0.003925194594668613,0.003451629891948041,0.0031637040161558577,0.0019271705809844608,0.002254192115433762,0.002919685463226074,0.0018195906491769165,0.0019782036030593364
153506,0.0035885764469141407,0.0026128344995535735,0.0025432656658750524,0.001804834891224863,0.002100591749794059,0.0017587026833896235,0.0016579931735572068,0.0015730222190524362
153508,0.0021845484758769573,0.002804346218486811,0.0023091441664525036,0.002253525716370497,0.002326657552764788,0.0022910128980493383,0.0013418857861986627,0.0020275601322678055
153510,0.0035371817962172175,0.004058950381025606,0.002816170009698263,0.0023217761141189897,0.002917850364280841,0.002804756963749322,0.001902406199907461,0.002663544463722689
153512,0.0023528337603249266,0.001892128031371565,0.0015930923672777958,0.0010571421688434501,0.0013951718615568126,0.0013076665452641661,0.0012442770800282776,0.0011519718039490479
153514,0.006786120157130426,0.007473680326358034,0.005130418373246182,0.003478284820337907,0.005410261320017151,0.005288298981211748,0.004487919045560729,0.003891544778068093
153516,0.003888555861761636,0.004606315460225829,0.0025074916494480792,0.0017079381442650643,0.0024532437296734266,0.0019996393125867318,0.0017117935244948534,0.0016369972661328808
153518,0.00487386719781413,0.0036465610276190663,0.0040660166279998244,0.0038511812486314995,0.004099262604696785,0.0043834219804850805,0.0035702305562603787,0.0032089745007202325
153520,0.0030355676217210803,0.005422251038694981,0.003901054948451055,0.002271968912594527,0.001911696349889136,0.0029586662257015256,0.002053070196918194,0.001944728315051228
153522,0.005299961934466746,0.004150251227683421,0.00393079619386999,0.0026051999915683993,0.00367398215114724,0.002647566654887315,0.0024904809779793258,0.0027937947534229096
153524,0.003575911564511536,0.003412642063413754,0.0032074620192308473,0.0018653055176296451,0.00191608556889733,0.0023810596098796655,0.0020990349050809126,0.0019361737304560145
153526,0.0131504308829824,0.015599789961627586,0.01156092993453589,0.00898411805061361,0.012318180359647768,0.013548754395110996,0.008201334307025354,0.009405008748695431
153528,0.005274245074859074,0.005828005645078571,0.005659922081338087,0.0026552491235953823,0.004018914815153762,0.003439542624658634,0.002251080975025632,0.0026291546568026902
153530,0.00717591444476634,0.01161078311735958,0.008070113585395555,0.005550473432762937,0.007379834254284623,0.008228002532689127,0.0054440403476017085,0.00474307286957526
153532,0.0032732251740519858,0.0037476162735928242,0.004446067295900358,0.0022848696318967243,0.0032168215718809123,0.0025322991785538124,0.0029866959260172465,0.002373763119863939
153534,0.012981235430150007,0.009735083427342917,0.009815547957346349,0.009060054530436956,0.011296187291547855,0.011735820755502724,0.006650292260391988,0.010058921090379869
153536,0.00435020428710825,0.003853134998130836,0.004076152778287545,0.002935085288422956,0.004305048378233645,0.0032194014855818076,0.0027799451025806304,0.0036917991907219894
153538,0.007531643305929203,0.008634724168746166,0.003994419491171242,0.0034882763225676516,0.005468654307211551,0.005494279156949278,0.0037230691888216066,0.004382156305908547
153540,0.005281363903542946,0.006464274616835353,0.00369941025674253,0.0025788091303004107,0.0035879078831988626,0.003705592648744052,0.0028436193163972195,0.0025440194536435895
153542,0.01242567527869115,0.009786645411182848,0.00863905317032071,0.007023566879710508,0.008898016374875084,0.010374242677105627,0.0074294687674916204,0.007526038336288288
153544,0.0014009337547895573,0.0020688127994373945,0.001525863190222021,0.001018356896174813,0.0011497207732560355,0.0013109302436748044,0.0008631080725299972,0.0010473223776012036
153546,0.010498299838142044,0.01665283756555258,0.012888932904385142,0.006478944837669032,0.01229680714638115,0.010022553987298899,0.008451796509538534,0.009677359185640777
153548,0.0042359739868894075,0.005143628603525352,0.0038397396958590596,0.002204517754395008,0.003632672758470401,0.0025268255694502195,0.0022201874345078587,0.0019330097264683849
153550,0.005015476096759619,0.005876538528097941,0.004420860916339253,0.003065291053687469,0.003732655840467683,0.003255954084027249,0.002976873080389686,0.0031834697034655163
153552,0.008445433067905128,0.022406012722983926,0.012566397791236028,0.00447421147265864,0.009814924964661798,0.010920949841386696,0.0060185207539940055,0.007142437287623038
153554,0.00204912328323327,0.002635302827560304,0.0022627579432887845,0.0012520727548379629,0.0016114543146352744,0.0016284839837778092,0.0011302154706297612,0.0012856391888699387
153556,0.0027943051552277304,0.0021425125954197544,0.0024586858625064295,0.0017808877148581814,0.0027376817630475753,0.0018619305609843956,0.0025268510370347053,0.002005329901781039
153558,0.0048371175358009055,0.0033722958312965567,0.0029043679030876235,0.002426484634272544,0.0027379195679833185,0.003384566136163336,0.0022657182561794387,0.0019586701862159828
153560,0.0024479985752334926,0.0024604931160576715,0.00207928192916719,0.0012965986265831564,0.0021271099876488814,0.001993317085358451,0.001312125019538049,0.0016072393342492775
153562,0.002577667758956681,0.0037732595071491293,0.004041280389693647,0.002298525867019896,0.0022484287620531257,0.0021357185895718445,0.0017476230662092362,0.0020001980777846345
153564,0.005827284444749559,0.005340151113508718,0.004689448140169417,0.0038861867349918727,0.004519835980112463,0.005045659703109218,0.004341619643671635,0.004165386436494112
153566,0.013707350270842689,0.017832654214601007,0.01184483110804374,0.007788284088965869,0.016037113905341904,0.014307896994101788,0.009286597548579023,0.013959062354040874
153568,0.0035813638919499763,0.006498914997586702,0.003563000891963819,0.0020322704323577773,0.003220734536099071,0.003405389053059482,0.0027450573474241957,0.0023003629705806716
153570,0.004639307583098606,0.004152124338920038,0.0024227748397138843,0.0030171192631272548,0.002280193059167601,0.0023298136371274897,0.0027668281967574565,0.0026627616364410245
153572,0.006165327215051031,0.00723924753823213,0.004619652531634211,0.0029631712336542076,0.0039586540882386445,0.0033346948073976895,0.0027582278647032693,0.0037237324969279784
153574,0.0029962421225884217,0.003496251823088825,0.0021468142109602045,0.001647974490371143,0.002572134350521671,0.0030583575216361347,0.002166897479093599,0.0015484447250263683
153576,0.006729504913769668,0.005656822799942951,0.005138732995661144,0.0035504234358741393,0.004474890272839538,0.0042928435134828025,0.0027702890189030965,0.002661629124421694
153578,0.004251486086349898,0.0029824908385129995,0.0034763850589328293,0.002014491189146775,0.0024075633530935697,0.0024198242941420173,0.0019593349971422924,0.0021731402945403128
153580,0.010411821060574644,0.011782927202778959,0.007405101949999049,0.005304182712651484,0.00796668470138684,0.006627147463867056,0.004831747538629694,0.00585664164909705
153582,0.0055721259536816725,0.004981848512134235,0.003609197189021529,0.0030473841740135676,0.0035723811123027915,0.0037281330115060407,0.0028433408112482628,0.002972075768214788
153584,0.024929908346075003,0.02547228512144195,0.016772265099973538,0.00989454117311489,0.02240773024158571,0.02361265934473522,0.0165923125676537,0.012415116629833689
153586,0.006564178438826007,0.012689488606414445,0.0083306208666869,0.00290461846201856,0.005238999054491877,0.00594917670416889,0.004050240013458384,0.0052223980895327315
153588,0.003899611096261482,0.004970565349454725,0.005846977612128379,0.002366773952947057,0.003462501482294711,0.0041819386274122294,0.002309061104961929,0.002617477895331191
153590,0.0031549305609768347,0.0025341872917614694,0.0021467586320005894,0.0013726382805473586,0.002120138055253254,0.0014510775499968626,0.0013335240612600274,0.001843380219702928
153592,0.006231680697519393,0.010003193871846783,0.006377792440033725,0.008135549328296188,0.010669205617786448,0.007351753892177237,0.004999229203440925,0.004645365794791412
153594,0.003648584582488859,0.004130715857564304,0.004373838775612038,0.0021019295265498616,0.0029387818292320317,0.002722328619203296,0.0020030624327010416,0.001752034993975693
153596,0.011191469800990783,0.017127924047116716,0.013493392630119283,0.00971373688112842,0.017927997339646007,0.017392947598555475,0.00848480122872669,0.00938129363103718
153598,0.006410094757752172,0.0066487223409810725,0.0051862260260771564,0.004017880481425928,0.0038420692243957277,0.0034399490083220213,0.002938725687408328,0.0038893977723798573
153600,0.00557532656390336,0.004539572922912571,0.006869502827445473,0.003959406975732271,0.004426599344725057,0.006509253629718492,0.004502996392830916,0.004928108511409457
153602,0.0035998558952924503,0.0036268032378533044,0.0040554480302961715,0.0022328369953809185,0.0027451229283741996,0.0028539901152591085,0.0022292326364965614,0.0023594201435496315
153604,0.004792824560660769,0.0036870297415809855,0.0037540483292231586,0.0031112389500554394,0.0033511578378955797,0.00364182134932195,0.0030702546345375836,0.0038706047595239573
153606,0.0029850515554835783,0.003927061039342483,0.0035530440888544845,0.002134682312389169,0.0024110031990692976,0.0018582952839963363,0.002009194355810942,0.0016471171329204837
153608,0.006039946950594732,0.009023546000277938,0.005576595047394939,0.0025759329197217046,0.004858312637529005,0.004272809403176092,0.003723465166197093,0.0035500030314137426
153610,0.0028782016990247516,0.002077411740911708,0.001421204136646828,0.0012368125616135789,0.001834501895585705,0.0015300205685792184,0.0012741408433865203,0.0012143335732170968
153612,0.004198021576613309,0.008628897102111788,0.004087310354013107,0.002398656277922351,0.0030281495509703604,0.0034957998372855403,0.0025327847333065368,0.0019578472432648653
153614,0.0039062388241370982,0.004437951368402304,0.00328643132026607,0.002170423686064807,0.0024899496767800816,0.0033320368391236976,0.002279241459252415,0.0020713779272318877
153616,0.0035094118446493128,0.002684289620038749,0.0022127255536769225,0.0017292879225264124,0.0029133284786004993,0.002830432140402142,0.0019109354470763784,0.001699442981507815
153618,0.001771599038458263,0.0018375232567163224,0.0015184028717929593,0.0010963562352572925,0.001162226219780807,0.0010769585796638476,0.0009425221374187581,0.0011194678059039398
153620,0.006547047371180392,0.006296084670947055,0.0032778376892004385,0.0034452595450891327,0.0043651894825847415,0.004073195533533858,0.0036898424340232744,0.002773513040475406
153622,0.0019972055800188265,0.002798205990244329,0.0027818766061647043,0.0014295195919851317,0.0018821627858174456,0.001878225901964528,0.0015901475935840015,0.0014341141250220901
153624,0.004878824428163009,0.004910101225963359,0.004792741000550438,0.0030988088630157784,0.004188402241768474,0.004028417070094159,0.0036164565208940957,0.003759248742186083
153626,0.010033582880801861,0.006204046883349579,0.009300268799138145,0.0049631185829169255,0.0053965989602036135,0.005068720444999286,0.004937080538987504,0.0036955444102211438
153628,0.003949521073707496,0.0029634352672280873,0.003784707533822221,0.0024677224779363766,0.0028110481585550545,0.002870275214243101,0.0022274224063694725,0.0023833956874883544
153630,0.0035980818681571325,0.004489196906222459,0.004507536232502274,0.0026859640305266913,0.003821831745711171,0.0036204619006555833,0.0022990024002078613,0.002307782075074552
153632,0.013950781957597691,0.016169922743927367,0.010697246118396786,0.009991962737148308,0.00897760806441128,0.012061465200945642,0.007562069295420637,0.008699087914210146
153634,0.0047861513316598825,0.00646239978266383,0.0029042671204117104,0.0033327168236649968,0.0049234619235921095,0.004318583633980355,0.004062396308228466,0.0032250459019076416
153636,0.004553109701348257,0.006740514638021777,0.0038015319427495697,0.002495601325613883,0.0031798050583470433,0.003995771051956476,0.002602856434256298,0.002757184377512323
153638,0.011466677988480889,0.020285551466835194,0.014281531241424839,0.005225777790576425,0.011257050411828118,0.01185106918887563,0.008775965071433023,0.006918170449367267
153640,0.003577759443948461,0.0030320432963302224,0.002383847834761546,0.0018463096348588781,0.003049654123899792,0.0027954864258141754,0.002504436253838671,0.0023039267269238245
153642,0.005391314130141434,0.005752194389975485,0.004381297171897336,0.0037512788029006594,0.0058872204739515155,0.005085871442752021,0.0036199217151158813,0.004478882380126947
153644,0.0022949823535212688,0.0026963626766475374,0.0018755300341555398,0.0014608711640564653,0.0015047160241377228,0.0017868081008032832,0.0014291860799253847,0.001409718444168817
153646,0.01043389200812822,0.008831055583474523,0.007805791921706773,0.005238710004423552,0.009662811396327131,0.009243823118597005,0.006491961506693622,0.0054440205572783285
153648,0.0124296537881039,0.010334087214940946,0.007533199103317623,0.006800020413157748,0.012389683386639094,0.010731528023602055,0.007746172896199666,0.005549959441113528
153650,0.005684397483731951,0.007296704544492771,0.005149067574974575,0.00453703018280649,0.00490878672170908,0.00559785244580896,0.003886373451715955,0.004291954131099784
153652,0.004313168156717728,0.004865642968533701,0.006013955344826627,0.002619573668483144,0.003717616300322968,0.004159353841588553,0.0034301387169945047,0.002847599336955678
153654,0.012003368654847135,0.009653564999891062,0.0038306979447862016,0.005245686101274183,0.00948042043535069,0.006013035537905331,0.0054544946619439205,0.004252151662975656
153656,0.008207867029215221,0.008143657278027183,0.004988929350357774,0.006202895535629915,0.006440403704930597,0.0055807687083950785,0.005918605705135471,0.005356213888774164
153658,0.0028040357134551663,0.003302807469934846,0.0035516062066314746,0.0019436474906795592,0.003112531544516628,0.0026537574131140773,0.0017969433736842455,0.001613811691191916
153660,0.002412366504739652,0.0031567973021479206,0.002406910111139249,0.0014607535559152535,0.0017544218572684983,0.0018793781751858113,0.001394575541071641,0.0014921385600824705
153662,0.0028895832288938217,0.0038569523656578064,0.004074801006411166,0.0020383698344734885,0.0021153540176915286,0.002197734687362299,0.002116685174370636,0.001674320530680673
153664,0.005685313150450233,0.005177461318361942,0.0034137977412265763,0.0020781979598274436,0.003933842419672706,0.003322535935574425,0.0027025211053782194,0.0026700333580629426
153666,0.0032161983042312686,0.003963369487052726,0.0024522426562124805,0.001894039671578987,0.002514035751849511,0.0023368020815234397,0.0018235664831218884,0.0022938214158008258
153668,0.005870767893853213,0.011057520455057868,0.008639180591791862,0.004303073634753796,0.006985296691681742,0.007430566966775631,0.006348405434813964,0.0043925514908595975
153670,0.004618776498999166,0.006750092325811752,0.005523365448383055,0.004221455447543043,0.004407150367534918,0.004687396290501633,0.0027680044297540007,0.0030746343186111164
153672,0.008542980409147527,0.011814865504043093,0.00597119771192528,0.005393668946875041,0.006844605924603064,0.006143574458772116,0.005438486176350621,0.0056225364373010955
153674,0.010132799340634213,0.012577877863364562,0.00789250197291147,0.004641285940842954,0.009116262985058354,0.007868888231474858,0.005248993438364602,0.005108288899480284
153676,0.004015367463595931,0.004114794979437342,0.005735125951971176,0.002899275548820468,0.00343544255219054,0.002994756176399882,0.0026409523608606073,0.0030120949750491732
153678,0.01217897856581468,0.005449068254668399,0.004280507785063614,0.0033625289842229567,0.004910700589723982,0.00478287056365212,0.005114787588167469,0.003806981189007852
153680,0.0029588696717630786,0.0034434606382412053,0.0039955760740251756,0.0034482904138660175,0.003812618814486371,0.0033546894555094298,0.004001033484104577,0.0024928745807537567
153682,0.00420945191854788,0.007453094721658005,0.009585105038215858,0.004028549479528687,0.003478871461137803,0.003966468660210332,0.0025948994915694357,0.0027219049079585944
153684,0.0037026996060480905,0.004842285203061403,0.004553715021447857,0.0018583694771435871,0.002472462241007292,0.0031613547190199043,0.0019471821452293897,0.0013855104126072604
153686,0.005385790208332575,0.005789402465240789,0.003822226031264045,0.002434820725544365,0.0038210008647152766,0.004371226636097403,0.0033107499380974487,0.0037326367222313556
153688,0.005425163560257795,0.004646218952455927,0.005174349169930148,0.0029668448304533968,0.00395033209548501,0.003873602536337298,0.0034615309001895245,0.0028793258080748174
153690,0.0050163763085828705,0.004958406199115972,0.0036267722779013273,0.0027363564821236835,0.0032007496256475504,0.002335453819613323,0.002269711891483228,0.0027542103295435383
153692,0.0034167681428007857,0.0032536706467165694,0.0020828769127236857,0.001575793751665222,0.0020624761279341985,0.0024563637539399275,0.0021163016184755495,0.0018023624074565842
153694,0.005282829185074223,0.005217584604091441,0.005251325607862123,0.0033623557387424535,0.004473832722545146,0.0047491481170514604,0.0038019830645455444,0.004047376556526816
153696,0.002559449222765464,0.005720378389117764,0.0041594441780881675,0.002141705337511249,0.002178213130665796,0.0028384463545836486,0.001547387689565874,0.0014531717248672665
153698,0.00405146724826283,0.005865606076513652,0.0044472845295212005,0.0029862553743322806,0.003624164488631232,0.003770282978397113,0.003171756981677057,0.0034540439344116353
153700,0.003433400854560134,0.002489897627926521,0.002304061194826193,0.002124672664972904,0.002959170395683844,0.001987007857446446,0.001731929613569952,0.001920316243448364
153702,0.0029679873344745783,0.0035634932269577174,0.003192106343872292,0.002129528765872968,0.0024346310266261245,0.002748725618319847,0.001833003630749508,0.001922996068957572
153704,0.0038274084455914292,0.0034378260278647432,0.0028037619151497495,0.002059811354986396,0.002141134727949634,0.002152996936040985,0.0021657919448279106,0.002725143442826608
153706,0.00827357041981941,0.010206505301141533,0.006077622110469472,0.005435953501219615,0.005944297607025695,0.006337687654143276,0.006619529191476126,0.005044901866108953
153708,0.003567486087553695,0.004449384524840561,0.004357252992122973,0.001765682948067726,0.002560506250100014,0.0026603062434187863,0.0018325886533030605,0.001961112996999914
153710,0.0030203888106185156,0.005545107112401804,0.003177575365057153,0.0017906760914772196,0.0025821071713784255,0.002666653838626021,0.0020164931003654463,0.0017895718303045371
153712,0.0033853138832057456,0.004196068641513284,0.0029104060052633773,0.0018452216332068977,0.0020326882854002776,0.002679150355105131,0.0017849545246449022,0.002403759564718
153714,0.003962387349837337,0.0033580282109946374,0.0027613211421917416,0.0022071656508794307,0.002582814439131345,0.002147269916516828,0.002255952675005668,0.001682074615922416
153716,0.002431259590004578,0.002276161772493346,0.0013346177596463976,0.0012070542928588474,0.0014600753369476,0.0015504205250691516,0.0011661899774369072,0.0011419068349505374
153718,0.004015785773162861,0.005034457774695744,0.003576668125872262,0.00238735006279113,0.0028929552609459203,0.0030096730975481822,0.0028012281400515704,0.002174473526036516
153720,0.005822244114050967,0.0040952832573709075,0.003532139146189675,0.002986276953279035,0.0030970078608905244,0.0029407641004022267,0.003477141562232333,0.0021979054901857253
153722,0.013310721223589506,0.010051097412167032,0.006624782201697599,0.006035570220376485,0.009730630562078346,0.008706702986201131,0.008882589402895213,0.00627594012678756
153724,0.002903159429275215,0.0028879429940800727,0.0029145225754057535,0.0017050194656424017,0.0024578018766909793,0.0021733441781371376,0.001602486109129178,0.0016664033882945462
153726,0.0019663698979321964,0.0020464691754890213,0.0015819326033961745,0.0014112330894738984,0.001394357970099458,0.0012709750902573647,0.0011582816346731306,0.0013737539749226202
153728,0.002897377896133105,0.002715181259003663,0.002737262315910885,0.001516320508237412,0.0023699349952632925,0.00255093086709568,0.001757015210919699,0.001606886294164278
153730,0.004628852341295675,0.005478649113055178,0.003670998552001273,0.0043371867324504265,0.00414705898415324,0.004075241425405274,0.0041022980123592845,0.003763385428546831
153732,0.0030887063088960165,0.0030965302249437304,0.0027139441096997313,0.0018731234016256537,0.0022188992205798286,0.002407304531465773,0.0018728970428674163,0.0017386394334559796
153734,0.00194220642105071,0.002773515394747017,0.0024284191668172556,0.0013590699510322019,0.0013766509303338031,0.0015597498772140922,0.0012856621635810722,0.0013583591983580418
153736,0.0074014709551289415,0.006957985432493041,0.004332409852603247,0.0040315160211579215,0.004959302324243853,0.0036238267514105,0.0032163690101794234,0.003827877233901225
153738,0.005954000312444807,0.006508846081865194,0.005008982824400654,0.003603738914658164,0.005511293154097319,0.004783585784445599,0.003487642688782211,0.0034886785338708592
153740,0.002802321735282512,0.004351753352704935,0.003171860624819056,0.0017125069101988633,0.002288973850676626,0.001918511150659788,0.0018319415608749612,0.0016933451834240248
153742,0.00397373013652591,0.004439324357688401,0.0035918237492872512,0.002532100470726953,0.003241753009919482,0.0038885730521818207,0.0031513045511478155,0.001955819308735021
153744,0.005510560851741675,0.00795049193613867,0.006205811082058199,0.004284542943197245,0.0065507385695418585,0.0073612090654116,0.004081524028008099,0.0048841871905103695
153746,0.003564699969552443,0.002901947193322485,0.0025751868953265977,0.0020782081493858073,0.002568623669731096,0.0025314837762758224,0.0023127268980038945,0.002267042691749488
153748,0.008270515636468245,0.006679612766463061,0.0076265351642357815,0.0048260813511744605,0.007104371667922216,0.006702659823866475,0.004416982896451538,0.004646219968166498
153750,0.011259894814075244,0.011208229944335513,0.0075529314325462615,0.005364008764975614,0.009675648578794105,0.007169329333087726,0.008657073239011714,0.006221274679738598
153752,0.00587254115139052,0.008393301193393654,0.005512429314615597,0.003245660729316535,0.0036664406106907826,0.0047410647255328175,0.004123042443212377,0.0035167636944355984
153754,0.0024965110681398617,0.0041112208401195005,0.002155791178105382,0.0016180991114845278,0.0023273907498478352,0.0020392546128035344,0.001555872299597097,0.0019399686999543864
153756,0.009384190523494595,0.008968757705155816,0.012053000991274543,0.006319724768941493,0.008016917447963012,0.01080081077064593,0.00802369666148689,0.0064460864406302165
153758,0.005102864062662471,0.007981778286767549,0.008325917075416245,0.0043586341013259755,0.005970242034004036,0.006742325383961634,0.0032260466456869447,0.003362961469349904
153760,0.00777078803127168,0.00980399038256885,0.006791560417054809,0.003222901490310806,0.007822935877400461,0.008224435889702342,0.003787022144941865,0.004956058189762358
153762,0.004012689099241129,0.006247112872873828,0.0033292621378206017,0.0021405866006385943,0.0038996329637663862,0.0030112878468893656,0.002665530500379154,0.0019028787339653436
153764,0.005804198945019101,0.004690598229363019,0.003299748366506275,0.003395712863477632,0.004796041662800343,0.00428751640699776,0.002953803435511562,0.0028171708165649623
153766,0.003634930527989369,0.0031235764899106844,0.002789792315900874,0.0027329695095268947,0.002574188836051372,0.0029018291944696295,0.002595142398845951,0.0025189106294343233
153768,0.004926761266901503,0.004824022590371124,0.003595108258629978,0.0031068992940943563,0.004246519712589825,0.004102713190004048,0.0028360116186343376,0.002475242300184491
153770,0.008746046250269979,0.012564351610823421,0.0086282756090586,0.006004539896101113,0.010154394014535661,0.00921760812526018,0.007974493845115171,0.005484306513823478
153772,0.003897093486341943,0.003647235483542191,0.0027750600122475877,0.0018919527028458255,0.0024933559691003304,0.0034087163972913587,0.0017140726250815114,0.001512179189793239
153774,0.004645793379495444,0.0032708014628546472,0.003332508218879815,0.0025695386936430836,0.0030364272634600398,0.0034810620238563544,0.002227585919386557,0.003283418662131235
153776,0.005135871715487517,0.004350220995100962,0.004885242182490979,0.002982548617526684,0.0035807365715357364,0.003115050588757287,0.003128579518620056,0.0033148268416565707
153778,0.004082916904681044,0.003733744750344395,0.002755629490225689,0.0020939464156381066,0.00257323216615625,0.0032956011928631512,0.003099513150339739,0.002487349758439672
153780,0.00411309085782513,0.004302923103588263,0.004470885000031066,0.00317765432350349,0.003963369487052726,0.0032272938785462557,0.003313017290839229,0.0033005320571404817
153782,0.004937666887921355,0.00427989263437617,0.0051663634984642215,0.004196110147518306,0.0031362042236197235,0.0048223647222803145,0.003709883504665959,0.0033288077525119864
153784,0.0015378088017192898,0.001298230567716177,0.0011099820059840143,0.000917453867907092,0.0010769175030384132,0.001107842085082078,0.0009012754664503575,0.0007949534703046712
153786,0.004843750482002085,0.00925573530026208,0.0066783572164661464,0.002916560625793929,0.00307546848488105,0.004215100842446029,0.0030285616101677487,0.003388828316286896
153788,0.004966441686137024,0.01434396540753724,0.006621790446705023,0.003387352942940902,0.006219230948837584,0.007580746919089165,0.004740959045519466,0.004279176151670505
153790,0.00913385238072184,0.012507052875219193,0.0076566591540996876,0.0054896930228578444,0.008846467191013174,0.011691392903838471,0.007170281955414026,0.0073826520201834
153792,0.004056891499048199,0.0044831456494522914,0.0032628309066989325,0.0021949545739564785,0.0034447334670933416,0.003863090387954904,0.002711086197122514,0.0024975084763746574
153794,0.003899313797331383,0.009169151946393284,0.00872178308721111,0.0030356263230874175,0.005475439991010411,0.004559394118013538,0.004288281401728433,0.0035033248417472157
153796,0.01129100111253245,0.00929294710163564,0.008432573800753795,0.006878453641927573,0.007712127485251019,0.007255186799072499,0.0061746149235624714,0.006147576566228885
153798,0.008152855026491379,0.010173953935325386,0.007753965082515857,0.004104074356448495,0.005750541096292361,0.006142972970346661,0.004302743251622054,0.0036938986525310163
153800,0.004707156951391733,0.004788026708556714,0.004218575635777599,0.002698377163922308,0.0033126300536781006,0.0033869193257987096,0.0031155350571845375,0.002396736557215784
153802,0.004018677709544116,0.005469055422943292,0.0029731814968694814,0.002497079927563428,0.003858646546112468,0.004638893490786167,0.002876834835152664,0.002156446081219912
153804,0.01077316835942832,0.013261364756324279,0.010406504587209042,0.007835422016448712,0.011226125147383081,0.01113082333593779,0.012501640764955246,0.009702477199513615
153806,0.0027240164055720856,0.0024932890034872757,0.002586931992623956,0.0020835033018267723,0.0018626414503991051,0.002224689990327336,0.001878746770956008,0.001970738052688381
153808,0.0012982866747113797,0.00179577277197919,0.0014556582447223243,0.001053629132215017,0.0012916856649015096,0.0009957883657707445,0.0008993142272543247,0.0008675801584008581
153810,0.007709015946233466,0.011313490023196815,0.008267269022948442,0.0052655944162572355,0.008710139060648159,0.009526111589090114,0.0063808797328528954,0.006136506786698137
153812,0.0031822788826075254,0.006083483042731652,0.0030743434818892995,0.0017210132946121753,0.002938823431073212,0.004020576639973683,0.002371669787060174,0.0021214830702215443
153814,0.008711193241207005,0.015220831394206158,0.007866552724750342,0.003858537785306204,0.00847266226650678,0.008470066011180555,0.005012411971883124,0.004398148981864303
153816,0.006739584890014305,0.006711999388330447,0.0048231377376775075,0.0035533301013599417,0.004460580597216934,0.0037459626085036835,0.004256480639110771,0.004064349237671516
153818,0.008858489465865205,0.010271836495633124,0.008201561019101133,0.005033201785754893,0.00808083553950395,0.008316821953391562,0.0051880955589971856,0.006350389531442124
153820,0.002597507543336486,0.004203092832945343,0.0034866219554088307,0.003110660071162799,0.0032497334724921334,0.0025559958037603275,0.002383880938137184,0.0024938273580528275
153822,0.0030176656336766833,0.0028146622153962936,0.002559920786814898,0.0017662487174181646,0.002065102670872898,0.0020499439365822547,0.001816840666041486,0.0017709493236543056
153824,0.003301895070097205,0.004338636308321375,0.0036008434431993863,0.0020776922494693123,0.002512769871288789,0.002618047792446454,0.002251629635725616,0.0018602437466304217
153826,0.0030508396220170347,0.0028091440669888446,0.002484669492795036,0.0020461291074289623,0.0019879694498215472,0.0018892304822615835,0.0016712455380100272,0.001478945338482307
153828,0.003224570338568933,0.0030608970090393317,0.002885648808440569,0.0020637577127031875,0.002254756014084036,0.002129237215998059,0.002035152274291241,0.0018965184271777652
153830,0.008578937841503598,0.017870976098507185,0.014458242395518406,0.00594680125542002,0.010424654904399644,0.009997169277749463,0.00931746945207479,0.008188342736309417
153832,0.004596241964632819,0.0049328441558680325,0.004220272427796212,0.00429158708027183,0.004391934266150754,0.0033958170640657898,0.0033874956090486213,0.0034007762543342285
153834,0.003784166230556052,0.00394246607771237,0.003921479832692809,0.0026035961909687405,0.003358608507983765,0.0036141807574652796,0.002785891453081002,0.0031544392729180443
153836,0.005218453257388234,0.004419155962872345,0.0038129371733681833,0.002397771111663227,0.003086413176342853,0.0027389434166692622,0.0018875928466679515,0.002179031412691948
153838,0.004844527283801803,0.004096571659959247,0.0035078098379062173,0.002475468790752444,0.002916785152589585,0.003961877099271982,0.0023213252259504102,0.002904784302639199
153840,0.002219957845306375,0.0024198056023314596,0.001442306201706725,0.0011645484398903477,0.0017881178650258622,0.001348877456528022,0.0011731453418306753,0.0011062186129358192
153842,0.003865691955316511,0.0037000669219733467,0.002857172857902379,0.002137567298721166,0.003118196770499418,0.0022914323006126835,0.002219706855405637,0.0020933310713192044
153844,0.008690656561171295,0.010845502424928988,0.008020191930786569,0.0047810724421518125,0.0075812594033677905,0.008964531681566135,0.006546325170822043,0.0066215612724249695
153846,0.0020280362176814393,0.002675706488166188,0.002092213796359488,0.001262882128788903,0.001624539554919091,0.0013693394079146298,0.0014322147478387226,0.001573915346915325
153848,0.004476282921288599,0.004946970408142626,0.0034881284695365,0.0022795110887076225,0.0030484725584756234,0.004065759134006308,0.0025858744495446118,0.0029371850258311932
153850,0.003173573289622658,0.0031845505882755476,0.00277523663462681,0.001659581728211068,0.002914346803800996,0.002778425438521026,0.0019930200462789927,0.0015616822315927537
153852,0.0024222973805530096,0.0031492249401910005,0.002623449453540483,0.0015186200422529078,0.0019909254351536815,0.0017854040552279932,0.001698825369084292,0.001476613924877912
153854,0.003620901699722623,0.0036494640160866926,0.0032208245998897045,0.0023149306372496903,0.0026872457685487294,0.0025587621212689454,0.0025809351678701825,0.0019779610407164583
153856,0.002364382275074642,0.003960348420207538,0.002488752690782539,0.0019298744942608526,0.0017210061855941206,0.0018387546695170093,0.00135485978088358,0.0015513345055335886
153858,0.003971891136523631,0.004389790611361244,0.002535374144363667,0.0021598086519247772,0.0027857282554129142,0.0028750384226441383,0.0019352299933900335,0.0023268688741931443
153860,0.001408385233616652,0.0017095784756198662,0.0022493732017659362,0.0018413891366577673,0.0010604072567312883,0.001447454927917105,0.0010205007229539126,0.0010156885933699927
153862,0.0019392438591697841,0.002296436705763405,0.0017889837445759227,0.001726098453129779,0.0016656829474938212,0.0017269352529352688,0.0010296964263805664,0.0010692302103270657
153864,0.004179760150644418,0.0032453237130170565,0.0027007532594786193,0.002711448930831764,0.003255732591239069,0.0031980103459694625,0.0022729094026929936,0.0029423917831297164
153866,0.0028727629469234156,0.00247027064627231,0.0019030006143721523,0.0016838156010402644,0.00185105141442371,0.0015988807490519563,0.0017061514922735999,0.00139973850207821
153868,0.007856465258620438,0.01637791767885588,0.008004635426282825,0.00485685138835118,0.009462826431640758,0.009271743970569235,0.005426918693596294,0.006479987177891111
153870,0.003765617158347792,0.003437876702619358,0.004047529185467136,0.002344750459429293,0.0029705499404986263,0.0036806870239941697,0.0027002220505989577,0.0028422245437878524
153872,0.005494121211037317,0.006377223621790995,0.003565498497978395,0.0024691924288156586,0.004306086766646899,0.004695941308080487,0.00361427571594769,0.0027684093688524897
153874,0.0040798934361397365,0.0032905500703270807,0.0038641745381016307,0.0029319675490511177,0.003348879193663612,0.0036587567443655544,0.0027164078173032152,0.0026557436378746857
153876,0.003721716387118948,0.0034984002563614447,0.002617464935181793,0.0015729344567643744,0.0027866595294201574,0.00270558570833046,0.002056710036630452,0.00210165216842384
153878,0.004986586751329014,0.0068421861425713715,0.003908744479963255,0.0020350947989423857,0.0024107372420579254,0.0020704967163093363,0.00245778045318229,0.0024068523581411427
153880,0.0043255018213353424,0.003405633840811509,0.0026631184314629963,0.003107253963698098,0.0020763241852451153,0.0026601848100452075,0.0023158559541730656,0.0024469466060886985
153882,0.0036139250028517506,0.0035354427742029793,0.0017572266472494352,0.0019050354558517585,0.0031502117602733165,0.0029751107178289105,0.0020041012799870833,0.0013577831527572665
153884,0.007494699382334602,0.006871022016723183,0.003938901198365707,0.003456775087079103,0.004695884124920946,0.00434766013263066,0.002946536161954963,0.0027656079380104087
153886,0.004084034805320658,0.0034714109702733836,0.0027691409215219315,0.0021425319080228267,0.0025675204197522228,0.002740740878142356,0.0019261453305347148,0.001855964254107223
153888,0.010636014677004368,0.005555469161047155,0.007853400004510291,0.004087226520171905,0.005687830209402611,0.0061881159101751515,0.004962815201731141,0.004902752076465566
153890,0.014160147737809547,0.01602326972749979,0.012477563753089671,0.0102748420805574,0.009164338315724108,0.011346814544626938,0.00937612594668824,0.012112342368224782
153892,0.004441385729379077,0.004104424707201737,0.0029938319276757858,0.003186194338762896,0.0032888069773690104,0.004174130152064193,0.00343875308546715,0.0016891217361381244
153894,0.004901777613421088,0.010480439405572639,0.007051134048907726,0.002984685206307583,0.0040051544478816314,0.005030737838558119,0.004037566947681592,0.0037698268794033596
153896,0.0031894540786447934,0.0038909113033105402,0.002209344786804915,0.0018193513409321543,0.0019656147061635765,0.0019660547215277213,0.001680612163505124,0.001706609455897956
153898,0.004466281003856987,0.0051195523647940555,0.0039327985339652205,0.002615523943412301,0.002864180018644691,0.0038762512439963204,0.001972114227791144,0.0022338101995944687
153900,0.0029872493082279267,0.0044045006079796445,0.0043164462095512945,0.004004321787547449,0.003209101963828745,0.002789322856299195,0.0038315815323965025,0.00404084275693628
153902,0.005587622461569242,0.005522346646353649,0.004963172121735804,0.003029338243699789,0.003697808038801098,0.0039939928786927315,0.0035281585977947755,0.002579841386586859
153904,0.003363673985512572,0.0038664961774949186,0.0033281096845139135,0.0017885126523760203,0.002399577374490036,0.0020304181545114514,0.001841124741909353,0.0016597322782821444
153906,0.006693666896429085,0.005756987232764799,0.007826436793068048,0.006274548415226067,0.005023630550589575,0.005584624331798571,0.005516674081157413,0.005419787967642586
153908,0.01035155117743708,0.007926528855845882,0.00996575847972836,0.007894895612796882,0.007759228991645273,0.006828193581487563,0.008460958263975193,0.0048937122799919686
153910,0.003690706004539371,0.005853957534036391,0.003808221577701554,0.002676709387481116,0.0033446430800277427,0.004253313874929887,0.0035349997796175203,0.003101686658992811
153912,0.0032400385830830963,0.003457102319675498,0.0022927000140998133,0.0015631559217146873,0.002553201617515169,0.0019034611950420471,0.0018301303737148361,0.0018126050773736996
153914,0.00248817586118201,0.002581717609687395,0.001570576134880819,0.001117668692565632,0.0015388844815653613,0.0016131107908468195,0.0011993112500228165,0.001283097210888498
153916,0.005235383267210347,0.004125849265864068,0.0031047762682169383,0.002474326064404578,0.003374792344364455,0.0033021206964302247,0.0023775732626868523,0.0026619689296156768
153918,0.004613777108004646,0.005318879552318245,0.0036367899977998164,0.00334945395644827,0.004536740116791782,0.004598157565969041,0.00321789204291191,0.003173102795829552
153920,0.003882472840581866,0.004929670415845744,0.0034438104131835484,0.00311437073308074,0.0024908464895950916,0.003063813649866687,0.0024371686773361767,0.002673821068456539
153922,0.005140277713158392,0.0049701031115179095,0.004483975796383044,0.003908916831543208,0.004774901636148465,0.0035892548929845752,0.0047717770683131655,0.0042486446117318
153924,0.004948994435872989,0.009929756333987294,0.006104825367626854,0.003337383103924063,0.00506703695653915,0.007292821539838457,0.003868029805259146,0.004501620590091626
153926,0.012364695428193295,0.011891476373857623,0.01039172533228716,0.010051133266238743,0.01034748695930432,0.008019800932530297,0.006595229051873597,0.011915931319202377
153928,0.006076207265125255,0.007003592528418645,0.004750345557415214,0.0028447064513033166,0.004268991045064896,0.0046653461435930965,0.004186446724954662,0.00649226887082599
153930,0.003606237780695923,0.004456267394346236,0.004185617600272418,0.0030336968643430162,0.003072451313585134,0.0036907766154021943,0.0033070829983146283,0.00282204532028775
153932,0.005729013508855518,0.004547253649151095,0.007309767469441619,0.003407304110654652,0.003746553161286262,0.003184743998139228,0.0037919888654153328,0.003601590564661708
153934,0.0033758749297527757,0.0029066594741999907,0.0024978908876330252,0.002240696985857396,0.0021965441420706555,0.0020246967473919325,0.002254562143857941,0.0019216590254179794
153936,0.0025124415937527594,0.003440798121767452,0.0029479219104522475,0.0016016493157911121,0.0023596018225935517,0.0025272143386099177,0.0019705290219618754,0.001670827976391287
153938,0.005119365782598528,0.01064463925510456,0.007011806697006462,0.0028752793235055224,0.004601867652163583,0.0064619757364783315,0.003912754268193874,0.0031500566185705403
153940,0.0043668012798934175,0.005768570631183023,0.004374841074686275,0.0029839175741759455,0.004853199746010839,0.0032158780315322405,0.002977788202701906,0.0036178980588223025
153942,0.0024766581289279443,0.002850391064779592,0.0021912651413791423,0.0015916575384539305,0.001951182709967872,0.0014359280843258132,0.0014921753990410208,0.0016527931421487368
153944,0.0027639852620571365,0.003488401736077021,0.0036526721012512114,0.0026940585090784452,0.002245578273385951,0.0019034800485079467,0.0018363656897174702,0.0019728342645644603
153946,0.0044883053795610195,0.004151658661855073,0.00417787407338116,0.002502632312114797,0.0032202795852122185,0.00363380133099013,0.002662280308620757,0.0027142193093079303
153948,0.013627861308689815,0.010505330360689735,0.009147774198936531,0.007626978920449723,0.010527524607346683,0.006576065928483088,0.005765353487072966,0.008267227021691248
153950,0.012063635318221522,0.0167023398365842,0.015211207069442345,0.008478821906257261,0.016288810934078635,0.012031710446194277,0.009817042039318713,0.010123644045070046
153952,0.0057768184465401,0.010234361064360764,0.006633603744872707,0.002719582856459249,0.004626576616545641,0.00463211332993213,0.002984091361352137,0.004318481793237405
153954,0.007666703675710318,0.009265438959463523,0.007061833925659011,0.006299437151417786,0.010127578590531039,0.008861028155653594,0.0057243811451127,0.004006516312238029
153956,0.004206332659970835,0.00279198273110072,0.002537815867834206,0.0017021045125447665,0.002104347962664177,0.0028469469379915346,0.0025060151893643856,0.003203785695298278
153958,0.004559509828914676,0.006365815727860991,0.004651730815731447,0.0031980811310505924,0.003995708884563243,0.003996313624279546,0.003029413698092523,0.002260451659569243
153960,0.0034094372242457482,0.003251460233441153,0.002625652221123334,0.0018745721635085588,0.002315775640379228,0.0025512751973714304,0.0018607855781117705,0.0015237847315586195
153962,0.002495403318525158,0.00347006694858544,0.0024628375113767143,0.0013571064964562063,0.0017206186117895705,0.001496533947478229,0.001235774638008183,0.0013190093300787797
153964,0.006049652040058862,0.004310703341218414,0.0036813017924902797,0.0031565436273257724,0.0037728384663646697,0.004254766863196535,0.0027929264685957467,0.002621107236513001
153966,0.005640371050523507,0.009719556476429858,0.005236666389123512,0.0036794323323433714,0.0033055818366356654,0.004646732916189722,0.005214792917053457,0.0033373237061318783
153968,0.0017270191608079882,0.002244918091051318,0.0016404965474560301,0.0009716432946374788,0.0010570644092714604,0.0013362756253548214,0.001004061886059185,0.0008846127495736079
153970,0.0053441841539130785,0.013949613323988252,0.007932676491464508,0.004868047439341661,0.007294399561942555,0.007668897102908689,0.005017278712167228,0.0052343849130456754
153972,0.00787332625259296,0.00817969909022076,0.006593941527423874,0.004929324118293721,0.007748691154228438,0.005351257355876493,0.004458433187224442,0.004578341933900498
153974,0.0026272906778226357,0.0025764752069774716,0.0020897434218453276,0.0018175448016444357,0.0020932305111773936,0.002187171463504889,0.0014368686783114981,0.0015442292888319248
153976,0.009876837837069274,0.024807958221040316,0.014193574243279772,0.006574797191667481,0.011750161487801558,0.009860646269592488,0.008259725412351537,0.008881696228829838
153978,0.004044108523160228,0.004292227477019017,0.0038858439682039198,0.0020479325656297953,0.0031226521386651385,0.0030583690586306056,0.002294136156859042,0.002700017634281751
153980,0.006189324500746274,0.004159544125996784,0.003375887916636844,0.002683374455178869,0.002669805834337957,0.0024622389227586666,0.0022216034969109316,0.0020120357328839433
153982,0.005236420535102371,0.004833157353318962,0.0033682753981468944,0.002672612252641926,0.003506763214545572,0.003324068003872027,0.0025315921141178116,0.0026838881788739943
153984,0.003796639313265404,0.004301765861009166,0.003324963699345443,0.0023686453775396826,0.0035205278236372234,0.003789270502499789,0.003000110000945036,0.002205401492907877
153986,0.004452328135060635,0.00554580841571678,0.0058746904289158075,0.003223864250936362,0.004294613765962796,0.004252387785157963,0.0031187880006025015,0.003326579263323595
153988,0.0076850148995868395,0.006547697264984775,0.005938822211542183,0.0043788119772472656,0.004246661485471037,0.0073934787255285905,0.00502399493176231,0.0055943711952386455
153990,0.008319627032557841,0.010786693409503556,0.009930720040163321,0.004496459205146408,0.007521922889396571,0.010385735174678112,0.004948499658604055,0.004469988319800999
153992,0.0148410497694762,0.015139409507296586,0.01629379783486229,0.014546904782390735,0.017874063866820444,0.0186764428946804,0.010150461769562524,0.010726354308006558
153994,0.007922530788463611,0.007739523777445578,0.006273239473703285,0.004852221916316957,0.007715479176223505,0.0059164128772005165,0.005967610285169178,0.0049444606019167225
153996,0.0012252128082541752,0.0013928051400636937,0.0010727974462412249,0.001122222351095506,0.0009775615988694697,0.000842084848715844,0.0008542670538998244,0.000740853848330978
153998,0.005656057357725841,0.008577512171044965,0.005057186680785586,0.0036548135595504405,0.004247581124562638,0.004955900836365379,0.00468475230121812,0.0045218508263680235
154000,0.00533270548219722,0.0062161277995299025,0.005398360415653836,0.0031908032208587955,0.00656050518039053,0.004937629193014159,0.00335480769721036,0.004887009783674012
154002,0.004532893855319964,0.004179755333766133,0.0032582438510451173,0.002340247965620504,0.0034366230489837335,0.0032409305204659233,0.0024599502420697,0.0023442334949754784
154004,0.004634084067006938,0.005780753659397675,0.004120068234815533,0.0025651312351195887,0.0036024482179210088,0.00315181065321557,0.003118414366616362,0.0024562703311464956
154006,0.009107038787094845,0.010896546260435125,0.008666498148410862,0.005612891208990389,0.01096680821623952,0.007089159845957704,0.007382407476706432,0.006637916558137391
154008,0.003418125761490712,0.0033966077381129,0.0029940651168101212,0.0029652323057641206,0.003245460809475978,0.002653804238619495,0.0025808742279365138,0.0022712267447667772
154010,0.002891710300660044,0.0033815404465791787,0.0023440029897726783,0.0020687762001567883,0.0034062130184443623,0.002793722292748338,0.0022045261501271174,0.0020203505412874634
154012,0.007491114839035584,0.011974364009148752,0.006201077773953456,0.00556080826722033,0.008458842096538355,0.01087635926108299,0.0061536920495668945,0.005713338921095934
154014,0.005759065505033745,0.004889417443593169,0.003563706271341671,0.0035795422732770726,0.0034216584882352935,0.0033512579021089395,0.00318980837970001,0.0033162254107992895
154016,0.0031337262714512676,0.005184177653881017,0.0038636549050820174,0.00305072233755177,0.004182088954568286,0.0034620643966399994,0.0033693059056774666,0.0023835488234758145
154018,0.00430102995915288,0.006737140937330077,0.003985037398129221,0.002451194570838533,0.0044204814589685615,0.0031250003416638666,0.003241780583575826,0.0031401175430295775
154020,0.008271450714323392,0.010907557175521332,0.0071444435586478505,0.00505857601625076,0.008278024854544486,0.006172206588050955,0.0051412360674421564,0.005121964378949129
154022,0.01040230345108828,0.014465505277669932,0.013703001318033314,0.005433273134233474,0.008881235615731953,0.00808066140322522,0.006778245405252348,0.007444399660370193
154024,0.004930037651009522,0.004108286238139414,0.003854456429768796,0.0023775111399837456,0.004104338788739392,0.004468965217885534,0.0033276854634341074,0.0030512235900897466
154026,0.008327823453448124,0.014268094942231413,0.008028411771688282,0.005605527726986248,0.007926685403219835,0.010216342601052697,0.004643122567147495,0.004844577067616207
154028,0.04005940137613018,0.03684898180028129,0.023480902317756014,0.02091098406725167,0.028286628834291117,0.030143971832900185,0.02751534704219538,0.033218623121670454
154030,0.007419963425086051,0.014760039560040517,0.008205686916469057,0.0053976958676225095,0.00752746427023393,0.008110151960481427,0.007095939005669294,0.006732182225705152
154032,0.010147822682899987,0.009927849848143433,0.008072817840659718,0.004996189005073204,0.007033597213886245,0.008034789785845098,0.005444896863283921,0.006517775382476609
154034,0.010010055147744501,0.008970568356504727,0.0063269943368916,0.0037213123216597865,0.0069431497594543146,0.006018051419406589,0.004510823266934416,0.004194097825245324
154036,0.004724948301917886,0.006270677459572271,0.004702792530518141,0.0028991411564427555,0.003972813400992203,0.0029378828167282572,0.0030848690313827754,0.003392180107450793
154038,0.0027479092806271255,0.0046055701331982335,0.0029033131845713905,0.0017517998584342664,0.0019213396149912049,0.0022062707101380696,0.0017773500619966548,0.0016107617010627795
154040,0.006231997129596545,0.005537727253887903,0.004221674256595032,0.004944218562421776,0.004850145133646289,0.005247658072706829,0.003578707853867505,0.003929170777155433
154042,0.0041111176527488524,0.00544792874428901,0.003937381633898396,0.002137629648046327,0.003613798696555995,0.003862972766116579,0.0021411461049201247,0.001693153567941863
154044,0.0020147914960561147,0.0027516322174209323,0.001620127244806438,0.0010956189783542514,0.0015349836110235687,0.001808365243441759,0.0012289439408426223,0.0010211782142705156
154046,0.005650869854345653,0.0036893066003995806,0.0027717021169340605,0.002689512632603197,0.002849971025157841,0.0031899733341727576,0.0022735417146341336,0.002897201840222019
154048,0.020723455957274206,0.02494646992835059,0.015292628051103208,0.010632909086540077,0.02293009594361295,0.019914501594833434,0.013473499411061296,0.011577266917939255
154050,0.0032471019472568724,0.0038587927971023422,0.002532876600252601,0.002322832426433996,0.002437348543628662,0.0027267935843540286,0.0018671362767899158,0.002207288863815285
154052,0.0028773587612662826,0.002546181482320345,0.0014695250396388193,0.0014928728347938236,0.0015041039568415432,0.0016401631072346934,0.0013471305703799535,0.0011934142085060634
154054,0.006041439801463044,0.0064170209893559815,0.0041775080811468635,0.003997538315250404,0.004593488481959618,0.004441760124225036,0.003974433727627569,0.002834539775010969
154056,0.0053065162543669,0.007300601314685906,0.005149464279068872,0.0031115240458854387,0.004123037659127304,0.0033988308892590885,0.004137362144041534,0.0035596070634861393
154058,0.006687718834643752,0.011888805118396795,0.007814779779968584,0.004489912787342343,0.007041651392669657,0.007426617681630887,0.004717918213144545,0.0049216908779664
154060,0.0032833328504386916,0.0027404023222175056,0.0021528002315980427,0.001412212599248619,0.0018318325008564451,0.0019741092107251057,0.0016343019137004533,0.0012267287448273212
154062,0.010020898162604874,0.018138651009565132,0.009533237929830796,0.005053716825234089,0.008676931712167324,0.008845338988451523,0.007231688073583209,0.008370572880104454
154064,0.005727380465760101,0.0046138246795648374,0.008845211457035929,0.004004190719797407,0.004256817019077097,0.006017302371574829,0.004354554362095975,0.00392240742506772
154066,0.0032818908694758897,0.003608881634035846,0.002577459335590185,0.0021298887612364453,0.0030420672134473664,0.00277463260934864,0.0020981529492620915,0.0018766327431798402
154068,0.008040905761974637,0.010320002833864805,0.008456342509185255,0.004178841140524414,0.008201370742683345,0.00721299145725518,0.005320706538208209,0.0067789888749794636
154070,0.0026273078631339347,0.0033069608876724055,0.0025608161618164704,0.001836905948704018,0.0023292749489851744,0.002088467071635472,0.0020106012630406594,0.0015747191421875417
154072,0.0015385840365225167,0.0013910314174268024,0.001689169505370361,0.0014990644891455518,0.001291781262017025,0.0013198131090646492,0.0009211202184893907,0.0010911117977466939
154074,0.0027075102052770555,0.002284189811093143,0.0020852588490945095,0.0014592082889110097,0.0018332192717052664,0.0019066412736502003,0.0012194560616553135,0.0016239654321453245
154076,0.003303711859175676,0.0034016552831070967,0.0038325537809524995,0.0022588462113049546,0.002678136202514614,0.0022770729096145553,0.002234755086527651,0.0018135704644484663
154078,0.005724923445289187,0.007697891249049127,0.004442785073593081,0.003066034427214037,0.003315377224925045,0.0038019908744253567,0.0034218633273098847,0.003725359875131465
154080,0.006021161391105645,0.007692708310380603,0.007419493644347741,0.0038165071990312743,0.006225167981435631,0.007793950338146394,0.004355903572616171,0.004956226036139155
154082,0.01858086193861319,0.010841281850177076,0.012133333147644976,0.008504150673474875,0.01033467042234748,0.012902388975456758,0.007382540630767542,0.008339132949668537
154084,0.0019678440297516003,0.0021571585266935145,0.0025208569647097168,0.0013598737538867006,0.0013274161588057304,0.0014677433522545247,0.0009589688710162671,0.0009704431988408237
154086,0.0056627956994939055,0.00720277073702752,0.004255773895605552,0.0028769902895636884,0.0035840615051956903,0.004133899889794179,0.00319601646675971,0.003785219997139447
154088,0.0031643033166600804,0.003077383074205478,0.0026254991311456255,0.0022668195607426084,0.0023136965716675922,0.0024274000456238204,0.0025167972165142244,0.002456414343308691
154090,0.007921943234507955,0.006961371704214736,0.005392759567765859,0.004920816972860342,0.00516490482177745,0.005880992064439872,0.00520052115582198,0.005112515773591453
154092,0.007456006212271105,0.008664998640214527,0.008216524190673091,0.004866112796809097,0.008992204449388197,0.007524330754528352,0.004306782028867195,0.005036827453130721
154094,0.008509942346579757,0.013881496723045006,0.01049546477863239,0.006897732786997901,0.011613816388189813,0.009131199434643522,0.006768826747185541,0.007573612861855317
154096,0.00393210050685161,0.005438452110429148,0.003792623412701923,0.002339993508885377,0.0034172851124148057,0.0027195350656408213,0.0024214232608443936,0.0025169990609104215
154098,0.003744541368447832,0.005092111291327639,0.003467095837662859,0.0032116699137323956,0.0038757089991931087,0.0043308828660235665,0.003170562060811691,0.0033433216752249
154100,0.0053542576050278345,0.0038517499813857242,0.0026571041736178774,0.003424344546002503,0.0027922591032908534,0.0036676457077158275,0.003567643178352245,0.0028008003038676593
154102,0.005325850084281436,0.004842780863555163,0.003752631032918466,0.0028665749553575953,0.00302367610667488,0.003163797050694264,0.0031462842136647517,0.0029576855679204345
154104,0.003703700706778404,0.008975316715427228,0.003921985608899503,0.0035976689298742315,0.004735401732106015,0.0038479462820057014,0.0036052186254854762,0.0034760011276537828
154106,0.0041341978568879,0.0039747540747834265,0.002942848083840169,0.002698958897094317,0.0025247017251084913,0.002696142931771242,0.0024995515696646514,0.002090264903316985
154108,0.002558074735182228,0.0026677854948895657,0.0020145814795169553,0.0016867503534779282,0.0015266045509944176,0.0015421117295153497,0.0012517930525446502,0.0015105733595844328
154110,0.003710047784263995,0.005122906093007806,0.0036352063410222263,0.0029777646215968373,0.00356308939412088,0.003790692406746912,0.00217185781862389,0.0032568724454341696
154112,0.005852877904269305,0.004266988574742392,0.004206433169642532,0.003802826118457295,0.00371180062890665,0.0035597737603768054,0.003576897605234511,0.0031437479743203767
154114,0.003960824811245267,0.004770231120110824,0.0031723654372851767,0.001564140241229764,0.0024207842706336913,0.002538532434750218,0.00273515660015633,0.0022012264606283694
154116,0.006300273341113771,0.010680547684565944,0.005919976858859366,0.003913121523273999,0.006447099812053381,0.005627927788498577,0.004494093394388443,0.005900922215874849
154118,0.0029223246048464824,0.003741003347092056,0.0025709767017150775,0.001839949741767613,0.0029979475000583428,0.00261816292300715,0.00211009278651543,0.0023101571355800404
154120,0.0060686189328796325,0.0057718090500211705,0.003680889078270022,0.0036080997437528683,0.004531649914343072,0.005286003033864672,0.0036454516180773333,0.0024824305454824863
154122,0.003079486378885235,0.004166959955780536,0.002603999185915598,0.0021309125246165572,0.003039458327448466,0.0025929058044008024,0.0031442371758064885,0.002224611273234936
154124,0.01692758729030519,0.01751452612894866,0.014859777035541255,0.01209493549423346,0.016601515618283935,0.014408980791869086,0.010692721663856875,0.012420850425709284
154126,0.005481192816980673,0.00556215733601878,0.005235982756704394,0.003245065656949875,0.005010830684271106,0.004091075188803528,0.0037289692028616983,0.0041680056063131965
154128,0.010463703820156545,0.013158836082127756,0.00909557230608371,0.004942339028787046,0.006781864989917674,0.00786579280156069,0.00579154781617458,0.007166454185419946
154130,0.004427524382677461,0.004809532622564783,0.003382152668996566,0.0023932657197443113,0.0028059463612386537,0.0026851763709857673,0.0024645693542327957,0.002491381605322973
154132,0.0022390153672733337,0.0023826355365331175,0.002072621909833039,0.0016662820367869952,0.001475561668158376,0.0014421038952869836,0.0012797582854082723,0.0019570640255262006
154134,0.007556067011496248,0.009213967515484589,0.0055817772990574,0.0037730009304055706,0.008363517824641953,0.007787666029522244,0.004881156154654898,0.006277963636664774
154136,0.005927998307101667,0.007389339484779933,0.0065516274584078715,0.004673827242957174,0.005915685081110178,0.005968379257639322,0.007402569647402268,0.00679148550813502
154138,0.003005651598289083,0.004376102735257847,0.003275064332691535,0.0022475565769788375,0.003261565761985566,0.003467592031291003,0.002199138680867796,0.001903341575227105
154140,0.002058266319073576,0.0019050611462125833,0.0021524784024082866,0.001514833690535733,0.0014923788849188213,0.0023751409116506417,0.0014497408052707161,0.0014834317436298594
154142,0.0022291601709613224,0.003153768103030266,0.0023914724006895427,0.0013753737940552235,0.0016580441411480212,0.0017517421684376672,0.0012368057489834522,0.001266828186299987
154144,0.004697424107265258,0.0070761188965651756,0.0042406401657549275,0.002710827061054799,0.00469135142539856,0.003968793600262421,0.0034328542925819022,0.0029714746501083855
154146,0.004281685566116744,0.005626203035060451,0.004270839147069216,0.0026702747516993974,0.003507095893236445,0.0032442130413621456,0.002404229348279552,0.0025143420912960984
154148,0.005434092553333381,0.005437960913680373,0.0023982476070829595,0.0018861795082870808,0.0027290023343179565,0.0022548978842569373,0.0020277681401614928,0.0023308257337126964
154150,0.0021899985962965524,0.0022120856372435244,0.0017722350716207341,0.0013433919516858683,0.0015881142684449068,0.0017486794151551216,0.0014107217742820866,0.0014891483517658899
154152,0.0047817473421085666,0.0038654496858834264,0.0030809348854212715,0.0021624399624166207,0.0036685355582302126,0.0029602092671590086,0.002717515024928341,0.00196363722736953
154154,0.0031358303822565242,0.003054937762503096,0.002429753231767473,0.0017102624361547414,0.002497219173969667,0.0029366128829889093,0.0019427472521285072,0.001777938745881405
154156,0.002535256722098325,0.0038901830802008514,0.0023872849002162244,0.001514914016901972,0.0014495382617565888,0.0018491846661777972,0.0014203453402640426,0.0016527613377947947
154158,0.004753275095695175,0.0030827580975421043,0.0032981504567242276,0.0027699615829988034,0.002724089512029529,0.002264634592593018,0.0034565096326566597,0.0021784374213299623
154160,0.009101755290791269,0.008270023725423847,0.007681003780037943,0.004093785303113329,0.005977475998463433,0.0062450978741557805,0.004481569380052841,0.00476880787531031
154162,0.004571880235489323,0.003625459518075705,0.003978296603090792,0.00264096997368303,0.0029277165206682693,0.00429932677843059,0.0024417682018602754,0.00275629715790654
154164,0.004134099172063088,0.0038198408222536173,0.003527596136804201,0.0024140578171341076,0.0032810197727757423,0.003129046700016694,0.0026560197105147815,0.0022256157234658153
154166,0.005191349263498957,0.0069154316196853305,0.004297273247806155,0.0027147895486665657,0.004793625124066558,0.006467650003578962,0.0031373559285678004,0.003277249484323841
154168,0.005004330933516599,0.004501061730273259,0.0039278949671422425,0.0032948805275757748,0.003697242632972275,0.004434334762024372,0.0035124443012175682,0.002647862238305765
154170,0.004671508915209621,0.006972818274096293,0.0027693894989268136,0.0022109469130591336,0.003591339730436141,0.0027443020518837097,0.0019768160292068515,0.0023723701232902933
154172,0.004446712160552979,0.004611886590102865,0.0029973498897106765,0.002211215975889816,0.00388874821079134,0.004493420131323811,0.0028216032327499363,0.0023161937176026243
154174,0.005100817321888107,0.009545667029906613,0.005527083765419827,0.0031184580531763567,0.004726490993323174,0.004213656578071989,0.004409916699842142,0.004841955468081416
154176,0.004487278187069121,0.004600229208443274,0.003106903447017084,0.0025396636076178286,0.0031530940759749715,0.0031392650529604854,0.0024205284049116926,0.0035561046645976035
154178,0.010924333945262765,0.010691187018609993,0.008974711102732735,0.005965854957318051,0.007464485321953485,0.007062515146985471,0.006013219262559988,0.005658306762232002
154180,0.003961993403495123,0.005097217629796091,0.004125579355974962,0.0024312268940268056,0.0034346709496940186,0.002563788420529081,0.002349121138858268,0.002492009760966099
154182,0.005471474550769406,0.0075039374970780615,0.005527488126123359,0.0029960129268281066,0.005357830218768678,0.004042229622689186,0.00348931578261219,0.0033254672319815853
154184,0.0041398296326789485,0.006098033694806881,0.005538314977698633,0.003401098218570875,0.0042156223088021805,0.0030028146317184895,0.0026329155642244167,0.0026040607784566655
154186,0.0023316038379484483,0.002049700388111697,0.0020107870169294856,0.0013326445839765416,0.0012413948918461731,0.001418547427044281,0.0010980304744685615,0.0013642460797422817
154188,0.004187896926417578,0.006355503778850358,0.002928720019185427,0.0024159328247304185,0.004175916201475616,0.0024147742689629853,0.0022524573489913907,0.002591995353352916
154190,0.004874553817401983,0.004082525580397567,0.0029503208421446936,0.0036175305894867865,0.002815692405570683,0.00374549339164211,0.002625590755533702,0.0026781227074818142
154192,0.006305225383427315,0.0059272904487719935,0.005824734438114598,0.003091743048745599,0.004559468575294545,0.0036265730605017504,0.0035353701211882638,0.0032991603386345464
154194,0.00447686616342069,0.004331105473511843,0.003083992628919674,0.002653348667024394,0.003522791159067451,0.003790718095211823,0.0024138030392473198,0.0023963947947415326
154196,0.0020855609825374405,0.002977904076729987,0.001996427178477825,0.001433029176603151,0.0018884640270309255,0.0021104415516171593,0.001228787493153194,0.00112068639250619
154198,0.0027668818880535184,0.003043978778439538,0.0021053142906369976,0.001557128616643269,0.002386672269886883,0.0023013171819630807,0.00207386151570349,0.0017819572134236822
154200,0.0032591761464042523,0.00595451773634853,0.004147952419826295,0.0029707891247510165,0.0036170874104462514,0.003707620719184457,0.003585929335326324,0.0032913959295128997
154202,0.0026148202116599434,0.002799866669799825,0.002023717262397154,0.0015096700207540281,0.0019244535282708086,0.0021745277254371503,0.0014545001047956557,0.0017847826602618438
154204,0.004042700491189655,0.003680459211059653,0.003077849310894068,0.0020910484399581097,0.0026342740647167795,0.002347089957780213,0.002197275054651185,0.0019671374614250864
154206,0.0032949994212275874,0.002642620862120859,0.0020935724255145005,0.0015625889222967843,0.0018863225333443229,0.0021698256632731727,0.0018548547998962356,0.001399157091712691
154208,0.0032242411880392674,0.004187061872830411,0.003086700857934943,0.0024562670078387416,0.002566951896805003,0.0029165529807684415,0.0024141346924127505,0.0023326076870597845
154210,0.004945341843370921,0.004659319667156048,0.004023574272488339,0.0028898079164520057,0.003152287513829899,0.0036782397600303995,0.002785171453085336,0.00316374466621383
154212,0.010064937350726721,0.007731644513883973,0.00752818052010934,0.005723278584877589,0.008393608359298865,0.005980695316614382,0.006439964835507406,0.00515515347684925
154214,0.002287004121416525,0.0029000105496935213,0.0024916218496997544,0.0015868051466514377,0.001730236752766956,0.0015928345499391927,0.0012327202458806141,0.0013707174555899204
154216,0.005488042571651308,0.006876582693311983,0.003519718434469077,0.0022697559063381,0.0034514793158864215,0.0043588554532752455,0.003026479050961553,0.0021825497228542684
154218,0.007662942567570552,0.008867101447529502,0.00595653820449038,0.00688009000372608,0.006829416342872874,0.007364961888880528,0.006880866231298521,0.005798020292809236
154220,0.013888332314817342,0.011647740823320873,0.009542989868664087,0.006516981419014967,0.006869336097388212,0.00930749849828083,0.0052118675057641894,0.006685296488711467
154222,0.0037441661550055017,0.003580253746124709,0.0031168510052970166,0.0023444878213768755,0.002628534657647133,0.0026326273150700935,0.002457248958439587,0.0021374415694223187
154224,0.002507269667724868,0.0022493587139128662,0.001957780650477192,0.0014001368629706357,0.0016863865440437525,0.002524029036147249,0.0018152690017552708,0.0018044186840438514
154226,0.0047777295563378175,0.0063114199477581345,0.0037456269946167797,0.0031174990995431195,0.0037958208150784684,0.0055217199083159585,0.003345823388023042,0.004328306135034987
154228,0.0036655717643109403,0.006686725717221842,0.004737872272509103,0.002543028580252127,0.003210124292635577,0.0035746151701788187,0.0019780027921912358,0.002269636286317392
154230,0.005158921263211325,0.0061411301464331935,0.004457051276990365,0.0037506992851599197,0.003964467148274642,0.003434257455331449,0.003742464025420278,0.0032217980457099338
154232,0.0038818479961339053,0.0032994838758705486,0.0026766573492667534,0.001860899032058383,0.0022323898995649932,0.002190405859401126,0.0022737790319216217,0.0018913885306928169
154234,0.003703994533763147,0.003659775325310699,0.003190026356159059,0.001798158904018854,0.002814218730322629,0.0020374163055445482,0.0024060625275047626,0.0021185808413493185
154236,0.0028298633574488363,0.0029727910967353305,0.002598535559031903,0.001718388901879711,0.002052597257907199,0.001974353854177782,0.0015869793682277283,0.0016103137945436274
154238,0.0035299361098740795,0.0036077197944596323,0.0032710959084281677,0.002036982162236814,0.003352565775203653,0.002411186853325545,0.002407210949669239,0.002203954577208178
154240,0.002780985029398275,0.0028721991101491456,0.0020607907412606985,0.001747423420662711,0.001917408927492717,0.0014551812910392758,0.0017455545940031764,0.0013262415728219207
154242,0.0023865470598172372,0.003146647393227467,0.0015059061259157236,0.001462608784809305,0.0017921452897164958,0.0016511945194435662,0.0016729595793269075,0.0014405719203445244
154244,0.0045536697718762675,0.00733363506199769,0.003985035516793689,0.0031468020330051166,0.003976254523445688,0.003579409437182171,0.0031087040004157546,0.003908844163927283
154246,0.003909070553725691,0.004347909700030961,0.0025385560843086546,0.002477671961165273,0.0036611871506133653,0.003550508230075314,0.001950149775158616,0.002481076528013673
154248,0.008889045184279354,0.009053535516960531,0.007500808882550614,0.0035690860833523935,0.006403125763032591,0.0070567107918445005,0.004739214982436624,0.0037536447947510987
154250,0.0022263054038146463,0.002354747028709747,0.001728153200647578,0.0010905241723187103,0.0014440681403569133,0.0015346771257530728,0.0014211656565659703,0.0011532388180274383
154252,0.002916652769257691,0.0032400826893219797,0.0022697470323410768,0.0014311260085425048,0.00249668640991442,0.0020793464802866396,0.0018349113448421633,0.0015211462243174823
154254,0.0029136079774758628,0.004219673236372012,0.0034948395745795224,0.002296061114624104,0.0024922318100530916,0.0029714202275515356,0.0023117366503190434,0.0020759168071805
154256,0.007117972906137915,0.007706892661695441,0.004929549053385662,0.004387356307057111,0.006146932823532014,0.004746197266215779,0.003243682176057805,0.004063672878246161
154258,0.0025816835386339165,0.004251900000871223,0.0022560184970280006,0.0011673237553578297,0.0015768793786998803,0.0018318519528440907,0.0013225884323731507,0.0012321591975759244
154260,0.00486282863167814,0.00638875011296941,0.004364715944448427,0.004161596206594176,0.004313271892069592,0.005321807663349887,0.004261239804023376,0.004428927491763324
154262,0.005203908820873571,0.006071780258537274,0.004688310435591925,0.0039037246614590515,0.004562012562146833,0.0036349282819978512,0.003088474431560906,0.003122140473310067
154264,0.00510421813863382,0.004815194259871147,0.0024717909919872577,0.0021872847088905273,0.0029454790703320605,0.0029257604147808203,0.002926043330519157,0.0019482406026449794
154266,0.00892995809650543,0.018870731228128657,0.011956303821696546,0.0074804101724466054,0.012486590329197578,0.011622841466323808,0.009522682469295995,0.007699342523150021
154268,0.004797345112995954,0.00767628738514331,0.005788094132366306,0.003877400334578854,0.005419659618033146,0.00482418301095322,0.003487849933499057,0.003158243359524651
154270,0.008031213192151443,0.006917756491908955,0.010787490448428694,0.009390908357632066,0.011276479816793916,0.008921505644715388,0.008113238726868366,0.008650854720713641
154272,0.002997031732393518,0.0029843428936749405,0.0024420870430365144,0.0016757232093094765,0.0019960530137753812,0.001982513218157289,0.002075491479239591,0.0021358990170130543
154274,0.004640386542762942,0.004688664486707295,0.0040219987696002435,0.0027751067185079054,0.004165415288085228,0.004835583834736978,0.003130538079675352,0.0030184875336236733
154276,0.001978854817321643,0.0023303595809043426,0.001997820617848589,0.0016580941993658005,0.001562436954478122,0.001777079626787137,0.001463915243747671,0.00117291568081547
154278,0.004885078666895526,0.005840742061843152,0.00385364097283869,0.003420987356352448,0.004144554806418066,0.004447816189943277,0.0028441421959958385,0.002646199365018198
154280,0.008300602820872138,0.0070443638239337525,0.00770120846118183,0.00539903376386186,0.006261600744050577,0.0052025061163585296,0.004838317722830665,0.005431684999166686
154282,0.011180412581115962,0.010449295255761604,0.01538604362558088,0.008161745643298135,0.011195316523127163,0.012213798726279146,0.009582581347880259,0.01115677988721675
154284,0.004046992626886237,0.0041773559101470625,0.0034995368663751775,0.003340093152160231,0.002967243362826333,0.0034622629888084178,0.0029836216999239995,0.0029101933801071317
154286,0.005344878081814386,0.007286479359061515,0.003803309480886599,0.0030487313148891554,0.005017219604887269,0.005265637668108225,0.004823069436633354,0.003736125245019664
154288,0.004260795282315988,0.0038595541800925393,0.002560314355531515,0.0019959415034984662,0.002749890964854132,0.0021869895801290284,0.001924379007991528,0.001987563526498981
154290,0.005220929369792238,0.005711748655807591,0.0038622434580807413,0.0030450961567299317,0.004924897603419964,0.005747959359761412,0.0038749729243031106,0.002580954850486941
154292,0.0047218708421361555,0.006386282506655461,0.005545381192437526,0.0028196785569925,0.002823623978024173,0.003999431302861345,0.002727482652611579,0.002627536624075555
154294,0.006256102475204139,0.006893148314958408,0.004198979385556578,0.0029648671748386257,0.005506330601279252,0.003204663349964512,0.003231134854403628,0.002990832669740817
154296,0.010611336148586226,0.011571729675605491,0.012102099682573864,0.007194048567634503,0.008237963221422229,0.01016264985138765,0.011193367855042935,0.008028586679253102
154298,0.003954433431518689,0.00363936546786138,0.0040674705293391455,0.002174503752542023,0.0026106477754670593,0.0028226038169840706,0.0020968494686236655,0.002384045730888587
154300,0.015318249003570594,0.015452428235646076,0.012941951699143639,0.0076846112586120285,0.013046286876151891,0.011442011276761532,0.0121319544243228,0.01272580882598412
154302,0.0035989838006083574,0.004158210304763321,0.0032596210752258714,0.0023426486850453565,0.0030134081182190547,0.0023109292753449445,0.0020269784378055405,0.0024359278175802856
154304,0.004299799687501604,0.0065775341909921625,0.003226230731741886,0.002220354192516996,0.00260643720967485,0.0038435910718721683,0.0023233987403303985,0.0019481741734362346
154306,0.004385597631461957,0.003506292902631325,0.0031138767927461064,0.0026019833828885286,0.0035074338827065787,0.0033081850952802055,0.0028050544867854743,0.002217883655565578
154308,0.009321354880869104,0.009414921896691908,0.009038777500390227,0.005025230757613963,0.008778803252138312,0.007857467770065796,0.005327816399260721,0.004879970443758597
154310,0.004001616946253117,0.004655314008153388,0.003041165275104396,0.0017385129943568028,0.003322427711977341,0.0028916698349316233,0.002496565791981778,0.0022023049871656847
154312,0.001925474732157595,0.00247843302787093,0.002273010637736883,0.0013028453180032873,0.0017782067329941698,0.0017701824874377797,0.0011884320414810023,0.0014177965986681418
154314,0.005820052159898559,0.006133401007080153,0.004619019551750425,0.002934648559872244,0.004255908045981693,0.004843506771977424,0.002939838526450425,0.0026838754413284344
154316,0.0024958097626148756,0.0030977388976394793,0.0023106259193363954,0.001803190282445577,0.002449006156328759,0.0022959233103692633,0.002392573603344994,0.002106486008646158
154318,0.006730096566096799,0.006544471022467635,0.004524363250031416,0.003768716711621281,0.00471561864936465,0.006129992674210938,0.00423114947462061,0.004785214296362028
154320,0.01295755220372069,0.011759653047388463,0.008268701194169559,0.0053726535704373135,0.01026890685114612,0.009224705446852832,0.008066355155396332,0.007473595304601732
154322,0.004938436523733936,0.006930495690625982,0.005217878452690394,0.003046955619404379,0.0034710479446433684,0.004191530281904221,0.002527727499757104,0.003317931549611297
154324,0.004090421387763998,0.004951321897996019,0.009241410661076588,0.0034664957145636444,0.0039092857698591055,0.003333569375406756,0.002312701458452582,0.0026369569177973062
154326,0.0029802309789614956,0.0045111935711494855,0.0025998395744535885,0.0019130885815783621,0.002125545749491531,0.0021219933953880443,0.001822057107818742,0.002205327666324544
154328,0.0033311509418503804,0.003124635081714955,0.002811771890395956,0.002004454849628981,0.002683747681558657,0.002618196090227745,0.0028015724043157914,0.0019558934467776012
154330,0.0030339344735559465,0.0035908191340212753,0.0025113243410752745,0.001772292157101854,0.0022185872271849455,0.0026784917124809127,0.0017986521196495936,0.0014260463847017846
154332,0.004245282698968289,0.003926680991877485,0.0025021425752937004,0.0019313191681764735,0.0023844608301450965,0.0028940978789676053,0.0024400727289369956,0.00197405889351826
154334,0.0034017182924979267,0.0037201407013185417,0.0031898815987609908,0.001887710028312617,0.0027833213502553994,0.002937875547645921,0.0020577880502083007,0.0020876145725301637
154336,0.0028909527170165733,0.002325280604632829,0.002321357892332135,0.001519771479226384,0.001713449275675183,0.001980138006363319,0.0017192361881690488,0.0014062911833857689
154338,0.011226360394113455,0.011156178648336956,0.009032111784593122,0.006929944912602792,0.012070331834808157,0.01182449658073731,0.008266460178784962,0.00558646075786684
154340,0.006602889030748793,0.006381364198564166,0.0055361128372946045,0.003967023317581531,0.005824298877268819,0.0049306424156450035,0.0036590185872566044,0.0033604961151750268
154342,0.0032639119848414944,0.0031363135430502315,0.002602627990040185,0.0017346850318213924,0.002423460673668512,0.0024683957655030064,0.001943844907597525,0.001900745321770439
154344,0.0036478929018655126,0.003522834054062521,0.003181317309199072,0.002370348501560829,0.002916672888111496,0.002979634323727401,0.0021454035565691143,0.002744912525601398
154346,0.002549033892387309,0.0029598472830500017,0.0025611193052874626,0.001418764070676426,0.001816823516943844,0.0022382422955408293,0.0019643884067788303,0.001819650717063706
154348,0.0023547607674361815,0.0030668996096523543,0.00230204423083169,0.0014036088184008477,0.0017667447403009323,0.0017399090498005365,0.0013032420174741294,0.001248643618314782
154350,0.0028340752912903305,0.0036542775731521204,0.004297650310380874,0.0017999380842061985,0.001960727310371127,0.00211902942492527,0.001481124321878191,0.001412139803182777
154352,0.004191822600616624,0.005277486707584933,0.00347083373769963,0.003070368165422624,0.0026252070890782214,0.002564757294418865,0.0027454180523434624,0.0031730348058554014
154354,0.002956557202182575,0.0029489110632746063,0.0023824384262740583,0.0017416927637095014,0.002922420464281039,0.0026000564989307057,0.0018774200374747224,0.0014736750723829406
154356,0.00699912883498599,0.012405707638932173,0.0063077222530428245,0.004116272871421467,0.006368204462002203,0.007935264704475087,0.00682534089731851,0.006436092192147136
154358,0.0062661353311655454,0.010753948995418705,0.007413793283350734,0.00423522821848743,0.008563838381477673,0.007042709291280369,0.005025505406220043,0.004730241213251107
154360,0.0024403380908408767,0.002921419656499183,0.0021186216508884415,0.0015378882740231387,0.0015219951462148856,0.0016114773445003033,0.001388585475004478,0.0013280956910782238
154362,0.005432595457612932,0.0058923597634221725,0.0035610012141779196,0.003758719311886108,0.004138591003313208,0.004411593147431114,0.0026812841726417957,0.002873460232372796
154364,0.004878316518791559,0.015750117477814962,0.005631332241408993,0.00384501666269578,0.005739042425474461,0.004610308081858749,0.0034822956175340064,0.004850303912427911
154366,0.00823346143913467,0.007702816984419769,0.0056576779598876414,0.003858995516665145,0.006316887986903608,0.006247280117064102,0.004334838678450803,0.004843803373072442
154368,0.012462769030438858,0.02223505989208263,0.010626599419779836,0.008298191881152273,0.009000441508143275,0.01032323952881442,0.005622805720026713,0.009696505715418802
154370,0.00398446831438215,0.0035946508206242817,0.0030784896172267318,0.0025405873541221174,0.0030068575206390613,0.0031866599138497542,0.0026862717896772303,0.002711249909225444
154372,0.004030040181574046,0.0048868597803522484,0.0037713503670069315,0.0025205274112062442,0.00280447800091356,0.003931338074137314,0.002823205123598363,0.00320286388668678
154374,0.002283133066899881,0.002838657136353062,0.002004419491261414,0.0015167679144676427,0.0017177694000009153,0.001569711407531385,0.0011166384676065816,0.00120097942333032
154376,0.006188533218119352,0.007681025981334466,0.005215321278521978,0.003805246914587848,0.005754691166803605,0.004313766120072282,0.003256212997815533,0.005101567639403726
154378,0.004974102180824502,0.004450848752326986,0.003343475473834623,0.003304327274335217,0.002728271044118158,0.0026190451663445913,0.0023212365612157587,0.002255939581492075
154380,0.006246014063553462,0.006683127959739521,0.00497902809941686,0.002892658722118538,0.004122069417440921,0.003143996956828099,0.003480572779412938,0.003079666648323612
154382,0.003479644935839868,0.009272234689350844,0.004848089546314549,0.0022076956309330514,0.0027976404546893457,0.004021376970360591,0.002686567594886391,0.0032036351438422678
154384,0.007556011314000577,0.006717490468079179,0.006800096597921801,0.006075491773871455,0.005699260612805956,0.006309335422586493,0.003926057268333116,0.005354022089948396
154386,0.005646695811166502,0.005653126069828096,0.005172539987115032,0.0033844846475636903,0.005277048298353515,0.0047950407167753895,0.004050105351406652,0.004179606011915971
154388,0.004816044258061647,0.009078335015567929,0.006257668952858231,0.003995869013678766,0.005198141207202411,0.007086130225499032,0.0045102438213807106,0.004301661286788827
154390,0.00949522962517163,0.013585435731582385,0.009423311241668009,0.005460575620397146,0.011521613407355302,0.00958374687223934,0.006813939810982106,0.005073846887472533
154392,0.00398329359069477,0.007898224540440424,0.0043950949140719175,0.0023945040523030148,0.003367670918616464,0.0037031987793076926,0.003285047162183821,0.002960867218799304
154394,0.007261416305875068,0.007297554845331844,0.005296699307157093,0.00498459607989421,0.0047020179807200635,0.003321661178624924,0.0037372998350291287,0.004390170723856335
154396,0.004494496976840345,0.0063625157554305645,0.004908457862146998,0.0029519349750062873,0.0037781851398667327,0.004552662272985286,0.0022481673360528337,0.00253188977396325
154398,0.00923907443020533,0.014387901559587135,0.00836440363236357,0.005237350066168711,0.004939828303208105,0.008402797265196549,0.005892583957916253,0.007373093515000484
154400,0.0035559940344851576,0.0050250068189205965,0.004013965388427465,0.0031910140764047773,0.0033250835641518983,0.0028610774625296292,0.0020318700861382682,0.002029412784522455
154402,0.002869642174287146,0.0027104880304718026,0.0020664365517131383,0.0013683255502581343,0.0019074341861907845,0.0028102522401166063,0.001756706355602447,0.0014157364898608749
154404,0.0032771978749571856,0.004458199371662808,0.0028717127854889363,0.001928907424689555,0.0020955214952427803,0.002293615525453596,0.0017840389543071766,0.0024016402646914875
154406,0.009516106627478538,0.012806863269839097,0.0075033540590810355,0.006945959892421583,0.013403039009572348,0.0073677473961613615,0.006029314715157386,0.006538958351614055
154408,0.0038580018714640674,0.0061597988780812685,0.0044288015499240885,0.0031758465050462648,0.004521136411304083,0.003539580354083874,0.0025273390656877087,0.0029488665579471274
154410,0.006675784377537186,0.006902081090745471,0.0053010478919199855,0.004013985214046445,0.006407817460678311,0.005119706964046067,0.004798847964178121,0.003512299910880756
154412,0.0035662877721549663,0.003188399286913182,0.0022545670966431786,0.001981820605026441,0.0022803883840499944,0.0019033604281005895,0.0017171879851582972,0.0018043702615344742
154414,0.008408014604867342,0.007077179381021426,0.007476372932109732,0.005351715188368411,0.008568670968650771,0.007859844202186272,0.007529799318629904,0.005982332961587622
154416,0.005397314893130556,0.0066604355839872675,0.004967119042640411,0.0038127683310920646,0.00687936202116024,0.004607231779339083,0.0045715356591458645,0.0041342419301027555
154418,0.0020569779929369147,0.0023191812346601837,0.0015402456193811531,0.0013678060868438369,0.001702973294502641,0.0013578279031146168,0.0010690477413591998,0.0015184890993814038
154420,0.006427111524030471,0.00408123653281578,0.0039561334208571,0.004936739216177488,0.005082294026076406,0.003804791922598763,0.003431563147248254,0.0028581363116054886
154422,0.005001700177231783,0.0065681328971187725,0.0040223096872458175,0.002856907229741981,0.0036348150849241367,0.0036712039516493267,0.002901357223049017,0.0029680315779521127
154424,0.003082966593538572,0.004400350030420219,0.003795298913627454,0.0019591565819455786,0.002473345153698736,0.0022366214992575184,0.002204412459279062,0.002261755066747251
154426,0.0038978753842023317,0.0029703883239935586,0.002537430787751385,0.0019301955953077293,0.0027128104655154694,0.0031686316988917135,0.0024427269972576854,0.002383768896870253
154428,0.004179005861320917,0.005903927355449534,0.006763856386303502,0.0027507255719089324,0.0036490809948761527,0.004273906242802106,0.0025838929438133512,0.0021307085776596374
154430,0.005286101622586026,0.006390069858654146,0.004135523030317723,0.002712309502073476,0.0035765816831281327,0.003371981722964046,0.002946674479479397,0.0026921101928567698
154432,0.007331581984205082,0.01217145792849822,0.0071817044688132214,0.005171120085961434,0.00806117804040657,0.010635055752587164,0.005972330807486659,0.006396104547251591
154434,0.005175273175590578,0.007047115555642913,0.006761642068736029,0.003384614683029419,0.0059467392036103295,0.005135600474586222,0.003473485892065434,0.003268656373141221
154436,0.002553912446104936,0.004336237818370281,0.0023079882423338166,0.0013990843542380227,0.0019102264715121914,0.0018471219239330067,0.0015490153106291343,0.0016649565822044465
154438,0.006925140178888123,0.011369883275330617,0.007256423093378095,0.005081108560702541,0.008249131705691026,0.007940227289986945,0.005166671967490544,0.004918972200770533
154440,0.003197773980034846,0.0044954290817980636,0.0030198061636413365,0.002095750696673948,0.002239012546887631,0.0024690635916493897,0.0022147489430486417,0.0018759811472281035
154442,0.003243916837778041,0.003610391051623099,0.0023539994131960285,0.0017794693401498307,0.0023633813907650847,0.0023236831801960595,0.002154125135220633,0.001846055771136959
154444,0.005009290777380215,0.004460655238464284,0.004690053271563466,0.0030395692336776664,0.0031654681336021895,0.003235118382541327,0.00219778463514958,0.00237607128327455
154446,0.010076347024208288,0.013103121076496527,0.007542798678860985,0.005274601118712641,0.011966538427899076,0.011346778036918137,0.008459989234767262,0.008239181848680721
154448,0.009648602416147123,0.006897752588292727,0.0074174786334051945,0.0032006244360707203,0.00508720944576968,0.006902790465815656,0.004123413696678568,0.004734861355235376
154450,0.003981442036149474,0.005257397074987458,0.004281387205594456,0.0024986476045452677,0.0023164422153403863,0.0022722306533218273,0.0022947546395393204,0.0021242945671917784
154452,0.004715508137053348,0.00497496924319224,0.003505145050466618,0.0025191574327954047,0.004488663776613999,0.00401255034334419,0.0028808216290666794,0.002159731091197159
154454,0.0026131247100380506,0.00276425241062285,0.0017583739969575518,0.0011582699705004473,0.0015571650732788683,0.0019178862576154643,0.0015852678407846238,0.001120265659598163
154456,0.001972332938299584,0.001919442315866604,0.0021132525751552667,0.001529882432447352,0.0016697348273391754,0.0014851910530601226,0.0013409047898458315,0.001188719986260925
154458,0.0036393883909858205,0.005078026573105632,0.004707895116775662,0.002517654737251865,0.003583104804354434,0.002891530009990151,0.00267227562029021,0.0023106445427443223
154460,0.01028541798315552,0.008665008349841019,0.0069630800701361295,0.004151811324242305,0.005009987925086501,0.007323512819092992,0.0047990719669590565,0.005765794758695542
154462,0.005094505133884875,0.004748333820604245,0.003272431945902779,0.003059304451646705,0.004164631522041218,0.0038218156246552226,0.002790524326692856,0.0021387875816648028
154464,0.006059196731003136,0.007016556519650552,0.008574687402511716,0.005076598470721783,0.004352950725559135,0.006295622370644516,0.004681508517413724,0.0041809769829994625
154466,0.005584981793136601,0.009834301607064555,0.00744477508544833,0.006379115814093839,0.005584272449568106,0.004593212775108102,0.004298029343318355,0.003609077231742086
154468,0.004021936398510617,0.005705389808154715,0.003911601348377758,0.0027312030228699435,0.0032273425538703743,0.003960093356468519,0.0027017635522832983,0.00323321887867678
154470,0.004246064307496467,0.006134449017692001,0.0034335994960896787,0.0020753679284529897,0.002969431303299297,0.003847015521774369,0.0022801784723991553,0.0028621432160264165
154472,0.004749437707143367,0.004721355811211636,0.003700132637022513,0.002708542311987819,0.002809652709487631,0.003845572465266456,0.0027616551147153917,0.002339812225911564
154474,0.00298249531433209,0.0031751747408020337,0.004589716156936596,0.0020690225737816093,0.002106905608757606,0.001968895524544545,0.0019051570801037615,0.0022182236720075382
154476,0.007009043155367323,0.012266014066828979,0.008241967041080267,0.0034078742964911563,0.005939232175791231,0.005639746602740026,0.0044472090065062475,0.006421328498763812
154478,0.004543348694670046,0.005689726237179116,0.003514472261254356,0.0024982565701778814,0.002967231999007114,0.003387513388318164,0.002779847287964765,0.002246839597324579
154480,0.009907890261221297,0.006434808343396492,0.008572286646044758,0.004812077207962062,0.00800594066902166,0.006048046924612471,0.006577771061859972,0.00582035114178453
154482,0.00535772550984448,0.008711296159349458,0.00655437410796017,0.0031969351832117493,0.004474056980544816,0.005168761873418026,0.003915459682983846,0.0031107913842646356
154484,0.004089930594787461,0.004070876336165208,0.0037708301506001046,0.0026327022430406993,0.002972525021843142,0.004157730834846385,0.002143458325444547,0.0017392617547854622
154486,0.003752549335427846,0.005214855329030377,0.004210298870628348,0.002386901587541748,0.003299058915544828,0.0033051873241563556,0.002744419145160451,0.0026167361690043883
154488,0.008372172130467759,0.005650157458804428,0.004792573882515028,0.0030715692443061826,0.0036788913803640355,0.004293486933145074,0.003536667798702667,0.0036393789520434844
154490,0.003839005198196299,0.005265663619304084,0.0029167791168100005,0.00327356917766454,0.004510138744567627,0.003326309402469377,0.0026312975210238676,0.0028380061595184025
154492,0.0038449399715630023,0.004075717066598372,0.002682657794360388,0.002147870002590771,0.0035426089627491053,0.0031728039811307895,0.002063408427014149,0.0021376162135844923
154494,0.0027569617768141846,0.003983911498217418,0.0021470209986245714,0.0015360156696984095,0.001791443884473276,0.0018503824815097186,0.001937803767295146,0.0015567969984603552
154496,0.007323877532119882,0.006060639756068353,0.00465030910275438,0.0051283458382994085,0.005170455746324798,0.003762087471395073,0.003910716968059058,0.0039882683062258395
154498,0.004168803159334766,0.004482668748836183,0.0028904816309710674,0.0027039241757940147,0.00356556033761507,0.0031476379894758294,0.0027686053809895667,0.002890209251792966
154500,0.003238705783279505,0.004653422113954697,0.002788921505568212,0.001963673214666964,0.002496407950693516,0.002556470816708567,0.0018010863276816114,0.00206294377395283
154502,0.0042025779381384964,0.005137492902949126,0.002897047845815459,0.0025324011599375945,0.002961687835175711,0.0026405717850876004,0.0022320491510864487,0.0027917421960685918
154504,0.003560248089948939,0.0048825221388659745,0.0027359336291259972,0.002133376135265,0.0026618117093581,0.002720804967580648,0.0024457342101966845,0.002204608709011069
154506,0.005154262293336542,0.007892540363607703,0.00391789367683032,0.0031455412027272533,0.0065501452064698484,0.005549388860549842,0.0038156999086441795,0.0034401115685089995
154508,0.008121273782396798,0.006647672591158005,0.007421339480471245,0.004308147292089226,0.00794262682747715,0.007303457399970237,0.005554807228393133,0.0051607430496050655
154510,0.005403550113808331,0.005939033507875502,0.004758683553479637,0.003026925838939279,0.0037445254112358217,0.0044000198874565855,0.002847923775233255,0.0031081565105424286
154512,0.0229068019028853,0.01707242823046351,0.015312652153212147,0.01339091753985061,0.018563787519459973,0.017220643261511848,0.01673602730602486,0.014144641937337221
154514,0.004210972819161052,0.005239581493029277,0.004574421635096526,0.0028253884166640347,0.003328364574011325,0.003501223390991473,0.0030640714068508462,0.003310127495209217
154516,0.006164377184708636,0.008773573984677263,0.004950255600810971,0.003959314150117577,0.0047782507429536825,0.004813351820653955,0.0048729673832471065,0.0045757823096695405
154518,0.004756223007294835,0.00570378939574212,0.0039744581524692735,0.0029816689723062423,0.004007042634853519,0.0036859137402311948,0.0032518528010112707,0.0032446064443911737
154520,0.007529826472485235,0.010541965568475808,0.00733952665528026,0.004534110875658082,0.006831420036475189,0.007382129649503355,0.006483538240943609,0.0064715692890651155
154522,0.002763681699812004,0.0023475852163559185,0.0019749971500806485,0.002021506750404578,0.0018201417853807578,0.00155798046097827,0.0015681065806789768,0.0015550662780692281
154524,0.0039047874948131694,0.004345203160517619,0.0029019066560310863,0.0021595098430245013,0.0037817558157349773,0.004295614759649347,0.002880528511917113,0.0032412414338140044
154526,0.002942966913746084,0.002732461235604569,0.0023976124119837877,0.0017355186335499817,0.001756859686850909,0.0018508366503846574,0.0016873908635643003,0.0017106932166308653
154528,0.002763812914994959,0.004618773460880243,0.0020892884134430384,0.0012891203253213718,0.001735921540402252,0.0020351391658069012,0.0015942321281743471,0.0017660833919328628
154530,0.006724428041594344,0.007603940206533599,0.00456567280002762,0.003109190052309488,0.00435433410267283,0.006138135271612555,0.00414740252805168,0.0037841112315440406
154532,0.002099827936093368,0.001826252138306686,0.001875311596175655,0.001867379673146985,0.001433675413390137,0.001489204417536874,0.0011818719582221693,0.001080168398200479
154534,0.004637056686469743,0.004295042469953936,0.004434412160222223,0.002713845910678414,0.0035045747234141583,0.0036889364272613273,0.004037695719951773,0.002947982994428777
154536,0.0038838647625164674,0.0044800183222376,0.002626550235241068,0.0023475935192408676,0.0027212476377031086,0.0026740576246178094,0.0028409603674751788,0.0026118474475294584
154538,0.003992107769224873,0.00265945549955493,0.0020966867326013827,0.002041789572495581,0.002290293654968481,0.0023944482712373732,0.0022665301098540175,0.0021619511248043843
154540,0.0031448810079206524,0.0028097016806052366,0.0021146413150035515,0.0018538457639216688,0.0019792953176445693,0.0016148663212006142,0.00162850202368571,0.0015837146757618492
154542,0.0045729362111135985,0.0056612988155762545,0.004512014299523637,0.0027932351766291053,0.0037958570786936208,0.0033278780143320003,0.003302363884866502,0.0037100241858659816
154544,0.004515668447369059,0.0069795876512666055,0.003917644647330798,0.0031013945455713593,0.005064362196006977,0.0034154077458135035,0.003457338883004424,0.0036811666294256917
154546,0.004590238091330134,0.00630301174806025,0.0035988640131794924,0.002673994439211791,0.0034301574805444823,0.00276281928231642,0.0030815891613028,0.0023991766538578596
154548,0.004368113977251176,0.007443394287776128,0.004379644241694403,0.0033313526236412733,0.0043453328194159035,0.005841705541165476,0.0033467784737813006,0.0033972495500092514
154550,0.0029607869472159237,0.002691321632583024,0.00237954017450992,0.001666671958844304,0.0021782663334530966,0.0018598693955263479,0.001494380232323747,0.0017278159227163692
154552,0.003717253794737252,0.004078474429594303,0.0030858800694995164,0.002627033668650705,0.002276979050157682,0.00297410783490909,0.002191105756952416,0.002153560134303137
154554,0.004843464252984264,0.006777332686293269,0.004585592203048217,0.0026784007120215225,0.0038234693615085136,0.00333984513380238,0.0037138694453924814,0.002970693693546758
154556,0.005846233591129624,0.005429856624957152,0.00542461589383475,0.00477872560372733,0.004392287807157891,0.0035572452769583457,0.003433255915355829,0.0035598888946414414
154558,0.00988397860108986,0.014416590912858462,0.00984606776804342,0.006481349903283196,0.01061852111097128,0.012533548774334102,0.006208674477149734,0.004465589911955059
154560,0.005555890108532857,0.004356280248142552,0.003934885509171482,0.0026329954663189548,0.004089913441390758,0.004532209666657572,0.003224969318609841,0.0024505206828662335
154562,0.002634609824711198,0.0033089505008005032,0.004832593817118147,0.0020772925474879522,0.00207977118368409,0.0025465198522274385,0.0017340514298674337,0.0018201802472504053
154564,0.0028862427833532683,0.0026100638393600356,0.0030413941370017877,0.0021063533320584416,0.002442154790263232,0.003149524733164155,0.001911620122490243,0.0015808716028975628
154566,0.006215909280528342,0.004522734654932359,0.005057110384136587,0.004447293473078595,0.004852787633800093,0.004380417411274318,0.003455261345083352,0.004893629929804355
154568,0.013980267416813241,0.012375691796507271,0.00896652815958987,0.008681207413986591,0.01451793337919427,0.009822123063882637,0.007821805101377644,0.005354872585489057
154570,0.0034668356902046865,0.0038503226804431634,0.0027049552113450753,0.002176465102545544,0.0028622145656251874,0.0027127592417235946,0.0020520136702339986,0.0016333713354335089
154572,0.006798558239907493,0.008961667864553713,0.00576569405676125,0.0030485482507893735,0.004832569991862989,0.006688484133710093,0.004202992363189273,0.0054923684951760365
154574,0.010669381083712237,0.009289001534845076,0.007535379817924515,0.00520056306498895,0.006102450471280607,0.007116086000484911,0.004171284816405996,0.004404394792399069
154576,0.004101827503091793,0.005483708421238909,0.004200884707315,0.0023867330561921918,0.0028615485377687794,0.004138233445873718,0.0024114601525871415,0.002483666111677621
154578,0.004432551813657926,0.005660887347330723,0.006322850111818212,0.0038341286424690285,0.0047055836867606615,0.005559234930769874,0.004089605639330751,0.003157674358815976
154580,0.004740781546788364,0.004884558976263387,0.004083383471521762,0.0034039900620810304,0.003085352802592714,0.0030139860573195065,0.0027463839525267986,0.0028688419935560955
154582,0.005067370025324591,0.004579558989319443,0.0040442942576560115,0.003618992959189049,0.002908678299093706,0.0032111438288462413,0.0026319503356797558,0.002439722738284411
154584,0.005875335745727739,0.008844468709918785,0.0059071222281659175,0.0034881297896389857,0.007271609919257627,0.006363186141670418,0.00400673419428893,0.002514132134687555
154586,0.003917063609277849,0.005078918575364355,0.0038785328912125383,0.0019708263648865604,0.0033333581629740316,0.0029893191432090044,0.003307355934462075,0.0031690288809171907
154588,0.007412116444307282,0.006608495203132281,0.005076300134174483,0.003748096114551347,0.004900567494371677,0.004197433621012936,0.0032543591640846886,0.003471216944540015
154590,0.0037192464310500384,0.003116744937237473,0.004288742968543924,0.0032402807469991135,0.0039031674649862153,0.0035717122778857746,0.003058899783899227,0.0033326828442961087
154592,0.006163837852768472,0.012118865381051391,0.00702545771663865,0.0032991795963593362,0.006391893666549464,0.006818283774579437,0.00542496161190642,0.006195739859520766
154594,0.005183459907294685,0.00546836229539599,0.003252046544389278,0.0023686780125793533,0.003993054976403565,0.004129136749260243,0.003380108244606994,0.0023598493805966486
154596,0.003310704496071862,0.00928612942496182,0.003241945603754695,0.0031031175495395275,0.0024991779705212935,0.003228550242685202,0.0026475609044007697,0.003030370081930092
154598,0.009621583875692397,0.007582588050867367,0.006687745643743581,0.004188492893166862,0.0071702529341966526,0.0075243087808554154,0.004398963315538573,0.003505285764741198
154600,0.006568089421791434,0.006325371800532054,0.004134758370710756,0.0030725690149885493,0.004878885837030167,0.0048664807755006145,0.003566028823648662,0.0032370222593125636
154602,0.003803035633001009,0.004202825238274421,0.0049204950273807335,0.002344676861568487,0.0026211255459296506,0.0033073126581206896,0.0022084742638987104,0.0017997686607762464
154604,0.01011181652519394,0.011987619528277593,0.007183885486483632,0.004986103777084916,0.008173239558431966,0.009097345968175574,0.006404621099822316,0.00630517095480837
154606,0.004581259306009555,0.0059909432142580266,0.0037899905948633045,0.002807348785002897,0.0037873958314012107,0.0033369879894174503,0.0032046055669848195,0.003147120101357148
154608,0.0045464628784808725,0.0029145265977013057,0.0029324246546413996,0.0022594007755429857,0.002598022095403621,0.0031641511811569267,0.0024576522834513087,0.00228374970866764
154610,0.006376083681678912,0.008565982811714667,0.008632442393520512,0.004708242749327296,0.005929801988063588,0.009011921444610715,0.0062423650143195175,0.005575941871647727
154612,0.003413868263494102,0.005399753143216446,0.002674551960600971,0.001541603848480344,0.0032002488820299796,0.002837390975640952,0.0020183129086631113,0.0015740737838826485
154614,0.006694541045489055,0.012701039867819619,0.009716161745512208,0.0038796609724883885,0.004547546060802488,0.007926190559597368,0.0048044640621469625,0.0061027810664216475
154616,0.00759365641672205,0.00814789502232216,0.008308074069827642,0.00521997330548718,0.0069509743430353765,0.005827626838710798,0.00482303735600681,0.004555810825679352
154618,0.006457351661561861,0.010194995070378354,0.007617028090087852,0.005400549224626738,0.005943105141159644,0.005819623594695289,0.005217044288703898,0.0057199084304909165
154620,0.0026918256793604517,0.004923015472968473,0.0038329440064684,0.002052024807914901,0.0022769495417129804,0.0017903475831113763,0.001907607627274821,0.0015359788774876315
154622,0.0060304787688974515,0.008790772491412469,0.005259292358683665,0.0029797774829993934,0.004592240292836891,0.004580833692981179,0.0043434254571109165,0.0037173310187563757
154624,0.008058368722927922,0.012168268853789466,0.00734714736891906,0.004612149701078094,0.007411356989717399,0.007180162675241242,0.006038968416882062,0.006063579697079879
154626,0.005972531183130736,0.008262021047116319,0.004869329442751591,0.0027990411956914235,0.005192665634284888,0.0036459140764791287,0.0032493660905365124,0.0035034178915935854
154628,0.010919062570785565,0.01568575883173029,0.007456975119794151,0.0061121648529654515,0.00865090600118279,0.010037750697793835,0.0065144927772928796,0.006259549220672733
154630,0.00465720120230545,0.009335849304833665,0.0056897487171747585,0.0027018011175978934,0.003165695756908185,0.003399902986785955,0.0027559560779613634,0.0024059364443760334
154632,0.009181978291217752,0.009622982725604468,0.0059000671788391745,0.004498918589628753,0.00887632549238676,0.009104725291511129,0.006225943966065517,0.005498848421143843
154634,0.0030722088970963762,0.003177660203427038,0.0025862472741664533,0.001942756118838998,0.0023383182603817776,0.002471808772243192,0.0017032712399867173,0.0017587620501836043
154636,0.002255597040367055,0.003783259256238805,0.0021504867770694297,0.0011481605498247505,0.0015969296774709513,0.0015039409910749951,0.0013778891102132068,0.0015239243372456301
154638,0.004761945734135742,0.0045574524063320965,0.003861763309998878,0.003201227223184555,0.0034027421682348985,0.004200117891296762,0.0036250598151008617,0.0024595363824697763
154640,0.0031136859626535035,0.0024898868464462987,0.0028913757657672706,0.0018402146913634732,0.0020495964964908353,0.002081768550453944,0.0018892052227039713,0.00184205995964698
154642,0.008594524427536998,0.00819797582677495,0.005539754478292247,0.004617779036980352,0.006858424004479113,0.004079988616436714,0.004602098129093124,0.004802082575985134
154644,0.016423098799053015,0.014795627230204167,0.012140869911235141,0.012055810066089245,0.015557778811000844,0.012834628480553667,0.010714926240323885,0.010537523024252649
154646,0.004356876274542787,0.002719230846129364,0.0021877520077784873,0.001919467123917551,0.002607212855185184,0.0025961980389014455,0.001946198258162335,0.0021447589587053617
154648,0.003833741124567927,0.0037237620493835305,0.002492418532352103,0.002415808680464926,0.0027514512671820146,0.003231773121353934,0.0024885203898939445,0.002148850415580661
154650,0.0034218241023316193,0.0037169576253486825,0.002916645124111439,0.002196651344285719,0.0034535049264816653,0.002787697170809081,0.002641855668063242,0.0022630365201741776
154652,0.005098717790428475,0.006146953852706416,0.0034256831732387832,0.002996694422501958,0.003330118117166103,0.003223852828943885,0.003038574846758735,0.0022146188602412686
154654,0.0052820840645596,0.005160258136154505,0.003943029347033777,0.002599305849601566,0.0035064768764254822,0.0037676977151246543,0.0029919463646400773,0.0027718990301315305
154656,0.0036122594599783397,0.0032985026140899265,0.0030364572340636636,0.0019989333875704146,0.0018579397555732596,0.0019029382111162563,0.0017433977510883936,0.0017092020476070502
154658,0.0070573479523636795,0.0048002374851390806,0.0046325656596915565,0.004101507801238746,0.004244543878054119,0.004280926034783639,0.0035356545354192637,0.003772481057787283
154660,0.006132894539609746,0.00786851812240702,0.004669489505333468,0.0037996739890323733,0.0051183561653572185,0.0047765585351716155,0.003273646762142049,0.0037184585807828463
154662,0.005059431331360997,0.007202711298660347,0.004794602190861197,0.0032222425305653696,0.004045994495045557,0.0035859757361537264,0.0029121466884101666,0.0035157802348786404
154664,0.007527937456765221,0.009176700219715173,0.005793408878433048,0.006590676086994096,0.007007788200754428,0.006278623650033899,0.006030514641125251,0.005871033922502156
154666,0.003976257342338307,0.003656642514832109,0.002331871869704197,0.0017580784553508644,0.0022805595225619535,0.0021719217077325603,0.0021212528090883698,0.0016070729645049214
154668,0.0044274103588440306,0.00616731409144311,0.004473093209327372,0.0028653496437081177,0.003478478604074589,0.00393219020967811,0.0033584439990579917,0.0030164514076763127
154670,0.004131574965629492,0.0037860717347371203,0.0029009928360018145,0.0018237946137811267,0.0030163507446998583,0.0023160198129732468,0.001688298435476021,0.0017760159889985833
154672,0.008813405011666442,0.011558827944803396,0.012943460467835843,0.005064600795834373,0.010575542819918349,0.010764561429440711,0.006181626004711449,0.005457107605871592
154674,0.005640242353259828,0.005914717811977832,0.00353337821324963,0.0024329508963077395,0.005342495820506665,0.005183028639523857,0.0041659000097560295,0.003921792439598448
154676,0.003514071215765649,0.0034038083621573123,0.0026660536695715664,0.0017252943505459278,0.0024606849286063076,0.0022160373547742834,0.002083048973312851,0.0016198930377276377
154678,0.0029042586884742705,0.0031608813618966836,0.002787443839472395,0.0019343507122790982,0.0024335466495130215,0.002134985251134369,0.002387709747082703,0.0020996579151102424
154680,0.0030159931182787703,0.0029356932105317757,0.0031333605018857846,0.0022736593059336507,0.002442528521473586,0.0023168148076294776,0.0017233009969155888,0.0016772704957568885
154682,0.003602924934836285,0.005014991725468043,0.003230829931596624,0.002201406488019489,0.0026588676666250977,0.002967728374678749,0.0022163919616758343,0.0016589319523242635
154684,0.009523570956350424,0.015636956743112274,0.00929968968235878,0.006821979262744415,0.013231055440109607,0.01512725418692984,0.009100323778493069,0.008748182709807095
154686,0.0035476022754470926,0.004891914284776755,0.003024513165870213,0.001730276732059291,0.0022964452747409325,0.0032183451344215547,0.0018474581620620129,0.0020451390602720942
154688,0.006170729271018027,0.005099429645978815,0.004314209481361131,0.0033152193550589765,0.005182906342973637,0.00485297344545188,0.004289248476131713,0.005304422555367561
154690,0.004881155113581281,0.007750431876957009,0.005164376878705801,0.0034919996430991113,0.002914320257520489,0.005240919067009742,0.0038246516110229667,0.004070135739466851
154692,0.0043553882518034825,0.006762173864005627,0.00519514314008257,0.0028085229379448823,0.0034331786448014157,0.003795829077659088,0.002951470279678736,0.0031939352053039216
154694,0.008693654586494626,0.008500175708907654,0.013899438250147222,0.004425707116733568,0.007785967149933681,0.008396661211272305,0.0049247794368705855,0.00482699649695939
154696,0.004989939805437382,0.006399928188525417,0.003592357368749133,0.0033365898857136284,0.00419315408209503,0.004081905783961892,0.00288488521622611,0.0031936960426449112
154698,0.003997750300042624,0.005133011232125506,0.00333430802628204,0.0026310685964199415,0.0031982222822115602,0.0032315770180313397,0.0025079084047006234,0.003157570110379551
154700,0.0035868038629422033,0.003303873737357535,0.002669859345814221,0.001905199682029901,0.0024454283948597416,0.0033067535189750807,0.0019802185717577997,0.002464039344946878
154702,0.007296084670763925,0.007663927437331575,0.0050806359002564805,0.003913366680292407,0.00417015118775016,0.006280340555691544,0.004809771342627001,0.005173593518969177
154704,0.003072088724835942,0.0025733678505118207,0.0024435773307920905,0.0023422888051707336,0.002659644157749899,0.0026189262035183347,0.002663100744939806,0.0021546507840006918
154706,0.001989528088695028,0.0030837046598231055,0.002212967736770821,0.001334184471929803,0.001520737396429897,0.0015638600277478876,0.001109955445910915,0.0012544682426934295
154708,0.012487351294510951,0.007782257083721655,0.00584857633498187,0.0055547061649650065,0.007363387760278783,0.007571378647138138,0.00647936104402036,0.004036148694876174
154710,0.005586918519307427,0.007074381678863484,0.0051151424715636384,0.002796265279226398,0.00397373765118858,0.004064693138624342,0.0033792025529667674,0.0035146825101023543
154712,0.007456213370474529,0.005356196439848304,0.005557675147463359,0.0030676803177159956,0.0055187981840454925,0.005411584329788832,0.003974782258435505,0.0036302684463116602
154714,0.0023296917256133143,0.003667868611454461,0.0027260641462035218,0.0018203255159940923,0.0023080197409204445,0.0024678823707913328,0.0017692287198083911,0.0019459908616516058
154716,0.008627265211559598,0.009633062711632334,0.004975917317853684,0.004877765966571135,0.006080316347687964,0.007235393796550804,0.004661883216209084,0.0035402346473204643
154718,0.0030541928532129697,0.0037810818618500136,0.002221890767215365,0.0024697911214680707,0.0028414536129956064,0.0025864363489548486,0.0022141841098478054,0.002078820587708155
154720,0.0052259329082551265,0.005647895116701884,0.0037664996100589404,0.002844352394424876,0.0034050990583515267,0.003730425254851788,0.002881528690595339,0.002552205569785873
154722,0.00504931738412534,0.005418925750738046,0.0032597925042811143,0.0032893090467658315,0.004378595049271683,0.003210704331896866,0.003093081311294432,0.002692474361142963
154724,0.0053462268491968334,0.005532490127363454,0.0041754491921036085,0.0032177415830103723,0.004313250361988319,0.00424982382982364,0.004151270777597915,0.00304375845137006
154726,0.006920179682290917,0.011111939270343152,0.007117397128262093,0.004405777417648693,0.006437799407255085,0.008044103614786913,0.00590072762368804,0.005906406455759294
154728,0.005200898344403848,0.007255142375672818,0.004309341585795323,0.0029774743377115748,0.003642577656066459,0.0044314853910008,0.004509254146406683,0.0044293628478195846
154730,0.0034654539575513926,0.0027796756255100835,0.0026954876190674742,0.0015649822112637768,0.0023769905763644378,0.002350527161121288,0.0019980394169945154,0.001530579588157624
154732,0.003578490350260602,0.0024003292721508362,0.0026301144053144654,0.0018550158860537597,0.002005402303134632,0.002243561315179443,0.0019607451256843517,0.001858680397867643
154734,0.0034536511681798054,0.003070698449023093,0.0023699067040455907,0.001741127521572905,0.0040013464181259395,0.003225849023515137,0.0020338349146876156,0.0020711802402907514
154736,0.004978622244458997,0.006388970458140131,0.003093658966690782,0.0023603134058667458,0.003747182071368871,0.004761215681730546,0.0031026162023062437,0.0025785601785819484
154738,0.0048995890763131045,0.008806952988379635,0.0038119862766708423,0.0030641650268715126,0.005586821619335547,0.00413738323057139,0.0034075907198453242,0.003763392741615648
154740,0.004304076591413519,0.006017579791262051,0.006687880908657684,0.0024266666750625415,0.00432892083339903,0.005198799802126397,0.0032952722859920375,0.0038495307743009605
154742,0.004102556660792678,0.0041121362070042355,0.003456505252306133,0.002383631759033236,0.004239032420771061,0.003877648545662693,0.003227224463936418,0.0027054880481804933
154744,0.005114271803620396,0.00707400067262004,0.004460840351452555,0.0028654680950177536,0.0034551181349264937,0.0035492670505977847,0.0030976862335722194,0.003459968347255607
154746,0.0030562902788098256,0.002638177543656861,0.002506303881819827,0.0015681947982715827,0.00246936125501801,0.00198092947490304,0.0018391636345033296,0.0018804448594439555
154748,0.0030125995873065414,0.0038853906846647718,0.0022639790594334436,0.0018399379169589114,0.0026770069786909018,0.002277296189126879,0.0018326317118066981,0.0020740864757010785
154750,0.005122125413382861,0.004041293651662281,0.004340658463833302,0.0025839478596601517,0.003907027693053566,0.004013176179747724,0.0027932737663328155,0.002987518484698415
154752,0.014385783582739065,0.015413394675821479,0.010431742913130704,0.010061363250996047,0.018506213218666412,0.011938390771547347,0.011637649925590132,0.009063307114623775
154754,0.004122407141005091,0.004775511226233542,0.004233674825982803,0.0020341420364253793,0.0030216791867589965,0.0026516188491304687,0.001964238159404774,0.0022281714506968697
154756,0.005421288783538147,0.006993076445518165,0.004029201154809814,0.0033151078188326105,0.0044365964570483585,0.003974820776254939,0.0032432875561385632,0.003560786472292854
154758,0.007654711271656345,0.009028677903728743,0.006081025150924069,0.005181709200312634,0.007745447661339,0.005803278294316039,0.005044752633966143,0.006360144725797101
154760,0.009367834075661108,0.011383952618091664,0.0068034872519731615,0.0039648621558621144,0.007158931572583127,0.006922656608898736,0.006137217690099783,0.006882536257820426
154762,0.0029989046165407457,0.003520260374541506,0.002522942516507476,0.002000288713724721,0.0022652746177920374,0.0017205351685947168,0.0017856618997780793,0.0015958859816426335
154764,0.007920758908675829,0.007105272234587956,0.005019885055990159,0.0037789211245225496,0.0040451320111346,0.004387836994106886,0.004193309435373216,0.003986389252497169
154766,0.0043435894620282856,0.00459491259413114,0.0031188620643401443,0.0030447240856327357,0.003570027555849231,0.003487917256356221,0.002989697998159749,0.003133525241522231
154768,0.0051431049549330865,0.0039917773088662956,0.003665017398495396,0.0029109426269119526,0.0037082958073058614,0.003482642083001544,0.003183983006281643,0.002955170235356741
154770,0.006394934321875212,0.0056430527640094486,0.0052423744119339255,0.002958114687005242,0.004850523923924044,0.006296732629347324,0.0041109944028643874,0.0027322552131261446
154772,0.003714530571237218,0.003144731011292659,0.0020391684814596994,0.0014095265482919062,0.0018459991103685902,0.0021546469797331103,0.0017799521276771202,0.000972584805463448
154774,0.004981636059504746,0.005239112303894233,0.005118591769344372,0.003471221334202537,0.0034982601210329367,0.0037713091876195315,0.004365868823308416,0.003925369175735938
154776,0.0030840038004055353,0.0038214839990482474,0.0026353617293551346,0.0018082809663056004,0.0023592395571689906,0.0021512265739889735,0.002061949666626539,0.001407990174078444
154778,0.00408128603457758,0.004810592956951076,0.0036748456704350924,0.002688333110478905,0.004341818961901611,0.002827055160906658,0.002790832901944429,0.003057706540778027
154780,0.007368788579533769,0.0050072059518884715,0.00395099239986868,0.002729080956767063,0.004399478242598287,0.004464784369440089,0.004558220993008177,0.0036416909595438085
154782,0.002827364956979897,0.0025712944246754216,0.0025234500039755248,0.001444030484479622,0.0020288358582443294,0.0020937336769594334,0.001918701086102828,0.0014058587041043819
154784,0.014131799848568827,0.017395557481762802,0.01112617665497645,0.0085265985408301,0.009484413699750727,0.00909843327441312,0.010655248388317995,0.009266017008833283
154786,0.006534662152660131,0.005832899382656687,0.005760686093939427,0.004013327218467033,0.004526253790139434,0.006228895500813236,0.004376508870951368,0.0035375801699793485
154788,0.0037916709235084056,0.005059827747269319,0.004455678532938601,0.0034056168836498757,0.0045379205125276045,0.004007132245194056,0.003550084269194953,0.003482766955491559
154790,0.010720132684662043,0.01563217573278397,0.005792769210884785,0.007057518200515256,0.009656392339938202,0.00798486316433955,0.009387255336417655,0.010555229927050824
154792,0.00255598525678892,0.0022825339503019237,0.0018438815178485474,0.001309997844147981,0.0018084520572819868,0.0016414231158102949,0.0013471508065496934,0.0014665501692596866
154794,0.008241765474205354,0.011672330350936955,0.00702021795049057,0.004426768878209808,0.007547665487310562,0.006527906267622063,0.004191179127027489,0.005579390671145212
154796,0.0054924159815863405,0.008884366053985071,0.005102469157674483,0.002729827147966768,0.0043327070431262715,0.004264057268358101,0.004586131057956244,0.0034485463643524478
154798,0.004929723773951844,0.009619942512723023,0.00443991213745637,0.002845825590751097,0.004967699820728422,0.0037853116758096578,0.003192305876499546,0.0025972140246533076
154800,0.0022099660934669224,0.002883102693838291,0.0029742142917685843,0.0014452716881808159,0.0017131159027611448,0.0021495723137921474,0.0015118480478460011,0.001372822679825983
154802,0.003141277065143777,0.003319423922483203,0.002183044712835272,0.0018822077157845118,0.0021733174330658273,0.0026764765685866193,0.0017791861729902353,0.0014944444611822427
154804,0.00834550250802929,0.01065338883235395,0.01718874524341829,0.005921289692448151,0.006830453251487845,0.009294225604744577,0.006064619404834437,0.00594826761090772
154806,0.004788629917731824,0.005376107760136917,0.004871456089788673,0.003164425279167382,0.0033937346581774386,0.0034776969108776257,0.0035316131176719306,0.002389864415253129
154808,0.0025344956066502555,0.0018961904066477353,0.0015941321745916032,0.0012248349483776622,0.00169711408528396,0.001714252772890404,0.0014724377391112237,0.0012123347066533285
154810,0.0046625272661083295,0.0077601084524838715,0.00452887674132102,0.002968092869919961,0.004002012857556858,0.003951396102493732,0.0031064337690515226,0.002634157815673499
154812,0.004541064968531183,0.006120799220533435,0.004106133716758942,0.0032068383932487704,0.004044133161164309,0.0037325434077329356,0.0037825599657321934,0.0027008628374893817
154814,0.003718496744616273,0.004603566038635043,0.003504602951967875,0.0019681818261275824,0.002641972086839195,0.0023750160044314073,0.0018708971677492414,0.0025342870607070744
154816,0.004611051768428576,0.00870043747684518,0.005464708950114139,0.0030704792213009924,0.003963212824725781,0.0038970641841396536,0.002896162056441734,0.0034210784346760392
154818,0.006757670195124688,0.007272833633337195,0.0070527007207892844,0.005346500327627679,0.0053886841714856915,0.004153798111449447,0.005211429679223889,0.004555247606341517
154820,0.002789322856299195,0.004022919271911063,0.0025292050954051626,0.0016967562185827983,0.0019174395949013295,0.00309397682447711,0.0019956525898692234,0.0015168796312477056
154822,0.014566789016676518,0.020305790835234427,0.012139927482586244,0.007228857459779192,0.015593231986915868,0.013157248151729528,0.010950296677815496,0.008457932116280098
154824,0.0033803989059511125,0.0037134226738833598,0.002671382145258472,0.0020314338477059324,0.0028139080744256223,0.0028591744265121927,0.002071036134829507,0.0019863559670485476
154826,0.006201400468811791,0.005737692389108651,0.003934167669303934,0.0033103071059863987,0.0064216377685897275,0.005016048086005365,0.004623999489307418,0.004079782076601646
154828,0.004497048756564093,0.004519353124938841,0.003559434591878366,0.0024608298093215103,0.0030129369732080497,0.0035325173087359524,0.0028662917383111136,0.0026232036986529317
154830,0.0061858936307293555,0.011463813967117764,0.004109070415572236,0.0034548671958451044,0.004187162152002932,0.003543232047531833,0.00402699286049657,0.0043437927538581556
154832,0.0036193179205624842,0.0033142104494798957,0.0028342049938450686,0.0020523748164982814,0.0021835756188901545,0.002031413699256357,0.0018756023118566972,0.0016412447235245597
154834,0.00380658769055936,0.004542373471366767,0.005320100044097276,0.0025834862059859326,0.0033525122819857978,0.00376251111096787,0.002448313030356586,0.002191034960040153
154836,0.0027282990640765115,0.0033136987631223747,0.0037126644951277488,0.0017466252638984603,0.0020933968628207428,0.0019586576561408386,0.0018512671526360741,0.0017279636519738212
154838,0.0034478905375898705,0.003349563912938225,0.00245422249211652,0.00203874054331811,0.0029816002173466694,0.002476869481369326,0.0023179926688232794,0.0019264491163420439
154840,0.0035708266807352868,0.0034096186392896938,0.0021342351727727943,0.0018973459046809499,0.00209590896212003,0.002363267296888863,0.0019189964511290847,0.001884046101996495
154842,0.0033490977960527607,0.0024147274052980366,0.0028071612749048236,0.002098187759794215,0.0019152256470916923,0.002432175901524017,0.0019453526361876833,0.00244555845615424
154844,0.00571232189164711,0.004867426773276284,0.0037812651200475195,0.002869246659541483,0.003563085836224014,0.0036548383329813167,0.0035783606535098045,0.0036469884607593372
154846,0.008187567425778364,0.0069803595115445205,0.005387787244155506,0.004682794271533064,0.007347464132942072,0.005795458547576404,0.006319419147619243,0.005872393845493207
154848,0.003110464768827939,0.004945307262856302,0.002923438765734865,0.0018055579081166645,0.0021981143746430676,0.0030604374164262677,0.002280253541388222,0.002007051539399521
154850,0.004156985261200896,0.0038608526385997127,0.0028354990087129384,0.0020990287607848407,0.002137398512293276,0.002593200217775815,0.002186931741406717,0.0018736048625267593
154852,0.0037490025139269717,0.004778126108785641,0.0031474193761385494,0.0021363094833957152,0.0029475898026876113,0.0025927316682739093,0.0023575523675798543,0.0026553132389202233
154854,0.004296203691405209,0.004037645536396406,0.002746519442006337,0.002765299193304274,0.0032310171186145653,0.0033086157857020737,0.0026546437134562645,0.0028997762379905923
154856,0.003939595152374409,0.004546842680970331,0.003307231676420719,0.003055125136515305,0.003966137385896185,0.0031218157603318947,0.0026565584582485813,0.003207360749724733
154858,0.0035772228992734384,0.004147089691408645,0.002530805686537088,0.0021160020645861893,0.0031516500346038256,0.0018113821364824784,0.0022989613178151652,0.0014657256982854167
154860,0.0032787608379175742,0.0028741144636879185,0.002137927972870171,0.001953502955978084,0.002635051163669966,0.0024264189397771307,0.0023530043432702513,0.0021514664046853316
154862,0.004660482332392635,0.004062123733323875,0.0028971200301839417,0.002725009648433932,0.0029477168185514935,0.0026990970824520982,0.002300815749589971,0.002304584083376651
154864,0.005063657033815838,0.006408498579414668,0.006336695966696004,0.003582125489074564,0.0031791547203725706,0.005132967460855176,0.003477098946328208,0.003116301134775734
154866,0.006054826944579761,0.007510595717264756,0.004164813272261592,0.0042040260997878165,0.0052312988111504755,0.004734867507360185,0.0043613635174291066,0.0036001639027177235
154868,0.008205402105788961,0.006378174443091078,0.005302397628440758,0.00334133036735218,0.005446628792071806,0.005519762411498874,0.0045873047410305845,0.004924039098190891
154870,0.007417880330306881,0.009224872896485492,0.004795860040094135,0.0036598357235000933,0.007390125992245977,0.007452356325261755,0.004408422614299079,0.003201601148328251
154872,0.0028707897603150873,0.002972345072597707,0.0028355271772501217,0.0016892619836240824,0.00238160498004536,0.002045643826333654,0.001774939486077154,0.0016475141811424093
154874,0.0033848829974349043,0.004642253449383071,0.003974840504966437,0.002230927821683118,0.0025778720295970836,0.002859227811268919,0.00276171267122316,0.002143322419962068
154876,0.008833167388041296,0.016195221255713932,0.008279479651144506,0.005453570265517849,0.008500704642987245,0.0069204833856864045,0.005551048509944145,0.005020491083025158
154878,0.005587438674897527,0.0075779253222788,0.005574517702847059,0.004314220247591871,0.004653768746075093,0.005302463817689118,0.0032097279203995854,0.00458133293301799
154880,0.003688738224829194,0.005143826314517652,0.0036560334129041028,0.0030341827625535722,0.004176177160353289,0.002716024949176013,0.0036718070923937862,0.004361911668284757
154882,0.0029916191213965604,0.0032115656222126004,0.001826466744939484,0.0016836985086678968,0.0019130911886189456,0.002542768587805222,0.0016749608111093495,0.0013988834302736258
154884,0.006449800530703931,0.007018614942673418,0.005816724089343417,0.0027850133879906563,0.004813430391111206,0.0048016705747624955,0.003487885574930738,0.00400078748131194
154886,0.00541368920222518,0.0074695843732546785,0.008469521574925531,0.005400335689466351,0.0040985270620161884,0.004367127220091194,0.004253098134620936,0.004076402038677429
154888,0.004022384347071528,0.0046815931413215495,0.003655137872926595,0.0028404326183584794,0.003608019187461231,0.002777821066304878,0.0028852249782718165,0.0030140065091167068
154890,0.003336017518766457,0.0033539757341683463,0.0026901811304283485,0.0021340279692172587,0.0023224887933799426,0.0025276435924742047,0.0022278377060037796,0.0018887130188796064
154892,0.0016820541426989521,0.001920135043014748,0.001124896566787395,0.001260979667004461,0.0012950773727828935,0.0012938295497139235,0.001488904549815706,0.0010201070909554716
154894,0.004254334342423727,0.004990265067433219,0.004671078111873117,0.0026076792870952797,0.003939946828953822,0.004503509373081693,0.002716613629779721,0.002525905077341628
154896,0.004294905751095479,0.005398585955254609,0.003646021597761298,0.0025604308486260607,0.003530508939451074,0.003909293223337829,0.002974285399510848,0.0027870910042935293
154898,0.005841443594477802,0.004566190344805543,0.00438729017763434,0.003154497020296923,0.004878232216720735,0.005116906414024902,0.004418570549181988,0.002102101005875545
154900,0.0033671105911960014,0.0038678643812295466,0.00255515060834767,0.0017720697798360163,0.0020312427772617575,0.00233052359231746,0.0022962057064357527,0.0017957194140106325
154902,0.005666399123417654,0.00401764529534715,0.0031663606482674883,0.002349074555544353,0.004776928261618574,0.0041566201850893325,0.0023797335302602196,0.002457628275083723
154904,0.0022135047225282367,0.0019941098522944234,0.0018595782952992579,0.0014071918365277103,0.0017484931057274583,0.001574727125001077,0.0012297872060079845,0.001563466121278348
154906,0.0031208958319301067,0.004657179847215254,0.0029514581365630566,0.0014894028125855968,0.002478106630175392,0.0023572380084415645,0.0016732292871939891,0.0018386680897944374
154908,0.0036115748133225406,0.0037104040384292603,0.0022443215391736993,0.002205384348235709,0.0024388502631156467,0.0025977144972666594,0.0024014781509846955,0.002096490570738588
154910,0.004571638426170088,0.0031818422060442414,0.003428780023317937,0.003047886386234669,0.0030828793056662113,0.0037200552684171218,0.0028834563536861424,0.002876541121702228
154912,0.005808376278682914,0.008393151025441137,0.004182111118415988,0.0037796177883468035,0.005204733333892486,0.004655221488534034,0.004088024881866659,0.0031522071979372956
154914,0.007665098927739145,0.0055798603868597585,0.0037695679628635403,0.004166357828339962,0.004926903513835734,0.003715846641055842,0.003464538217973226,0.0054136343826485245
154916,0.009774054460383541,0.011343995687415287,0.009006766022623902,0.006467382768328422,0.008414149337554244,0.009705674291085098,0.00479154751157318,0.005271861297541369
154918,0.003453937968523904,0.0032553814492075617,0.002463876618012728,0.001929031117532523,0.0026696014177364363,0.0025579010189971663,0.002245180034137706,0.001991959800644816
154920,0.0036874188210779396,0.0034735557108354076,0.0027176571801637572,0.0021640891142029606,0.0028136345849544414,0.0025067459044231383,0.0025026755484132274,0.0021739715188220377
154922,0.00352296760510086,0.0040387969960955505,0.0027689417539866895,0.001986639225691325,0.0023045529659135866,0.002483165982198665,0.0020360232427801966,0.001899784605017954
154924,0.005607883113656564,0.005001487301728114,0.006694397178819145,0.005843703362558905,0.0051979478267307755,0.0038434076952233998,0.005993487813132303,0.004215433648419031
154926,0.006162880918378966,0.007201432800819918,0.004601850467711444,0.004582201372922479,0.005688466304425488,0.0039973593102473615,0.0039259900436033335,0.0036080755767709527
154928,0.0037236042860941954,0.0058443652019662395,0.00378153818299988,0.002049401538153417,0.002732392690401722,0.002658276825542538,0.0022251957105732245,0.0018956885349975666
154930,0.002486142624235202,0.0032793103522767014,0.0025371020290487906,0.0018846017388662872,0.00209471870694089,0.0019919016083774915,0.0016953005874087573,0.0017132771882893416
154932,0.0058279658300164905,0.008892126412958723,0.00514150532017027,0.005044002273169923,0.0061935513926130725,0.006716106802343802,0.004116527179721885,0.004391245000857913
154934,0.006122726440183135,0.014747641229367281,0.005236223209076352,0.0032104522996668217,0.007958484564967228,0.0064622560366354165,0.005340417902800765,0.003528446704934629
154936,0.003626343787789532,0.0025659233549286814,0.001990035583831151,0.0019569615199866025,0.002281308551469255,0.0019316770646531922,0.0019411377868939206,0.0017532314981885122
154938,0.002858273733490402,0.0039223728950157355,0.0029207709346588118,0.002012955893875859,0.002577522504758678,0.0028119077980293256,0.001901943472395598,0.001589663944678854
154940,0.003372117142531064,0.005355547578098696,0.0031861577502925176,0.0024403016533309924,0.003622576408507397,0.0034504446320254983,0.002758747530002062,0.002988685735062724
154942,0.006597247717225807,0.01582589085092767,0.00721827227998717,0.005079518597140231,0.006523658232932883,0.008382146008383495,0.004588298906483601,0.0043867424082952855
154944,0.006405391492969592,0.007099977671241098,0.002905503937117429,0.0029015964146519857,0.005355330572603956,0.004644351248551892,0.003813782361057838,0.00352488049288896
154946,0.0034963923587422313,0.005404728793110047,0.005075605819001794,0.002249956641641196,0.0034355866641279237,0.003216683391402478,0.002957116698823606,0.0031949791203970263
154948,0.0042977313907637815,0.004993385594809718,0.004996278533388798,0.0027307112654634397,0.003500654264737557,0.00342745387678757,0.0036899252563742935,0.002476429730112528
154950,0.004363862459295709,0.0049534925921204676,0.004508221557864012,0.00267100246360763,0.0035498152558375295,0.0031687176759943037,0.002566574426305701,0.0027299859749077005
154952,0.0036559838580264015,0.004549597225977919,0.0034078347168336465,0.0018754806667047874,0.002993526594096352,0.002286537027613181,0.0021409699376456204,0.0022394201110387257
154954,0.0033579129347496295,0.003574894921988536,0.0031739267075415883,0.0019138460015634268,0.002196927917128347,0.002220241849590923,0.0018896009751739329,0.0018735513279830723
154956,0.004140294645878839,0.0045937268286166955,0.0031163327447774614,0.0022500693804170524,0.00268616675571437,0.0021851962388135804,0.0020023198970276074,0.0022659736073196712
154958,0.004123644303251572,0.003902744822841933,0.003185151439438219,0.0022077449916269587,0.002797902130935573,0.0025894609689443154,0.0023148876204262536,0.002316013000347464
154960,0.003457784870698255,0.004365996820956453,0.002592959677763851,0.0025240357738226665,0.003909830824228244,0.0032711930655918153,0.0026195751938190015,0.0028696613321011477
154962,0.003879355617968386,0.003378210373040036,0.002649763030538446,0.0024637312778169745,0.0034199328535301637,0.0023177153925859617,0.0021215489594622744,0.0021373327218377064
154964,0.0189948796383419,0.028690970654005277,0.027414764042931417,0.017131820708428336,0.02905891314883835,0.029353368080794695,0.01751853357654909,0.014328521576945974
154966,0.0035407258502691136,0.005332116802319098,0.0032896564584890126,0.0023131808921148522,0.0038075043527820984,0.0032142633902172563,0.002456105276245124,0.0022644002347950304
154968,0.004665021471339514,0.005354232526786851,0.004985600835305581,0.0030281688207756258,0.004340596614229364,0.0038156557264582697,0.004107092445435834,0.002968254423966879
154970,0.00548023086126026,0.007037236836899885,0.005605466366348288,0.0022018861309012344,0.004880210905527926,0.004019115085101499,0.0033325323048721267,0.0029927072845486458
154972,0.01690026221377039,0.028126396285196087,0.023297809608316733,0.012523056107025587,0.024619313202528526,0.018371162586341194,0.016611036184003503,0.015623202599124364
154974,0.00418223350245861,0.007690864311169554,0.004374065440870822,0.0026532216359199112,0.0039601880666775835,0.006739241144160246,0.003654543309394853,0.002927215440547082
154976,0.003917130757540799,0.005866214372607426,0.0024105148298519397,0.0019239678650251335,0.0030302691869767,0.004177764274027551,0.0021209978549322633,0.0027176397018605775
154978,0.003465254835298262,0.0033264911705992994,0.0029706392781420204,0.0023560296030875755,0.0030236457895242014,0.002679883132316263,0.0022211800002392007,0.0023754085291621957
154980,0.007224515052826952,0.0075336427225330405,0.00523679147496342,0.0033437516309165055,0.006043560684866556,0.006185429534140197,0.004298118242638316,0.0036402177172690925
154982,0.00549108091867595,0.005600093592870226,0.004676053419421733,0.0029750843026184054,0.003966785870677336,0.0030641980210522335,0.0029301334334042167,0.0036369194011678374
154984,0.002860239427075806,0.003039277184958833,0.0026554357128599215,0.0013977375199738518,0.0018775914629159396,0.0016529624676222543,0.0013230669880324175,0.001463463731256276
154986,0.004271851001386162,0.009270474188387334,0.0043195590157597,0.0032066139364901464,0.004123680665042484,0.005682829224715968,0.005227831131834115,0.004040781187129527
154988,0.006036942119862998,0.010051409643521192,0.0071551383452970185,0.0039277969083286735,0.0057629573375947984,0.00646056594283545,0.004270828435104512,0.005880486986554134
154990,0.0033067753695024266,0.004607782019150131,0.0027403527887148865,0.0017142358065114771,0.002970862222029247,0.002069230664170585,0.0018417654603453265,0.0016625815713662423
154992,0.005754103375201547,0.005210801478673643,0.006299014938102643,0.005464033721731321,0.00687788887038554,0.005530211575994537,0.005165651270093774,0.005053467889021057
154994,0.0027214707353260398,0.0024254006053551352,0.001727242099375595,0.0015270607505224465,0.001626399243833801,0.002284441571593021,0.0018509808935145977,0.0015943362498217623
154996,0.010721476538258834,0.013332909581160957,0.009003052769920361,0.0059047185498629084,0.009701907708624058,0.009713889619560101,0.005587756126501697,0.006848323335859385
154998,0.007585232717202628,0.01374247068169887,0.009900549595595942,0.004622211224969419,0.005669487562718567,0.007728168796270529,0.007289141848404235,0.005453807959973966
