iteration,head_0,head_1,head_2,head_3,head_4,head_5,head_6,head_7
155000,0.0009549465062701525,0.00122482530054481,0.0021326614349850836,0.00164532088385827,0.0013526760330307003,0.0014588849908982043,0.0011424590351754582,0.0011376239560472734
155002,0.0010144653870072795,0.0014889631984616458,0.0011758148848133865,0.00222107641474395,0.0010191559288948021,0.002119811130092908,0.00246753002118473,0.002130842706937322
155004,0.0011359351051038052,0.0016433341208641483,0.0010431761188209876,0.001545911785797216,0.0011280701379592362,0.0012919440798127152,0.001872615242104525,0.0007239670399703663
155006,0.0006750377034328049,0.0011854411251457364,0.0009430737023308211,0.0018538508966372547,0.0013198298908980721,0.0011298187472436189,0.0016529912447277445,0.0013847664392646758
155008,0.000998154990683453,0.001039380343925922,0.0009602757894379282,0.0010042172367000918,0.0016239432139519838,0.0015382666721608929,0.001569269540846685,0.001257554463682864
155010,0.0009907452800635014,0.0014327200725026135,0.0008526534200099661,0.0014409220304281711,0.000748520152179414,0.0012354619317259813,0.001183522580142038,0.0009943025463222122
155012,0.0013851812428434945,0.0015640872020517144,0.0010217637611345531,0.0013853576086371305,0.0020182489772514606,0.001572590523114814,0.0015101868017260017,0.0017140294403695938
155014,0.001192118362185482,0.0011831937475331872,0.001640337819649021,0.003930906435449855,0.0015750097887737985,0.0018549305287724055,0.002453288751414817,0.001765483212745389
155016,0.0008531743349921156,0.0008853899551661826,0.0010391913132219571,0.001545414702239803,0.0011639337332980532,0.0023287481880452376,0.0013100331705682283,0.0016526480562011892
155018,0.001321482611787994,0.0008607866825890466,0.0011437223202914876,0.0013477344393214713,0.0010699448882118962,0.001106678339528655,0.0010996499058057996,0.0015523993461980107
155020,0.0010577975461206895,0.0019314298407641234,0.0022184591372612084,0.002624615419653656,0.0013996699306240284,0.00136191399585478,0.0026181735974920017,0.0008342334399600304
155022,0.0005830168091959381,0.00087428269200324,0.0012620170031614336,0.0012849041065016303,0.00074976052942205,0.0010399391298224203,0.0017671308972247446,0.0006496059747907214
155024,0.0007819242321362996,0.0011469589055183166,0.0009081809878397906,0.0016139185454788763,0.0007465716812258029,0.0012470702572265346,0.0016248434726829353,0.0011360626734080587
155026,0.0011910682552800922,0.0015380992362010876,0.0013910480903265299,0.0009407440912687637,0.0012268198195537622,0.000827860581128062,0.0015608393837297646,0.0016170281463170344
155028,0.0007746505801065617,0.0016020393547738904,0.0017884531006553406,0.0014991844949623911,0.0010582929086153797,0.0017036251801991753,0.0019125851301638463,0.0019692096060595077
155030,0.0007224295501465396,0.0008076955192405956,0.001085327346000975,0.0013215086130371478,0.0006608292082489232,0.0011728358150869256,0.001518825903990051,0.0007720334176218625
155032,0.0012902342018163981,0.001519098278475406,0.0013074138363984439,0.002373238611206807,0.0016148480575742946,0.0025106015452747293,0.0027238834165532883,0.001209040513232576
155034,0.0012160147561091211,0.0011275309334235623,0.0008890849259402291,0.0016981126899049404,0.0010604555386457687,0.0011753512314616327,0.0013764726318355458,0.001122939042323745
155036,0.0007514776433530934,0.0010153227173659851,0.0007893101574121264,0.0017124840943539277,0.000967615150619397,0.001120886187240322,0.0016579889262933328,0.001217970888770084
155038,0.0009122742993703525,0.001159034858828678,0.001187176383412647,0.0014952602589502484,0.0014573117014089615,0.000899094048255198,0.0017951906131037504,0.0010186381865375793
155040,0.000853599953967752,0.0012231046831026604,0.0008069507707317604,0.001990773179022867,0.0010573006037364885,0.0013646167891179367,0.001710331147859026,0.0009310466770965121
155042,0.0008992949004689756,0.0011848855565724237,0.0013741613259439373,0.002069280146486996,0.0016584467519714097,0.0017502618875148285,0.0012557444665117906,0.0012239777433586951
155044,0.0016041892973600036,0.0023806495326541555,0.001146288570154974,0.002555431194713409,0.0014347253297311013,0.0015694312857625903,0.002797532477395462,0.0016000675804598435
155046,0.0013794178323001255,0.0012284571313403575,0.0008907524466508221,0.0021383048702455915,0.0011842437113042253,0.0010153680624681721,0.0012497801710651402,0.0007151891648436021
155048,0.0013957054023117643,0.001719604759547591,0.0013237326657391524,0.0014148246985469376,0.001010649068114558,0.001431937026427646,0.0012806353354611333,0.0015219957275503099
155050,0.0008584322904754728,0.00156597683515175,0.0022940822710870723,0.001288013882060568,0.0012722471907103405,0.002147346907912573,0.0009736405688687416,0.0017401387239730642
155052,0.0006460802310337722,0.0011948176345280004,0.0006910873896891524,0.0011582783382705492,0.0009335844954239669,0.0009680291210724251,0.0018818379484140113,0.0016067271102633424
155054,0.0009202511996631579,0.000957913600160152,0.001245216817816211,0.0017036759218182068,0.0017429610057644873,0.001411989457247867,0.0021691434001339105,0.0010804338537523522
155056,0.0006502883541875115,0.0012029092175148137,0.0006121317141572075,0.0010347591933737021,0.0007490467664668411,0.001271111621932386,0.0009087279154205465,0.000831763853486215
155058,0.0010603992502889042,0.0012483982582125464,0.0012088923319787531,0.001685606429046152,0.0012925622381338014,0.002256764901000255,0.0023084528682827538,0.0017151163181985396
155060,0.0011049373351283004,0.0008999837548273742,0.0011542516144241871,0.0015343540358481178,0.0005328412908800623,0.001129228800120577,0.0012322298120152203,0.0007443236613136096
155062,0.0013409759989235909,0.0013848415762149902,0.0010087841890629168,0.0015599390861922302,0.0015201447371648996,0.0013641390319891894,0.0022182492883369154,0.0012489208621158238
155064,0.0008290188108839858,0.0013305812779853543,0.0021769910364070194,0.0021926667183198717,0.0009935649844128869,0.0012716987385546497,0.0012509001124628855,0.0012975506687986638
155066,0.0010357940980770947,0.001033298214932421,0.0006763298680767561,0.0014606285490623705,0.000971276152370807,0.0011722980042639386,0.001456621201584865,0.0013255226397838188
155068,0.000685768863707692,0.0011997331524439409,0.0008345827393985289,0.0014323878791758227,0.000801605176863205,0.0014443846956374018,0.0010720127788808043,0.0010513763584186209
155070,0.002282143481092694,0.001233587048354426,0.0008487286198823885,0.0012544283958933061,0.001073094699313215,0.0013015346222378238,0.0025794228589590823,0.0009678915460411032
155072,0.0008545192437211004,0.002228133467953919,0.002569391402686985,0.0012536326479912901,0.0016349823973475092,0.0018730740658588069,0.0018780973911509818,0.001183064841214554
155074,0.001434514807775733,0.001562829258582324,0.0016680866455204418,0.0016609460340442084,0.0011356777302334309,0.0013117353354522715,0.002814418729069415,0.000998176882128901
155076,0.0021810769201786734,0.0014079230781762764,0.0012741889806627271,0.0026792722205790653,0.0013994692433372397,0.0016221446452056032,0.0017952887905492987,0.001104029593655978
155078,0.0009344053526651047,0.0015524275277590954,0.0017102704473137553,0.0019585831359956174,0.001453375374183885,0.0021508437019691073,0.001927548046488925,0.0018261362432321487
155080,0.001036469450182001,0.0015980419192889728,0.0015358431005235845,0.0015874537030192842,0.0009342187211222076,0.002040123093320967,0.001791309232898955,0.0009388306316675289
155082,0.0008547763719146811,0.0015925865654047855,0.0012696908828129794,0.002169773257773913,0.0012516472823032587,0.0012654877656348568,0.0016523542690907167,0.0010619052355578251
155084,0.000791653155231567,0.0008095841203241451,0.0006625489160883048,0.0009570895091959436,0.0008026253174947678,0.0011323851552087622,0.001059368855173673,0.0008824983034184108
155086,0.0009670830991851537,0.0016720527889427933,0.0023765245513642785,0.002033456588713456,0.0007909580633271886,0.003247992733179675,0.0031169579070890047,0.0012902831773981133
155088,0.000680999726707876,0.0013403283660454873,0.0012106661808140018,0.002825650991326256,0.0011347810380773482,0.0021881357110682537,0.00220763366828991,0.0014574200689932426
155090,0.0008021968828175879,0.0021209326605018536,0.0015136736905580067,0.0019935938538918757,0.002058067230794172,0.001527380742224485,0.0023544375564397146,0.0016155187896219753
155092,0.0011891610897346028,0.0009135121943709829,0.0013372764513741586,0.002189680622663795,0.0006783196217746146,0.0013099681811095665,0.0014346829983385434,0.0015620738520019106
155094,0.0011120782743923585,0.0008770637743235922,0.001018527377751044,0.0011127497166631972,0.0012077592529922132,0.0015224486215754812,0.0013883347806388363,0.0012424966262220144
155096,0.001143032527959345,0.00388372360896673,0.0009846233646882419,0.0022687819999661074,0.0018088528854234287,0.0006309818994468946,0.0014201808000226107,0.00138230163677934
155098,0.0005594929864565779,0.0011790323184968227,0.0008522399998913167,0.0020245797464757964,0.001096152718696397,0.0010872854803061771,0.0019755127232479325,0.0013087813958831962
155100,0.000575750680967161,0.0011118022516265619,0.0007836478394046588,0.0015889849402266898,0.0008840881930339273,0.0013087924470579632,0.0011205876241596885,0.0010237173523469784
155102,0.0010263462864715245,0.0017412658699424016,0.001524092745114905,0.0012611582595420945,0.0009189269840143149,0.001314281741360404,0.002711393064380299,0.0008985994978508195
155104,0.0009963482446295885,0.0014419989278969952,0.0013933735484690374,0.0018094746529833672,0.0015258503846294347,0.0020126881464400115,0.002032741359841564,0.0011932422805345372
155106,0.0013964133292149322,0.0008629833106624935,0.0021434990289401767,0.0019362753622687023,0.0013789114841067512,0.002371199930294665,0.00222687107768188,0.0019697624503658417
155108,0.0007637349553817376,0.0010658489063510856,0.0014643659705443485,0.0016550223290768273,0.0009839546062402477,0.0012349295840175523,0.001059689465885208,0.0008321936632018113
155110,0.0006842006885330321,0.0009541951527281024,0.0012676220093613133,0.0017847776240677155,0.001123737382549908,0.0025319823744860415,0.001958099119298007,0.0007745113383343695
155112,0.0009313567946679681,0.0017476909669814078,0.001603836294051933,0.0021477118589994376,0.0017113308589583737,0.0014971802202981,0.0022441965910113826,0.0014020087187738839
155114,0.0009386273518998678,0.0014374561762906524,0.0017553850487853767,0.0016100480103109632,0.0012042178947350296,0.0014036294744129152,0.00138761946834981,0.0012113685643194844
155116,0.0007239384732690181,0.0020385763777114457,0.0017886043450590083,0.0028795476976363338,0.0014979970526975,0.0016648182593477362,0.002401488009094399,0.0012474723200633364
155118,0.0009109159228965248,0.0010811454060615788,0.0012784552615686118,0.0018786650675728517,0.0009753231866773161,0.0012990892179344377,0.003416024332651091,0.0009324121266875186
155120,0.0006583609836357009,0.0013105919846230357,0.001282454104962763,0.001790517823608076,0.0013652435593505263,0.0018077965692767095,0.0014839288028847264,0.001230720672948507
155122,0.001780020339267066,0.0018991751077904184,0.0017665969282185806,0.0014129017349412548,0.0021699998900782114,0.0017128596501658766,0.00179019815645666,0.0011014453434923244
155124,0.0007538143682329079,0.0014839839092681828,0.001948339919712938,0.0013363382681410574,0.0013843935572579458,0.003147645095581686,0.003096798476014906,0.0016631393870209094
155126,0.0008987557333781787,0.0013971456642098007,0.0017622786626004944,0.001429869483443938,0.0011662960787361953,0.001412240878226348,0.001611876355556499,0.0012883914689540976
155128,0.0007016899567433878,0.0011733395505197919,0.000832919648901257,0.001390621851236118,0.0010812086120495223,0.0011138430453106474,0.0015344439255591258,0.0006950415680231359
155130,0.0010867796932132606,0.001454907887998902,0.0017281395726183174,0.001500255240164186,0.0011417263223825191,0.0018111975894441606,0.0021808810247728183,0.001495912884541109
155132,0.0010063147011290519,0.0018061962079536503,0.0008888311286664591,0.0019542459366857085,0.0014095878080927632,0.002137639637801725,0.001711018340816009,0.0014044524889072485
155134,0.0013941626714846778,0.001401324476308155,0.0008935839686884973,0.0018022902897877474,0.00081130365803617,0.001154635894861658,0.0017126872840528412,0.0011564890844653064
155136,0.0007609858567293598,0.0013240346610632892,0.000866397481343071,0.00120527559178997,0.000900503279572043,0.001257792002022931,0.001121867959325687,0.0010479042770450975
155138,0.0010858585739050852,0.0012117321517530893,0.001163981012659146,0.0012249627205585534,0.0010870304840528977,0.00175378216456136,0.001170690410293107,0.0011686396788107012
155140,0.0006160958270484823,0.0010980346715427913,0.0012835530864741124,0.0008960047827817653,0.001613805106449609,0.0027475663768419256,0.0016793933792454002,0.0011142312339785937
155142,0.0010590288959061583,0.0014808109333742797,0.0020155092466531827,0.0015247769432170794,0.001020363395307422,0.0015729554367519688,0.0021375555867946816,0.0015402155017916336
155144,0.0008304294651040461,0.001277882567480626,0.00077430182534588,0.0016464250589343227,0.0010418650396549212,0.000931071570992259,0.0008907036379549073,0.001439824331719075
155146,0.0007068977935742599,0.0005956990714053867,0.0009551278284016806,0.0014229135145430588,0.0007016722929876901,0.0013713585928067928,0.0012777190402558092,0.0009251870301935222
155148,0.0008799746954588628,0.0013064980387995778,0.0009642677053115639,0.0013578366885474424,0.001042560650926172,0.0017199650275834394,0.0035061005514994137,0.0014793740145507273
155150,0.0006375181471596249,0.0011658264199048696,0.0010773813721185466,0.0020308824878521037,0.0006340071143765003,0.0016287215172351571,0.0022497718127061916,0.0009825778340302183
155152,0.001020282240678641,0.001412271957429434,0.0008080918493359596,0.0015123886710075723,0.0007964492308816379,0.0008769697795585375,0.0008223350601066805,0.0007967425790342819
155154,0.0010757246667397885,0.001097099169324045,0.0006320811575479812,0.0011416374560252601,0.0005726078225431509,0.0016401290107329741,0.0009655425748876824,0.0007556854177132172
155156,0.0006064783997520064,0.001162430953614138,0.0008907525578338883,0.0012673652428585869,0.0011467631079781354,0.0012493732594738433,0.001028532909861879,0.0006059775923385503
155158,0.0010968104536601686,0.0014738790091545356,0.0010311414592580892,0.0019647546381854064,0.0008223615536291119,0.0013990835181860867,0.0020725510185670842,0.0014781827008505388
155160,0.0009026027993075392,0.0019462176507940715,0.0008381015399017699,0.0019335135654542507,0.0010837094243414946,0.0012898451064558558,0.0023238038569140113,0.0016408940041859332
155162,0.0006522316519125583,0.0008126499953858279,0.0010597047458213993,0.0019163618152990974,0.0006954542187733205,0.0008425321305163269,0.0019562997481992334,0.0009294372377235405
155164,0.0008690099458475431,0.001076450556008482,0.0006917173367435581,0.0010240558879848344,0.0010800555160097591,0.0011699438562277203,0.0009755714750876755,0.0007490835731874951
155166,0.0011339140537858367,0.002242114986502633,0.0023627095442497886,0.0014697404000486025,0.002013591405702897,0.0019312222504082183,0.003137894715308731,0.0020834648724222943
155168,0.00046831930432611815,0.0005472863722266741,0.0008983399915108194,0.0010446038465051904,0.0006028837892752305,0.001166147232953621,0.000777389640781459,0.0007912345754599315
155170,0.0007141206820536518,0.0028050706655461527,0.001099530327913989,0.0010890543259600843,0.0008542470196895892,0.000994203875690547,0.0012356976363068345,0.001222609653030171
155172,0.0009633991428836808,0.001517049970983786,0.0016900576461396227,0.0019638528259252747,0.0020286251109836867,0.00286659849092491,0.0020404855476528067,0.0015245241327512815
155174,0.0012181261263057852,0.001424221809120954,0.0015141528868731768,0.0020690510415557473,0.001140814914140767,0.0015112388761631124,0.001438800529434625,0.0010310314078800786
155176,0.0005751665023832064,0.0016396245446216456,0.000808734888003735,0.0015028920381033317,0.0006658393974454668,0.0013368609840972573,0.0015636643940999395,0.0009733001286543787
155178,0.0012144002996958975,0.00341847076242853,0.0009387548414661363,0.0027035596213843688,0.0007120252777071158,0.002332267289639811,0.0029490992031422497,0.0021421856738479406
155180,0.0010157439197480134,0.0014424457023700654,0.0008993043962624153,0.0023798905467240505,0.0010066640578862973,0.00344027675456883,0.0011858649427252121,0.0009562070221813858
155182,0.0028158608275686975,0.003026309772021174,0.0014206387846549817,0.0022962681857876532,0.0018308804363817988,0.0013125436435723614,0.00182893116662175,0.0013791090318519134
155184,0.0009798756915074258,0.001649284697137432,0.0015692840031002048,0.0016492964977164043,0.0017970883438907098,0.0022185738916231795,0.0016133950830532623,0.002175731056569541
155186,0.0008392755428056203,0.0018701250970389882,0.0006808095873061526,0.0012286783252060118,0.001526264556367743,0.0008864169259155258,0.001979395423123975,0.001126592949774477
155188,0.0007190608568630186,0.0022946600594664496,0.001302127378311424,0.0033822735602289655,0.0008564180678272693,0.0025069861423361456,0.0024311401956445544,0.0014979215014896546
155190,0.0013116754307047757,0.001433850325738631,0.0008032675504765635,0.0015093727308274213,0.0006798781325696585,0.001627531017406439,0.0018734552257211462,0.0012719790614873633
155192,0.0006563613256407898,0.0011875673893929767,0.0017282848377873083,0.0010444487736882696,0.0011261958626036656,0.0021578305962082767,0.0014140389942374348,0.0010740553180195317
155194,0.0007259756376686889,0.0015448436088672107,0.0009397477756917377,0.001206411387167164,0.001048079867334517,0.0019639934831231637,0.0013642950644335294,0.001074258482276505
155196,0.0006022494314052024,0.0012766268190214092,0.0018590600904656723,0.00681183537493274,0.0028846207039148752,0.0018957491972720342,0.0017315516627896543,0.0016604462699665867
155198,0.0010978073004286465,0.001902667483839618,0.0010389537882125044,0.0017482716035882029,0.0014753455954820277,0.0012001288017451373,0.0016872956821336604,0.0013917820747911952
155200,0.0016549180628522842,0.0021426908954378515,0.002772466665677556,0.0020523660406048805,0.0019501856386523603,0.002224908929563618,0.004073460871269141,0.002036157719976242
155202,0.0007461963348790769,0.001267910637465841,0.0020538865752692814,0.0023778392006241905,0.0009546407728255914,0.0032838929947500706,0.0016004258319908399,0.0013208583877658692
155204,0.0004992489540418844,0.0012875403721971518,0.0007688104124666008,0.0012966544300143656,0.0009275441672866626,0.0010502013778719427,0.002112125886761851,0.0007977013312927862
155206,0.001353786053805997,0.0021968496927404907,0.001534046446174886,0.002534833574319509,0.00121297477720618,0.0023543240401680543,0.0013310161548309996,0.0012985972985272293
155208,0.0006969273414050847,0.001991662197706204,0.0013249479048909607,0.0012280129757089586,0.0006781219991308131,0.001320226189710505,0.002366440495026892,0.0014004195691086352
155210,0.0010863233821590962,0.0015564330822743916,0.0008428767817424167,0.001399445830757698,0.0008517494858978486,0.0011881032979419448,0.001158652383105585,0.0010281047637388796
155212,0.0017638847981427258,0.0027078362553024093,0.001299348909463094,0.0019218863520748114,0.0008756477675359343,0.0009021457750968964,0.002274252993028761,0.0015057075020258465
155214,0.0011795824190480447,0.002490739770817152,0.0014789691203531824,0.002330687969195111,0.0008800524950780542,0.001704869028849254,0.002139390961395496,0.0005754020326769749
155216,0.0006736179814394207,0.001125517625612249,0.0008825063821078817,0.0011142013900412723,0.0006887403780890845,0.0009169600460206574,0.0009043647225822661,0.0010603786277734728
155218,0.0010908145202105507,0.0017504034037500033,0.0018308507879791908,0.003093379248770081,0.0009018777021252422,0.0027494823036572497,0.0013557158318971418,0.001497925538528913
155220,0.0006691863090807632,0.0013444213911223551,0.0009968304167457115,0.001615889548606378,0.000626612151823025,0.0018360620683957607,0.002041676455237354,0.0011459243451241719
155222,0.0016465396386833309,0.0012070452330142367,0.0013742776046688499,0.0015330535564168773,0.0010973432500605146,0.0010154625544683965,0.0023332065013557113,0.0009503659888068783
155224,0.001437560413232855,0.001259867915329116,0.0017278184003038377,0.0021402687878868676,0.001343819903693158,0.002133916799362867,0.001953024506402612,0.001765580261412547
155226,0.001463727105079693,0.0017409938418531112,0.0017009756732134923,0.001870312944317068,0.0010507613740209365,0.0012897487782904116,0.001396841290268791,0.0015700423317289158
155228,0.0008143428052387325,0.0017864289320690951,0.0010297418522355883,0.0013112399481241127,0.0012046533303988888,0.0014195757894706063,0.001098830779334925,0.0010705956890567775
155230,0.0021701893956995733,0.0023871684106782087,0.0013078864056753764,0.002610926443356157,0.001620894458995173,0.002104639512611209,0.002155728564475226,0.0019586596345710916
155232,0.0012465648761968012,0.0020997879907859313,0.0012674660365253332,0.0017969253712563221,0.0013887404004444548,0.00177404876898124,0.002726105381171351,0.0012043254534693931
155234,0.0008045709617143931,0.0009362884237879149,0.001495276104683932,0.0014156711719566367,0.0007503499280248939,0.0012524911803013655,0.0009478290735193996,0.0010245399480968281
155236,0.000579167123137856,0.0009224029056350037,0.0012570107729372726,0.0012011878005658283,0.0011097983259977934,0.0010872405221479392,0.0008790490997728911,0.0006986026767742161
155238,0.0008464558163590596,0.0022083254587690337,0.0010491617120758634,0.0016396435512083252,0.001503077766538144,0.00141987168107921,0.0013846386279547929,0.0014787717079665086
155240,0.001006938054618503,0.0012346057276516748,0.001386560855899957,0.002062925500247781,0.0013586719835281258,0.0015232004929839477,0.0019664055798715996,0.0014303758031539715
155242,0.001027515491870537,0.0018426090510626075,0.001233792739532849,0.002442848517023602,0.001170014958491672,0.0017178966265669754,0.0012599744931547502,0.0008955534456257831
155244,0.0008408070149876906,0.0014673377697145412,0.0009555925521281261,0.0020902267522382445,0.0008818973747646598,0.001439490750399841,0.002084371288602116,0.001782295960140401
155246,0.00038411269640160894,0.0013160180160694118,0.0009577271717143981,0.001059628832303719,0.0012292357071244653,0.0011452081711107454,0.0014885311230328352,0.0009279144111141863
155248,0.001143018925674047,0.0012073178197870155,0.0014928716833004785,0.0020970719188529025,0.001896469757651023,0.001202466604733346,0.0023176978167728374,0.0009220719975582825
155250,0.0012349492209752372,0.0011012218226691406,0.0005952884431669227,0.000804670715125036,0.0008867271743537609,0.001323344243052152,0.0013294691320271529,0.0007175216031373201
155252,0.0009668891778025768,0.0011967025236379047,0.0009241968374013067,0.002049387709280995,0.0008838053183602007,0.0011760039487823115,0.0012340141514886188,0.0009841439205994368
155254,0.0006625762447543537,0.0011283474218339862,0.0008207591434778033,0.0017539787406367774,0.0010623401191690723,0.001967045266591194,0.0013483499341016142,0.0009876549063762147
155256,0.0010530142145309812,0.0014435718583175744,0.0013210260065448787,0.0015242361463690401,0.0008974333536409564,0.0013054458066103086,0.0025689861855084928,0.0008063897901007012
155258,0.0006110839304611405,0.0008699684796057566,0.001530003082648182,0.0015018916705327734,0.0009476453492203753,0.0013924061555004585,0.0013419458310027915,0.0014005453183846411
155260,0.0009172317049426261,0.001239134664398081,0.0011533681133504836,0.0013692729636583523,0.001077412430705929,0.0017155933821411673,0.001560667780348135,0.0009541346245528805
155262,0.0014381717867090332,0.001310386191262447,0.0015469864858188576,0.0016262490114100775,0.001412713543049851,0.0020081768929785526,0.0017463624695048807,0.0015081476958523354
155264,0.0006653087866713737,0.0009560334302136653,0.00085194019435747,0.0011097946029119954,0.0005674302800922626,0.0009464659012158906,0.0012444870773568179,0.0006808317494277905
155266,0.0007955475499892319,0.0025830120976478993,0.001605388246829334,0.0024469322324629506,0.001421080271969688,0.0014408550028306571,0.003058142443080669,0.0010510024187354028
155268,0.0009845137204189808,0.0015525889895502548,0.001471313523496498,0.0024804935383324622,0.001434537947503145,0.0016137802641336685,0.002603188665532677,0.0014118150435946664
155270,0.001013335887671843,0.0009083692668446254,0.0008627425676397543,0.002217828567635652,0.0007401093736800514,0.002703889695100395,0.0016729854825286439,0.0014909216911371814
155272,0.0005547384049685335,0.0009019825322630383,0.0006903543639398407,0.0012147916081970411,0.0014478404599478495,0.0014868528621980875,0.0010112128716833896,0.0006457098575050925
155274,0.0020106313305341544,0.0009457855994556841,0.0013561257129757198,0.0019399060216357539,0.001298812099037941,0.0010291867691725742,0.0015914619570839422,0.0015627158623212623
155276,0.000998308235842807,0.0017503011623721948,0.0015365299307602692,0.0020933375481568955,0.001613014436435703,0.0020022675546239044,0.0017835659964139522,0.0010239311954612362
155278,0.001042034591544741,0.0008501257415041708,0.0009100338636672256,0.0027095711249183196,0.0010798126311686307,0.0013601688525575334,0.0014834199782244456,0.0009837435772546699
155280,0.00090042424580997,0.0017847130984591786,0.0008931961451624226,0.002233287304836351,0.000986545584854781,0.001433928475510271,0.000772624153014715,0.0008977657269368701
155282,0.001378712290625042,0.003200001053721771,0.0018523864362421372,0.0037740815196798394,0.0013381214793234536,0.002417327927497992,0.002603799965647871,0.0019472968879732933
155284,0.0013966544494998928,0.0017072247873678587,0.001266832164078302,0.001621748565743042,0.001471708507873315,0.0013475946731978383,0.001598762477409213,0.0012490806928013853
155286,0.0011696910656756737,0.0013876944051141038,0.0009423591695480495,0.0014906550188740347,0.0008809018838574212,0.0016121883603759657,0.0012496835071016538,0.0011810314602414551
155288,0.0006945515754541859,0.001549914504080499,0.0010475996820861339,0.001150900861775439,0.0010264470167840045,0.0014572070352314587,0.00217645710800686,0.0012349102090389863
155290,0.000708092400530394,0.001633267452364487,0.0012416151471206782,0.001812031931024194,0.0010185464002901434,0.0010812061621706115,0.0015238946705020684,0.0024713465063722767
155292,0.0009036509002630227,0.0011968886197504802,0.0007256467493938074,0.0022917272606076816,0.0010003813780946752,0.0020780101367757903,0.0027917965222239993,0.001225515607599148
155294,0.0008177679048406751,0.0010598446957586077,0.0010649114160321688,0.0019848812232470814,0.0008865281742967447,0.001440656474537852,0.0017693631657354075,0.0010658661765781258
155296,0.0012597647797898404,0.0022980993867003363,0.0010419925029090393,0.001355678248848316,0.0009739511896731529,0.001461566088423405,0.001682232600060729,0.0014078503927530406
155298,0.0012833972042134573,0.0017081503020117822,0.0009763571541681615,0.0013742323078585472,0.0017818779570012572,0.0015364954687822202,0.0012561965135138436,0.0012597158579974593
155300,0.000823502782372254,0.0032649332148117077,0.0014318764106138193,0.002935483296712116,0.0008825737797391181,0.0014028164680586347,0.002536263715717371,0.0012293206053396594
155302,0.00151768150121101,0.002318007734760111,0.0010163388328582462,0.001961818812646468,0.0008508262544598133,0.002733463807430128,0.002096033122816421,0.0023188156276383737
155304,0.0013536213034379685,0.002227025428771637,0.0015058456989208852,0.0023978619559123088,0.0009675861806384689,0.0012457071994467217,0.0020411476062998646,0.001680857439620001
155306,0.0008980876675878137,0.0010837204615732482,0.0011255211250207342,0.0013818745242120262,0.001453311749991748,0.0014344975941971289,0.0012561275922140513,0.0008828823587321427
155308,0.000599576770280167,0.0008699255177259425,0.0006939802993927296,0.0011853164571543062,0.0007197210133532174,0.0010034465040012486,0.0010060984517912402,0.0005453121165911595
155310,0.0008059107515779318,0.0014681989502065562,0.0008860049351443224,0.0016872317192721115,0.001812106780631817,0.0012727875210456624,0.002738999566230263,0.0009025307241406488
155312,0.0008304761640264315,0.002239370397508225,0.000988488887756711,0.0016283159167712058,0.0008452395429490306,0.0016905707303449535,0.0024454571333183545,0.0010869813552629726
155314,0.0004734369636708348,0.0011350428295560239,0.0008626236310970183,0.0016100001774577294,0.0010856081637824477,0.0016044793680314862,0.0020615484372644155,0.0017586939346836417
155316,0.0008551284203659609,0.0018720691119809008,0.001077064942423489,0.0010345123502202846,0.0007581551394541565,0.0020249850735343383,0.0018489133049875428,0.0008193842421819891
155318,0.0008695893309562698,0.0014111757123282942,0.0015575402486106699,0.0019528009426922482,0.0011124778351648268,0.002434595366995751,0.0017004951158461484,0.0008140088214414615
155320,0.0005002900474393446,0.0011796998757382937,0.001089103255692836,0.001530580171130183,0.0007172873204217868,0.0021287091764766175,0.0010897940444065807,0.0015080470063835727
155322,0.0010583052699255635,0.0016956355972502918,0.001803767408227408,0.0018330310636580638,0.0015729282514427428,0.0018760679556089621,0.0012057862454390028,0.001070304876060968
155324,0.0011552810627186855,0.0009871716814907755,0.0009002464045831382,0.0020756920873878926,0.0010472823523333258,0.0012683197604168583,0.0010877009573199287,0.0013609765534730034
155326,0.001235993608337052,0.0020260611135691775,0.0008306623286416549,0.0022506345305102343,0.0011750817669877733,0.0017199511228854214,0.002011071343904769,0.0013564390641174762
155328,0.0007545676467524166,0.0018807983339922535,0.001000899881795761,0.0029512007083889458,0.0014172902665128412,0.0012180702188508002,0.001092212421525629,0.0006651488088127572
155330,0.0018041208800773229,0.0018900670576142004,0.0026243268618569987,0.0014262675394794422,0.0013460219153276776,0.001862096776703348,0.0016260299849699678,0.0012399478361752175
155332,0.0010567081083758811,0.0019585307089553666,0.0014329879984021354,0.002230350373057244,0.001609628002343877,0.001253430585114193,0.00393033842757623,0.0014810331404669363
155334,0.0006235556277053335,0.0006180976851251213,0.0013271623629549367,0.0015650444028436766,0.0009857566349860125,0.002127198643891562,0.0011859711655382577,0.0006682873033909825
155336,0.0007904135627262755,0.0013804208420373915,0.0012015237726820255,0.0015028573777687293,0.0010073149496778872,0.0018539567604807794,0.001315336987425933,0.0017712067494848327
155338,0.0004909387738128192,0.0010727359507465284,0.0009030720297344974,0.0030362605803360143,0.0010389605125107337,0.0015760179459081147,0.0015688321629526158,0.001164689046953049
155340,0.0006613263196759457,0.002029228521666107,0.0016557040807602258,0.0016893878438573595,0.0010515524809567994,0.001227057047246627,0.001672616761724477,0.0009257362203368147
155342,0.0014757153612665747,0.0011454555284454854,0.001119920303660496,0.0014044566771826,0.0009453693117390666,0.0016451317029653745,0.0010801980276920475,0.0006780840689666334
155344,0.0008328512719272575,0.0015632817064321763,0.0014215546945095664,0.0024310872956961327,0.0008819245897186169,0.0012789654668922262,0.0013181186934616562,0.0010701937291399677
155346,0.0008532500702118778,0.001961114976669842,0.0010637354554160622,0.0012003448491472307,0.0005469698020345616,0.0015003314273853846,0.0009337025354835861,0.001315882607051455
155348,0.0006687713157001209,0.0010899162893487357,0.001101758409673137,0.0012965312884645336,0.0009960154963089551,0.0015804708204578688,0.0018149893485548546,0.0009054390671159457
155350,0.0003740675580389853,0.0006251833163491184,0.0006339911683170968,0.0007610498811408441,0.000684933268182919,0.0013029155092412342,0.0009554936334227361,0.0007107222784097679
155352,0.0008593879229279594,0.0009828312484572305,0.0009447331436891783,0.001775222629024853,0.0013234271812824355,0.002161186972055029,0.0013303986508985677,0.0012842391876799614
155354,0.0009667639617226033,0.0013126831997546523,0.0017349022579529194,0.0017434907687331608,0.0008976946264678404,0.0012647860246302184,0.0011105241987833386,0.001248241629983618
155356,0.0008128841764461527,0.0015823857332619845,0.0016542198062957092,0.001873432974206557,0.0016596557882798124,0.0019130892333383415,0.0026880352766625037,0.0017990455399827798
155358,0.0011343428622032636,0.001274057070737078,0.0013032853218852836,0.0014701954507843201,0.0016157694515795407,0.0012713007596352188,0.0008054537404485057,0.0012071146064052685
155360,0.001228393153356544,0.0016261327362779299,0.0018098045944454771,0.001765970048249313,0.0009843909915387972,0.002988036917725992,0.0024617343014199933,0.0011264659142746908
155362,0.0008712379266953597,0.002015622640195114,0.001536062682608988,0.0024542265522465995,0.0015203059639095629,0.0018534005278889598,0.002370523708528971,0.0016555418905552788
155364,0.0007417113090693074,0.002047123439397114,0.000683471617382525,0.0014307150903205557,0.0017706611919623416,0.0011521981408722098,0.001749557508558,0.0008161700850391231
155366,0.0009845340590866059,0.0016631673410294617,0.0024962445306551118,0.0018646304748584641,0.0017315631340275722,0.0016574932472945975,0.0022762616580660616,0.0011625777837673962
155368,0.0008675904728032736,0.0011084246832968742,0.0009754895620162386,0.0024851281745128517,0.0010629064997158683,0.0016981593579858956,0.0015793916561526178,0.001247311013510402
155370,0.0011780473195719399,0.001844261935688929,0.002143907465069539,0.001391641432710991,0.0010031441932134705,0.0017401014280833543,0.002042084836769098,0.0012392356405804272
155372,0.001039050572173586,0.0017454303938860272,0.0018137602092460625,0.0017101770876638694,0.0013286561713191092,0.0023812541180740082,0.002018343703212244,0.0016382762632417697
155374,0.0007241495794622944,0.0009442181819602248,0.0019117637830857875,0.0024677243285184947,0.0011446956389582624,0.002674165118578667,0.0008854622294630077,0.0021006719975607546
155376,0.0008901810573696545,0.001085822238096279,0.001386486782028129,0.0014030187905711977,0.0011077518196254132,0.0015948875562235565,0.0018449556833504688,0.0016437279942762562
155378,0.0007674948198140054,0.0016788352864175599,0.0010630743541586996,0.0011335264646877286,0.0008437100970637573,0.0014198582052694086,0.0017562367227054315,0.0007739588491891027
155380,0.0007671451002444485,0.001046895159416264,0.0014301670093758295,0.001956254601513052,0.0018453326913467905,0.0021814388104941657,0.0017149916630041506,0.0014904582662828153
155382,0.0009372452682294835,0.001433009997641399,0.002450085120948353,0.00116839110397976,0.0011628079548808984,0.0013313613889103793,0.001607102235397631,0.0010792735831888778
155384,0.000783621247032032,0.0009240763421776745,0.0015462557194890203,0.0013004811668682198,0.0008088948665086228,0.0014009281774320925,0.001183842998798923,0.0014724580378209229
155386,0.0025889169376400734,0.0019801462949085163,0.0016221164379475739,0.0017942803109051303,0.0016082466972449638,0.0017487161797263978,0.0021369831193887023,0.0014795496865228769
155388,0.0010179415705385275,0.0012919566664840176,0.0011438556167898128,0.002298982037584732,0.0010848016467513433,0.0013571133582496314,0.001637451280060001,0.0012281837350381353
155390,0.0006438295235042558,0.0012253406001418027,0.0007183356036860739,0.0022548699344184797,0.0011567814957605393,0.0012174641603857617,0.0015243972990328647,0.0015836592302505142
155392,0.0011417552739256959,0.0014658557724202131,0.0016044071463385823,0.0018868979242121636,0.0008706134747779627,0.002657376860281682,0.001462724187994438,0.0011990867817313622
155394,0.0008463257614255704,0.0012870479715189204,0.0008723551323353562,0.0012213082022278915,0.0011423207837427812,0.001956379497633068,0.0023475242086515996,0.0008982954414809563
155396,0.0008413590930081427,0.0014795442413948479,0.0014348760345575529,0.0014789625301770415,0.0010509884093681254,0.0017298338864544238,0.0026813844814219667,0.0014464941561016659
155398,0.0005539129785427921,0.001172453109719529,0.0016035373309320061,0.0011905995472667602,0.0009119043769809654,0.001347720763255636,0.0008854736472981052,0.0007636714358059127
155400,0.001100504434545846,0.0012335820763880734,0.0014125981696953144,0.0022478338633247358,0.0011505030512504177,0.0012544215349187399,0.0015866790126374403,0.0014333281593650327
155402,0.0006504270582310401,0.0006295661276569664,0.0007150607533178178,0.0014169952049395557,0.0008445489123778405,0.0024615516892991796,0.0022375521783063596,0.0010336740223802071
155404,0.000808494843986405,0.0013903829191708739,0.0016216048488665452,0.0014023183982567744,0.0007619490764532721,0.001490825030473708,0.0014285636657318662,0.0009747858796354536
155406,0.0008582108448118575,0.0010412302444918198,0.0018346566703310169,0.0008335037628230992,0.0009489367278212729,0.0009281826939827736,0.0016292796386757763,0.000900602104601092
155408,0.0011740685506680393,0.002172116158627946,0.0015084998460871551,0.001806856473025642,0.0010167179581517388,0.0020238218367629873,0.0016560036229929104,0.001010799242442531
155410,0.0011276069897345892,0.0012086356268616871,0.0013514544404069628,0.0018526740867964714,0.0013136257355803593,0.0012240434309360726,0.001378258902453633,0.0007520814061079718
155412,0.0015716159532941504,0.001929832271951329,0.0011196051660809087,0.0013984247869148897,0.0012241161585241495,0.0015720460384123364,0.003446836270397713,0.0014022319077522938
155414,0.0011392383658217486,0.001615769152091287,0.0010349389520608043,0.0013762321544783518,0.0014423562853471683,0.0021562516410712634,0.0017846907508374393,0.0007787293806198227
155416,0.0010118725792386402,0.0007809212931561595,0.0007672085577469824,0.0021840613239094836,0.0009846925676254004,0.0011243836040206734,0.0015908910352427363,0.0009365995270432838
155418,0.001076662014239338,0.0014747529793359693,0.0007837763234197527,0.0022614457436877095,0.00084550837827152,0.0018135536480806819,0.0013542093519609694,0.0008940006136449186
155420,0.0006563010087823375,0.0009190839602715162,0.00077963001175263,0.0034792392903742475,0.0014792711380915563,0.0026803108891141486,0.0014963394011398151,0.00115492959100795
155422,0.0010015689499926067,0.0014821974913359903,0.0009848337865681622,0.0012104339127496644,0.0006330941035665207,0.0010556782982185237,0.0016149923729786991,0.0011244048398069278
155424,0.000834159199039744,0.001571570171599257,0.0010823319287931454,0.0020802197175508047,0.0011559763137123369,0.0012390953241420283,0.000891760606213824,0.0010957415495506245
155426,0.0007710272240287232,0.0014433717276327584,0.0025158841586483405,0.0016591589497105957,0.0009683386136958294,0.0012061572744222065,0.0024452847050996512,0.0011263006288065314
155428,0.0008033244602281865,0.0013009640372146358,0.0013205765197459862,0.0015914319372992147,0.0010086630327157398,0.001529715162019843,0.001575487654673094,0.0006085059364211755
155430,0.0011307994118050502,0.0013383359806704576,0.0010990123145149383,0.0018404668746180436,0.001488361529722329,0.001264310710991104,0.0022527367056075637,0.001134012404081522
155432,0.0005018521768366015,0.0007365982486508306,0.0007561741840470676,0.002712236165838766,0.0005316239934033545,0.0015086616116982143,0.0014237938907220166,0.00121439900149789
155434,0.001562017903223245,0.0011626692397601751,0.000994764953930416,0.0007159680498260018,0.000591075462186428,0.001145680215594247,0.0005657033966026716,0.0007553353279314591
155436,0.0007030296943579852,0.0017358026500809004,0.0016736626938360644,0.002467667330907697,0.0009202062226011526,0.0018976048935416406,0.0013236632713218288,0.0016609126331280089
155438,0.001200208817034254,0.0014305200798228057,0.0009043557602541642,0.0015160698503269843,0.0010054614194472539,0.0008371116881890663,0.002416192475998502,0.000912101929604836
155440,0.0013921692941459285,0.00184140416328972,0.0015062111706399955,0.002382052230181453,0.0009651080734310626,0.0015214978544344504,0.004030215186891228,0.001986985937845312
155442,0.0015124625578843975,0.0018146741693536583,0.0019534631103837463,0.0019254305964281487,0.0008217339428084926,0.0030391773740569145,0.0024619934448200237,0.0017105221921377561
155444,0.001037389779684053,0.0022524863446952287,0.0013385008885648114,0.0012425003029887943,0.0009486398749804538,0.0009159509284495694,0.0010386260050616741,0.001598987405820873
155446,0.0007533481440974744,0.0010698459448155312,0.0008576029711095147,0.0015865279552041422,0.0011145973521312774,0.0014399526860132128,0.0013300456617491158,0.0012336171420488373
155448,0.0008834903772719921,0.0008507245491956028,0.0011257440985481537,0.0015411106754231185,0.0011469553729404197,0.0012870931444217693,0.001194885110376076,0.000880072498092719
155450,0.000979062370596362,0.0010494267091596399,0.0013537816676430087,0.0018135571382638105,0.0008981372363929575,0.0012137531042475391,0.0019122091326553292,0.0014142115838975539
155452,0.0016691941705371804,0.003076347807856372,0.0014841868358653892,0.002154189454588465,0.0013694692683557386,0.001710928658926969,0.0018109166647520963,0.0009459296146382447
155454,0.0009396640690193005,0.0010245945610718454,0.0006567819982483819,0.0020954208825019333,0.0013563943366523695,0.0010694699529035234,0.0015810659399457944,0.0009717259750781394
155456,0.0005024591555070068,0.0012059166424262108,0.000529960157805931,0.0020851880822625596,0.000731706110601707,0.0027780331192450852,0.0015111401109605543,0.0016981869907045088
155458,0.0007922178997228115,0.001989364255035264,0.0018874319706109338,0.0022854052979415784,0.000912249770563936,0.0012128875910612097,0.0014813955888342556,0.001424752719713776
155460,0.0008754386616561249,0.0025536940666243263,0.0010798828984709546,0.0014824553737547014,0.0006570088565495263,0.0019103612872367753,0.001942255345597721,0.0017108808911825563
155462,0.000993148406402078,0.0027490205452380817,0.0017277762815584574,0.0021769103867731593,0.0018295343859057317,0.0014641341839629618,0.003542857746614572,0.0013652306206096837
155464,0.0009209687210756101,0.0009194046174615424,0.001122039158502744,0.0020278637602726968,0.0007527420332547607,0.001386356672039915,0.001527457615106545,0.0011010947424044404
155466,0.0007642907871077721,0.0018863464792458068,0.0011403826196274697,0.0010512248903391669,0.0012342198782705621,0.0007784253363136845,0.0027920913886207016,0.0012159887750279458
155468,0.0009830966095445565,0.0012464806998242622,0.0010352383448437724,0.0010135393930633813,0.000735377095513759,0.0016043450727940556,0.000908717247018187,0.001440849629377683
155470,0.0011480810265124403,0.0034453356394959084,0.0010500362328692697,0.002234026417736859,0.0013123943779565078,0.0022029693650989085,0.0034037053430630154,0.0012529959149694264
155472,0.0009408660111022461,0.0010466111991656174,0.0016333764543947776,0.0016356582014163124,0.0008933740681008745,0.0012748922608852298,0.001320351263569608,0.0008833576182940041
155474,0.0007467324128676012,0.001271133669563676,0.0011526529050383122,0.001166042919348645,0.0006545844777644562,0.0012142398476795574,0.0012129680305473928,0.000982130409640014
155476,0.0007412991507704941,0.0011211905280439916,0.0010369283642855387,0.0016699790039800266,0.0011644937757831486,0.0013936205252394057,0.0027127774804425325,0.0011820141195180295
155478,0.000746624611838196,0.0020450079930237758,0.0007954619173924371,0.002062245369911564,0.001614040668995509,0.0014313117584303786,0.001524579696890807,0.0013261981600152378
155480,0.0025794243725602156,0.0010845793304901097,0.0015869128839083452,0.0018319992810873625,0.0011438256307000488,0.0010068101533158846,0.0014893826849493724,0.0010867212368233098
155482,0.0004645588059904761,0.0013670936041215165,0.0008017489427027957,0.00270658139987813,0.001024037767758515,0.0012312105449986538,0.0012000121390711715,0.0009446011270015792
155484,0.0007737043351691876,0.000858784217552009,0.0012165879693566556,0.0018272590518948612,0.0007206025598665601,0.0008638924182618503,0.0015230341697863997,0.0009444099309830478
155486,0.00116476075219496,0.0009486863448176508,0.001455586042899748,0.0014215459862185753,0.0008586066076211735,0.00249659147888992,0.0024980349976195942,0.0010527086360293675
155488,0.0009744023290406828,0.0010634873665052447,0.0015664267895596495,0.002079334249471279,0.0009669569438174076,0.0011973031351098506,0.002329044101704883,0.0012520168646057428
155490,0.0006343285171168805,0.001280289278007496,0.0009623627005796026,0.0015625886277783607,0.0009289580269027931,0.0012014416475653183,0.0012315820657846643,0.0012142066162246362
155492,0.0008087283196880381,0.0010164514228392513,0.001680469832148257,0.0016015771578209576,0.0009094056557272558,0.0010293653260784602,0.001251466992336303,0.001097597971947431
155494,0.001096590364337624,0.0013343948471922773,0.0012053141327952321,0.0013730427053487149,0.0008752355320983431,0.0015759984244035352,0.001578455533972678,0.001975081915356336
155496,0.0010215770537108093,0.002219442892526083,0.0014103918614456618,0.0018960116457806958,0.0010338239811957944,0.0014088731932453968,0.002346574900974688,0.0015056884209444649
155498,0.0008169593230479867,0.0012289972241320696,0.000949748002803133,0.001495425923042762,0.0011492337526499696,0.0010732113665312681,0.0014783846574850795,0.0010239774476339392
155500,0.0006996064785692035,0.001702477084029097,0.001341326069505877,0.0019473356842789613,0.001411505716824149,0.0014745163667473499,0.0016347305506792115,0.0010571240004631083
155502,0.000674051304425452,0.0021856016618873597,0.0013218344628773832,0.002021365723414728,0.0009698458653369137,0.0010518404936200737,0.0023166512793165867,0.002271906054447881
155504,0.000902147005907742,0.001264605850642267,0.0016124085468565696,0.0015282576155253857,0.0008849149248579963,0.0011994325232423386,0.0014200465916619637,0.001073024165096484
155506,0.0010696855979926007,0.0011669180260744927,0.001277352873105389,0.0018107663821587267,0.0010447861440221473,0.0015637701643870378,0.0013427158882031165,0.0010420439714136642
155508,0.0004930800911495982,0.0009065409685891958,0.0008534623861374026,0.0009629024687571874,0.0006003569413516631,0.0005465976682044772,0.0009712390007889961,0.0009265041810141567
155510,0.0006527608301977322,0.0010776117543423447,0.0014469586310248417,0.0017180930341082062,0.001220173742478084,0.001330282069625724,0.0016437147032997146,0.0006403050892745399
155512,0.0005609611769190649,0.0006076205733681096,0.0007576476860566041,0.0010051493566921033,0.0008178269239637916,0.0012210061834878744,0.0007680837133407087,0.0009723791812890938
155514,0.0004997339298374315,0.0010311711262867007,0.000875801994986658,0.0016628158060874032,0.0012666348738008537,0.0012061583094503808,0.0015966879240631032,0.0010434170139857063
155516,0.0008591670091948091,0.0013826872581102073,0.0015745115961376954,0.001387100794895249,0.001024352271807638,0.0014723225251423444,0.0015752880422184035,0.001159428306533053
155518,0.0014055617623403571,0.0015984508808791903,0.001370681044377875,0.003146711756348966,0.001069360311195311,0.0013847622804524229,0.0012220170514668643,0.0012328565384278761
155520,0.0006780723312023763,0.001444418108683898,0.0006602740820653742,0.0024758732374868947,0.0013842690896105486,0.0014392055407541765,0.0017828083875185557,0.0009457430958767811
155522,0.0006026229461092471,0.000827200338872517,0.0009580411244375676,0.001978389511314918,0.0007706196148050126,0.001931699986874813,0.001101387235786802,0.0010534535613173635
155524,0.00045665712606643774,0.0008667607983018494,0.001507616799308456,0.0016658815169337537,0.0011265982013961562,0.0018910609541140794,0.0015295578079450728,0.0011907579155201603
155526,0.0009549066752698211,0.005250409953632351,0.00155531191179481,0.0017881670141486339,0.001415579224842492,0.0013844728424628472,0.00223344997664654,0.0012248764084161895
155528,0.000658705805790652,0.0008022254767421667,0.0011397818713600044,0.0017301022521821197,0.0009406195515172661,0.0014333526999010943,0.0014031259576464117,0.0009229722063972545
155530,0.0010603048735947085,0.0022224197021908504,0.002403088942384335,0.003156825349329928,0.0012600419330652812,0.0019968336729301317,0.0034445314428275253,0.0013902862408668448
155532,0.0008913301362953631,0.0012694078921404728,0.0010671725516155917,0.002472185876897806,0.0009572417589106021,0.0013594784158152962,0.0030285534097113237,0.0014302256166171118
155534,0.0012132838461911266,0.0015106330126182232,0.0011559253975268607,0.0025106314108092193,0.0017091826420490147,0.0019182063598223303,0.001786839909976426,0.0015143891791531555
155536,0.0006628463973601707,0.002209732480320581,0.0008733560221022701,0.00154223490911988,0.0010449089690181546,0.0013180697334042174,0.0021590196057663796,0.0009677429713529119
155538,0.0010912855565165108,0.0016125410848262384,0.002360681545724219,0.002299649764278877,0.0012075122475785904,0.002719965198123578,0.0017845635923853381,0.0016313415470887854
155540,0.0009309255088222092,0.0023976080341360367,0.002437630678565006,0.0015932788294948375,0.0010568294522426275,0.00258186979647107,0.002060500553519029,0.0027834781880786696
155542,0.0008469240968534408,0.001019249645519818,0.000833069959096381,0.0014516767454214041,0.0011997421848053968,0.0015632805280975243,0.001065936231891676,0.0008928896649122754
155544,0.0009064945332503717,0.0012477704883395863,0.0009286605695637551,0.0017220003542774975,0.0014577013884288365,0.0011457848753793215,0.0017448287551242864,0.0010078622114168129
155546,0.0009084878353722882,0.000958565031551617,0.0009692843214739733,0.0010996511411485305,0.0011836684293371619,0.001706368771116351,0.001241633524486696,0.0011336671932624803
155548,0.0012360782157048167,0.0014661256376058557,0.0021709707599130296,0.0024203011429746457,0.0016600133638258185,0.0018679856573161069,0.0016469783436490332,0.0016497912522797642
155550,0.001003931334707886,0.0017416053908068246,0.0009110021621345915,0.0017932891521744154,0.0007561345401520571,0.0011075549346584723,0.001029882917856162,0.001321884034577503
155552,0.0009642259452209735,0.0012482800622191231,0.0013757150611260066,0.0012051121226981515,0.002242168964044444,0.0019093314027438524,0.00227942536046305,0.0012863360016218822
155554,0.0007831612182823827,0.0018395988487469733,0.0008458348941077359,0.0013483365284963633,0.0007814237756270971,0.0014112462443984786,0.002054458609459575,0.0010448453881189423
155556,0.00045717066061096157,0.0007276786768511401,0.0007998021854722405,0.0008380619604861674,0.0006185007254897769,0.0013558669923398187,0.001044436252782957,0.0009360704884973231
155558,0.0007648124106842714,0.000765404500015502,0.0014416560421868369,0.0016935806553752958,0.001199265580633671,0.0011876590527682418,0.0020328239961103917,0.0010901435798571502
155560,0.0008514613978718444,0.0012829789847188522,0.001485664283941715,0.0027440198673511773,0.0011431531888109192,0.002184435649572658,0.004366772723778889,0.0013025156327373666
155562,0.0012398895937166948,0.001843842806374063,0.000643593422312936,0.0016649875916333046,0.0007545650884678429,0.0024735911968947755,0.0012104253586593533,0.000943771682539174
155564,0.0015932354098859847,0.001308380620174479,0.0017656522669859953,0.0018582593120944346,0.001641309921611489,0.0011839522073855968,0.0021862074284462324,0.0017806041204698198
155566,0.0008073890468731637,0.0012018207894570893,0.0013829396586576004,0.002452342643677108,0.0008656200000020133,0.0013281445654627633,0.0016575217604789666,0.0009113395125738416
155568,0.000756742322451185,0.0015119239494460063,0.0018355781140693694,0.003428338527635813,0.0009610719164653038,0.0011930986735492338,0.0036591533431016288,0.0010465280432261914
155570,0.0005024296788085116,0.0009056105819676419,0.0011431018001122895,0.0015751274742665938,0.0010980694828793963,0.001146876143694034,0.0020880922093378107,0.001186781591755448
155572,0.000532787719086384,0.0012969527841131256,0.001080367976592278,0.0016982358090568278,0.0008538324513839048,0.002342423306137112,0.0016852898456285459,0.0010239416855531425
155574,0.0008883185353714268,0.001115382768937856,0.001582968170064314,0.0017409136364845978,0.0010805418574567072,0.0015449466907364734,0.0026337127279188466,0.0018866069816426134
155576,0.0006103595843218214,0.0016548644155223308,0.0010447365344040116,0.002965239608611947,0.000993952992424385,0.0011882222053943986,0.001342406856086109,0.0015745988111163373
155578,0.0005527509167843926,0.0009233615729762334,0.0014354755455863732,0.0013376017868731993,0.0008405557768595973,0.0016053637679036697,0.0015022520417163343,0.0009509234049255889
155580,0.0011315940243562667,0.0018944537659104643,0.0016510355776577917,0.0010724672946749308,0.0008868179186934146,0.0010914209305840222,0.0023850626245117135,0.0014454730836027802
155582,0.0007091267038108473,0.0009498240058483653,0.0008864940115387056,0.0017195581066698495,0.0009530036993115609,0.0019163859511135556,0.0016791308076092998,0.0012298167307527863
155584,0.002261042557071838,0.001456204080205803,0.0011887813813180603,0.0021458642894374297,0.002409319540031485,0.0010527523909900083,0.0023369425478470124,0.001412478600826328
155586,0.0011941200665567392,0.0014793164147554189,0.0014351416216879104,0.0015633662531024939,0.001309613329347814,0.0014827121310370117,0.0020565894113047656,0.001689801286375081
155588,0.0008357440449408039,0.0013455963458586379,0.0019007488948687978,0.001460468240585558,0.0008481525388762436,0.0015879260304105802,0.001264852003315442,0.0007626242071234746
155590,0.0005399345040513759,0.0014706960022266152,0.0008692965937785596,0.0012174574012533412,0.0010516087756331505,0.001138565514069434,0.0011561250156583297,0.0015980264316045045
155592,0.0006501819611109405,0.0026287218339143964,0.0018407379349473368,0.0016551487259680725,0.0013090741329935818,0.0021206986550627166,0.0017613239000451864,0.0012843588069651052
155594,0.001015904683481908,0.0017669260690758026,0.0019678645214650375,0.0029805917667608123,0.0012731883910904879,0.002163693315895776,0.002055599200986316,0.0011489496207600786
155596,0.0005516868456547641,0.0016118452464725236,0.001411246524291157,0.0022541804419910078,0.0015536519111937347,0.0019384335366518096,0.0021146029421120205,0.0008864531945610189
155598,0.0011511197627100955,0.0020112283838705225,0.0011232396663993782,0.001490608418402553,0.001098041337500702,0.0010063142284275628,0.0020522411549244723,0.001592536911349099
155600,0.0007755543486420852,0.0010700141025682536,0.0008538538958581393,0.0011351527759193708,0.0005545886406190803,0.001428170291033537,0.0011571649298271064,0.0008483004197097493
155602,0.0005622303183491807,0.0012733851275936875,0.0017592813961186948,0.0029261626267249596,0.00124763837408072,0.001752612296817016,0.0019424352881585727,0.0016051586896020376
155604,0.0015779733706090676,0.0018324100456521691,0.0017358383477914519,0.0014842551509104546,0.0013830227813330098,0.002573212890953025,0.0014858911628529287,0.0013456693192728242
155606,0.0009728979303474383,0.0016827533585237475,0.0011096394798881942,0.0021593845087129054,0.0012585734737991516,0.0018315691119783484,0.0016095622409331156,0.000777493303958432
155608,0.0008868102640404718,0.0019316164851507361,0.0011355070000678702,0.001654034356664058,0.0010810212043283057,0.0012371152185358114,0.0021684019163588225,0.0019143437511220385
155610,0.0011639716075484419,0.0017969067372592407,0.0009579681370808779,0.0028008227792410967,0.0007949997910876618,0.0011395969995398603,0.001571319417886921,0.0013576826730467145
155612,0.0008649630527105684,0.0016549898970794757,0.0012200196757174014,0.0023192637603495214,0.0009382176633982026,0.0014367545820539451,0.0017219818037264023,0.0010201099465369096
155614,0.000725819564519059,0.0008970811810064851,0.0006383269459301656,0.001493625430666834,0.0011086075053601818,0.0013325627173090826,0.0009966923389583826,0.0010910633151196003
155616,0.0015898947679344883,0.0013243659738260138,0.001166404729432538,0.001990425139386298,0.0010618697883338357,0.0012320961693595422,0.0012944411893307667,0.0015091203323708419
155618,0.0008769692279609331,0.0010294324980800185,0.0013579703953609107,0.0014295339586658518,0.0008740217651868054,0.0018304073657873232,0.001264772246166182,0.0008405760819001906
155620,0.0007886786559660776,0.0010531227732644144,0.0011926269931455402,0.0019462186368626733,0.001384894533740369,0.0028613935011121416,0.0025352270855985015,0.0011292388149151261
155622,0.0007600146193814106,0.0010088587322276826,0.0017563965906856188,0.0013992551927573121,0.001025243350520677,0.0008617383751106239,0.0013713944611919993,0.0007804898453243059
155624,0.0012259439199857614,0.0019182980555899065,0.001492861895624975,0.0025220219836775137,0.0012404529238590478,0.0020216122726286617,0.0025893233444753694,0.0013715315931123323
155626,0.0007037178304095115,0.0012646402946771135,0.0010074145052523797,0.0011128980974506458,0.001128230297773536,0.0012431170262689056,0.0016569021089752334,0.0008467416471798529
155628,0.0020051557435097345,0.004154755664821652,0.0016216138497365945,0.0034151669611213326,0.0011250502535142815,0.0026115816760372557,0.004200369947781946,0.0010263033224391926
155630,0.0008263733985038359,0.001492341467804137,0.0009861403078395004,0.0011068674623391367,0.0009842696727938721,0.002038870400303608,0.0015433004277656814,0.0009371430842242262
155632,0.002362027292232574,0.001968068783408397,0.0013258424730935303,0.0007784392638834903,0.0007243963099770045,0.0008201833539800557,0.0021401984724180867,0.0009017288023387172
155634,0.0005660747092866049,0.0024023822603071038,0.0018356652594465755,0.0030849915224742674,0.0008668232048031389,0.0017918349388088561,0.0020737960319033993,0.001246454395290711
155636,0.0010293880352287843,0.0018568143004840665,0.0012484008907037158,0.001849529422922172,0.0014947408534799062,0.001698234580913574,0.001676010830968258,0.0010190615030494232
155638,0.001161155090407942,0.0019146935509885138,0.0016080154418895987,0.00211991232668797,0.0011867069018906135,0.0016440941213922144,0.002346181878829734,0.0016383730676499675
155640,0.0011593240401941984,0.0013986206624543862,0.0023754724400516652,0.003416699768113776,0.0020212870050253517,0.0018551609337574965,0.0013295112400047437,0.001212071929686101
155642,0.0009727931237547699,0.001884573922732946,0.0014676919734633032,0.001714724163312878,0.0017007104979330223,0.0028157746391564015,0.002211647281321838,0.0014221022467462152
155644,0.0004110391642699919,0.0010083029195052107,0.0011919074292260495,0.0013058030549120136,0.0008363889410856751,0.0023566708403797154,0.0011012890743364867,0.0008124964419048558
155646,0.001255810737005314,0.000994685763698891,0.0011686615831882907,0.0016116917993259094,0.001297004033639651,0.0010920506533973612,0.0017205190982858554,0.0009043648346116484
155648,0.0009222587694862651,0.0024137371506027794,0.0029520301044312497,0.0020669805221199683,0.001554582706640384,0.0019134477181496218,0.0014372180556668918,0.001426835698857279
155650,0.001021532522699778,0.002025347186603868,0.0017225191918291416,0.0013418524892045008,0.001004047484860715,0.0013362350445074306,0.0016880256791146492,0.0011175384251810444
155652,0.0010947103896877947,0.0012512347958844178,0.000803188682595244,0.001751714727042955,0.000933295630402689,0.0012502422079579412,0.001917265381181213,0.0016654777005587484
155654,0.0006758658868437385,0.0009456515617628641,0.0007758870938235664,0.001409973859378702,0.0007741532863022073,0.00121081447074034,0.0009471649060696953,0.0011363607792374553
155656,0.0006243161493584837,0.0012353474921656393,0.000678908391561487,0.0012547598560874867,0.0009201198878033973,0.0012035672151320398,0.001411352885518205,0.0009833164472166644
155658,0.0007839344399568661,0.0015162752490263665,0.001227802545527068,0.0010647565448904661,0.001162886462159618,0.0014550579438679656,0.002109984295300349,0.0025110446933782615
155660,0.0011814905983521667,0.001172200303298579,0.0010103781193216005,0.001055729619448123,0.0010147743829556077,0.0007265975876250691,0.0013492219887339396,0.0011954703243458042
155662,0.0009166402665919393,0.001175315471365082,0.0013822761522067767,0.002021026742795043,0.0010160816095306502,0.0015040663930272619,0.0013912081552478472,0.0013343420477021084
155664,0.0010670438007929356,0.0016919685521644134,0.000859633003314611,0.0011989913245722406,0.0007476945175499683,0.0016257316640431313,0.0013282045735758669,0.0010122387813150113
155666,0.001288051049986097,0.0020556147398046593,0.0011220900715648435,0.002113221749895422,0.0016550271787486026,0.0015239714556083417,0.0029760503628142865,0.0017050865336727533
155668,0.001645777259526915,0.001988391361680053,0.0016522276760989052,0.0033498756817402914,0.0012655177158609754,0.0014661672892022498,0.0025662785088444995,0.0019734074760036635
155670,0.0008543384821263801,0.001477483550480288,0.0011534389631764896,0.0025158460403096883,0.000822057331126589,0.002856473569523621,0.0010571879538543577,0.0010700906309061425
155672,0.0008460534370916296,0.001135785196389405,0.0011643254692403904,0.001261301671889259,0.0017529051950693764,0.0015419525688555868,0.0016953263562215076,0.0008130060064184819
155674,0.0004981276269591661,0.0008205735584158914,0.0008335832448063685,0.0022608987223916716,0.0010522015316245664,0.001394318742356862,0.0016941454868525524,0.0008465476194816392
155676,0.0009725686567897546,0.0011879828556382727,0.001216529758405041,0.0025671655574082686,0.0007731679824141274,0.0020236043117103364,0.0013866196725183105,0.0011931509166674403
155678,0.0005409833734782189,0.001287536362039321,0.0009219465508378301,0.001171177621212341,0.000787415470426947,0.0011476980909069234,0.001500210798511828,0.0012600178660665678
155680,0.0006944372032694247,0.0011874420961600768,0.0005170162376623294,0.0026315772888187983,0.00091846471601148,0.0015211409937629927,0.0010630622079510488,0.0010835556447597178
155682,0.0012208247298453045,0.0015721450017625593,0.0017229876969178243,0.002023875130507946,0.0008601857637836746,0.001028625383924911,0.0011259660941300709,0.00107388733131987
155684,0.0015749210840219213,0.0011296840173914552,0.0010668629786323436,0.0016133178727974068,0.001117583258223323,0.0010991936176719813,0.005921029407321754,0.0018038310116184203
155686,0.0009619803311753695,0.0023523361416000754,0.0019085507901431265,0.002961186694267273,0.0027382412058423733,0.0019469927777796686,0.003334411710676291,0.0017726629214470796
155688,0.0013432106320190318,0.001397207768363773,0.0013245180879201263,0.001800913372219673,0.0011085943575445262,0.0016540376898173254,0.002252800005273281,0.0018163852896893595
155690,0.0010834636765402195,0.001751487096487439,0.0022049039746188104,0.001975635252135524,0.0013583825392916027,0.0010791769017155645,0.001842905217031357,0.001142041284543996
155692,0.0007393147277421352,0.001998722200626926,0.0012579872811502302,0.0024081011470316604,0.0012019613040943483,0.001464603478160742,0.00248976676464098,0.0011235835357814722
155694,0.0007914483580082621,0.0010652946307119354,0.0009099095756682912,0.0015174165095201003,0.0005346713977467804,0.001609657595416994,0.0016197011264940664,0.00154564639123006
155696,0.0007536142188194241,0.000972862723068544,0.0011027448836520848,0.001227806200488013,0.0009480141920389963,0.0014074389168152734,0.0020825610334233163,0.0010782651270358073
155698,0.001031318750023949,0.0016811262559158907,0.0015250431587086055,0.0016475888787295667,0.0006915730240458808,0.001823290009162426,0.001202213682806319,0.0009066300290643294
155700,0.0008286439756606569,0.0017533750063061238,0.0015514146200281687,0.0021277316511719158,0.0008044664597420571,0.0012773222505944037,0.001806992974523594,0.0013852136866515097
155702,0.0006137547700291179,0.0010519262768249882,0.0014219685095326895,0.0011046146554269942,0.0011874505686498282,0.0014912942667562185,0.0015025330341759263,0.0011766537804176608
155704,0.0013617451774194933,0.0026980025346349384,0.0013479699520604904,0.0014030257674697705,0.00256522104532092,0.0011850409795357564,0.0013087237148990405,0.0008750881869910021
155706,0.0008628621689527362,0.001753321658037446,0.0015633146999827346,0.0017258656836172254,0.0012188559012429878,0.001797660701682871,0.002453522354459517,0.0020709133948373926
155708,0.000882091981981914,0.001573649923747658,0.0013762324308770474,0.0020398882051075873,0.0008871720657086281,0.001338262933808787,0.001261295056749226,0.0010295546563399288
155710,0.0014549522218821331,0.0017832658281247277,0.0009106227175377547,0.001996260730774982,0.0021938244558903502,0.0016403381214056267,0.0014913466324656538,0.0010002816993717745
155712,0.0008125192722441589,0.0013891194211474028,0.001182522384040055,0.002552663290944626,0.0010606219862335925,0.0013660783753375316,0.0028371004732754557,0.0008034118876697229
155714,0.0009556504777981402,0.001015911570247996,0.0014610480123276176,0.0021014602145257855,0.0011574257418409672,0.001755521152889697,0.001805220756566861,0.0010748693116693908
155716,0.0006958312219754875,0.0012198489644522775,0.0007264579143377616,0.002012269012059642,0.0011267760135243027,0.0013461637867698967,0.0019597917902565293,0.0008901957288864892
155718,0.0010842640534520914,0.0015856704176917535,0.0011710134215936613,0.0029160580872805847,0.0012277054299861256,0.002230341224564114,0.0016260056496093661,0.0019564272821634976
155720,0.0016055300491558122,0.0017167650314276472,0.0014267208759534272,0.0013742916910242237,0.0009605721480033004,0.001458639410803153,0.00242669567009296,0.0013363875663226082
155722,0.000650640273283154,0.001009758436866015,0.0008128209814079052,0.002130727836988658,0.0011706924496879823,0.0013299290959436494,0.0015499265302878484,0.00147309880561787
155724,0.0008860057113491276,0.000869182368248414,0.0011532932173290988,0.001356677257148553,0.0008583731336380164,0.0007982249701971346,0.0014301467225336234,0.0009720985451875143
155726,0.0014156341684906787,0.0013937270546335867,0.0008277637948521412,0.0027451471310655506,0.0011066062143777616,0.0031098963492665194,0.001610274329131356,0.0008526227445140311
155728,0.000589037327139566,0.0012613792026234943,0.0014101238181882941,0.0017485544808138465,0.0014549493799462798,0.0015186905969608588,0.0013339444521077853,0.0011786867163019465
155730,0.0008098364114064761,0.0010504508100708798,0.000950201540353357,0.0017872011686695388,0.0007846469965314441,0.0010451919756519074,0.001403939332832671,0.0007111910180179898
155732,0.0005243413382112518,0.0008599343777581682,0.0008379245721660024,0.000653544095491624,0.0008385481942049279,0.0005984808262017617,0.000739299128868845,0.0007129572052408419
155734,0.0015548579747166752,0.001575796709269106,0.0009436248564075357,0.0017987424919198164,0.0011273830812910668,0.0016742168777433286,0.003158407077097858,0.003200849947681564
155736,0.0009855582773268257,0.00125467144482716,0.0014025139882328924,0.001030240646195113,0.0007345643976224038,0.0010872790927516363,0.0014434741973393117,0.0005509496448397599
155738,0.00072240321658118,0.001113084768068262,0.0007918828237493715,0.0013929450067176052,0.001190577438251031,0.0011605808759396347,0.001578096198360024,0.001126686980662664
155740,0.0008395319864929057,0.001653544419666711,0.001113411914383855,0.0020894416667281007,0.0011398731809331153,0.0020452792293804145,0.0015928693406806055,0.0011165657696519254
155742,0.0009980662504012333,0.0015846621434118108,0.0013327109494992856,0.001257823446487727,0.001181773090722038,0.0013582383779077306,0.00187666856971537,0.0006831840509950761
155744,0.0006189347590249174,0.002022087994305713,0.0010666137952739518,0.0014051254852489592,0.0010334862298755493,0.0009986602028138614,0.0013595611051265971,0.0011339940885247146
155746,0.0011610994904903138,0.0023287481880452376,0.001577371139864836,0.001963505496864318,0.001651062521536295,0.0014032758309667909,0.0015966298702432269,0.0009515745240121221
155748,0.000541256171705199,0.0009168822109718346,0.001367936425689234,0.0013668126294979488,0.0011283108824789445,0.0016485643366263153,0.0010088289146312907,0.0011485198275546088
155750,0.0007998689813620875,0.0008823711519308532,0.0015341675522806547,0.0011448615123621636,0.0009245678851810581,0.001364675688933073,0.0012331927240377127,0.001270212347838362
155752,0.0006671557360551951,0.0007725388313180627,0.0008783570443436674,0.00147557912637665,0.0010700528538368226,0.001452382541074826,0.001120277629567179,0.0009644152031731447
155754,0.0008262852659122327,0.0016144037742871348,0.0010193880876052802,0.002163693662463398,0.0014651592585030043,0.0020928606751638434,0.003296466523003763,0.0015336659414711407
155756,0.0015290712271177759,0.0024344306743593336,0.001221287111775382,0.002596612609979246,0.002518311620656244,0.0022308739796206845,0.002473863192619996,0.0024654967301671604
155758,0.000889388641708181,0.00220287634615636,0.000978615048185541,0.0019321224350204447,0.0011805967312881194,0.0014810856124456567,0.0016356642279389266,0.0015674218723194522
155760,0.0005956058790127818,0.0014403943363385796,0.0015341479998869922,0.0018274182983025883,0.0010018608827511294,0.0024118260392969604,0.002200611975979039,0.0011445474218286927
155762,0.00132664398908805,0.001372888381962603,0.0011536922690996848,0.0026142719989972196,0.0011164965594147175,0.0021934071047763487,0.0017494475011057276,0.0013849502650045142
155764,0.001003811178307626,0.00274727894778537,0.0019002441467952935,0.002983802804155125,0.0017386916258743668,0.002580163819809314,0.0026028336273948988,0.0020146577262941806
155766,0.0008275676672596412,0.0012163475983096306,0.001000933824904085,0.001464172956332277,0.0010335319787735942,0.0011779378722431844,0.0013797892133839001,0.0012730833825571608
155768,0.0008624594092932064,0.0010617299475229047,0.0015854241781410594,0.00224763075381601,0.0008334296619247894,0.0017508226869689114,0.0015932342203159866,0.0010489841007049194
155770,0.0006036251039642261,0.000930482163816318,0.001159399639164782,0.0016219625026586831,0.0010270703656557606,0.0016716695489150807,0.0022790803294734374,0.0012180163928854904
155772,0.0006003224388607988,0.0008812417983200677,0.0007786599389457728,0.001788493116781656,0.0009710743813924928,0.002445568035876422,0.0014457807273219464,0.0009968219483267454
155774,0.0009654069128951261,0.0010158776115931772,0.0015391072039210862,0.0015141766602316253,0.001098591719145503,0.001285881769433908,0.002015203534825885,0.0013878986874580335
155776,0.0012439858990385133,0.0017321513184107573,0.001214328380571894,0.0034208505232553726,0.0009200735579719677,0.0024759381151522875,0.0029129987273836117,0.0019292749153019262
155778,0.0010208196824266352,0.001714829371198212,0.001464146442818351,0.0022998184082914097,0.0011986910462893352,0.0019763062479517673,0.003672129449900974,0.002056346819820698
155780,0.0005830372280008246,0.0011933004463961089,0.0007936152672867319,0.0018151699620628237,0.0009387301874817823,0.001522773653800727,0.0009417077819249275,0.001296566969401225
155782,0.0005386809393549546,0.001118991722428797,0.0008377952821426171,0.0019741092107251057,0.0011380300902766316,0.0011345830202878077,0.0014289830059164288,0.0009404600612705899
155784,0.0006838096071248995,0.001000450896928351,0.0009663046352635686,0.0017687574159253594,0.0009131953808341198,0.0011138572188512802,0.0015652162466662234,0.001198853047426951
155786,0.0007070818336521456,0.0014862705775551266,0.0008898056410525795,0.0015044070850911972,0.001423390210629219,0.0011157762032611013,0.001432430458681036,0.001025201363813233
155788,0.001716787875772674,0.0011262896268760536,0.0015606972142201414,0.0014200227268226229,0.0018093041474751548,0.0010291358581937665,0.0012925075942667036,0.0014434206975083713
155790,0.0007878165180805891,0.0015740876770566903,0.0013155242527320699,0.0013470250166073422,0.000922476788262197,0.0019027159078324751,0.00163457390942702,0.0013537460303321286
155792,0.001438586035013692,0.002457555881331397,0.0019088684847684,0.0017729524708221533,0.0010166243579918938,0.0020453493157358005,0.0025868383926672678,0.001460623138863762
155794,0.0006387128019181981,0.0009691648650365231,0.0013545737593845808,0.0010538349508860817,0.0006103621613044764,0.001043912127608737,0.0010810951855666634,0.0011257998453806511
155796,0.0008817278992172585,0.0015723092582576315,0.0013299021968678076,0.0019692959002094584,0.0014088164233971995,0.0024251129416680423,0.002025015248386955,0.0013476611364193897
155798,0.00046566783877461174,0.0007545303985571385,0.0005922034079270146,0.0017192346435272038,0.0007803219824079367,0.0009658258521101498,0.002155327651236272,0.0009611961859147845
155800,0.0014054050634790954,0.0026066958721551736,0.002709821668309742,0.003823219665775923,0.0014051832978467932,0.0017670895548072552,0.0028397274409886486,0.0018546873033815775
155802,0.001074990960959532,0.0024942079990077914,0.0010256935688460894,0.0022164642193802653,0.001008109876086627,0.0022390858774932187,0.0015513303971537301,0.0007733699864411747
155804,0.0012992688776627404,0.0018781526050573039,0.0018821033110023727,0.0032702177242743963,0.0014646388350830208,0.0014937046168511797,0.001976505647736118,0.0016193874960459542
155806,0.0007892971795287473,0.0015487156374591887,0.0010025474932229272,0.0010959632802581276,0.001092189522112888,0.0010407610051901828,0.0014303862291537156,0.0010732016033410119
155808,0.0005724837417771557,0.0016787736210189946,0.00111328040374227,0.0023337640003190524,0.0008226945751377418,0.0017705000490942369,0.0016056005048508681,0.0010194623078518955
155810,0.0011851951301984492,0.001801234310793376,0.003993764042976855,0.0033172230367884,0.001484771296045309,0.0025724944686984635,0.002237113772993307,0.0020080944253332428
155812,0.001790089085241045,0.0014275374009380948,0.0017650922275575104,0.0014390509344528457,0.0007990339172972462,0.0013511852108673145,0.0020569540011816795,0.000958811754553094
155814,0.0009358477921340147,0.0011684621590452166,0.000833822036207188,0.002203443232675406,0.000876770664095583,0.0016073352173130578,0.0014560181435039343,0.0009405807059421761
155816,0.000820130117529131,0.0013243730234840378,0.0012506795621152755,0.0010986618539432502,0.0008931059657091428,0.0011343930498795007,0.0009182014536444072,0.0010871560131532482
155818,0.0010868315193107159,0.0012402306726068263,0.0011881646770718485,0.0009237675524107619,0.001275572584450227,0.0021037454445389653,0.0022908481432586947,0.0012221931237876987
155820,0.0011710442718860237,0.0025345552463663795,0.0006971827677034227,0.0010516464673315795,0.0013090496022001435,0.0012668555005035387,0.0010070995386595727,0.0008249520712378701
155822,0.0005368598593786938,0.0008532771659560158,0.0006493572352441225,0.0012199275526059289,0.0006747513363898477,0.0008003006933430257,0.001424348341330664,0.0009130041259157486
155824,0.0014345472598851355,0.00142106117313473,0.0011083688722379748,0.0017825048228128915,0.0011441635639153347,0.0012371893816803953,0.0013020921586471973,0.0009417378480469675
155826,0.0014179191979446643,0.0017467943470467345,0.0029830462726219142,0.0025051096831974484,0.001075035176563724,0.0013241984144008456,0.0018714527963317185,0.0013034494010258357
155828,0.0006553483321137012,0.0020206559734257112,0.0008447470418504605,0.0017523493642814802,0.0007815957146256741,0.0017540689196968717,0.0015376828773838724,0.0010773962899668504
155830,0.0010791783702625152,0.0030828338006303607,0.0019124746729887315,0.0029490862556902503,0.001452605444604696,0.0027801195232741854,0.0027646151579319295,0.002637376260850921
155832,0.001248592543516891,0.0019232927446149461,0.0017445810333544115,0.0009823674197857596,0.001173937079078105,0.001961089570981636,0.0015254860298311024,0.0013982442480690166
155834,0.0009942313620173865,0.0014406697658909118,0.0012662769266414409,0.001451699739277848,0.001699789765875051,0.0013591776237538294,0.0013839852466880492,0.0010143310762524838
155836,0.001401341489689012,0.0017171160484750342,0.001162401487088141,0.0017810053093981204,0.0015461625547965596,0.0014168232868372876,0.0017115478508637066,0.0010788699973303256
155838,0.0005638285804965282,0.0013003452162092671,0.0009644917908254204,0.0012962045490383517,0.0008013369820293464,0.0013993591501739733,0.0013996013608495034,0.001757398741451477
155840,0.00502939565873195,0.0019702290557813834,0.0011850673973235054,0.0011735450055897628,0.0018007777328874486,0.001180734719618562,0.004105403286465192,0.003973187220950081
155842,0.0012503894771118823,0.0016206805925309542,0.0012508500455644805,0.0021102666520706054,0.0015729459809655927,0.0017928906832098829,0.003232160262873887,0.0010978766695757258
155844,0.000988572281826805,0.0014303538241438596,0.0006852360249371171,0.00136521190083784,0.0012712986344143307,0.0010819785014431482,0.0009476876661601713,0.0007564644253979826
155846,0.0009427499729628558,0.0010315420001530407,0.0021383386341544824,0.001559025810138337,0.0008351515027478357,0.002072835947757326,0.0016372984277049363,0.0011442736990942143
155848,0.0006748839151327624,0.0012051105708295179,0.0009773677943130665,0.0023747338859687744,0.0014066317936602957,0.0016778957751257956,0.0028584768849369002,0.0010217516151073275
155850,0.001018425610184226,0.0024103747300619066,0.0011407205471734017,0.0017965287090641185,0.0010468168133945799,0.0010064610075745245,0.001888435534862079,0.0012649752211303517
155852,0.0006969860548213282,0.0012244563646393036,0.0017421719544287312,0.0016318558735340383,0.0013165559370499486,0.0012291633500367688,0.0014213827809251983,0.0008733711047720673
155854,0.0012062121315273983,0.0015213441202350936,0.0014116946680631792,0.002831840272676925,0.001240599090494024,0.0014483683819125487,0.00298156116162801,0.0015449666046757488
155856,0.0006038177812504181,0.0007589509155327169,0.0010585561474074773,0.002527162276265718,0.0007931373110793595,0.0011868367764986815,0.0023653362646405274,0.0014983710880738799
155858,0.0009240462195991873,0.001892643045120837,0.0010339154949541435,0.0027194064599141005,0.001324541407430449,0.001482222446718709,0.0012764758832006923,0.0013839533716151209
155860,0.0007376730902999284,0.0010809396319238496,0.0012317596102835587,0.0012971159274857147,0.0013487781277723432,0.0010787877719904554,0.0012142624349436582,0.0008787028723496494
155862,0.0010467753514555866,0.0030671843172565133,0.0018689048028228683,0.0018051029983736644,0.0013564939454502878,0.0018714444161696542,0.003414690641726517,0.0008633430651983388
155864,0.0005076597667880468,0.0006640667494432796,0.0007505690347910932,0.0010922333513063848,0.0006342778527841514,0.0007391750527830677,0.0009108805063997583,0.00063889621616188
155866,0.0008665729342952379,0.0009018043134665366,0.0010369007737934949,0.0011722015787418716,0.0009247016663943702,0.0013116533040719164,0.001700765805091875,0.0012864602614561793
155868,0.0006312199814896419,0.0010460525511342272,0.0019368927508768424,0.001667178134756156,0.0017423793857753722,0.001249809144643399,0.0018333832438790498,0.0012351432425084519
155870,0.001118118584392258,0.0014184772739734286,0.0010089058259957207,0.001128140957225035,0.0009157096706304303,0.0020428451479261867,0.001031448437940355,0.000914405512476138
155872,0.0008757904191883693,0.0017383846959904137,0.0011642329312486766,0.0023481917265846253,0.0014291139743256714,0.0023424038339082826,0.0031623275163111253,0.0015366245571619835
155874,0.0004348481428460005,0.0008308576413960239,0.0009877043124811302,0.0013256032048448163,0.0008330753352486821,0.0010973815058217817,0.0012101368702235882,0.0006395631506375989
155876,0.0010109086824972163,0.0011951421541491758,0.0009416603401610248,0.0018271752910692385,0.0015904447116918963,0.001164296995620484,0.0019833134563689847,0.0010414120069768829
155878,0.0008772529926750483,0.0017156128240578689,0.001322794368705582,0.001756163036008132,0.0014801670570469133,0.0029772909864145825,0.0016701811786978826,0.0011897898742381369
155880,0.0009030911731633708,0.0016506272080383244,0.0010873211035506009,0.001825214944559797,0.0009084972672919502,0.002298329409695876,0.0021812345475585304,0.0009888916011894372
155882,0.0010168127505219005,0.0010850676709784346,0.0011424033810426698,0.001755217111084742,0.0012348879541835972,0.001235691612465395,0.0012052326542144748,0.0010843847611136243
155884,0.0006084541086673369,0.001478518729933223,0.0010668530010049665,0.0017103628851211639,0.0011239536849411286,0.001383350586096746,0.001979117653225837,0.0011845924350629838
155886,0.0008044785051238325,0.0026800821564807453,0.001424458569525014,0.0020494824885864404,0.0010431934450174651,0.0018888726542777429,0.002272849728354856,0.0017690212631562563
155888,0.0008066038115633334,0.0012020912357826319,0.0013911378478202036,0.001544253882710525,0.0012279764232667745,0.0017700357854522203,0.0016687083847189421,0.0017869350242425558
155890,0.00100491410143283,0.0008731327697853036,0.0009782253852509554,0.0013865231251412174,0.0007746700728796796,0.001514917496792681,0.0012044296555737688,0.0008628675309623746
155892,0.001623086728414616,0.0019509549735380466,0.0011943592612697618,0.0017448455610069719,0.0011810286437186207,0.0014471320843425506,0.0016548210739642522,0.0013518119025449776
155894,0.000742418118149582,0.0008695246279531027,0.001086390177360022,0.002073153124114102,0.0009884874822688183,0.0017707386309297052,0.0018151144121360124,0.0014051916765828315
155896,0.0010994846232059846,0.0010765696056600493,0.0010576417393327042,0.0017767360372824559,0.0012757381031926057,0.002557359182980612,0.001312027862965262,0.0016701726530108374
155898,0.0009771379092560345,0.00225134964072643,0.0014195712979949704,0.0019036848421699754,0.0010795599815713874,0.0013071910525699892,0.0018321026057272066,0.000993161555218336
155900,0.0012529363119557907,0.0032516475922799715,0.001045967971616213,0.0023283742778668626,0.002209611650779833,0.0018190183059829806,0.004858163075278421,0.0009667325720986164
155902,0.0009223282340107032,0.0013317371196928107,0.0007653268950349457,0.001040461535811943,0.0007370844448599569,0.0012698642500880292,0.00135266150985075,0.0013741685069103143
155904,0.001262306580753783,0.001061893338820799,0.0011878806513932055,0.0014510275989770977,0.0007363627923911431,0.0016416621947849125,0.0011664889562879588,0.0011818773371426033
155906,0.0017196853994577155,0.001152359498531444,0.0008279668060225988,0.0011871632910893798,0.001549024107735511,0.0008995921984433913,0.0018888331495551386,0.0012876585409844626
155908,0.0013801957973758605,0.0012442949514515078,0.0011181953191661265,0.0016382180613450092,0.0012040700093181173,0.0019144135129431916,0.0019552414096774134,0.0014563061514239056
155910,0.0009120777406340964,0.0010162214988813784,0.0013872764503278234,0.0018581783765881377,0.00099104407504004,0.00136825306747973,0.0026204275446761877,0.0013119104702390971
155912,0.0006188933320888795,0.000932164615892548,0.0011666569101521085,0.0019189631602325452,0.0008058192755329464,0.002435758667340915,0.0013179252930085733,0.0019206750781819437
155914,0.0011886303369124107,0.0007640111984530962,0.0008082350306726355,0.001322788136186595,0.0009294248584486332,0.0016758012886764484,0.001002235411282762,0.001138414174954916
155916,0.0009050752403739204,0.0011426957692566853,0.0011997532817531603,0.0016818081681885394,0.001207499820300717,0.001477536818714778,0.0016618054639905844,0.001087425028487632
155918,0.0014600838777689834,0.0006752850209137962,0.001000402822629809,0.0019170689924330603,0.0013755545083482534,0.0015855831933025422,0.002400229255670683,0.0010191036016894556
155920,0.0006770692734353635,0.001179014410402926,0.0007016382489460939,0.0025535476069968865,0.001324401493447716,0.0013726694729681577,0.0012608153730389038,0.001448892713287686
155922,0.001439960885050176,0.0022626746570917483,0.001977003197367058,0.0022634827751142478,0.001614799854072979,0.0010755643686525401,0.001764630238429557,0.0009091347090069458
155924,0.0005634280285629657,0.001818131526679423,0.0014512796333511352,0.0021167053985682444,0.0009319787769039613,0.002288774950441344,0.001626208750299521,0.0008659479642341185
155926,0.0008032702956131121,0.00174999289775718,0.0024614733234216146,0.0018874591604489815,0.0012660624477312116,0.0014061269004761595,0.0013478392002872486,0.0012002488256790539
155928,0.0010698388776051448,0.0012694137321545562,0.0017770479046092108,0.0014029339528725537,0.001196677522908099,0.0016162211114459368,0.0019692615145744524,0.0008338700137400373
155930,0.001039443998540071,0.002293853888085673,0.0012798385136720963,0.0018273584208392674,0.0010864169451308414,0.0017775017785620073,0.0013659390380449943,0.001071723968667726
155932,0.0006563466279230525,0.001055544433146205,0.001236382878601075,0.002702711284919959,0.0011083076057156888,0.0020010195410114506,0.00305721587885556,0.00294748099191057
155934,0.001618958776979318,0.0022919220088072484,0.0019272225866010656,0.0036990214513841213,0.0016313668251367736,0.0014936467387427488,0.002969175528380552,0.0016813284932504363
155936,0.0008809738641737432,0.0021026489667757553,0.0013389973090066065,0.0013021064077669564,0.0008539508892039006,0.0014965155010605025,0.0013269487589445822,0.0012375848686252966
155938,0.001073796018480691,0.0009771660902657686,0.0012831740741642422,0.0020823383342138957,0.0009870703222825683,0.0016496792829778784,0.0016949251212126232,0.0009482834146057884
155940,0.001072435087486348,0.001973158588754187,0.0009636604800258852,0.002022044775025267,0.0012453645794908846,0.0012639276636779023,0.001616872954704418,0.0008399683329705088
155942,0.000616112748527773,0.0006765633718634791,0.0007772604350349127,0.0024546344278820187,0.0008875564706578888,0.0012351298883113287,0.0016836266654940563,0.0010204535973474954
155944,0.001196895321542435,0.0010668262319912941,0.0008996428143794068,0.001632400082442198,0.0012927371598472348,0.0023658660601238446,0.0010419934649255058,0.0006144110393822878
155946,0.0009526134206722242,0.0014442654878325106,0.0008740698943887938,0.0018075114738294595,0.0012417453668179257,0.002849636527106958,0.002229294197949372,0.002666053284869477
155948,0.0008774107821807459,0.0016031503911086986,0.0016589000889608574,0.002539658351004573,0.0013417850777024953,0.0011568377524326934,0.00187555552479296,0.0009467242438906988
155950,0.000783672346500508,0.001234774326636115,0.0008620440559090926,0.0020843655059604865,0.0005961471330690228,0.0019659357936002153,0.0016945058384299494,0.0014588821451240325
155952,0.0013576115707985559,0.00310891004854498,0.0016066384127114142,0.0015697943567083983,0.0019532204232665246,0.0023333378621249873,0.0033016283528948392,0.0016520402183517607
155954,0.0004291640149548838,0.0011928083976492504,0.0008010673559441552,0.001283975938071849,0.0009018284776951546,0.0018161614331217019,0.000974517107190407,0.0010346549404888356
155956,0.0006973863947661342,0.0012468684608463315,0.0007638395573925129,0.0015801577537855188,0.0007427722073266724,0.001334297686051436,0.0014170378355117391,0.0009047958630044629
155958,0.0009496291823835358,0.0017152983722895088,0.0007858079148675423,0.0010969723271649912,0.0009204937331145496,0.0011659961069549057,0.0015882098762611818,0.0010461462914040376
155960,0.000486452688618081,0.0016151199268161914,0.0013585777871900767,0.0016043397011014648,0.000896625445477639,0.002211798300719506,0.0023893071745120786,0.001507792982949674
155962,0.0005994690461713775,0.001109647421923668,0.0011840334761987897,0.0024185292324428037,0.0006813282560400348,0.0018354989508311825,0.001755721884855399,0.0016931422246452416
155964,0.0013770634107979213,0.0009391508333712745,0.0012076435146061298,0.0009344871165888891,0.0007326672617943876,0.0015905757495965483,0.000881287471720258,0.0005956083337432944
155966,0.000730119048679756,0.001105457238288976,0.00077977137728669,0.001333011790991337,0.0006648367872483935,0.0018043651977801695,0.001453168032612473,0.001241934407560985
155968,0.0008432561201250494,0.00090150083384977,0.0010795683048275273,0.001621379235218337,0.0008771846951845276,0.00182139852263076,0.0009616005791884957,0.0011116360582242302
155970,0.0006886129948677766,0.0007452984515733709,0.0007997480343847931,0.001105082965036766,0.0006848402607018272,0.0019372282082490977,0.0009205275275903126,0.0008191296151521948
155972,0.0014150211587221073,0.0018269571397559053,0.001149301444361095,0.002609146194333667,0.0032205971172488135,0.0017178376447333221,0.0016251441149567475,0.0011770126318472324
155974,0.0008427949112316396,0.0013486235324400436,0.0008470996270001398,0.001763151716434097,0.0008991407404837816,0.001917537144991377,0.00239844099162273,0.0021047017216618974
155976,0.0015038693351637905,0.0013149335881271207,0.0012303202736546753,0.0025765308003189435,0.0011927283721180348,0.001996922900837639,0.0020285277950833486,0.001303131742408939
155978,0.0006840837615982309,0.0010362746882850576,0.0008331221085056684,0.0014997335251227956,0.001014735696554539,0.0014497856277362886,0.0011190697333597482,0.000905850954291465
155980,0.0005992394008350055,0.0011746348561252895,0.0010490733871506563,0.0017147340360563895,0.0013106087077291578,0.0014192771218155542,0.0016854329927087353,0.0006084045803056576
155982,0.0007048136142238093,0.0014129513054266796,0.0009057606988163748,0.001728650040944149,0.0012177901808172464,0.0016708861455969753,0.0012791767723188685,0.0012418805819953832
155984,0.0006559520461885265,0.0009506775841450522,0.0015435946002926443,0.0018801531225710044,0.0007317094359940747,0.0014621358217949965,0.00207025839097158,0.00113259827636282
155986,0.0007400757270772419,0.0018275699073300317,0.0011091577989452706,0.002547895369303124,0.000878422958416003,0.0011803978272360155,0.001336356516533202,0.0011246666810380695
155988,0.0006793893400970953,0.0006769423926165224,0.0005822479912210299,0.0015827428891770357,0.0007100127583682982,0.002210359446046306,0.0008458183176312008,0.0006189792458691258
155990,0.0015872301809862766,0.0020252318433717914,0.0018483706423433333,0.001753605255512325,0.0011432212050410673,0.001726649486065171,0.0014096431948119742,0.001986881655338238
155992,0.00089821002909957,0.0022960421930695724,0.0014169360280371635,0.0019484829802036835,0.0012772857703430424,0.0019266580851779042,0.0015189713802876842,0.001481790490095572
155994,0.0011702208869144304,0.0019147033314999146,0.0012110327741826077,0.0021937591985408122,0.0010650534114016313,0.0021472094982266654,0.0015307314562618135,0.0015363307575472357
155996,0.0012041959181807727,0.0013848978609485446,0.0024271566776437603,0.001477219228231741,0.0022951108491554018,0.0009129836395254144,0.0038656553596381205,0.0013266380188794447
155998,0.0006725116628397837,0.0014185898003393899,0.0014675386987461764,0.002359981127284097,0.0014256035639626519,0.0015182234565776082,0.0016845699202399644,0.0014785167245313091
156000,0.0006085244074839485,0.0009288409683500289,0.0009045098064461993,0.0014081333173463495,0.000686265507937947,0.0012022330579068014,0.001387973076610871,0.0009338203553266866
156002,0.0009304313694269463,0.0016047960286064283,0.0010315218994732533,0.0018601091044276874,0.0014897015802053937,0.0017400305669940247,0.001579882920435663,0.0017381365002412524
156004,0.0016150950743823445,0.001530507008941362,0.0007959050501851785,0.0011383337330084786,0.001143940789507747,0.0009664448769264311,0.0025983475616536134,0.0009477127815386878
156006,0.000685291318176573,0.0014455402185281074,0.0015735390910764924,0.0027875862385896705,0.000988461949412725,0.0022420239670213477,0.0011502804185770238,0.000923369044184344
156008,0.001145253807916316,0.000916844761082062,0.000645344984404661,0.002066666189267777,0.000685786716367074,0.0014384416347326123,0.0013253566346511786,0.0011745605494757477
156010,0.0010719913119183744,0.001752531824266726,0.0017204375117216841,0.001720192763635886,0.0009687740735744854,0.0018568961694529623,0.0020095146411103215,0.0014948603980485253
156012,0.0008593980793087687,0.0013307147232606426,0.0005690713686306581,0.0010401181364198125,0.0012009786487274798,0.0015559307832174185,0.002734913849939971,0.0009881719755290425
156014,0.0005104502547648472,0.0012704789629630064,0.0010669515625407744,0.002176833214815335,0.0009491312507083939,0.0012453156751902755,0.0010399448962377655,0.0009133464627390092
156016,0.0023339119340768377,0.0013288462835228665,0.0022932426626455366,0.001536088671421132,0.0011545867803584159,0.0011777018617810248,0.0021047752115601615,0.0009269496397543847
156018,0.001451041505708739,0.001956436839139611,0.0012430298141996726,0.001806932799213859,0.0016019087401014792,0.001509076049038216,0.0017549371287298166,0.0016285702755747256
156020,0.0008221725829594129,0.0011149175060710115,0.001015030966032407,0.002035473949557956,0.0009470064668114266,0.001541559383616553,0.0010564712535959253,0.0007899476702377811
156022,0.0008525123390517066,0.0013573436500969316,0.0011136401497729431,0.001838598763589508,0.0011161383435907002,0.0012679743098532037,0.0017451278496883327,0.001608577176259729
156024,0.0005301500461231262,0.0011751050086775822,0.0014310569543740798,0.0017191790368829146,0.0010439867538458714,0.0013968504794814735,0.002153247583016729,0.0009058213544848592
156026,0.0006051782886837831,0.0011763082714919687,0.000981136679530939,0.0015808271677503344,0.0005900338297529541,0.0017835191131193029,0.0017174041130127993,0.0011464538021123266
156028,0.0009298288742185523,0.001638721707843127,0.001727182028400956,0.0017030624601810929,0.0012221975518054151,0.0008555095247780309,0.002182179039267318,0.0011663159255582145
156030,0.0008085599892150436,0.0010956618898241288,0.0013288606782864282,0.0011941450405574816,0.0012123832184475353,0.0013449426797935843,0.0014039842791009477,0.0019540588608613213
156032,0.0013204503522610267,0.002244950568339954,0.0019408584474695095,0.001623531604376685,0.0009034140671750381,0.0012458618277202405,0.0016748495154844806,0.0012782181772905687
156034,0.001052636115997721,0.0012555248094921062,0.0012845951248264265,0.001724724040320924,0.001033513774902295,0.0007349893238949058,0.0018035889449985465,0.0013396138053598655
156036,0.0006550721795878546,0.0017173201302880248,0.0012618468190344623,0.0017634476841357216,0.0016657075779758501,0.001419430942961819,0.00154801641508856,0.0019339057404491045
156038,0.0008196931958480737,0.001425003024379104,0.0013346403513248006,0.0012756872755553261,0.0009945118852300455,0.0014365416521458507,0.0008820467302926051,0.001019197078049816
156040,0.0012337016680408347,0.0013123085473232404,0.0015060414405212441,0.001783842274247785,0.0012885781435372778,0.0017103508680649387,0.0017076006897163154,0.001710612479678686
156042,0.001290686525319773,0.0023897453132433327,0.002445198124846615,0.0019761830358375893,0.0010475876246061194,0.001375970417372488,0.0014069906106917163,0.0013094809463605334
156044,0.0011287987066089938,0.0013994681284480587,0.0009338362928810184,0.0030075631300359312,0.0009282139053791751,0.0020332781896520574,0.0014939689699306063,0.0011429929807987294
156046,0.0009526625173312576,0.001966227173411994,0.0009608923405164532,0.0013909638932047136,0.0015776306620671893,0.0014116946680631792,0.001507974674069823,0.0010846902403907066
156048,0.0006009390692813567,0.001809781456359405,0.000939792885198857,0.0015830603619971934,0.0016484950620326289,0.0014981974744829873,0.0010576725120812341,0.00041220862279889303
156050,0.0012700328498299052,0.0019524407653407488,0.0012531939864937058,0.002142070843392921,0.0013511181130718697,0.0021979931645602774,0.003784352313510375,0.001896343544254775
156052,0.0009244868961777591,0.0010302447116468244,0.001027629415738751,0.002167107312768826,0.0012748576775187814,0.0020354850422619197,0.0017220127213670722,0.0024357516808268947
156054,0.000438088978490684,0.000618322208069691,0.0008776377812013715,0.0011618119810430372,0.0005421936376901228,0.0007235589404614023,0.0014499198155885212,0.000967168713437442
156056,0.0011520648649310794,0.0012733191925857895,0.0014326718485009465,0.0017493287717308542,0.001069222170645437,0.0014025776067423529,0.002997843882801013,0.0013475076991120716
156058,0.0007262990786494374,0.0012899494660276734,0.0014719811980592468,0.0018500020738374534,0.0006297171872129415,0.0016990676710704755,0.0013408158493622424,0.0013978079939741678
156060,0.0006760224990332575,0.0010603631003647807,0.0011167736622186286,0.0011621225896769755,0.0009953894217330644,0.0011109341585893162,0.001643569110211518,0.0012008392242854882
156062,0.0008465262669533763,0.001231669921256895,0.0006516031213142127,0.001663187698987878,0.000899824730645208,0.0018220615602724255,0.0012129446768733981,0.001247552582511205
156064,0.0004133595955629378,0.0006174657386630346,0.0007521350425045981,0.0008982989027218925,0.0005883316832523723,0.0008710889394004107,0.000895061096045216,0.0005313198006762776
156066,0.0007159855935695708,0.001560300174669474,0.00111597879548965,0.0019400861835095484,0.001006817009187047,0.00121220551955048,0.0016929729994347303,0.0014759137144813028
156068,0.0005601492945833814,0.0012996209823019772,0.000826364295892168,0.0014626597896062604,0.0008496545134265045,0.001375046383262371,0.0022905578754228717,0.0013127323296152765
156070,0.0006976323608088066,0.0010545139805862025,0.0010818902761560723,0.0017373637588861263,0.0007238047685530248,0.0011224747021607584,0.0013024631988774044,0.0006964069949246809
156072,0.001135728198519273,0.0024433865544823963,0.0019273946353393218,0.0019889535374240097,0.001508856089172339,0.0019027991075409312,0.002296048619249161,0.0010169172885845512
156074,0.0006282616567578093,0.0014780159895982359,0.0011320442030733485,0.0013317749132048112,0.0009721621958510597,0.001962853182347915,0.000776836852616012,0.0010310541354008468
156076,0.0005751396106785413,0.0009508733192356879,0.0009144758071588793,0.0013820307367179568,0.0005264456663013929,0.001525137721716377,0.001437259294599938,0.0015644025037148263
156078,0.0006759851119145927,0.00187553197014724,0.0016186623044762843,0.002030474556596454,0.0008515669520168002,0.0016493370436171523,0.0027581797355296644,0.0007422978404365323
156080,0.0013199744356220955,0.001313015789071184,0.0014145416629331026,0.002496505484108083,0.0013070480175797622,0.0017334889801701309,0.0028577276503906207,0.0018156388373069682
156082,0.0011517616719175644,0.0012066313638012943,0.0008524786205818848,0.0016992338222150544,0.001084001562016837,0.0011878259559525706,0.00120577460319371,0.0012424501418540346
156084,0.00096081624233069,0.0022176903245058194,0.001838803870710462,0.0026292895153441492,0.0013279987595427173,0.0013499829066981328,0.0019079763378008346,0.0012560871909518406
156086,0.0003812415866519814,0.0011268272840434523,0.0006028227805752184,0.0011881120296042824,0.0008528409658914576,0.0017507410085305097,0.0007234388977261919,0.0006583063098462329
156088,0.0010959911523345106,0.0017511550318643487,0.0012038432865504323,0.001932013052542203,0.0007803677708734559,0.0012332052828317175,0.002311272768580397,0.0013343058507170463
156090,0.0011253189181274076,0.0015178727856033497,0.001053208850535725,0.0024554502808236123,0.0016293551247228977,0.001331308921319177,0.0027670167064508533,0.0011090511037661899
156092,0.000554575481273592,0.0011022162192053792,0.0009823566778206644,0.0023251976126947987,0.0007929359934882307,0.0010472618577633264,0.0017187515136130177,0.0019155282445117022
156094,0.0007312918056928824,0.0011018076239638491,0.0009395388014690198,0.0013277791154564511,0.0010738189684012106,0.003595751133295133,0.0014701848806964457,0.0005884381309257149
156096,0.001181150781475404,0.0014784791951178017,0.002400028863957085,0.0013476020579192977,0.0014514686734946741,0.0018070341476812551,0.0012431191278022974,0.0016024213885190708
156098,0.0006626491239525856,0.001385655459379534,0.0009080141689643689,0.0013676220248024507,0.000822716907191854,0.0016821268690426217,0.0020616489100930974,0.0009886355324840168
156100,0.0007546561660696227,0.0011081362172738474,0.000880808789253687,0.001428008958307983,0.0008583888503849203,0.0011563545471441478,0.001039799058894078,0.0006051314597478909
156102,0.0008416082897012706,0.001224798964762075,0.0014417247858065085,0.0017283656809625875,0.0015016196882209343,0.001263317186116275,0.001757160747708264,0.0008451309161446353
156104,0.0008982106989848006,0.0018896851831745054,0.0015806651328711396,0.0012892366939463162,0.0013555021366841308,0.0010344277592933132,0.002026602762559074,0.0013787546180359933
156106,0.0007277877143678814,0.0006680821928393144,0.0010736019305568334,0.0015292151537433935,0.0013397856098055355,0.0016354002766547637,0.0015868066306108514,0.0010903649894977718
156108,0.0007135340485802145,0.0011169609065773134,0.000902487413274037,0.0012554778180573628,0.0008826212584331673,0.0017838007368059655,0.0014750774584140758,0.0015740480668924861
156110,0.0008909296812681516,0.0016172954049267219,0.001213627215830973,0.001726547940802528,0.0007278286181053861,0.0012486225564158904,0.001614963629147384,0.0009650322713955634
156112,0.0010540122467710966,0.0014512679961469765,0.0014483576070330045,0.0019312818414507632,0.0013178368474600632,0.000801617411751946,0.001207722485387086,0.000958694329361718
156114,0.0008238527152845988,0.001667907722962006,0.00107054766440573,0.001995949159328339,0.0012724632559236865,0.0021803327035990194,0.0033261585773658453,0.0010058411099148068
156116,0.0009771602677097896,0.001043614612097843,0.0009457830790011862,0.0013826900285729554,0.0005673442948936659,0.0019306313011056009,0.0017408666954399493,0.0017466947022121287
156118,0.0006825857407762349,0.0009625709615047051,0.0014855430974947265,0.0020327668895664536,0.0010499935000931604,0.001812843307082146,0.002902454535448129,0.001587184469255265
156120,0.0006561937432426369,0.000998037298854948,0.0009719309494846673,0.001368958409208046,0.0009802820120450306,0.0012197636132987993,0.001486173780557501,0.0012067550771178853
156122,0.0010146948748941537,0.0009228875526723912,0.0018486281889453782,0.0017339257781989886,0.0007531379353452362,0.0017443078129049244,0.0021326803590630133,0.0009388543738056733
156124,0.0006443069620020205,0.0018703970436684259,0.001185136905725026,0.0011669391507647259,0.0007778665693998522,0.0014181674987572834,0.0017580656470267547,0.0009407502613423407
156126,0.0008408490356905142,0.0030589405791290464,0.0011181340307909182,0.0019807033248973177,0.0015940488823329574,0.0018260582390026148,0.0013942386193206563,0.0013760384058220249
156128,0.000651667976824425,0.00280836697545106,0.0013542683009291068,0.001699324732749044,0.0008893540905920011,0.002091256953570486,0.0016678912917795913,0.0016880339441351921
156130,0.001017361872943226,0.0012020852944190225,0.0016769824609191297,0.0013488733519615437,0.0008747878045032437,0.0017843841933630339,0.0012895609487140192,0.001104079106211145
156132,0.0007262793007056789,0.001047538913093296,0.0007761990488648653,0.0016696230966008058,0.0010000371187288692,0.002009951191999218,0.0015050515869461378,0.001365582741403637
156134,0.0007901215915556738,0.0012777986719132578,0.001234587402368717,0.001163939071242348,0.0010338400317453367,0.0012310076832750122,0.001780835521734192,0.0008256630101255574
156136,0.0007406633350531266,0.001648401891511997,0.0010469761602316524,0.002739922997117575,0.0013926130086550637,0.0023142617708595825,0.0016244008193035953,0.0010209732291946438
156138,0.0005463474724543144,0.0006814480591575724,0.0013647282594677623,0.0017952070284382865,0.0005531495835009587,0.0007733173592608389,0.0009301751459398488,0.0006819177461372394
156140,0.0005438940151998445,0.0005232023870829772,0.0008689274746828991,0.0012276968150832929,0.0007675049338700148,0.0010684086137585785,0.0011846878302090996,0.0007493523610275915
156142,0.001407910218310937,0.0011692928230791488,0.0020367646035573395,0.0017508064758295916,0.001338374685412591,0.0014334384523893157,0.0015582677941101825,0.001570039084310429
156144,0.0019862895552835713,0.001344658526690315,0.0014119365441023768,0.0015067076933661383,0.0015333645475512775,0.0015315836314151593,0.00224498092775699,0.001748355405138527
156146,0.0006766972913868664,0.0014034625558532188,0.0010488897507794498,0.00274153235369258,0.0009453965726873848,0.0014131504363080888,0.0018896842115330298,0.0011261136032963415
156148,0.0013587052139192451,0.0014952527682690064,0.001564485312504138,0.0017393931928522677,0.0010791497337772071,0.0014053008817269674,0.0017014876459575806,0.0012901065485215885
156150,0.0010304470377876657,0.002901572334514102,0.0018948218517226417,0.002114153457024648,0.0016961964753470365,0.0017241170095447789,0.002811432925785576,0.0018001283789837452
156152,0.000693145599177783,0.0014420900314504742,0.0011236254929465478,0.001901315435848261,0.0007579009812909744,0.0014158463843272906,0.001687606638484107,0.0009795163243179333
156154,0.001136601653198635,0.001370666976539106,0.0022528049561226227,0.002697398847950963,0.0014672915351513632,0.0019635774693747138,0.0033508330708066497,0.0020042537113763026
156156,0.0016169415616610477,0.002222764632608523,0.0014850480648701675,0.0022840445298760864,0.0019765092913473503,0.0015642392501015318,0.002696432702864515,0.0016684296072471683
156158,0.000718981442678155,0.0011695769111533943,0.001146503500160101,0.0012971395411922604,0.0008776451754405473,0.0017415155327054621,0.001171417567130073,0.0011576772035972738
156160,0.0009398799096359302,0.0016093554001630483,0.0010827506261448239,0.0013207885271822178,0.0010905071955447654,0.0012588563116830986,0.0013792587238095066,0.0011673619392846835
156162,0.0012698493819863904,0.0009603937732288181,0.0009940349723314285,0.0025352349636385135,0.0008672657082874381,0.0013134472460908514,0.0020474632529424164,0.001388597413395934
156164,0.0005104910761046799,0.0007493101430538496,0.0009749569782389923,0.0018966884509591525,0.0006773577801052512,0.0012333447420710547,0.0013201254851944455,0.000615961757968686
156166,0.0008748542456377441,0.0010759697797429468,0.0008146401743544841,0.0018398714430658547,0.0015648590107400495,0.00145647788934479,0.002149935726610208,0.0008967496038038737
156168,0.0009603034953521578,0.001249622666033512,0.0006637867503457434,0.0017393537298377032,0.0009105681964389906,0.0007272230186045371,0.0011869515135365938,0.0008498122989232387
156170,0.0006360662133299139,0.0013340962988739463,0.001116614317681064,0.0018507940196023226,0.001233325641183891,0.0015268185225034703,0.0014171643286809421,0.0014103163143171088
156172,0.0005853815563161592,0.0010832540035943389,0.0009728059047443005,0.001627329637505906,0.000933298361777482,0.0010246360583666125,0.0013777964624886452,0.001068581773131294
156174,0.0005021608377922572,0.0013181882128954353,0.0009773803723911456,0.00169711746156459,0.0006189644167434206,0.0012485496309633387,0.002688211039111335,0.0012678241517003475
156176,0.0012325149056944401,0.0009516734694933783,0.0012043639792805316,0.0015367139292167403,0.0008063302330740957,0.0013136570602514386,0.0014729864252827074,0.0012311525081080271
156178,0.0004770053123430741,0.001015844128440302,0.0006702257540971979,0.0013532320828277822,0.0008310806846388887,0.0009838012983276606,0.0009572850963951475,0.0007857731406193426
156180,0.0007197350051136066,0.0024082382557050336,0.0026308499999167095,0.0015842075015095602,0.0012095571461630122,0.0011208687263162265,0.0014332999521118328,0.0011536823995170753
156182,0.0011919799674797865,0.0012074514063071945,0.0012320443880478038,0.0014992528658086673,0.001335323091258056,0.0013663358651195973,0.0014208777746799323,0.0009377542183975351
156184,0.001274761378616207,0.0012363378186103363,0.0010466136095319684,0.002345115218815863,0.0009629714821508852,0.0010746147986770982,0.001879026771914885,0.0011068228447545098
156186,0.0015331139434096586,0.002284628175314163,0.002113085093951153,0.0018091757982570261,0.001600241038339903,0.0010719471589554358,0.0016989156544967715,0.0020654815589565972
156188,0.0007327567056245599,0.00180991394767549,0.0013852397528921756,0.0025980019680551525,0.0008958862511710408,0.0015054889441510483,0.0020980816227012533,0.001289125407979208
156190,0.001175042180023303,0.0013030483667986342,0.0012843433202258808,0.0023796408493620552,0.0019612842421436044,0.0010479086183858843,0.002488033894045963,0.0011687395236848475
156192,0.0010270925719204627,0.0015065752407462107,0.0009889225284738373,0.001341770067274664,0.0016113756554281405,0.0013075062420320194,0.0015023135516937375,0.001246125612040086
156194,0.001139958456812265,0.0020466828699747946,0.0013983793724969829,0.001262060940585133,0.0012263052526221424,0.0013213062975658968,0.0022775539696928693,0.00104969004996959
156196,0.0016271676409279068,0.0014019593406122827,0.001707195541991391,0.001641282755584561,0.001085240456948855,0.0009989147406531812,0.0017984884441846344,0.0019268294546210957
156198,0.0008286239224881836,0.0010697187385999701,0.0009760037863912885,0.0015272118616255353,0.0012793414587628504,0.0009358220367409326,0.0012557904068273423,0.0006879721515870886
156200,0.0005474031594690509,0.0007079687908205547,0.0008477799103170369,0.0012932252888325224,0.0006549270702705702,0.0011789455934219095,0.0012463533884611439,0.0011082550220348347
156202,0.0010305340967549231,0.0016979361552683786,0.002051753799593714,0.001978555543718452,0.0013896012547045533,0.0020021592046882836,0.0029269320650632397,0.002970935320206758
156204,0.0009587627303915408,0.001224687888239595,0.001181163072417002,0.002270066152178174,0.001045398895812788,0.0012408901373162085,0.0016566188609721255,0.0007518456329771474
156206,0.0008740707754849343,0.0014575773655945007,0.0008067022096036741,0.0014642972594478554,0.0008583047019797285,0.0010386956396464392,0.0017734657496993322,0.0008515506455939216
156208,0.0018112648116753866,0.002261603768633061,0.001286322373489135,0.002295419253353581,0.0014762466229199106,0.0010988826449991884,0.002880324578359572,0.0019426267325518692
156210,0.0006319782312020107,0.001630796010282376,0.002270967902307186,0.0012537036112727495,0.0007806421135392351,0.0010916343463907574,0.0010024531322594399,0.0007163320268423513
156212,0.0009216587004114013,0.0011714887141609648,0.0011679057461668751,0.003129685223771786,0.0009718788038037308,0.0011318614638349822,0.001466534761794383,0.0015038814703190045
156214,0.0012680554944657363,0.0014774085183595492,0.001919083269923627,0.003246713911899804,0.0013991069277347196,0.001641753061435658,0.002051597885108558,0.0011498470921280646
156216,0.0007386415936437886,0.001136199038787089,0.0016708322400683095,0.0012364187699951401,0.00100832586829748,0.0016434784953625603,0.0014941161308526518,0.0010503187256334506
156218,0.0006118416942196316,0.0016257529932311443,0.0015193648690475237,0.001755735933400851,0.0008546992620681731,0.0016468456073113202,0.002039697410452637,0.0016689765321837996
156220,0.001475152145159489,0.0015090746018814466,0.002022839547567712,0.0017448869536187406,0.0008860468506903564,0.001684389810033618,0.002143040619532202,0.0022745692314314475
156222,0.002307326105893695,0.0017252695928544753,0.0010769923217636285,0.001689186959681399,0.0011800568878462953,0.0018593019960724266,0.002002932053879816,0.0010677324280996547
156224,0.000623595814971848,0.0009730441112755367,0.0008027135512496258,0.0014513170997887542,0.000642180934158635,0.0012948465270921222,0.0015010887873574547,0.0009833944826509455
156226,0.0006448297945846372,0.0010976209279880411,0.0007738177006583226,0.0018022558129909272,0.0011171743145638319,0.001198342832494037,0.0011691300294142254,0.0013760522248179724
156228,0.0008136334637688508,0.0008341285352758722,0.0013582754472472036,0.0022206835140948927,0.0009595384972494042,0.001235944364515032,0.0022396161499129708,0.0012628545926846174
156230,0.0005325369219716519,0.0011057797932692015,0.0011185087632120116,0.0021150802297144194,0.0008014001508975001,0.0022831740076236784,0.0011260098458410056,0.0009633542797176653
156232,0.0007431222172686082,0.001355599243845776,0.0009852009096642522,0.003201087270348124,0.0009728961873978516,0.0012914709190150475,0.0015971869327200544,0.0009209401188577139
156234,0.001456506608097874,0.002122194522231391,0.001873023440943422,0.0010977485482033394,0.0016102988454669287,0.002132671413124801,0.001340290724126239,0.002016442915005412
156236,0.0009450083130585624,0.001119204825811862,0.0012652839544822214,0.0013608270323983707,0.0005988333883254517,0.0014476150875639693,0.0008957148792541926,0.0006862549682368352
156238,0.001401793916159022,0.002328540736094578,0.0016698566089684008,0.0023873147511178083,0.0016597963248382724,0.0013966731051700543,0.0017111049430837966,0.0012496347814527908
156240,0.001196157721545854,0.0011868259961224231,0.001030000559625821,0.0013702198775513708,0.0008531458263405511,0.0009446895187675969,0.0015173024512163402,0.0008439200323723389
156242,0.0007286910800744263,0.000999443934648847,0.0009938050143321053,0.0013121099060571378,0.0008794784722988315,0.0008191682118475208,0.0012251757759321885,0.0011700465601913734
156244,0.0006452971941407794,0.0013167608624914534,0.0017288650301375968,0.002766656152974889,0.001523539273733443,0.0025544953391237885,0.0018219343494527696,0.0012617986508054457
156246,0.0007757443169596791,0.0014404503250187717,0.0009027663221185291,0.0018976766216521335,0.0018633508674179566,0.0024370770915288636,0.001770656489245584,0.0009342937586538508
156248,0.0010091346842246024,0.0012992927795194703,0.0010538313228858898,0.0017666733387772388,0.0013880011118461294,0.0008478579006114852,0.001981377502253745,0.000896024966273723
156250,0.0009699972698919007,0.0018963192105353605,0.0009696622234123403,0.001846220316376393,0.0011111169391284648,0.0018160852297780666,0.0029515427341214734,0.0010519018705430622
156252,0.0009317674843341596,0.0019353860104594084,0.0011389821256719973,0.0015436914931026835,0.0010737806372882464,0.0012719152886270374,0.001792773958802521,0.0011063353323126912
156254,0.0011445917851332782,0.00166555736527485,0.0015883589351811112,0.0016500896538931276,0.0010974873913734001,0.0015497916047826354,0.003778126978609686,0.0016230672177064975
156256,0.0010649308668930907,0.00140660245317005,0.001029734918750816,0.000977569519175825,0.0012410103451521715,0.0012907791409730862,0.0010715325069954457,0.000973188676187467
156258,0.0007553843704294488,0.0025510896700842722,0.001791311124923492,0.0016070308507289965,0.0009791421021532187,0.0015371698839674597,0.0021345470296424557,0.0012404710302100913
156260,0.000789533519316446,0.0010832544940336947,0.0007507746997205723,0.002669018623162059,0.0011365983877917873,0.001649356106414368,0.0013847891742153756,0.0007890823273368243
156262,0.0008519565045096572,0.001376007451522901,0.0012719567408043947,0.0018950190436751863,0.0011350581414016347,0.0012604291524178635,0.002577752870739927,0.0014907151403114605
156264,0.0009419783943017158,0.0012650025153507216,0.0006821403422494488,0.001581689024754418,0.0008669288293605831,0.0012310570900675444,0.001852143698356637,0.0010869147875239987
156266,0.0004958520885903206,0.0011748373600585366,0.0010633107331732422,0.002130827230266752,0.0010601544618383252,0.002045487133273252,0.0017347905399580643,0.0010942053429199294
156268,0.000825965222434475,0.0010170446422117507,0.0012487957958123297,0.0017640224830628576,0.0013298320975241446,0.0016064239957467308,0.0019260021115204001,0.001887811675005402
156270,0.0014245867995256317,0.0021825674746891455,0.0016252008827031261,0.002111059063159504,0.0011410532395630946,0.002209435140519425,0.0022081276432415337,0.0013726184059154184
156272,0.0007670126218207174,0.0013008960483780335,0.0015302951107955126,0.001822400280732231,0.001234958384942253,0.0022017899883819414,0.0015188346149495047,0.0012682051356591728
156274,0.0018233495017888762,0.0010555625879478253,0.0014041194014075137,0.0019447585430294595,0.0013403490966035353,0.0016143244444180027,0.003312777141096915,0.0009656072839221569
156276,0.0010352256395465553,0.0014205736345745401,0.0012580887582915867,0.0016124947108764887,0.0009808295816818996,0.001104419782685731,0.001828660021209752,0.001833225013797568
156278,0.0006920033613751521,0.000968054620467243,0.0010848784566708375,0.002071442694645001,0.0010186526919965383,0.0011241700081478095,0.0016370512259791803,0.0008053034055693353
156280,0.0007300767720883616,0.0010124153878694614,0.0007762983770511767,0.0012588584264785485,0.0010304563653582566,0.001483725032958516,0.002224179056877232,0.001006567139583192
156282,0.0016337296820939096,0.0017808150848759446,0.001539302172281501,0.0012780226659004357,0.0013825113394096977,0.0015815722795969323,0.0021774947827939983,0.0016211362380759292
156284,0.000856219446343523,0.0019978289433198043,0.0009631777278668908,0.0014852967194384364,0.0010684816750739096,0.001588471476330136,0.0013868541190762418,0.0007807805520770907
156286,0.0008902654202425399,0.0012084939456014215,0.0011278349238432739,0.002342598559838663,0.001154594881647833,0.003370706403075019,0.0012158071750212884,0.0024129070307319367
156288,0.000802125347482141,0.004045394537712577,0.0009144117082129956,0.0020260983391395954,0.0012202986686141865,0.002497240396356473,0.001677809407008235,0.0009336718010948021
156290,0.0008442354172653044,0.0015113961541002446,0.0013484796162539642,0.00131006445237615,0.0010075918729770539,0.0010907365161752502,0.0014356711758529844,0.00159347333281179
156292,0.0005463095953892362,0.0017324477739057986,0.0012333832059501781,0.0015166245748071128,0.0012304378776562125,0.0022359901150468264,0.0014216252045576305,0.0019323307287800184
156294,0.0009893143159356438,0.002269597596836981,0.001288193843982391,0.0022281767261034396,0.001336553988446676,0.0019401209698257649,0.0025537320941038666,0.0010456925697045621
156296,0.0010689364161395876,0.0018215616473193919,0.0012184277886631012,0.001374488078909053,0.0013375050540109928,0.0007636513612867303,0.0018427564914047512,0.001381724690370456
156298,0.002372787108308183,0.001092975133697563,0.0013816729012645773,0.0034505102799459314,0.0008932839910069691,0.002096642723315459,0.001862420227392081,0.001570810883458687
156300,0.0023535978177058464,0.002012675779011222,0.0016634335235744674,0.0023159423647654,0.0024991083195319425,0.0013372072477540464,0.0035163037575503125,0.0013404191998098725
156302,0.0014102477640440814,0.003782540720118424,0.0028117375189276594,0.0016820828663611231,0.0019594573531095533,0.0015571130345017892,0.002239276613201349,0.0016343811304964234
156304,0.0010454487620570468,0.0015622449436942937,0.0016377425332882029,0.002497564328189497,0.0009423390425640811,0.0021372245659071615,0.0022432518272581664,0.001170213495605546
156306,0.002034313416401423,0.001395352758573623,0.0014120986462373836,0.001490419147432212,0.001476518015438702,0.0014989306421702708,0.0023344867966118704,0.001051380465360588
156308,0.0009413625703592055,0.0016165083735969615,0.0019427298471630522,0.0016711648236369947,0.0012693879831025129,0.001943441215492961,0.002578226496192229,0.0012884695604009622
156310,0.0011141561274991135,0.0013335760283195303,0.001197734224700986,0.001571171456001219,0.0007963869933454021,0.0015736712040671647,0.0012936403513078704,0.0010265439326029857
156312,0.0006195527131395463,0.0011394775325303114,0.0015235037944985041,0.0012330101054678355,0.000820265719188154,0.0009422312067598609,0.0011797692265513998,0.0013159242290419204
156314,0.000715663959202726,0.0023684684270167816,0.00101877444680544,0.0012112762498048962,0.0006856749215749004,0.0010302868015006489,0.0017997617069998584,0.0011442081718045088
156316,0.0008717187312427856,0.00124605118153287,0.0012252323678050292,0.0015315535986326623,0.0011266754766731252,0.0009289434935291774,0.0009373316043699599,0.000845616379353268
156318,0.0017520431023792526,0.0015531298009136135,0.0006374545639767672,0.0019402853886161392,0.0006120371529192425,0.0010172128752705678,0.001174047872124287,0.000640268514713549
156320,0.0006775685761741014,0.0016546443796398164,0.001084405125060306,0.0013916989672485003,0.0015998434701104541,0.001617561487003094,0.0018078979419647312,0.0008103950897689338
156322,0.0009128152546086822,0.0016478135865378857,0.001182818067993821,0.002912285804712589,0.0011786954132931293,0.0017515472768261375,0.0018617691748708115,0.001749633861372557
156324,0.000652514627596832,0.0007882907767730631,0.0011608484188577878,0.0018384581983378473,0.0005376301592544298,0.0012573362335468463,0.0016250708289620303,0.0008418232595925647
156326,0.0004929759501715175,0.0016200057908788978,0.0011184504563042097,0.0020217084174972144,0.0007781792338446142,0.0015915713384967584,0.0011725454635644894,0.0006490773178247228
156328,0.0012769843622162519,0.002101060964837878,0.0013045191272902934,0.001862510579969126,0.0009319334004303514,0.001678658840916905,0.001502232982542262,0.0010289107176965212
156330,0.0005863950797893626,0.000855711333130893,0.001010105786079532,0.0016309942946846206,0.0009619840285513305,0.0011928675822448082,0.001479958959558006,0.001017819627812236
156332,0.0010123634710554885,0.0008227189373936211,0.0008562049485313951,0.0016273188174460579,0.001031501081118505,0.0011812744619910248,0.0009871215864511035,0.001105708688397558
156334,0.00074490115871928,0.0011138015198423196,0.0013585179206607872,0.0012402364451147424,0.001371257060228892,0.0015552710694361066,0.0033779085471152964,0.0009412671339584268
156336,0.0012977992017982332,0.001986577126230016,0.001607460078673642,0.0034205895021024446,0.0015447657140541665,0.0011667352927596242,0.0018334614044024505,0.0012799904478390106
156338,0.0005370209368487644,0.0010016269558617147,0.001013012882613143,0.0014505096916389015,0.0010172461433421986,0.001769088324852286,0.001606098216856991,0.0009896161764107042
156340,0.0007885602318127884,0.0021306855353624976,0.0007013043650840357,0.003414699349278419,0.0011826118027580268,0.002305385698705642,0.0019212305381660771,0.0011414932128995248
156342,0.0007231618755072257,0.0007887315940197127,0.000978693363018826,0.0016930864284420283,0.0006236289332295676,0.0017660173265259815,0.0014165265913848035,0.0006225164183312794
156344,0.0008434975912191695,0.0017617119659005948,0.0009768945447179989,0.0019209879023219245,0.0009613435641872871,0.0028359489285568196,0.0025462374997853865,0.0013940397127074622
156346,0.0010474909261262155,0.0015974180037070657,0.0015430709633884043,0.0019043077426557226,0.001037111190559159,0.001183178370665075,0.0020462187559289746,0.00130084284096256
156348,0.0016955073569725615,0.0013870097803409115,0.0014364255922228036,0.0022180829602880814,0.001428366830819039,0.0018514867505017296,0.0024642298162520643,0.0014662286265343383
156350,0.0007389268305841995,0.0008995268355996601,0.0009118831154739417,0.0013840933474946887,0.0007327800002350816,0.0013999024113840047,0.001141598184742701,0.0008455532244229375
156352,0.0009315227878958811,0.001755489623717077,0.0014767619464537557,0.001682478911214036,0.0013916203092179252,0.001568101860075069,0.0012269753589945337,0.001159961888689054
156354,0.0010626844955289455,0.001098157871589081,0.0007529713023643504,0.001433686697735817,0.001441965825765834,0.001387783776789553,0.0011177436682500291,0.000766727893839525
156356,0.000903374430059365,0.001257377711667132,0.0013520672224460878,0.001257776940527755,0.0008178294807970367,0.0011304028364362978,0.0015858178739006773,0.000706519685220508
156358,0.0005657515983370533,0.0009147855189488609,0.0007777804392539167,0.0011410560080088589,0.0017625811257820367,0.0019453799114477754,0.0012283064593185955,0.0010258496294202196
156360,0.0015129925680274076,0.0014374126747279115,0.0011196069111827356,0.0019354597602125878,0.0012645324599172003,0.0012026314445757885,0.0009188331434610598,0.0008547182124707953
156362,0.001041044891946799,0.0010662454271109234,0.0015916682393011389,0.0020609148720932696,0.0012586527709346762,0.001912321537049247,0.0016250164662384159,0.0022743823283251224
156364,0.0013712581638236632,0.001312821953487489,0.0009977819314530706,0.0027980479498158767,0.0011692895110450158,0.0014809322133726988,0.0019554855401962556,0.00131803754469062
156366,0.0005822880831041349,0.0014127729117574678,0.0009725907305500048,0.0014968089278701857,0.0009418577743505185,0.0010899814730558482,0.00190071543780658,0.0015674071236768672
156368,0.000842812323253065,0.001466880307914531,0.0014780841624792984,0.0024393470139061485,0.0009778693496603902,0.0016573106473966176,0.0015627526788381113,0.0011688689208360636
156370,0.0006007421952095061,0.0011904100848019739,0.0010119382300116109,0.0018132928457166436,0.000693974411172818,0.0017701006721191348,0.0020484862349336996,0.0010661902017018582
156372,0.0007440811812157479,0.0015484989642546854,0.0012084206475875825,0.0025492637341384544,0.001713258684783947,0.0024002559021935183,0.0018110609292257274,0.0009012439284462742
156374,0.0010764158446186084,0.0017950974890688087,0.0015072063226819754,0.001970663303085596,0.0008712437545015939,0.0018310079591297157,0.002509768741733309,0.0015009975707759443
156376,0.0009505011641464424,0.001119002688657389,0.0010720847435614772,0.001907402297318686,0.0013678162822590295,0.0013428458451925085,0.001506741241241949,0.0008900851397501165
156378,0.0006990278083374296,0.0008030039336429963,0.0011181748895210952,0.0012547767469513055,0.000934772635108886,0.0013989218861710923,0.000826458001645828,0.0009888698118021844
156380,0.0003764937347484759,0.0019670231269348776,0.0013651634502596238,0.0012337851501134645,0.0009586441547783237,0.0008404565233024498,0.0015090942832729631,0.001081540351284327
156382,0.0005668210703948552,0.0016771508850670913,0.0008592656142381166,0.0011294886984154623,0.0010723799459984168,0.0013184579223684545,0.0009511691425916902,0.0011372935228332187
156384,0.0010377552896747577,0.0008043172735416916,0.0009255531766281001,0.0014163782553092835,0.0018025949018696807,0.002178580347450776,0.0014534236613306661,0.0014063356084739187
156386,0.0007299796412237082,0.0012682191981400331,0.0014786814585067282,0.0014352734365408737,0.000803340720527488,0.0011556766589515682,0.0012465901296627863,0.0010599902340899942
156388,0.0004925144378179237,0.001065054140854338,0.0008568528916166329,0.001620405556405094,0.0010875375580143842,0.0012459767532485705,0.0012547851924258474,0.0008072238194116767
156390,0.0009716451525862736,0.001160927113819446,0.0014153513322165967,0.0031445655595513516,0.0013132919889999872,0.0015196878292594307,0.001841908070530765,0.001697202176614232
156392,0.0009503649552176953,0.0011682245532620428,0.0012605801946709155,0.0016869532348199462,0.0011913585765441909,0.001332967723478698,0.002866010130727195,0.0014003824866971742
156394,0.0007707543693900899,0.0013503171762331428,0.0014504864234519133,0.0026330501368716647,0.0011246916674815394,0.0014077897298170466,0.0013727268900321499,0.0011362733776887901
156396,0.0008200398648887698,0.0014962431414062977,0.0009929772449322055,0.002141187131216249,0.0010384903443850235,0.001432458657377192,0.0024026645554622306,0.0010968023109487884
156398,0.001769495422889858,0.0011915277969294508,0.00107825778741856,0.0012197550263053913,0.0011585689468557453,0.0017469341659970272,0.002693347769517962,0.0013482082210747454
156400,0.0006486856866257142,0.0007097241270477596,0.0012633105656929683,0.001564716952998424,0.0009295719386488571,0.0017930276026274644,0.000978561441624129,0.0012224124505406803
156402,0.0007119490361837816,0.001285562786074515,0.0013588680761747463,0.0014629544380741072,0.0012271982464519132,0.001130070698597399,0.0018175778361637779,0.0017713368805005875
156404,0.0012166217531368734,0.0021553847246154195,0.0017208806983882163,0.001865143985313955,0.0012026001809788966,0.0015267067314364002,0.0026414819198566364,0.0014970871045949657
156406,0.0008272779125215492,0.0010632405212467888,0.0012523498517220816,0.0013116883829667053,0.0009927567994252318,0.0014070487411219634,0.0010374399344992846,0.0014233716584630823
156408,0.0007249261054360391,0.0011552934715588492,0.0008687089614932732,0.001330527195145939,0.0008842760627741364,0.0017468320259903525,0.0023437313761223155,0.0012626933536383778
156410,0.0007145166515287876,0.0009143348825595456,0.000805696081897081,0.0019047132028764957,0.001263831248739536,0.002123105890400448,0.002140657611918506,0.0013006125567672222
156412,0.0010650351751651521,0.002548842804352136,0.0012711339351989537,0.0026637944082530396,0.001284145738989509,0.002749687021149208,0.0028729550314352537,0.0011691738475645558
156414,0.0007896453168013823,0.0010547298063876553,0.000899640467913812,0.0018105542850597178,0.0009435079072099041,0.001492668739535144,0.0016204109549267237,0.001176980680605233
156416,0.0010954007347466904,0.002317599895605371,0.0010848578428791639,0.0017320598440646734,0.0007253708097181844,0.0016221320419323448,0.002023259781314346,0.001490887169111943
156418,0.0007341528169964168,0.0009617936229290615,0.0017396315341176166,0.0023547083435637856,0.0007530287528802505,0.0012552798300980023,0.0014292167816898904,0.0008245698127146289
156420,0.0004489069637116927,0.0015883173642610715,0.0015193843270095014,0.0010551762874578957,0.001387237044824019,0.0010914740979685172,0.0010908927731177048,0.0021658768958927738
156422,0.0016279858211378784,0.001389153021814915,0.001426631103421061,0.0014468747423004302,0.0008564391086640956,0.001162210979769887,0.0019806469552050704,0.0011059093735310693
156424,0.0008427876652881451,0.0013004967505993031,0.0010903477679416462,0.00151911425001873,0.0010830161535913124,0.0017996830038308348,0.0019767126764271836,0.0007252690764759789
156426,0.0009314222806406126,0.0018096743257791648,0.0008914077689246881,0.0013785106218842103,0.0005934660088608192,0.0011823942828853712,0.001581314211049692,0.0011790712051118618
156428,0.0014054212636695068,0.0023204106605787533,0.001677149664571831,0.0022001097561675925,0.0014707177175733582,0.004609549279837533,0.002483232440452912,0.0016053401847249682
156430,0.0004909420754892514,0.0011225782966168968,0.000744926170706553,0.001323969054123575,0.0005893472137006063,0.0014079736795209602,0.0016795054364138196,0.0010277299701436787
156432,0.000561800224597734,0.0013722794551807166,0.0014160339436626451,0.001136247509484281,0.0006063994125371647,0.000753037851116703,0.001061235722903453,0.0007997967070687596
156434,0.0007955620501980988,0.0010378056933451618,0.0010266692615658185,0.0011347822929980295,0.0008607097392826536,0.0015356357967366702,0.001030722577666579,0.0011214118247121624
156436,0.0005604822672079651,0.001278576476068785,0.0010541457727520354,0.001674431503852214,0.0008799047450443499,0.001381833256779652,0.0009963263732457595,0.0013648419363894299
156438,0.0006340466051868478,0.0008779082981936887,0.0007754513334999082,0.0012997746233772839,0.0007047116517834885,0.0009778556035122676,0.0011696530984863784,0.0008301181725095669
156440,0.0004447071383602598,0.0013561608328436225,0.0011981844764363814,0.0013781020735074284,0.0006942798464644323,0.0011669562033649883,0.0010630634225686914,0.0010496439448390849
156442,0.0010888942670261859,0.0009600873998206888,0.0013428843420626585,0.001568252332820999,0.0008074521362578246,0.0007363920075458032,0.00222563751601125,0.001396316163067901
156444,0.0006540134036205902,0.0008386196095224209,0.0009539046119844685,0.0011363916719681205,0.0007113423310224111,0.0009526363016275664,0.0007834813055889733,0.0007243255247991881
156446,0.0018148979342467314,0.0012610278195990393,0.0008523238504843378,0.0025879181160977233,0.0008342075090602731,0.0024218408679888004,0.0015485168487490292,0.0008304842156974801
156448,0.0021021700094900897,0.0011834192864118714,0.000906864815235553,0.0017879679013645955,0.001185948073217702,0.0015719246279302101,0.002014102629238637,0.0009448974618182643
156450,0.0010333916214924077,0.001285591102929709,0.0009222459855835613,0.0019457062435440792,0.001094165663851135,0.0013716455530223826,0.0014466780667855006,0.0015439306645049916
156452,0.0008960112503953212,0.0012548034030770427,0.001143188456233235,0.001328696365337001,0.0011886925002846938,0.001867513934274992,0.0016080659342110476,0.001037872420086794
156454,0.0006580159650773944,0.0017679525214582409,0.0017864799474465176,0.0016434389276620692,0.001020910380749529,0.0014022076350900387,0.001591820433021876,0.001016588011883146
156456,0.0009498337647678191,0.001057375464719193,0.0016394746076336397,0.001185230527273387,0.0013696636569549142,0.001443734067763991,0.0014864351684105298,0.0015857235248724205
156458,0.0011507216616111343,0.0009311144256471428,0.0020783531834746155,0.0010557506808797634,0.0014242046574095557,0.0017691622822151865,0.0012210499218201637,0.0009761644001793912
156460,0.001541171513384454,0.0009911559588476337,0.0009922756136520605,0.0013782575194433294,0.0010707295299355324,0.0011743064946687642,0.0011197193484670104,0.0006745555888196565
156462,0.0008670807513514213,0.0015301493846837794,0.0011936064839455085,0.0030161788849634164,0.0009194730707268485,0.003081572203844987,0.0016427745030967028,0.0016146935693917147
156464,0.0020799818526591324,0.0018020995644860704,0.0016967755534693651,0.0012335938521140927,0.001322705759923895,0.0016243518728703693,0.0016466421289607208,0.001691523895161487
156466,0.0009952869363478861,0.002918693174242662,0.0010894819450615878,0.0014954939200047118,0.0012066202350899946,0.0012953833219438021,0.001350307593811273,0.0009282448903026458
156468,0.0009421241775353778,0.0009617647402272757,0.000832544900145147,0.001081193422845017,0.0009356425565641181,0.0009822013929303708,0.0012523841284435427,0.0008315989434850568
156470,0.0003907650468309466,0.0005537575398424123,0.00096003834305761,0.0012861478863260972,0.000664677922623591,0.0008977374873240379,0.0013116314474592716,0.0006377174765309773
156472,0.0012261174051845375,0.0013337795530433821,0.0015254278302193058,0.0013142909249830442,0.001575484105896821,0.001131770475723562,0.0012947784302031057,0.0015118031451246683
156474,0.0010594520346845493,0.0013082488384787982,0.0011125188389308344,0.0018507392093178865,0.0010179106681820205,0.0024571647518995127,0.0016899626958114672,0.0016214713388942315
156476,0.000845104924723953,0.001068028004716004,0.0009000580752323607,0.001714769824989873,0.0011290785835314093,0.0011765663761768158,0.0029860379606150844,0.0011451279937318426
156478,0.00161300037252321,0.0026508607926526567,0.0017598658300768677,0.0028714708363425517,0.0013717081915992774,0.001814483424642535,0.00412366152723781,0.0017339620771022468
156480,0.0008721490603719496,0.0011879296986103682,0.0008597078231387147,0.0014070386800000279,0.0016482455040573024,0.0016566695041801,0.0013897915117078302,0.0015729483449095222
156482,0.001173321430500987,0.0016947920002108458,0.0013622618388098445,0.0016373731948294279,0.00164027143387048,0.001168761428998133,0.001084664720796269,0.00107830158083827
156484,0.0007413364766593183,0.0011667235860990388,0.0010270541289689877,0.0014227364602718146,0.0009849675330478314,0.0012633788892957437,0.001433416731944137,0.0010896558199548073
156486,0.0007209344041907463,0.0020210032965700814,0.001585129902459903,0.0015202121318092093,0.001872400520287698,0.0015893838303411428,0.0009579302032020932,0.001233393934077856
156488,0.0009811971246623252,0.001274707644345563,0.0014031117242835484,0.0023745781289010726,0.0016508224562990087,0.0011336717087624543,0.0011919267210993567,0.0014087823061076504
156490,0.000996028428951204,0.002346489725337811,0.0017063432262855033,0.00210911509731343,0.0012707958039621797,0.0013535154956768047,0.002684495370270948,0.0010116697152190574
156492,0.0013248405119084539,0.0018397007896276407,0.0008159729947533924,0.0016023244591743119,0.0009291132458817165,0.0008265844860644855,0.0013389487805994804,0.0006011969902348958
156494,0.0005125442603838883,0.00058284852508814,0.0008076365492272336,0.0013817803578178994,0.000753556950499893,0.0011437850619100964,0.0012025611666469788,0.0008401099918240451
156496,0.0009781552448422937,0.0018438866367516266,0.0019527482638576205,0.002786814887992206,0.0014097072545462552,0.0009391455818513195,0.0016917534179095028,0.001092774147862921
156498,0.001770140168933454,0.0015625359094276897,0.0013411710832846868,0.0020594323111206153,0.0016436298235578267,0.0016828166251647986,0.002259945136260391,0.0013370001924988828
156500,0.0005726171826290344,0.0005626089723266038,0.0008092685997919263,0.0009673888486676253,0.0009251766055432681,0.0012392256739170993,0.0011856915070049823,0.0006660729101171416
156502,0.0005199376992325346,0.0010804823445437345,0.0008772558614485032,0.0023777912435035825,0.0010035970863961907,0.001631548893053003,0.0014672709866904304,0.0011749321062271556
156504,0.0011348663742643539,0.0013810672900307908,0.001014654291382977,0.003395982485782989,0.0007148106379809699,0.0007581391379256376,0.0011651500840679369,0.0008219032117835617
156506,0.0011795450593222873,0.0036516351494442767,0.0016791518736459232,0.0015725405908573326,0.0014524779473710225,0.001120269400206611,0.00245116358545161,0.0012314780029401562
156508,0.0006050831664418249,0.0012367515106360139,0.0014820549341546668,0.002124874262191115,0.0007848592611438311,0.0014066887989161447,0.0015029194778183458,0.0013097500332629602
156510,0.0006645596989395854,0.001077250050599013,0.0011211538552827888,0.0016762560761380968,0.0015785031919325482,0.0011727322233368032,0.0017629740226024482,0.0009748200748927044
156512,0.001050404205290137,0.0012471213008800053,0.0011702083981647432,0.0024026488516738637,0.001629253474597414,0.0020768331244909316,0.001476142423981211,0.0011854821695402862
156514,0.0012350762104041402,0.0019751299277451922,0.001127647270596166,0.002218863422698336,0.001301606659762769,0.0014828891487246448,0.0020284022945754737,0.001528268974884131
156516,0.0014687548411845969,0.0015651593573579176,0.0014509010224018765,0.001841352049913647,0.0013557641145345856,0.0012804710989749446,0.0017104063317535806,0.0017645692078025466
156518,0.0006605155208436221,0.0008914762841966441,0.0007587523428398968,0.0016426697174873883,0.000816344421226859,0.0011522360766100942,0.002381727515133894,0.0007358065008982728
156520,0.0006754027425204812,0.0016634007053972916,0.0009878693987131065,0.0020824913323905236,0.001094236396606052,0.0018405164183526446,0.00161151353462069,0.0011979353576312968
156522,0.0010505010381423596,0.0017503906234144773,0.0008976164973313466,0.0021832132032401225,0.0012573758623096176,0.002181739828672813,0.0018138195461948753,0.000826599052207444
156524,0.0009832823368916,0.0012836222222190607,0.0006726692386069578,0.0011810678192922808,0.0008843789786573721,0.0011898407598598532,0.001225912354825845,0.0010344689759701625
156526,0.0007243214141514943,0.0011559758070781023,0.0007987311984659073,0.00174303503708928,0.0011345263035467262,0.0021518071669626715,0.0016335658616007387,0.0011406689615479776
156528,0.0005433685212775097,0.0018540799513036554,0.001144647240473043,0.0017819981003625168,0.0008431810461042577,0.0024904103328454164,0.0015363526601280264,0.0010853172824015905
156530,0.0008497414945346643,0.0009710334028513318,0.001472291649708135,0.0017394982225840128,0.000857592825341591,0.0013875242738227295,0.0017274421370589016,0.0009389583633417353
156532,0.0007404158767419823,0.0013982300394879132,0.0011932886072120313,0.001336154701694403,0.0005759139143209115,0.0016998512016925954,0.002528765592970675,0.0012144286005849048
156534,0.0009848887337605833,0.0019228078812841276,0.0007681895419828257,0.0009329533297375431,0.0009735049203109282,0.0013779773358670866,0.0018004786488217683,0.0007163197631694512
156536,0.0012896920533869705,0.00195948835495853,0.0014429109419789032,0.0015731667218910061,0.0011645209805505458,0.0014691991727917714,0.0014854311049361663,0.0015603819918830336
156538,0.0012596402294202808,0.002398877412552791,0.0014911061030582623,0.0034416731284996893,0.0008547289946901938,0.0019830330892001286,0.002256360362329568,0.0010782399277876054
156540,0.0006710753001294562,0.00118522847525461,0.0009500101228213133,0.0009639739000536635,0.0006584960529201767,0.0008875310556357707,0.001314695036143801,0.0008845046128359325
156542,0.0010177606795617328,0.001073360992977071,0.0009289575727331467,0.001655851726227786,0.0006235490229775653,0.001180007491553836,0.0011870316017353333,0.001221921988105168
156544,0.0009929838187629075,0.0012280492676004645,0.00103648480165143,0.003240239608182663,0.001431931951566115,0.002316897291205003,0.0015110393216473256,0.0018086367812553683
156546,0.000764349491774733,0.0010735555473609382,0.00082848763168639,0.002385545133599898,0.001167946740488271,0.0018577615224169008,0.0017391216217967909,0.0009850421263751935
156548,0.0009305580738995373,0.0012841422681036385,0.001652629580159784,0.0014080670567651193,0.000778967980023651,0.0010845167621410662,0.001239651391053434,0.0011419906761838683
156550,0.0006025604874864698,0.0014019643620805239,0.0006859181307970058,0.0013460380429184543,0.0009719684627216042,0.0009795736880530287,0.00183335612735204,0.0017472331295176335
156552,0.001126982853440206,0.0018191244416744384,0.001250821850436401,0.002047595073129141,0.0013521787270045493,0.0026301266325399197,0.0027453185047872225,0.0006702675145634253
156554,0.0009684372676206122,0.0013226437084462028,0.002082197580855427,0.001307692949091957,0.002020500910145953,0.0025440701861436654,0.001706326299093286,0.0010441747756423508
156556,0.0012503386300730668,0.0015432214011179557,0.001634134751477015,0.0017492234456317896,0.00150557596066353,0.0014378053425458948,0.003443752699094374,0.001109451609400347
156558,0.0004214480276602123,0.0007243940038897979,0.001120308302904674,0.0015487364553040117,0.001268928791295712,0.0006385019269162934,0.0015786476502682861,0.0006420125290739244
156560,0.0011739235494099276,0.003165786305470833,0.001606345459408423,0.0028684190004516635,0.00149278330751125,0.003007151276160927,0.0033020187997123834,0.002335711990292033
156562,0.0008684965139629242,0.0010727710908133847,0.0010826187326463121,0.001560429670529065,0.000983337240787266,0.001039141596438642,0.0019802679727485284,0.0008499795479944977
156564,0.0004545387589433153,0.0011014411399047491,0.0012134447541081173,0.0015762918512809976,0.0012301629544236997,0.0014255337992402084,0.0016881263912993938,0.0009063958340654356
156566,0.0015062611951401905,0.0023123811470606714,0.0013799768600914059,0.0015567626039150184,0.001178231448044409,0.002337787595885557,0.002567154232418156,0.0008059377194953622
156568,0.0010332495972910222,0.0010869889701527052,0.0017528390646775471,0.0024472801597730243,0.001570056502321615,0.001968319663309126,0.0014445653572217054,0.0012866401148127343
156570,0.0009581301427968904,0.0011641170097229647,0.0020287083347087093,0.0015525461279653069,0.001463421263020806,0.0019665707782543507,0.0015421175811667354,0.0013229827060957794
156572,0.0008295166844543879,0.001112056906870329,0.001397773453135423,0.0016299885546269266,0.000747205648604643,0.0012193036011915043,0.0012069595544507289,0.000941022107443127
156574,0.0012420609678764905,0.000713142529779276,0.0009414381228449765,0.00048701822187892374,0.0008508804780198477,0.000709177198715303,0.0010211917854372476,0.0007940589352410966
156576,0.0019120768580927483,0.002085698106624234,0.0012929252205867159,0.002065063395812139,0.0009513228740185703,0.0015999862194358005,0.0025176076333680714,0.0010568444693333096
156578,0.0011913038010913923,0.0014158870351467373,0.0010193821405870551,0.0023926953269373663,0.0009222082000528431,0.0016952794203162203,0.0022744949667302117,0.0013041816964352027
156580,0.0011697420293145383,0.0012431643111998764,0.002714641257379871,0.00261664165028154,0.0011964893814640082,0.0025545326194285067,0.0036898424340232744,0.0017360180835801625
156582,0.0005451518878519246,0.0009806634515164975,0.0006691948858760267,0.0013084345205308795,0.0010966276200580355,0.0009171843196756659,0.0011443263743143306,0.0012186233690416604
156584,0.000894473953676287,0.0007654229485246078,0.001011092280308823,0.0015447900193677477,0.000733219944597522,0.00100091025324002,0.0015516044967063408,0.0007246981382808132
156586,0.0007219884511625342,0.0006830312846654168,0.0008208509299290206,0.001323166720608393,0.0007733716440192495,0.0012808075817913878,0.001791024494597393,0.0008811435989884014
156588,0.0009307274054504711,0.0023501663153888686,0.002203865035166841,0.0023720631238014628,0.0010823346250627003,0.002302576900954423,0.002209383659688202,0.0011429005388309404
156590,0.0009638866924641665,0.0018261371983963048,0.0010082428280286937,0.0015961910770481702,0.0011035657149525285,0.0025566030446597804,0.0014252390058749342,0.0010094049928272147
156592,0.000807804148275363,0.0010369139692004148,0.0008152756012696494,0.002592436902145112,0.0011479744948356269,0.0020761422181037603,0.002172878073310791,0.0009094189120337527
156594,0.0008092793033772673,0.0013309993020299005,0.0013308677451209783,0.0019336206970310688,0.001273554226787335,0.002257697283035834,0.0011892345721129516,0.0015379695015144274
156596,0.0007503257435372834,0.0015534360675651393,0.0009209814961227449,0.0013945343626545204,0.001154639439247665,0.0008446126793824928,0.001998829791319212,0.0009321120695753339
156598,0.0010624848572999973,0.0018295815514575292,0.0014310428618913434,0.0016447908421684532,0.0012101907809936585,0.001600110795031695,0.0022454568207944114,0.002163564741223381
156600,0.001485802419545268,0.0027209868505073675,0.0013131629300904835,0.0017464141549919376,0.0012508036686999097,0.0014497010897409623,0.0031225746992307735,0.0019303527187020247
156602,0.0009465665291754112,0.001731093154422672,0.002071732973604315,0.0019071683452765442,0.0016860573440970056,0.0015319551292065775,0.0020528237622274847,0.001827549522557051
156604,0.0005823813964633828,0.0007745413006968876,0.0014286602577807117,0.0021000198154299543,0.0007857418131266593,0.0011961726671574358,0.001180154915674747,0.0007562456891002101
156606,0.0014825727047709791,0.002426387744378436,0.001134365948396443,0.0019492835581130935,0.0019463142867043454,0.0014842861515335232,0.0032236688107429995,0.0012400816415986254
156608,0.0010857522688256932,0.0014205848672404486,0.0010104285642032473,0.0016776281327471332,0.0011176898648462968,0.001348273331540653,0.0016202037181334839,0.0010089472410216432
156610,0.0009083667967492472,0.000868349078573475,0.0012174431031504312,0.002510109909446223,0.0008441389772643505,0.000787979015350937,0.001746613431498345,0.0007750090582329984
156612,0.0013270307243974516,0.0022782509391527928,0.0017303635104071319,0.004259381137734997,0.001699316440133325,0.0018879366329698777,0.004697775438337937,0.0020662360526597784
156614,0.0010928721754097787,0.0027298411619227636,0.0018849662785620641,0.0030166789285593354,0.0009837265183143679,0.0012757160156656178,0.0015646252967578406,0.001153624954322932
156616,0.0009870949008273927,0.002052804520689247,0.0010140079126098045,0.0014805104785548112,0.0006805124747531234,0.0014673326325048835,0.002226247399058856,0.0018134429158322973
156618,0.0005212776280767752,0.0005855511071298919,0.0013060658399430825,0.0014862128436549243,0.0007612048663069616,0.002303772236731186,0.0012293025805503732,0.0008315553283295835
156620,0.0008741031560761427,0.002187443257355648,0.0018480429690599515,0.00129100186042308,0.0007751720962525001,0.0024141965595973064,0.0033890937614567407,0.0021860806250498938
156622,0.0008650107127216623,0.00107925547038068,0.0008919282617605995,0.0013455927928964773,0.0009152564399024371,0.0018461838212741194,0.001967157288553359,0.0011471077833894588
156624,0.0006630372731775448,0.0015867003808706232,0.0015037803455215798,0.0020472936797612112,0.0014572895164161187,0.0028119022668405963,0.0010978946911006787,0.001827977945212389
156626,0.0013662284600147873,0.0013437595438575145,0.0010531832204186409,0.002259459918912979,0.0012629035753857765,0.001483641233049282,0.00180279704185006,0.001098335894283986
156628,0.000810826768602238,0.0013459656061920455,0.0008850428136191746,0.0017957481451259666,0.001308141046525657,0.001090243457422757,0.0017044352912059524,0.0010704313858290876
156630,0.0016062418421581293,0.0013479685843312966,0.002192070173611241,0.0017204953020048125,0.0025236116921183993,0.00165125295139458,0.0013337907092592638,0.0019122814620602946
156632,0.0017212281175176813,0.00285371747088016,0.00128523636334045,0.0014382941335138733,0.0039408859571574695,0.0020907959888605415,0.002323899754040293,0.0019166905972967246
156634,0.0007173071750966736,0.0009689722425415583,0.0008176542404364634,0.001263172864821152,0.000897551317910486,0.001724709497559887,0.0014324194612647667,0.0010528884964872282
156636,0.001052230291666234,0.001346650962961285,0.0013715558747301598,0.0017801114996535278,0.0008240523589506665,0.0009998594748550915,0.001584917815454237,0.0009001339634435862
156638,0.0008238885360150605,0.0014193936096913579,0.0014504004462823211,0.0020151951732307882,0.001045146451147616,0.0029636960676966556,0.0016061800317299785,0.0007144906617336279
156640,0.0008949097511168902,0.0013771402739061328,0.001521560047791637,0.000911456025432314,0.0008802408197559064,0.0008476903181059564,0.001565876591991311,0.0007069875324066666
156642,0.00120667820847431,0.0014423011085038656,0.000982668919325358,0.0013978592489084646,0.0006424507681536441,0.0014045128006748286,0.0012391496138591251,0.001109719646113172
156644,0.000892287211080714,0.0027989521116839194,0.0010171705780793183,0.0012445974710426772,0.0009088450473665605,0.001198231672668429,0.002111193941889411,0.0013747168014719424
156646,0.0012524748321847273,0.0021820286864491223,0.001278458458360776,0.002962237273809676,0.0011056797020501108,0.0016742915685075271,0.0021306501123725813,0.0017246445200148758
156648,0.0007090964474111873,0.0006924316759434092,0.001101319486610311,0.0010377118474933639,0.0009755983535635893,0.0009780196316491185,0.00137698295566957,0.0007428482541150007
156650,0.0006518750225323888,0.0013365368282395457,0.0013515705761781849,0.0017942194008649381,0.0014441094774491625,0.001767741067313422,0.002027725866725741,0.0015035298595949542
156652,0.000757522489756704,0.0009876457745774392,0.0007141379044923873,0.0011295152407719972,0.0008016635043695125,0.0011626715262060827,0.0010167607210799373,0.0007656660979725484
156654,0.0005944143868544562,0.0010733653867334297,0.0010437958604321423,0.0010280584184452213,0.0008179224883231861,0.0013528007163681743,0.0012791322714906933,0.0008337204919008911
156656,0.0007041553892011033,0.0008910338732078006,0.0010579792948201133,0.0015342568528565886,0.00122964246150227,0.0015302356537039291,0.0015983996461162026,0.0022284651244980497
156658,0.0013221874444702686,0.002129861253353807,0.0016287521873745853,0.001813452116950512,0.0013571010070339562,0.001117143435134041,0.002969365531553747,0.001779623032980085
156660,0.001344004542193758,0.0030350290734395546,0.001957603295013266,0.00159249082594215,0.0018442040226194362,0.001569352478348121,0.0024885564422810896,0.0008403280099934275
156662,0.0012976631230069563,0.001508243759053285,0.000988791325138974,0.002833046502171213,0.0019571612599498384,0.002525093326007033,0.0024602037482680666,0.0012380239357680095
156664,0.0010835500039299006,0.001234965454311468,0.001517828664309842,0.0019056003585627423,0.001220777351056912,0.0008482814320875977,0.0013502553017652602,0.000802105301278902
156666,0.0007288494730817302,0.0008089853514223234,0.0008581328163060654,0.0014792184117107393,0.0008208876459464692,0.001730329108730333,0.001930891896964937,0.0012297357345127935
156668,0.001148918052718495,0.0013740240626169964,0.0014947788767760845,0.002439774628058014,0.0017440778637569654,0.0022425517645996568,0.0022239566399467336,0.0016078451481896239
156670,0.0009012147395086635,0.003925314093589594,0.0010492345950050552,0.0022068821341743178,0.001041644522590049,0.0015485323878197677,0.001173480176830402,0.0019586978844190472
156672,0.0006288878917977275,0.0009941366884911318,0.0007501812569978838,0.0012144901366834132,0.0011149214865180945,0.0016406245009360637,0.0016350760916685747,0.0007527893561189193
156674,0.000993397544308064,0.0018850652634823245,0.0014708408694801833,0.0031245063920183475,0.0009785169259868831,0.002351798107663186,0.0018948601217268074,0.0012366839108823857
156676,0.0009071578638355504,0.0015319854575457509,0.0009298771529892037,0.002219776007850227,0.0011232866113319862,0.0013879555894292933,0.0016783416897079295,0.0011719477791969496
156678,0.0006029209265170955,0.0011723630554673209,0.0009649236077162483,0.0010980447939312882,0.0015549940019826125,0.0014997860387910983,0.0016006511754597247,0.0010034479200839996
156680,0.000602051428723327,0.0011235765429967876,0.00128330458687409,0.0012462863158747006,0.0007528112293924728,0.0018084694836689175,0.0025458453904703277,0.0008158436006841553
156682,0.0011960685651821734,0.0008477500818760177,0.0011043024216295244,0.0024366570694296513,0.001098542329786234,0.0010502986842964024,0.0020306827139283806,0.0014691494819869672
156684,0.001001300635756333,0.0009666208013764423,0.0014590048005089784,0.00274589746741688,0.0012222332367115701,0.001765230585660263,0.0021933945429837426,0.0010901740838500373
156686,0.0008541389043382197,0.001806154094419421,0.002321075748528148,0.0017008278730854531,0.0010200266603867109,0.001134509740518111,0.0022991688769651852,0.001452412071260234
156688,0.0012129861946714865,0.0008981265186975597,0.001300129483011725,0.001805177071627695,0.0007135267843562249,0.0010039754804175433,0.0014409771808863298,0.0009366019212225241
156690,0.0010168778485933339,0.0014711586309262281,0.0015679183521053602,0.0018706016610973292,0.0011633273208525724,0.002089819374928803,0.0014826186056984825,0.001268133232494431
156692,0.0006716893030684103,0.0017064995759572682,0.001960307354300861,0.0017414095093457732,0.001541903125396385,0.001281075306508228,0.002592766950284764,0.001583352073771263
156694,0.0008539348865552882,0.0018470818976226155,0.002296958014325279,0.00393967184646038,0.00094279389623321,0.001689175017248315,0.0034853836368548136,0.0023455705764741652
156696,0.0005687735233919633,0.0015288830255967417,0.0017819188430308192,0.0021898092736885033,0.0011485529051391552,0.0017401206975764666,0.0016702563883798233,0.0011906499360231498
156698,0.0014069425422045256,0.0019021884770027558,0.0011392934398422178,0.001955944190958958,0.0015980133266993435,0.0016363308298572576,0.0024040788371957333,0.0012382134795565491
156700,0.0010627148557831867,0.0010992689592126959,0.0013319995101725018,0.0009595241881800304,0.0012271627501386911,0.0008343188749041636,0.0011367767361104009,0.0006515371279644556
156702,0.0009178175781909305,0.0016274222105994302,0.000850162237535701,0.0009546485997279121,0.0009051312779304599,0.001256326175182787,0.00102611262072895,0.0009109100763162771
156704,0.0011536975835078067,0.00093030830957469,0.001437794042003171,0.0016922263022363243,0.0011489816943344722,0.0007103896157429103,0.001479003790652078,0.0008966272302624034
156706,0.0013725872140748496,0.0027116413641255083,0.002481809537120905,0.0018751989942690367,0.0010649401061142566,0.0017494434499058104,0.0018948377434571118,0.0014745349631800075
156708,0.001041061479245542,0.001437562390663949,0.0017017783922632784,0.0029637605597843675,0.0008910596719395626,0.0016526550226042686,0.0016160497847562127,0.0013330852384644404
156710,0.0010849969897735456,0.0013503505780837616,0.0014499972672175065,0.004464916796036944,0.0015284845194346725,0.0015812546597598343,0.001968895855143496,0.001311481694086028
156712,0.0010834864842946962,0.002000045467496006,0.0009530661467111769,0.0017028134170624654,0.001184686291547235,0.0008980758337960616,0.0011967625780043983,0.0009275858061014303
156714,0.000577522363538488,0.000911509785806397,0.0006396925089477978,0.0010706364011527914,0.0007600132842799957,0.0012493698359033467,0.0011689848239715556,0.0009546704691838805
156716,0.0004130404896707275,0.0007193318970315533,0.001013975172029724,0.001390032059639737,0.0008735873407195206,0.0011729371148923168,0.001052941200445759,0.0009566915964681656
156718,0.0006454694366625525,0.0006793239933300388,0.0010371349447618888,0.001051785400899355,0.000696262390424033,0.0011229819861569013,0.0008633967009842904,0.0008993773479710511
156720,0.0009028149005365672,0.0012680483310130303,0.0009743796533062156,0.0015122843631951849,0.002454157161394313,0.001224431597081646,0.0011298342742484119,0.0010483437628217018
156722,0.0008913706205112039,0.0012361253665780225,0.0006719763716356297,0.0008012854153000327,0.0010689415316134238,0.0009957733186995998,0.0011153237970965707,0.0010144288422111458
156724,0.0010045154586069693,0.001785326296239953,0.0016671297648667704,0.0020794219044428935,0.0008459286138438916,0.001418422275179021,0.002685341229380356,0.0010021071014355704
156726,0.001394787563896438,0.0022907490079495663,0.001310806965584499,0.0013564873596317306,0.0013645666977519927,0.002182189828673367,0.002681441966914791,0.0020318838557811802
156728,0.0015392568636901083,0.0016921512124957183,0.001232474101274264,0.0015267667021770515,0.0010878233305518098,0.0029296341628427675,0.003000176928502643,0.0018022596085854325
156730,0.0007086250269908861,0.0017966916637102287,0.0008563442634120268,0.0010710245457448142,0.001061702271787368,0.0012691087421169561,0.0015302863670331318,0.000765661253159744
156732,0.0007819801724001686,0.0011349323865157551,0.0010696953451767716,0.0014658027151682879,0.0006928330592871935,0.0023014680155031275,0.0021800982268838087,0.0014408221966423357
156734,0.001400422636096979,0.002384155959682721,0.0010736959206312374,0.002293355410307299,0.0009766309534087747,0.0031204334213899565,0.0014290928499827715,0.0012991931451416527
156736,0.0008025552405517417,0.0008197212466479892,0.0007096845291851978,0.001379506937063249,0.0006234502353086452,0.001127199217798927,0.0009606069012625534,0.0008072833035838202
156738,0.0012977117025849694,0.002121038687743715,0.0014910968965764632,0.0020506237224932194,0.0013912856900045872,0.0017995714316045852,0.0016408140261079535,0.001292348490761333
156740,0.001071786654740517,0.001362389988199611,0.0008040701747158568,0.001406320520629445,0.0012970558208389438,0.0013442315338246247,0.0014916176828644462,0.0010814058364067153
156742,0.0014861186335292237,0.0015937059196403092,0.001781297426003428,0.0024076668125233014,0.0013999648555485106,0.002672936194634948,0.0029344124493742157,0.0015292641019935133
156744,0.0006889723963690586,0.001187194610100542,0.0009867009787223324,0.0011959964179562022,0.0014787803032967894,0.001513245290076251,0.001285503749105743,0.0007488207461308627
156746,0.0006149516239539882,0.0017569152749846162,0.0013580044408576658,0.0019307223112288718,0.0012208856467813,0.0014303481885274416,0.0015238036361210489,0.0010321345795843428
156748,0.001006042207137861,0.0011006124480631568,0.0009286578449838601,0.0018071488015612008,0.000905228563248317,0.001765599671466056,0.002145463949446272,0.0010542814844522047
156750,0.0016641568211368668,0.0018270472649240532,0.0011499991892565675,0.0025366126833987895,0.002446913804799389,0.002168948735361567,0.0018572310483764287,0.0014795926747275395
156752,0.0007643171524336946,0.0011533397740293716,0.0014509932581497353,0.0023810268896556352,0.0009121109302339669,0.0022301916845479802,0.0021757393973056427,0.0014937679673099474
156754,0.000952347492842124,0.0016209271551118065,0.0015150288554056784,0.0014946849716344218,0.0018920894648806336,0.00199607698056993,0.002701307367553918,0.002024814422210197
156756,0.0005879016531960858,0.001727392591042723,0.0017210488399226898,0.0019708700255806205,0.0012110252550907724,0.0027524365995551664,0.0022486552257788284,0.0023386418043341295
156758,0.0010129471969891335,0.0013996414990502665,0.0007957495140698025,0.0012995181123223176,0.0007409780652301579,0.001543920710858085,0.0028181990925182365,0.0012755584812596532
156760,0.0004837871774194015,0.001063008765461726,0.000746246708040188,0.0012077408691196917,0.000749179111748547,0.0009727055181412703,0.0009861255678084296,0.000779220030583741
156762,0.0013753345579639031,0.0013098522288181869,0.000841404585401332,0.0010199012616545766,0.0009406663957776118,0.0013461192290376567,0.0013631667134395148,0.0007775318418314393
156764,0.0008537810728254415,0.0020174099295013903,0.0019521741106424267,0.0018643740678471327,0.0021167129398192014,0.002054779780445007,0.0020598789846771326,0.0013312754839636676
156766,0.000733177679193911,0.0016881092485876992,0.0024950196091057114,0.002150237672787547,0.0028452198927869793,0.0017435109902886325,0.0032226062612470546,0.001751061186442207
156768,0.0006049364655807445,0.0008964144072037272,0.0011680974835582975,0.0011935918117798178,0.0008150026829768647,0.0016272914668996052,0.002574414138587555,0.0012631323504166958
156770,0.0017430537006966063,0.0016655521961324166,0.0009366586983697994,0.003030077655242991,0.00236006039423331,0.0013047454510629747,0.0019694384054160796,0.0014907220442861857
156772,0.0010250556098145985,0.002317407287477216,0.001937451534686066,0.0027545685070107795,0.0016258154795450452,0.002665949416320715,0.0033551140996346263,0.001845861143433672
156774,0.0009325519347572891,0.0025829393947855023,0.0016398384505009744,0.003452771575443783,0.002661747515624535,0.0021351704674543726,0.0019932482288643194,0.002149956109037246
156776,0.0008263167489472867,0.0012459462461842513,0.0013169128095914667,0.0012636402838526184,0.0012115978099556252,0.0013981927074815936,0.0018528479065394038,0.0020100316935531826
156778,0.0009597446058418613,0.0013426156945657436,0.0008575643520553934,0.0011818586390432984,0.0008361198360906791,0.0007883621109317264,0.0013202665267364605,0.0011370621225226807
156780,0.0007511490515611646,0.000952706210972324,0.0008028317667514578,0.0013506342366773755,0.0008447523472759934,0.0014345114214898147,0.0016863158673686152,0.0012771499725267171
156782,0.00038816735750305323,0.001042287381747331,0.0009127850910365144,0.001352203110677866,0.0010664879979355307,0.0013483586888185656,0.001290275416178377,0.0018418255733826522
156784,0.0013653421160269574,0.003018091714250881,0.001788724084747173,0.0019522113095258309,0.0009735098021002343,0.0015100232172305383,0.003779656264748535,0.0013248047152148446
156786,0.0009256327389143594,0.0018541251864612335,0.0012861893025753468,0.002155041258053103,0.0015226718957959268,0.0016248299579492281,0.0018575120103610093,0.000986771424852942
156788,0.0006778168417422049,0.0015316276605897294,0.0009009898551554235,0.0015199852618233423,0.0011597987309503038,0.0009322589072614657,0.0019173893526792801,0.000631688134529549
156790,0.0011691789427516058,0.0020961606983513903,0.0013755100194773467,0.0012602641008294668,0.0010655159345427517,0.0013210100294983734,0.0016133873020910544,0.0013715980921455984
156792,0.0015541397436580895,0.001052816453760444,0.0006227515035652775,0.0014781414518303393,0.0008877485933602713,0.0012042835670450641,0.0017957683517623307,0.0007903678994014597
156794,0.0007060205153469751,0.0016246539712151536,0.0009660000992350905,0.002134306767037089,0.001021126311342005,0.0017550254596589016,0.003276701422137998,0.0018585342490400891
156796,0.0005080888525611643,0.0007594628089513528,0.0008353174106075535,0.0011545690588869034,0.0006484567600145846,0.0016068606091739768,0.0016185022385973996,0.0010646877438991315
156798,0.0023387700751698604,0.0019567364127409115,0.0016604374655627835,0.002355578655405033,0.0010243384411983691,0.0014827075407675139,0.0017266841607411904,0.001607207672557287
156800,0.00045807819298304686,0.0010121076994312889,0.0011825013749750118,0.001222094146661759,0.0008890638210659919,0.0014795267597357414,0.0012642850137468131,0.0008790590403231491
156802,0.0009978548902337542,0.0016225707846837523,0.0008987453470353825,0.0020489762373539083,0.0008333864289600396,0.0017338857567716914,0.002591601253507117,0.001246742445053295
156804,0.0007453017060089807,0.0011465224210197716,0.0013905643389677952,0.001996871627841179,0.0017488641766130186,0.0011258610934918867,0.0014260801476808638,0.0007331361210827364
156806,0.0009314351279852279,0.000911947688224949,0.0009120779656462998,0.0015991363737422049,0.0007364892607826835,0.0009701246677060738,0.0014199859472864423,0.0011987271602444949
156808,0.0007010742248781399,0.0007855438378183456,0.0012697044225569304,0.001361058188849587,0.0010960631773943158,0.001410237131906078,0.0016171174298085789,0.000999977038464564
156810,0.0014644361088448493,0.0009388811982171674,0.0013066914069801566,0.0021842549246199466,0.001564661546332724,0.002234064098516342,0.002012909429560672,0.0010985909782969122
156812,0.0009786008306501004,0.001490135551118224,0.000994121184075214,0.0017241222687817276,0.0023552799760518384,0.0012554466669168068,0.0015997630087878495,0.001311918835983708
156814,0.0006711317562131704,0.00114863168725865,0.0013175077046302525,0.0016230444053349502,0.0011491334816521453,0.0012894579425746372,0.002310218372010342,0.0009997148269116352
156816,0.0008746052421062002,0.001122604757654036,0.001116771172372799,0.0018505975397112295,0.0010470106347435504,0.001101979016982002,0.001540049714119418,0.0009172350896513894
156818,0.001010866516579792,0.0021362168495331485,0.001140365007501823,0.0014591223382326574,0.0012292785477035495,0.0016572105553752797,0.0037581296279833865,0.0014466684317291367
156820,0.0012234327608556944,0.0018459946287630036,0.0016139993619948556,0.0018808726518802082,0.0009055790803098908,0.0026421072737021906,0.0010354624982845118,0.0011961077317304003
156822,0.001409915388794758,0.0015555331750449902,0.0011376169197068742,0.0014276953287931798,0.0013319445827725401,0.0013223762805236877,0.0015675599229783566,0.00090012513387017
156824,0.0018055281488728175,0.001200881567149148,0.0013586755537159517,0.0018110796364684406,0.0009294551821399516,0.0016675450386494234,0.0012286237430510077,0.0014232426399246045
156826,0.0005858658462461232,0.0015624278248638768,0.0011138674139099525,0.0016029776705176607,0.0010992899564955666,0.003150940684691683,0.002101345114702405,0.0014474617309785526
156828,0.0005441350456019678,0.0008094500404311061,0.0005622122104688293,0.0020130043644164264,0.0012212569084815161,0.0015418551455193136,0.0010293177571965573,0.0009260741336883406
156830,0.0008614424796213882,0.001503559905248475,0.0012751926238475791,0.002422236509725409,0.001077873226423845,0.001809691441102823,0.0020929015770790316,0.0011670470678282335
156832,0.0008117155189592135,0.001015444273009758,0.0012669650254616555,0.0016628534796190308,0.0008358476510340919,0.0011059438139216504,0.0017379914428455323,0.0010228669689410635
156834,0.0005348650574334007,0.0008690054433261075,0.0006270758880000948,0.0009603290082349815,0.00047007349512918906,0.0008131832975491506,0.0010602531986753233,0.0005161614880214195
156836,0.0008669045888880268,0.001489013223219482,0.0007161287425994228,0.0022305034371675886,0.0016972847451283274,0.002521429339239989,0.001501471869524984,0.0009517178299970099
156838,0.0007170767181508553,0.0014089159811282587,0.0012914757385523168,0.0014302529482892457,0.0012327207690621678,0.0017486551133625433,0.000961025375235694,0.0011694390668006704
156840,0.000660552669188328,0.0011504257212285318,0.0009150769144640782,0.0018592611954843102,0.0006477727825639074,0.0013183140017441475,0.0014739222009405584,0.000987438096091156
156842,0.0006392353382045669,0.0014870735109347027,0.0013057747855566154,0.0018857540246264848,0.001152263643638074,0.001938311838868556,0.0022672800243784957,0.0018922304451374772
156844,0.0010620446022971408,0.0013860989668673107,0.00114060278267325,0.0021611208164978996,0.0014069542797826018,0.0024830783626192954,0.0017017534965226844,0.0011368915395421203
156846,0.0012151209066502133,0.0015224448423350467,0.0014456070717328573,0.002720541481303018,0.0013029735999714603,0.002128684769983194,0.0027370888550662387,0.0013231360958033817
156848,0.0009037684885032093,0.001591601954076316,0.0012748337354629435,0.0023991861423020566,0.001690870346264861,0.0010954054199743268,0.0019026327099430085,0.0010220412341614
156850,0.0009651925585967315,0.0021925910119513503,0.0010273495134713873,0.0014643682514382667,0.000918480747786124,0.001152017322438026,0.0026248116174793085,0.0016107742600871
156852,0.0008407672637211899,0.0015585789790084764,0.0008924585886695008,0.0014046959776852774,0.0012426261042151054,0.0013243155422043018,0.001630698828247304,0.0012241432690022341
156854,0.0009370104586057561,0.0013844642485022624,0.0012631262600722032,0.0014594283000270991,0.001047399295775131,0.000815268368239197,0.0022499870348888923,0.0009461703518433145
156856,0.00038336739495603914,0.0010484528042928876,0.0006715733536428875,0.0015149873854439222,0.0006073681636992317,0.001148819563216108,0.000864125984550379,0.0008337864304551502
156858,0.0008250903180697135,0.0010395518555240124,0.0006962987613188011,0.001765797847956399,0.0010682008897342499,0.001752548043391769,0.0015648616633318208,0.0009454899272315666
156860,0.0007406226805219164,0.001247681797318434,0.0008166340647991627,0.001261433449093241,0.0009937293853390927,0.0022891224968173973,0.0016279118698739325,0.0014210915066384389
156862,0.0013500215057350579,0.001767618586326472,0.0016918484185293736,0.00355280693814658,0.0010375020897562953,0.0020487381421419176,0.00164524774874103,0.0016826934549742933
156864,0.0008295305253504109,0.0025414481666503758,0.002329408716195483,0.0015925654549032858,0.0012532005803556207,0.0015290951173033834,0.0015145550296530447,0.000811473865648258
156866,0.002277746692418481,0.0020835196259288424,0.001801928458003435,0.002691060737336992,0.0022145718770936185,0.0020062028088796424,0.0017624944816597848,0.0009980956731345803
156868,0.0012599543937658192,0.0016954386369055913,0.0016779513204606827,0.0021301648814484597,0.0015933076770963256,0.0023188629862950366,0.0025133308684269218,0.0012365817287154912
156870,0.0006720415571996076,0.0011212424197784565,0.0013480459988954863,0.0014727937015584502,0.001424418639431338,0.0014180286159626437,0.0010829602503709262,0.0008004306406916885
156872,0.0006748772374977653,0.0011377347812788902,0.0009433334123429976,0.0017770805690343755,0.000930229114694401,0.0017844153514934846,0.0015396713890771796,0.001381834641582827
156874,0.0007119101714761523,0.0010055568669332798,0.0015190808550693546,0.0026113079226936092,0.0009034409402904377,0.001946470092509603,0.0018097830411551025,0.001465042618586987
156876,0.0007262251888247341,0.0012761192096694268,0.0013819221625511885,0.0012264730229825105,0.0009886538052727989,0.0016768723185413142,0.0015719284680926343,0.0010763618230758554
156878,0.0007362748471540087,0.0012256648041511498,0.0010332395386114662,0.0014418037156872648,0.0011567026880382608,0.0015200448099248615,0.0014902224104085399,0.0013142436566795368
156880,0.0008873153200603667,0.0025817206382363622,0.0020008942278094133,0.0014785425083738701,0.001184084494954496,0.0018255313561112013,0.0023812410294228453,0.0017382063908689127
156882,0.0011275476956138508,0.0010044653976808982,0.0012328052643399007,0.0012599750220882028,0.0005832231725122483,0.001283851798279445,0.0011929452964216797,0.0009594832232891239
156884,0.0005007186754700833,0.0009837005796611842,0.0010065602845628213,0.0018363915513686657,0.0009399812148098846,0.001013707573193301,0.0018300245548892452,0.0020723397087332174
156886,0.0005976006036298755,0.0009745999098094461,0.0009226958512359579,0.0012092742021224817,0.0009007207241542615,0.0013208364545929663,0.0011231038312695674,0.0010394560090632027
156888,0.0009694341743262669,0.0014227645633888703,0.0016097753725652503,0.0015892151201479937,0.0010305422288242744,0.0014143463568477288,0.0018315298922520068,0.00158645969978366
156890,0.0019420967534995587,0.0006864139506582191,0.0007947392148546228,0.0008820498281707535,0.001176438086942913,0.001052872782259462,0.0010726915384298708,0.0009707729249217728
156892,0.001178009472724284,0.0008949294764979167,0.0007800565398446424,0.001559862577291904,0.0010866205383259914,0.001224795835777004,0.001553041127232549,0.0008990152997552375
156894,0.0016037930292012725,0.0037602999476866877,0.0012529961787027255,0.0020089355411894716,0.001584919891761738,0.002271548454306785,0.0015110601743329038,0.0022017469871345036
156896,0.0006351373561594986,0.0019882777400664353,0.0008109849381897384,0.0018229057165446982,0.0009612639831369507,0.0011921566922513116,0.0014753836574676882,0.0012649431574223713
156898,0.0006219978819187212,0.0016009764014728867,0.0011886688677367752,0.0010187539952939556,0.0016872571206461573,0.001222396560411676,0.0011317902772325916,0.0010737266819127594
156900,0.0009971242461104257,0.0024637553159758685,0.0014568714462076665,0.002778256961684669,0.0013914121402103796,0.0015474594955780518,0.002596151724407872,0.0016978600179445996
156902,0.001159588139949555,0.0015385144824158759,0.0008545119475514978,0.002217189316985349,0.0010295372047162132,0.001282474649837495,0.001810913811227055,0.001486833613670635
156904,0.0006104893605661556,0.0009606550488432154,0.0008102226624957659,0.001070957493128924,0.0007423616828362706,0.0011664711437084918,0.0021062794726758316,0.0009829501426140141
156906,0.0006316267152435585,0.0007300120510115062,0.0008828510335125474,0.001617077581502771,0.0009845705289477369,0.0009803578274382302,0.002647536369061676,0.0021476407308107653
156908,0.0006802887841231599,0.0013781579445250186,0.00144368509257288,0.001499555793375032,0.0009009863887340964,0.0018769254979534994,0.0015787009357493137,0.002349384036295865
156910,0.0004630521975776958,0.0008769048025541459,0.0007180311104661996,0.0013595108319233717,0.0009402935020830228,0.0018770165244878095,0.0009607802151056534,0.0010184781577555896
156912,0.0004469957558663751,0.0009633417922181309,0.000919620152202847,0.0016187465370776644,0.0011200337540708816,0.0018419483605071202,0.001199700120097305,0.0010369190074688422
156914,0.0006269993951610875,0.0013578399830920795,0.002232099487292638,0.0010475943767863788,0.0016245173327986695,0.00196476751799958,0.001812563840797879,0.0011345501444819939
156916,0.0007117945776058954,0.0008878106408926091,0.000841626121755177,0.0020032264959680135,0.0009106640872131068,0.0016276133763583195,0.001444348734570014,0.001839337777929606
156918,0.001836132943051405,0.0008931118662008387,0.0009374697276531979,0.0018115955505351167,0.0009597374505254802,0.001508865350317079,0.001501136417370097,0.0009257226189434697
156920,0.000527868495765485,0.0012216331744396985,0.000886178037232066,0.0013595308861498318,0.0007555761531428985,0.0009810542997824023,0.0016094755574896369,0.0006628292294753729
156922,0.0016158524108944722,0.0014850957268353199,0.0009009569803311024,0.0012847721771961501,0.0017334582698791956,0.0014596392188782753,0.003049838044121303,0.001368299919246363
156924,0.0005783702080396948,0.0008172571694668035,0.002361094243996442,0.0017310680451703697,0.0008116101294948809,0.002265300504370238,0.0015742310463695702,0.0008540142481010295
156926,0.0014245412434697041,0.0014752408560109315,0.0014161870282010242,0.0020188351088861745,0.0011375028335101067,0.002276434774551639,0.0013908457992253265,0.001984707291383059
156928,0.0006028481166470458,0.000815826256699792,0.0018465321401145568,0.0014623304111722885,0.0009890905283074236,0.0019856779551275516,0.001107821006280943,0.0014247895609307282
156930,0.0008319539231402828,0.0009842009521976586,0.0009147592663340115,0.0013639951157939922,0.0007411376865554958,0.0015054296818528545,0.0008128985151580892,0.0011379685120469635
156932,0.0006227967781388156,0.002260205475067778,0.001972255842288606,0.0018628157370779164,0.001142528289948555,0.00186231926660696,0.0024291572086765495,0.0021231573859665925
156934,0.0008262912626345736,0.0012675700173497284,0.0009157457445453966,0.001738138053351046,0.0008607031817735346,0.0012001151219788314,0.001500218301601755,0.0013840146275151538
156936,0.0009704585175025794,0.0010068576720751038,0.0007631272523728229,0.0017948588500262819,0.0013241780802404485,0.0015966828629188634,0.001597250654235563,0.0011621025245780459
156938,0.0005872463406064871,0.0010258360273383005,0.001220903349423763,0.0031504141611217312,0.0010849172307619975,0.0011238203043319045,0.0018791323832312856,0.0010680988615313775
156940,0.0006958359388470475,0.0023301754346167908,0.0016873272049468119,0.002069189655301909,0.0010141818261453356,0.0018018680508158358,0.002329487827643431,0.0018853059435415404
156942,0.0010179104304734038,0.0011256021128511762,0.0011712839491551663,0.0018851988648976303,0.001089168660971751,0.0016833738508537643,0.0014269935878941653,0.0011661457063794206
156944,0.001152680982963672,0.0019057246028622021,0.0012011165319681383,0.0015425307358152285,0.0009071622397284797,0.0011801595228269068,0.0018509369788999447,0.0011377335247267362
156946,0.0013651441803822634,0.0015216207892598949,0.0012964561723079054,0.0017159211320318946,0.0013184506179370198,0.0016582028131276183,0.0019156802043863858,0.001233066093104862
156948,0.000989593207147435,0.001083498256132867,0.0009991551803665288,0.001759227333069227,0.0011392511911596653,0.0014318668249747035,0.001746502582538556,0.001316611357264963
156950,0.0011015610689355526,0.0019995193731683347,0.0013507678622433211,0.002555816508205813,0.0013132468986602058,0.0016584943888892228,0.001629593924769246,0.00152350350368681
156952,0.0005865859799462393,0.001568386289143034,0.0011675923288935325,0.001000063271878307,0.0012522913187129753,0.0012899590994317478,0.0012406786066603837,0.0008374128620546352
156954,0.000892192849148446,0.0011569246742147016,0.0010854262663024944,0.0017938549090188577,0.0007141857899365701,0.0011259660941300709,0.0019333982467068106,0.0008222455407971875
156956,0.0008187092686036436,0.001183598195035343,0.0011827878317162283,0.0014944363964964347,0.001037350424601416,0.0017246076999493654,0.0017038887373233141,0.001519741852933132
156958,0.0017962962904189,0.0018349908145670057,0.0008354024703444464,0.002507249895039587,0.0016156694240463398,0.0013097532689450159,0.0015128621577947948,0.0015773072243319697
156960,0.0007382782671699339,0.0014400816115034965,0.0014503978925439753,0.0026044889047639602,0.0011320437017109525,0.0023077967498701946,0.0017478118211600724,0.0009691650969836374
156962,0.0006229169915111243,0.0016533983918810696,0.0014660628760437971,0.002553930142782157,0.0015518387037277842,0.001859552270891754,0.0027939467663696954,0.001631269626095
156964,0.0006145284090611214,0.0014100194616804007,0.001940763260013259,0.001811020978488509,0.0018078374347996334,0.0023860546230061175,0.0020860094596865247,0.0015998619466998237
156966,0.0007384463034123545,0.0013015346222378238,0.0010198962649008575,0.001265986363781002,0.0007747223313112617,0.0011997507010630543,0.0016006836667656898,0.0018793268191652501
156968,0.0010148237507223712,0.0018458403368027398,0.001417049334657472,0.0017228046167192673,0.001029472180790414,0.0015047582203327053,0.0020504364749301396,0.0012885016534625038
156970,0.0008895134090428081,0.0015893172956744778,0.0009356928092785766,0.0011122022597631759,0.0010814781156744946,0.0013664777014055773,0.0013352016662105393,0.0011685237927872155
156972,0.0012880975774976072,0.0018131246984188915,0.001593025457659325,0.002075739270746349,0.001339006033307888,0.0017832148586600788,0.00235890373554426,0.0015559739853915483
156974,0.001639001913564267,0.0016800627244437788,0.0021535196811441892,0.0018837877167167255,0.0019282383086294264,0.0015704689536279043,0.002848516638498444,0.001103569427575446
156976,0.0007625095043415665,0.0014231063195002808,0.0024277010606050947,0.0025102861014139055,0.0013748303411154211,0.0015463790644844183,0.0015853571330934901,0.0016382626927589072
156978,0.0006900825765596176,0.000960704121360012,0.001237269312646616,0.0018664019984685615,0.0011151655512531417,0.00124856042484911,0.0013158115268624565,0.0010593601251519674
156980,0.001245920736253403,0.002554961174184245,0.0016714572321344101,0.0014370793729106546,0.001185388538053625,0.0011604151366407245,0.0017593317098763134,0.0016231182459600646
156982,0.0006949117375368991,0.0012019323739387439,0.0013435265839929628,0.0026501308437399396,0.0010932049600000937,0.0018718644143063262,0.0030421535106850556,0.001492347224252788
156984,0.001467597781348362,0.0027529154542565437,0.0015523758617591726,0.0015596780808542349,0.001528331015203721,0.0018236329799856676,0.0026512862269983395,0.0009115322801572234
156986,0.0007407167655228176,0.0010900171404376047,0.0014391447712904792,0.0015803093962103582,0.0012568271915852774,0.0014041087923961776,0.0021609292828197457,0.0010984526909353504
156988,0.001118185851746445,0.0014737517257836785,0.0010745400625822854,0.001881325053302088,0.0010680043862998506,0.0014223073601527525,0.0017292882323566433,0.001264821266043159
156990,0.0006856646790522891,0.0008181918457884074,0.0009698429649818707,0.0020523012345883274,0.0010468684009068974,0.0014118685143721527,0.0014743092390249318,0.0009122364936411387
156992,0.0011326587061271653,0.0011877563687380382,0.0010376864066380526,0.0012505657372857137,0.0006932740875351673,0.0014077027912060558,0.0019751362190669752,0.0014288117702543346
156994,0.0008071644432690178,0.0007688440862648228,0.0014597072512858578,0.0026295584786828613,0.00101293842325835,0.0020720409085604047,0.0012122330166302597,0.0011967012349341083
156996,0.0008754650051971159,0.0012449405112358036,0.0010911280408981844,0.0021042505559870778,0.001067824700097933,0.0015032663951846659,0.001306320303511424,0.0007711570486259589
156998,0.0009129023716040498,0.0025151689273653077,0.0012624873850702323,0.0018929584405578126,0.0017271129790350503,0.0009944489167768161,0.0026172411870730716,0.0022101033951100885
157000,0.000747419101714053,0.0012667009006912672,0.001160123027733731,0.0012287987236238168,0.0004550767697348995,0.001189733078945432,0.0009203939356583792,0.0009532210664964375
157002,0.0009876865167748883,0.001826910326499842,0.0014444900329935728,0.002749238527883016,0.0013413378029823037,0.002569855950040903,0.002728558644697912,0.0013879392126448509
157004,0.0005396213657127419,0.0012748877384183427,0.0008488156621201531,0.004416885843966156,0.000966597868908018,0.0017738159263230302,0.0012431784968545273,0.0011020388716522778
157006,0.0007657322775885024,0.0012309705634799967,0.0008100325471710502,0.0023147040864702206,0.0010424574491133681,0.0012908474003010678,0.0017484360932873977,0.0013776150479066218
157008,0.0009210117948188802,0.002009043072465966,0.0015154447464056503,0.0021674111560616854,0.0011308552836653135,0.0029502253355789265,0.002646693419205551,0.0021342424009853644
157010,0.0008725830170733563,0.0008794594703200355,0.0007721997655668056,0.0015232156137249403,0.0012209975921217975,0.001019017502575395,0.002573120295394929,0.0010557005695423088
157012,0.0008145140755656845,0.0017379513745248293,0.001601138877803679,0.003462057820837805,0.00143091744185192,0.0014142306366483753,0.001325637927242218,0.0023934614548579702
157014,0.000630373048041713,0.0009437293386791584,0.001267584341573036,0.0010740428650662381,0.0009362759989707849,0.0016581594278742978,0.0019246110715052112,0.0013543245092796502
157016,0.0010146108608051346,0.0018954416787480555,0.0010893407895109508,0.002383272018310123,0.0012797796082895108,0.0023975978191734942,0.002480400399924157,0.0008456131294708215
157018,0.003086676849462011,0.0008184187243498765,0.001230562282672612,0.001597049072295853,0.0008803393003646055,0.0009664102498389872,0.0014755877124235234,0.0009107656042842832
157020,0.0013078055724935617,0.0021189292782972796,0.0014268928306018225,0.0012800059083123566,0.0010010882261666243,0.0015058728764623247,0.0015163144156119662,0.001800899776438547
157022,0.0006143439100736586,0.0014259290614571235,0.0008191948675546762,0.002117920055880518,0.0010193795239045317,0.0014845169441255607,0.0013545488059207994,0.0011680839875829463
157024,0.0008762579217755674,0.0013340078566062008,0.001054566241309951,0.0013152826748741853,0.0029897171452299975,0.0013688384965609424,0.002489554119136775,0.001362558846598208
157026,0.0008948755386833963,0.0010126346859016255,0.0014656769219728027,0.0013359093306336695,0.0006902996498270621,0.0019802842188465647,0.001970831657066144,0.0010235187867115858
157028,0.00046635614494751343,0.0007858425854545548,0.0010890085936358235,0.002073408918229269,0.0006162459092602136,0.001104567854686836,0.001185442664297709,0.0007625622768370338
157030,0.0006574242920698858,0.00137471376276245,0.0015885810518861398,0.001687933540811315,0.0010706193361081362,0.0007700891912955227,0.0009338498399091323,0.000952082291816328
157032,0.0008866769230678889,0.0008130480701504794,0.0009605398199544514,0.0026800686565460335,0.0007699623509799282,0.0012880962404884233,0.0011855706739338917,0.0011163188134551
157034,0.0011000269646182503,0.0012955654069992661,0.001546212652442716,0.0013262695201921582,0.0012250751134346288,0.0013584640968339473,0.0008705818183904514,0.0007488825236745683
157036,0.0008975308940241435,0.002202049752814253,0.0015093324961732435,0.0011550085915174174,0.0013051777005819304,0.0020006032896824483,0.0023972866380650992,0.001406362710916334
157038,0.0010744633753043686,0.0007865460831279515,0.000992494362674956,0.0010526438513487474,0.0009609924621431822,0.0010212953578376954,0.0014761432827486431,0.0008354230360701487
157040,0.0010728821274458428,0.0026806985611430023,0.0009479573011524391,0.002458733889689216,0.000672299240121358,0.0013545792436931436,0.0019495283033191951,0.0014246379806548554
157042,0.000739468192963031,0.0018219556569554346,0.0008147076933164854,0.0018050159484151035,0.0009721754373093229,0.0016175611873488066,0.0011425262752346038,0.0006507810105569091
157044,0.0005899063368210028,0.0010221991605230962,0.0009927981164212785,0.0015916408927631048,0.0009060687071260759,0.0011440700665849152,0.0010581724502154444,0.0011040558351719382
157046,0.0008093340941255911,0.0010463928314913412,0.0012735207251119013,0.0013009473757543688,0.0009522308090374049,0.0017018973410929394,0.0020976137641749576,0.001036788256370491
157048,0.0008378098389029455,0.00120197912730996,0.001326912119577417,0.0028169730926999037,0.0010450414354379323,0.0015721967002736564,0.002309257662369904,0.0011017017775028087
157050,0.0008166442846947591,0.0018401242420108682,0.0016102794117709568,0.0011757247015448252,0.0010218483090105451,0.0012075860358580354,0.0015578695933532588,0.001588421292581188
157052,0.0009181456902163238,0.001100343289220318,0.0010730763943629512,0.0008102837416455039,0.000576155230965783,0.00048142336417034484,0.001236114626577814,0.0010329727619824564
157054,0.0007623246607038059,0.0008207642663072973,0.000977056862005457,0.0017136552984631237,0.0008951482533490207,0.0017868342409941423,0.0016541413222579543,0.0014772885282026693
157056,0.0010723626230802474,0.0015764166843021954,0.0010594268137298912,0.002037844777365516,0.0009016028456264626,0.0026389709105543308,0.0023467391210785227,0.0013974999270495309
157058,0.0011080828936167603,0.0008801056527613128,0.0015959589042338629,0.001091032060392974,0.0006983922761310546,0.0013879389350730659,0.0012666937410657497,0.0007291113872753968
157060,0.0012952417388745335,0.001706147799268365,0.0009399807579535541,0.0014647794115840856,0.001807988229407878,0.001944554180186367,0.0015779603481880372,0.0013028816235799573
157062,0.00119975431402998,0.0016102656587646674,0.0011835161722112547,0.003263691924106485,0.0015378958707479434,0.001824211458391345,0.001870942929862951,0.0012321074149397454
157064,0.0008936581357454933,0.0013263229737495857,0.0012766941706882223,0.0015356749206055925,0.0013718307134789193,0.001714799752229601,0.0016245554708555071,0.0014039052746488978
157066,0.0010618872690826842,0.0018048554654482296,0.001031311093427703,0.0013008541272930968,0.0009478694447903925,0.0016870762547878254,0.0015799160887095681,0.0009165932349575502
157068,0.0007656614593216787,0.0015831768656104916,0.0018359334120433696,0.0022464264147039614,0.0009174882835709698,0.0019708505105136553,0.001998279543696191,0.0009604726255363384
157070,0.0013603955562394021,0.0018343251093286828,0.0015763335603424938,0.002441578600638261,0.0013386876147248317,0.0038952974184414263,0.005142942522419425,0.0018338656325520564
157072,0.0008190669241154996,0.0014773168786592766,0.0008875609100003935,0.0009243952639466681,0.000684939215416961,0.0005005392177574036,0.0011169895424041482,0.0006174002014019998
157074,0.001047678057397583,0.0012925003620767317,0.0011233093350293682,0.002083543772113741,0.0011876462145474775,0.0013366387015595477,0.0027676034398744914,0.001005691304367895
157076,0.0006606375015411371,0.0016084382275103476,0.0008403644031012569,0.0012145568674635232,0.0009467273387149394,0.0007577523831239219,0.0016526762247909416,0.001601193137790738
157078,0.0011358497287439345,0.001612603615917474,0.001469415651733988,0.00141556997423109,0.0011480913770098855,0.0011508197271094117,0.0021769302014154612,0.0010344888657067841
157080,0.0008646584979014188,0.0007218354094856161,0.0005627910118940517,0.0009452450388666746,0.0010408807088566618,0.0011792945597335347,0.0008974059004386616,0.0009482843323450063
157082,0.00066614828894088,0.0008608946713245837,0.001373062583052198,0.0006621714546058005,0.0005628786841703794,0.001028349168828005,0.0008231334715715112,0.0005601669283639282
157084,0.0009192720106300824,0.0012117479724162994,0.0006026356577041453,0.0012199192252644459,0.0012704624978718826,0.0009724028792381136,0.0025223613638356707,0.0008528491252581295
157086,0.0008503050792391144,0.001090812797693852,0.0005999255489869265,0.0016621988108379698,0.000910403856116071,0.0009144594724163103,0.0013989486384115152,0.0010844485524286324
157088,0.0011924010930661755,0.002121490276807414,0.0021218163018268954,0.0032084203610702744,0.0014313216240877669,0.001546889782689187,0.0025201728192401213,0.0019062001511809812
157090,0.0005596994625601572,0.0010805455311470175,0.0008433334693333551,0.0014155324114529244,0.0011768275762720354,0.001446017856282289,0.0011239299556022875,0.0009184336689584439
157092,0.0009661308238408939,0.002090559564001518,0.0010658649603603743,0.0019270541432803157,0.0008803264787837807,0.0017931332928498023,0.0024474397575870027,0.0015436967622852737
157094,0.0009641089986439783,0.0009404628031090129,0.0011687772213280767,0.0021745847050225336,0.0009237432092441301,0.0012918270534850174,0.001692029233529846,0.0011734891098207911
157096,0.0007823901495394026,0.0011948243305193729,0.0011704273432489587,0.0028224486514796254,0.0013737970546157663,0.0023320553634127578,0.0016817498091745708,0.0011568727234859133
157098,0.0008591635149892175,0.0016317436116364409,0.0011189732793473461,0.0018799883642381943,0.0006694425765942404,0.0010914583445344045,0.0024139447028782707,0.0016671775263255167
157100,0.0009170981267570023,0.0012507575561926942,0.0009628919493448775,0.0023028979627748303,0.0009611712389867612,0.0019916249573394135,0.0023616199434997043,0.0010041572670954763
157102,0.0005859415008205304,0.0010303896382825167,0.0008024916040508291,0.0011437462576537882,0.0006919601452293339,0.0009259342452710463,0.001219245585464046,0.0013797477003492237
157104,0.0009116157366238081,0.0024142185244688946,0.0016030140633745,0.001402602719709059,0.0010642499493949131,0.0027648995747343724,0.0021035810742554006,0.0011732925918863657
157106,0.0010916254844196005,0.0013318839464135923,0.001901668592112063,0.0021925522870791664,0.0015152202625841188,0.002144609210539772,0.002390278199428053,0.0011885689457558218
157108,0.0007755027883450706,0.0011970755036744413,0.0013496068002902817,0.0020873480320498516,0.0013982038513118966,0.0015387099977507562,0.0017472297037490897,0.0012980947347486366
157110,0.0004995849568555956,0.0010411855275818116,0.0007875697717766444,0.0014275030577124426,0.0022110460580047064,0.0014639454610848035,0.0016759580628979975,0.0008916137675867332
157112,0.0007552734895562886,0.0020730048793100725,0.001212543288310608,0.0014507335865361487,0.0012939898164093938,0.0017695985367543465,0.0019414890412525754,0.0015235840595870798
157114,0.0010298783749144308,0.0008878853450022817,0.0005729665022338182,0.0008588833465073033,0.001279661535066326,0.0009759673591604491,0.001131808574983531,0.0007384180598396552
157116,0.0008544006576018948,0.0015555164254834608,0.0011112401257982185,0.0014496389643962188,0.0010407266337226911,0.0019380458227857972,0.00272191695800629,0.0026352783490859455
157118,0.0005102639281846823,0.0008008932882736103,0.0007217762590705813,0.0020067364568665674,0.0007380982061819287,0.0013633125116136041,0.0012661038044262801,0.0006884811270300474
157120,0.00045929123269955463,0.0007248135716338457,0.0008607052583153862,0.0019190284367722743,0.0006392874246219926,0.0012067222070615835,0.0012028869944993303,0.0008934601410625111
157122,0.0007094581776510879,0.0016605567823995693,0.0014383173037026964,0.0014299714727484952,0.0006388491360720533,0.0010699456193377643,0.0019029450364225348,0.0013546258607641803
157124,0.0015263903033925358,0.002705191590665082,0.0018465385433419496,0.0023064948118014517,0.001068357472324158,0.0015888201119462902,0.002122995348694326,0.0008799435323715438
157126,0.0012952774020625335,0.00096569734768992,0.0011584741020016637,0.0012147617450082443,0.0008160092822678267,0.001844876318153832,0.0019232166131061407,0.0010918453211581497
157128,0.0011263878960221657,0.0019837839868728224,0.0015072392975979398,0.0033814351655059444,0.001059049990221661,0.002832071426941918,0.0018696057468083893,0.001268010656891097
157130,0.0008597378612103107,0.0013228645533025635,0.0009013860774995976,0.002012146020780259,0.001498789590079555,0.002149904980420017,0.0019637676416206645,0.0018430325181407886
157132,0.0016564666327561484,0.0030863262536071773,0.001483535625575405,0.0012627733099739857,0.0009024295551590122,0.0035508087914984388,0.001814884285780194,0.0009627430653636783
157134,0.0006559035785504014,0.001449947051090375,0.0009129203808037369,0.002077507845221982,0.001330656832736976,0.0016317303692007373,0.002650258184393961,0.0007104153322581297
157136,0.0010438625387456657,0.001616047987671232,0.001146358949945095,0.0017526834136317865,0.0010900852790580867,0.0013808186595751781,0.0016614780648183114,0.0009569151457088122
157138,0.0009975503638326583,0.0010617928261925785,0.0012087928587490998,0.002219473078975423,0.0010803126315344636,0.0011552987896536054,0.0011816509207934894,0.0008972373960793069
157140,0.0012161145260401046,0.0014801659104641957,0.0011522934872144064,0.0016319952281244193,0.0018687163821169556,0.0029606628932728057,0.0016125769876969148,0.002118877491072091
157142,0.0011381964854992876,0.002386207844388269,0.001984853672462941,0.002397300500334154,0.0007408698691910333,0.0019268955189225695,0.0017109187971444673,0.0015078233604799568
157144,0.001273712701001642,0.002963106342410718,0.0011225019108441897,0.001707416273811338,0.0012698791182767094,0.0014598413281609185,0.0021681961831498953,0.0017464521411989509
157146,0.0006338716730545091,0.0014988562212217005,0.0009794563973317683,0.0014897547806622807,0.000891754265205158,0.0013641838869631884,0.0020450241656190388,0.0009405933877917362
157148,0.0007455159041741856,0.0026422428470041087,0.0011240865738677691,0.0016753892575471913,0.001135826125257658,0.0010021747932908998,0.0019530923353308083,0.002378275923323528
157150,0.0009438934550410338,0.0007822833471787839,0.0010738851339064936,0.0019196603710656124,0.0011523304128522316,0.0016963916384896832,0.0010257140898950606,0.0011024767011008074
157152,0.0005637740036650331,0.001455854392571121,0.0009869338584048842,0.003167719155304352,0.001620521626601923,0.0024378466129426762,0.001824044078420295,0.0008330678086403177
157154,0.0009793323519637909,0.0012201292390869867,0.0013430885758220074,0.0019424743643782355,0.001206730230419853,0.0012851028144324067,0.00133785003847732,0.0011275564520314557
157156,0.0007914848296791122,0.0010250386734425576,0.001466234047104456,0.0015066862923301394,0.0010880671146105275,0.001553873937426134,0.0017276787290829848,0.0015225855495271667
157158,0.0006002739727506423,0.0010086078995214104,0.0011382035236318089,0.0018912679947655775,0.0007853315850449155,0.0012441341132627404,0.001468964433968059,0.0011772912650565154
157160,0.0011404271537518995,0.0014001276629545117,0.0009041485188044686,0.0018467517771545566,0.0008461520452992012,0.0011660932946046115,0.0012709264825011696,0.0015731522417572613
157162,0.0008856270746690799,0.001072239170841982,0.001820933991172835,0.0015873539621597127,0.0011148794434046178,0.0009859140721925203,0.0011198637052745597,0.0010909456815477725
157164,0.0011101882917616823,0.002753225070649068,0.0016196834352495554,0.001405681038094811,0.0014480959031895058,0.0015348146025040976,0.0019712113894957556,0.0012542315461540193
157166,0.0007555898747826396,0.0018160433186205222,0.001678065771164805,0.0015613501288514464,0.0013831976241796134,0.0018674302217342037,0.0024204499616825026,0.0015558537849111875
157168,0.0009477522328508493,0.001712213707333668,0.0011180807162534112,0.0011833057454033735,0.001310348702468836,0.001017063413290012,0.0012337822713742869,0.0010288724797192922
157170,0.000943885786803992,0.0014089417101026541,0.0014031362838568123,0.001376816799768657,0.0010676201976129868,0.0015464253567498837,0.002060035551671238,0.001088528708021022
157172,0.0012056312788236156,0.0015595774510327592,0.0014727739723931071,0.0014636361757242172,0.0015134913665684757,0.0012435189768467275,0.001707326686373245,0.0013847913922693383
157174,0.001131507558183087,0.001618849058004912,0.0008259335319741636,0.0024261675472678906,0.0009513812446598907,0.001042471401507386,0.0012614681145213386,0.0011935897525357092
157176,0.0008412340763046568,0.0019727694029252896,0.0009085947333287193,0.0013741022217795967,0.0009151517427640234,0.0012598404121058615,0.001059733365680826,0.0009183380473322261
157178,0.0011085266351253953,0.001536409315527898,0.0012488903190300965,0.001626724070051877,0.0009925168961327224,0.0017464057482642487,0.0013024917012549736,0.0012419446476786972
157180,0.0006817757238968825,0.0012921149424133388,0.0011587718365829863,0.001546905606630844,0.0015327869343490091,0.001372564579509794,0.0020963442229087748,0.0010415822433711974
157182,0.0004980268616385786,0.002306625418475608,0.0010363471222225723,0.0029547486198190503,0.0009420442526245111,0.0017345041238665676,0.0022704055300304393,0.002764472563278178
157184,0.0011357191593408672,0.0013640628077432049,0.0014079440454739661,0.0011290072341518798,0.0009287382217709195,0.0014667653115818663,0.001289482824200272,0.0015853004722338332
157186,0.0007173442911052735,0.001815036643666501,0.001317972897957445,0.0017544227934896406,0.0013748098981084672,0.0012033599238874815,0.001245486055618042,0.0016542128365954062
157188,0.0022943791859850737,0.001421029997371051,0.002151579067523335,0.002782181558996802,0.001733126367931881,0.0016347272370365595,0.0018209444830158544,0.001153232745626856
157190,0.0006634784069201073,0.0007281585030262244,0.0004890902607685189,0.0010133427657255667,0.0010732057526914446,0.001588088140101418,0.0012648501484694569,0.0017425883845669787
157192,0.0013678234466275724,0.0013902967975296665,0.0019768004598652716,0.0015587319357146662,0.0018297781873691243,0.002088307385035515,0.0015311072237384066,0.0031150813607386946
157194,0.0005421701304353932,0.0012494259303803684,0.0006769959932232152,0.0014020170880399974,0.0006445459367652312,0.0013457433879450337,0.001279490431845401,0.0008893288720338045
157196,0.0005697416276364553,0.0010873800674443684,0.0008033227708558778,0.0016269987402814934,0.0007928261660559467,0.0013096793885343377,0.0012673426974553342,0.0009433218562035529
157198,0.0010610168055515956,0.002150991594342122,0.0009546200547096186,0.0010854382941403173,0.001512098356523786,0.00160187772735422,0.001224462882459268,0.0007433211717589594
157200,0.0007202249023843255,0.001473045331488676,0.0008522085705762183,0.0016427479289082975,0.0010924660547297904,0.001332053351000298,0.0018980644962302146,0.0013825459681904434
157202,0.0006903876437093365,0.0016071261302015444,0.0012657202204935936,0.0020923824932590623,0.0017835804705757102,0.001310446066562998,0.0027559940181505344,0.0012414830966189921
157204,0.0006485722144283258,0.0010240945132128504,0.0008625252711902953,0.0008731642523578942,0.001299357235060375,0.000806105142191052,0.0013758584888279302,0.0011705642261905652
157206,0.0012266201902575435,0.0013531972749786375,0.001431275114857758,0.002176652109421584,0.0014544336145573405,0.002088260059049732,0.0024888021258107074,0.0012942975134007245
157208,0.0004693120742616276,0.0009341033809901061,0.0008175234349486887,0.0017955366137263479,0.0009525302926798908,0.0016429732123630775,0.001746608138069164,0.0017413756198616515
157210,0.001777068948002558,0.0016019284214237178,0.0011354778767916351,0.001991915906970121,0.0011202013221103257,0.0016968624083663203,0.0013133457204156512,0.0016521325831178046
157212,0.0007876315592789153,0.001436880822486844,0.0014757133577667503,0.0015749536088075639,0.0008543099540314104,0.0013825761648412205,0.0016122828951208867,0.0008817012403818936
157214,0.0009214714238381522,0.0013582515580593674,0.0012505902408045527,0.0018436284609362752,0.001261413602688513,0.0013923463822486243,0.0017565961236256644,0.0014328596728720028
157216,0.0009822375860558813,0.0012210759569136892,0.0011641096377158627,0.000971418263727989,0.0009651430243799199,0.0011871186237062542,0.0013613088824794423,0.0011038746265341765
157218,0.0007375922501756706,0.0010454986294906043,0.0013678854467544799,0.0013343885874043254,0.0007444117810084944,0.0013035591515265232,0.0027931579980213783,0.0010329009249711169
157220,0.0005744244863930548,0.0013407383698727515,0.0015196840534471706,0.002090368458000036,0.0019370065342375065,0.0019129370503968013,0.0021130361180843327,0.0013856798657011643
157222,0.0012303325564764211,0.001764514750595636,0.0030992049629414847,0.00232417237128503,0.0011601448521498942,0.004818691934983799,0.003196848824140952,0.0025291964773433012
157224,0.0008968974225426335,0.0010152882937498747,0.0008942845580694504,0.0016165835632131476,0.0014899025966475105,0.0016882470049814913,0.0017169542736278492,0.0010726671364494345
157226,0.0008421780361445343,0.0013623206877812072,0.0009813383261423475,0.0027649316998657053,0.0012656743639680862,0.0019555857007152455,0.0023761776956976594,0.0011189301630066956
157228,0.0007497709339669006,0.0009093360055348366,0.0022155302215082356,0.001212930664776915,0.0008670147157532372,0.0010400712808555923,0.0014372889531024668,0.0008340575266181684
157230,0.0015149293864494262,0.0008405272638123407,0.0011489756331522494,0.0014048755362550264,0.0009741629098575268,0.0014196246347269459,0.0012305486919026581,0.0014498985380306806
157232,0.0012174163269290106,0.0011567457658817754,0.0013117499070841726,0.001448457417977403,0.0008821422138227814,0.001067288896468066,0.005279483052916201,0.0010597556797376506
157234,0.0008914405802929459,0.0017080003429939539,0.001174294750085958,0.0020019458472321366,0.0008519428039713284,0.0014431948202637962,0.001535355228966806,0.0013978210861778084
157236,0.0013504329893346267,0.0014143172162062734,0.0012410903994515415,0.002083533229396084,0.0008970665644347925,0.0037891297026269033,0.0023955647453288847,0.0015169936736585954
157238,0.001169619718446438,0.0022511018313942227,0.0009557242981444447,0.0024501835892230123,0.0012933780155046648,0.0011785721236501345,0.0017520658683818496,0.0007822368774034229
157240,0.000957997193325788,0.0013192704637399327,0.0010398528757677022,0.0013056662879193937,0.0013656358800712282,0.0015000497751811587,0.0011472193219553978,0.0011325566534793469
157242,0.0008364473354760676,0.0012291314822476945,0.0010586426888556932,0.0016180424679063249,0.0009933604416785397,0.001154147581118592,0.0022057311034382465,0.000981533924477987
157244,0.0011537707211295573,0.0015637133013646776,0.0013443907945077799,0.002113477948885445,0.0015175209941710316,0.0017772781323888709,0.0018705826489275879,0.0013078815556140239
157246,0.0005927774888283555,0.0010958271314925327,0.0007687341843225538,0.0019124727180232087,0.0009199015827996565,0.0011401574462679975,0.000853212637441772,0.0010284903779675947
157248,0.001100713545607812,0.0013220468421644288,0.0013797582169256112,0.0016318549706079294,0.0020399615641575886,0.0014570355387238387,0.005091779537015617,0.0010259405509152608
157250,0.0010959297355742081,0.000882649591315874,0.0012160191729205239,0.002644065764756398,0.000957298927713738,0.0012893776809023288,0.001411860675660806,0.0008186923205491525
157252,0.0007872548081913934,0.0008816666176828004,0.0013193224229502004,0.001966090400607412,0.0008944286083140268,0.0019263961401281282,0.0015516896074892067,0.0008993302027307838
157254,0.0005746951399120161,0.002012219213507263,0.001136701878351687,0.0017107329694943246,0.0011300020728806232,0.001475454631504114,0.0015436835893456596,0.0013587983161047479
157256,0.0008004133559267636,0.0015139687946231911,0.0011074825330009141,0.001784826097731132,0.0011132530584595651,0.0012591865056334056,0.001352739333083941,0.0009669499933476246
157258,0.0016302045384502528,0.0012062897616380713,0.0012023100431819561,0.002494336374208053,0.000888008896734075,0.0014203562912327161,0.0013293721503831457,0.0014167265349064456
157260,0.0014251976584800513,0.0009485533637969314,0.0010791125313893701,0.0018665590787504543,0.0012237496751780347,0.0012295504982998834,0.0012845620123136947,0.0009143624808465867
157262,0.00042801766514458453,0.001533438069764595,0.0009584852195934079,0.002273354853749368,0.0009737958730783453,0.001007235497927375,0.0014296438239052578,0.0010934946790195355
157264,0.000998448308911437,0.0014744213837204617,0.0008695861451833015,0.0014606305422959626,0.001435462278215463,0.002008771912159979,0.0010541477079733519,0.001105498112468642
157266,0.001286096317347829,0.001998623273041178,0.0010287716304627909,0.0010303968131332303,0.0015277100862479132,0.001814578002297798,0.0022104137405583174,0.0010185333222754306
157268,0.0009193127856477329,0.0010829249438172456,0.001100510860831072,0.001410745560837659,0.0010408535465775831,0.002767842540802992,0.0028002644703539747,0.0022963788655832595
157270,0.0006030972982927797,0.0014073075478986952,0.001107725286248265,0.0021189285923696316,0.0009105177237221131,0.003119470418875503,0.002995312751380777,0.0016203449736124226
157272,0.000678575108922861,0.002058215278545897,0.001009601237772273,0.0012298206499933434,0.0012640516311451938,0.0010975411999747525,0.001619111670274842,0.0010892672643709883
157274,0.0006232187381878841,0.0012352445796507544,0.0012195773083496647,0.0018862345172827727,0.0007095226757253305,0.000935807791653618,0.0014044790147566127,0.0007076043685501215
157276,0.0008777985853394288,0.001771317125363936,0.002486676491408879,0.0017950037361245258,0.0013721654689400342,0.0023145348975500135,0.0018615203581945489,0.0016319864994764899
157278,0.0010118133294668846,0.0013460861529157736,0.0009679771960703493,0.0015104644813557777,0.0009380718404408683,0.0013761063959512182,0.0011427914772293435,0.0009544226683800977
157280,0.000766148697496638,0.0012930958801317255,0.000791061998558943,0.0012587878461400998,0.0009500550186638534,0.0011669348240053723,0.0009034057813784059,0.0005120410518613706
157282,0.0024184772026859674,0.0018263756788639146,0.0017222443033205886,0.0020865318364136076,0.0013793680234380906,0.0012072665618051565,0.0016310938927635577,0.0009192201677998973
157284,0.0007897647646193419,0.0013934875778166683,0.0009006780157432316,0.0010448155250309399,0.0009416074125673385,0.0013834276244673177,0.0017260749278383974,0.0012902714017635347
157286,0.0011355494303370156,0.0015845903691215218,0.0012688401476468464,0.003068089280035269,0.001643380936167796,0.0013916230886157482,0.0015900213267928814,0.0009760376538514894
157288,0.0010848575974780617,0.0023157415791461577,0.001462598526968728,0.0023039499724242796,0.0015477171316757993,0.0025955754851762075,0.003279025349951517,0.0012956742887127448
157290,0.0011246329497796581,0.0024546783549718315,0.001918158391735203,0.002900998855425732,0.002242301970302743,0.0013550926241273076,0.003028180300688757,0.0016803253689304937
157292,0.0009325068856098767,0.0010374113773027466,0.001103271695051103,0.0015445015891209085,0.0011291183899544421,0.0014160431957899178,0.001557257980828189,0.0013206174036359958
157294,0.0008576994134483797,0.0014256761435904597,0.0019075031711934948,0.0031358529122434003,0.0010525029273802389,0.002989475570730607,0.0015024423513121526,0.0013438657890000455
157296,0.000745308621708244,0.001291608547117351,0.0011824270761201655,0.0024548813844428446,0.001356229427647071,0.0012651739721876304,0.0022559608142359716,0.001089817410616034
157298,0.00129231152872257,0.0009013067813266051,0.0013479105932519136,0.0013819257631567106,0.0007777726472564007,0.0017828102750483549,0.0015516960642645433,0.0006948653864735782
157300,0.001343632273714812,0.0022079494417953094,0.001298044537406895,0.00152458376969479,0.0016244092273540733,0.0014082655635888758,0.002445477029273238,0.0021500594045174015
157302,0.0007228123922521507,0.0009248024901303276,0.0008915023117919731,0.001682074615922416,0.000775942506406755,0.0012884922929449344,0.0013592916186553339,0.0009787374164895724
157304,0.0008849902828017703,0.0013557188495367939,0.0010221360361546555,0.0018096733749302235,0.0008326172418021138,0.0014068131526243782,0.0013892371641123363,0.0010180490193057445
157306,0.0007555660155935673,0.0018002662067311825,0.0011841557692273685,0.003140198957292617,0.001083714575042652,0.0014523090008601441,0.001176527019771681,0.00112953952980549
157308,0.0007370706900173031,0.0007194910682640915,0.0006888652309423038,0.0011944645763321132,0.0008166303388114672,0.0010468445354978734,0.0023056368357932677,0.0019441267614352942
157310,0.0006692544431163329,0.0008859564784603619,0.0008145862675227461,0.001399918579828699,0.0008214311176563439,0.0017106870534375762,0.0018666080067456653,0.0007841409750171703
157312,0.0008730463607459528,0.0011056353561512827,0.0012531968877908112,0.0019319861986347164,0.0009442909870577589,0.0010873626237926093,0.0013497143712268983,0.001558711639104482
157314,0.0007647169105986507,0.0010648776205837707,0.0011051587558264103,0.002091716946826472,0.001191012200864927,0.0014545427275426542,0.0013324637191169941,0.001841933331654888
157316,0.0010330046105233581,0.001611088550661513,0.0017425414209491091,0.0016713509265026266,0.0009643825791451656,0.0027761284672203623,0.00127521390865927,0.0013951824367519766
157318,0.0022975290221997208,0.0020853333597009027,0.0017857991726022981,0.000823001801039145,0.0022068628837002557,0.0012863199685320265,0.0016441270506640931,0.0010984003415626248
157320,0.0011597157608878583,0.0006414362109245092,0.000844184977700016,0.0008380393132845533,0.0011835507752435692,0.0010652676380811799,0.0015710317698359871,0.000940639660130041
157322,0.0005614629767029845,0.0009092763556356603,0.0013786683040040715,0.002179143403741382,0.0008912189206544997,0.0018524027903571577,0.001572095962817599,0.000848280455587061
157324,0.0009000880277818847,0.0013196417780642206,0.0006895141199511658,0.0018546343606540838,0.0013055806775810752,0.001004381808160426,0.0009250378046562514,0.0010027043781533213
157326,0.0009106513839247793,0.0010922981117805208,0.0023417292072223095,0.0013136908157029975,0.000896561863679271,0.0011810027830750358,0.0023053527871665924,0.0014066857250738668
157328,0.0020265346751477953,0.0017343173300121834,0.0010334103033109998,0.0025429857482120455,0.0009181069728807258,0.002382609351674836,0.0022139250329335086,0.0026272047521092162
157330,0.0007764260495701919,0.0016800382934421126,0.0008349621446096835,0.0018774187461639974,0.001575353395422266,0.0026501411996427,0.0017960490463280743,0.0010767483147211682
157332,0.0009013143864500806,0.0030890234980610054,0.0013463822123329638,0.0021633353263656036,0.0017668289834276707,0.0015188938501362603,0.001079324740454482,0.0014836389371946646
157334,0.001199345309116362,0.0016552942247677477,0.0010535258676700604,0.0012824757171082113,0.0009541972240684517,0.0012748262868692017,0.001238677306933736,0.001106198292994201
157336,0.0009675748245242671,0.00196932202026745,0.0018918901569273672,0.002552043720974853,0.001083902706658313,0.0025272885002852186,0.002400025213912374,0.0014989586226171886
157338,0.0011291869888330752,0.0018686464917233025,0.0016821971522971157,0.001423132177718181,0.001234181924838984,0.001211924340900561,0.0018267953658786112,0.0010558584121776043
157340,0.0008936043476182182,0.0009864765508427326,0.001271305541388712,0.0013634962834370296,0.0005538061066139056,0.001077858794490405,0.0010094120942416712,0.0010763126915376425
157342,0.000879817007065218,0.0009741615145915407,0.0007478181859844751,0.0015871764549286876,0.0010270777677173215,0.0011826407556748825,0.0019956632406916697,0.000742243236555893
157344,0.0009519838997890245,0.0016419024987712888,0.0013095963429691354,0.0011056913460927437,0.001147988379015752,0.001212075561157891,0.0017177057884846386,0.0014450940979532506
157346,0.0009675990432564709,0.0008031207980820909,0.000702963319137332,0.0012317070515948658,0.0008285161542469256,0.0011054431182934282,0.0010598995140237571,0.0007567709143131568
157348,0.0009894371169706512,0.0013383155382508255,0.0016052951084982864,0.00245381095999099,0.001167543703337659,0.0014743009427755638,0.001813997245536783,0.0014010266194226656
157350,0.0012493614086728777,0.0008706655771688644,0.0011368066296624374,0.0022629291278171287,0.0015343096756623709,0.0023263535255049206,0.0019406871117289143,0.001406327226328108
157352,0.0012105821884509371,0.002256043622891904,0.0019677035652334585,0.0015931221053370331,0.0015414110745299997,0.001895805318850155,0.001454937443846005,0.001482236788987748
157354,0.0011302567999874058,0.0008654009168025528,0.0008302578175904997,0.0015900008274810085,0.0006464736324652033,0.001925313230542125,0.0011121453598070818,0.0010347150949607808
157356,0.0009270156511489436,0.0013186289059508582,0.0010200395100280618,0.0013616121096762246,0.0012135350748396778,0.001453033126519579,0.0014124251184972764,0.0012211134479359759
157358,0.000998764509957964,0.003182163721490383,0.00116434199426875,0.0015266534574459728,0.0010226301257322407,0.0013759156961819091,0.001925784023386834,0.001106363583788017
157360,0.0006993107101417456,0.0009961833920490992,0.001668880045314014,0.0009410582194216734,0.0012065464763240247,0.0011045096646731256,0.0015274506265827853,0.0011066932109860539
157362,0.0007583154717827473,0.001732632296147521,0.0021424236206227243,0.0025769876717183227,0.0015182710673490446,0.0020878767042847995,0.0031167981790182347,0.0024989146427384507
157364,0.00043624344658297134,0.0015339904179794694,0.0013253322230084713,0.0022077677467425977,0.001728484935841268,0.001355084121843056,0.00189006446630903,0.0012851621092910964
157366,0.0012097937355864397,0.0022579203186657987,0.0018102103273860554,0.0019788531601518944,0.0014397242532653842,0.002692608900879981,0.0029188513656075443,0.0017600024203458103
157368,0.0011679179680010865,0.0015641140161904432,0.0007007389960484757,0.0021197757976133685,0.0013585286306310729,0.0020163264873752085,0.0012876852767563923,0.0017357936481074976
157370,0.0010744062279660072,0.0012024381852127203,0.0005752727352302013,0.001730027566326911,0.0012670416692284747,0.0018088012347195065,0.0022379317648635877,0.001163971099165162
157372,0.0007925166551715629,0.000863986038088585,0.0006039272685982727,0.0007855207632057187,0.00043697709572848575,0.0010870712617916944,0.0009034196657077866,0.0006857380367117916
157374,0.0015731040736286506,0.0011624639768888084,0.0021556154471282785,0.0031721858319042756,0.0011693687463785185,0.0010649578552568428,0.001494014182984671,0.0011483420752581713
157376,0.0005979389690049519,0.0011600836935485859,0.0010590141057642555,0.0009691105901749181,0.0008943287857193921,0.0016485286403657012,0.0012528693261899676,0.0009316277350813196
157378,0.001372216527566597,0.0016933264812755144,0.001362595699822125,0.0022227558509522183,0.0015094639120643571,0.002895726629750364,0.0021816653551900433,0.00171798865260199
157380,0.0007845363882004776,0.0010462472656989213,0.0007919411109725584,0.0013762141886226736,0.001670433305279495,0.0018848465943844955,0.0009637172619408919,0.0009351288256344154
157382,0.0009671797196040277,0.0012997343320070437,0.00086284663016176,0.00137790819326572,0.0006778466172683295,0.001015717324906129,0.00114217977086363,0.0007836477351199633
157384,0.0004158332357408062,0.0007555247493017149,0.0010101221250389258,0.0012304334347362222,0.0007369918044279923,0.0018442187407719107,0.001027972897398366,0.0009551228777911237
157386,0.00042018373801257225,0.0008237364903965899,0.0008177862282393901,0.0017426477897848486,0.000599685416333498,0.001075019542213021,0.0014149992979997084,0.0012674525087214145
157388,0.001376570210823505,0.0019983398274223824,0.0014705128567987225,0.001173739757867942,0.001226234286343511,0.0010677370537777314,0.0017161816260211626,0.0014795826440905935
157390,0.0005913719330647021,0.0012595815262855942,0.000923812842876584,0.0017344358591654535,0.000839242410893979,0.0010954224348326408,0.0010778739602535503,0.0010700097156764038
157392,0.0007851057912757232,0.0023323435710458917,0.0018196345081711862,0.0014374493967830304,0.0011848983798634638,0.0015510950547610453,0.0026220731455254415,0.001420887885159386
157394,0.0004845832080708906,0.0010081576620744048,0.0008924363309099764,0.0018879997609749927,0.0008584435326879913,0.001473269814962777,0.0011872644375798963,0.001060976034082728
157396,0.0005963704537864795,0.0013297864524331043,0.0010375311281785593,0.001660073773005269,0.001022332800050832,0.0012587212328042524,0.0012385648162285268,0.0009674847891204576
157398,0.0008216626094335912,0.001749886928326172,0.0011291521884116001,0.001033461559424076,0.0009146583155822535,0.0010078144324317112,0.0013914646673696268,0.0010114318024952024
157400,0.000994804432730645,0.0013655967831272126,0.001010821508986584,0.002989053144347109,0.0011506319403956078,0.0020823165749297434,0.001487560834889226,0.0012917263668824064
157402,0.0009215065932892431,0.001782917865898584,0.0014736796486494175,0.0015606371694156795,0.0011540038153135534,0.0017744087323774554,0.00170376787370774,0.0013460459700747607
157404,0.001497192328435093,0.0020269301347519836,0.001855645536891229,0.0018548897761765937,0.0007854989418250337,0.002257933417926239,0.0014949606463355303,0.0017274387307475436
157406,0.001148020186726717,0.0026121212291511237,0.001594147048438202,0.0012683478867275277,0.00095874496665177,0.000867549654463149,0.0007126494784613115,0.000976238077446543
157408,0.0007633725071833908,0.0015744308874788976,0.0010645387232257608,0.0021891193439819295,0.001056235878216738,0.002635148691563019,0.0018746266803970763,0.0010901037285094284
157410,0.0008622247557009723,0.0009305644377597538,0.0008336783270144199,0.001271766491503526,0.0006912401727495222,0.0014249732116589225,0.0014175424394796132,0.0007436813684400662
157412,0.000627925178489034,0.0013785681609812528,0.0011597997458929893,0.0009948474373151633,0.0007274189291381662,0.001322620676608724,0.0011726176653742565,0.0006701410798243407
157414,0.000606062146400136,0.0012851661157498029,0.0013272782645738085,0.0015026375827843635,0.0007433644395069688,0.001398377422201072,0.0019175312723405114,0.0010780417692055622
157416,0.001350017399428305,0.0019197765851828308,0.001188488292001702,0.0020281445944742155,0.0011405192440214762,0.002741298682931659,0.002235652262452828,0.0011224712074913712
157418,0.0006061910981147757,0.0008958329535291437,0.0010985084987158583,0.0010500970742541998,0.000949088212954044,0.0012735797521691433,0.0011982172300069177,0.0009088461704322981
157420,0.0006825288049618905,0.001397107511221185,0.0013862323935732862,0.0014934100548647522,0.0014644763108231373,0.0015200692104594543,0.001219804206767719,0.0009765911383791265
157422,0.0007858860291973802,0.0007187505171660537,0.0011877527738819588,0.0013455963458586379,0.0009347127261321066,0.0013424685504693223,0.0016871218528804466,0.001257285245457443
157424,0.0005640684137275843,0.0009846995815723236,0.0010430271675955366,0.0014295691714239084,0.0008607691951719766,0.001400298843962769,0.000912428343311681,0.0010147729589032317
157426,0.0010640299922499846,0.0011216715705267277,0.000822364117541028,0.0025898977518101912,0.0010966856020738214,0.001794074230844489,0.0016565236417070417,0.0008735142314776935
157428,0.0006633711321072135,0.0012992003960321657,0.0008543723462466901,0.002233268995826043,0.001127711070948459,0.0013634739990680544,0.00130644767924043,0.0008018916665166777
157430,0.0009940373213757209,0.0016790462394880024,0.001433739734755371,0.0027598222341340822,0.001335121082231494,0.0014930806866169655,0.0023497076225665325,0.001904863757634781
157432,0.0006395092630528988,0.0013379677684750707,0.0020760855247468207,0.0015169115510833692,0.0005766005342449122,0.0011773147842310122,0.0016166785263028866,0.0010680701289311895
157434,0.0005323916465762579,0.002479036920271016,0.002551193910751995,0.001593180987513168,0.0011269038168420509,0.0017785391530402705,0.0023014969675300284,0.0010306292918125376
157436,0.000793217572479854,0.0011364461748014087,0.0013488257394467795,0.002024751058421606,0.000984958647510581,0.0011918392658574195,0.0012913228565021445,0.0010169823900021968
157438,0.0014086796770796384,0.0009130180838078407,0.0011124629248918105,0.0016749647751313074,0.0011079561620732647,0.0010709552987151483,0.0020010498700623464,0.001018410155274166
157440,0.0005221143844839383,0.001242782905054876,0.0015627868449537147,0.0017058689889153933,0.0011340114004855378,0.001648494457020755,0.0014339434285973868,0.0010766977075036266
157442,0.0008224800319002329,0.001413187127213611,0.0010276779009778109,0.0023517988303001364,0.0011493648440028675,0.0020404401128937266,0.0018389783166095214,0.0011448698315575379
157444,0.0010554865808865138,0.001616909205360409,0.0012056519749573114,0.002374011419603708,0.001852977154179536,0.002607432369737206,0.0016772665290074734,0.0010892249700970164
157446,0.0007439994826544151,0.0016135327493333046,0.0011984529657582815,0.0014031602854656239,0.001021678026015549,0.0017703592902158644,0.0009136088030325951,0.0016280249017524562
157448,0.0007605327272273144,0.0009155453178492957,0.001918736985610639,0.002343828765661249,0.0010377480892503343,0.0020421562151451966,0.0012718685228788745,0.0013070768394434773
157450,0.0009050151700398801,0.0010765153358032742,0.001527215355612302,0.001343199163415465,0.0008471542738217076,0.001292683583792531,0.002061925984214119,0.0010030918067473055
157452,0.0005641922870794382,0.001040385353448095,0.0007530963264874707,0.0013902520708909544,0.001121294811690099,0.0009809485880616503,0.0011693756254569504,0.0007569533410585333
157454,0.0007302902813920466,0.0009703190293024223,0.0009600239148364054,0.0014325367692147872,0.0007262220766999367,0.0012802583537316892,0.00200365902828549,0.0013468595844293163
157456,0.0007928557463350895,0.0021258452910812853,0.001569230581638159,0.0021102563842207017,0.0012479641983840356,0.0013236388752791428,0.0021406210719865926,0.0010363862184128991
157458,0.000535959272463471,0.001293017112788411,0.0016451495326491733,0.0015993100791007603,0.0007280036025959259,0.0018184381099030228,0.0010247975242272528,0.0016342612518322058
157460,0.000697212080298746,0.001333651123869642,0.0007209562097773604,0.0023474386548039683,0.0011824242579336897,0.0014823466530700657,0.0030956020083614533,0.0011742493042101732
157462,0.0008466657677791735,0.0014099262994815703,0.0008161691271994093,0.0017732382789282936,0.0006453287071259695,0.0013015281712134424,0.0018460099942905206,0.0007530419402296401
157464,0.0010521391792706197,0.0013945374231916358,0.0011903440207034072,0.0014786854695353485,0.0007896803859951985,0.0015371278199671767,0.0009893178311264905,0.0013116090513660833
157466,0.0008619484633155851,0.0011668536351261555,0.001157042771430264,0.002296445988823115,0.0014324126936449688,0.001522109380758252,0.0026203936005373407,0.001648201341825431
157468,0.00047066563516859686,0.001010934977418998,0.0006747040176420839,0.0015643020162769972,0.0005852427610626744,0.0007408148108846296,0.0013550111678552051,0.0008318736593092325
157470,0.0011401317854640158,0.0019477654285286056,0.0023167147534369215,0.001236594042752906,0.0018675480637723313,0.0017477420491656681,0.0036165447883516194,0.001054656006964208
157472,0.0012785231942620406,0.0010916976120631944,0.0011765911659387118,0.0012340421565435467,0.0009920658062354537,0.0019253230381393593,0.0015613792747527638,0.001785660955258575
157474,0.00042828259914030886,0.0012220527337378773,0.001231137606964916,0.00213256027861064,0.0010840857030069984,0.0019009873255662613,0.0021975261702134596,0.0013973812774177446
157476,0.0008306627581112537,0.0009150374730674017,0.0010707834099550478,0.0016181890239619912,0.0008651831762385188,0.001159723880151342,0.0013387323218983505,0.001253704138888312
157478,0.000754017613043171,0.0010096279891636112,0.0012411379083057117,0.0010735838654035157,0.0008779509048322809,0.0016562173817371573,0.002275751589243813,0.0012399780073559796
157480,0.0008577333441126544,0.0017141886095717457,0.002334031796253147,0.0039396942936511525,0.0008573396369595566,0.003455715520470415,0.003246941890476196,0.0011529888507544467
157482,0.0014738137936172319,0.0010887155361595374,0.0011708061487623045,0.002165945551440021,0.0011131093769473216,0.0015141212859905023,0.0018649946867644318,0.0016033013428021214
157484,0.0015200358050151408,0.0015338156282577314,0.0015644523066030147,0.0030739014694643046,0.0016996816415326826,0.0015897590049940291,0.0012495094160416276,0.0015432386697311756
157486,0.0005980312505275177,0.0006421897137288829,0.001076650279596747,0.0012897867739705138,0.0009854899795449512,0.0009341582605993382,0.0016362346885601259,0.0005332648005896973
157488,0.0012106073340071438,0.0011899556420070234,0.001558444265664219,0.0014151046794472766,0.0012877457006234133,0.0014980088757688415,0.001501055879790117,0.0009777829136234928
157490,0.0008332423271762007,0.0017149919715510192,0.0014551062589573949,0.0018020049963131252,0.0011284793188115622,0.0019394213653720627,0.0024463031512822614,0.0020500282711424234
157492,0.0006839642141391634,0.0012249337756643636,0.0015338424734441386,0.0019211038300532973,0.0014231881109714184,0.0016827371600097868,0.0013378944591411202,0.0012831190953367516
157494,0.0008712505719600389,0.0015786186396622576,0.0008784153400802387,0.0012594165302061283,0.0011960458901052462,0.0012921018193365885,0.0012346743177750336,0.0011537406053575006
157496,0.0010460780943390008,0.0011119602586663474,0.000657148848426381,0.0018190878975988256,0.0007858889533385871,0.001306301184223424,0.0007887098327075161,0.0012910701256396845
157498,0.001113666753894807,0.0019071689960272753,0.0015341354514014777,0.002501361853523898,0.001553552650628856,0.0024268758835963716,0.0022488714545177424,0.0020343322350347415
157500,0.0009491296439480303,0.0011278827153644727,0.0010261107114146878,0.0024555414728098107,0.0011459707528524987,0.0019733942369249413,0.0016524275619867468,0.0013252880113834298
157502,0.0009446817327982832,0.0012605201470172744,0.0009843402658361727,0.0012294010654308046,0.001316082885132866,0.0016764104311778466,0.0015406933242884252,0.0007200546539334364
157504,0.0010204547873746694,0.0015225637453010338,0.0008933225153887371,0.0026208768484853456,0.0016300105133315729,0.001611252735568558,0.0020736857635919037,0.0016758314839193794
157506,0.0008826304444351646,0.0007791497351562621,0.000593708160919696,0.0016147022516710963,0.0008934583594326674,0.0013270136254350806,0.001122313952999443,0.001227903320014434
157508,0.0006405288955489002,0.0012316516177751091,0.0014683659634029539,0.0017729509022352957,0.0008361171431050009,0.0017783572293362943,0.0012681908079286708,0.0008294302082922957
157510,0.0009739574677001261,0.0010096810195179412,0.0010160851719582947,0.0012961388305648414,0.001252746171994057,0.0014101073111377205,0.0015389826878617896,0.0009165251145379395
157512,0.00039463120026456133,0.0007344152784406616,0.0007277621878021591,0.0009404506933528012,0.0006643973145799148,0.0005786901807814382,0.0007998503330175627,0.0005085380293501501
157514,0.0011176634617977715,0.0012473194338228494,0.00134254143902314,0.00180975768450721,0.0012364664513389578,0.0013398930613595234,0.002753778279638866,0.0011633839905942356
157516,0.0007375825375176594,0.001119989121245793,0.0008289544554629935,0.001559108182314084,0.0009289700624388747,0.0013350984864847343,0.0009025994417048017,0.0010464817665690185
157518,0.0006830639006438245,0.000923793481066585,0.0007560750250412834,0.0014297277750616733,0.0005253382425199349,0.0014891434640307427,0.0022834435135489356,0.0010607959694657887
157520,0.0006863449486594342,0.0008131289078013339,0.0008598728751679913,0.001716635994603033,0.0009427314431400546,0.001386128370121975,0.0013018598821051969,0.0010764092446289286
157522,0.0006410628323152423,0.001255347144252461,0.0010228874616947797,0.0020220913446568206,0.0007492092938195562,0.001089620896302726,0.0018745692602645386,0.0012613728518935524
157524,0.00130671995558386,0.0018149493545117773,0.0013141177920852898,0.002276244240139391,0.0011133191849008878,0.001579427484177734,0.0030101738279168094,0.0012039376440598076
157526,0.0018440997173957557,0.0014961661934869697,0.0010723660388558542,0.0036234585326134217,0.0007407214293744281,0.0014513278856710526,0.0015474216873068297,0.0021864363109185825
157528,0.0007155760630341325,0.0011090662392815448,0.000948352475722572,0.003608481503296637,0.0010994809174604825,0.0020666628021904915,0.0017890221909580561,0.0007997755311086596
157530,0.0008340735570964292,0.0012482566342791324,0.0010008796104916812,0.0011464293318957375,0.000493767581561614,0.001096677706560245,0.001229473429514849,0.001035177695730971
157532,0.0008405712216287865,0.001802652790565143,0.0010718203157228517,0.0015487050819856935,0.0010226851643136414,0.0011653263347108922,0.001568055834559337,0.0024761197771374643
157534,0.0014121207645212408,0.0016830431111503064,0.001023204410649639,0.0015184458401168582,0.0013136038625401053,0.0013988502694531335,0.0017931367633278322,0.0014724263032800528
157536,0.001157790522408067,0.003163235930698838,0.0014958633203391442,0.0011887739316241014,0.0013258169718213808,0.0017926036110815918,0.002389221955185983,0.0014810004534746568
157538,0.0010760836702594645,0.002055400579525371,0.0010874586884562915,0.002699618502756407,0.0011488834546430488,0.0017312633441548542,0.002033242913928257,0.0015603048835156758
157540,0.0010025826438170432,0.0015386617753257448,0.0030935578523829665,0.0019004555871544732,0.0013265145471225287,0.001528533747281513,0.0019800239577429934,0.0010218249686839848
157542,0.0011915980089143852,0.0020676275539702887,0.001357102104917518,0.001954467606779531,0.0008433057746636864,0.0015033917690097098,0.0019396402243116034,0.0016772137411733556
157544,0.0004933219159897195,0.0008821769565053317,0.0013153577940239192,0.002051066740405505,0.0011177616030057097,0.0012582198389898824,0.0019984264244213984,0.0014734379742975673
157546,0.0006772698449824532,0.0011712054139017547,0.0012353862491348289,0.0014831227020013632,0.0017494633943199306,0.0011133579667349652,0.0013600724061740288,0.0012253147804273112
157548,0.0012577233011984573,0.0017049397856144233,0.002110040422899362,0.0020696821275013044,0.0012428052309370607,0.0024080576386951297,0.0028096997059551404,0.0013546552025084507
157550,0.000661751742535386,0.0013489444986645172,0.0009941160159634421,0.0018494653393115318,0.0006463316569949168,0.0019666791521624205,0.0017359761754400793,0.0012388501172913013
157552,0.0011139348019345713,0.0014442071599152367,0.0021533267559208924,0.0017909469286172541,0.00215439486803172,0.0017339980661335574,0.0019757799735806714,0.0011793434293725508
157554,0.0006830781156123879,0.0020658161199522823,0.001055123285576054,0.0020748965005887854,0.00123258945397553,0.0026205610349949865,0.001685133858937482,0.0010210686958744969
157556,0.0007205176607991692,0.0016010235038541598,0.0018913094690597987,0.0017948683195272985,0.0011427365705865,0.0018979203775335712,0.0024293173161386156,0.001631948575277209
157558,0.0006684061470987879,0.0009645446635317967,0.0007823579517674852,0.0015344766133795762,0.0010946295349335694,0.0010584431882624395,0.0010058956948350156,0.0010694648361654485
157560,0.000878698455215491,0.001502247998851125,0.0017920374208051926,0.0017608764734640264,0.001416669887483249,0.0011511832124838778,0.002634685163320896,0.0008985183143437325
157562,0.0013835115931919995,0.0024362514257072476,0.0009326689993716143,0.0022237858818885403,0.0012554094444505726,0.0016815124114771957,0.0020279479749394508,0.0009449447560253323
157564,0.0019408275933486957,0.002187376352687176,0.001029408115107211,0.00283206785845104,0.0009185796511236438,0.0008148928265861201,0.0016211881359362579,0.001154627793428356
157566,0.0006776768958317719,0.0011008771901038217,0.002994315438329412,0.0009687702472227812,0.0010556117277273902,0.0013406404324539795,0.0011860581486306115,0.0016309705239914152
157568,0.0005236114791765112,0.0008641766878257663,0.0007234560317644113,0.0014047205511196759,0.0010573594747721599,0.0008992941184646913,0.0010667534706421677,0.0007444553854162352
157570,0.001193705587777108,0.0007918383759416593,0.0005441173184037584,0.0013195153845973473,0.0008053155629318999,0.0009601870177631013,0.0009561220096800972,0.0009872536153699013
157572,0.0010822836416252285,0.001531494700244329,0.001304202414615943,0.0017820087939469792,0.0014470904205872298,0.0020466926449105305,0.0013920361379833462,0.0012671013415861548
157574,0.0008554307475227597,0.0013035510814793927,0.0009058635119312819,0.001915894458483225,0.0009551141279061683,0.0012069960515939115,0.00147161447277612,0.0011498422918840984
157576,0.0007829765983140315,0.0014519322429445425,0.0009361509574654647,0.001258656471528674,0.0010791262374576505,0.002139671832497081,0.0011526847773041388,0.0013245305611210428
157578,0.0008525571530178279,0.000931707899156229,0.0009208448190209939,0.001117515012727513,0.0007579622092042243,0.0011067970661155085,0.0010421454691054155,0.001026155342100099
157580,0.0009620985351804223,0.0012207849003627175,0.0008034587710108489,0.0009694889222198189,0.0005807731928571293,0.001226912202529365,0.0013656212874844087,0.001063649192033722
157582,0.0024208495222224347,0.0011279640383430323,0.0018544671949412145,0.0010862632191219745,0.001391394631377621,0.00187435797465213,0.0012971999181238397,0.0010460279721184046
157584,0.0010484272321114596,0.001300454567267073,0.0015153768774501947,0.0018858316758585958,0.0015375525759591668,0.002301136688607333,0.0011577841845205605,0.00098210752741551
157586,0.0014284651057827752,0.0012946119488932428,0.004215487827379016,0.0027820196489686394,0.0007992961444763837,0.0011318351445838287,0.0014328292140295545,0.0008599100167888812
157588,0.0017419287747819784,0.0020650539156810144,0.0017755440958389102,0.0019379123296090484,0.0015857199645866876,0.0015830562118203245,0.002954632387203171,0.001980802802781581
157590,0.0009647839393217006,0.0014914824423256784,0.0018215203089880228,0.001996115926917952,0.001693534356862758,0.001571480382340562,0.001851082508160365,0.0009143816309231806
157592,0.0007739555327764026,0.0009321518772554029,0.0010755335810580663,0.0017184250377893506,0.0012073457791448444,0.0013561962275455836,0.001961490802109958,0.001009318594285491
157594,0.0009872086683637843,0.0013700298618830736,0.0015660384568044888,0.0019657610421443122,0.0009431249550431176,0.0014692397256804851,0.001243720502011103,0.0014830810971844799
157596,0.0009605051833629398,0.001784966486210307,0.001279271905427884,0.002699376947668475,0.0016627185860420557,0.0013701208691947603,0.00209696137462613,0.0009862905220563989
157598,0.0011027520587254674,0.0013533704964209387,0.0011606897677707284,0.001507775335191655,0.0012111300059208935,0.001415279856759169,0.001837648455469465,0.0011511923129932239
157600,0.0009090360908280172,0.0019211580397138356,0.0019601869509988795,0.003147920985892283,0.0012012347976819715,0.0029908163713182057,0.001978270542280447,0.0015022520417163343
157602,0.0012515294597581633,0.0019391510079600494,0.0019556117296910674,0.002610998777616405,0.0006536428581410819,0.0017955789190095134,0.0022783946134588007,0.000978780305477045
157604,0.001036240390979215,0.002182780154245792,0.001002267961778061,0.002658170803791826,0.0013613424200007579,0.0014928195786913095,0.00355658230431323,0.0011343832631954959
157606,0.0008614529761530321,0.001022104117404679,0.0009181468190138653,0.0015255887548549923,0.0008201402525920415,0.001528750767062062,0.0017163976905374412,0.0013489026313390357
157608,0.0005940347995238605,0.0008111029124047466,0.0007361326295926042,0.0017754816210058394,0.0008264993409584677,0.0011294558965000423,0.0008104981731362759,0.0007373584559283858
157610,0.0008056129711678239,0.001786432396053153,0.0009436059746864012,0.002199645681927667,0.0015565330227086532,0.0010220698172139914,0.0017605857235582084,0.0012143039752881557
157612,0.0005396230099278011,0.0008315479160153939,0.0017614833739900693,0.0015765353098336071,0.0007592385071567322,0.0010857198627695214,0.0012230760207343483,0.0010172589754580685
157614,0.0006007788098841976,0.0009251522438178707,0.0010028072447093722,0.0011716572825953286,0.0007703395946103697,0.0011219238596616027,0.0017057803652310022,0.0012980440005421756
157616,0.0005850114421751679,0.001057838014146606,0.0007632564101920369,0.0014225855512803864,0.0010259603584945737,0.0013256070025848832,0.001206736183251289,0.0012102887565248466
157618,0.0007842072180324622,0.0011051931845271756,0.0007176186001934572,0.0020228083836455607,0.0008875095252903892,0.0014050788450343937,0.0010505490940078271,0.0008980982734108217
157620,0.0012232094338868738,0.0011965976254194738,0.001173064447552774,0.001700008175248513,0.0011278096522963216,0.002383865295854118,0.0017160538456933438,0.0010067536523700321
157622,0.0014634155626334217,0.002036999311869403,0.0010069531858090258,0.001978614203538412,0.0013867389742073938,0.0013935084373484785,0.002263289238975133,0.00112119701444513
157624,0.0016129318492309613,0.002238149592299843,0.001241233978711842,0.0025261904194500695,0.0012875633638892575,0.0019533544426464378,0.001563615487600034,0.001093534099539717
157626,0.0009521467781342698,0.0011494641146834184,0.0012505038208615732,0.002051757174431623,0.000944886583172936,0.0013321852384331478,0.0011122549370025242,0.0007487665144800815
157628,0.000972910479630551,0.0013688928011780371,0.002194106434632706,0.0020413078359183268,0.001677776142142498,0.0028795692873473527,0.003385001770050425,0.0014508669668668178
157630,0.0008517628587141092,0.0019452060760161288,0.000854049085609463,0.001981327755784301,0.0008439734942978228,0.001192991359992901,0.0011652073068413316,0.0009591752645480428
157632,0.0007967870591146821,0.0009328935928718286,0.0008128290532423282,0.002566701630763238,0.0008184293817019607,0.0017568618728844992,0.0015976803610016077,0.0014376722814725268
157634,0.000525147852079369,0.0008993442791423202,0.0007385796325158102,0.0018325388974399642,0.000601915971961145,0.001530111205589657,0.0014058025537275753,0.0014188608921553852
157636,0.0008530445265504706,0.0010455275386923035,0.0011042343352676287,0.0022838237682443335,0.0007910364332114651,0.001605763514206382,0.0013685242676447218,0.00067421467075807
157638,0.0010454923658829163,0.0010120951368755016,0.0009763182759259387,0.0017643366751366601,0.0009078277226636268,0.0010968289599348063,0.0013605021821994634,0.0008697465396226983
157640,0.0009254019950399907,0.0013652204348355568,0.0017909349470302538,0.003326478708795891,0.0009930378189100392,0.001613315777971247,0.002047119394167629,0.0014967556016060174
157642,0.0008705172982992893,0.000904523923335232,0.0008155944183196907,0.0010061622606544335,0.0006155034444045443,0.001383561753942955,0.0013572516957051223,0.0010387350202380047
157644,0.0007660892020078559,0.0014387004865688002,0.0007380505377252572,0.0014012511247175063,0.0007241652181823634,0.0008510973895379005,0.0011048558559139665,0.0008295149677621551
157646,0.0014240477662200157,0.002947841410019303,0.0011126965306487713,0.0014456589123582747,0.0011712762995017556,0.0019057236271058514,0.0012963539641754895,0.001145436616391271
157648,0.0006669028889766705,0.0014121182447080077,0.0016326059904408496,0.0015690027389825278,0.0010533108905091404,0.001833215443648728,0.003791084624039931,0.0014644258445983965
157650,0.0007724865430436406,0.0013128732456341302,0.0010515259045945774,0.0014682546202166163,0.0013491636970320992,0.001953592198411569,0.001496770590514021,0.0011918197174773937
157652,0.0009336365140870419,0.0016534544391275663,0.0014893959116664274,0.0040527449459573095,0.0012687411570520002,0.0017653057145034096,0.002392416169039402,0.0014709628835302274
157654,0.0005532832929786569,0.001381985866264604,0.0008938266378101384,0.0012740416462320159,0.0007948092648073259,0.0010401770077272943,0.0017444798957280128,0.001374286995564411
157656,0.0007773897446489188,0.002090441697235615,0.0012314121161761116,0.003824721648683971,0.001356417111895214,0.0021004852104467148,0.002378357677036702,0.0013919635858444246
157658,0.0008340655956315945,0.0009239702358776469,0.0008339875968034517,0.0013593814445112123,0.0008019000003764987,0.0008410323619379434,0.0012297116974322453,0.0007664999432373115
157660,0.0015103836939296539,0.0016499982541833824,0.0016040412878629007,0.0025653372726211487,0.0011111949234448582,0.000919348930463762,0.0019865339560534157,0.0015426404710309344
157662,0.001750690194280216,0.0014273679408347562,0.0011182458957975788,0.0015958940179281456,0.001060185756308632,0.0014496097460870438,0.0019630185615524542,0.0017713851712983925
157664,0.0006550892467203084,0.0013786049534371264,0.001336219792804641,0.0017373634483333067,0.0005867185276743486,0.0018168174830213296,0.0015007389464255644,0.0016723480172902705
157666,0.0008012063284483818,0.0011770655440577205,0.0007861107861941719,0.0018948105005245353,0.0006810729316222876,0.0016724217522758877,0.0012714022410001413,0.001572457864601487
157668,0.0009503655294338387,0.000928062620121628,0.0015879272179972759,0.0009937380754807684,0.0012088767890168356,0.001204549635787977,0.0011914817616225926,0.001041305736507958
157670,0.0009365845919942495,0.0013505704382774653,0.001092093248713566,0.0028114108029315826,0.0012290716659558165,0.001481610956926685,0.001357759542436457,0.0011707383365422985
157672,0.0013151319026230013,0.001195365995340994,0.0013554020157103275,0.0023829057581270657,0.0009188644231130638,0.0021210877562639757,0.0019667171498189,0.002217196684332956
157674,0.000684920106363316,0.0006959615314317547,0.0008151379664589481,0.001133544525620478,0.0009286064192880229,0.0012188621440239467,0.0014423534557397866,0.0010767761858705566
157676,0.0017426048686358803,0.001509626018841248,0.0027582728639039544,0.001636606912729599,0.0011666787959399016,0.001981893907490942,0.0022153415518834235,0.0011002958376309935
157678,0.0006233604774053304,0.0009182188377313688,0.0008686402288549423,0.001382792260589183,0.0007337016948503194,0.0014843530336099975,0.0014808281359086767,0.0009176677068297202
157680,0.0007751299868264151,0.0015164736982714033,0.0009021621113819572,0.0015507288716798545,0.0009044858303950409,0.0017275595020196932,0.0018757497755927943,0.0011748289326867778
157682,0.001251985229178132,0.001238875030248901,0.0012908460618655249,0.002211011374537733,0.00117101877574749,0.002128287066983925,0.0019440400350012599,0.0014548277476933436
157684,0.00121379385715438,0.0016645382871525172,0.0010589624623082022,0.00304431339487371,0.0012854097201717707,0.0021238852567535688,0.0021290254422834942,0.002736881099086444
157686,0.0013958465279548943,0.0022617837678973324,0.0010157909364810203,0.002254159571365655,0.0013414494100096874,0.00183095312380388,0.0019343326895977647,0.001279405151022997
157688,0.0007762370356966287,0.0010649850871056188,0.0013484541717956322,0.0020108578462113696,0.001145061685630236,0.002271752641605451,0.0016313656214157618,0.0011882234895246313
157690,0.0005335714426294574,0.0008327976259204922,0.0008530496403592047,0.0014198287271584148,0.0006794085660444295,0.0009338694206612354,0.0009229246730791396,0.0006595325227137933
157692,0.001406521977967548,0.0015972768578444013,0.0011466117295849815,0.0011148466055478506,0.0007579846703150185,0.0016505215668945056,0.001211110818548758,0.0007910138019371106
157694,0.001182781425774826,0.0028893697637800836,0.0010056213674281,0.0031093234116505997,0.0009596063513857139,0.0012666698757934913,0.002433564659227949,0.0012438968170774972
157696,0.0009604872880353416,0.0011271684502709434,0.0012218290119010572,0.0021573772319563034,0.0008494271456441528,0.0017310013980381816,0.0017204464737875652,0.0011992000452894086
157698,0.0013578095087066894,0.0024698718413042192,0.0021321790713833,0.0016729248388770573,0.0011703995597929368,0.0019002201128446305,0.0014081953856340257,0.0018852244211556984
157700,0.001479176861692244,0.001114087489354279,0.0009520012559572112,0.0013227152439024281,0.0014643984734503818,0.002131442901177394,0.002270714400122442,0.0010268640737681883
157702,0.001154141506325923,0.001192858061145552,0.0008783853087016326,0.0025167661930005636,0.0009232120419707147,0.002619455456305042,0.0010290562674966086,0.0014328715180648294
157704,0.0007295608949884486,0.0014708048663012452,0.0007881030432036612,0.0018854243482409189,0.0008908906525582939,0.0025224040218324723,0.0008046325671689537,0.0008718296034392094
157706,0.0012891462737321668,0.0007202916876592469,0.0007545925135044179,0.0009741746533858398,0.0008938909021997989,0.001371514209813407,0.0013582570498080898,0.000670509133556832
157708,0.0012900977173951333,0.0021890925020215946,0.0018087977491157425,0.0018159756902724755,0.0013784331673036831,0.001852423954613172,0.0020869889271507708,0.0014648646732352
157710,0.0007818983982019745,0.002089020744520678,0.0012128761740599764,0.0010095934254859135,0.001060485139156922,0.0009017502807377765,0.0026011085780269227,0.0010524441917020427
157712,0.000544523204565453,0.0011055716878962674,0.0006637643875202805,0.0020145209513044993,0.0007283160338585372,0.000970613683792268,0.0010980902218103022,0.0011910481989616528
157714,0.0008992193827671337,0.001433298823827478,0.0014143278637135381,0.0015524386830310238,0.0012179435867088473,0.001616469431455228,0.00226046051537665,0.0011223324235909993
157716,0.0010335983284509714,0.0015434786841889286,0.0012945744183534558,0.001087592596409559,0.0008812154785931003,0.0016512078406263897,0.0019826498974944706,0.0018441374717066555
157718,0.0012642863383406505,0.0013040754174460517,0.0008050918821507526,0.001572559204564783,0.0011687874099846618,0.0012821499533438724,0.001526568744981971,0.0005868740128792439
157720,0.0012833227364064115,0.002501368560877071,0.0012334823774935583,0.0011168959170626686,0.0009600330334595987,0.0009867292972964986,0.0016350980846152746,0.000964903704063106
157722,0.0007389573117668781,0.0009079095501397655,0.0008660716246272106,0.0016456808411163953,0.0008396929313863079,0.002182196441548323,0.001769590074409147,0.0009436691433673539
157724,0.0010431393011312157,0.001069301594280439,0.0019164857575816457,0.0011476983433154203,0.0010067032993066882,0.0013170936975504532,0.001539195771225868,0.0007641492872302903
157726,0.0005776707160559148,0.0012066688912293344,0.0012676198872175193,0.0013515026471024871,0.0010093022618260644,0.0016982183080573865,0.0022369421581749926,0.00232319296325173
157728,0.0010039823266305703,0.0012576226314564565,0.0017817615916383561,0.0014464425838639633,0.001792154121233125,0.0012794981605603883,0.001378596654344047,0.0011305609071001754
157730,0.0007034053857896266,0.0008238023537239375,0.0010693493473336174,0.0016910783774305577,0.0009409247456877191,0.0011992609363377232,0.0009210722806468064,0.0010318691423140264
157732,0.0009139799719202202,0.0013591377953368067,0.001047519621718132,0.004205355652565024,0.0011950914128577989,0.0016882488417713781,0.002125545749491531,0.001679283768357076
157734,0.001040527626872692,0.0010515819569513335,0.000988347406988055,0.0015125784625036331,0.0007924495377754776,0.0013506640827981031,0.001245142151549819,0.0007247881975716575
157736,0.0005770975558455071,0.000648890834632241,0.0007519830266033978,0.0013328292691818788,0.0005870403498031695,0.0008571349100566922,0.000995832567199706,0.0008221057166860751
157738,0.0005560824501851247,0.0010934271730290157,0.0019212605829706103,0.0018099294792717352,0.0006344294765237152,0.0023214436875501065,0.0010072492125891147,0.0015459803351159374
157740,0.0009164493279069687,0.001401036380148435,0.0030274341515968,0.002680890285928897,0.0012996242054480606,0.0013809197149112912,0.003068262199648633,0.0013456753321517412
157742,0.0008677911769422592,0.0011073920342569293,0.001112389617502832,0.002130011517327779,0.0008167704417975964,0.0016771722438060355,0.0013796583110681215,0.001230589464437673
157744,0.0012614038118530235,0.0021450708933292706,0.0015713138064308296,0.0016513452941504525,0.001173327045139741,0.0019188185766501192,0.0019242450058563065,0.0022973597479247904
157746,0.0007377468519250176,0.0011531436855884009,0.0012601469313417019,0.0016666351545788771,0.0011651844175633586,0.002049447409869176,0.0014125721273325897,0.0011714012469688506
157748,0.0005421181734036364,0.0005803186528653172,0.0012155242801443894,0.0007935329918995621,0.005046962765412,0.0007145445338269246,0.0009007823289076816,0.00045925666392985023
157750,0.001409020576466094,0.0019543803206210214,0.0015639381078461773,0.0009615678872838297,0.0008477275210764558,0.0006307892393547822,0.0026784824581262967,0.0009039489173333672
157752,0.0010046618703608012,0.0023923232414985313,0.0013359471833007674,0.0020627292322226154,0.0010928359687434885,0.0017291147317716332,0.0015665910419685597,0.0014404588082470582
157754,0.0004606304352540308,0.0018162116011956192,0.0009004317354236596,0.0015951610133702193,0.0008555977857621772,0.0015593120628066975,0.0018584115527033873,0.0011182316943619264
157756,0.0010518180214150186,0.0015630542960724109,0.001705868681190284,0.001900060648184057,0.0012169752115749471,0.0013908171795568164,0.0019782973845634683,0.0017867684184693644
157758,0.0006559670257223794,0.0010375872862802282,0.0009099540756399987,0.0016809997873902388,0.0010008699463375792,0.0016954953922179161,0.0016987427631045549,0.0008945555113728
157760,0.0014465063408855006,0.0018268838947902571,0.0017472729932530573,0.0017682225746194075,0.0014009161861511382,0.001773033724570286,0.0025692282545559803,0.0018920709919947876
157762,0.0009051136819508733,0.0018365946195509353,0.0013328785025971263,0.0017693283785371605,0.0015750399489584815,0.0016428297660176505,0.0016797991843909288,0.002063690019368916
157764,0.0007625843945078016,0.0013389899478995076,0.0013674211688337184,0.0013975018767334313,0.0007013324816712713,0.0011297230832130328,0.0018360192888602356,0.0010467524513180365
157766,0.0010557327665452476,0.0012157778189259144,0.0015645012261880087,0.0016694121274989926,0.0006068950713198351,0.0020573818188266563,0.0015462182188979434,0.0015105354255008502
157768,0.0008235070585250193,0.0013090509500399694,0.003598409911777234,0.00216841197776102,0.00146719592895167,0.0016904068412541134,0.00195949066361667,0.0008487259066674059
157770,0.001388197366420707,0.0011097323042028734,0.0016949429119729326,0.002193679634743262,0.0012806862615756393,0.0015921426796744603,0.0028481050870261676,0.0014965696877360934
157772,0.0011119873396161495,0.0014537222073235517,0.001841491766577455,0.003767813420090471,0.0012896462997746966,0.0028542313268369868,0.00216614840373186,0.0017516483072841371
157774,0.0007628803906676446,0.0017026166551312727,0.0012837212577460205,0.0028543268589925064,0.0018014477586808658,0.0012574210398609426,0.0017607310955103928,0.0015690189707488061
157776,0.0010056130980182904,0.0012261236665339764,0.0008821743009895244,0.002326941832628951,0.0012365885407286115,0.000833219637657593,0.0016459676866285022,0.0009133636882207065
157778,0.0006675415452406241,0.0017041581586722115,0.0010068505796517885,0.0026809685980247466,0.0016370093241219325,0.0026413180304168393,0.0018977499739725179,0.0006775384188845296
157780,0.0007275183010266861,0.0011040404863228576,0.0011077329734556773,0.0007934171419532593,0.0010126280473423677,0.0008187657633855518,0.0012058198789077906,0.0007210223287324041
157782,0.001599367883661898,0.0011402361915181652,0.0016743833337271585,0.0026080152504404652,0.0015196387440659237,0.0026855095677638108,0.002389592706749044,0.0012897150642823263
157784,0.00112714368646806,0.0014616976869712972,0.0018820574126027362,0.0015419885548302453,0.0008689246195595392,0.001434728151846143,0.002684252176660698,0.002376983311399697
157786,0.0011748782204713676,0.0011827332536512025,0.002255088938424424,0.002054479884994534,0.0016687905615617726,0.001249628460357144,0.0022331235826977963,0.001891405380106903
157788,0.0009377102986050968,0.0012420444253942314,0.0014566658459252424,0.0015481237068828424,0.0009295151495476578,0.0011860378779494085,0.001190862557465755,0.0014422903562162498
157790,0.0009229162982880151,0.0013598460041688853,0.0010398120324772858,0.0014368116296164524,0.0011537838810861262,0.001644001377417173,0.0012596026804107124,0.0013309028082070379
157792,0.0006715282702657345,0.0013856876313940308,0.0010466480780744192,0.0011825185409044536,0.0005588052720746119,0.0019519864756598754,0.0016761386368466802,0.0011352059938797426
157794,0.0007725513600584932,0.0010950003081083987,0.0007116037638943973,0.0018581407999879312,0.000889230445311643,0.0010165963262951522,0.001398083221710436,0.001179754639679731
157796,0.0008626533918179059,0.001596693282930453,0.0016948723629551937,0.0019345086600966455,0.0009608576975696087,0.0016322986383933286,0.003075231733772457,0.0015025541168898204
157798,0.000940239356388553,0.0009238298270874967,0.0007361478918001124,0.0027763914909828546,0.0011824365554993221,0.0013406922651826442,0.001768957336367727,0.0009042609863524377
157800,0.0004804345980622404,0.0007826953839777974,0.0004779597590070517,0.0016879102770526178,0.0008472942601287642,0.0012214685997758018,0.0013915527707040187,0.0009900045848212358
157802,0.0009342089288896828,0.0016880685349962704,0.001991407507149892,0.0020701655054369272,0.0023709086061975,0.0016479209557049845,0.0015039973346233637,0.0010656387559260239
157804,0.0006151688298304848,0.0012259827900385073,0.0006216883499384242,0.0016147857823790718,0.0007512042883511295,0.0011694477296076422,0.0012698321244775657,0.001205984172208352
157806,0.0012257774900837348,0.0011484779131316764,0.0010260076110824162,0.0022003907405650086,0.0011874171923500487,0.0016823038023006248,0.002924178837366301,0.001362416663830468
157808,0.0012587949833877676,0.0009192249115275164,0.0006732083819684931,0.001592133463680645,0.0009295776176543868,0.001265563834601302,0.0013474076003366364,0.0009424776486509391
157810,0.0006376899128504067,0.0006306767821280569,0.000723167986455886,0.0008665599940332926,0.00048419425087743717,0.0016171168305822992,0.001998171301718657,0.0007777548816480101
157812,0.0007602872100277575,0.0010806412942108157,0.0012909330616191067,0.002630590141762826,0.0012877122801677743,0.001324317711286549,0.00118143579413367,0.0015464865925199356
157814,0.00042274110073842533,0.0007957007545252893,0.0010563114279498742,0.0011730491366468976,0.0005300551834799827,0.0009010755114263191,0.0012600612397248995,0.0010034266789476498
157816,0.0007948475992967108,0.000978684971993951,0.0014721630055503088,0.004090587215735353,0.0010530804612886163,0.0020864916774457343,0.0018750925256617729,0.0014357126748958948
157818,0.0011280518704527426,0.0020523360001887397,0.0010309976759163147,0.0030489020425419344,0.0007792138952056361,0.0015451651653836246,0.00191753192485683,0.0011109570053344786
157820,0.0011473820972396909,0.0017231185186261655,0.0012255312571607946,0.0011565772600621305,0.0023491846951322892,0.0013639623711042687,0.0010683423736585068,0.0006329134922356539
157822,0.0017122950986720037,0.001831727589457835,0.0026600676064112566,0.0018233545921121502,0.0012604685653731101,0.0021830172119194913,0.0021296858947778136,0.002091203120629326
157824,0.0018818150007621354,0.002194817394635118,0.001367992365829629,0.0032926565853321765,0.001799152355498601,0.002419606960491427,0.002612318482661094,0.001777309228416249
157826,0.0007211017555095456,0.0007578988275903087,0.0011947692179179459,0.0015228367454712122,0.0008061991730476704,0.002294416658581558,0.0015635810178156323,0.001044784939891255
157828,0.0011073166627829784,0.000994246397433854,0.0007893388347263303,0.00195715071237014,0.0008372305774852068,0.0016918959198395506,0.0015451021985859459,0.0015330704763239084
157830,0.000663729740281449,0.0009652131596499282,0.001022734009316753,0.001758922970479651,0.0008691635876537408,0.0013602760192164137,0.0022876280564254753,0.002384874873984588
157832,0.0011561120956891102,0.001366994157840487,0.0011426479167733206,0.0026192159894868894,0.001234404680558035,0.0019388790290470054,0.0017208031211479874,0.0009593898727625755
157834,0.0006421176852648737,0.001208889223378376,0.0007732285808518015,0.001610485713912993,0.0009096533848780425,0.0013298617129129386,0.0013427347261164707,0.0009306372827812305
157836,0.001247012110832238,0.0017348305718260099,0.0012303989370421875,0.003114465949988557,0.002367278896447056,0.0030059771571475796,0.0016608443141181845,0.001876154765998242
157838,0.0008269519990848108,0.0020586114507710335,0.0013789825885979767,0.002009381714602798,0.0013040086925975164,0.0017284102849031285,0.0018890494591634749,0.0018131418300510044
157840,0.00040040330915071254,0.001088777487976214,0.001178258301315474,0.001961161169251824,0.0007585034196736645,0.0011929432377353472,0.001566786858605021,0.0010024120866263808
157842,0.0008873935544684332,0.0010665113562614709,0.0015531268646584856,0.002315637604299925,0.0007543262661224848,0.001419491856193958,0.0018627636431572392,0.001552150420184431
157844,0.0010725400066213947,0.0011936816480331292,0.0013341961741284436,0.002170301506400199,0.001433567932223545,0.0014441420379041198,0.0028541592807272004,0.0016875552185278142
157846,0.0007480748255173399,0.0022605058573823555,0.0009149717768566767,0.0021538070105329293,0.001206831430551114,0.0032220758980167213,0.0028019099852334556,0.0008920609956084326
157848,0.0008816025730121191,0.0018961346038027238,0.0010829063100348396,0.002295048385550627,0.0019431807594385564,0.002457788579329767,0.0013796530529652934,0.0016821479538648015
157850,0.0008997117571390434,0.0010026939974178278,0.0011342171469481827,0.0014324456859424878,0.0010952490867369158,0.0011117711981039613,0.0012504806355312509,0.000685904666824444
157852,0.0007246920208704745,0.0008462638804614987,0.001059780904606511,0.001967887987913086,0.0007261589321241914,0.001141137552826757,0.0018380911566886482,0.0009211727932651216
157854,0.0015571674253345297,0.0015401441564438928,0.001863296836347672,0.0021865690473383964,0.0013629876399368634,0.0016112987925822608,0.0014009644304540658,0.0014075087963965616
157856,0.00047639886998563155,0.0006195144180937279,0.0008340054555235378,0.0007920000293744657,0.000505398964469897,0.001165919784414951,0.0008209088861105308,0.0006384060091403111
157858,0.0006522218525765316,0.001171014951350649,0.0013168936129437925,0.0023886505879379266,0.0012831866180423313,0.0020044708610678225,0.0017275344184081304,0.00161703443802598
157860,0.00043339969873776654,0.0008704705859265173,0.0007663456574494992,0.001856975792769569,0.0005361233200166377,0.0013114808846315662,0.0012937370926737746,0.0012377636316396323
157862,0.0011297348531763007,0.0016663909183870645,0.0009600377659266801,0.001874161538101396,0.0008095667370079974,0.001535330414112815,0.0018114217741003191,0.0014109056355798982
157864,0.0007909970382389032,0.0013515341462600056,0.001208446547691866,0.0022947914013766862,0.0011068674623391367,0.0010269414307979702,0.0014371943294255868,0.0015650676881607262
157866,0.0011587269457005167,0.0024630826616221096,0.0011480711809606081,0.003408319257247605,0.001589191655883282,0.002647056802685191,0.0021723713886373647,0.0017581206294307178
157868,0.0014459147297094521,0.0008000208101544004,0.0012095646606958277,0.0005168303255477548,0.0008020645766058099,0.0004261060544439449,0.001385956947990652,0.0005040365412520321
157870,0.0004378585221888366,0.0008789969680296356,0.0007568444972874122,0.0019726645014085525,0.0008369208146934981,0.0014568455676423064,0.0019776677987272256,0.00172510031689882
157872,0.0009616615747577578,0.0012337741585819462,0.0009253547391607914,0.0012647362105381449,0.0012586770892233923,0.0012784707127677652,0.001989525097756406,0.001425951850486662
157874,0.0008398185892283562,0.0012458063392596502,0.001160980424825056,0.002619441347287768,0.0015508221738415179,0.001971308313126807,0.0016291602479801548,0.0011711210169380731
157876,0.0008731979371374848,0.000911933738517199,0.0008361638939522222,0.001785899926656287,0.0009001551993038093,0.0015429454091077238,0.0008956902396173444,0.0011323498041094227
157878,0.0017278348143656835,0.003140330892390575,0.0012190572389849663,0.002133495206262506,0.0012831193622214188,0.0015454800186170403,0.0015691963451571755,0.0012806838618930616
157880,0.0008548587133873214,0.0013634354833041429,0.0009299143000964794,0.0014662568706674955,0.0012146176278227672,0.0020585401234352596,0.001146717945711695,0.0013683059824747823
157882,0.0013383198992872464,0.001135861530579041,0.002071952731014584,0.001982805160321066,0.0016663273529984313,0.0015003285414705442,0.0023573215702178546,0.001020996797860288
157884,0.0007071522665207143,0.0009122634976534982,0.0012584994653930814,0.0021906733207522344,0.00231493027877451,0.0012125928420631121,0.0018657898347175378,0.0013041130854530986
157886,0.0010193469345944894,0.0012050293577654664,0.0013836218926164268,0.0022828365246161386,0.0011344151328087637,0.001600090826846659,0.002456515892884037,0.001395360551323957
157888,0.0012467377097196697,0.0009367086363192834,0.001427535430413976,0.0011476397852878822,0.0010869319819476614,0.0012057880564599888,0.0008165089827167106,0.0012708640640681779
157890,0.0009107303031328229,0.0014053559048521486,0.001526120477603199,0.001813049510546172,0.001235887001938052,0.002562436151537506,0.0016824575187115443,0.0011418068841086981
157892,0.0008893914191582392,0.002761954258481261,0.001325693267002992,0.0018795939427375258,0.0009556205358807225,0.0009825103402142515,0.0022167206385068777,0.0013372551996782556
157894,0.0005348375742308432,0.001232207842861724,0.0008527211908808709,0.0015938891457683568,0.001586539232327988,0.0013794020593965173,0.0015568478560484267,0.0011731195676412676
157896,0.0005966744372705758,0.0007824208891307784,0.0018419697847216199,0.0008154999475110149,0.0008275854571102338,0.0006075110271914902,0.001087860682788891,0.0005838774973562812
157898,0.0010886717776052018,0.0010901551418042305,0.001319432298399606,0.0013955726338121949,0.0009451579954522539,0.0016403179037744048,0.002322128670240675,0.0011730519436388281
157900,0.0005946553696498658,0.0008015919928203719,0.0008343833306095928,0.0013620918989160208,0.001083909329581148,0.0009736241789523904,0.0010772295094092638,0.0006995589858867085
157902,0.0011419048207845922,0.0016064840191094693,0.001489621062401858,0.001716548326417211,0.0011976132952094126,0.0011292157809540543,0.002066888726326932,0.0016196210668870809
157904,0.0011077947200569677,0.0016757744486888826,0.0013261243598745726,0.0033148843230412783,0.002124360500077596,0.0028020125255202727,0.0017726481779620773,0.0012919813044010575
157906,0.0008946097738125047,0.0020731575342237824,0.0007970004335460801,0.0013538428004302716,0.0013261637016057648,0.0011089878334678144,0.001105558558095035,0.0011081047189585164
157908,0.0009282813237862821,0.0011257858460462927,0.0016970035906804931,0.001386791135628021,0.0010967699871502479,0.0012960720408437126,0.0011159285190440876,0.0007761060577025393
157910,0.0007344866558758913,0.0010877075918367396,0.0009722748672801908,0.0023633437213712583,0.0012743626547474657,0.0019857981427284788,0.00302700413270518,0.0015282249940118953
157912,0.0005932943177682816,0.0017464262980787654,0.0012883128450252301,0.0015461244694097709,0.000982612632785665,0.0013370271632621306,0.002009672622300243,0.001129305915184134
157914,0.0008480477389891418,0.0009717757940643779,0.0009061783783482213,0.0018454642371558277,0.001177537972436804,0.0014237196722606399,0.0017802601903957882,0.0015418724064866773
157916,0.0007351069879855121,0.0013595575337754795,0.0011580924794674652,0.0008866314429992195,0.0011181823637598232,0.0014650876769772836,0.001406570318698508,0.0010950976957815328
157918,0.0011760118693613514,0.001483635780397466,0.0008993229411329851,0.0013448484141385109,0.0008204654613209877,0.0013768778975284945,0.0010972795742075908,0.0011777202712809492
157920,0.0008618006005460567,0.001639391647457758,0.0015382903418537236,0.0017405803998560843,0.0011414917025485138,0.0024986405284134344,0.002097313488599442,0.0014286560335703552
157922,0.0010652892807939823,0.0013061275013259849,0.0013081871270421846,0.0042809006857341125,0.0013040872559039324,0.001812611104297146,0.0019592360598006398,0.0020664622921610226
157924,0.0006509479004012143,0.00151048851530812,0.001475695326329532,0.002867088371784343,0.0013973375510067942,0.0013691814331320828,0.0017321696135698256,0.0010406016513526822
157926,0.00100323882268466,0.0012411793808664862,0.0013478772215924778,0.0017224592030393726,0.0017820990616590482,0.001017943234524879,0.000689339618487831,0.0012033423488922446
157928,0.0009178797648552589,0.001014431452531897,0.0011560414171352257,0.00117507180633393,0.0006186861255448456,0.0009114165496818018,0.0009153225971559077,0.0006597156488390987
157930,0.0006431996701255493,0.0015129656161185778,0.0009092337818571196,0.0015796729614941385,0.001147869735092455,0.001208104429698334,0.0015615550391361865,0.000929327076431577
157932,0.001500880667500759,0.0015733667909679921,0.0016912756971643322,0.003169067048610655,0.0011182837667335216,0.0017894508015495192,0.002404633413469137,0.0020516164460461367
157934,0.0009214163527662723,0.002311636705840725,0.0012370777447180542,0.001789394701066982,0.0007067240769667027,0.0027944158272009134,0.0034631889506542834,0.0018830582539265533
157936,0.0005953962455090868,0.0011410054214844312,0.0008714915092710752,0.0010238870899809266,0.000858216192349829,0.0013326810304115227,0.0011090860892942894,0.0012325483867488135
157938,0.0007736954237917738,0.0009549070206217453,0.0009312841488606921,0.0018125438570875674,0.000844685110360302,0.0015781962399157856,0.0016223613091295719,0.0011385848721236075
157940,0.0006471627995449682,0.0009350457805884817,0.0010097806919434071,0.002014958045615925,0.0011679913003492803,0.0012287882766727348,0.0013446593463195544,0.0010630410737151458
157942,0.0005710740705924255,0.001145014792086188,0.0008831387372432303,0.00442551876898728,0.001152466992270007,0.0010821532471427947,0.001402896558122535,0.001961589466379421
157944,0.0011778670410512865,0.0022431830158551325,0.001979954668179365,0.0016739364211764696,0.0020513997945137558,0.0016017706760430017,0.0020913036320613504,0.001160358031660605
157946,0.0008880896040786013,0.0009089518540229859,0.0013844420706626975,0.0021311061628842692,0.001087061190110386,0.002061737883025716,0.0019063592226479381,0.0012105702638454674
157948,0.0005808320878334695,0.0015209756547590741,0.0009127169997302925,0.0020390530817682717,0.000750142892853356,0.0016090305196049398,0.0024386673979712725,0.0010744821805300925
157950,0.001225862790518742,0.0011253001730437973,0.0013122151624640616,0.0018968046166269042,0.000668172803525189,0.0026793991024509772,0.002871473631076482,0.0013338361509133284
157952,0.0007100794655620669,0.0013088795103834983,0.000994031448770194,0.001378019098838626,0.0009160730350541574,0.002689948499217998,0.001806551817745694,0.0011372324670446687
157954,0.0008053029827062019,0.0012506221220862646,0.0011043291615747824,0.0017353261983977242,0.0010420894282995447,0.0011869617811033906,0.001856252182310128,0.0007946414441452367
157956,0.0009781065441773068,0.000848226640426511,0.0010248426033785396,0.0010643649194675003,0.0008153574005677379,0.0022428721426205472,0.0017327064179318286,0.001127969293159406
157958,0.0011514114944582432,0.0021536368926235033,0.0015820055028401558,0.0024259752499650317,0.001129601380379222,0.0017280661680212916,0.002426609052541606,0.0016691372483668282
157960,0.0007513827752622972,0.0014247223471603038,0.0013015934885738378,0.0025277331185981217,0.0008220288131525338,0.002094224628678712,0.0015848172644759018,0.000891015191600706
157962,0.0008992819415847043,0.001185188204745613,0.0011039048269410184,0.0025758743077111124,0.0008724982858101006,0.001342498033241546,0.0013588381395474164,0.0009616877988262752
157964,0.0006499139271507609,0.0009722728925700697,0.0008039985559025187,0.002449417654104613,0.0013198225826671767,0.0015672313252004244,0.001636915272985054,0.0017249381663675956
157966,0.0010296510015275206,0.0013122076054531556,0.0011329260206027758,0.001568379207608342,0.0008566727556350018,0.0008804792385151729,0.0016055240784052516,0.0006361082110753515
157968,0.0011785654733547646,0.001001649121149542,0.0008792712292488049,0.0021343301731147207,0.0011229170713777936,0.001473669638075728,0.0014100390457172929,0.001133226222761033
157970,0.0007163054058321322,0.0012747454178235196,0.0018928900432214762,0.002570091261184848,0.0013981977221997344,0.0018180025470582728,0.001745789310048776,0.0012892816377176874
157972,0.0010477631883649835,0.0012735914513879593,0.001277944092647046,0.0015872126679725845,0.0008869268624073536,0.0010566516773741347,0.001583068069482954,0.001018689550594587
157974,0.0009810325969115269,0.001745041946856818,0.0008370801079547047,0.0011194294163630047,0.0009449925094884848,0.0013358646706225358,0.005453507541455738,0.0014993171992943588
157976,0.0006867741446803279,0.0013984626792634819,0.0006434339036690308,0.0016533687023732174,0.0012012784386844638,0.001991981082600569,0.0012530460247946046,0.001126503424011674
157978,0.00038832899128874235,0.0012855753416227689,0.0010013239762527437,0.0012888921510578744,0.0007945074523848551,0.0008043963024685664,0.0007085129724040962,0.0007525854593490866
157980,0.0009275836503905323,0.0017559925633881118,0.00101831933032627,0.0016110418985530034,0.0014409641709395432,0.0012778985479009464,0.0014533875879158137,0.0011702033007350426
157982,0.0014384532203977202,0.0015196355491991498,0.0017418196293341737,0.0021371832331532753,0.0012306699660413895,0.0018188346413533646,0.0014049964585228225,0.0011144150317022317
157984,0.0012600599173462346,0.0016392933046591868,0.001365118854464567,0.0016106890390974599,0.0011902031586308454,0.001625706129283755,0.0015472426171961318,0.0011287586555043388
157986,0.0006764906034977813,0.0006581858825843202,0.0011057545222863951,0.0013674239239598457,0.0005633044159762991,0.0011014549870470708,0.001144076114814166,0.00082336798234817
157988,0.0012024048572936707,0.0017597045541122847,0.0012685222237419774,0.0015041504788309568,0.0008503887259586652,0.0013611565943422305,0.0016645072819079787,0.0010788797862699845
157990,0.0008880675118824767,0.0018617251324650752,0.001309478789462984,0.0015131195060514996,0.0010670411236370914,0.0015600550301786975,0.0019366251928011474,0.000987043871428575
157992,0.00206466118651627,0.0010619703046046425,0.00103336120402088,0.0016180367736332024,0.00071769963568186,0.0011458090865164167,0.0012817863527448403,0.0008990675749703941
157994,0.0006851224223716201,0.001019105504473386,0.0012221897376619162,0.0016439850644152237,0.0012321657358649318,0.0019871327350562545,0.0016671601860989704,0.001822333170234336
157996,0.001277772837959823,0.0015583866171910016,0.001242634771339915,0.002466503465245587,0.0009813747367665299,0.0017399314260493903,0.0016535722929229696,0.001164083454568976
157998,0.0010868305368139652,0.0011281492154466832,0.0013013427110995096,0.0023347492339121367,0.0009586070148979164,0.001194720029707011,0.0011616844987561437,0.0009487418806344294
158000,0.000759779146170262,0.0013102513419918083,0.000970114457008231,0.0010242764430628548,0.0007803738067259404,0.0012226492517486975,0.0013059794087516702,0.0008508764573759292
158002,0.0020421444308933584,0.0013022814363340546,0.0015335722815246339,0.003003452393464792,0.0016370623798013378,0.0013751240189208702,0.0020643998391847163,0.001738408615665779
158004,0.0009370800203135389,0.0022303014640234903,0.0013705560913960385,0.0019977363650559715,0.001817576247958863,0.001209515427974317,0.0021124193447413925,0.0010837928181511303
158006,0.00085154662336695,0.0011775476878677638,0.0009821002892163172,0.0012335713474421889,0.0009108857907222413,0.00098324285376096,0.0012193855540104104,0.0006986965156352692
158008,0.0007275429189741757,0.000726136445688589,0.0012874208721736502,0.0014761570230615306,0.0009536014611930023,0.0011464490089565516,0.0014176097641987462,0.0011018039143056435
158010,0.0013582375541503766,0.0020634267028579872,0.0022414376765078764,0.002549461985673851,0.001560605381457414,0.0020733515836934974,0.0015982453510343803,0.002110504188638021
158012,0.0006508488663747904,0.0016280660872154545,0.0010210253663045649,0.000984507642237245,0.000819341588329317,0.0009856693832266533,0.001161612380400856,0.0008967983547509967
158014,0.0007426987025156567,0.0017787056889400632,0.0011067931001976922,0.0020098934055706175,0.0014217988184237473,0.0022227365313694097,0.0017015641719106966,0.0016476650901587342
158016,0.000738113792380677,0.00145864111812527,0.001700057326971205,0.0037444492730066697,0.001282831409807686,0.0015464804395887294,0.0035788812375017187,0.0006365546754774076
158018,0.0008443537288528626,0.001928391426170073,0.0012936079263408673,0.0022221622512086925,0.0013563937878536964,0.0014972505634922584,0.0015572529825667036,0.001069404654498174
158020,0.0010730929908445846,0.0016737465166462157,0.0014194284166347965,0.0027463039098801906,0.001959915809706128,0.0017770501031668662,0.0030067758109444953,0.0031351620294624155
158022,0.0007983829585080926,0.001551260262079579,0.0013443159435434643,0.001701698480655392,0.0008647727544453289,0.0013716960500893688,0.0018358730760015818,0.0010240866450517694
158024,0.0010374816911076223,0.001315000051537396,0.0015375367999281853,0.0028101803562583516,0.0010010712532315669,0.0014100124674144704,0.0013908688618908954,0.0008654328076299379
158026,0.001475964664500451,0.0012812105127885248,0.0012180150927561112,0.0013639711763603485,0.0015431903763945543,0.0013422649097913908,0.0015843611175042072,0.0014144105233569043
158028,0.0007356181533180739,0.001804822863271674,0.0011125148627749853,0.001790950081673126,0.001292206270160412,0.0013534661566839135,0.001888946483883172,0.0009249277911062143
158030,0.0008724521805264646,0.0010616498345408232,0.0006429608506289264,0.0016341678820491895,0.0009085850763221638,0.0010062856301940176,0.002038689745467226,0.0014886785908316824
158032,0.0009895278165208965,0.0016168885334489347,0.0010350583204541408,0.001802334888702184,0.0016171470916481884,0.001387066664087444,0.0008816398491609846,0.001629873048259789
158034,0.0005275162661300264,0.0011734533780632384,0.0008701923160724413,0.0016154831534792025,0.0010048675732826778,0.0012480078904991837,0.001513210220732697,0.0006900474448266053
158036,0.0010922308889688287,0.0018614075282050724,0.0010340563669791886,0.0014503652616407875,0.0012752453040807549,0.0012421793942602039,0.0013444814926289045,0.0026201895589424012
158038,0.0008551392051724151,0.001154771091724363,0.0014437550169433266,0.0011267437512101908,0.0007769803530218201,0.0010714734865914372,0.0014407365063778266,0.0008978012224161759
158040,0.0007705439174741091,0.002055949852090136,0.0028123558423829437,0.0032484806367306107,0.0011166952334083075,0.002393072908435878,0.003022240305819379,0.003010897814598401
158042,0.0006673876508811495,0.0008615782834377056,0.0009676861868480359,0.0016566376625518076,0.0011388083815760397,0.0017762910534541293,0.0010036018070300745,0.0008049877691330837
158044,0.0013035066966666925,0.0011951970177726118,0.0009764545859780628,0.0011020292255418257,0.0009584825669408693,0.00116346505867794,0.0015600900496410969,0.0009484377157507919
158046,0.0011287476415751257,0.0014275469720745892,0.0008707581342055383,0.0014365532301569145,0.0012294812669080835,0.002567173862416894,0.0016990621430759134,0.0012665919174708606
158048,0.0007471185855986197,0.0010490466008179627,0.002108886534826271,0.0012269536977096984,0.0008547273610162165,0.0010151990324708399,0.0013553320703747623,0.0012557867104490278
158050,0.0008964748606611478,0.0015524492512203475,0.0004725578213007342,0.00187801344173745,0.0012196231026606746,0.0016603901043428376,0.0014392355019852282,0.001624954295619388
158052,0.0009586112824873406,0.0012223949974537462,0.0012293281810151768,0.001873606797524588,0.0009084066555166276,0.0017290902564968125,0.0013050945287054194,0.0012062180830808011
158054,0.00046797512941254907,0.0012956544429363337,0.0010164549859151273,0.0010231326757983439,0.0006311231148625786,0.001013436689070668,0.001581661764078257,0.0009168017848920074
158056,0.0008128830081122335,0.001880340503566169,0.0007972684277044451,0.0013964645585732433,0.0008825977956089005,0.0012193876353877031,0.002087685720950694,0.0010675522779060032
158058,0.0009670278400360534,0.0012208041642143425,0.0013326589992979643,0.0017198099161359753,0.001285072900428244,0.0013139263057981992,0.0013016531626566796,0.0018061426953517312
158060,0.0013442473775180375,0.001351703426280007,0.0016416434783784878,0.0013540697988203565,0.0008980175590910001,0.0014433224755321938,0.0014219710381191547,0.0014608241771851965
158062,0.0009320476966686066,0.0015053394897643901,0.0015141325926904536,0.001970112647272773,0.001142626761257981,0.0024204232033016165,0.002425335292459821,0.0009564986046008
158064,0.001068581042471553,0.0014332827458236747,0.0015956844858386887,0.0018321520367550193,0.0010079005300350913,0.0014060718622597168,0.0012973558312770472,0.0015289107015645786
158066,0.0006649217981839241,0.0014274332465271655,0.0008099646921117011,0.001635594622279149,0.0008777884311764184,0.0016996152942070492,0.0014564329635464862,0.0014177879018956313
158068,0.0006112100997152127,0.0009319807102619593,0.0009032046945069462,0.0014137036512649193,0.0006392295928164954,0.0016658413763682156,0.0011437129973865812,0.001208302805617581
158070,0.001096336992882932,0.001657293661870965,0.0012289081581053907,0.0017406170791913755,0.0009956233244246548,0.0013172810878623459,0.00107667497131482,0.0015601032923973635
158072,0.0005722757227337484,0.0027177018471939013,0.0012551734510162782,0.0024327903016630043,0.0012649675364029833,0.001311164137295151,0.0021096889532225133,0.0010673346572689923
158074,0.0009331028509623196,0.001273210988429696,0.0012645918082088148,0.0012974156765073325,0.0016722493002677141,0.001289196298725051,0.0010332450469299204,0.0009832774306606368
158076,0.0009532406192571674,0.0011316920233462313,0.0014737445751955708,0.0017769948255585977,0.001119523397120195,0.0013588974638269052,0.0017104152676541973,0.0010954438885379947
158078,0.001200975550318617,0.0006939903094239086,0.000766084252747188,0.0031593245602177383,0.0009318025085720862,0.001705788365885752,0.0012553653589809782,0.0015250507236413413
158080,0.0005573792204041673,0.0008678685458620196,0.001193652302867998,0.0016594788360222573,0.0006749769215702896,0.0010354030413176063,0.0016934316438791536,0.0008920152664032704
158082,0.0011278799629457215,0.0019522333656683127,0.0011786294192797087,0.002809920476133654,0.0015167333846588665,0.0011998818036313003,0.0043691244848168,0.001290511742402925
158084,0.0012602326258721736,0.0014128765299431661,0.001390788282326208,0.0014889183493931868,0.0008671523841707884,0.0012242459787287358,0.0019122534423987592,0.00134762804135935
158086,0.0007378800166785472,0.0012234027916418477,0.0014677407832936057,0.0017335035598984305,0.001069211938367079,0.0015815779093406729,0.0017408698040988352,0.0013655912765603434
158088,0.001246621959916594,0.0016738913064440752,0.0012341659583973291,0.00165134166094405,0.0016488087756417885,0.0017708568305130346,0.001950285005284172,0.0008575874797460727
158090,0.0021807985634410137,0.0013954345835374277,0.0011600019820826035,0.0025589385049536034,0.0016368598081965141,0.0019038454341122751,0.0027174501629824294,0.0025443648204392932
158092,0.0007298419579724082,0.001345468988759993,0.001118399127549241,0.0020670303162626524,0.0012115806935819734,0.0016048807950792693,0.0015460002557157737,0.0014698823637482455
158094,0.0005203512067837451,0.0008923563165569616,0.0008286925546725638,0.0014536256239139483,0.001160437217609736,0.0022896914604456087,0.0016460526267137038,0.0021641463034660774
158096,0.0010633204512695699,0.0012290510309788255,0.0018247206461943777,0.0011669429685002286,0.0014498293161226972,0.001808545210216353,0.0012514553951806229,0.0011685490070592608
158098,0.0011807592972358366,0.0013580038917333642,0.001005561592174034,0.0014049534509306127,0.0011091213235043945,0.00137763800061598,0.0017103616526006338,0.001294151701207294
158100,0.0006198806339392827,0.001835019858148837,0.0012448395657651545,0.0034227485641014632,0.000993793270510912,0.0014610602582563192,0.0015337135019780762,0.0012734627629363976
158102,0.0013395756280901866,0.0018759656574679623,0.0020502094276426824,0.0021598903691979476,0.0022329200826853995,0.0021950030938775456,0.0016188154835425905,0.0015201299221632159
158104,0.0007241566970639518,0.0007960082588875962,0.0007164068076072651,0.0011107662918841132,0.0005671240818214164,0.001478625018180857,0.0012207461127982655,0.0013573787857317776
158106,0.0006264225842472805,0.0014977505090363885,0.0009654557593745706,0.0032022196271273007,0.0014067147869896296,0.0010500685848148367,0.0015364320947975352,0.0016379828517765205
158108,0.0008057658728434364,0.0014220129005995674,0.001554972848323788,0.0015126485869543793,0.001148488265418024,0.0018807598831396266,0.0016128181456693952,0.0013193578748735835
158110,0.0007801961751092851,0.0017517568247251702,0.0011612586773662864,0.0019517777834832245,0.0008472184644028914,0.0014838957969470906,0.0020202956195360944,0.0009428298134178115
158112,0.0006393023068452935,0.0011178652288558327,0.0009424576347662056,0.001202282658875467,0.0006667964920152904,0.0010194266247037925,0.002034155141698038,0.0009376067204146556
158114,0.000719571909611836,0.001183054334249603,0.0010123807765122367,0.0015731481045884316,0.0010653330532446464,0.0015577907826924836,0.0014375683229653907,0.001038381582136108
158116,0.0006550643611991959,0.0011994420705433578,0.00109411169161433,0.0017884379765666925,0.0006507754035817298,0.0017763048700387835,0.0013279004740347627,0.0009483428391367094
158118,0.0012101630478994624,0.002308497257184086,0.001821596626273847,0.0014649901463981707,0.0019374623569989868,0.002166485124828324,0.0019907435928084305,0.0017091804858826998
158120,0.0009255701768293469,0.0013001160506523335,0.0012479836754975132,0.001813204012210537,0.0010220631477993042,0.0016442856595744737,0.0013706884920864498,0.001297999709585232
158122,0.0006776613795035497,0.0026339727402527324,0.001017792768115422,0.004763922297658374,0.001342698415474075,0.0019811025779109676,0.0023609910660467165,0.0011728945020985648
158124,0.0005280622036882322,0.0007681005421885136,0.0007515590365739268,0.0013331415495640986,0.0007823782706726373,0.0010920230776818723,0.0009427154298596307,0.0018549610132903016
158126,0.0006093016406828779,0.001135232854361734,0.0017707333010679727,0.0016284587280746138,0.0014025993713005086,0.001132270078123776,0.0014239310875161643,0.0009908407300765476
158128,0.0007024113014715873,0.0011157483296026088,0.0010853639189867398,0.0019217818324018948,0.0005758307750558557,0.0012480352642622178,0.001533976994709585,0.0009640888720552909
158130,0.0008619638846454336,0.0011805153245152966,0.001335680592115543,0.0018940393473255157,0.000905384813512114,0.0016326911871679256,0.0016263277323347453,0.0008606027457136595
158132,0.0006294876137582506,0.0008554234474628247,0.0008168434789701008,0.001311369721924971,0.000680852551045566,0.002066698027929928,0.001335075074225936,0.0008378874770938217
158134,0.00043034474130244915,0.0010696787749901043,0.0007899694486197678,0.00173002601684491,0.0008583251111362079,0.0013606942843576025,0.0011625737191400948,0.0012922994759981266
158136,0.0011213120264425142,0.0011635527373707877,0.002051283711795429,0.0013696633812166348,0.0007976405178149494,0.002187220245773114,0.001880448413410285,0.0016781121629618756
158138,0.0006822998204488763,0.0007354600367631726,0.0005629029013050381,0.0012591484346270582,0.0008893442030970568,0.001016458311458246,0.0006887585626870786,0.0006833219350813914
158140,0.0009638772085874964,0.0011197966367921947,0.0011712768094778725,0.002005076006901932,0.0013065333179993477,0.0012085149253007743,0.0018240046211426275,0.0008165671047737112
158142,0.001628904640293749,0.002261627508283459,0.0009279571930505305,0.0010782739346094777,0.0008450611734018044,0.0014999966797768632,0.001371194707845691,0.001099239316331213
158144,0.000862625053472732,0.0010208234911990438,0.0008711979022885986,0.0016572420992012754,0.000788343283420926,0.0019463501149133422,0.001446660497000929,0.0013053087891456983
158146,0.0007133456882592176,0.001387553414657683,0.0013236044501346994,0.0020239870831755824,0.0011537707211295573,0.0012336584887667201,0.0019376968478677231,0.0010533096814757809
158148,0.001322448350635566,0.001579727744922002,0.001508569586548214,0.0014565205410602827,0.0009290873562263803,0.0025310365792014095,0.0020463333470966405,0.0015015287442167319
158150,0.0008597881078849096,0.001344796501130452,0.001328712660382314,0.0014937455065390376,0.0011360365564792169,0.001061418737663189,0.0016873403650433105,0.001177181341595071
158152,0.0009043727887155274,0.0014857332073486967,0.0012562670211677673,0.003202919967318932,0.0009711400881668199,0.0015950152063160111,0.0013033638633983546,0.0012562197517729384
158154,0.0011143720032713716,0.0013727812717240356,0.0016584155000976125,0.0017976310075915741,0.0007719300155795278,0.001108808453375909,0.0013938964530986336,0.0014961733982643693
158156,0.0009111166293834239,0.0010901152902451777,0.0019012114770511346,0.0012373550119931936,0.0012067866534990618,0.0015030124858737143,0.0010742294227497617,0.0009766619212151634
158158,0.0007877708252773986,0.0010234353615184433,0.000957898380831438,0.0012757591264380697,0.0012685641513254936,0.0008137192187785171,0.0013398210628876722,0.0010692869762120166
158160,0.001044855021464175,0.0014531120813254944,0.0010857964596816677,0.0013113794349833285,0.0009316749234454559,0.0008444713991929143,0.0021393582230189723,0.0009621745685735178
158162,0.0006932134709332211,0.0013971406513786505,0.0011020116647824652,0.0017094487850206758,0.0010490253650494857,0.0022752874229772235,0.0016763710791192765,0.0012206143958701787
158164,0.001050558270629734,0.0017573606363827654,0.0009234300601819491,0.00139187157799682,0.0011087640447777908,0.0009466848139801955,0.0010401789300837905,0.0009192119227786379
158166,0.0011013014369987695,0.0014272446522639037,0.002354441171652566,0.001565913445721448,0.001024440026814455,0.0016972030974416047,0.0018606978384794193,0.0007924194407412134
158168,0.0019306581455951766,0.0014712709415160147,0.0009658111489190303,0.0015478188437525464,0.0010513937525807315,0.001565624818909761,0.0016506726135801508,0.001116727600520076
158170,0.000957454536932998,0.0010955232937349124,0.0011689091678670493,0.0016679600598602656,0.0017888258666333284,0.001520061076926163,0.0015095611750859939,0.0013155164159657368
158172,0.0014395911034271874,0.0013206742630781504,0.0012311548609283407,0.001427051567166382,0.0007289455229387044,0.001517081022017322,0.002760287247466922,0.0009362852320839027
158174,0.0009213246466868719,0.001823003058360806,0.0018885342870476052,0.0021810511714348696,0.0009593043727422514,0.0014503300774260236,0.0016110269460970633,0.0015432544749872795
158176,0.0005618343081590683,0.0010492196320779912,0.0009033549477280335,0.0010947081710723783,0.0019884172758360408,0.0010455497026842786,0.000997042844688656,0.0010967717143640782
158178,0.0013703580539671384,0.0017169400723830025,0.0016066539420723225,0.0057003079800888035,0.0014575517652076903,0.0016306455749237614,0.004673760007430028,0.0017450229613713703
158180,0.0005694994354992766,0.0008464243855012127,0.0011847227068127048,0.0016193979898815464,0.0008197495112474175,0.0019042999395142562,0.0007298742640605149,0.000975497008516988
158182,0.0007169008575247417,0.0006822636224193858,0.0007110845223898959,0.0015506071136464072,0.0011924978312551904,0.001305217537888606,0.001343169126828636,0.0013454252623908008
158184,0.0007241666216654986,0.0021843841126006347,0.002443109242356592,0.002878509088267159,0.0015130096666746695,0.00283700126139369,0.001516335304664454,0.0015770885601502777
158186,0.0009540249652776472,0.002946433841430951,0.002147123187858091,0.002422121737293781,0.002265513276370257,0.002082340034162758,0.002366501385589484,0.0018880942930894623
158188,0.0008737445799957035,0.0010788482170989155,0.0008540322111025844,0.0018135926748650277,0.0008544297316740758,0.0017169508776726516,0.0011402927992085754,0.0011270286259019852
158190,0.0016428382216285287,0.0023960143983630666,0.0013339240432550525,0.004836312312420432,0.0013605445039708286,0.0033834301522154414,0.0028384634232492822,0.0011187592011863284
158192,0.0008053712765411364,0.0013443418952841513,0.0015803615249743302,0.002054296851455431,0.0011191911167964808,0.0020479824669808466,0.003226139746023829,0.0011454409031098761
158194,0.0006778969558828875,0.0014357039233471452,0.0019684376716373603,0.0013264681449368099,0.0013670106860576153,0.0013095502376394563,0.0014533765103428298,0.0010380944579613388
158196,0.001382852382536895,0.0019657782196369628,0.008298847524347508,0.0016844555537298689,0.001231323224129055,0.0016254045338875422,0.0017854021663256253,0.0011421513175344788
158198,0.0012862929797231026,0.0013755697065746114,0.0008586223265053677,0.0015613336424014634,0.0007904521052746506,0.002113122425587477,0.002179390698518413,0.0015568190464456677
158200,0.0014176821400548878,0.0015504815465130495,0.0015157002837549172,0.0019940925514596586,0.0005978953358977725,0.001652329131818911,0.001955588995512736,0.0013329788762988515
158202,0.0011631072622081545,0.002458921939095582,0.0014475405342721098,0.0018935186320669928,0.0019462068040559388,0.0012864033416904036,0.0021504352966383866,0.0010903531804160593
158204,0.0010351220822957807,0.001464332897782153,0.0007043172225441041,0.002447706256990756,0.0015604443863076606,0.0013659941112243446,0.0016373831438093595,0.0011687148167755096
158206,0.0006266446040417706,0.000986490825474251,0.0009034899847563428,0.0010029889255969288,0.0006978593767482805,0.0013133049492408677,0.001292937812036446,0.0006885625531954376
158208,0.0010088327009683123,0.0014568259455866178,0.0019922018895999205,0.0022037968305355232,0.001149038518695314,0.001968466430505522,0.0025315557513310716,0.0013562469881956418
158210,0.0006739829266453091,0.0012019540715228066,0.0011248443406799424,0.0018025749731895996,0.0008849660127607829,0.0018782294538333688,0.0016679643198764943,0.0016274970524601806
158212,0.000654001399730833,0.0006901229938377634,0.0013107619179254654,0.0019424237952275908,0.0007705830066151581,0.0020757358762422268,0.002471973613077161,0.0036074172814137967
158214,0.0009900932004325846,0.0015432170108079651,0.0014119452229101187,0.0017762656185183467,0.0008739627343823386,0.0013782782646707403,0.0015828356673902727,0.0018366310197512892
158216,0.0005927987127540973,0.001035311941212369,0.00113150605445278,0.0013220481966789155,0.0006246767983553309,0.001328903319836039,0.0019243440362526482,0.0014321420019625664
158218,0.0007400307310086209,0.0010635126357466107,0.0008887095187436501,0.0013136035925037093,0.0009933785232532077,0.0014139924864876724,0.0014713966887386493,0.0008105724141898585
158220,0.002451196415212978,0.004030306947954365,0.0024910696024399576,0.0019825424114064405,0.0014352762591949286,0.0021276508882012296,0.0034672963289568287,0.003389465922678747
158222,0.0006525100599162649,0.0007611011642732479,0.00113187650354446,0.0011044564283436836,0.0007034471793898635,0.0022864037845796853,0.0014931684954044983,0.0010533834337805303
158224,0.0006298749030000418,0.0011206569610790057,0.001586368892674328,0.002048797496027724,0.0015244310432684927,0.002065736879373184,0.004620037404603261,0.0018874083415059695
158226,0.0006520194128628726,0.0011247146552546688,0.0011793073527349152,0.0017589267201665454,0.001360908113579376,0.0013696217450549636,0.0020314966443481103,0.0011970252369088996
158228,0.0007547405968452749,0.0018471955734772477,0.0019371711489333254,0.0016852522246483398,0.0012300508510101893,0.0018056047635933853,0.0018702233693096565,0.0012604807332555895
158230,0.0009110873934494723,0.0016762798695346831,0.0009160202677666179,0.002001755501972957,0.0011212935642494065,0.0014243593077201688,0.0019605224400862653,0.0010417438365473708
158232,0.000858332860130831,0.0006899217999307844,0.0010049785813098927,0.0015133826730715644,0.0005713598728807195,0.0011096382389477188,0.002449589121713683,0.0010948740804045537
158234,0.0007957501445909378,0.0011131710246265053,0.0014331941773843143,0.0016165278448437292,0.0008725121506443813,0.001350566057326752,0.0014196316527925884,0.0013188299340555348
158236,0.0006608079486915587,0.0007644972933307792,0.0008237946552770575,0.0013880802227000388,0.0007054499829255469,0.000941787006618764,0.002194687898496875,0.0011444967579699594
158238,0.0009941359837423308,0.0015309092768603372,0.0008400144355698337,0.0017519844728069445,0.0013563400061222947,0.001077653822545488,0.0011983879684657334,0.0008200549066506163
158240,0.0008700699002204028,0.0022017095798868014,0.0009809051848985867,0.0015727536209820259,0.0020214246794676566,0.00316297277879235,0.0020402021776390195,0.0018798985578341587
158242,0.0009116663522448776,0.002862843995301692,0.0011529587451883927,0.0014408677294697747,0.0008737496453616912,0.001308840156323543,0.002058532686532999,0.002071591222693195
158244,0.0018575627463329886,0.0020837127993256765,0.0017223206762173593,0.0013099433722807974,0.0013178460434950523,0.0012567350097469898,0.0021613560023701073,0.001055922085169192
158246,0.0006352454218283045,0.0011116442558137957,0.0007631982620921775,0.00172702039931584,0.000717879087687532,0.0011942096652148987,0.0010396119119491232,0.0009510698786746041
158248,0.0008686747046307598,0.0006573348907195631,0.0007454482646767624,0.0023845514219026503,0.0013446194579863069,0.0011641897142156687,0.0014788493533564179,0.0009254713511770742
158250,0.0018469285208162628,0.0016486411756511249,0.0010623959733198213,0.00202341830187093,0.0011046842393126616,0.0013923828020772633,0.0014151772716097938,0.0016490707811406408
158252,0.0007383983200288796,0.0012495202140753309,0.0010863825645680003,0.0018178595946958254,0.0011342756124577136,0.0007705338868226365,0.0023885431683299263,0.0010600266202340919
158254,0.000612552904501882,0.00133938529524881,0.0012397319261774897,0.0018051726398518042,0.0008740619645435134,0.0018213365180861363,0.0020095927959334348,0.0011149981115093355
158256,0.0006943752596917513,0.001335977683681655,0.0013521250289036946,0.0012025296455959872,0.0008574902800884687,0.002148682911078517,0.0016466548270932663,0.0014519518320158659
158258,0.0010313443519740506,0.0008061792875498942,0.0009917605220977205,0.0016417624199378672,0.0006916270048335088,0.0019395933014900724,0.0018052850187061514,0.0009211724540682115
158260,0.00130987730643696,0.0027340376229867402,0.0017065300465107236,0.002467351265194262,0.0019482826969872136,0.0018682574483520065,0.002228237217878473,0.0013868646627007153
158262,0.0010592907712575622,0.0011324112301320938,0.0011028421202524813,0.0020839124439176043,0.0014327355833189254,0.0015125741160002676,0.0027613379773690078,0.0010876604134901768
158264,0.001061764664087153,0.0006621883263811107,0.0007683633232630355,0.0009381372197549455,0.0007342905024587815,0.0010846693830074555,0.0008527754747889582,0.001079311767444635
158266,0.0007579412868250618,0.0009317135846825843,0.0012286754524307858,0.001383761851732182,0.001097130264046342,0.0008900946979369141,0.0015207394302634847,0.0012715039920892096
158268,0.0006638445307203256,0.0014694539227572273,0.001029595536749861,0.002178061175955995,0.000915348519729995,0.001199917419345678,0.0020724943742642665,0.000979719670011328
158270,0.0006709111567000138,0.001715817742387063,0.0009542987224996115,0.001774966794889657,0.0009090749533897415,0.001607520121389483,0.001515484482354168,0.0014618839859537047
158272,0.000687299279582141,0.001500436187973131,0.0012098981739844389,0.0025340511440758023,0.0013584338900513165,0.001784477983305957,0.0018622983674232568,0.0005799218837374311
158274,0.0010460441171256663,0.0011504878882961922,0.0007050263646523648,0.0009140547553576628,0.0009445357518144716,0.0008635473279363128,0.0007948461289156855,0.0006992848998748635
158276,0.0008989077382282086,0.0008928781993634005,0.0009990256548886856,0.0013054140416069032,0.0008728592475467124,0.001124008638055965,0.001957181695966384,0.0016678791205855387
158278,0.0013426110535341707,0.0008584585951851992,0.0016709762946387624,0.0017380995364329466,0.0012848079630184556,0.0015805949302095806,0.0015496209031030106,0.0008277375359856537
158280,0.00047949399698890907,0.0010450079567681098,0.0010347237228371942,0.0013654354453208756,0.0008537221853197607,0.0015539273905549461,0.0010007994701367734,0.0012191022431052995
158282,0.0008037294328922528,0.001166438318025445,0.0007587630148200852,0.001469506189213432,0.0008752563619884995,0.0012191490690833945,0.0012957461638776757,0.0017376792948903402
158284,0.0005628371450431026,0.0014121188046663097,0.0011753806062336225,0.001937731284784583,0.0017095267220118004,0.001533867276270806,0.0010382128078490482,0.0010672594445565592
158286,0.0007620300064194487,0.0016613414049473918,0.001131210340247435,0.001245480007965094,0.0013964765307870053,0.0010701893418799124,0.0018506449759892463,0.0009874427785672296
158288,0.001180936980536021,0.0009030248997012082,0.001717785457463053,0.002979288234126687,0.0007823212742067188,0.0012248938792085995,0.0020922240202204123,0.0010368199237698605
158290,0.0006826442362824064,0.0015073503736529603,0.001150421677900193,0.0017867422787599813,0.0008472348377275424,0.0013594605596496528,0.0012848560343104026,0.0008488496336806241
158292,0.00043549665348169633,0.0011056395677347397,0.001315244305488683,0.0010603514548828685,0.0010887226654455184,0.0009739297980294742,0.0011548032464503422,0.0008633220491814121
158294,0.0007222662497313181,0.001108825572011543,0.0014580714971010877,0.0016283736418492567,0.0009411842739415754,0.0011856807318313956,0.0016154241600563474,0.0017022858747586245
158296,0.0007848906754054502,0.0013152929428328353,0.001313471818054135,0.0018647195940964117,0.001914991867824123,0.0019417175377809404,0.0023928786470524127,0.0016336953513838015
158298,0.0006413079971720505,0.001046857070830312,0.0008308210252168415,0.0011266779775354202,0.0008049903058169466,0.000746580435005282,0.0011700873372086917,0.0008690891262403723
158300,0.0007258455588179981,0.0012469331812443724,0.0015261655924445755,0.0015047073537599737,0.0010951674723974764,0.001940763916470481,0.0030873304927703377,0.0013452391599800273
158302,0.0007492206122529238,0.0010595558317732512,0.0008894515242398628,0.0018568049900097444,0.0007912996503254589,0.0009542311713556378,0.0010440888275988769,0.001131879511498346
158304,0.0005658359563133798,0.0012327848596423024,0.0007083770313459671,0.001386805840886629,0.0008151613656842832,0.0016677178564568212,0.0019546296677595,0.0008796851873183464
158306,0.001020529760485514,0.0015239598213769856,0.0010577774335574497,0.0019278300249079283,0.0013625448205021318,0.0011722492808192847,0.0013657223358640863,0.0009549017252324377
158308,0.000458185039421688,0.0015180495674806949,0.000989165980574358,0.0029890800288399078,0.0016335215953403731,0.0017344547869707072,0.0012952261866605724,0.001084628650343103
158310,0.0008107791404071731,0.0013537813935080578,0.0011165575539360262,0.0020043451062798923,0.0008515679304071377,0.0010954244075783853,0.0019151333726776798,0.0010841126876895424
158312,0.0006798614254556329,0.0020126202931767395,0.0021828455961939858,0.0014689809964331252,0.0010863835468622463,0.0014192625260813774,0.001838009703327717,0.0011832432104699198
158314,0.0011034068205452302,0.0011225416011664269,0.001266385896309688,0.0018085281003138581,0.0011975666268251306,0.001262175022647638,0.002031069176231748,0.0011755295292033147
158316,0.0009045668348726978,0.0014295511424376045,0.0010940564885117965,0.0027085946592287358,0.001050379816671887,0.0013671955334262353,0.0017348181587942962,0.0020052504953476658
158318,0.0010832777900309787,0.0010713183828659073,0.001037676566390866,0.00214884972482704,0.0013701123198944232,0.0015008445871623893,0.00118068710121301,0.000663556229765716
158320,0.0008874363906550588,0.0007925150820750661,0.0008499178594085915,0.0015716345615284788,0.0007641020205395727,0.0017431202683764746,0.0018776269757561082,0.001336305857124867
158322,0.0007642996441587259,0.0009165945883690164,0.0011713346924885487,0.0012518521011337796,0.001707762331211296,0.0014338280379269097,0.001757125768359069,0.0010587006275443317
158324,0.0005065688542013648,0.0006392019022918305,0.0008310250552603961,0.000673055575372148,0.0006777925950542142,0.0009416258170262572,0.0011938494887155926,0.000353480891692768
158326,0.0007159157189132216,0.0008270266685178052,0.0010250274621183136,0.0009192720106300824,0.0006960012359835677,0.0011030583819019585,0.0009530815576180886,0.0009618238924659385
158328,0.0019811894638804978,0.0021116821430560706,0.0009386270095044537,0.0017275201734752305,0.001030013232818941,0.0015018163099096565,0.002366609033322087,0.001733830844402165
158330,0.0011830361393718736,0.0011069024134085503,0.0007799982754713164,0.0020897849744823255,0.0018272068205843622,0.0010514254006614016,0.0017174337544647589,0.0014856223563178977
158332,0.000636699803081342,0.001054189557568877,0.0007115543751377885,0.0018414137547889814,0.0009221963215279606,0.0016252143989793494,0.0014838076872419337,0.0007699557353088061
158334,0.0006139586569375889,0.0027243644477545903,0.0007897114778421394,0.0014124057979048588,0.0010410011405753844,0.0012082393546291592,0.001746755734336039,0.0006227348630165365
158336,0.002199542250364575,0.0012130671564214573,0.0011989526268064155,0.0023540041125359595,0.0014589051959746357,0.0013542806392475987,0.002979398037110892,0.0014495779750559046
158338,0.0010399249541193228,0.0012344112248020012,0.0019745432232516485,0.0016733002986430018,0.0008590164372171416,0.0016283050934329801,0.0012008035948932183,0.0008205957549492805
158340,0.0008521471273954841,0.0011097504227706168,0.0011577791142230454,0.002727016909194871,0.0014221241622674463,0.0011435013524716542,0.0017237832190936248,0.001427028487897497
158342,0.0011845921786295954,0.001363228883028214,0.0011895323788391338,0.0012173996894251915,0.0017666630044657072,0.0013242447768703342,0.0022129078031069144,0.0024685216238334307
158344,0.0007506300678947891,0.0014787894716766226,0.0016041373738959752,0.0022179264632191664,0.0014236403955864146,0.002191776117403066,0.0019945893148992783,0.0023766099071631658
158346,0.0010196005264729302,0.0032774154047929965,0.0016278848149531289,0.0009666714159184964,0.0014233834643729987,0.0012169949651786999,0.0015999278076685997,0.0010764146223967708
158348,0.00138785261159452,0.0018943866386968017,0.0021167280223614166,0.0023786105774186717,0.0018013490967522389,0.0015620676681402795,0.002120464662533364,0.0024195966987728412
158350,0.0005817140738170225,0.0014139692328996034,0.001635887518427484,0.0015431093038255211,0.0009690499386555453,0.0016889349526760938,0.0026559390758541662,0.0014319384361130005
158352,0.0004921990038804537,0.0012631879585889294,0.0012972914253964185,0.0013392928605382992,0.0008076923430629414,0.0017963070268185583,0.0016038891077985173,0.001511985077692124
158354,0.0010899052206109344,0.0017705329667884323,0.0010272336947610011,0.0021993228157768524,0.0015151225274081526,0.0018581761284047899,0.0015809107063437106,0.002003802104378005
158356,0.0007167129508925708,0.0013669831390845794,0.0018159290179216164,0.0011856458411290682,0.000695223370722229,0.0015617826348519742,0.0011516342365573001,0.0020280113887310436
158358,0.001083460978864706,0.0013315313040079962,0.0037493209429373536,0.0016835159994339627,0.0018964743001137624,0.0017609199316948598,0.001575084302695831,0.0013590306735245528
158360,0.0009061108703280057,0.0011005686982424323,0.0011723847396028497,0.0017699113443028214,0.0012249642851571707,0.0011808012845904298,0.0012594374185353474,0.0011425839471237986
158362,0.0006275520208612641,0.000934679811180672,0.0010526462686517718,0.0013535207037340818,0.0010400919452307478,0.00120719278328707,0.0011415055474701813,0.0008605670098132435
158364,0.0009947379302033404,0.0013581592983408358,0.0014561295903769977,0.002009225414685789,0.0008521558271802655,0.0015976443265442036,0.001996449815901427,0.0010971263154857525
158366,0.0012142870994375082,0.0015532481343050741,0.0013182704483667568,0.0018681804818221487,0.0009446322697426318,0.0017596004787795577,0.0011508030455699286,0.0010495763579962958
158368,0.001174149224258736,0.0016786490725787667,0.0013095928378570876,0.0032147947998693166,0.0010624389577312265,0.001898255689161188,0.0017070754846498226,0.0011884777609810215
158370,0.000724817984559565,0.0011688844591646458,0.0008799868514226677,0.001579817769482697,0.0007175411616867945,0.0016747458461741221,0.0015213191282637123,0.0018426621416992722
158372,0.0011898965296950337,0.0018314479466994271,0.001950735806230744,0.001765745563347354,0.0011306235372026685,0.0016200066905208838,0.001565901062819744,0.0016101511523186063
158374,0.0010100023090720556,0.0018831070743741685,0.0018535458331945392,0.0037368853599351604,0.0013964055335253939,0.0029722171210302406,0.0035778374334421437,0.0021969345522967476
158376,0.0009990675731244014,0.0014458753499280302,0.002030748520723838,0.0022083989853829977,0.00125097126188424,0.0011623382369272406,0.0021133940317306227,0.0020429441536796156
158378,0.0003756843062591303,0.0008676272320764511,0.002234456420087627,0.0019759959065057675,0.0007863293075352495,0.00095507233624538,0.0008559452077817747,0.0007513888000759833
158380,0.0008771939631856442,0.0012803026075519086,0.0017922459072120672,0.0016914598522067004,0.0009491581067615253,0.0013475938526744807,0.0016075520848846253,0.0009163480584016594
158382,0.0009315738394719691,0.0013490049748372673,0.0013183824442193487,0.0014834696228129829,0.001183867096035185,0.0011009988189681352,0.0013988394017067224,0.0009928448338331203
158384,0.0007861788880583753,0.002137087824905848,0.0012352170846663402,0.0018476589588512504,0.0013378838308170243,0.0016198594524410859,0.002486641938771586,0.0019323130430246582
158386,0.0010142712799785514,0.0011743141542109314,0.0008489200752804238,0.0009311779705714063,0.0006811479877572336,0.0018650918588483112,0.000883503332602207,0.0006482358409849766
158388,0.0008020794525971132,0.0017378917388097964,0.0009288897891582583,0.0018918042795008777,0.0009750844686727024,0.0014302256166171118,0.0018692127381305657,0.0008357994012437066
158390,0.0008151677473494795,0.001733359316347785,0.001290361326152803,0.001455252914376537,0.0018018484424176529,0.002382678814600428,0.002388207452110047,0.0011978306632551838
158392,0.0011643348757806177,0.0039029519518705147,0.001395414544548959,0.0017614464754550085,0.0010395693918208299,0.0014048347645618936,0.002023407577239969,0.0008216360203899264
158394,0.000582302106599833,0.0008361214518841677,0.0010980734331368508,0.0019151213086959912,0.0008965686679394437,0.001210915841981866,0.0015991581236392133,0.001455542267863541
158396,0.0009275624337906074,0.0014950326658578206,0.000903107294102954,0.0008140902382933746,0.0007314804046633233,0.0016124250016130853,0.0008270807711455476,0.0006980638899927727
158398,0.0008558908230800778,0.0010892923462468979,0.0011482655753081716,0.001404596289934515,0.0007524890906886496,0.0015690127731554093,0.0014096957852292175,0.0009344839279565864
158400,0.0009614564155328159,0.0017079227487149518,0.0010090833249487563,0.001569692515498558,0.0009834052302886698,0.0024860248616703218,0.001549576616058937,0.0010968267391736064
158402,0.000847703008240306,0.0015313876946843191,0.001091831534553181,0.0013550306403440349,0.0007943894313845769,0.001105203339857877,0.0015353499740398124,0.0010016684570264417
158404,0.0009348882443595136,0.0012520224008466668,0.0009948088976442643,0.001881258482250861,0.0015664088019374939,0.0014646918712666324,0.0020514693107372,0.0007625132076150044
158406,0.0016114318831067648,0.001317195367984747,0.0010140781405643673,0.0015446714229606778,0.0011631029425585582,0.0014375349892399442,0.0015634929300927802,0.0008507335676860052
158408,0.001244139369248387,0.0015318460663139716,0.001031486005889315,0.00391410499419842,0.0009731953003997186,0.0014508326279403239,0.0014319846741772668,0.001387363588428947
158410,0.0005690031203542945,0.0006877962821805507,0.002719255711453386,0.0012170864576447477,0.0010473592690374844,0.0010847400535408808,0.001524255926381779,0.0008075479394491249
158412,0.0006274619681651133,0.0013504592738505239,0.0011810895837806173,0.002197363414958353,0.0013602751948413871,0.0012917684084175068,0.0021084143940597877,0.0011494209200436784
158414,0.0006458305580715612,0.001274207331576474,0.0012793142767746901,0.002329142623911165,0.001520369875976313,0.002265022142758491,0.0014783153318087688,0.0011101098462953374
158416,0.0006818680366706444,0.0018237532501200193,0.00131186891177415,0.0016706948914936431,0.0012179604879487688,0.0017240876198389016,0.0023183334579368747,0.002310350874666689
158418,0.0007809450288483212,0.0009280281201840546,0.0011532312275292084,0.0007827812646889511,0.0007033336578237681,0.0013029472438315232,0.0008683779498943611,0.0007031891262156177
158420,0.000903364688867439,0.0019141334953781813,0.00106629189541331,0.0018031776272131594,0.0012990768651061219,0.0023292102242945673,0.0017805953174577227,0.0016283381648571904
158422,0.0006411414044817966,0.0008160980357763276,0.001584140185650354,0.0022344050007570004,0.0012411071980584915,0.0012913533786402948,0.0011581120028153619,0.0012500064373005687
158424,0.0005212282128828211,0.002252738827369663,0.0013308182770563892,0.002017384161749361,0.0009471752245707489,0.0017982685367530366,0.0014117111844021007,0.001383922328418663
158426,0.0010185965730891283,0.0012465601412004063,0.0010097873211628028,0.001955509262192623,0.0010051292786124183,0.0012856824669850303,0.0011766916054815196,0.0008301148452143116
158428,0.0004624276162801394,0.0006928910116282966,0.0009341481271061582,0.0010502342152680783,0.0005275175495523012,0.00077626090767852,0.001094439242236081,0.0012011870258957918
158430,0.001019705207738808,0.002010075452335572,0.001916614270390929,0.0012129957957634496,0.0019074563133199135,0.0013039599952977543,0.0015277578455346608,0.0013523675007294372
158432,0.0007567320746034757,0.0009063895533900669,0.0009910278911127168,0.0021470033919414183,0.0008073175979459203,0.0018149591942751564,0.0018018044820417162,0.0009288298419267461
158434,0.0007503371724448815,0.005382570139174314,0.0013523250323422276,0.0019447624858265483,0.0018295289682799254,0.002161960824800746,0.001060783836281054,0.0016904313475289007
158436,0.0007441630875094953,0.0035919867334541777,0.0015868110824932558,0.0014013403740543162,0.0011185090123900926,0.0012237319519121798,0.002122844302568719,0.0010185951463573956
158438,0.0013444973377953057,0.0008417534373016157,0.0009047586607684212,0.0015303621471369905,0.0009096348461547256,0.0018237688409833558,0.0012055927327481314,0.0012651379308370597
158440,0.0010382658634368186,0.002052908831161382,0.0010041211445364073,0.0015155685966644072,0.0015452954960872844,0.0011035721501695545,0.0019845204227014884,0.0012726679102493949
158442,0.0006564619235289483,0.0028993505692038873,0.0014767579380348256,0.001688322314186197,0.0012391241736020714,0.0016609496778008381,0.0016094340100459986,0.0015763208404993012
158444,0.0008192440218158549,0.0010063090287185106,0.0015615609275614895,0.002304494665944859,0.0012997636103407317,0.002102646233626493,0.0027688927473251135,0.0011106533118202672
158446,0.0009500573151549063,0.0010834146284190993,0.0005842085340717618,0.0010070115838134996,0.0004840951507956194,0.001177318107611569,0.0010149319842591709,0.0010271751908841886
158448,0.0007960125681540919,0.0011256088619685661,0.0013122270378108786,0.002066549336705359,0.0007171481458678741,0.0016925119649627979,0.0018063380676811708,0.001719370265725273
158450,0.0006885996999841382,0.0008562064746111021,0.001369709154151133,0.002394940844153981,0.0011041655082789092,0.0014561045713199494,0.0020227520881366395,0.0023876143625761875
158452,0.0009244786275700058,0.0008111830166948053,0.001300976667747547,0.0012451921040858155,0.0011074083981395116,0.0016085446049391022,0.0023191274143494756,0.0010733038749627527
158454,0.0008738299223610829,0.0012553157307557822,0.0011425673253819824,0.002335028607245937,0.0007984064317895258,0.0017008592147798596,0.001437843199687594,0.001253817842631913
158456,0.0009235429281102686,0.0028845174633682635,0.0013224662329974907,0.0015510061457604252,0.0015218274355813244,0.001701078614726237,0.0014329944853397475,0.0021448576435339484
158458,0.001449788748313488,0.0018023092679817637,0.0010398845899346615,0.0022671789170312096,0.001721398749003955,0.0015340957635060631,0.0017971837305275212,0.001456756842877438
158460,0.0008591046605315733,0.0008065535568151407,0.0010767771638121731,0.00219238273896262,0.0009295077670919173,0.0013687648976063033,0.0013597336344439853,0.0013620940987174729
158462,0.0011683977255074751,0.0009574634128030196,0.0008677735087790663,0.001098623822824385,0.0009632879118981613,0.0012141819525481878,0.0014376219967252718,0.0009760882815629396
158464,0.0008244978215131461,0.002127474589679823,0.0021724106294108148,0.0029470595207953393,0.0009522032198231584,0.0017806679429582944,0.0016314947230245402,0.0011237174018550317
158466,0.0011448932767253034,0.0014322113642686318,0.001489041398453017,0.0017873429104753313,0.0013900217817620075,0.0015998413840506154,0.0018647141246233567,0.0014047710948820319
158468,0.0008914637154511795,0.0027582990809987967,0.0010518477427696876,0.002384284381260496,0.0009370973541245366,0.0012040883652311152,0.0017438609973276092,0.0010924941285642142
158470,0.0008373992789602359,0.0009861136354830102,0.0006658032542274928,0.002670144236081709,0.0010140041165734304,0.0018785494587065937,0.0014634332338704509,0.0018966728759445411
158472,0.0007801061703216518,0.0012930749824394822,0.0013018066549824875,0.0015924703107174226,0.001424436073628757,0.0016089041030081241,0.0028442888175211345,0.0014720895379639748
158474,0.00046421826333148744,0.0010280739463911642,0.0006208948064705157,0.001385525665734702,0.0010612085390331871,0.001681567711116827,0.0011591680299767454,0.0008512937856811759
158476,0.0008946420869300337,0.0020869307244320012,0.001009253501936272,0.0014437946509416322,0.0011034078105061212,0.0010589704633245933,0.001194460198840952,0.0011723893315631617
158478,0.0008530600856331838,0.0017955533463533957,0.0015300969249821966,0.0017420357468578423,0.0007193601728694987,0.0019496727233563882,0.00337510528503554,0.001737536119983396
158480,0.0015555649113036113,0.002462934756545035,0.0011486791598402935,0.002559090395775565,0.002038241002541241,0.0016895235086778065,0.0026517354828229506,0.0024032869050394368
158482,0.0013055044921246456,0.001327365126247218,0.0010435019716608651,0.0015784827670045076,0.001484715600872502,0.0017200503109607995,0.0027318899220434845,0.0011152182986201714
158484,0.000632104946994963,0.0010743627579314907,0.0007234855909622612,0.000795957389403721,0.0006856114191679114,0.0010992882272999882,0.0008985838638779532,0.0005727592870430898
158486,0.0007920560143705214,0.002689777703304641,0.0010948092436118828,0.0015980779582298738,0.0007987930010945922,0.0015028848171673298,0.001034530562883662,0.0011566023451132917
158488,0.0007649000864547034,0.0008507080335298789,0.0006982568173357628,0.0012884944324888098,0.000764410670615976,0.0010114915150111342,0.001289011719343272,0.0010667763451801537
158490,0.0007246284414458605,0.0013650381984878224,0.0008498726804560125,0.0020782281889234616,0.0010339073495863188,0.000879997239312813,0.0010041773354645955,0.000999196630292687
158492,0.0008980781782203101,0.0014502094896053919,0.0007163904552132429,0.002194867309261009,0.0008712727838645073,0.0016221341424744878,0.002126548884595403,0.0008790875368787227
158494,0.0009236491230902311,0.001811488683383114,0.001765996348669488,0.003117039020566814,0.0010348565008047594,0.0019118530443151954,0.0021191830791470606,0.0016155795815961937
158496,0.0010754834910722266,0.0010723660388558542,0.001191703716573303,0.0016404111473203309,0.0009056911883480213,0.0011980209731815017,0.0011912703706826733,0.0006886742898513966
158498,0.0008035880240616113,0.0009624333126082886,0.0005552763897233338,0.0012607402405571122,0.0009295834102578983,0.0010245385172087534,0.00166552665460519,0.000703494408640374
158500,0.00030284447492274005,0.000780867368669922,0.0009706069523121585,0.0015680460984791034,0.0007411008727424874,0.0011363072830629234,0.00119506179280493,0.0009888716861486402
158502,0.0009455520134188412,0.0011089994949165516,0.001532123980219291,0.0018099396223909686,0.0017100852710877495,0.0016174317392925325,0.0018400283617321517,0.0014654912371212664
158504,0.0004840992490264019,0.002325798349682731,0.0007721983162851803,0.0014169528554666133,0.0015514521835804373,0.0013408464052693803,0.0014938949602295026,0.001422223908119094
158506,0.0013598473779106307,0.0012267287448273212,0.0008136783065931241,0.00259846035926449,0.002036902467832613,0.0012972549294403835,0.0016433851646796699,0.0009817596570427245
158508,0.0006187454297774814,0.0012267475336058542,0.0007713006442547354,0.0009195403968858019,0.0007067962747202595,0.0008070706736307276,0.0010997383580991227,0.0010245947995596444
158510,0.0005324101272570804,0.001429658754635424,0.0010809609433361095,0.0022215416905691093,0.0008667999529091454,0.0018545567126873053,0.0013317479954686462,0.001035719765235546
158512,0.0008000581110352428,0.0014348537387754018,0.0013265487387260771,0.0013710269704181877,0.0009431124849469709,0.0013673638628395463,0.001685110308632956,0.0009407663721854066
158514,0.000604353503230879,0.001054777232953663,0.0008163862519092874,0.0011962808967860283,0.0008564660369514976,0.0016647829955386412,0.001727401880866633,0.000987545795849712
158516,0.0013766910145316391,0.0015431877422342893,0.0008399432847818744,0.0013497548825126687,0.001469401657230529,0.0017588620386277953,0.0014640814429611876,0.001153568522771542
158518,0.0013652914607545363,0.0018875183961313824,0.0009852343516642131,0.001642293785098628,0.0017197675861391204,0.0009097449577066853,0.0033825188157463604,0.0018549699982486345
158520,0.0010543806732160738,0.0008567602042730688,0.0010025361696728297,0.0016324045978292206,0.0013233239154510912,0.0012084512097401134,0.0015297093339468187,0.0011273865835983443
158522,0.0009292464470469497,0.0019713109595392297,0.0014053511566212151,0.001662585824508525,0.0012439661903652782,0.0012099842159518787,0.0017953232006430314,0.0010343383794373384
158524,0.0008226992765976299,0.0008560208478947118,0.000768611173703207,0.001402164670202946,0.0006730136314974135,0.0013345502579392848,0.0014795737598405495,0.00131152864287222
158526,0.0007864351320801023,0.0011439851410541824,0.0010514495598221846,0.001822677641488149,0.0012498138858063612,0.0018769313080918698,0.0025433543409919684,0.0007473642079503275
158528,0.0011844785813681785,0.0036775086763827236,0.0008638440226327627,0.0011571575798657308,0.0007884273813764421,0.0016653369236768883,0.0012577856603297605,0.0007151752173393394
158530,0.0013128862038086636,0.001211778835974578,0.001303185265577378,0.002509155146133646,0.0015632127746019325,0.0023789954042233857,0.002134971480725112,0.0008148090301745604
158532,0.0006945649276707405,0.001920315263963579,0.0011857605205872895,0.001658279269640739,0.0008347055388535952,0.0013781219877996437,0.0018588589963237784,0.0008945254281831107
158534,0.0009056993725065632,0.0009758370180880695,0.0017363366019758214,0.0020481436390105134,0.0011219430757237192,0.0019502201863664248,0.0012871848291410443,0.0009799123082172706
158536,0.0019064268869607576,0.0017638876143713511,0.002556725857728606,0.0014618190363366868,0.00112228849378454,0.0012774609868188153,0.002118561294062238,0.0017916904960273983
158538,0.000967367181615178,0.0007884612728653075,0.0010568863724247368,0.0017225612464489282,0.0009992248920989155,0.0007255777093820998,0.0009698312475916494,0.0008007124930048716
158540,0.0012796985822858264,0.0011739135936661566,0.001166795353941874,0.002176584674789206,0.0014073461194128445,0.0016691752978383878,0.0025648357781987846,0.0021548244005133027
158542,0.000777198017134665,0.0017751708328955923,0.0009959016926775477,0.0019413866161388516,0.0011163213027966107,0.0015412145101678792,0.0014973681902299418,0.0011266359634172357
158544,0.0007037698124308239,0.0017134387898166126,0.0012871094496287455,0.001622542873836244,0.0010629533810266878,0.0015253315123009564,0.0016440741827273286,0.0013209304165035102
158546,0.001244585642913576,0.0019094036777037027,0.0013992111583403105,0.0017971281406565925,0.000832141865248024,0.0015586383959144273,0.0019594464695398828,0.0015847914598719065
158548,0.0006808320410370584,0.0012914794870875212,0.0008852235803053256,0.001487104828292951,0.0010814036313144815,0.0021682836098977365,0.001890152571681361,0.001087541243577697
158550,0.000969949236822254,0.0014969046292776511,0.0011501237546957116,0.0012130251182525115,0.0015689516832469025,0.002073448951097012,0.002207252809674154,0.0013168157462866703
158552,0.0011295212504054547,0.0009049091552472271,0.0011680063235797317,0.001588270449161877,0.0006472141654326503,0.0017190431133160683,0.0016403390266756107,0.0008917008681317284
158554,0.0009310589534966586,0.0016502512741448094,0.0011732612015847993,0.0013343058507170463,0.0008450981020422521,0.0017843615330753876,0.0011830153820061723,0.0010132988888868072
158556,0.0011233018436751646,0.0036538970016323363,0.000985020379439483,0.0019213125087844674,0.0010100349854491597,0.0016067513009296874,0.0015115409844840416,0.0013181822617437527
158558,0.0009708619524405639,0.002114934947671357,0.0010962245023813516,0.0018829027440042112,0.0014369322239833476,0.0019528325503340854,0.0021936353169378503,0.001856606907173708
158560,0.0017517817717385142,0.001649461105065489,0.0016411164440323228,0.001596620938979998,0.0014501141578415755,0.0015547739522077247,0.0023998952741288854,0.0014367896012155157
158562,0.00128575566743018,0.0014366362543347805,0.0012819877538962215,0.0020690429078860095,0.0010686636086030266,0.001898617001922523,0.00243913101308757,0.0012137294834491247
158564,0.000701875587642134,0.0009005873475781551,0.0014716905009200115,0.0016758378890058823,0.0016897985299241386,0.0014302261801541066,0.00170828425454439,0.0018473864286934344
158566,0.00038848919019932385,0.0007617779756557419,0.0009818287592724406,0.001187587416383043,0.0007353349700198221,0.00135664624696398,0.0011594785387054746,0.0007522951457513728
158568,0.0011785662406955805,0.0033398464255408045,0.0014750723076737415,0.002593614928881896,0.0011509830103789837,0.002546092757931953,0.002940120102059629,0.002204499563696949
158570,0.0006440399528026587,0.001932331711324356,0.0010873825243079699,0.002524536632874233,0.0012152162245455816,0.0020277100981760388,0.0021206581686281784,0.0015815802797620876
158572,0.0009748015814648216,0.0018382444855582492,0.0011722258122962709,0.0034946528232104868,0.0015740495448747366,0.0018574005863227772,0.0017659675434576055,0.0010692309412087125
158574,0.0009657875314289834,0.0021184453839320216,0.001655198134218383,0.002593431662703205,0.002089248909062938,0.0028232181875864626,0.001787940807760402,0.0021598283885822106
158576,0.000996607427044674,0.0015207350720503193,0.0014623036294354602,0.0016918658866755948,0.0011680440093965322,0.0016719705318166828,0.002454857020463011,0.0014336985463465762
158578,0.0007964955952214116,0.0010169327321629812,0.0011258463437944372,0.0013249912972295719,0.0013573035740686024,0.001234736102875958,0.0016478344552007251,0.0010358801836363174
158580,0.000439045598557012,0.0016686965148977745,0.0010278649261855066,0.0010846038675902392,0.0008171922072711113,0.0016093760238629212,0.0014715407330691127,0.0013071080859350936
158582,0.0014354543742789577,0.0024525016685300743,0.001646673874383886,0.002475007294739165,0.0013305057253787944,0.0025264255954016712,0.002599963041741718,0.0015727199370338951
158584,0.0010568723238968958,0.001742010558369922,0.0011541880801449467,0.0026755149488338348,0.0012493358638041713,0.0015773477632003013,0.001842899779644691,0.0015557553356538995
158586,0.0012086983111659344,0.0016310950963843163,0.0029637492026362566,0.001969791218909847,0.0012072181524880876,0.0018046196602262837,0.002284965434577582,0.002192961183166711
158588,0.0010887300405935108,0.0013578602995389932,0.0012127028498235687,0.0022932184008528506,0.001004732954753021,0.0013160420714939391,0.0021856114147956185,0.0010325240610532666
158590,0.00110287304882295,0.0014625047833699695,0.0016639112470262646,0.00195639267951421,0.0009509952043734865,0.0009134525202441623,0.0013693774555589983,0.001334273736509753
158592,0.0009662547251204773,0.0014850655791178724,0.0010822731019297649,0.0012666643072623135,0.00160773550771999,0.0016839345319255017,0.001750048688835118,0.0012379940505197334
158594,0.0006332486793363956,0.0014051397288220718,0.0017477647872072982,0.0018691776270705202,0.0011624019951285286,0.001580661874485259,0.0030488757131463817,0.0016430263645990234
158596,0.0007891823717720882,0.0014477420877059277,0.0013179160966970832,0.0014457082043067976,0.0010946268233929524,0.0018436812463429458,0.0021046972781277873,0.0012812299809470407
158598,0.0009309508557545781,0.0009303327390917972,0.0004865571243906075,0.0020100019645758055,0.0007803008577278447,0.0011784153351414167,0.0011235400809720547,0.0008225153954184196
158600,0.0009409470287435884,0.0010393380687310216,0.0009978819562661556,0.0010360624378480399,0.0010074492680962749,0.0010357195254565021,0.0013514089735160995,0.0012171017933662043
158602,0.0008472708379115984,0.000773090502742893,0.001140500624377483,0.001707175839984254,0.001056642231988869,0.0016346868711138995,0.0014928656379677024,0.0008782074495536918
158604,0.00048161456819963144,0.001347019274163197,0.0009408656682987626,0.0010861367593940768,0.0009271919198940021,0.0013839633498593518,0.0016444732811333879,0.0010017700913502736
158606,0.0011634655669506971,0.0014854896851325267,0.0018280575832099744,0.00222338536401967,0.001530050294891297,0.0014215825050368225,0.0017280042244265936,0.0012399097947748405
158608,0.0009409370870399093,0.00167978880200792,0.0014197338377933827,0.002194383545257153,0.0011316724733367867,0.0022355293172182655,0.0026558196620101726,0.0012023526703173193
158610,0.0011556394264578551,0.0016610371291589932,0.0014085708999840435,0.0016676204932104671,0.0015271646931953736,0.0017906754609140624,0.002123263468801151,0.0016208377665103413
158612,0.0008264973060976427,0.000912153683828798,0.0010345159448122004,0.0020519225448892287,0.001129994559242578,0.0013934811809248604,0.002100482478704105,0.0016560278786104249
158614,0.0009698904153352707,0.0010385398054815198,0.001986820216288765,0.0011939002036355367,0.0010092662835410465,0.0011574391761030173,0.0008164609750318519,0.0009103621551513653
158616,0.0005259719019501431,0.0013436675045458563,0.0008492557169939019,0.0013807469540590006,0.0013741400593458852,0.0009289700624388747,0.0010851231377027037,0.00140862347039529
158618,0.000511052724528064,0.0013899890039192897,0.001492149496600828,0.0016157730454407493,0.0010610459285089746,0.0010532083669457237,0.0015217265811230535,0.0011943348000004322
158620,0.0013477776561455906,0.0012243458250547068,0.0023669051678300163,0.0019298250712934811,0.0013241862138858723,0.0012317899431714269,0.001326528657889639,0.0010760482315772674
158622,0.0005818741963639941,0.0013637832453464172,0.0020238164739092707,0.0017843423348887222,0.0010816863914780428,0.0009976960317917283,0.001409807682998046,0.0010967566629749848
158624,0.0009170108097888464,0.0006508007777129322,0.002623982216389875,0.004252150691292977,0.0012341808778560392,0.0021795030466315174,0.0029543930443137884,0.004021551787477762
158626,0.0006306497452382431,0.0010473689139645637,0.001235754470664041,0.0020131598083622665,0.0006842344043217624,0.0030605973424972094,0.0023373398382773303,0.0007606116298717325
158628,0.001955233832320824,0.002475437652318613,0.0011300884815135803,0.0013995472866834696,0.0017488545176778253,0.0018713731855496546,0.002645045090794662,0.0018726287835326705
158630,0.0015325885872402717,0.001198131091654911,0.0007847154523852075,0.002749417451995542,0.0009606021673929134,0.0011127382840481759,0.0009459394681063417,0.0008969109220684536
158632,0.0010209220456556395,0.001897912587489628,0.0023849178085308953,0.004865867485410791,0.0030201111966863398,0.001986066087848029,0.002405896610103278,0.0018976613671441017
158634,0.0008452473409542721,0.0010245587882163343,0.0013160463960879554,0.0020749314570443073,0.001207050668916923,0.00208824439733081,0.0016323136892400086,0.0011635717983933397
158636,0.0008764503617869068,0.0012110410711386188,0.0008475347903296737,0.0019545137210086327,0.0009717951878145982,0.0019602938293620392,0.0024599576327361122,0.0010826358930557944
158638,0.000556105905731661,0.0022275064477942502,0.0016927096748498016,0.0012611312714141953,0.0011638015595338974,0.001334666481697333,0.004832853826981287,0.0014562865330012276
158640,0.0003035010304687537,0.0006297256007159607,0.0005113491224800898,0.0009846687203927118,0.0004738517427363455,0.000802094012211544,0.0009843968355977145,0.0007262311119193843
158642,0.00046571253629760015,0.0010056400327923681,0.0009297920695977013,0.0014261077210769302,0.0005755115045530702,0.0020864014913416634,0.00231002177371932,0.0010894401384575758
158644,0.0008177865478353752,0.0012622589331629103,0.001092264376997401,0.0021035038463603772,0.0010402375628102423,0.0015574343951946373,0.0019647718112803525,0.001167985443861888
158646,0.001305425347750258,0.0015515014864329046,0.0016252137982547682,0.002274930622903071,0.001737433012858114,0.0012631214937258856,0.0017454241684325411,0.001125953343791411
158648,0.0009658528275470792,0.001428454686786873,0.002560534148926763,0.0036673501676565273,0.0017437875707171507,0.0012214022001627023,0.002316263998439219,0.0033104579999521655
158650,0.0013091752238532234,0.0028796772371164764,0.0010926992755123793,0.0013771803652274373,0.0009663660114525609,0.0010234908984829844,0.002729402853554108,0.0013112129689302338
158652,0.0007871036731288451,0.0008338486065537255,0.0012095281247381934,0.0014463567266285171,0.0008797665099851693,0.002019039655715496,0.0012949669074693304,0.0007833405425283907
158654,0.0006827351477503019,0.0014639973444099397,0.001008180845783413,0.002740962823039386,0.0010989708194375641,0.0026703779344453005,0.0013885432745902038,0.0016822491017332575
158656,0.0011331996368380143,0.001247288910325453,0.001299004360558756,0.0018254008409813866,0.0017150697262467013,0.0013677035836998641,0.0018154020112338826,0.0013920161234113465
158658,0.0011219765170553675,0.0015338897448868988,0.001346119775753829,0.0016964962824710939,0.0007995059571954156,0.0019451337837944754,0.0018356326993932554,0.001397887940939535
158660,0.0007694686312637172,0.001455221081564595,0.0015622558396959918,0.0016131326355700026,0.0011337898675414237,0.0016651660534690166,0.0018011214256902358,0.0018707134803897518
158662,0.0007713933470921419,0.0032293313604737778,0.001140469675846037,0.001977745331783201,0.002023551021531192,0.0024835094213011694,0.001401642169426509,0.0015745574206558338
158664,0.000597618908431144,0.0015819791284571588,0.001476786569717961,0.0023647579783423467,0.0014437785141766663,0.0026701885109337575,0.0023916888314943208,0.0014949787950916532
158666,0.0008308204883287207,0.0018649551107802337,0.0016846090626110866,0.00243316368318848,0.001855031930874787,0.0021022147599643187,0.0019460487080614902,0.0018475628824710655
158668,0.0006614305547867107,0.0009163361049094633,0.0013049365363555637,0.0012199962542576298,0.0010410494594506603,0.001494182370032071,0.0019349225663951725,0.0020577005144329363
158670,0.0008555241256636009,0.0013832195149499071,0.0012867034539803535,0.0014408849812258678,0.0011626158899939038,0.0014380663974442598,0.0012616501819939924,0.0015826735296054495
158672,0.0011067246892337984,0.0014818117135852044,0.0009818479028878557,0.001340629793228354,0.0007957699010463816,0.0010484863380977455,0.0015220416533996556,0.0014697124080156332
158674,0.0006874817274348279,0.0014507066274269675,0.001091295401620132,0.0009314629831517519,0.0013442615822880644,0.0012148528938036307,0.001273471536942461,0.00073731617256656
158676,0.0007333762060335453,0.0018671649297700293,0.0013810639674272651,0.002108606665296442,0.0008961117244244005,0.002306995789016719,0.0010873994767424677,0.0013712402304636578
158678,0.0008463509046002238,0.0010161238840746822,0.0008413072266968968,0.0017465573838318371,0.0010135071344358343,0.001324513478273781,0.001972127793445702,0.0010407489871300246
158680,0.0008051277154978026,0.0011755348936715593,0.0015245532237975201,0.0021900812313815354,0.0014473577025775342,0.0016200612692686273,0.0018867370777719827,0.0013865242348620882
158682,0.0011084685889840018,0.0011805194203864944,0.0021259720529943765,0.003962973615768972,0.0016416818169384673,0.002266992672556159,0.0016965665583932449,0.004106764899049209
158684,0.00039758488217701837,0.0007273468912747522,0.0005881674221239232,0.0009330219441545974,0.0005949443772216047,0.0010426013075882784,0.001215744306648503,0.0006553478552808745
158686,0.0007525025798858255,0.0010567223980102597,0.001140757790203617,0.002525877742263774,0.0007500931025541391,0.0010688455576200045,0.0012440820796038587,0.0009861010013347826
158688,0.0014424258945627266,0.0020178198931453256,0.0011851392141570966,0.002969184460017482,0.00129800105172434,0.0017117889006125347,0.0029253981252839317,0.0016555391621898702
158690,0.0011531262281999077,0.0014626660584136225,0.0025979446245275734,0.003010578121434515,0.0018039221467898298,0.0014639634205933089,0.0025720368622137446,0.002106279130737257
158692,0.0008759045268253024,0.0018333857960330935,0.0016931741086027158,0.0020491256441046435,0.0009945339716522922,0.0016558274719003507,0.0015871957487121335,0.0015640073503186969
158694,0.0009321806530505766,0.0012262846408810923,0.0011700577738003037,0.0012539117642294123,0.0015460151962498753,0.0011553436140814832,0.0009357633476780348,0.001294474160864978
158696,0.0007068280666700094,0.0008112078445227239,0.0007400976175511755,0.001600059831701764,0.0008691099926864433,0.0009270107739380064,0.001181008672107589,0.0011147038162491324
158698,0.0004236142684298262,0.0008713810984452321,0.0008724955348640151,0.0013627519190212573,0.001256506286607062,0.001170277469431602,0.0012410882996336664,0.001046450192978679
158700,0.0009390703497316778,0.0013514418410714435,0.0014579750538051967,0.001968999003371455,0.0008447047073170712,0.0020563572935307223,0.0029899888772828703,0.0026686214046712925
158702,0.0008814080197920605,0.0018368995621999146,0.0011437407142423361,0.0015738328800823376,0.0010470612626778952,0.0009695413517363805,0.0019410586769791488,0.0009988431559661143
158704,0.0007260105682338792,0.0016138718524141282,0.0006880323431696402,0.0017446491862083136,0.0010199195831896019,0.001887531020249425,0.0008839523986812342,0.0006824576628630986
158706,0.0010748900746152673,0.001796196822359486,0.0009468465506097395,0.00217061043321988,0.0011024282140104646,0.0012272828132664643,0.0014147582807169101,0.0011128275097117696
158708,0.000758852190357321,0.0010679929424189383,0.0009718339758955953,0.001498132588264714,0.0011501897038357356,0.0015527434135904766,0.0023333137490491596,0.0007809820905626576
158710,0.0019498595891099257,0.0014947244344787891,0.0013812979438605627,0.002884853201988183,0.0011831788832257356,0.0009095415936238894,0.0019593983183519015,0.0012030397172708845
158712,0.0010779908869773536,0.0015920835194039307,0.0016645483183228699,0.0013575465097549616,0.0006656517709870968,0.0009031482688053351,0.0011534607246312945,0.00059409826752789
158714,0.0008924719434584422,0.0016028476141760756,0.0010560022238681605,0.001809510149564153,0.0008084585120964882,0.0010836738603103996,0.001775752876495909,0.0012107180294060882
158716,0.0012282659857400097,0.0015358749272734173,0.0014416942328843163,0.0017756586882137354,0.0012723593403516364,0.0014708700152334941,0.0017974259986957564,0.0010190940877964488
158718,0.000806575668711465,0.0012679212494193792,0.0011268250331181312,0.001434762581873139,0.0010987487846867428,0.0012354564322208383,0.001918510171635468,0.0012350387674814473
158720,0.0009664058491164508,0.0010536090593194075,0.00100346302502885,0.002456751126689874,0.0009540781256502928,0.0012963518181161593,0.0018593270549232543,0.001173700193515384
158722,0.0008431506496486864,0.0017568003521729048,0.001279547731494246,0.0025538051377795856,0.001350704060687491,0.0016379499840918493,0.0025024381261042894,0.0010591947465363877
158724,0.0006575844846923341,0.0009451053132274213,0.0007373459124122711,0.0014737640248358025,0.0007290079838852132,0.0013250772703988917,0.0016929901668242403,0.0007370428773084831
158726,0.0008418297447820335,0.0018439653407809203,0.0015220922307696144,0.0029804376056041804,0.001288357772690818,0.0020614083883154777,0.0018755826289518773,0.001651182106571572
158728,0.0014886785908316824,0.002716551496889777,0.0010511978349887624,0.0021174112493069774,0.0014311003596568922,0.0021245806271741885,0.001994521767408275,0.0014826567613852731
158730,0.001329286581281966,0.002146535978165845,0.0015350755625718193,0.0013362579222248178,0.0007339707366969123,0.0013804562750947685,0.0030821682244446813,0.001473653335214209
158732,0.0009980090538486142,0.0009206618074223162,0.0016244206383145277,0.0015308398964473113,0.0017228160589466968,0.00108570734237734,0.0018439138310433756,0.0009249658589064597
158734,0.0011180949167303306,0.001442508805291634,0.0013338434978402702,0.0021357247873346474,0.001121665831341337,0.0011842547363430378,0.002617313989922501,0.0010704984219734315
158736,0.0007094828850284923,0.0019806234128063593,0.0014938854571711208,0.0021115328693879776,0.0013712661648990349,0.0028268784817443576,0.0010176484924463575,0.001838708983283921
158738,0.0011915378270863641,0.0018918159457538414,0.0018346292252608004,0.003044972815725855,0.0012171225877191105,0.0024522625797512992,0.002476385238062484,0.0014099106328675642
158740,0.0012465819748697649,0.0013733116186964711,0.0011628567357908765,0.002334096947856301,0.001209817836355112,0.0021638225875443423,0.0025512368118619927,0.001064990193116025
158742,0.0011180109608341926,0.0012709769495889006,0.0011513209879334685,0.004450694664095645,0.001135184907368872,0.0018443742448405326,0.0016607923926104662,0.001146260822444456
158744,0.0005615582257295082,0.0010020837518137093,0.0008630153757902305,0.0022224934630649257,0.0007380973965137629,0.0018125337066737246,0.0013884708135326745,0.0015604176036423945
158746,0.0009105363838508886,0.001404286359021914,0.0015093377063860047,0.0016585004573355239,0.0011167278494996769,0.002092573009651544,0.0028031046959720585,0.002345389077592644
158748,0.0006509331683751812,0.0009793286213977126,0.0009133636882207065,0.0018987770553104966,0.00065990875292056,0.0009487601251934076,0.0011729235909876956,0.000941911966624312
158750,0.0009632273272437569,0.0012597449465162752,0.0014754738062342648,0.0015281582957510503,0.0008136320823744526,0.002137491171772546,0.0016634608723027494,0.000975606265912754
158752,0.0009103059559012507,0.0007275826100114902,0.0007072969075994119,0.0016451721976409317,0.001003891439152818,0.0019257035921996235,0.000846695902334136,0.0009196672614298351
158754,0.0009286587531767143,0.0008998860812475251,0.0018689579488419122,0.0029211788438338188,0.0009767303781083175,0.0018526080246045323,0.0019356702005662307,0.0006506525313602386
158756,0.0010934927080121781,0.002004143639988465,0.000885710445403063,0.0021280344400385204,0.0019048839187668781,0.0009362253886409412,0.0014706171425788034,0.0017415923317000287
158758,0.001066964704422857,0.0007619546293250595,0.0024205712926351902,0.0012175049755456385,0.0006927991323070516,0.0014439591378480193,0.0014095589962397903,0.0007114932626506865
158760,0.0010461299046272132,0.0011832685830510808,0.0010524057606021153,0.0012964446368051719,0.0007283724354457816,0.001740217357450169,0.0012653677032423705,0.001478700654192977
158762,0.0008779150312983632,0.0009570377631857065,0.0010479529970519597,0.0019221084658166548,0.001215217523180323,0.0010364967950660248,0.001468807380750406,0.0013501553747554684
158764,0.0016543125350099164,0.0017989080749765268,0.0008704678381789149,0.0015818893386667643,0.0010564438886502409,0.0011675156995503144,0.0012661944733906166,0.0007232620582512707
158766,0.0020680097229554134,0.0018663218514452518,0.0017954441121195708,0.0020659617369446354,0.001245479219141879,0.0015221971669588386,0.0032930670238420223,0.0019392451715703057
158768,0.0008779148105404234,0.001781901230529806,0.000892464041862915,0.0014912453545613685,0.0010686412009599522,0.001632067466106682,0.001926807869500738,0.0019335643461069196
158770,0.0010856270662840256,0.001309499010447246,0.0009412133031048292,0.0017975081272041948,0.0009277653061856572,0.0021083753934905136,0.0014602219578476738,0.0008618162392776268
158772,0.0010436165376282447,0.0011050401171455726,0.0011686159917496802,0.001824745470916156,0.0010562312775189847,0.002035768420675113,0.0016370500201628446,0.0012641907044491085
158774,0.0010725695313032468,0.002369971629014034,0.0012055554807506447,0.0030953292494154128,0.001006788167403752,0.0019112552944469119,0.002650896851588716,0.0011904381047592866
158776,0.001358837590254583,0.0013980099550008895,0.0013572527936496354,0.002060466057034527,0.001020138026633935,0.0020062812329971896,0.0020535279970506637,0.0009977854616552428
158778,0.000844955048662669,0.0016678486927946962,0.002073899856439368,0.001408432767515136,0.0012257321020712197,0.0011465224210197716,0.0014250125870157865,0.0010252233113030584
158780,0.0005211804159049316,0.0012544867149346661,0.001036244468251582,0.0014789605244741738,0.001021076076277494,0.001459427730766072,0.0014607615291989534,0.0009186336211720048
158782,0.00070048784887701,0.0008686888684439342,0.0008728699234662601,0.0014057346719335145,0.0006788418061364244,0.0011587708220901632,0.001230622919329863,0.0005851729190266136
158784,0.000708043133779427,0.0011681328790338341,0.001308048618462579,0.0025418981607159413,0.0012325695742134712,0.0016744763209831787,0.0011223803479967764,0.001078055713102724
158786,0.0006141688555684338,0.0013861350275059525,0.0011346786388882202,0.0015845672356057522,0.0007254604091030993,0.0014397988877146717,0.0018627707175975505,0.001186077649702591
158788,0.000681630895901373,0.0007171728870238869,0.0008212032881363442,0.0009984963362255628,0.0008184358827208055,0.0016500860220682867,0.0011815354158307145,0.0007742436726343484
158790,0.0007354279103649643,0.0011245305097995484,0.0010329773117439545,0.001804328802255173,0.0016107772503382023,0.0009137161144452989,0.001485585598339903,0.0015753859246715601
158792,0.000781834127725093,0.0014104724472796676,0.0013035365554575074,0.002361551150292185,0.0014145974271163042,0.0013212789441860995,0.0028637968419083087,0.0013553792489912203
158794,0.0009224696601002925,0.0008639100468708083,0.0009566721235698683,0.0027762132615798962,0.0009226546617907699,0.002209097199078691,0.0016811946853140386,0.001307764617968235
158796,0.0006339263543397901,0.0011042996981347475,0.0010939855151406164,0.0013116999860889877,0.0010818194534591014,0.001648741613611851,0.0011226843922793606,0.0011787905707044133
158798,0.0010019344621770149,0.0013882739844186531,0.0010276115027624405,0.0018665510314442302,0.0015324482935794581,0.002803135858887043,0.002595091159646193,0.0011428174198176017
158800,0.0011500156123056687,0.00103120821067261,0.001695471462835274,0.0013985426449485971,0.0009479014442210915,0.002400611446664161,0.0010697116718097477,0.0015148563092970968
158802,0.0010213496461592003,0.00136203855427465,0.0008176081164602313,0.0011316809951150142,0.0010975370038437404,0.0012628927196781797,0.0015232109611812567,0.0006411406498642615
158804,0.0007864880992594636,0.0010364634535451334,0.001055308919004419,0.0020451009863198394,0.0010600782896317273,0.0018061347793536658,0.001341578487007014,0.0016918499508192936
158806,0.0006670054459796716,0.0017743961785494783,0.0012234239003542507,0.001857684772393911,0.00086840693147483,0.0010364699299136998,0.0016378284669835708,0.0006863663223165596
158808,0.0013657655647867362,0.0020146858175758148,0.0012499719297176526,0.001937938240701445,0.0014042899886455018,0.001480102275819642,0.0020938772061960265,0.0007955583725963861
158810,0.0007835642053076776,0.0017311371735513476,0.0013246913622089185,0.0038360600653153526,0.0008066429584519114,0.0019453897700225653,0.0037557832266821856,0.0033548547355466557
158812,0.0017758589982864864,0.0023537203531118767,0.0010652853899529996,0.001303721364770985,0.0015640232615715122,0.0014097785891509368,0.002412873360452261,0.001810060708071562
158814,0.0018989117910794967,0.0011208018771782235,0.0016251074717528319,0.0017663927572920818,0.0011068471364390625,0.0015759017060052033,0.0011009904135053095,0.0010089167121487552
158816,0.000600363330810625,0.0007475542569181405,0.0007667023121742944,0.0012522791904227143,0.0007496773976614947,0.0011929936760618626,0.0013223220937630537,0.0008462917320340019
158818,0.0006558899354240678,0.0011327607633726672,0.0013052958684198757,0.0014870875893393531,0.0009442255081323382,0.0011398548181080909,0.0023512709735898363,0.0010825939728665995
158820,0.0007099266988056657,0.0021332291938458425,0.0015507036395019519,0.003058507504261565,0.0012088599509208486,0.00165116515248033,0.0019340322147167743,0.0015100029507417734
158822,0.0007786078597221829,0.0008078970075388187,0.0012499545443983018,0.0019892469502914706,0.0010930372065873911,0.0018246442634942128,0.0015300132827624768,0.0008993795823732977
158824,0.001908677734618891,0.0029298821796542307,0.0023948183342397678,0.002141880845405675,0.001820228881435959,0.0024326363268781237,0.006687434905202849,0.0018387284717475
158826,0.0011666192467188474,0.0009819144400759067,0.0014499328659012406,0.0015649173682783513,0.0008697166567978171,0.0012841828510624098,0.001791960779077853,0.0012998793838625705
158828,0.0012851813403498419,0.0010919085929437244,0.0007945819025246964,0.0009513525187268002,0.0008349598840680234,0.0009560098173945521,0.0010290672618241126,0.0006550881978957014
158830,0.001490860127138005,0.00207978715337781,0.001402057539845028,0.0016087472098835903,0.0024631506994488156,0.002499024516152082,0.0027759105987627125,0.0024837010149464517
158832,0.0014132030921074762,0.001666745264418401,0.0012726455835232603,0.0023421478176867266,0.0010902545278779346,0.0014517556633677486,0.0023994372279503295,0.0015997716508329152
158834,0.001413899753438308,0.002322893112445948,0.0013867342575315522,0.001067586602649176,0.0013023825334613909,0.0004798675970366789,0.0013753436761605592,0.0008231011942165835
158836,0.0010704974468871975,0.0012423661045258272,0.00110269070023096,0.0023774907958831193,0.0008930684479443486,0.0017445822781434611,0.0015895697783564616,0.0011660469900359877
158838,0.0006951004966018193,0.0013694838814871796,0.0011450475670428256,0.0024956951211871914,0.0010326681902126517,0.0016659995086688029,0.002308578518617266,0.001966413509235432
158840,0.0010654084412399373,0.0009139381891330213,0.0009336671340651886,0.0017094962247167361,0.001044541960475931,0.001662614077663216,0.001326470315781203,0.0008661964998868954
158842,0.000975497008516988,0.001513122404242076,0.000789964422812664,0.0008531762936192511,0.0013036226367684756,0.0012018484267974916,0.001423369128631613,0.0009530429155795196
158844,0.0009210190304021239,0.0011489316900592517,0.0008833958173113388,0.0011952840809427295,0.0008108262382137445,0.001382705543215637,0.0015623406531162787,0.0010625968175494993
158846,0.0006922806235759027,0.0010680002470166983,0.0012138880846477296,0.0012853258449908034,0.0010891425969786206,0.0015779698190343666,0.002086786072067262,0.0012633722687107607
158848,0.0004384539656336929,0.0014127026215838279,0.0011256686050380993,0.0012733407276224185,0.0010723938532311572,0.0022135278578430673,0.002284154914692929,0.0019212194347108108
158850,0.0010997872801690178,0.0018209406677967138,0.0016540092066158613,0.0021707284560108647,0.0014219170954288401,0.003112968427322463,0.002800114651169139,0.0011012277565571882
158852,0.0008946181305973001,0.002339776546789532,0.001834364997180385,0.0026170997771020194,0.0008597561027680646,0.001592730774685483,0.0026459398996375866,0.0016686021665386491
158854,0.0013107754051673443,0.0028433344546565653,0.00243838042021971,0.0014506163871788602,0.0010732584745483248,0.0012328405805617226,0.0017814996262282556,0.0007200944400841437
158856,0.0013133365400959246,0.0024978603532341825,0.0011643356384747339,0.0017424185720940621,0.0012478533922926638,0.001295517672124158,0.0015845859203553747,0.0012614374183929217
158858,0.0009149689597477174,0.0011233417978529087,0.001097364228943798,0.001466238611802853,0.0029722024981693185,0.0018745724860913665,0.002623935273077596,0.001385247240049195
158860,0.0007511425172138791,0.002083615531319971,0.001123756114612684,0.0027968220072454586,0.0014944677912887144,0.0012089656442962338,0.0024270050835457774,0.0014142443659160286
158862,0.000979881055696033,0.0014250930269356227,0.0013512624438616477,0.0020015994989464603,0.0011911649393892554,0.0014223174757171386,0.0022120109980350855,0.0009431627090478317
158864,0.000815492287955525,0.0018073245901251145,0.0009673587234199123,0.001327390099504347,0.0007015110598198593,0.0010366803029617788,0.0023045447394929447,0.0009911174907464848
158866,0.0008756806182777556,0.0025928253747876107,0.001016587774329017,0.0013929255417526876,0.0012286240042067575,0.0023035372928257303,0.0018221919559713862,0.0018484475200475359
158868,0.0010691817290690159,0.0016915609732157666,0.000940092234189574,0.0016143112728548292,0.0009308927742811314,0.0013325379674162946,0.0020769516256340936,0.0011381959827763688
158870,0.0006328239927960756,0.0008071644432690178,0.0010591433411512169,0.0013456378885334935,0.0009350900936040546,0.0010874309250868408,0.001350305403548191,0.0010452384646609247
158872,0.0006511004579551477,0.0011998498015561992,0.001077324147232217,0.0018829518857388927,0.0006990857236852804,0.001337350561173345,0.0019274629990420622,0.0007745154853396087
158874,0.0011153041401625874,0.0013436011398764713,0.0008545126009385506,0.0012808785101175446,0.0007833458600141653,0.0013579712190372462,0.0020592125425172997,0.0011749129523809382
158876,0.0019513485841722439,0.0015435989911397052,0.0013394992751828566,0.0014753664865863048,0.0009034056694084414,0.0011101612327275717,0.002526719206219996,0.0013643247859108087
158878,0.0007632724656328471,0.001092193215550319,0.0007235569363273214,0.0012519501670461702,0.0006444457832614804,0.0012346840043200302,0.0012834289671253551,0.0008072020161536998
158880,0.0010120901592806236,0.0011525848617549017,0.0017514980099436195,0.0015629252804512245,0.0009748348464988545,0.001641677288738777,0.0019550417677067916,0.001633869116667866
158882,0.001633910375987091,0.0009128498082683484,0.0030785995796946963,0.0010076760689878839,0.0011792249670214972,0.0010657720433757678,0.0019582375920812467,0.000849637139456464
158884,0.00247457475079238,0.0020870420250758276,0.0009368607386406463,0.001324564727146052,0.0009711878024296627,0.0010768131034746276,0.0017832875375623503,0.0011354854086376154
158886,0.0008850868121490531,0.0007678309930660016,0.001152779131912196,0.0015226384617650357,0.0011089067012557408,0.0010532342391667143,0.0010349698721286021,0.0009636402424768355
158888,0.000697826803054722,0.0008528579374179751,0.0014320822276641665,0.0015997344008052,0.00097869779162979,0.0024139263998497335,0.0009974110596755598,0.0015540157958240375
158890,0.0007882067906911511,0.0008009897559059821,0.0010535403776049806,0.002147252654061474,0.0008102248892993304,0.002186944633103885,0.001198653385172721,0.0012377620588882032
158892,0.0010483119199220514,0.0013721375940907304,0.0009305510282225371,0.0016809506064705548,0.0012441879876419343,0.0014928397295373014,0.0015539972921875395,0.0015049096690828018
158894,0.0008167682060172959,0.0012483948359781755,0.0007423782274990388,0.0010517547139130556,0.001323797724657405,0.0015302487691395417,0.0014229239133110028,0.0007711508416235469
158896,0.0006958013488268661,0.0007873419839740693,0.0009045259400426581,0.0014778229371126272,0.0009237495497589655,0.0012422043406706273,0.0008666797499780367,0.0007996548018858324
158898,0.001394057516357572,0.0012898833711420116,0.0016260420024991618,0.003383304473223228,0.0013842208564364272,0.0032124599664336145,0.002337711945974222,0.0014603156282567836
158900,0.0012392220019986078,0.0012932386855482036,0.000936595764767803,0.001799040483705605,0.0011819413728498956,0.0020050249629602335,0.0011847498904038606,0.0018908118075424696
158902,0.0009454724014258536,0.0011872680316969003,0.0013447784684252895,0.002282991379228397,0.0007577582283251928,0.0013178227829980238,0.0010222887290095017,0.0009539150821893418
158904,0.003102664343163433,0.0014268351359886383,0.001650729220030192,0.0015312652405924526,0.0015328861127161947,0.0015647876863376098,0.0018622758607411832,0.0016997565909952078
158906,0.0013636049567345432,0.000931618638666587,0.0007711876702034548,0.0015294963254964267,0.0010217589979780173,0.0008876081896868095,0.0012572334658651624,0.0013353440553341006
158908,0.0016814088416703399,0.0012726923635551085,0.0009446138359258151,0.0029039671918775767,0.0018834737329251894,0.002316184036142366,0.0012191636373488773,0.0012566658095570227
158910,0.0009818745174925425,0.0019147365854255277,0.0013043939983170688,0.003183081285596648,0.0020135659966771247,0.0024455389283171286,0.00326400094766989,0.0014961924189600545
158912,0.0008356949366035739,0.0010083918771042755,0.001102878244865338,0.0015532178898580856,0.0009359576554013316,0.001566071774279587,0.001344461276517675,0.001070841923728874
158914,0.00084557283144732,0.001206652844947309,0.0013151256881816092,0.0019036575357118807,0.0009630574922537584,0.001077127295448524,0.0014062358625588495,0.0010008970532293798
158916,0.002013798695849056,0.0012659129330076097,0.0014514760536899068,0.0027161243525060247,0.0017353302332188264,0.003568199031636965,0.0023374659121078722,0.001595968131292716
158918,0.0008401703516258165,0.002136885649123857,0.0014398554302519906,0.0017915564659032462,0.0013777867830553486,0.0014278766328579412,0.0018629015971664137,0.0017680809664456648
158920,0.00091404630827999,0.0018174463351467024,0.0018490071738431896,0.0032054179507066127,0.0017706658946853443,0.0018029485751827057,0.002150251146852536,0.0014475564085764253
158922,0.0007548030274860708,0.000828866614345395,0.0010257128968051976,0.0010676172762908026,0.0007883752903230547,0.0013646624776490063,0.001156391537793247,0.0008595135168004142
158924,0.0006847709479127252,0.0016365520559818436,0.0012608225160322256,0.0020850009642137263,0.0014892147682561557,0.0014943831125120571,0.0016205744144231482,0.00122824300748893
158926,0.0009308916376754607,0.0010764346669225322,0.0012761048373031297,0.0017765714778414932,0.0008067963810900469,0.0034305663641327616,0.0016634052634580954,0.0011113707707349207
158928,0.0013214793616498355,0.0012506964254935249,0.0023661494634561464,0.002428390528647087,0.0009736786963000649,0.001319771696287067,0.0013462695801678137,0.0008731791132099744
158930,0.0004992409632798324,0.0012769369708881678,0.0012790331466800003,0.001485500597257508,0.000753417163580572,0.0013121258291912685,0.0016836040428545168,0.0010010714889657907
158932,0.0004478214745029553,0.0010274443225122415,0.0006453268144324675,0.0011128988431077236,0.0005970587810345679,0.0009703449069714681,0.0008220636329179243,0.0007061262351368974
158934,0.0005737445175988537,0.000875276641061476,0.0009031960737995726,0.0011870526510051604,0.001127429362219115,0.0007652230156418582,0.0011547698257994288,0.0008268749763296612
158936,0.0005114560287553284,0.0015689150888954645,0.0010566579743210985,0.0011816678244323114,0.0006886072272186718,0.0017893943858982159,0.001372935589090185,0.0008475571316569758
158938,0.0008278654045124102,0.0010783211536039006,0.0013527459097977812,0.002054608553672621,0.0011034780988644771,0.0014404090403310477,0.0014170886003848082,0.0011971608307029258
158940,0.0011746877148633011,0.0012316916241329606,0.0021626357208238134,0.003935731485250393,0.0011883007954428676,0.0021029875493797784,0.002276319244338812,0.0010424333934808822
158942,0.0009872121798117917,0.0010680029253754691,0.001898409884022581,0.0013719996039575216,0.0009882977505759616,0.001141574521603697,0.0015441033946635013,0.0012836430433873502
158944,0.0007274584158403763,0.004432433756834664,0.00104268791613861,0.0023613625172165392,0.0006358558696490692,0.0012047490126771004,0.0022777833177698575,0.0012674448164729513
158946,0.0007997908072706096,0.002011063659127635,0.0013023322532825787,0.00392895221227324,0.001648014112633156,0.002644268435115796,0.0025179893370443907,0.0019039800244791266
158948,0.0007783073727157842,0.002110117086191965,0.0015135922376253164,0.0017722676917830832,0.0007457018523179294,0.0033323976824957274,0.001829297292612067,0.0011934255335377536
158950,0.0006435130935102985,0.0012236313487468259,0.001419516277995081,0.001814115293482535,0.0008304607049274305,0.0012719168829290611,0.0028798663539966185,0.0018849565742980051
158952,0.0004251660255164026,0.0017832913131302086,0.0012088552880842318,0.0017092377787639723,0.0010823275167229363,0.0017642988078760968,0.0015965087049014809,0.0007019689551504005
158954,0.0011786844141625924,0.001107694537685347,0.0015105284757967047,0.002017572905978607,0.002467240980049079,0.002323273046441768,0.0032940885282082416,0.0019339591474722
158956,0.0010415519460460487,0.001690832969414524,0.0016350640408016037,0.0014862395562156294,0.0009840995118927248,0.0009953062107193184,0.0014843203100023405,0.0012052505016680315
158958,0.0007162677185062472,0.0014549269287506134,0.000834248826535048,0.0012818842504012246,0.0008621980651935292,0.0018751606006955357,0.0010377267281381913,0.0009245520269151077
158960,0.0008093048439015149,0.0011724796419435024,0.0008395705211895789,0.002501198644035141,0.0008732372368681941,0.0015416725947621363,0.0015627768307087259,0.0026990606971688674
158962,0.0008521715956533726,0.0011379496619015605,0.0011408468739718125,0.0010676068082524637,0.0011839711784047413,0.0015170235633455015,0.001008848556331765,0.0008554679020418426
158964,0.0006708557712667464,0.0025549928088244855,0.0017231268691165896,0.001221085329615304,0.0010689356853586102,0.0013494537996512485,0.002004339435732541,0.0014861444835713306
158966,0.0006100750452785221,0.0013317031331795542,0.0013829155535489829,0.0025801729027270653,0.0009158045916440906,0.0019430355947869793,0.0010493188237947898,0.0014392648982131245
158968,0.0008337067236574569,0.001888570874578402,0.001749938042592325,0.0027010556692098064,0.0009519173501204882,0.0022923086762738493,0.001968365610108838,0.0014482283116046407
158970,0.0007510966754828464,0.0012241281496601225,0.002453220849930382,0.0026142323805731227,0.0015032403966588337,0.0018311737453411414,0.0014491371879279402,0.0013915452665258649
158972,0.0008335067742500125,0.001819179735147572,0.0011533063745621797,0.0028957194130091596,0.0012780234649628769,0.0010592534277932414,0.0021060452512544764,0.001371971730793009
158974,0.0007249399470951913,0.0023182470027483526,0.0010173813598890608,0.0013805315718515981,0.0008547029650038951,0.0008252509429045873,0.0024045351340913484,0.0015734551563975074
158976,0.0013466203409865513,0.0020055003973760283,0.0020927734190805958,0.003266113851823571,0.001213455914246389,0.002412738681682791,0.0022542518980840504,0.0026951928703756872
158978,0.0008746564722378475,0.0011675078076345408,0.0008364601566575626,0.0023382368374780804,0.0014311195258354253,0.001487255098736609,0.0016091452850714033,0.0011793083761780232
158980,0.0005802909230691183,0.0012694288631626277,0.0013509951504160483,0.0010135225520981894,0.0010337082771894601,0.0009049139739667235,0.001218808560674356,0.0006678896294296521
158982,0.0005816722946225955,0.0010758172834260393,0.0013016273574800175,0.0014433870129382798,0.0012682117688951472,0.0014369726115184278,0.0014123433568938998,0.0010130861589809914
158984,0.0014567650896166878,0.0015521266440977066,0.0013147782432113703,0.0016125135595627255,0.000797850218362664,0.001013041576279683,0.0030197574416690603,0.001407046784789881
158986,0.0012523614530214472,0.0019292441533918514,0.0009775219978189753,0.0033320316782159964,0.001515378617660837,0.003855398267291546,0.0014568998844566444,0.000840562905196976
158988,0.0005123290511590585,0.0018005614793423774,0.0010620965636656265,0.0024958041793674696,0.001620910956994459,0.0016621107213988934,0.003017019816730762,0.001240325133515921
158990,0.001208470376032944,0.0015374701909118826,0.0014809677668430887,0.0023384050890224023,0.001479840012330591,0.001710781043341561,0.0020077318548855777,0.001514089395525789
158992,0.0012131904206837962,0.000907674853226851,0.003326122053282435,0.0004908840501430256,0.0007536951140283549,0.0016609530179145932,0.0007202608940639621,0.0005126922851155791
158994,0.000525811892314168,0.001219707147865956,0.0013153423917212775,0.0018946911528425758,0.0014775545750063263,0.0014150640398603725,0.0018886919721195078,0.0012593155283239371
158996,0.0010963929935956518,0.001528255285405733,0.0010806878302239142,0.0017412571647144187,0.0009200307321652647,0.0013686764160892317,0.0021962403584732115,0.0009435488729338561
158998,0.0005957930894591318,0.0012929943403641175,0.0014228719198512568,0.0020844587095145833,0.0008133960936689832,0.001072539030605793,0.0017880457178576364,0.0012799128803218096
159000,0.000810960113773216,0.0012071676732179487,0.0010109690902595503,0.0015741837485550164,0.000690042160465032,0.0010719993620040974,0.0018619961461846662,0.0014341996181239797
159002,0.0006573720450296951,0.0022264541103675928,0.0012733816712807156,0.001338779210711627,0.0009499367531268371,0.001971916373059379,0.002155331802002003,0.0011562260979092742
159004,0.0006547379374487218,0.0007361604251219372,0.0008105280812660404,0.0010355593592570878,0.0006059936406494076,0.0011571854591532205,0.0008904818476303117,0.0008402215349812038
159006,0.0010142072144981307,0.0013141915274790389,0.0012474296899114279,0.002387770910669565,0.001594452870103416,0.0019819174574391973,0.001541976559458702,0.0013592298135973874
159008,0.000913680193134328,0.002080404242112144,0.001613805106449609,0.001693155713975228,0.0008507999582853115,0.0013141788329598114,0.002873315257125031,0.0014136988889527219
159010,0.0010072728587769003,0.0012494941408541238,0.0009269912652225577,0.002510917008953728,0.0006589897997608674,0.0014460688542980993,0.0015484502954979384,0.000908145849077422
159012,0.0011451063110234916,0.0013280495327629982,0.001097726578237257,0.0013815665566248164,0.0012234629910432698,0.0015329826688559312,0.0015443712919014363,0.0009261319512740597
159014,0.0008590734324542965,0.0014193632943141493,0.0010364195586915065,0.0023625838779045005,0.0007957570803399129,0.0011534948854685784,0.0017465623658102225,0.0010170726800887153
159016,0.0008620162744488215,0.0014827700838005442,0.0015214804172727359,0.0018387169703466683,0.003064864541538148,0.001674393699391763,0.0009580738716433203,0.001500054969347256
159018,0.0011884009629971187,0.001578110405251687,0.0011964197986494979,0.0018338330884631326,0.001726272421444644,0.0015230335882526896,0.0033955978105187357,0.0010208627695789674
159020,0.0007559741312808711,0.0010736090101853973,0.0008411694645709712,0.0016580914688980736,0.001134287406112225,0.0023564183857308074,0.0020103313338352274,0.0017755761185412333
159022,0.0006381130291977094,0.001569343918860433,0.0016303991767979836,0.0015183241948837911,0.0010271544164389829,0.0014762503443785935,0.0021168490274290352,0.0009968024240534223
159024,0.0010069910142827126,0.001187055731401765,0.0008607814363452738,0.002190219308673136,0.0010191987430620136,0.0015305172107352855,0.0014809540041587632,0.0008080288408586524
159026,0.0011047862666233726,0.0015070570723105803,0.0016051652566808627,0.0027798127193554567,0.0009297977492756099,0.0013861963316681575,0.0022010380514953104,0.0011391689593631682
159028,0.0008463175249495691,0.001619147946018265,0.0009179930831774291,0.0018753186944033828,0.0009691508322877442,0.0037612219863734225,0.0017487666537503582,0.0015606689576976862
159030,0.0009367738540932979,0.0016229051332806166,0.0008545955831246316,0.0009679529726060489,0.0007571411200825301,0.0012720731293745097,0.0013823118860758488,0.0012717393901073987
159032,0.000626853418729121,0.0007576870619698008,0.0009020896062590517,0.00127176277168696,0.0009200510714742517,0.0010664707226715198,0.0009954632332832697,0.0010649999188839937
159034,0.0009881220893195874,0.002049146554739034,0.0016763125094688136,0.002968897030442008,0.0008903292230144667,0.00116218075404384,0.0017553438439961294,0.0017757340386396342
159036,0.000978240532180985,0.0020469124185931165,0.0012662231063696044,0.0020288264616365043,0.0011226264759081062,0.0016023515990953308,0.001991754302608728,0.001248832393514046
159038,0.0007484386179389436,0.0017571160866364371,0.001235408508479821,0.0013178187259556134,0.0007422528783590648,0.001408666813759396,0.0017411412007173888,0.0008024167842613089
159040,0.0010206199698786222,0.0029394474940259846,0.001615076510038449,0.0034902413932253046,0.001133162015781744,0.0011978783682532607,0.0019220575091767472,0.0012751279723213216
159042,0.0012002274016121306,0.0018415278955475345,0.0019464487263656793,0.00303205929644125,0.001257972218485906,0.0012302201840098115,0.0014663846859032242,0.002376554698130931
159044,0.000996925218446576,0.0006256031022840482,0.0009770654789384992,0.001619023530905539,0.0009334052299535302,0.001525181949113899,0.0009767734559545382,0.0008462688655341867
159046,0.001523598309769461,0.0016150357886255406,0.0012075772329273177,0.002187915103703253,0.0018097310602181033,0.0009183503525516702,0.0013524244916130052,0.0019094730238834595
159048,0.0006253387865449295,0.0014294576188956937,0.0014440262376069768,0.0015231984575053148,0.0008156685732264718,0.001251850255844289,0.0016586882812377746,0.0014950127882963488
159050,0.0013525403950467307,0.008244233147023439,0.0016545395192013729,0.003933754567193637,0.00137595162411365,0.005158634430736664,0.0029204327097573923,0.0022042532970170114
159052,0.0008916068709181914,0.0014288092355929788,0.0010842169498457427,0.0013224616269230105,0.0013249085811978395,0.001148469833330848,0.002424593429057112,0.0012943682781607763
159054,0.001361400974204452,0.0025060800877698686,0.0015039178760784117,0.0015805232480878978,0.0011130074631571368,0.0014437216115672502,0.0017754185194007732,0.0015758348626080526
159056,0.0012701911048088044,0.0013852733066055528,0.001185193334708734,0.002317448893024557,0.0011988169315755304,0.0015810967505747314,0.0016801567854586447,0.0011768590142458013
159058,0.0005240324142219734,0.0008799077286545526,0.000909526875890132,0.0013880199872135096,0.001103845416697627,0.00176686092744327,0.0018180695777682138,0.0013833921532964283
159060,0.0008967536198501193,0.0011449706726929798,0.0009545241788005421,0.0026473262898749628,0.0010439263304612562,0.0012993408524588634,0.0016682482317911806,0.0009003561700034052
159062,0.0005946913441317592,0.0007274405311452764,0.000892618741432042,0.001171790666818509,0.0006425505776586626,0.0006062388852703382,0.0012884872115353496,0.001116743535270484
159064,0.0015865039172581336,0.002141575004278043,0.001979808136349029,0.0024220311679973433,0.0014267276301139914,0.001990047881503934,0.0012128997865537006,0.0016311257888637076
159066,0.0007578922639500107,0.001376423429011675,0.0007645873202347803,0.001986463224393345,0.0008071567171222573,0.0018406436369320378,0.0015813228031194004,0.0011613033633629671
159068,0.0015633856962141146,0.0014222593117131505,0.0011228773744181991,0.0025653806698531373,0.0013495137398342738,0.0017185887351303109,0.0028252288184194563,0.0010288583796445039
159070,0.0006742433030123597,0.0015357896673640625,0.0012715480943481655,0.0030810775629242088,0.0008822185601081167,0.0019236214670537155,0.002559121679060486,0.001292774931633059
159072,0.001108700038418911,0.000783672450786841,0.0008314728279124189,0.001492880895259674,0.0010173221866915938,0.002004817124076755,0.0010106855447645918,0.0012689372842629304
159074,0.0012576934433481401,0.0013449200010878237,0.0015715116901460768,0.0017309635802360696,0.0018973465537537454,0.0011688531278866154,0.0015505088305278886,0.0012291265192685419
159076,0.0005540036392703979,0.0007809053654597164,0.0007486803798987564,0.0017311914232474024,0.0007066016760331473,0.0011393925261349441,0.0013380716040912177,0.0007686509367646789
159078,0.0014624261436409075,0.000996858645068724,0.0011674981337096574,0.002346642392937248,0.0015048741184054415,0.0018918470559376038,0.0020823356142971594,0.0011467214779239399
159080,0.0008309577225768111,0.0017483557166722008,0.0022145017539196843,0.0013614155442254333,0.002893374448511579,0.0011680804226213426,0.00382686686258972,0.0012001066044278752
159082,0.0006390373726673816,0.0012928325279715214,0.0008157768858763625,0.0010603490287488526,0.000815799123842529,0.0012554284515984282,0.0014049978548842518,0.0007954609717821283
159084,0.0009112486467106745,0.0015262564062763634,0.0011665993973162259,0.0009156128382286632,0.0012513381087850967,0.0012629922762080886,0.001999481726259314,0.0009342773617280337
159086,0.0012702436816312002,0.0014116941081889767,0.0009981027346551152,0.0020825392729756503,0.001493647890534966,0.0013434441106635747,0.0023842127121347922,0.0012357068030502405
159088,0.0006726409296442526,0.0022906106500251155,0.0009711911691737442,0.002208103485846158,0.0015020553915051776,0.0015215835885995649,0.0020651619227488732,0.001092746070430875
159090,0.0006303718321298869,0.0012667648078746319,0.0017988012667125158,0.0014166496965962866,0.0006425836288721648,0.0018327398387235766,0.002680366434430495,0.001088379502852066
159092,0.0012019543298285584,0.0014087283345178836,0.001122113032735475,0.0011273938383950105,0.0011077344613053541,0.0018945296502797526,0.0004799785872925538,0.0007721785440788533
159094,0.0011077642185087222,0.001646501243442025,0.0012484925031253646,0.0025313930591741585,0.0010587556586454938,0.001594176201378819,0.0023074030520069955,0.001365747667379083
159096,0.0008752295807466816,0.001773883706436552,0.0017322818673387724,0.0012575277783522104,0.001159731238258424,0.001402638994391206,0.0017755221196416593,0.0011787348059490999
159098,0.0020207172635764575,0.003108880137909012,0.002186383356830801,0.002649087686117435,0.0016677075114769485,0.0021763778585914967,0.0029924289078747807,0.001960813088548466
159100,0.0005487317495313088,0.00099348631163855,0.001036312583870394,0.002550624940674942,0.0009419628447558982,0.0016939547460398524,0.0016839962920368046,0.0010078778226178114
159102,0.0010082385696455476,0.0012139740087731138,0.0010263477186214232,0.0021043172024173273,0.0010584773662519198,0.003336760314229928,0.0019788273083936603,0.0011702746657611535
159104,0.0010610643732553715,0.0013724072468370707,0.0014237739302638275,0.0016774380189178567,0.0016258353071840759,0.001255179522157715,0.0009374203397118121,0.0012880149516336648
159106,0.0006205810017867464,0.0007220814451659591,0.0020770402490423306,0.0009712614077517362,0.001043666361345022,0.0010675600678702324,0.001155757458058737,0.0005068813942877975
159108,0.0006612106934605344,0.001447397952905105,0.0011738339492357724,0.0018312359171053366,0.0009059969422298281,0.001613008152552331,0.0012910682516684702,0.0008271724818198802
159110,0.0007790619743101163,0.002029390967900682,0.00185148803286328,0.0022581447815163275,0.0029253662900154964,0.0014706834302570387,0.0018987234869955044,0.0013159899066384068
159112,0.0009385999604640816,0.0011812877778777514,0.0011098266216539449,0.0015216803693898218,0.0011780038468934273,0.0012186558805993425,0.0014543784913240293,0.000987152017865714
159114,0.0007450122924274917,0.0009003196180460173,0.0013196176897631862,0.0010874476322047522,0.0005928882383655944,0.0013308402929496227,0.001527503914480255,0.0010500205399408546
159116,0.0009107696515937708,0.0014200609106618245,0.0015605491646571018,0.001659561695853462,0.0009267737342684469,0.0013545323532132697,0.0018944589545368817,0.0012896861669118298
159118,0.0010890068725455948,0.0017741507601332224,0.0013643536821018737,0.0008844956386701158,0.000854034823918548,0.00073265929581047,0.0015701043285440974,0.0018622900077826104
159120,0.0006705070113641742,0.001256750593258707,0.0011663444238543819,0.0010821282475943633,0.0010001363140167557,0.000827997249125554,0.001260140319230496,0.0010519482668858299
159122,0.0005962498281154027,0.0010022401287130972,0.0007145993042106391,0.0021964491637920802,0.0006668223689760971,0.0011806251475206114,0.0014263502659019878,0.0010365327757261428
159124,0.0003965999387324365,0.0007270571683127974,0.0008471761764156129,0.0010277529001029434,0.0007097966763736085,0.0008627367683357624,0.0009350677660922152,0.001155686283775395
159126,0.0016031981221011904,0.0017621629389825838,0.0015381080022556365,0.004241036084554006,0.001463614797759194,0.00211707219315406,0.0020876390828539343,0.002313519893882232
159128,0.0009678049726638549,0.0012434863980405192,0.001723742696224717,0.0012168712478817373,0.0010916402543915127,0.0013096127900960042,0.0012041643757121911,0.0008827630380774942
159130,0.0019093935851721838,0.0016788615403468127,0.0012775395452193639,0.0014894088509029846,0.0012623396698876466,0.001474117573016867,0.002256322493986454,0.0017461943412835357
159132,0.0008401910839363515,0.002113720804242672,0.0008440239275448042,0.0014874803749605064,0.0007661647833288043,0.0018449323216435248,0.0016155765868908767,0.0011466039086394653
159134,0.0008959025306831819,0.0014277490994501485,0.0009768447111258016,0.0013276080825810888,0.0007389877935782274,0.0014148160108940488,0.001414941844342113,0.0011423107111056124
159136,0.0004855759035108133,0.0011758299582749349,0.0008271076624168927,0.0015760708912033877,0.00147386070289314,0.0009261512242037008,0.0016007751807484288,0.0012635926110968754
159138,0.000935855427650515,0.0012528869954897548,0.00131629372063026,0.0014626976876011,0.0010596210713305215,0.0016929579780403103,0.0015363511999511165,0.0009012524279958939
159140,0.0007581311372247025,0.0009688070037014995,0.0011845983330385779,0.0010956727411335354,0.0009108054032181401,0.0014301557388901737,0.0013020421529193055,0.0011931969842082918
159142,0.0010596009414387542,0.0008647701252549635,0.0006482910435008683,0.0011145495941790179,0.0006305561964584094,0.0008730285290942975,0.0010350671894649027,0.0005669600588511514
159144,0.0008935128112972368,0.0014719563290395282,0.0011032375437636383,0.0017706753001500847,0.0012850101355690313,0.0012144267830867111,0.001166272160995574,0.0008935588015877884
159146,0.0006710759756583008,0.0008619023095214652,0.001154856416664407,0.001459492911875096,0.0009279640019377346,0.0014968057570927812,0.0010447779559457637,0.0008231203254201042
159148,0.0010616258012356022,0.0010945580499856084,0.0012872909522663178,0.002703249323976975,0.0011106806251551943,0.0018574217791101355,0.000985993146438227,0.0007837890472476051
159150,0.0008896244071075789,0.0011156288750097249,0.0010277445401923324,0.002120056750418764,0.0018100242551499779,0.0024443165672467654,0.002386413481765326,0.002037466078608219
159152,0.0007228509524663564,0.0011351660802925156,0.0008823714839071434,0.001286709333644609,0.0009651433715779506,0.0010603701362077583,0.0008412957731020049,0.0008990478040372431
159154,0.001149271639556082,0.0010219261914166111,0.0010053487310939802,0.001439388987521717,0.0016140508461637837,0.0017068575451873458,0.001962884211048968,0.0012644180064305122
159156,0.0009455329978755624,0.0008896811865725246,0.0008802459039173455,0.0016400780175112595,0.0008308650506330707,0.0017518057834066264,0.001194808363186306,0.0011760851998596777
159158,0.0015825265160512303,0.004725546500302047,0.0014201117296558513,0.0026265261792902117,0.001333768124773052,0.0010287142776402997,0.0025573753844768815,0.0012462187190548507
159160,0.000679834034003568,0.0008337337224294285,0.001058349383424917,0.0012668658428516416,0.0008228839263730997,0.0008371508140154887,0.0019182892448693784,0.0014492381602702054
159162,0.0018402744594698955,0.0008828525831569879,0.0012135480522324493,0.000960326583919327,0.0010151275787961822,0.0010331482942549375,0.000963373473624754,0.0008787397558532618
159164,0.0008528748003199006,0.001237041581711798,0.0007758967441873349,0.0015167444109416423,0.0009070322016704324,0.0011764856195883994,0.0016648407554210737,0.0008843163864755699
159166,0.001700892400418097,0.0013170604391910118,0.0014103426156804183,0.00303108213634308,0.001786069325815598,0.0032690823528371826,0.0025641328629011917,0.0010872157095734303
159168,0.0009992555095066913,0.0016898276259085798,0.001771305523192171,0.002574251209088732,0.0011215882290152024,0.001369118300907371,0.0021768565053071343,0.0035452666566527236
159170,0.0007057495208040998,0.0016561352118500544,0.0010084339913787321,0.0028143440251487406,0.0020292130828995086,0.001642138593430778,0.0022278345409998956,0.0016045492037761733
159172,0.0006825018464388967,0.0010786047339744892,0.0016706821010046419,0.0017513573848691039,0.001162412664002313,0.0021930149146674044,0.0021558956514904914,0.0016995357405563127
159174,0.0008953692863533681,0.001396683964498116,0.0005022752116673503,0.0012419262680103543,0.0011512873649073413,0.0009844917455429508,0.0016945705524312876,0.0013173897965763764
159176,0.0005099782766638944,0.001453389860243695,0.0009289868669026952,0.0009118548796758219,0.0037389647989639757,0.0013819490287208525,0.0017423461088507258,0.0036516211923476455
159178,0.0006339578698396665,0.0017366591859548919,0.0013277546815140817,0.001681232566472582,0.0008969498592864,0.0019446481463336746,0.0016964916792955448,0.001430408208412795
159180,0.0005174767151783256,0.0006089075844270021,0.0011580734633777207,0.0009720954091685385,0.0007782277653308779,0.0007796595528653527,0.0010090359903680568,0.000924399114900807
159182,0.0008831317627239245,0.0011360624222823135,0.000962313123469092,0.0021204427049527214,0.0007461481003547023,0.0011655013268898617,0.0013566797270015002,0.0009726657832085511
159184,0.001132259799191529,0.002290200949648949,0.0014184862534696863,0.002654379611952487,0.001124557993238684,0.0015609730230854574,0.0027528798807609084,0.0016699028871519084
159186,0.0012824917262222457,0.0010301629258666761,0.0010130278222400535,0.00167621337046521,0.0007909209751899605,0.0010569573431391671,0.0011306726404161638,0.0010124296118864257
159188,0.000989891828361969,0.0014351898872378421,0.0016890926462314604,0.001352493539869118,0.0012368329996165356,0.001761119096058708,0.0017347073744531372,0.0014635264371600787
159190,0.0010775743338982263,0.0018613570611969582,0.0023118666888422013,0.002755574343787315,0.0011959142243041093,0.0015921304907851042,0.0022143622121065243,0.002228604054775263
159192,0.0009460543908319657,0.0010293309042650606,0.0015397734211615305,0.0022540711375845235,0.0014225892044761462,0.0019822846557156076,0.001059952635730499,0.0011481067766168224
159194,0.0012046023876008949,0.0010125882164437883,0.0011323681063827445,0.0016541873821625114,0.001276389638166578,0.0017801193584168207,0.0019162740796324074,0.0012799246085928306
159196,0.0009621906307232843,0.00114279097349268,0.0011498852417916178,0.0014042899886455018,0.000866366669252161,0.0011880853210911035,0.0012418183558440266,0.0010178331766433346
159198,0.000897219542239789,0.00143971040087211,0.0009930169230267794,0.001359664951079434,0.0015254976698866884,0.0010587607497006962,0.0015687757981713985,0.001713993967620342
159200,0.0008822201091973764,0.0018504001087609745,0.0010807353469763914,0.0018253823782421602,0.0004990465411136881,0.001569302892674554,0.0011184250409482233,0.000714066328204397
159202,0.002073970431463859,0.0027907191521942126,0.0015338264246631539,0.00224222047263134,0.003241272822893451,0.0014433745582387858,0.0029039836534168334,0.0008515366221951148
159204,0.0009853456731796634,0.001313301169164005,0.0012599750220882028,0.0015571209725641216,0.0010340762527488168,0.0015262674671199378,0.0013546626065502054,0.0009084461783127745
159206,0.0006375489052513755,0.0010729648595733665,0.001353552226399879,0.001261937864791618,0.0012040700093181173,0.0013986914373598225,0.0013534741056831084,0.0006494960298349152
159208,0.0013498698502829726,0.002091938102329452,0.001129560313412617,0.0018210757925771759,0.001108145394032603,0.0023995529215438266,0.0016087693238798911,0.001152761930248103
159210,0.0008721689733646176,0.000989377824679727,0.001064095612444263,0.0032556127076901475,0.0011850922764802263,0.0015372028929262621,0.002858388055082886,0.0010946785897483213
159212,0.000480775400459741,0.001392205433660365,0.0006908258368754222,0.0011436837690661505,0.0008339927607510546,0.0011591583906653963,0.001233514563310445,0.001210389846547033
159214,0.0007746659254606048,0.0012853928914924456,0.002757356517781029,0.0016131607646094892,0.0014304352600403997,0.0020108167517119413,0.0018551943083679051,0.0014676682824347337
159216,0.0018668027593982117,0.0010748451291969913,0.0017011228651695465,0.002791153302974303,0.0010054647269576306,0.0022019396220116505,0.0020678287981296256,0.001417520839804301
159218,0.0007688091729543579,0.0033934074004315917,0.0014517514051504282,0.0020186744247002175,0.0014607826015534814,0.0021257642204028926,0.0017544393334376768,0.001838217013665544
159220,0.0010297076632093255,0.0019620666536832587,0.001297202064885053,0.0016692854915545952,0.0015630059882299069,0.001576487089939571,0.002258004933477553,0.0008942397745105891
159222,0.000850612202370496,0.0012344104394918093,0.0010976303079446859,0.0016962056809033538,0.00106676004096308,0.001216458815690713,0.0012077450119519911,0.0014069584717866374
159224,0.0006850364222297373,0.0015053788039323113,0.001334044865936912,0.0014849185774892248,0.0009119587130694586,0.00129061505828644,0.0014005230121144768,0.0008821022716478145
159226,0.0007780863319659659,0.0014505780784882655,0.0019208122213287826,0.0026374677096126092,0.0008920884782007144,0.0012784896272938356,0.0017273786563536953,0.001399295325994046
159228,0.0006012739936525069,0.0010141737588848093,0.0012913480238531255,0.0010119868176950014,0.0006231276020604894,0.000834888624752006,0.0009054378340614434,0.0008530673756018715
159230,0.0004812342411481853,0.0010821498158151283,0.0008563400118513087,0.0014148210553344143,0.0008866921203264412,0.0011853544211982148,0.0016941623535183248,0.000775818090283098
159232,0.0006492101975125314,0.0016228904260202764,0.001673008947955093,0.0012153427148269835,0.0010643175209051337,0.0010498165425427836,0.0023741591713713484,0.001945075950984379
159234,0.0005326400881306009,0.001515562505549753,0.0013457808330310517,0.001371247127895936,0.0011715269661458777,0.0010215918182174821,0.002933000827885515,0.001335688761011103
159236,0.0005211701253832503,0.001310773786694655,0.0008003149206406469,0.0011848709381052785,0.0005905673864004118,0.0015840005172185756,0.0014914251827536362,0.0007724786740703898
159238,0.0012897078399093515,0.0016591383129428566,0.0011845542267941434,0.0021462515503754137,0.0012941852051204794,0.001268632351469956,0.0018774316592912316,0.0015910740994922734
159240,0.0006540264555939847,0.0010377171277099612,0.0011188521569407417,0.0011622422218998119,0.0011356011511454295,0.002520165338665628,0.0008943227698035017,0.0019451462705367822
159242,0.0009188422901634241,0.0013394850955967957,0.0012209850956432788,0.0014443156054789186,0.0008061240748472344,0.0010348008959982224,0.001395319639627468,0.0008830878128152225
159244,0.0010495201177466301,0.001100446598823135,0.0010536063990704836,0.0014150121902001822,0.001186096381146362,0.001210402807111599,0.0031098722507545556,0.0014770986730650165
159246,0.0011634752241541785,0.0010602915301850674,0.0010360823428974403,0.0014556485798076224,0.001030414989533504,0.002423134248612638,0.0012762275373303655,0.0007001673491168238
159248,0.0006761256579733456,0.00111133326541403,0.0012829680430688356,0.0013058302476283284,0.0007346199299601598,0.00136027684359169,0.001772012384302149,0.001130227994597735
159250,0.0010460566476649391,0.0009568700880646791,0.0013533543249626967,0.0015708238763451204,0.0017497847020334079,0.0016337408245949009,0.001628331249895268,0.0011208537599181057
159252,0.0006600120149126455,0.0010205630827521267,0.0007955795977290236,0.0016150277042884659,0.0009984866835843903,0.0012852347607124198,0.001309924765813389,0.0018923108224391805
159254,0.0006809100001546088,0.0012569368104922152,0.0014541293132475652,0.0021773817911297094,0.0007872863748838201,0.0020661070204069376,0.0017039102656435517,0.0012946492118959402
159256,0.0009920087818793416,0.0016699430766209944,0.001377990058294698,0.0022710996296169267,0.0011657930945137146,0.0024178378686246504,0.0021911441202890902,0.002207617215078797
159258,0.0015567367347637528,0.00224071920479596,0.001161244713168641,0.001877130149358211,0.0012563314568589945,0.0013909052623906626,0.002076760463570873,0.0019635503969912677
159260,0.0010042365973485096,0.001487235272946974,0.0012637690047850314,0.0025675241950153804,0.0010819282616025966,0.0016455475526045427,0.0022040581124609937,0.001968454199696837
159262,0.0008589324764136964,0.0011947648398685923,0.0010256145885847445,0.0015064185030277955,0.0007784011192688324,0.0014534247975084846,0.0020058761138369713,0.000574945669527871
159264,0.0005688220334405664,0.0011241138020798846,0.0009080577245008797,0.001647144044806828,0.0008555192223672382,0.00175991052608028,0.001555445902003072,0.0011412782496558194
159266,0.0007986889803275089,0.0013097605492442543,0.0011135784891048162,0.0014289886388427764,0.0009613506099832719,0.0008769700001976279,0.0016369481302866973,0.0009714145482660509
159268,0.000817779303675048,0.0014434908985477973,0.0006440645334897278,0.001864367955473567,0.0007740447674819961,0.00192847845722538,0.001524438024881114,0.0007897631942563876
159270,0.000819071508582795,0.0008818034532099284,0.0019367163440895535,0.0017100969791046389,0.001142964517342207,0.00154561680671296,0.0017862166907258725,0.0008856899349516528
159272,0.0005742172755091347,0.001692172973024611,0.001397343956743971,0.0014430499058260132,0.0009498546605051263,0.001105446338635352,0.0010027312739452482,0.000857865581915862
159274,0.0010101822724917775,0.002415692961839133,0.0014507934650325738,0.003970144574655166,0.002377225967229238,0.0038669066595327234,0.0027520156327263123,0.0010614046590445292
159276,0.0009653055198827233,0.0012578823728877225,0.0016434026828582443,0.001979767360356155,0.0012813470597045212,0.00223269124426774,0.0024163386046386487,0.0011959925529876486
159278,0.001315187833256251,0.001165819296880477,0.0010722550289332805,0.0018971891568517751,0.0010075568711762628,0.001734604040987478,0.0013412131033119779,0.0012314563019462238
159280,0.0006446783518302551,0.0008268067408076542,0.0007262504876350308,0.0020024259174956788,0.00047444909697466967,0.0011359951215830777,0.0009711318456756685,0.0013030222788490975
159282,0.0010119635902666874,0.0013922090476376076,0.0009027187523536484,0.0020991960253875647,0.0011299797824939617,0.0019263954861053478,0.0018956090591549235,0.0010682301111195613
159284,0.0011814368184999285,0.0016382406785395848,0.001774549024426142,0.002358794092065089,0.0012906691267961096,0.0015672853025428118,0.0020288036413938088,0.0023290976773907013
159286,0.0019058869071448964,0.000934421978465716,0.001525627168500257,0.0024283424315874047,0.0016717609376200177,0.0015705917842402523,0.0015965238875301768,0.0010021943701073038
159288,0.0009637268606783739,0.0009589725626004166,0.0007225786492309205,0.002846241349888659,0.0007456466147537505,0.002082598094447441,0.0023758519286651847,0.000851026314282053
159290,0.0010552539775532943,0.0013544742211135802,0.0013653616626061599,0.0016270290936660908,0.0009236733517981183,0.0017207879767911494,0.0023985420655127238,0.0011833311186549983
159292,0.0008349810902219847,0.0013768632450009838,0.0014722419066339754,0.0021748157579431493,0.0010036133726300106,0.0013482353046490037,0.001079494131058359,0.0012313791734550605
159294,0.001549773419620204,0.0015693445091691793,0.0012915426774997574,0.002429305197728715,0.001071619333354104,0.002169422747197794,0.002319337675909028,0.0009321588152523402
159296,0.0007876950220622181,0.0008779470414934133,0.0007546483884418032,0.003133119864681136,0.0009349532848237398,0.0016056984288926324,0.0021061649248061004,0.0015299844310985439
159298,0.0008403365412447267,0.0011530728448318067,0.0009633991428836808,0.0010653114100871997,0.0007675220659944838,0.0015748181896392405,0.001917249069440366,0.0012287031356772588
159300,0.0005160931893763987,0.00067800016073594,0.0005308222185362865,0.0012527443260457322,0.0008338497898583569,0.001045162589350515,0.001016174709690676,0.0007065789003302264
159302,0.0006452240453425212,0.0009813387929409473,0.0008074899275561966,0.0010656667261414038,0.001247083412707406,0.0008685791842549841,0.0009759746911043449,0.001133471028556668
159304,0.0008341212190926851,0.0010219178552374336,0.0008661834527968516,0.001757936629193324,0.001263868330972931,0.0015798527139177093,0.0010635699786001873,0.0009934121037570437
159306,0.000724989697917653,0.0009143980776196159,0.0011136115569121557,0.0017001814382331393,0.0008299690947599948,0.0009622415913808219,0.002001605498950454,0.0009623323070014102
159308,0.0008540991657726739,0.0026044645698210106,0.0015121476095132508,0.0017800781786898728,0.0009383501461908451,0.0015729078626149917,0.0016215490440297936,0.001363328192258928
159310,0.0008306427878923585,0.0011213504482505826,0.0012370504913889052,0.0013250420129258395,0.0015040305633645806,0.0016210312449450731,0.0014288134600298208,0.0008716947538577359
159312,0.0009810596671960964,0.0013550577923577972,0.0009637022278698205,0.002363857354925669,0.0011076640375163316,0.0012555203215081079,0.0012435618028621698,0.0013819806037282945
159314,0.0005438311162678927,0.0013040347904196836,0.0008851057639938653,0.00179899876969003,0.0008896191848211665,0.0012351351252427728,0.001165829981425226,0.0007718912027867043
159316,0.0010946480228000155,0.001824550378615522,0.0013494964966315331,0.0027778434492887194,0.0014578800360962735,0.0026992368197023,0.0012087249913422943,0.001776257768266301
159318,0.0016134884560632529,0.0026844722085001133,0.0013365256605448739,0.0022879502126624957,0.0014142757473494805,0.0018401731419148692,0.002324641856372489,0.0011271001628676697
159320,0.0019695223900174086,0.0011712046489609357,0.001439823200869661,0.0016947242147971608,0.001186169512171556,0.0019103472844159697,0.0013339066278241773,0.0009251653877787071
159322,0.0009633199392886961,0.001466612655920907,0.0012034211789181543,0.002138997428241543,0.0012063987067725268,0.0017662001835661578,0.002195967320340275,0.001831279916222353
159324,0.0008399686568719457,0.0016656847719677265,0.0008720316773500603,0.0021224519510388284,0.0008964964994789271,0.0015643833489689118,0.001125398399016278,0.0013612431831227512
159326,0.0006129188095725692,0.0014065426554039778,0.0008090160793004821,0.002889988553960221,0.001301429257508216,0.0015340557843069313,0.0017216414188532397,0.0015835705787490273
159328,0.0007763898227236589,0.001634375106338029,0.0012991464176659306,0.0012323176905876393,0.0007491347574433704,0.0012554400671485055,0.001900916184596771,0.0015030953867834485
159330,0.00042000117527621686,0.0007589347003542392,0.0005467596772002793,0.0013064406774534465,0.0006434077286236045,0.0008258085961165978,0.0012631111666730477,0.0008805156065692238
159332,0.0009288548197047865,0.0012463323458867942,0.0012473731139828331,0.002554465213823756,0.0012238205695248722,0.0018047377191701686,0.001427091815606199,0.001286405212273023
159334,0.0007334246312906828,0.0014956959031469652,0.0009426358229985277,0.0020997087841204826,0.001281319056325947,0.0016155780842431883,0.0011824831843499362,0.0012773432868885687
159336,0.0007731784445388946,0.0009422455006527532,0.0009490161412467751,0.0011823245987713366,0.0008464565750421517,0.0016995581628254236,0.0010397868061398086,0.0009704785944165822
159338,0.000435261828281297,0.001299611312887708,0.000864754897939371,0.001399597737290259,0.0008246534676570882,0.0008483619410651656,0.0019746610869103703,0.0008686318845024833
159340,0.0009558147060404233,0.0013856676625134817,0.0011450029427942376,0.0020586134790545746,0.001516340526950058,0.0013542392375565648,0.0015557861925486471,0.0011458393507974979
159342,0.0010019052187483363,0.0010774677014252637,0.0007659901167289679,0.0022807957825348724,0.0008792364333699704,0.0011072742674561042,0.0014969444096784579,0.001347357278859429
159344,0.0008889875123742202,0.0011193035332011242,0.0008226255507049474,0.001701933917925294,0.0010167659477217234,0.001854875978155049,0.0014312675043284262,0.0012820771223884808
159346,0.00058696399254278,0.0006866978029897199,0.0009988476299339077,0.0014524489844141564,0.0007369782527132142,0.0014394986654411301,0.0012827777725670786,0.002941611829304025
159348,0.0006704252130431687,0.0021421749837957776,0.0009889635313010126,0.0013140572927943794,0.0009225033776805204,0.0012705769590189014,0.0016244308481552228,0.00166365414305715
159350,0.0023728466287403216,0.0019817181165230485,0.0018578408431442345,0.0023589402839369195,0.0013314578993556397,0.0021187228190878843,0.0020434065490465697,0.001726175220985185
159352,0.001375849368924889,0.0018348733659428462,0.0007241869723237926,0.0020143092769166066,0.0013055155294559029,0.0014124279185940974,0.0018569607027357216,0.0008246353884162373
159354,0.0004141418272002456,0.0008674250108518279,0.0007641427995587341,0.0014356135863381608,0.0005894077175494644,0.0010192567814799741,0.001792787208408933,0.0012274623969055348
159356,0.0008146217799096522,0.0008895399635051905,0.000930255588361073,0.0016204523438913127,0.0008494013053862749,0.0025186365422959073,0.0015906194300976395,0.0015989817451767113
159358,0.0006721180456257005,0.0012347421243879553,0.0020029377224359823,0.001820332509384015,0.0017682554711351273,0.001462804830453024,0.0022984551414160226,0.0012153442732698583
159360,0.0008904105915386352,0.0017148932379697085,0.0016500152022827508,0.0021108742109859358,0.000938050504229352,0.0012923675076683683,0.0019978525877526465,0.00189222979694037
159362,0.000629692788372025,0.0012532855108477042,0.0014310225688381056,0.00215563654830421,0.0011483079908072846,0.001833498411598758,0.0017409145690945454,0.0013400834302741554
159364,0.0008611163536340095,0.001200198750447981,0.0010688553009761265,0.0014070238678581953,0.0011166422021544609,0.0013637416986561762,0.0016276470419313155,0.0012122996853730778
159366,0.000775949977917665,0.0011539185218765319,0.0007346139727543305,0.0012175382521058126,0.001146680100921893,0.0012367682798531399,0.0013366722062003178,0.0011230513971117184
159368,0.0015950491281786633,0.0028422408293887896,0.0013694896716174298,0.0014385704925610199,0.0010675427839255264,0.0015313509579426704,0.00203253645601488,0.001514084177118083
159370,0.0008351142537998957,0.002323934593561186,0.001781392707105811,0.0016647528999969574,0.0013048845920673457,0.001461134589296767,0.0029220277727881744,0.00181185813366036
159372,0.0007647558516611502,0.000895496256124742,0.0014406971971751142,0.0014877016450005748,0.0011536462114086904,0.001450089757953299,0.0015374932701883864,0.0011359059763380724
159374,0.00133042419619539,0.0017431725280064314,0.0025106101315977014,0.0018437436300705046,0.001945009904338102,0.001467615763245958,0.002553337149231019,0.00206025536418665
159376,0.0011220693567972617,0.0019874715185458497,0.0014123388768744333,0.002493629049299395,0.0011503984289001346,0.0016658647916393404,0.0011354178739775428,0.0015337721512259095
159378,0.0011998438657343513,0.0014693002704713326,0.0019460095959061285,0.001540789248628674,0.0018213924811159021,0.003093876533816556,0.0022454084525082157,0.0023251670749085407
159380,0.0006606057127075994,0.0007388237460601577,0.0007220468094551458,0.0007864277147279358,0.0009905883955601547,0.0010368060092469378,0.0009254075479683266,0.0006722267980273679
159382,0.000543446938377521,0.000850345272603862,0.001067209304220565,0.0024371120337021157,0.0015783776843186909,0.00213508026816861,0.0019096833491061421,0.0008247870890196497
159384,0.001181116213545011,0.0014404240271698315,0.0012743155780606252,0.002085961479175502,0.0009823765271499973,0.002217277024298983,0.0023131740836657283,0.001126749503371896
159386,0.0012230877462080653,0.0017736966866737647,0.0019603931232916594,0.0009162272866086868,0.001747469827112491,0.001902242419128522,0.001732469481894816,0.0011607382503925484
159388,0.0007823756656700522,0.002343938782203861,0.0013681827913337857,0.002112828576304404,0.000948862596321709,0.0034270469233901313,0.0018897029966458284,0.001567447240147013
159390,0.0014116787116919133,0.0010916501010949653,0.0015684981204980297,0.0016247837079525068,0.0009356013070451231,0.001662152943287032,0.0021853529700790464,0.0014255804964058427
159392,0.0006399499454561863,0.0012262849017881244,0.001022644659586014,0.0021864826462714287,0.00075150817805986,0.0015547889350762123,0.0016329208982535093,0.0009860874314138734
159394,0.0009234774933055689,0.0009227775538998007,0.0013100188781423605,0.0018519663846972012,0.001038217129067931,0.0024952324878946414,0.0014393121023994482,0.0014067133897752715
159396,0.0007858175223030006,0.0011088828831882225,0.0010474525855706102,0.000980759347970983,0.0006664339787756379,0.0012603786306717574,0.0013466963497428402,0.001049512393881527
159398,0.0006207358058967771,0.0014902270122958555,0.0008669716074918288,0.002041072542906544,0.0009356240967222131,0.0024556212210358336,0.0018382646104471295,0.001160564123803623
159400,0.0005166072751401941,0.0008953458776329894,0.0008463904625060116,0.0009793330514457216,0.0010640316934887317,0.001281697527861017,0.0011869687117360833,0.0005887702770126513
159402,0.000552461226823734,0.0016892365671630216,0.0009298779481794472,0.0020502124638533403,0.0010035904775274052,0.0015882440226072797,0.001832267165798443,0.0011813902102847523
159404,0.0005845879416696599,0.001729770671691,0.0009853550282152984,0.00201137607385804,0.0009733325545016047,0.0017709533996788096,0.0015644225426514474,0.0014104774839707318
159406,0.0008623570110723039,0.0017448570761955384,0.0018840448084090355,0.0015130635715170926,0.0020634835615564034,0.0011560528167558481,0.0016324431293858327,0.001298954682685205
159408,0.0005775623819246657,0.0010567742290202992,0.0008361931946886149,0.0013417446861967997,0.0009644348704069584,0.0007923408975146901,0.0014359512354489429,0.0009865996436826535
159410,0.0007334036468163024,0.0022867076841204814,0.0007839925382314844,0.0022639868586211837,0.0008923288298393062,0.0017740167600548973,0.002052407219959529,0.0012901624796910482
159412,0.0007465415523305909,0.001215812630617888,0.000816487480208853,0.002471580226742154,0.0011847416840038566,0.0017981077221576047,0.0012689431231943799,0.0012486478307158766
159414,0.0012868451041738727,0.0017249951038538769,0.0011994136867869015,0.0021249089502407004,0.0013565935579055305,0.0014038285056677952,0.001981237550445991,0.001331639783476446
159416,0.000735498932869838,0.0016743046776706572,0.0019855524592493623,0.002442092197683779,0.001278275448444846,0.002068130005075164,0.0016435213860797049,0.0021695910581487343
159418,0.0009187202249601213,0.002341707574623264,0.0019214816807680557,0.0026602758848155578,0.0010774571852057435,0.0029128487369689537,0.002156552300448311,0.002199879809650432
159420,0.0010001945140170054,0.0015370635566336333,0.0012779771197542061,0.0014845482345520744,0.0011054973692949943,0.0014689510127286476,0.0014745255218995418,0.0013756667008695822
159422,0.0008139846947752306,0.001922742540495792,0.0007227340731131293,0.0017536065035166915,0.0016965294255193997,0.0013840706182566415,0.0018470905432689394,0.0011810058556119274
159424,0.0010216789786082203,0.001013548406595191,0.0014668520577774263,0.0021296102521306676,0.0015690160195123287,0.0014379364320868948,0.0015670691038099371,0.0009575566695605754
159426,0.000807964564153496,0.0020742228827270864,0.0012028236858713376,0.0014965607526316177,0.0012671159283761946,0.0014107111403574013,0.0014594749798091389,0.001505862468013222
159428,0.0007280475279097948,0.0009751234386710245,0.0007505940396923851,0.0016755328984730533,0.0007192453744213657,0.0012700779886678504,0.001495623579512842,0.001455637493621445
159430,0.0012806220041847727,0.0011741921151442458,0.0009592630664051506,0.001065155780373639,0.0008865100945733145,0.0013683525595410556,0.0017204090804947558,0.0011230651297490374
159432,0.0008339327308475065,0.0010066666581977218,0.0010096043153479256,0.0022906926658162186,0.000925034972093508,0.0008911174980398597,0.0013472703124348673,0.0008319770252282511
159434,0.0009006398920746173,0.0018137386324144078,0.0008498003531907106,0.0022838999654082454,0.0011063625925020748,0.001591367143085387,0.001627996944034274,0.0010696446603040283
159436,0.0010026956488948802,0.0013208494520067782,0.0011004112555185325,0.0032604548668282995,0.0006385312967045614,0.001827055863554486,0.001200277477440892,0.0016959672650496693
159438,0.0003790696100897141,0.0003191328795293519,0.0003391844766025033,0.0012914112110491566,0.00041606572443410317,0.0014787141198979864,0.000628083323253318,0.0002714682648239132
159440,0.001212722568723082,0.0011861736178398058,0.0007224929329008867,0.0024920967941027966,0.0013002361384080313,0.0015812291804460088,0.0012933989156454495,0.0013424619987861264
159442,0.0007222627456328658,0.0015699794504953207,0.0011110218218357698,0.0015098581940629074,0.0007971161240851732,0.0015212566492333601,0.0015639127684308335,0.0016943193708721105
159444,0.000610742233761466,0.0009070481333559727,0.0008825547443509635,0.0015072936780718416,0.0007926799510797645,0.0013503524945959189,0.0013620743005683528,0.0008081177947170982
159446,0.0006468305816216026,0.001236228053813626,0.0011998281229736035,0.00270810765554913,0.0007110503501096682,0.0013185945460181397,0.001147507278025428,0.0010793891171095304
159448,0.000601613579982594,0.0013802583540754032,0.0011649753725615497,0.0017526010679781573,0.001402435304177621,0.0019069490486032237,0.0018619990396759878,0.0013880885502894902
159450,0.0009674215235050444,0.0006873072880268817,0.0009732452732537679,0.0014589991087297083,0.0009949205237411718,0.0014614461736934953,0.0017405188540431382,0.0010237380920055106
159452,0.0009747344715678313,0.0026748852682454416,0.0010939115869936789,0.0018352672166488393,0.0006301092226582185,0.0012785090747693406,0.0013222188710560467,0.0013395396328770431
159454,0.0007864251029925419,0.0015466571214837188,0.0012801223979841958,0.0015106781875440234,0.0009610219106730988,0.001241300390209657,0.001698408674649876,0.001230069142593715
159456,0.0011463438143240051,0.0016561164131218137,0.0007445444277534886,0.0008801811372194934,0.0010820755534136084,0.0018789967362110027,0.0021746100681268588,0.0013209398941151917
159458,0.0010125391401638734,0.0014892133306541044,0.0018509036426059972,0.0018545409907762128,0.00144909776428849,0.002677850500651738,0.002125120862592547,0.0014400261954539695
159460,0.0006332534603311103,0.0018687295873611731,0.0012170693025454066,0.0017263844839691261,0.0009393008503804645,0.0008415355584926211,0.0015031745347329206,0.0011655631368601288
159462,0.0006371987583656293,0.0011945052616336854,0.001302658150612368,0.001899424804739383,0.0009037249239678448,0.0017317851254651379,0.0014373852747308208,0.0011910826547923414
159464,0.002038696473623036,0.0014149550165410418,0.0011840532169939966,0.001252645174248515,0.0015201589712541264,0.001224863631348383,0.0012336537783461665,0.0011742283687655175
159466,0.0010201187512715038,0.0019612839121843084,0.0012951275127199985,0.0025637586177312266,0.0011873270786836448,0.0022387121859788195,0.001649106180708293,0.0016312308074726417
159468,0.0007347215090851601,0.0014514973428197409,0.0009139830127533367,0.0016080990982381138,0.001395000437668173,0.001425232255238884,0.0012683892807330843,0.0022714412152620295
159470,0.0006997769531337378,0.0018274020548512127,0.0008672504590158253,0.002529124535834551,0.000906949179658112,0.0023613523797597763,0.0016863632909481924,0.0018633663050104943
159472,0.000630588002265009,0.0011151361924100073,0.0009341876366542184,0.001668214757533093,0.0010828295699628065,0.0008054255119434618,0.0009787779745296654,0.0008064644775088205
159474,0.0006556191058054162,0.0011096997904316286,0.0010154782244210653,0.001051318862073325,0.0007554508209467771,0.0010688823390219704,0.0016828123462240413,0.0007692961715815051
159476,0.0008415431232564365,0.0009897483720461425,0.0007860872854685876,0.00339845691122026,0.0008129822132741382,0.0015192498663241794,0.0006699352028570783,0.0012273804341381839
159478,0.0009879916416628692,0.0014642422347114353,0.0010052788060668782,0.0012326153502218024,0.00145119930920945,0.0011529817670564851,0.0014677733236313634,0.0013004846597653441
159480,0.0008359638655090068,0.0008556332003998059,0.0010958335441069167,0.0012526649515543498,0.0007599767234970113,0.00098586050002325,0.0013795343332054788,0.000913843702740183
159482,0.0005864416291371556,0.0007370840403039293,0.0005714995057233413,0.001421276885084366,0.0009132527949890085,0.0008034918224765347,0.0007914520260980697,0.0007748124397703206
159484,0.0007199914781837492,0.0013729228900170032,0.001088497735431529,0.0019090849619268907,0.0011579804135630756,0.0011734878336772253,0.0022674357695804392,0.0018849653081345341
159486,0.0009449023858572637,0.0015816946547059368,0.0010669184648259833,0.002261106681888947,0.0006092948360170471,0.0018995329360791402,0.0017375379833933224,0.0012100666325121218
159488,0.0009260292412783012,0.0011803788848668978,0.0010113443694912405,0.002386749799861365,0.0015545718374299217,0.0014071672414870395,0.0015859255776371484,0.0015591746700143738
159490,0.0010326964426222857,0.0015439657952799474,0.0012347803482413156,0.0021791100148044334,0.0010209908461513706,0.0021043452284109088,0.001450111036914184,0.0011665637706068654
159492,0.0014004340676285754,0.0016627246622116232,0.0017100153319269396,0.0031705595436598705,0.0012279296891509889,0.0010465873366884981,0.0014780918964768658,0.0009842645303532876
159494,0.0009177359825512377,0.0009837954560367734,0.0013335923532592636,0.0017792317422105075,0.0006692013426008586,0.0018811120947131443,0.0014681821066678952,0.0011467113859033873
159496,0.001223685298634758,0.0016827182109037248,0.0015373974485029113,0.0016261672878856853,0.0015591996768171829,0.0015305839604545235,0.0021967121050088384,0.0015705386357896117
159498,0.0013231748511471353,0.0012646723545464145,0.0009697089733073962,0.001421128581360398,0.0010969335850102985,0.0014184525805052695,0.0014948897808189088,0.0007971499914497665
159500,0.001283762101003172,0.0009356599910264607,0.0011042125480751341,0.0019283950251597487,0.0011320426989864935,0.001484090393772411,0.0018329548261987322,0.0012393468502792104
159502,0.0012890622767294246,0.0021145655974001004,0.001126722993531351,0.0020444103257133556,0.001229836588302613,0.001557172423458708,0.0019789751296992453,0.0011373648822927823
159504,0.001296990349112015,0.0007752933487465002,0.0005726487400537494,0.0011512266930198273,0.0013956591970440968,0.000968930612621835,0.0011823156322146033,0.0008577276707715797
159506,0.0006572402427102199,0.0015866380572593514,0.0014450465158223486,0.0014168140321618866,0.0009808659828669658,0.0014644626249813442,0.0021323872173158037,0.0008573430183762693
159508,0.0016128830758965762,0.0014508019786632076,0.001220595133515856,0.0016902496989887883,0.0009555699811694129,0.0014212937382698798,0.0021515552214618344,0.0009323966563002696
159510,0.0011610070807868689,0.0020106901298378027,0.0009394443710148727,0.0023691936760442817,0.0018498402441836787,0.003021867585889737,0.0027155807627716883,0.001340923342220357
159512,0.0010612832955141926,0.0019021722295243931,0.0017412692898593485,0.0028717435289321025,0.0017226450479940342,0.0018348066644575806,0.0020175230418400525,0.0017922780801733623
159514,0.000834595115796647,0.0005991209473099647,0.0006064995923189681,0.0007430737775573348,0.0006873063113847812,0.001010181562078341,0.0012989463583776978,0.0006289661814334324
159516,0.00135820680072124,0.0013249701433757366,0.001518849714005066,0.0014100826906316422,0.0010922685630370688,0.0008324043104911451,0.0013159363914361372,0.0015584830907470343
159518,0.0007461566481314387,0.001557381469835542,0.0009368710008610948,0.001625684499997393,0.001246283159562156,0.0008552250502992832,0.001646448639665024,0.0009558770151174706
159520,0.0007820329893460376,0.0012680072078797289,0.0013578037433208956,0.001738787935369468,0.0007600460459533803,0.001229044500958898,0.0034410992478933894,0.0018853111196255462
159522,0.0010433176203028527,0.001176980169388886,0.0017990392196374216,0.0018455119276703513,0.0011822818157922743,0.0014120199737455152,0.001736224837807901,0.0012726883765870611
159524,0.0006239147542817271,0.0012103369681626952,0.0009620387967648782,0.0027100830835138368,0.001704719213935793,0.0018265110051456923,0.0030590337086528058,0.001452725848020156
159526,0.0009256758082451001,0.0012329619675812697,0.0016146034546979937,0.003555025094881481,0.0014129465443818573,0.0033126596424300075,0.003873730985422208,0.002088554578395796
159528,0.0007275273443059366,0.001081585191435877,0.0010394857954599962,0.001200355690747848,0.0006826435549559286,0.001056434202028736,0.0012727420682809854,0.0006600726934748481
159530,0.0006302892464023074,0.0010756491589881123,0.0009261577997196936,0.0011935910395630689,0.0014074310904101939,0.0014174260275917755,0.0016185540942794674,0.0014239906914616102
159532,0.0011672618987216415,0.00300602168287889,0.001526273288632654,0.002096347634221951,0.0010776195809226174,0.001671294881341448,0.0040162513216147055,0.0028097419636186616
159534,0.0008644361410362067,0.002830552246131879,0.0011897623758954645,0.0018374878058034089,0.0008874497078149336,0.0011726008265908888,0.0016795613137283866,0.001006143354113656
159536,0.0006824341118497924,0.0014574462370978147,0.0017066245377345274,0.0013247705460948112,0.001157170505675445,0.0012704771039957624,0.00287962606067739,0.001899500139161417
159538,0.0005572577681647872,0.0008949889882867469,0.0009908852906248544,0.00202173186781196,0.0009600832443757007,0.0014402161977771777,0.0009978800733998483,0.0010176413621183628
159540,0.001066157602351972,0.0013635601112793744,0.0009445359807954169,0.0018431515070724963,0.0009748501997829152,0.0018193685019557565,0.0011004943008264961,0.0007210627418103993
159542,0.0010633661269171674,0.001014763702587143,0.000813525187256834,0.0009606720220190074,0.0009363626324397946,0.0011778711323257168,0.0017108325077599407,0.0010473028471038592
159544,0.0007489447115643366,0.0014437388803998502,0.0009004749969361882,0.00176391640261514,0.0008845008458965888,0.0010761667701475464,0.0016890672310443527,0.001345667406086895
159546,0.0009258883360594578,0.0016873458739361524,0.0018555941852172048,0.001284438645257291,0.0008508908013382804,0.002387162586275915,0.0021722804069686102,0.0023765652313836316
159548,0.0008457711893206238,0.0011045054552422245,0.0008726471734808033,0.0015296664979507768,0.0013207668653609922,0.0015995213389816687,0.0013811013469473693,0.000949203326786361
159550,0.001121662587460437,0.0019611938343345875,0.001174206667586955,0.0021795249600684574,0.0021289522177839887,0.0025685972372895827,0.0016256592660118252,0.0014744811768956922
159552,0.000646514551572306,0.000739829380226098,0.000587583207086493,0.0008685895045942339,0.0006597850214336599,0.0011269295784667316,0.0009943344978618485,0.00046335301878053237
159554,0.0011826732961017772,0.0017390849582215595,0.0021153584724609292,0.0042229078260938024,0.0018992364752201812,0.0020952786645445642,0.0015321484775121519,0.001796035468920723
159556,0.0005387807212722806,0.0010379137053320164,0.0007683164427168543,0.0011898479558941771,0.0008574372644152423,0.0008921758244726831,0.0017319417061953946,0.0007098948372456816
159558,0.0010383045156461268,0.0014693716692332354,0.0017878963872953874,0.00287467329530694,0.002377102094966388,0.0017611444223186723,0.0013249145475137253,0.0017370147150341936
159560,0.0005616925061498225,0.0011399481430408032,0.0009225111848591011,0.0016874480961349136,0.0005781368477300597,0.0012494032817545048,0.0012163044639648124,0.0005918615942597377
159562,0.0009134261741744615,0.0011955548212961298,0.0011646946408996328,0.0024385213315439996,0.0012235278829658136,0.0018183866402404908,0.0016724793398207455,0.0016174329378618874
159564,0.0009970296702044856,0.0016507410257757815,0.0015385288022504856,0.0022597496263621203,0.0016419296699266145,0.0015688604932773687,0.0019332691724151113,0.00117616926446297
159566,0.000632811528978261,0.0011916563918835804,0.0009288263223577453,0.001417376939674364,0.0007071656402464349,0.0014176885922557864,0.0016249278659580396,0.0015161937261260056
159568,0.0006973297303369853,0.0014286309700506927,0.0011768222088550662,0.002258009890042878,0.0010547726354337567,0.0014658212565719086,0.0019380563187587768,0.0008955649283383244
159570,0.0009991099632458145,0.0023282063875823683,0.0017919737102831679,0.0025071581209550886,0.0014594251690928234,0.001986250040810225,0.002868869928160725,0.0024193812077091814
159572,0.0005619598787997039,0.0010550877097170869,0.0008880102288750559,0.0015479677539156356,0.0006480191321864837,0.0013460101613817083,0.0015471294947746461,0.0009597152922955626
159574,0.0008043490748221999,0.0020670428495767196,0.0010640319365229495,0.0017561315010719003,0.0011883716828138408,0.002511119364136727,0.00151792300338216,0.0014146893423397366
159576,0.0009267913127248978,0.0011946461205294967,0.001738276282901699,0.0012734380363546571,0.001029339031585766,0.0016649419896319628,0.002026625570420562,0.0020833070775211487
159578,0.0009333312523961169,0.0009360503148081768,0.0008659580496801801,0.0029561180688384425,0.0011876960272317327,0.0011909222080031534,0.0009772299066162504,0.0010045992898378847
159580,0.0016947386305861262,0.0033848361825239565,0.001796614922520201,0.001941837700832283,0.002060529300810035,0.0019024874429891675,0.0017149043453557195,0.0012495281151051613
159582,0.0010015786175208152,0.0014817207978135016,0.0017906644260767823,0.0020368523653977594,0.0012420746220718204,0.0020955378663579105,0.0017184568500584613,0.0016064693864450419
159584,0.0011971252559226375,0.0014939891285326162,0.0015039522597002364,0.0020843331913460994,0.0009395619816166857,0.0017871904595170296,0.0011833918617867312,0.0015447244247429048
159586,0.0008482637466649678,0.0012617361922730996,0.0011948632191478709,0.0021520871237079575,0.0013565869718451667,0.0019883528229911462,0.0013493185970031712,0.0008854947095171574
159588,0.0016062385575160848,0.0022421470907139085,0.0009301743506225403,0.0026290874198418024,0.0015964068938448955,0.0021406782950370573,0.0020399857931244214,0.001060522746959558
159590,0.0009545581319031805,0.001114048943497148,0.0010133166766799206,0.001450089757953299,0.0011146635184850068,0.0015652846331098424,0.0015570019037536853,0.0012409326555796185
159592,0.0008269450358231595,0.0020272025178315195,0.0016637997113045366,0.0019092181096136418,0.0009760046010655644,0.0024477372205178316,0.0020662302952292877,0.0016713034098923135
159594,0.0008506680488978291,0.0013102009101474549,0.0009265723310786546,0.0024991250803765297,0.0010775640617331078,0.0010960362910506505,0.0019406145753129156,0.0012232357525750054
159596,0.00117296314224892,0.000772708029662842,0.0012894309208660304,0.0012679647588931808,0.0008359955323919976,0.0010451209193199085,0.0014056251706008466,0.0009669831241445083
159598,0.00046468342988245995,0.0020030550966956273,0.0009392759608848472,0.003246657449168744,0.0009777181473449859,0.002116064441337065,0.0014519075438690493,0.0012271134215558477
159600,0.0008268389836155188,0.0021665520560321117,0.0016738858195586293,0.0018557033083738267,0.0014585016901103032,0.002315716840091811,0.0024112186825631654,0.0017553026396904953
159602,0.0007533358742981312,0.0011764350203535973,0.0012992487358193389,0.0013329233846795518,0.0009842827627032508,0.0019009704335260502,0.001737973427574424,0.0014507704783546377
159604,0.0006610650015815046,0.0010370459278874478,0.0010021233755753145,0.0015848694675355546,0.001204504125348116,0.0014525106020314565,0.001298511651777412,0.0009236319141075477
159606,0.0005365344116181094,0.0012865620788258397,0.0012622689920238767,0.0015323269636999814,0.0009602780982488485,0.0022815985885618617,0.005619015125786719,0.0007183157347830128
159608,0.0009384478311392531,0.0020184380966634663,0.0012723149582675314,0.0016343232990341378,0.001495489598117905,0.001387257025009525,0.0017795076841609636,0.001024283358146541
159610,0.0009929105687361967,0.0030644966264659623,0.001403231175136646,0.0012813878651753985,0.0013326755906134663,0.0009901403230473532,0.0020549527030847697,0.0010835502491830656
159612,0.0006860379464596195,0.0013284052440348249,0.0007491411810890171,0.0020270532415867515,0.0009734199558908418,0.000999956776507896,0.0012826854444212277,0.0014299452707291493
159614,0.0007100551448680492,0.0013014176999020521,0.0010192308542775752,0.0014417522271329558,0.001234683480722032,0.0014940196546745638,0.001223773914558246,0.0008404769351440106
159616,0.0008839333484317452,0.0009016511690087582,0.0009784484065136212,0.0012199978156812868,0.001315984771294021,0.001637741327217293,0.0024023187187943856,0.0013495350887141044
159618,0.000546944971748245,0.002055316810085764,0.0010474417345973652,0.0021402012298656903,0.001566202983711587,0.0014268866389289259,0.0018834640325038898,0.0016405596182412219
159620,0.0008327422616130654,0.0016703029766029776,0.001051383605968681,0.002211449667438581,0.0011004330051772732,0.0009807948145140188,0.0021856654045028373,0.0007870913404791104
159622,0.0006817779611188769,0.001608577176259729,0.0013337569686516226,0.002268942765296114,0.0010771155582706277,0.001477785989335581,0.003408458014392282,0.001851428082935716
159624,0.0012810574395453328,0.0015803274634687003,0.0015528884500050216,0.0032213214532929163,0.0015235206616242558,0.0019063621504058492,0.0023236856942623896,0.0014333061576837225
159626,0.0010076256928620714,0.0022991688769651852,0.0013778155448995882,0.0017454854896332833,0.0011735889063964194,0.001973348231471675,0.003479698554886293,0.0022686989578544203
159628,0.0007943300041995428,0.0012399024489164745,0.0009187828938712755,0.002267363040517459,0.0010115550207319274,0.0015903823145869134,0.001476885923811011,0.001508481036695264
159630,0.0006658358407555,0.0016594800500707857,0.0014720023511838876,0.0011682270998197297,0.0010617639357617947,0.0025239264748651152,0.0016071386750447086,0.0016372067800101697
159632,0.0007633678754853969,0.0016457497543005545,0.0008311775572282555,0.0017520440379654861,0.00174080545542582,0.0010567628454652422,0.0017960215758128367,0.0011665462119288122
159634,0.0009012571251326151,0.0012947736045072628,0.0009285640764617048,0.0015831765691581984,0.0009312067313303786,0.0023096386280491293,0.0018679437955251288,0.0012964556357717566
159636,0.0009542190883536951,0.0014816591372843885,0.002316969375879774,0.0015355998849673202,0.0008854687697673093,0.0021542499709994445,0.0028195242631539608,0.0018002466070508039
159638,0.0010171297074715313,0.0014395170397280138,0.0007803106395638665,0.00122562985169683,0.0009085427433059984,0.001463135117284478,0.0013411367037519661,0.001119649043339624
159640,0.0006268382157712526,0.0008440770680683309,0.0017414573904633995,0.0009841759422359875,0.0009864824010890616,0.0008861100585472216,0.001334426962857016,0.0013490345292971467
159642,0.0005185625072347579,0.0008588749399752182,0.0008628529769749739,0.001541225332581997,0.0005574494066593084,0.0019534868201099287,0.0021559406242568357,0.0015316098738933498
159644,0.0013325243686719418,0.0018074205647867908,0.0009265690425820511,0.0018962750857890592,0.0009134887748586534,0.001673298165229875,0.0023037976271247373,0.002139987877606067
159646,0.00127549435264053,0.0006368033011977837,0.0006252001758733222,0.0016779674959233604,0.0007496250729169263,0.000907126784079202,0.0008447167254527349,0.0007953063195262379
159648,0.0006858644708229722,0.002418472805830754,0.0013612572025176878,0.0019091292354590644,0.0017062111964128435,0.0012590387193212593,0.001481599772312825,0.0008539244359269255
159650,0.0015788835933614465,0.0034745363215232944,0.0022005815685567504,0.0021138204851625653,0.0016019934302866773,0.002517049523274084,0.0026576399585636623,0.001943178788841371
159652,0.0006368174964182516,0.0011860950981660429,0.0012561880632910999,0.0014550911959316931,0.001423144544775004,0.0012237103192763166,0.0014149522139403903,0.0010445631508165243
159654,0.0005271359285794475,0.0017090732953289334,0.001267057051301812,0.0020312125560462274,0.0008743163983492043,0.0010586839003124404,0.0017618311147595822,0.0011582248357768776
159656,0.0009340391670625975,0.0033853528983618514,0.0021322358374482736,0.001911912661552384,0.001961476943113674,0.002263672774683881,0.002238183783005568,0.001955614036064368
159658,0.0008173405591513673,0.0020050756732792885,0.0014234014544251133,0.0029219206430748518,0.0011908432742063907,0.0021846748865861493,0.0019656176790751184,0.0013051593971583758
159660,0.0007334252366165139,0.000723960725177334,0.0010724102004445873,0.0012502906819991666,0.0009611333572336379,0.0013778523273109133,0.0012847703078012196,0.0011160031874405535
159662,0.0008311356714912933,0.001467086057016856,0.0017589345320270788,0.0015290100457861083,0.0010220529055262606,0.0013559610946567435,0.0017644214867564845,0.0008388733634626146
159664,0.0014307122721551324,0.002105278395465371,0.0011284330163379708,0.0023201257033283462,0.0015487393874060729,0.0022682869636997532,0.0019392179393504794,0.001873744829947524
159666,0.0007569458590799029,0.0009577906960053263,0.0008141059694338204,0.0019644339774477354,0.0010263400805001766,0.0021214075733910903,0.001424184694072253,0.0010867833774921842
159668,0.0004891434013301055,0.0008543698418032354,0.0006176665376001061,0.0011803801647519152,0.0007554421177080745,0.0018412085021574237,0.0017274093127437468,0.0009059945874923293
159670,0.0008937435541724881,0.00121848916592171,0.0008741271665616314,0.002442717054865151,0.0014252435063078495,0.0007978815758558633,0.003726953949969636,0.0008669814795181502
159672,0.000506952603509473,0.00154143769358428,0.0016916149056565022,0.0017062745947351576,0.0013296468050551097,0.001539667003819814,0.00188901448611202,0.0012695103597920032
159674,0.0008318293922933741,0.0007760712912321943,0.001320562711422793,0.0018727245421718136,0.0008235915148170486,0.0015551893863274963,0.0010782005392613453,0.0009344005699279401
159676,0.0009411798167474929,0.0009294923208178242,0.0011310920653864187,0.002098738282383439,0.0009892733058372016,0.0016271904822576233,0.0013989099034796837,0.000723927948836911
159678,0.0006202651425080696,0.0011126033339223934,0.0012139127453393433,0.0017707376903652872,0.0015459328777334136,0.0013754644260393634,0.001368114997232786,0.000991361447445771
159680,0.001135533110908915,0.001613616549074895,0.0015673301368890474,0.0018630250848078594,0.0008307136510447878,0.0017736788010720567,0.001409912591189555,0.001166420251373701
159682,0.001512921566203751,0.0023644891500156917,0.0014149275511743387,0.002013261769478414,0.0010963606758292027,0.001759106397347665,0.002858163397396765,0.0016267673425974238
159684,0.0006256367396986207,0.0009695289401961994,0.0011476642684193905,0.0014213617137990298,0.001707689360674891,0.0017981424751938868,0.0012929078069806726,0.0008563686828369534
159686,0.0009436019694971133,0.0017272225916765138,0.0023758533813114102,0.002197772060827996,0.0012615662917153103,0.0015395024150093861,0.0036479577019508103,0.001229101704523075
159688,0.0008062676106510708,0.00117175215548887,0.0017086608894604366,0.0011844693502273268,0.0014262000094845129,0.0011976736302693608,0.0012867545006043507,0.0013145667187173249
159690,0.0015478000839250772,0.0011926321391824701,0.0014250831827675725,0.001972290915823516,0.0010352038249728107,0.0012230773235619857,0.0015644422870233488,0.0009016819310956464
159692,0.0010871427475046685,0.0018127132463130469,0.001123795827102106,0.0013596951715461186,0.0009388775455088094,0.0012007669333167215,0.0013871934774184608,0.0009861990350888
159694,0.0005555810415290609,0.001394462580110778,0.0009192005153444427,0.001946280759688182,0.0009588881193907418,0.002157045371835156,0.0017889043320453712,0.0013802187715742514
159696,0.0010019773847565056,0.001982487674240599,0.001142461805326081,0.0021539148936640246,0.0016004246397395422,0.0015398807192923414,0.0023038451897877815,0.001169447474818744
159698,0.0008345448574285236,0.0015965343070230148,0.0012676018490669905,0.003009712336954573,0.0011549257929746037,0.0019181818862335498,0.0020809503876113716,0.001389650414755375
159700,0.000709683239047857,0.0009409739973076925,0.001357795507076709,0.001152315996608158,0.0005706924891366073,0.0007631964096227496,0.0008387995637155511,0.0012000407880078529
159702,0.0004335025414944939,0.0011177929891743738,0.0008624736317491277,0.001569847787765824,0.0006098230462135007,0.0010567161008713383,0.0015678239470438143,0.0010412312061563456
159704,0.000574541633770187,0.002418809176796835,0.0012264028346081896,0.002585888846744544,0.0012571243623576422,0.0015413946936877615,0.0025534651547100135,0.0017442981665602986
159706,0.0008380181761724649,0.0014550710172835934,0.0008757405890063609,0.0017703686948662561,0.0013272880363701806,0.0015648763999937115,0.00125206932757084,0.0010917685111817704
159708,0.0014754517696147773,0.0017254661119212589,0.001183113532636837,0.003115298848129555,0.0014104455850792036,0.002731384084847646,0.0015077015628952584,0.0014569803662054515
159710,0.0003439380229599588,0.0011805614034759437,0.0006912649526192999,0.0006721032691132806,0.0006504149922919623,0.0006549846544359784,0.0008618354871420403,0.0006361960631915409
159712,0.0007635159938541719,0.00241223476756848,0.0011737167849368846,0.0015748282423905385,0.001956673134558218,0.001514793093182476,0.0029108003269138344,0.0011393072714263597
159714,0.0011633717925063625,0.0010476233149482456,0.001069353489230318,0.0015075982847123776,0.001163956356098339,0.0017262201062075988,0.0012214258955037943,0.0011926331683911884
159716,0.0006475040133771572,0.0019333228982465617,0.0012533799400527151,0.0025298496181581087,0.0011172022060285253,0.0018098112506346187,0.0017425563497126678,0.001166636296981563
159718,0.001099022688406684,0.0015718439856028527,0.0021952345308082905,0.002513690208410857,0.0011927929584310132,0.0017268172899638362,0.002484265442275771,0.0020278956341440862
159720,0.0009582350790748907,0.001424824715207787,0.0014868907850346252,0.0024787991381319957,0.0017693196034420655,0.0021897071195847856,0.0011299985665130935,0.0014863464088590295
159722,0.0016113260083997633,0.0027608587821515013,0.0019512129880664558,0.0018513341526480431,0.0009886769979017412,0.0013898712290973947,0.0016735471742029967,0.0021736071222101666
159724,0.0005103092864013892,0.0010879582439591307,0.0009849226381120624,0.001915646616169886,0.0009081588716704538,0.0017241201032126008,0.001676911371380499,0.0010949241268463084
159726,0.0009371492424775085,0.0011679398656139761,0.0008268102757027496,0.001689213600645792,0.001404674476106496,0.0015589866841171501,0.0018656540265071936,0.002330863862470847
159728,0.000642900208118205,0.001135610189854211,0.0009590447806444337,0.0009507064147504796,0.0009538360393159806,0.0011615595627439412,0.0012896858993450971,0.0005568351190743705
159730,0.0006208529426985493,0.0010090229735530004,0.0010757554570690747,0.0016057351511781365,0.0009871625519262128,0.001569549943354842,0.0010715961630547444,0.0009580346673081254
159732,0.0006972687399477186,0.000978534172762835,0.0008853071537310055,0.0015077302036901191,0.0011594810757127455,0.0014219052956017247,0.001650258538162197,0.0011577679596075918
159734,0.0008573759602686359,0.001973908276764816,0.001133650385647167,0.0021077008091516802,0.00107889128833083,0.0013087412346897281,0.001420919340214391,0.0011706080712087369
159736,0.0010246777949991653,0.0014104674105975962,0.0012493585118189682,0.0018906974453669761,0.000925480417530853,0.0013576818494578924,0.00180983692462168,0.00131044579685137
159738,0.0013826107944338167,0.0013464388035727831,0.0008824413109748165,0.0019686495666171866,0.0008044900222837215,0.0014191797247792431,0.0024914035466662293,0.0011425909988083682
159740,0.0009421780344301446,0.0016322483690683343,0.0010911437919484263,0.0013672195011388416,0.000977658275391327,0.0016521801292662813,0.0015545797690121876,0.0008235802893641377
159742,0.0006756641676395336,0.002640201190369798,0.0013864099359452015,0.0016682938790479884,0.001734224867673398,0.001965597859707305,0.0015937148427467296,0.0013052291123551996
159744,0.0008907687906360186,0.00360086311506308,0.002212136799118483,0.0027505848989256704,0.000925839254136588,0.002261799713059398,0.0016936039581773171,0.0009940927596267107
159746,0.0008107298164681254,0.0016744433940529962,0.001989193782141588,0.0018068067510233071,0.0020534851183234976,0.0013952472802722937,0.0017147260144501214,0.0013123889797207605
159748,0.00101057587993858,0.0014862234712040845,0.0014784201803622748,0.0021782259966397627,0.0014665207810162784,0.0021913554734199203,0.00159160522371872,0.001060995691657421
159750,0.0012885971326838247,0.0021623284014119643,0.0015820280249592145,0.00250094750558838,0.0014690957940158983,0.001187230807177253,0.0029047429424287063,0.0019308339488777332
159752,0.0016596585200352593,0.0024567415250895813,0.0011005407680206997,0.0029308900827908074,0.001047444628184735,0.0012225528612506142,0.001965290011691226,0.0009774346453968047
159754,0.0008723740574092531,0.0013673809443083412,0.0011029774668803172,0.0017193659405612127,0.0009636642962732346,0.0012561165016067855,0.0030607247092900303,0.0018544694408797469
159756,0.0011294604036052314,0.0017697737431879995,0.0012800538896862307,0.002742552975770765,0.0015242058948330972,0.002072073466897764,0.0015571218545722965,0.0018184057029935335
159758,0.0011808675954086412,0.001150763364211882,0.0014817420208040333,0.0021813880048500295,0.0017758976173581353,0.001050929474431861,0.0022317446819395403,0.0007618765824836428
159760,0.00100372926834158,0.0012257284501986931,0.002130692757561628,0.002805077373826459,0.001313596571567155,0.0013069847183402317,0.0018358047601987337,0.0015069558407999062
159762,0.0020413788640844116,0.0015687147128764511,0.0016555922141426316,0.002349172778265421,0.0018457087775898412,0.001385479906604259,0.0009758719300218301,0.001165321502264463
159764,0.001665516316423657,0.0017909135063956527,0.0009331573597766464,0.0018527526574416697,0.0010290976160332171,0.001754251157122022,0.0024628286373885033,0.0010584267054576518
159766,0.0009848941116532561,0.0010649196826263557,0.0013535355056357862,0.0017384443401626815,0.0014524699967266574,0.0010469978574107058,0.0011868875989319433,0.0015254973788847576
159768,0.0006001366170995705,0.001213665630573138,0.0010885343617952348,0.0016147609325161683,0.0010963031957880176,0.0014525708011501465,0.0009151669567233345,0.0017374004043137076
159770,0.0019292631341158994,0.0025826334481195007,0.001453622499210161,0.0036720946851753894,0.00210753970482426,0.0024442911506847853,0.0022368054348587685,0.002297387602756565
159772,0.0010277084735391823,0.0025624799013792554,0.0009076723840758007,0.002125393238717521,0.0010542993864694067,0.0011075643569660176,0.001365380658711557,0.0014726604607773197
159774,0.0007180166361663333,0.0012734531913278918,0.0011794583153914573,0.0017984909719344216,0.001374361571462368,0.0025904627426132226,0.0019081061922678888,0.0006868953043343146
159776,0.0007473292766048273,0.0024277524552719504,0.0014648270323341372,0.001778918426325729,0.0012326433393999303,0.0012319784861338778,0.002974841694554309,0.002966945881444763
159778,0.0006215524663275573,0.0013807535985073255,0.0013996559935419844,0.0022355631356276717,0.0010964445549878216,0.001525511056005513,0.0009815635693632974,0.0010835362697969586
159780,0.0006938340826572742,0.0013902004000177076,0.0011835010495633846,0.0011567923922163464,0.0008063525534782491,0.0008806850761286823,0.001310793747927655,0.0016303934608231097
159782,0.0009682575844425535,0.0013372808107172673,0.003148018804451036,0.0020145119223120705,0.0014916104890643767,0.0015123518731186558,0.001696007153278778,0.001491180619066279
159784,0.0016064535593524193,0.003215701846095209,0.00202977965697361,0.004588749091954947,0.0020165011300810054,0.0019080612796967267,0.0026355839556892052,0.0017593598358928292
159786,0.0006237922116514444,0.0006689862636971716,0.0009183745116626875,0.002492989157382164,0.001723226458006391,0.001847780659185505,0.0012101635662721405,0.0015510337278180075
159788,0.000611395785599881,0.0007733080357345129,0.0013875736746565975,0.001167368812457839,0.0009602200324971034,0.001889838705665392,0.0014380144105965442,0.0009240916301402891
159790,0.0006487571336611375,0.0010651971184074682,0.0012680178202373882,0.0021520764089788674,0.000912940641365715,0.001555317788437316,0.0015982304580808432,0.0015492771818573225
159792,0.0010189856325549945,0.0012683717678021456,0.0006582000274377477,0.0015700863198192666,0.001469218306831499,0.0012899106651810405,0.0011629837742123256,0.0013809307896934936
159794,0.0009510211677211111,0.0013480008629253165,0.0012774189124653695,0.0021683554260448906,0.001253517369916024,0.0014860201182076427,0.0017780760357011816,0.0012942540905284267
159796,0.0009040925116784483,0.0020771567186952944,0.0008844828976487008,0.0018097472249417046,0.0009499948515872547,0.0012600662647701544,0.0020045522535373644,0.0012466469508965045
159798,0.0015691954597358976,0.0020764932588770435,0.0015802765199888213,0.0040212853110122015,0.0016858734833926636,0.002299925600496522,0.0020798829728276846,0.0019500454767802516
159800,0.0010820838863614402,0.002206923785487369,0.0017595457857693675,0.0027510889937648747,0.0014954279398795567,0.0020108000467509157,0.002120228624499357,0.001028664573153995
159802,0.0007711901530607079,0.0007966370095351949,0.0005775529815080227,0.0012006450763237808,0.0006921494831003822,0.0009403147495535974,0.0007488849703624206,0.0007221430106908767
159804,0.0005855005367741452,0.0008750391481769683,0.0010488689991912242,0.0014301695452412222,0.0017864805772705439,0.0015937978288328575,0.0025918147995601104,0.0012513470697989165
159806,0.0008497451867151562,0.0009001054630775086,0.0008889419730851444,0.0017415917098390216,0.0009398537561992187,0.0017145461502829917,0.0010599402648031747,0.0007850122680909712
159808,0.0007507762308306548,0.0012257889676453027,0.000952252190953351,0.0013443118459230963,0.001522015202351179,0.0011954803710828715,0.0008994338792010816,0.0008656800636705798
159810,0.0008061754797165956,0.0010263450930140389,0.0008794938286991183,0.0011807393279023165,0.000990759585546508,0.0015319901234707306,0.0011852648988519704,0.0012785532983464187
159812,0.002077666099566111,0.0009179580937060394,0.0015070732696678135,0.0012818303662150005,0.0014171382442616093,0.0015460940014380697,0.0016863296354359264,0.0017119880414680072
159814,0.0008710525466542086,0.0012840677786836313,0.001173323216975497,0.0023342463320363965,0.0013445036212492156,0.0017895655266225163,0.0013348543012763892,0.0009189998238478027
159816,0.0010918650164590954,0.0012122052601455519,0.0008796678404424142,0.0016710192381117484,0.00111924520558139,0.0009958118770470037,0.0015039961788476663,0.0008802015837865197
159818,0.0004552094940791229,0.001338044622795645,0.0005796591504836912,0.001583037536091736,0.000680485167367087,0.0015110700214844425,0.0010979867759957629,0.0008319242669765914
159820,0.0008798033053072397,0.0028772976141123174,0.0015287842681322439,0.001940165601782562,0.00093152369748856,0.001773738733882091,0.0016426126454634066,0.0007131472054816602
159822,0.0007914343145429964,0.0012635536790134433,0.0007841828068949758,0.0011137624816349168,0.0008870977244764301,0.0011479159297635017,0.001557562007814109,0.0008201676709181961
159824,0.00046011088533705335,0.0010141282031922577,0.0010554645538738416,0.0024939728390940274,0.0010824728746568063,0.001457005392785371,0.0015812318468762104,0.0011127830207025569
159826,0.001475581702188089,0.0016963588036534305,0.0010785171357130668,0.0013072896462154038,0.001672037251330638,0.001420857272984799,0.0014168782546231662,0.0021046296002649734
159828,0.0005737576347406327,0.0008449503923216306,0.0011438465453262325,0.0015706009376753038,0.0006931800250430976,0.0015203149696194768,0.001449751868979457,0.0009748247273550087
159830,0.0016055452746199933,0.0017749084107874374,0.0008797875042188125,0.0016746421800723083,0.000814227359425948,0.0017398428542401284,0.001006140281817558,0.001804448117651361
159832,0.000870652056778401,0.0012290831589295004,0.0008819811229365954,0.001858228800486264,0.0014471442718129307,0.0014028959999957125,0.00131781250516938,0.0013471636593310188
159834,0.0006187511750260222,0.0010788019654265485,0.0005143281351097789,0.001328901147001682,0.0009117829984816063,0.0008346223441955264,0.0013551631118336044,0.0009272091620094042
159836,0.0007079302331430976,0.0008187159839190411,0.0011637860550264834,0.0017778928790679466,0.0009343283748586423,0.0014907151403114605,0.001452584147350111,0.0015625956962281862
159838,0.0008265956248681428,0.00228350831126857,0.0007995198614206035,0.0011510724925013621,0.0014421188909402721,0.0017951577826598314,0.0018372553073915526,0.0006086548156488715
159840,0.0009396640690193005,0.0013762241389282531,0.0012360111582341293,0.002141868776852643,0.0009351464831497437,0.0017405710746629666,0.002052148674464016,0.0023694181631164213
159842,0.0013223898273873186,0.0011281777440813046,0.0012001564196241349,0.0013316944327018826,0.001927546083834386,0.001360376320042045,0.0021217229531567683,0.0008917737332858645
159844,0.0014765735566447807,0.0018153102690912082,0.0014083337860657658,0.001648583092443548,0.001600451763566435,0.001387631957670013,0.0014344882819763427,0.0012854922624322557
159846,0.0012574709738882306,0.0016917187893146363,0.0013479004722951604,0.002603812131552599,0.001282331372775572,0.0015588581306472116,0.0020088463792389405,0.0017233944047954086
159848,0.0016476569245641587,0.0014627005370942414,0.0021477084061475443,0.0027230206222237374,0.0010256160202240516,0.0014323204864180733,0.0012116924708718835,0.0010130591246726994
159850,0.0009782305118910678,0.0008830092149497148,0.0012761868141076965,0.000808502682460386,0.0011056512115660416,0.0010586615975421432,0.001053644852086047,0.0007915528494940906
159852,0.0009730516646425137,0.001336653138467092,0.0010295240563302915,0.00228095341459357,0.0010315130456645255,0.0029471238316178816,0.0028016733609632777,0.0015562684814947186
159854,0.0012472302325821638,0.0012740224987004556,0.0014331067398898473,0.0022287377133061725,0.0016601572548360921,0.00216926762927816,0.0014443022973185254,0.0009696455190084802
159856,0.0013373674541355407,0.0014702360174202594,0.0017495400567200253,0.0021106630101686147,0.001720502409967628,0.001222206407864912,0.0015265879579120512,0.0014912401756700527
159858,0.0007903260076030962,0.002086492698431655,0.0009261299106226618,0.001687096758551887,0.0019678265127263117,0.0010755655903915695,0.0017093095502335315,0.001070752934664354
159860,0.0011730180047797578,0.00148475292226459,0.0012399703989366545,0.001516035328465018,0.0012065829672212036,0.001799793947349082,0.00167456534726719,0.0012082551524745938
159862,0.000560383405634083,0.0016290823606902732,0.0009917957177191378,0.0010176969793391916,0.000927279720230878,0.0010656270815099234,0.0008616008090991389,0.0007347962337989379
159864,0.0006875099562728693,0.0019327499703814532,0.0016325325363900078,0.0015751756733630717,0.001120630523007829,0.0014280064243588075,0.0027598872083901688,0.0011948070755028045
159866,0.001671860554153748,0.0014051131967340869,0.0010613706765565945,0.002448818486474172,0.001115250893135633,0.0013771861716051076,0.0015848623488858848,0.0011164480139456145
159868,0.0007168652491219007,0.0014744808908010582,0.0011016120098395477,0.001980368765942764,0.0008519033339886607,0.0012790126293898418,0.0015638364567804874,0.0010678324910560338
159870,0.003041383453849092,0.003302685866431024,0.001394490124356787,0.0025473959587630907,0.0014479138869405994,0.0012258278352415136,0.0019381599680180633,0.001459751088907224
159872,0.0014950799116066893,0.0018439119114397329,0.002578382363283352,0.002439352165660838,0.0015363544123412343,0.001104136542166026,0.004140320533979003,0.0018521626165899363
159874,0.0010409893615170862,0.001002986094080241,0.0013552859897281305,0.001427404252867262,0.0006154990081565087,0.0011552833418884134,0.0011841901252185871,0.0010182869957203883
159876,0.0013225047075800106,0.0012751064221767777,0.0009347344799301993,0.001452667065540647,0.0009291676380430852,0.001376453558726412,0.0020392818656778666,0.0010946953524495484
159878,0.000914501830394935,0.0010248790967509885,0.0015517770685874593,0.0018171823945645205,0.0009129405288064163,0.0016814192290586782,0.0016409525554108573,0.0007624251544374218
159880,0.0013813231425046646,0.003029280423306524,0.0018964217376633702,0.0034268772575669765,0.0011805217243171656,0.0016563286630255775,0.0025044269323620943,0.0019646922212224333
159882,0.0009610547087826049,0.0014316505927595286,0.0008866302228183222,0.0019591005196979566,0.0008483820146532178,0.0007330576480557571,0.0016703285547272628,0.0009073243796114405
159884,0.0007885456909440119,0.0019149537210969708,0.0014173393529293699,0.0022185886309306208,0.0009389840477034041,0.0031406169004573187,0.0019018866101872534,0.000993328036151278
159886,0.0009510586198999832,0.002240922354485031,0.0007452317372092267,0.0018426710968218046,0.0008291159923035224,0.0015986397416901804,0.0016634441591643068,0.0007097111261239603
159888,0.0009307952560389,0.0008802520933510888,0.0005925659959361007,0.0010538088294240883,0.0013834691928244075,0.001388617681015225,0.0008592651774369658,0.0008197732965520427
159890,0.0006422838382684516,0.005067226825619997,0.00097933864731016,0.00188668885753919,0.0009334960556406681,0.001826178907474732,0.0012700267428722573,0.000941996802385825
159892,0.00123850581964903,0.0016403833852108307,0.0008569925863665152,0.0015977297973646665,0.0008953236953660598,0.0011481658514768261,0.0011369116370191362,0.0011014213584238514
159894,0.0008884718758811784,0.001296570993597826,0.001224803136748387,0.002036768302294059,0.0012013303441041345,0.0019745981817109876,0.0017379209353341057,0.0011182755446995096
159896,0.0009167511397037732,0.0013035701806313332,0.0016547210571502546,0.002147507800217774,0.0009411721595412731,0.0017796038603015152,0.0026035490502011177,0.0022628837615144143
159898,0.0010606532876034636,0.0009456560295329243,0.0008422600929170465,0.002517610250238944,0.001074531514501778,0.0010638914673734151,0.0011785411743581303,0.0008743889903659735
159900,0.001012013837691908,0.0012934991314870192,0.0014680490746560443,0.0013513161248316502,0.0010743163583031845,0.0016435718286955808,0.0019408453180264212,0.0012310377454909927
159902,0.0007256342055428668,0.0014423961831067228,0.0015448895852988032,0.0014231557876005635,0.0012021480669590634,0.0010763107360767382,0.0017011738768114015,0.0009237344910717621
159904,0.0009081596575195722,0.001125993345095902,0.0011390799411308827,0.0014436986809819446,0.0009416729149699966,0.002210997010757332,0.0021921566850050672,0.0016147714113507045
159906,0.0009066585203665635,0.000984777438060705,0.0011350124571842812,0.001178213290291677,0.0010937413153318115,0.0010784361471893877,0.0011497397206444854,0.0010654702127467358
159908,0.0009475667958885325,0.0018353690374423165,0.002293821772637872,0.0016988533143127427,0.0018707109023857194,0.001965882277206399,0.0017284988749917268,0.0016226875326587203
159910,0.0008329301852254313,0.0020145192792673378,0.002308441413151688,0.001129945470755414,0.0010175401141566814,0.0009693253790755835,0.002191034960040153,0.0009785399994106797
159912,0.0008869004579193686,0.001205729587040738,0.0021839857662478424,0.0014117209822759325,0.0012322209197152129,0.0011342743578172249,0.0011412628959130006,0.0010203355501004069
159914,0.0010333918610018339,0.0011996815396021626,0.0009942567343486225,0.0012311721150126687,0.0009045462192811861,0.000980419415023262,0.001262410879174572,0.0008971760242501604
159916,0.0011700101163334559,0.0010368225627416378,0.0009803883877026465,0.0039456338210064335,0.0007158465453655262,0.0014956160879216057,0.0020421363502831774,0.0017422534327354994
159918,0.0007270941339111575,0.0007783753436006215,0.0010086282489370074,0.0015835350002488813,0.0010931840209121996,0.0018131865630275357,0.0015360536303777317,0.0008312440395776832
159920,0.0009556230694094149,0.0006833248565049112,0.0005704432438913276,0.0011589336538725542,0.0007639215143657486,0.0008795937038110768,0.0008793529746568864,0.00044803758407369054
159922,0.002074608714942805,0.0023859239701791296,0.0015497804590252628,0.0011298933780168469,0.0011268070257964974,0.0012186493782531116,0.0024438473030448243,0.0011366626920514822
159924,0.000856673736954059,0.00163863363951805,0.0009618563576512806,0.0016045298048057571,0.0007073992550508112,0.0014681075965796708,0.0013743400271062356,0.0008866088143264506
159926,0.0008492925200398772,0.001414713722793351,0.0014738984596818355,0.0015569357563817304,0.0008780216606274795,0.0019155171575464675,0.002356374261808014,0.0013090097064555467
159928,0.0009534312116693568,0.001734697754691275,0.0019443685544351386,0.001945286584843997,0.0012743451006269751,0.0013730915716276965,0.001501020374661488,0.001612241012297011
159930,0.00097794577068612,0.0019849489392398945,0.0018589254911063335,0.004883718573165441,0.001442542479612785,0.0019712467845387494,0.0027917000739785675,0.005483260424911984
159932,0.000682738165258271,0.0018603147651250485,0.0010270734697428452,0.0018427344229521442,0.0014058494853088632,0.0013812619461962689,0.0030068121716214785,0.0015632699231056396
159934,0.0010047683798075774,0.0015603113581908051,0.001100333897678718,0.002291107046303864,0.001857972512867137,0.0009803482628731874,0.001558463678145175,0.0012608711947477286
159936,0.000766090129996011,0.0014436918867694187,0.0011218821838326343,0.002075985379690337,0.0014473423962618193,0.0016290246230516031,0.0019545931046344306,0.0008934850840668397
159938,0.0008769685660440368,0.000987036615061554,0.0009348782208114109,0.0013931986198321145,0.0007777021054817951,0.0014498105924479199,0.0012015129258076268,0.0010055259168808561
159940,0.0009576890120370808,0.0014605234791027627,0.0010199057825375363,0.001870304888922869,0.0009453627829148249,0.0014225150174203144,0.0017720588024762313,0.001043495473359593
159942,0.0019212850761916034,0.0007102199381279206,0.0016658596220198718,0.0019044043078544348,0.0009489276620490462,0.0019451048672819576,0.0015999325759361582,0.0008939411347264198
159944,0.0005881784444300743,0.001221431103301876,0.0011367302637217552,0.0015771560219074582,0.0006610056183072345,0.00146902097518177,0.0021380812772096025,0.000942855207508933
159946,0.0009022034003233793,0.0015414827417382093,0.0013699341695760925,0.0017535884074968422,0.0013539790520118583,0.0016859456804105832,0.0015625247179369556,0.002540075517727447
159948,0.001729375915427378,0.002138551904187269,0.0015295618873929634,0.0013999291729982627,0.0016782073902386063,0.0010090298369541117,0.0019375709097491228,0.0018071038264012712
159950,0.0011098124737807802,0.0014711426277305706,0.001243629853078368,0.001356408331056047,0.0009319857142566779,0.001869100641588517,0.0018925471026981638,0.002126348582205964
159952,0.0012816820571749515,0.0011397539509810373,0.0010575465162619008,0.0021584463480470856,0.0010069033005957184,0.0010282693696424122,0.002244918444064062,0.0016862139854173647
159954,0.0011853636557873082,0.000875035842238945,0.0009253239158322352,0.0018542477412210184,0.0010602493170420862,0.0007322072215833059,0.0014024565095922675,0.000813043077680934
159956,0.0008016112942959043,0.0009588067944044654,0.0009051034830855897,0.0016903982640999043,0.001025566152043647,0.0013250572007028755,0.0018667036113237945,0.0007529191694513639
159958,0.0011048120218348917,0.0030867931672435983,0.0014410597671356135,0.003494445376478486,0.001996643570865167,0.003926375659940584,0.001844359206094881,0.001640024912986926
159960,0.0010071574680081824,0.0021257315864560283,0.001863230585033071,0.0022136228541153186,0.0012444878658657843,0.0017540692317391665,0.0018370340004541519,0.001529196798351562
159962,0.0009303385340475728,0.0020401678514914284,0.0008020331370213324,0.0016197341104282614,0.001090023782014518,0.0016158625937730126,0.0036851619934542,0.001635349959592039
159964,0.0008787471547331283,0.001369681580002613,0.001123188227865557,0.0008466242523461759,0.0013912120458293153,0.001157292924276243,0.0023524871924109902,0.0007349938686849189
159966,0.0010213513129287421,0.0014341688628862759,0.0014921630234026595,0.0017264414453205396,0.0011909679753765445,0.0013490977440897556,0.0015626487101114694,0.0010001304234228403
159968,0.0010204674017053744,0.001669220957776718,0.0017384322248573808,0.0019605801721751664,0.0012202028913378543,0.000816867222077855,0.0017607714255669787,0.0010525848700150414
159970,0.0009357191326675764,0.0025113445031932496,0.0014079515937393539,0.0028152077262377923,0.0019661141868403953,0.0023414620516271217,0.002118948827281919,0.0010223151715203077
159972,0.0005749548700502739,0.0008268291286042118,0.0012922019849153643,0.0010081221773217686,0.0008727866090027826,0.0018110453927755593,0.0021078567886343436,0.0008712260512260019
159974,0.0004927986297682679,0.0017702517654885619,0.0014615800455643063,0.0018670184477445617,0.001274179672278733,0.0014454181304360963,0.002708091758874001,0.0012952280636469582
159976,0.0006635675533221003,0.0009142238177460606,0.001229771268018709,0.0009399897808866388,0.0005383470743592356,0.0010400482138885891,0.0012099124277134,0.000712118025506317
159978,0.0007124936512275526,0.0015553104426359182,0.0009448294426853132,0.002162491239868572,0.0006572559054823825,0.0019003948496259526,0.0017399081174599568,0.0008898290883620243
159980,0.0005102325404691133,0.0009398963556514796,0.0012047332377696507,0.0015810875666058544,0.0010390349615523875,0.0014655166219137428,0.001450580916151703,0.0009694686235620122
159982,0.0006841744765429293,0.0012063704996030516,0.0011771399299009971,0.002099305604382984,0.0014900806182380766,0.000992510323847784,0.0015225061828941927,0.0012247929675441999
159984,0.0003511991964956808,0.0011684720916458335,0.0009151387828243568,0.0009045792715659667,0.0007916164700554895,0.0012302084243971528,0.0014124217583847548,0.0008554303116974117
159986,0.0006385731874751534,0.0007708779651106751,0.0009873163556101267,0.001618787005476921,0.0007381424349801741,0.001337332305995434,0.001352460933528532,0.0007825437493236415
159988,0.001243789344856916,0.0021041073551764655,0.0017125488424183377,0.0018681959394080266,0.0010963574687485877,0.001754470853177148,0.0023770141875765205,0.0012557505390340395
159990,0.0011333538896978745,0.0016440007732304723,0.0020330561256720614,0.0021288442741046604,0.0023042178405752317,0.003791456217033806,0.002595756169909716,0.0010907938500999276
159992,0.0007427034741264195,0.0012171241473027394,0.0007115011127256966,0.0013029956532729786,0.0012051235030986623,0.0015068875837576656,0.0017578435393628689,0.0015803292405816571
159994,0.0006544459982232298,0.0012385994282091417,0.0008230623981009821,0.0014061120931343485,0.0006914116820553318,0.0016555570481818216,0.0009089286053520912,0.0017317879159508553
159996,0.0009975706013943958,0.0013287762120137714,0.0023022422768220197,0.0016310373230888353,0.0016698060690532035,0.0014265610321532313,0.0010263546406933527,0.0009405915597721116
159998,0.0010448757333068048,0.0013528664857181405,0.0009217343628293052,0.0019181260870349132,0.0008228812547876642,0.0021271711533861343,0.0019327332653540502,0.001150566231301886
