iteration,head_0,head_1,head_2,head_3,head_4,head_5,head_6,head_7
150000,0.0019306748416523384,0.001833682815092011,0.0018216176138077245,0.001670096227288101,0.0016710426897448422,0.001584271853249511,0.0016512196480833602,0.0017262383700168554
150002,0.001461044594868302,0.0015530097103436113,0.0015613097960831684,0.0013143101026514281,0.0014113903928014843,0.0014940069834079722,0.0013778039295032768,0.0010910842338874988
150004,0.002051097446390329,0.0019157300981059167,0.0021524735630552017,0.0020661141323159576,0.0016014847264323034,0.002009172982101029,0.0016501314201660677,0.0017756721883808169
150006,0.003212383955001466,0.0035144802117266366,0.0031245322130394465,0.0027836998911858757,0.002496263143145827,0.0025757869581456566,0.0029394131587432426,0.0027344073432506028
150008,0.0020584278952476276,0.002161400685668627,0.002571390387669528,0.0020176431853409366,0.0018580903772837942,0.0018518859069760613,0.0019506008895362609,0.002095511945455153
150010,0.004092435376713333,0.004076412503975002,0.0037262080351308513,0.003344552163150452,0.0031096117434908366,0.003417656640422928,0.003762113519742094,0.002745515259345868
150012,0.0019017875095129894,0.001747296974000459,0.0019058579585800595,0.0018488393008460197,0.001489007760705055,0.0016204901342771333,0.0016980933474014664,0.0017361177338557354
150014,0.001862717659622662,0.0018004536735806292,0.002045147483760737,0.0019628211636262827,0.0016613669143633047,0.0017840386396104219,0.0016722157858917175,0.0016006467042049
150016,0.0015002471598147965,0.0015785168086246554,0.0018201513213436105,0.0014186610787004922,0.0013144721730418696,0.0014487194380686935,0.001325248953874203,0.0014237685887564938
150018,0.0014231692790498546,0.0014909657072990218,0.0016566021822407434,0.0014934941302016669,0.0012179896103603621,0.0014033670985296731,0.0014394687014709917,0.001328865023890749
150020,0.0013544764147550709,0.0017729785094653533,0.0012944108987791858,0.0013429782658200967,0.0014967749142514308,0.001098980699146837,0.0014375745377705057,0.0012712096423842661
150022,0.0023871094389332215,0.0027689515553710464,0.002285950288591687,0.002444237371148683,0.0024242639929762527,0.0024723236865604875,0.0023334623883504296,0.002226524070960148
150024,0.0026208829513488935,0.002350667316882174,0.002600914787990405,0.0019258294710198381,0.001898646220090408,0.0020662987075690253,0.0020681506736225513,0.001933018570929923
150026,0.0020457179627761946,0.001906038158839607,0.0024544716426823238,0.001658279876445512,0.0018125444914893762,0.0013510931914578889,0.0015163495209074562,0.0016944625942173636
150028,0.0032455410313474986,0.002640167118400649,0.0028152219576628307,0.0029218549968901275,0.002452633024732989,0.0028683990487169547,0.0026173818385156894,0.002231114690352032
150030,0.0012151255815551765,0.0011397255278834534,0.0010117628500299625,0.001072442895245232,0.0010759169913333033,0.0012298533105741805,0.001074043109241099,0.0010539232341489346
150032,0.0021596376046711385,0.0021206190549821896,0.002435605334046978,0.0018874332653606857,0.0020001394320941085,0.0016776263017439508,0.0017352132253112829,0.0017626455628638737
150034,0.001666461784579687,0.001472177299068067,0.0017012233526886439,0.001884939430159216,0.001580090820186078,0.0012289554332191172,0.0016980162855051995,0.0016035713432952653
150036,0.0021785073189200532,0.0020013841714225933,0.0020791854440989216,0.0019870370837693635,0.0019321830224561382,0.001933889358074481,0.0019725056653042833,0.0020410133010235892
150038,0.0018960444125684095,0.0020618329474819813,0.0018811153261646396,0.0015587745884420579,0.0018594086579923896,0.0016680111804140557,0.0016511282170829228,0.0016523421547189887
150040,0.0015574429221421604,0.0016184701664236911,0.0017247333229664097,0.001445657495935393,0.0012954921960057902,0.0014969242311482223,0.0014418436058036832,0.0014210996518010527
150042,0.0011200135569840036,0.0011942078629099129,0.001196082479540339,0.001234672485189714,0.0011425481853442054,0.0010960565174435999,0.0012296374974916091,0.0011278061493319586
150044,0.00240701172885599,0.0021582130511799275,0.0024473951581358566,0.0023515011132764357,0.0021284300570428294,0.002015493191188225,0.0023182046725800376,0.00212181870420948
150046,0.0041377599217264915,0.0035914861828834216,0.0039177537716428845,0.0038530748753737853,0.003350323740044736,0.00316435486753619,0.0028682023283277958,0.0037634357060384455
150048,0.001673282621832431,0.0018347967710390933,0.0018116951269200876,0.001655132357753289,0.0014400937692488208,0.0015615435567387786,0.0013350102832310334,0.0013089932631161205
150050,0.002270840439356006,0.0020033892320241997,0.0021990576220232705,0.0019438452360866082,0.0018451649852411212,0.0020792262121645116,0.0021408765133236335,0.0018993897357766493
150052,0.0019021884770027558,0.0021267471348424133,0.0016163654881893308,0.002100075468906018,0.0014218715820797506,0.0019155468315548152,0.0016890712117236806,0.0016357895821264012
150054,0.002241978810755066,0.0018409540303561261,0.001907478765979187,0.0016587644454951894,0.0017943349099027728,0.0018119561315139837,0.0021272996730249544,0.0018188340058517133
150056,0.0019217903245192375,0.0020232554246002593,0.0016700061019895435,0.001892945474143204,0.0016359486924353295,0.0018390364670812925,0.0016097131952597238,0.0018102128633599307
150058,0.0013508428926102406,0.001337197711962515,0.0011506936075594276,0.0011178161554386556,0.0012716695123495825,0.0012495025685322347,0.0014083709736035233,0.0012290147242879357
150060,0.0015926249214627403,0.00166892478808979,0.0018072321021032067,0.00148853715958297,0.00172652286453584,0.0013951495981190526,0.0014370841744421187,0.0015201351509790961
150062,0.0028422126275240434,0.002424386520040192,0.0027708145253520083,0.002414789646202134,0.0022511103153684126,0.0022067319827032694,0.0021779074880257238,0.0025310223355179545
150064,0.003462836877656819,0.0028710720018330083,0.0033180289706763594,0.0026082519216430455,0.002522341905921835,0.0024574960464838203,0.0026931242810270817,0.0027680107015761735
150066,0.0032941843157274914,0.003853167372117383,0.003173215274670016,0.0030201021887783647,0.0026413670435481706,0.0030957976726364578,0.002771038861192912,0.003147265557155221
150068,0.002396349203937831,0.002556475337265829,0.0022700065151761706,0.0021301229292794432,0.0022857889218441813,0.0022706323877391826,0.0022742547695875914,0.0020506294581391082
150070,0.002314056398806677,0.0026445776277341793,0.002557613137917303,0.0029014515339970265,0.002302041728500029,0.0023766712916426513,0.0020312619174812085,0.0019715845420066463
150072,0.0021087828646074863,0.001690646091359549,0.0019895852492873983,0.0018127896961023376,0.0017691635357431346,0.0015938906330365127,0.0017416228030253805,0.001672189279304917
150074,0.002242994936738421,0.0022889613746013837,0.002643486147417398,0.002306967160281781,0.0021513126212169414,0.0021489146561526895,0.0022720314164726,0.0021843841126006347
150076,0.0019200207768668154,0.0019179042035155774,0.0019054130240308553,0.001754741435261012,0.001899419934030755,0.0015658686316425557,0.0016865881795811166,0.0017044026862089723
150078,0.0017964671292905465,0.0017573262797077605,0.001871715491693085,0.0016421325549926952,0.0015965578254318324,0.0016610149624510934,0.0016412697763399514,0.0014010600849097138
150080,0.0027787050663627966,0.0026742371677115906,0.002158890131487415,0.002269053139493382,0.00231650281782049,0.002568874407082866,0.0023063216294758604,0.0027691899303796674
150082,0.0028517496434413148,0.002133283220898799,0.0025071111153671666,0.0019229643769858168,0.0019218576088814304,0.0018321906253111614,0.002113109753343681,0.002333952967628561
150084,0.0033136177032756647,0.003017872735367036,0.0036487677515781858,0.00292622832128199,0.002283599100828815,0.0025985017569816193,0.0026795560698964493,0.0027034395291393315
150086,0.0021228099746532086,0.002069378773964639,0.001898111238604186,0.0018249116099391949,0.0019292788423719287,0.0016613049632643873,0.0017431302225313083,0.001769783459719898
150088,0.0022075552535361087,0.00237334604909073,0.0018815616162749654,0.001929071040407751,0.0023067893082456964,0.001764963891178764,0.0019523647175150871,0.0019599893656483403
150090,0.0016390447458281138,0.0020617717135418823,0.0016266874090400396,0.001726032830348681,0.0017393748595850994,0.001710597072079878,0.0020113653811881793,0.0017889163068379177
150092,0.0032040998826994432,0.002963948361495508,0.0027646194671682722,0.0028154488746878897,0.002704729691850996,0.002654795731325557,0.00254231175466324,0.003102312010526076
150094,0.0017020574829042096,0.001661591344927063,0.0018316210867341948,0.0016947469120245362,0.0015299430483787374,0.0015610419055162167,0.001470035760803512,0.0013949258604330078
150096,0.001844257456192544,0.0019551481762674627,0.0016918462733246514,0.0016178839310987403,0.0017639583337383247,0.0017181066224665337,0.0017398186139273714,0.0016965794475849588
150098,0.003764199508143884,0.0030004148538518294,0.003134097484739154,0.002403654728150975,0.002903841523615572,0.0031676608676934337,0.002559997311696094,0.00261250355739763
150100,0.002698888838082239,0.0025344022100141222,0.002526268685390645,0.0023890930365300656,0.00195918692184939,0.00186245527492869,0.0021469926898751712,0.0024382825573093236
150102,0.0020271149641316044,0.001875864652891801,0.0018346225235887914,0.0018547739385656042,0.001536055090413227,0.001726942683808519,0.0015811601503133016,0.0018503555600516558
150104,0.002257647013034228,0.0025618214303260722,0.0022106176136463956,0.0018604131006632607,0.002120028276942368,0.002512580894342753,0.0024635497010514484,0.0022409586825701405
150106,0.002282841152378992,0.001992447651537624,0.001968709071158481,0.002067173943544276,0.0020411402008813084,0.0017742593447046678,0.0021653266505921587,0.0020561400539742536
150108,0.0020601349731103197,0.0016929175125746654,0.001802977364072214,0.0015379280109451138,0.0014411222740551843,0.0015922550574865163,0.0015335028407938017,0.0014239735411419319
150110,0.0017264117262373452,0.0016459619434278233,0.0016259497691001462,0.0017427435867193447,0.001584525121177252,0.0015920963026858775,0.0014374225613889152,0.0014886748537407263
150112,0.0015715167112382439,0.0016561767513537107,0.0014857251662021703,0.0012343667242851186,0.0014474770379252627,0.0013521913297745436,0.0014301898322452988,0.001205980549873198
150114,0.0019235041563198246,0.001465168954939769,0.0017998577967360263,0.0014322821381088785,0.0015426694417791098,0.001497029449264456,0.0016198417603319332,0.0014689555816543298
150116,0.0017355807116815058,0.0017056246639166606,0.0014725655375456004,0.0014428396230101725,0.0014675190048097364,0.0014787055247600517,0.0013783363521380765,0.0014807676407715409
150118,0.0025271974838354666,0.0021419846363652933,0.0024350637421260424,0.0024138411086518374,0.0023902297527746003,0.0024355045853015206,0.0023481437083361506,0.002793989693054222
150120,0.0017453335893402727,0.0019120263603901316,0.0016738266836973659,0.0013819609385497117,0.0014594931965119518,0.0013152607880434625,0.0016283495896090572,0.0014621796958680933
150122,0.0029780866337198036,0.002839893006864616,0.0024783050625765274,0.0024688699720000346,0.0026720907511302294,0.0028841337288511154,0.002620159048732487,0.0022926347293518307
150124,0.0027527950525834677,0.002652061226687208,0.0023586424770628,0.002573873958254383,0.002558980340437389,0.002341579944322769,0.0026554130607271548,0.0022307912822934345
150126,0.002218315610753599,0.0021845059915561738,0.002474142244645608,0.0018826156656338022,0.001820146235493647,0.0017513439774516915,0.00177759067554141,0.0018538441599495054
150128,0.0021386831790748545,0.0019390588151420168,0.0018418041500068427,0.0017898132696814173,0.0018250806211878162,0.0017666179096418322,0.0018965570387798891,0.0017838992316777103
150130,0.003145356508338859,0.0031863575174873177,0.0031055999808794615,0.002938188126306876,0.002576383687272768,0.0022992167490798465,0.002753186367647889,0.0024232560135906273
150132,0.0019728987963350125,0.0017726127311107481,0.0017862122822856485,0.0017887521296218317,0.0015152031514503173,0.0017147429832547467,0.0015904239125208997,0.0016565242481905162
150134,0.0018764762078243985,0.0016490435509625284,0.0017860677514369844,0.0016411903927746607,0.0016371817582234854,0.0016045312970300873,0.0015493238107466972,0.0014690818010356654
150136,0.0021519201843457486,0.0020492902339184216,0.0020475866446014734,0.0018808484176249807,0.001733199259561627,0.0018988913369080151,0.0018578035910937901,0.001958634904264747
150138,0.0018451601846060234,0.0017178660547048086,0.0019906252501492028,0.001660063755326624,0.0013574970973457973,0.0015953255750500994,0.0015739709171824906,0.0014039798123588604
150140,0.00178534738859161,0.0014920631567572201,0.0014162739480134828,0.0014527167607958497,0.0014339406072542277,0.001427561610345407,0.0014242178726534688,0.0014517079716904746
150142,0.0015141456389351632,0.0013993028510400074,0.0015151260075383366,0.0014549789362148235,0.0012567516497714731,0.0012653820150166362,0.0012655481965434673,0.0013597844612505683
150144,0.001596856434974217,0.0016616037968635866,0.0018274918724863753,0.0016842864574213717,0.0013348001316649954,0.0013164664561405304,0.0014665099388260772,0.0013366588587727796
150146,0.0016177272000757054,0.0013526034179106028,0.0013953797549801639,0.0014980855826820516,0.0013776111763841303,0.0013081725752124435,0.001404327960373486,0.0014236462990924736
150148,0.0019246303562859973,0.0023216673369308577,0.002142253263182292,0.001970940148313463,0.0017338569044013236,0.0016374877606706861,0.0021205130382293547,0.00196254290882604
150150,0.0023400227022274955,0.002332071194580801,0.002444795823100032,0.002421703739284242,0.001885059117284149,0.001966230807536898,0.002170361207397567,0.002419798638734219
150152,0.0015066232469183038,0.0018141597211235455,0.001626756824911882,0.0014981066341708399,0.0012160009861015286,0.0012377743788011403,0.001529359378512396,0.0013239441130687979
150154,0.0018183250046894944,0.001704513729032811,0.0018178586416989356,0.0014541838635211968,0.001436286100612097,0.0015219384665441371,0.00214394403303958,0.0015270421169157888
150156,0.0016482409668144293,0.0014901249095911617,0.0017220049919308839,0.0014098046057500202,0.00126142736284586,0.0012876518570848483,0.001338244944962208,0.0014875059494876552
150158,0.0017620293923950592,0.0015863205226279847,0.001581862372593626,0.0017838750010577137,0.0013814059396678596,0.0016470221871225377,0.0014984007937325489,0.001469153765643938
150160,0.0015135931072180059,0.00168613260444829,0.0016573904198688982,0.0012856944888129385,0.0013668517438427674,0.0014911688229718584,0.001508925548450668,0.0012939107538392225
150162,0.0019505156640777788,0.0019018073294412852,0.0017602340420461715,0.0017617757616389534,0.001709068367108435,0.0017196921967779222,0.0017058923761049116,0.0019240606788353265
150164,0.0030923338373157194,0.003093356871882738,0.0028831711037231728,0.002411707854855019,0.0024951204648824277,0.002220870304350267,0.0025116405969507483,0.0027142771456965115
150166,0.0015603772829204804,0.0015301117884730098,0.0015239609847981228,0.0015925752668091153,0.0016268659099885618,0.001447205493370754,0.0014123847974108067,0.0013172697304942999
150168,0.001571612408881054,0.0015115473571803012,0.0014289190729804974,0.0011882635547364462,0.0013363200198735076,0.001300368053273937,0.0012910457641199802,0.0012756580035535592
150170,0.0016858175011759263,0.0015992436349421268,0.0019793423867930926,0.001457159254095744,0.0015352005043267614,0.0016652457107313584,0.0014370932126407526,0.0016939906241187352
150172,0.0017699357933521065,0.002065411805725184,0.0017957235184416082,0.0017417530864941022,0.0018828076953634199,0.001940944446419804,0.0014642428049106565,0.0013525439571694525
150174,0.0014429664135064968,0.0017205095179451263,0.0017014000581233035,0.0014679391707810852,0.0017232842951111493,0.0015587063443583404,0.0013753776624325642,0.0015805860439078862
150176,0.002212818780332318,0.001990811408726645,0.0019150336014309155,0.0017205759627927364,0.0018470303443738484,0.0017022468349575798,0.0018455215298618932,0.0016197020260514533
150178,0.0015258911298832722,0.0016798226975534153,0.001600108410764245,0.0012201352248759761,0.0014068438925905064,0.0014007115056886704,0.0012379272032438937,0.001489299588005366
150180,0.002264387116789557,0.0028960028773266644,0.00227797320538016,0.0022728856039047063,0.0026481770086968087,0.002536845717120484,0.0023093324924341463,0.0025973776792085346
150182,0.0015606459994615407,0.0018551445674717115,0.0017288328118853086,0.0013080868827456543,0.0014277595158724982,0.0013812007512434832,0.0015780816955574123,0.001391115616592234
150184,0.00244151748802679,0.0024134637223378747,0.0020266641428313137,0.0018368066398211647,0.002011897041789848,0.001797549192162018,0.00213878930450119,0.0020173199104091127
150186,0.0016906399643850656,0.0016717176799883188,0.0014769640923484456,0.0016043286593171585,0.0014995667570416732,0.0018181877581433664,0.0014232257751883304,0.0018775281863239734
150188,0.0016218379794557536,0.0015759271423605586,0.0019534048245851837,0.0015174330526834812,0.0015905775324624033,0.0016089743338376788,0.001646787253393192,0.0016808378901823767
150190,0.001970021044131409,0.002020572915032659,0.0021123063421724236,0.002227078521157333,0.001999636647227243,0.0020636091272905333,0.0019096726046576862,0.0019407501308921354
150192,0.0017671791306563822,0.0019956429375859314,0.0017415683901313983,0.0017844997001206786,0.0017187057989532933,0.0015649017472144783,0.001530544027041461,0.0016896573413883176
150194,0.0013713842524499947,0.0014352869853056505,0.0013476291354044267,0.0011158468844558872,0.001226464412404718,0.0010731000687949077,0.001391499686026601,0.001353436005519848
150196,0.001959915809706128,0.0021100708827015563,0.001965484230593853,0.0018386760767683669,0.0017798339392607332,0.0018623379152083452,0.0019227735772318205,0.0018345698680203443
150198,0.00227129882560817,0.002066115825629433,0.0019970034740191545,0.0022478744863276834,0.0021956237772916,0.001950966491679973,0.002059990237933698,0.0020134239096852996
150200,0.0019205892029423716,0.0019386638216169066,0.0018295799580168026,0.0013769127321521801,0.0018664979196582193,0.001678181751859853,0.0017640728645696435,0.0018800839878032605
150202,0.001528165868406109,0.0014458606180613037,0.0015607201728329856,0.00146695050640272,0.0013733298417034079,0.0014926782387227888,0.0014586317278659916,0.0011879299554047457
150204,0.0022598888200420775,0.001561332464801224,0.0020157704914327557,0.0018843148544207683,0.001890660837242708,0.0018549054995660313,0.0020086610489313816,0.0017506150653595065
150206,0.0016843784961315666,0.001532327547005219,0.0016376074561067627,0.0017093788588767311,0.0014735300656188027,0.0014441103268476724,0.001446977619688497,0.0014697972418337285
150208,0.0035783936345912815,0.0034269828075339653,0.003928771013518573,0.0032225736938260585,0.003148828165017159,0.0029569428886235816,0.0029048618036322527,0.0027758752695481587
150210,0.002617658197208217,0.002612321529105746,0.002383218186846614,0.002073403150814071,0.002190183394211301,0.0020417454698585247,0.0023086504737673957,0.0022438821182346885
150212,0.0025523610247546458,0.0024624304336234998,0.0023936327752128173,0.0022708858853460884,0.002399536497993182,0.0020906328065848356,0.00238803996693987,0.0024872490598376734
150214,0.0025971779529970207,0.002474460227490663,0.0028443269635781143,0.002195890160465855,0.002226711106684945,0.0021899522237039393,0.0024800430763587955,0.002053162698140376
150216,0.0018346416712555769,0.0016144441883660932,0.0015828433743290266,0.0015366260174687896,0.0015786680762630567,0.0017095975753635972,0.0014661852623341076,0.001425332953886027
150218,0.0017993008912198238,0.0019668955785057257,0.0016491902940254377,0.001658943787365752,0.0015439690156209829,0.0015554215130048205,0.0013596778634195616,0.0013694144008789128
150220,0.002027370585978794,0.0017722253483611894,0.0018150534669084811,0.001755666003419934,0.0017592673333958336,0.001972056987860085,0.0018184616209788868,0.0014108488247979167
150222,0.001512876647543085,0.0013974063438216971,0.0013564209535212868,0.0016041334945904456,0.0014444631319594642,0.0012878253767390074,0.0015521821219166704,0.0013952570208454335
150224,0.0018570865619161325,0.0020661977828311806,0.0021934894551964984,0.0019848775719273487,0.0021865896026823095,0.0021585315010830414,0.0016696766781777589,0.0018018202950648293
150226,0.0022495820440510267,0.0019995520229870167,0.0017312639641691718,0.001964145702338327,0.0019270332110323807,0.002048459257837587,0.0020219214853525735,0.0017811175623533432
150228,0.002242231409462239,0.0020402011680423215,0.002560638205350907,0.0021764720543302474,0.0022140456297738004,0.002408836460801936,0.002292663625764968,0.0020135011375224665
150230,0.0014251056837730758,0.0013575613336530706,0.0013201084307776917,0.0012989522659480196,0.0012246099290878082,0.0011615943511618237,0.0010982070053989212,0.0012072124573381249
150232,0.0027562506102025847,0.0028561283374023555,0.0029729422163271707,0.002794250016984315,0.002662158445779564,0.002947917865178132,0.0035412365956031394,0.002474124085402929
150234,0.0026042911866431956,0.0024868481435525447,0.00221503612050733,0.0020053492531669215,0.0018212675193977207,0.001927086523075286,0.002029006007728873,0.002118816101737489
150236,0.001888932883584285,0.0017489507966433337,0.0015265996021709416,0.001585623838382691,0.001354537289015037,0.0014282708118418391,0.0013664292283711021,0.0013671159180498466
150238,0.0025070066600827445,0.0021108331338242636,0.0021630837464124003,0.0017912931507307328,0.0017703671274227895,0.0018331277184483602,0.001865478963500436,0.0018495550566772906
150240,0.0027946328451544794,0.0026077515763615194,0.0034311965376755543,0.002863551638197015,0.0032629015543683693,0.0024477151036927935,0.0021319017886179403,0.0032568669178716925
150242,0.0020965127450978116,0.0019318211494483983,0.001786457273855513,0.0018484391915523646,0.0016666202504878186,0.0014378318989961003,0.0016301350490573047,0.001654399508420737
150244,0.0018358347679182097,0.0018862979404145191,0.0015936419714419753,0.0016220828296198975,0.0014130680935671297,0.001626887246615763,0.001802697393964492,0.0014923501024812769
150246,0.001897508825435948,0.0018405774699362804,0.0017650073998185523,0.0018722277200788895,0.0016053989937337004,0.0016680041817205282,0.0018358580719546463,0.0015470957932983836
150248,0.0027009751282163763,0.0023618770217220253,0.0023969659930801607,0.0025136270792565224,0.002168092799825827,0.0023048029845708223,0.0022240223448967283,0.002286667780567131
150250,0.0028292680792990077,0.002834291860518215,0.002963010629123533,0.0028638514659534153,0.0023012521320566748,0.002296504186894213,0.002670437611943313,0.002632987055515068
150252,0.001997977472641535,0.0020454217620287235,0.0019093629821751584,0.002022561091354916,0.0017671537610420979,0.0018408053834840232,0.0016891257168816787,0.00170106878137255
150254,0.001811650095222328,0.0017834769501456904,0.0019103912469327217,0.001815834722552978,0.0014755241762681864,0.0014315197900632987,0.001623924598825932,0.0017051751393315634
150256,0.003072665655720966,0.002564458086024013,0.0027179333448135307,0.0025989001793924743,0.0018249020615146438,0.002496011135912371,0.001955246680890657,0.0022790643235150038
150258,0.0015285582158553468,0.0018949778530610306,0.0015392413712279757,0.0014181343907262445,0.0014512291111934555,0.0015228585516520315,0.001503537659879997,0.0014587839676147851
150260,0.0017982040836744956,0.0017279800667255873,0.002030090165053622,0.0017866500039653843,0.0015650617931273758,0.0016221836556474245,0.0017623724953503977,0.0016210885407750286
150262,0.0023534890205054726,0.0025714682172396502,0.00236921652319233,0.0022642736653546436,0.001949494090700013,0.0018764203730815,0.0019110403227964312,0.002108455789795474
150264,0.002196049369657685,0.00272799474390073,0.00235059254254133,0.0021993095382390054,0.002317706425326041,0.0018988348450066916,0.0023090747097589404,0.0022279344155396452
150266,0.0019287052052503612,0.0018502558882629305,0.0017250647297745308,0.0016564978662619995,0.001516989320816134,0.001644621633614618,0.001906975727940241,0.0014460430718554879
150268,0.0026520270782762895,0.0021514090376251738,0.0025781807205871865,0.002416486568966883,0.002008738185372075,0.00212134408845982,0.0022905311317687055,0.0018779808311251145
150270,0.0020711073392543633,0.002006090348033021,0.0021382115040893823,0.0019722422761936503,0.0018001726350247993,0.0018903381827329313,0.0018695448599729408,0.0019354056769228661
150272,0.0016854797921112136,0.0016925257583011444,0.0016784766050395583,0.0014222407669184506,0.0013002278099954467,0.0014116490386798658,0.001405085547772092,0.0013655596140162984
150274,0.003186194338762896,0.002938888863691036,0.002524640329633565,0.0027289392814889984,0.0025268656435013664,0.0024352181613834234,0.0024447446167358416,0.0027483853977811196
150276,0.0017008484602443336,0.0015845322390695277,0.001431681884807523,0.0015466374896636742,0.0013319777566113272,0.001494976778557755,0.001417551977050957,0.0015733038431955393
150278,0.0017827866809976833,0.0019000677930969406,0.001644317080152169,0.0016419840129117264,0.0015795616208059138,0.00124772364224425,0.0015875356353552,0.0015246058792970502
150280,0.0018759811472281035,0.0018658770506532196,0.0019297916866008041,0.0015746532108346228,0.0016818585838587197,0.0019515878635494865,0.0022219718945883926,0.0018675596549933143
150282,0.0018588214128423264,0.0016619272598539375,0.0015995827231707893,0.0017464580571208282,0.0015230559773806718,0.0016913556700859922,0.00157911718550853,0.0018718621578588945
150284,0.0024643844177916346,0.0022325602835571307,0.002385224547083245,0.001995909548888841,0.002198138826649876,0.002121356442209843,0.0019970211204287797,0.0019158034724031797
150286,0.0021093351175138914,0.002287477320754905,0.0022999484684902427,0.0018479481638311729,0.001873207241673891,0.002279489745425481,0.001779738385537577,0.0022860799560655565
150288,0.001333044434062916,0.0013125628084886959,0.0013651893271660193,0.001249541283543723,0.0011229452841089588,0.0011300526653604953,0.0010685861570949862,0.001138022549995732
150290,0.001739434520741115,0.0017884474291146035,0.0017100248830055481,0.0016500890485887099,0.001515097586592129,0.0013177765330847496,0.001636867042680859,0.0013017413322736204
150292,0.0018607756148992238,0.0019508993578454814,0.001761414267727593,0.0016793573507593168,0.0015343172635434166,0.001687388721187455,0.0014957172259864038,0.0014714532767419325
150294,0.0019471479532030683,0.0019699962422031897,0.002002040523200202,0.0018215606933526113,0.0018355375746171992,0.0019131029203235533,0.0018582734438715165,0.0019348016343236907
150296,0.0020111555432942296,0.002146581543592277,0.0019633430683400205,0.0017085518673987249,0.0014652348345214339,0.0018071041431257928,0.0017162232945479167,0.0018616981286199152
150298,0.0017849255652314794,0.0015555616788920923,0.0016098826910280195,0.0014602512829110653,0.001442917734353566,0.0015974608846978239,0.0015542798517818174,0.0015117011749696818
150300,0.0017862040951968083,0.001628799095205205,0.0016615479153672674,0.001387445456335637,0.0016320400756835718,0.0014252457565269716,0.0015752714823458192,0.0017476576393733595
150302,0.0023544939540762755,0.0019319747366578627,0.002005607836678816,0.0021143131009824234,0.0017169153747057658,0.0019578594410764177,0.0018417024706087748,0.001945788077334365
150304,0.0021666359815931124,0.002254476886050641,0.0019259291961226666,0.0018908480931481009,0.0017588698503446937,0.001987039076481026,0.0018166796582565065,0.001715369345145712
150306,0.0032548632729839794,0.0026900988195645154,0.0029525065842320175,0.003251402454933619,0.002296574882475602,0.002491736025623262,0.0027144428950018895,0.002320411019478011
150308,0.0018966079807386654,0.0018804894458102211,0.001856151388849106,0.0014621292692301863,0.0016316418870321453,0.0013675572753825277,0.0014884356896761736,0.0015991828531538577
150310,0.002356607544605885,0.0021360708433591086,0.0024015917030296152,0.0023753889203116524,0.0024802950183357014,0.002136890815336523,0.002237721349396829,0.001949952696339921
150312,0.002163141268913274,0.002367834650287129,0.0021518807834532,0.002096511380518473,0.0023045712071595587,0.0021507265665250547,0.001972238636517576,0.0021237843087319602
150314,0.0014197944767852105,0.0013926611097756642,0.0013727533906205402,0.0012943302150569963,0.0010949791052903418,0.0012440891750387234,0.0011708877299752007,0.0011320572385346145
150316,0.002240177517311759,0.002033327240214669,0.002071022572220693,0.002238410435214888,0.0021783929100162164,0.0017875287582472255,0.001860908995601332,0.002008835359359973
150318,0.0025361125038438903,0.0023274547303664406,0.002322311421165804,0.0022605508456030737,0.0018370799852141517,0.0019345578152973886,0.0021327082292215693,0.0018685379548549902
150320,0.0015491478563456479,0.0016444053010711834,0.0015642410181455763,0.0014223573763496589,0.0014358148723749853,0.001242614285457258,0.0015597634127785392,0.001551897698508553
150322,0.0017920197583687902,0.0017925726969925254,0.001736061544407877,0.0017313743284864125,0.0015114062920012494,0.001427466744423192,0.0015166242846527261,0.0016052154057257795
150324,0.0015568164006791868,0.0015736446036902635,0.0015388391791216899,0.0016922704373918546,0.0015497857385895486,0.0014822577288251537,0.00176744442629663,0.0014097897790566055
150326,0.0014074964974644666,0.0014914974048070434,0.001256610609244882,0.0012828338115014049,0.0013764624042098689,0.001349515382049804,0.0012619585093445185,0.0012716838597173763
150328,0.0031022194694642208,0.0023273824827663298,0.002793259590492314,0.002450307138358865,0.002297852589114316,0.002501975613572807,0.002515492151481183,0.002261397912113383
150330,0.001822170965129155,0.0015798793667126804,0.0018476112406035222,0.001705528661904987,0.0016705752109751892,0.0015244455883128283,0.001530919479994855,0.0013850276251849009
150332,0.0022164540471079214,0.0026900315806384217,0.0020535509559232445,0.0023602406500594086,0.001962470295160404,0.0024610789254201487,0.0020750933466049393,0.002328624866274401
150334,0.0022830956865595997,0.0019981549824132916,0.002352582234043124,0.002026147973765449,0.0018612548434933235,0.0018971959718401404,0.0018157613834033498,0.0022578208363333574
150336,0.0019553596842334375,0.002277147571927554,0.0017767259876324548,0.002007004141929572,0.0015822336948834725,0.0019102479635553365,0.0018871348372889868,0.002030986239867208
150338,0.0016974762872584842,0.0017927137052576314,0.0014957956031347308,0.001622585790614972,0.0013267734373687695,0.0014634377942070037,0.0011719605322872,0.0014078017504793316
150340,0.002674649446121613,0.0020882910421884393,0.0022842172298803143,0.002113189897363102,0.002143213077815967,0.0022185191460527692,0.0020200196825224115,0.0016185337116001453
150342,0.0022359996274288335,0.0024285884291944115,0.00199538666136069,0.0019669629870048416,0.0018096404123213589,0.001798390179288456,0.002047189512044467,0.0016781210141012665
150344,0.0024236660759836687,0.0023626237141363138,0.0021057067644758704,0.002354747028709747,0.001945001032485974,0.0022629698869925385,0.0022029851015804014,0.0018644747626011537
150346,0.0021874840278897217,0.0026467489983961756,0.0023204709560433745,0.0021771478207890382,0.0018727151918938034,0.002032746398590357,0.002327612888231023,0.0022000199427998357
150348,0.0020147884861876353,0.0017965571308540401,0.0018157744002005871,0.0016907808876070463,0.0016533756702949987,0.0017762649904975447,0.0016739714769625907,0.0018299499735791175
150350,0.002225107846780594,0.0024210408830760977,0.002125485981103792,0.0022225071616477354,0.0022308922788108476,0.0021115780617764757,0.0022166950310054667,0.0021885717308439134
150352,0.0023478296161139195,0.00257044368148808,0.0023530986725115444,0.0023395999571605014,0.0019922707280190105,0.0027467802784253564,0.0022096725904831166,0.002005037974099358
150354,0.002330859545992006,0.0021188672022947608,0.0018952726839358697,0.002106254511232822,0.0020700600794899687,0.002040308186682438,0.0020783321243467295,0.0019991249311177572
150356,0.0020763944620031533,0.001838586623651231,0.002147473963996449,0.0017788760035273299,0.001927724689489152,0.0018006575904259137,0.0017183635760840282,0.0014153157344102413
150358,0.002337535434274521,0.002401501883505297,0.002373006684336723,0.002073932768681175,0.0019318565165376556,0.0021466902812230515,0.0018883332238456424,0.002011317264525525
150360,0.001880773777099845,0.0016325397613053405,0.0016474301105798977,0.0016803953091209523,0.0014002405743341328,0.0015800253687894283,0.0017149095905227285,0.0016523963668777647
150362,0.0015570615845883623,0.0014380610291936519,0.0017608867908371906,0.0016308330184440362,0.0015767722784337246,0.0014357787358341145,0.001375999989377874,0.0013728801000940788
150364,0.0021646270697515124,0.0020100066410295853,0.0021020699204588184,0.002106199459806002,0.0021073502184427856,0.0021589434439556326,0.0019650393249490694,0.0018739167325732553
150366,0.002254431958311154,0.002051882045385478,0.0020888246010831862,0.0022014225684941074,0.001910848812782584,0.0018493672935360334,0.0019037862678718126,0.001958504001110306
150368,0.0024280211848169003,0.001748938021611926,0.002006102361504239,0.002256867899576298,0.001995991100222097,0.0018456281158655413,0.0016222748818962018,0.001979346033018095
150370,0.0017167267520550866,0.0017187002391037126,0.0014633813605422624,0.0014624181658155072,0.0013757346818152882,0.0015604193695253343,0.001392679460711102,0.0015007109493672122
150372,0.001880329518905377,0.0018923662448794426,0.0018296398718655738,0.0016578557469931199,0.0017868817977353402,0.0019161674296864911,0.0016504410518459883,0.0017947136541387465
150374,0.0018001321723373764,0.0018720110863066353,0.0018284911628968642,0.0016269290187276297,0.0015670944687826704,0.0016298709427129549,0.0015175253477762163,0.0016448361673662149
150376,0.0019440810984126117,0.002054179673747436,0.0018830136371173062,0.002026709759373413,0.0019899292271654545,0.0020383869899465723,0.001918550311837422,0.0018016444581521324
150378,0.0014963512176677796,0.0011964197986494979,0.0014406414864898687,0.0012212251433512678,0.0014193913640967587,0.0012968819487382266,0.0011741921151442458,0.001206983368126982
150380,0.0018586344647598119,0.0015137455796644522,0.0015864282434319699,0.001326091801641796,0.0012558997164736768,0.0013197654708930195,0.0013524995679751323,0.001419249895218147
150382,0.0019769687445093803,0.0019070033835475592,0.0020072688405985972,0.0016506647432414923,0.0016951861639749044,0.0018251471456523505,0.0017194416317176803,0.0017313343365156358
150384,0.0027402685437858537,0.0025880132517051013,0.002340092622824308,0.0023056894260607003,0.0020876492955313047,0.0024618806917358627,0.0021050869597181165,0.0022920614764301295
150386,0.0019011929596886162,0.0018976334547987778,0.0018273045956589962,0.001697637755846207,0.001628729936460363,0.0017300470898595766,0.001898910817068833,0.001503538237679694
150388,0.0021496224021368,0.002014633648208655,0.0017643291642427533,0.0020547345245491982,0.0016500960095962164,0.0016843255964991283,0.0017307435012249434,0.0019157154234150792
150390,0.0027007269301111553,0.0025339067490117717,0.002469095800625834,0.002404159937242911,0.0025648542673409325,0.0022727520488372566,0.0019795140944878775,0.0022004207971722117
150392,0.0015513902626552861,0.0013742182218075133,0.0015721500238663616,0.0015682378753221204,0.0013585442837405065,0.0015244036987729914,0.0013445208325242458,0.0013721759565804015
150394,0.0019115627900634369,0.0019154842229271996,0.0017661616700807153,0.001442181986712976,0.0017815213249123968,0.0016722861664692085,0.0018156483614667623,0.0018899433247750036
150396,0.0020884439184024745,0.0018495569792160854,0.0020112083358739263,0.0015855134748527094,0.0015938805196267364,0.0017786635829006858,0.0016839345319255017,0.0014968391945508058
150398,0.002744932043144535,0.0021548316635078835,0.0022394074181699697,0.002402331134885985,0.002240601057736394,0.0024643474313360697,0.0021308203517645397,0.002188360860540542
150400,0.0020861299238268544,0.002306840480261807,0.0019359108114977985,0.0019064698283974973,0.0018908594324712619,0.0016895379023305068,0.0019309311842983234,0.0016624770672935135
150402,0.0023617510154366195,0.002248817043039253,0.0022461838200493883,0.0021005791151789688,0.0019316037144579412,0.0019111038358893412,0.0019734458695830903,0.0022669827397323733
150404,0.0017355881611318957,0.0018696898302587167,0.0017123317870668675,0.0018395672124962292,0.001364829274803095,0.001496381479720435,0.001398924672850868,0.0016232431184812768
150406,0.002096965468804793,0.0019460789462997369,0.002004411819203966,0.0017389379970918079,0.0021045113375208757,0.0014958618795316014,0.002034477074214794,0.0019882657800854298
150408,0.0023035115462768374,0.0018168463824253522,0.002468164046498522,0.0022957208955559777,0.0021129826905132987,0.0019411125109367738,0.0019575818678524565,0.002270483278109539
150410,0.0019054530269857622,0.001658229512027154,0.0017343958318518649,0.001619186920410312,0.0016884248721050904,0.0014220842649061982,0.001612871705531982,0.001505722246580632
150412,0.0019116256603270015,0.001817745872164045,0.0016619773766548551,0.0016852558949693869,0.0015251339391397778,0.0015349030462164098,0.0017299702359550029,0.001562508225286821
150414,0.0030201259369283667,0.003351179403332516,0.00315927556300033,0.0025465619620555074,0.00255871350375797,0.002765450037232109,0.0028076918460012146,0.0029548895599949138
150416,0.0025066880849050066,0.0026695794751765423,0.002526161584935474,0.002133481096519896,0.0023148912051462744,0.002323722327954636,0.0023970933000692085,0.0024721492023927483
150418,0.0034210082737549247,0.003647295778169149,0.003244870423980084,0.003404099171303368,0.0032751952336268625,0.0032721979598291373,0.002759152965533543,0.003327630449915034
150420,0.002486014088578084,0.0023381215508356257,0.0022397653003431023,0.0021229950054015845,0.0023490445835788187,0.0025098146524494963,0.0019189869860408854,0.002144195532526441
150422,0.001817817663068988,0.0019153306404712384,0.0019592314427857027,0.0017353265087684117,0.0019265943141438258,0.0016491092063299906,0.0017387966344229455,0.0018301479042373558
150424,0.002258938988064507,0.002538119523705973,0.0020989751692503944,0.002135073727073125,0.001822309952198134,0.0018233237321363394,0.0018242442352163352,0.0021033719471277856
150426,0.002229986558987207,0.0016167722938567608,0.0015094335180127066,0.0014253706464733562,0.0017827891976889831,0.0015971264877843172,0.0015626743338107568,0.0014768518509933465
150428,0.0019255155990247769,0.0020622805579840198,0.002202643108045743,0.0018239941204874072,0.0022768009358254404,0.0017768538087365032,0.0018571315126570398,0.001790930848075481
150430,0.0019946821529723824,0.0021962068388114986,0.002011913417115929,0.0019846057240100468,0.0017540608066069496,0.0017866043398460235,0.0018403594788764105,0.0019460743448135448
150432,0.0024565890098779963,0.0023346556331827473,0.002172658931016272,0.0019579036172524683,0.0023304196458178716,0.0021417629198588473,0.0022042970223407204,0.0020584833328856633
150434,0.001958715690510149,0.0020454022182512382,0.001987910983678509,0.0020974032277978893,0.0021642676165256752,0.001765608124264642,0.002155810896398172,0.001936314048627319
150436,0.0030229124885348263,0.00309879227299531,0.0024640800275200214,0.0025952205870441447,0.0025198534085935226,0.0026220414798103775,0.0023312944513187994,0.0021782399058435514
150438,0.0013552829725702598,0.0014132526678790058,0.0013256094439920846,0.001295778347433496,0.0013100752392930654,0.0012377473799230487,0.0012672737362902226,0.001335512046145626
150440,0.0020277047301731077,0.002112511118748786,0.002107976513643417,0.0020442496375099872,0.001986941434784631,0.0019301798833200184,0.0022845206279643038,0.0022362349772487994
150442,0.0019107954001365002,0.001894256927643792,0.0017098930188589462,0.0018709068357548042,0.0020595797317086856,0.0017201952357517314,0.001728126873821234,0.001521274085112767
150444,0.0020821238062368602,0.002209029964071796,0.002496845376887047,0.0022884659236730442,0.0017748264863275964,0.002171361668349428,0.0020308401819658095,0.0021877168105238903
150446,0.0017651260340141445,0.001592356438756548,0.001791399735858512,0.0017115974773656562,0.0017995809135289975,0.0014184023524094341,0.0015393846063967015,0.001575390360504303
150448,0.001166822331077677,0.0009849376029769652,0.0009179144142372787,0.0009920822333087664,0.0008469586810334363,0.0009575397239283134,0.0010128812763741113,0.000887398992165403
150450,0.0018914316264591197,0.001603672487454022,0.0016463905950932084,0.0015470453882972107,0.0015648796420686395,0.001662023241783342,0.0013907774459421263,0.001429027506337166
150452,0.0021980081846484922,0.0019160461067511264,0.0020447970812825927,0.0017601415165700018,0.001694070661202321,0.0018415870455114197,0.002077816888282291,0.0016925245322243487
150454,0.002180123622120958,0.0022185809103349025,0.0021674489645367445,0.002107499002157509,0.002015731688320699,0.0018454408722293203,0.002171078377730465,0.0017707834647900378
150456,0.0023547643828971676,0.0023813421038293564,0.0022558355424913273,0.001920947736628112,0.0017994838830159982,0.0019589188175733185,0.0019173550969961983,0.002085721244631744
150458,0.003099536793881988,0.00317403374416636,0.0027548477138952254,0.0024784018707993405,0.002416514404346773,0.00215807217920716,0.002846241747378464,0.002336980366424657
150460,0.0016890516145784407,0.0017601115088297092,0.001535527770731307,0.0014438750530093025,0.001510588417520664,0.0014522320553700951,0.0016742019397904123,0.0017514057143577788
150462,0.00219226482664793,0.0023393167068985893,0.0025898875142902344,0.0021277086249772564,0.0022964267086431622,0.00207196222696783,0.002240773165533963,0.002076494956438371
150464,0.0022147489430486417,0.0022543640369093176,0.0023203169888215275,0.0020567130776507625,0.0020771302325981456,0.002195011820538953,0.0018984696159253384,0.0020535053759340866
150466,0.00325603145948318,0.0033937541899742435,0.003241339419146394,0.002642732701563233,0.0028236754462122177,0.0025980114620777345,0.0034292464167240966,0.0025902799670336624
150468,0.0019083323904251076,0.001851674621201893,0.0018536690103643366,0.0016102758240245235,0.0016467597397282763,0.0016744467477070035,0.0018779943919394193,0.0016155178912269919
150470,0.003518099493369023,0.0028814311045450985,0.003000086331621646,0.0024410974515557543,0.0028120105210943797,0.002704148499381845,0.0028903810895153925,0.002726329455882137
150472,0.0019435387678395366,0.0020407470597669786,0.0015962395973463522,0.0019028127576667941,0.0016127639882768663,0.0016382825961530068,0.0019248232094078027,0.0016133675505020234
150474,0.0019012556591926355,0.0022116010304726874,0.0021007508809019054,0.0017471172781178268,0.0018182379541960142,0.0016566682911600822,0.0016716732044153165,0.0018729799105122874
150476,0.0019422014957948819,0.0019360268608071274,0.002342207673747279,0.0017510951700421828,0.0018100651458436007,0.0020026102931072765,0.001764060347357932,0.002091505684383377
150478,0.001771546981626529,0.001622279083166811,0.0017251563286814348,0.0016143256418355012,0.0014629057078945906,0.0013245609308992906,0.0016426084179455153,0.0015041302517906363
150480,0.0016139951714591039,0.0018258535256221592,0.0016796068101518902,0.0013723870978654823,0.0015783729482800185,0.0016281472571712113,0.0016008532826983363,0.0014561637076193623
150482,0.0016988499363058823,0.0016756307974093027,0.001618543003688036,0.0013518847703586495,0.0014749913277717491,0.001484330069637052,0.001658718928796446,0.0015732125268345248
150484,0.00195959917208334,0.0024671018318392357,0.0023254437186450705,0.002025932000502065,0.0017528824236143908,0.001966194136066912,0.0018390725719577006,0.002047904243511811
150486,0.002595612684460194,0.00225535536635868,0.0019685394855865207,0.00164298921834366,0.0018569080486297573,0.0021640409371677244,0.0023020170627321423,0.001906604836822423
150488,0.0036846717257948414,0.003720686040825427,0.0033107375058141764,0.0038788126920441673,0.0025990543911165315,0.0029156062821735773,0.003852629056641854,0.0030897159048715594
150490,0.0021182022573038722,0.0023766317003787313,0.0022706295475100197,0.0016331644758871416,0.0020760570086203606,0.0019258709955849995,0.0017622020343744382,0.0020196627337148443
150492,0.002552205946184438,0.002531822667760031,0.0022588309847668825,0.0024760604582054757,0.002319124543950446,0.0024046297599247257,0.002267072135929818,0.002156850212631359
150494,0.002214209702841932,0.001887022204627456,0.001859059447975056,0.001657127450963372,0.0017279893581290673,0.0019370104691685541,0.0016235550205896537,0.001372081569259942
150496,0.0027741879725833862,0.0025692392064673997,0.0024925371901966115,0.0026842560367906915,0.0027223663272146897,0.0024943482816404267,0.0026094932895315837,0.0020167631083202325
150498,0.001959467906902948,0.0018000980322985805,0.0016324560736826754,0.0016231404585092535,0.0015799214193574912,0.0015645751964106364,0.0017277567708430391,0.001517352369335756
150500,0.00124331983242644,0.0011971347940365057,0.0013032355622197983,0.0011419682678651816,0.001191419011016548,0.0012008663339597853,0.0012327741341638387,0.0012153266109757865
150502,0.0020029810704836337,0.002237551825873263,0.0020084349909239713,0.0017966341866154784,0.0018898429162857028,0.001650567879071474,0.001448138148471681,0.0018128207840295701
150504,0.0020439447852149822,0.0024914210254325386,0.0025724702836871366,0.0018981372068384156,0.001906508866486925,0.002042585185055623,0.0021270615367621204,0.0022700991658554243
150506,0.0022171798446992685,0.0019601335129099257,0.001962289096917369,0.0019764957106316455,0.0018969123488610379,0.0017708740748138135,0.0019363009345641502,0.0017097269635337753
150508,0.001680904175455078,0.0015642103721902473,0.0017000803670858128,0.0013424215970930242,0.0015599588022513627,0.0015720099988018182,0.0017871161262839053,0.0017434534369388383
150510,0.0034303564646043783,0.0031821796926157497,0.003226528242836549,0.0028563449511968125,0.0025750481383885054,0.0030479279306219187,0.002720926222189668,0.002624639848555224
150512,0.002880736451604804,0.0023317257994816126,0.002649463889511497,0.002005914154587854,0.002125937699799088,0.0019666798129880925,0.0016667921078286074,0.0021808364885012588
150514,0.0024454858719458322,0.0025187733970384457,0.001952258713926236,0.0022154933987386105,0.002354207634604144,0.002006582929849357,0.001975386886723954,0.00216543482184145
150516,0.002503771116819431,0.002653094607856357,0.0024558364738696548,0.0020853006973534094,0.002292464565279373,0.0024321979480336348,0.00285655201617864,0.0021912867650958484
150518,0.0017158516908821891,0.0020299021789469407,0.0019913366887794326,0.0019355761237917074,0.0016425268883074745,0.0017159776118698261,0.0016489757790508902,0.0018436447763449243
150520,0.0020912579757216415,0.0022541740746713362,0.00216359627805357,0.0018247655217762532,0.001840580027092767,0.002085924728518984,0.001977813919984195,0.0022237507472988582
150522,0.0019220725347823958,0.0018810022270137616,0.0017321004645778348,0.0016703398213441384,0.0014817844672410652,0.001608473188243531,0.0016977215629122022,0.001501918812369718
150524,0.0017104614882024194,0.0019281977400433803,0.001375797690045255,0.0014665068003048148,0.0016663322192054242,0.0016937775077720124,0.0015706168824323186,0.0016234907765118184
150526,0.0018541171660029776,0.0017445592496179302,0.0014975538653649867,0.0013243467229323708,0.0014489278800633998,0.0012397620947313254,0.0015093330750853284,0.0015351298590649542
150528,0.0021726248972298162,0.00212325934902996,0.0019935995092184577,0.002318904604907704,0.0018593691413219121,0.002241267659545146,0.001979083844855234,0.0017229335759139652
150530,0.002668675674058818,0.002896789192546448,0.0023153855646190907,0.002489677169886184,0.0021704757523077906,0.0019714340196786417,0.0020908504979289116,0.0026490002542916558
150532,0.0024357031432166304,0.002720924667626301,0.002412324055702811,0.0022889795540366326,0.002046490072564869,0.0020306847284062984,0.001704950245434711,0.001961862703460382
150534,0.001399226207999829,0.0014163190912910295,0.001317038537573867,0.0010898619300873241,0.001195899537961509,0.0013978921194152255,0.001303774900046628,0.001009500390580842
150536,0.0022707119148769467,0.003091577754054789,0.0024098798409455946,0.002497052004286196,0.0026021316050588994,0.0025489221727254124,0.002329142623911165,0.003019653038766279
150538,0.002060571576602277,0.0017602946850626133,0.00199464322061417,0.0016853014684553025,0.0016513534688794712,0.0016611343000347834,0.0017574271643536893,0.0016441820342200236
150540,0.0030994044741650684,0.002374276432188918,0.0023157817355736743,0.00223915427346727,0.002376433749005591,0.0024518113683333898,0.0023123492604516654,0.0023774490180922397
150542,0.0019944778455154855,0.0018889756275456554,0.0014879752379824002,0.0019373708602149625,0.0017149426044050925,0.0016178108089883736,0.0014839752988283217,0.0015427478690078211
150544,0.001985605578713745,0.0018008324306515583,0.001992851745045654,0.0016016779408907361,0.0016763262366388393,0.0017786902918977138,0.0016755017909986236,0.0019930064089579563
150546,0.0018967750881451195,0.0019592762940182085,0.0017865656045332745,0.0018948640136132872,0.002010341355635284,0.001798169014102291,0.0014982237177525587,0.0017949999481782358
150548,0.002135159106370757,0.0019581172523600726,0.0018753316003063958,0.0020178834830742037,0.0017602256021215373,0.001865315492962108,0.0020675089803471464,0.001995736133020634
150550,0.0023444398410141787,0.0024746210797417373,0.0021312193232448373,0.002101743025104741,0.0018290219777451627,0.0021145470964723106,0.0019008229562091916,0.0019403211612916693
150552,0.0017010663230385692,0.0018576577978669656,0.001781132341017122,0.0019085335390402053,0.0017530171828701452,0.0017425613259813982,0.0015698716991965345,0.0016620247605070304
150554,0.0013000993946230555,0.0012481955647274945,0.0013055238747861214,0.0010925202326286243,0.0012264863302985513,0.0012538882835002596,0.00113249923521469,0.0009759198767619361
150556,0.0028143408630998956,0.002789204808968951,0.0026275790165958407,0.002671230038314834,0.0026437370645072122,0.002488089639820626,0.002434886901324221,0.0022916523596572397
150558,0.0024625054872098318,0.0025056675869228884,0.002420499080191263,0.0020371270957184606,0.0017986536995648894,0.002144686499262749,0.001992152007430692,0.0024004128641652717
150560,0.001954503509953867,0.0019150756615416015,0.0019545311786801772,0.0019550397911045764,0.0017117910584235063,0.0019398551577758938,0.0016818637782434337,0.0017726042615615611
150562,0.0014872973367290876,0.0015072601240465056,0.0013828307717324156,0.001319633929043107,0.0012449026562046939,0.0014854649894187194,0.0014387558771042919,0.001241717011947474
150564,0.0015650738779576928,0.0015577128562007658,0.0013301396789172776,0.0014619751457445318,0.0014609127409484501,0.0013963793624410942,0.0012959422215702704,0.0012530257170078607
150566,0.0016162834143119142,0.0015890960185203085,0.0013228694310657568,0.001500929737456913,0.0012425588693645295,0.0012535482333204812,0.0014480494057389492,0.0012477825947768834
150568,0.002049575246256388,0.0017242469459830545,0.0020743654023215458,0.002037352744880941,0.0017905701584242234,0.0017568946635515559,0.0019497385201355244,0.0017666990181064574
150570,0.0028531909259763566,0.0027805324192888836,0.00291518910765233,0.002039604203609935,0.002167598467333179,0.00214992052621904,0.0022216846190393214,0.002282354195058525
150572,0.0025604459288320336,0.002277173526256393,0.00236215982392686,0.0022710534713647063,0.0019763440072717714,0.002013005701543058,0.0021557835675603543,0.0021997721792395147
150574,0.002513872129401587,0.0021454584277764838,0.002499764269187077,0.002031148084871162,0.0020115949456890464,0.0020909990387464467,0.0018326061955953321,0.0022541450681066305
150576,0.0022194414885101793,0.001934918633585428,0.0021535221014079703,0.0020796692509135323,0.001725050185577226,0.0020345120245802845,0.0021333874916040774,0.00215262531393047
150578,0.0016997335530746782,0.0016905498991413026,0.0019093489830135923,0.0014041344774399361,0.0013190802259882006,0.0013510655314741271,0.0016732777454873254,0.0015038774252618264
150580,0.002202675627761122,0.002564710506582926,0.0024283798811653434,0.00220864478323457,0.002303933879373013,0.002003710388346361,0.0018525220813798843,0.0023476989310566992
150582,0.002038153210789498,0.0020583971344412394,0.002085593987178669,0.0017122806084058362,0.0016300189358876699,0.0018879978185590979,0.0020437339283092687,0.001788875655731395
150584,0.002338932220304679,0.0024881940719192475,0.002619049360596107,0.0018085046535418897,0.0022029672669056227,0.0016871279734766986,0.0020479443665700897,0.002197789175885659
150586,0.001635349959592039,0.0013833605621677153,0.0014197071682764406,0.001218885294476238,0.0013644673434223265,0.0013327879246958219,0.0012183073792954163,0.0014844136019407511
150588,0.0018888872257961098,0.0019138671880123415,0.0023661527252301223,0.0018923879603258698,0.0018167492051226475,0.0017419371707272924,0.0019276955755487407,0.0017251303341499075
150590,0.0021189299642250387,0.00241203826630626,0.002471385397267989,0.00217688118641203,0.0021148568263715944,0.0022273981436589235,0.0018518961669866801,0.0017267383406194825
150592,0.0019460155120052391,0.0018665404090265764,0.002021315812428315,0.0017117253999271581,0.0016959338206652547,0.0018205048053234751,0.0018324821255494422,0.0017357697464293192
150594,0.0018483216336413616,0.0016835370929604299,0.002252388750142456,0.0018129537037859245,0.0016695859553304132,0.0014471357689212067,0.0015394135465563452,0.0015190968265210852
150596,0.0017921941787424484,0.0018721393887238258,0.0017652991406658103,0.0015044553456955573,0.0014990636237364324,0.0013182485366911578,0.0014179093785853802,0.0013466676411475476
150598,0.0017991425586772053,0.001995637945034767,0.0016525141829595302,0.0015353634033155594,0.0017896039792555385,0.0016424695168121423,0.0014492086623683065,0.0015450966341399447
150600,0.0025842599442427727,0.0026056464667823104,0.002910268943545194,0.002227484294461457,0.0022300175207314865,0.002294892765638004,0.0026961170117512645,0.0024268344082054583
150602,0.0019030158903250577,0.002161280838483562,0.002069825507915471,0.001970174488864773,0.0016187879047804277,0.0015454337405031993,0.0016936404457814636,0.0018856200800085876
150604,0.00271567045133031,0.0026316823966832242,0.0028602469979355366,0.0022928034727078828,0.00227468329584557,0.002035418486491525,0.002533876745358876,0.0025536229070519667
150606,0.001623920395425138,0.0017168014589687974,0.0018910758580703707,0.0015072560744480157,0.0017124625119377956,0.0016334929882122484,0.001513998364592331,0.0015010939833221132
150608,0.0032269590869145187,0.0034218707364976897,0.0029693472617536992,0.0030466438874814927,0.0029173436904189054,0.0032266628256184676,0.0032730350633300986,0.0023923334452187334
150610,0.0019443212459260284,0.0018621456461789254,0.0019727839636086153,0.001687634491287518,0.0014736590555062268,0.0016539552710126554,0.0016797536853620093,0.001782592586532808
150612,0.0023248142882013045,0.0024019268980348674,0.0023348539969536702,0.0021807794270679026,0.0018136970656446177,0.0021048493863863454,0.0020072785209564042,0.002168732567072118
150614,0.003435083595597091,0.0030158805971880615,0.003627158613722037,0.002813890684525991,0.002494163719632528,0.002637380469754938,0.002981745051203133,0.003084424607774361
150616,0.0011434509637118229,0.0013098864746585864,0.0011040825721315844,0.0010858858261606624,0.0011504375985466192,0.001182886229155758,0.0011087486632360838,0.0010645635187645497
150618,0.002639951589577652,0.002258322518690639,0.002902419212724716,0.002669271903872464,0.0022921624236738186,0.0028706288848657224,0.0026060777662154783,0.0023250916294728086
150620,0.0020848107928364557,0.0017120555546965566,0.0018608855331072593,0.0017273538837119795,0.001911589175903075,0.0017146646189312165,0.0016142376328325825,0.001780165568295869
150622,0.002453619046493674,0.00242763755223252,0.0020502428260835703,0.0023617383425767052,0.0018354315995814524,0.0022202604561916695,0.002218140507683819,0.0023496455038310438
150624,0.0015092746055254125,0.0012895141272315641,0.0015286138534604948,0.0015158113810576218,0.0014381596370794392,0.0011169412352220048,0.0013131467306753408,0.0013184354680696592
150626,0.002070095334170255,0.0026185643748625337,0.002389539168155111,0.002209615503264928,0.002005507404199358,0.0024978737585570343,0.0023060124937188675,0.0018916856746376137
150628,0.0022014012443991593,0.0020935212899895195,0.0021857030235317293,0.0022149687951833474,0.002163875614297206,0.002360172238905292,0.0020918368941230114,0.002270083901437181
150630,0.0022613724021472437,0.0020245304662994817,0.0018865128103774526,0.0019361661901374921,0.0019052852125257674,0.001842453621427445,0.0021803887154812213,0.0016901173743255615
150632,0.002349504656251611,0.0018279288890692968,0.0016664678675848976,0.0019478551974680958,0.0017623377769417914,0.0020166396451908875,0.0018754200069360238,0.0014929833802226344
150634,0.0020992765878597025,0.0023114378979795097,0.0020750485463461033,0.00201679355644796,0.0022753368228019127,0.0019358970431664901,0.002006246859684646,0.0015816899136934653
150636,0.0015642289365311868,0.0015496907078083044,0.0015089174447858178,0.0012836910928817336,0.0012534598647571116,0.0011853800729234032,0.001524603261046309,0.0015087869208964128
150638,0.0019091341186006638,0.002341077028269592,0.002014199264130989,0.002044502294759276,0.001975530605605527,0.0015918186494595782,0.0019704384013261578,0.0017743211703526995
150640,0.00210109033520757,0.0019695276804459483,0.0020912065277569614,0.0020310849578370066,0.0019084798332755781,0.001702166297569821,0.0017979516535718276,0.0016836960629176279
150642,0.001374282023909823,0.0014266477069053846,0.0014254243733361621,0.0013498222201841076,0.0014036780445536579,0.0013187081789994975,0.0013741047074431467,0.0011982259987553118
150644,0.0019225292105519293,0.0020020618589387112,0.0018095763896504163,0.0017978290781362483,0.0017094198286465995,0.0016248714033107042,0.001846356696003651,0.0017661253488043954
150646,0.0016266432360745459,0.0015688781998602352,0.0014648866306508218,0.001514474712804914,0.0012906859899788348,0.0013376947082120033,0.001504045588655037,0.0013153694133645338
150648,0.0014505139480347623,0.0016233214664335277,0.0017496625330638005,0.0015141499876958897,0.0015353847151128447,0.001582940898367191,0.001521756517400219,0.001457264771815625
150650,0.001987533631984617,0.0018269514074882448,0.0016852225563666057,0.0016954874157382727,0.0016551617599747659,0.0016570907522330813,0.0015867113618242001,0.0014076220049996785
150652,0.0025395370749379254,0.002895151724213854,0.0025197958121066094,0.0023907156985854133,0.002541294922339135,0.0028056456337455793,0.0022332031544284453,0.0022917286873043313
150654,0.0013206333783080115,0.001473035323069652,0.0013667972042764043,0.0013934330656440036,0.0014044357358682924,0.0013096880167959984,0.001299153131332012,0.001392015567453067
150656,0.0015159555525565693,0.001463485393143893,0.0014808120802067976,0.0014911544375540015,0.0013959308727216069,0.0016140197161030323,0.0014668648987151145,0.0012923551868394
150658,0.0014023164452159481,0.0014012048277436406,0.0013878509462161848,0.0014266786628121114,0.001265583713627852,0.00143130132905811,0.001330043759701971,0.001060712009248732
150660,0.0014638482535934833,0.0014071102265376112,0.001517902103396418,0.0014217170668846674,0.001316602706227743,0.0013984565495840512,0.001323658392095306,0.0014741839395378126
150662,0.0029943068766714043,0.002656246646057847,0.00255626061520986,0.002644294104694689,0.0022080537710424952,0.0026970776832061644,0.0022605093997457026,0.0022919926338250823
150664,0.002338998881601509,0.001984280460370691,0.00164129664041468,0.0018386751183305794,0.0018737393472543218,0.0019145028360090799,0.0019909872700918513,0.001588804669013913
150666,0.0022662509633306627,0.0022378390680536514,0.001767639887062869,0.0019532098863112163,0.001567150213455673,0.001981520443917764,0.0016057008173211984,0.0014185087023346754
150668,0.0032456603048517524,0.0030964804733175783,0.0028287933284334432,0.0026164640511697895,0.0025587534529967204,0.003037473858836806,0.0024216285768019624,0.0027721983358961616
150670,0.0024506269053610336,0.0020034712695091716,0.0020414404677124853,0.002029728299547673,0.001767262444497819,0.001795243016165085,0.001785611525753128,0.002205532354437878
150672,0.001945400285863208,0.0018132753961062065,0.002039312819780703,0.0016291975383069812,0.0016545904336813383,0.0017140507241953373,0.0016685647322836616,0.0016917144990709204
150674,0.001994248927115694,0.002057667393273732,0.0019758859514560356,0.0017360342261098088,0.0018826373250627887,0.0021769291585373024,0.0019687384931805912,0.0017413554106932155
150676,0.0016375881598213043,0.0015632870089436063,0.0016043608894966838,0.0015169469534757202,0.0013194958983487326,0.0013526502749914432,0.0016268076106220608,0.0016586864605996343
150678,0.0014633639746324811,0.0013367947877327424,0.0013936246973322852,0.001249354034869532,0.0010942578386941154,0.0011340269562731958,0.0012887300606272967,0.0009967753726654177
150680,0.0021189622029549465,0.002048824475350944,0.0018851862485809306,0.002007450100826716,0.0016711234011684284,0.0016066115351487387,0.0014701865947621684,0.001861057166274771
150682,0.0014775110436427014,0.0014139277691447294,0.0012406620733862589,0.001098469729443663,0.0012208666426167941,0.0011712765544898002,0.0011863229663523628,0.0011675396300386276
150684,0.0017013518089460528,0.0015393106494468456,0.0018543526538794541,0.0013843650040513827,0.0013271713200424667,0.0013467666187386151,0.0014500250708709417,0.001188778555569328
150686,0.0018743105579904912,0.001836760339169588,0.0019873150766989145,0.0017070191515062977,0.0017339741768210987,0.0017238689064230095,0.0018410192450714208,0.0017661453880830763
150688,0.00173202108447712,0.0016513401471092287,0.0015844064919929984,0.0016553342380587616,0.00152516536376468,0.0014837706647261723,0.0015839601894752087,0.0014688093795567903
150690,0.0024914247443268978,0.0024808779846887674,0.002406589554198049,0.0021161120813429357,0.001978173447641632,0.0024405386860438943,0.002468369853892094,0.0019766464260664307
150692,0.0016078526170224677,0.0017226097954351621,0.001778404673135947,0.0015536539669194216,0.0014083030298265437,0.00155370888466623,0.0015061756045930963,0.0016047211136225314
150694,0.0019432487456533393,0.0016468673769134412,0.0019156012888493917,0.0015205221083092746,0.0019933207444324808,0.0014699120713053265,0.001616539228088465,0.0015323861697478375
150696,0.001603910293218061,0.001678468973937211,0.0016776205035737984,0.001554587406851271,0.0015347743220539556,0.001350796888342512,0.0013205045006579041,0.0011797397969905976
150698,0.0027322832535361385,0.00214660501687948,0.0019853320210652114,0.002196342664855813,0.001974513757886598,0.0022105976462791777,0.0020976557362231696,0.0018693841106056652
150700,0.001638232536331552,0.0017686348997331264,0.0019007979441039297,0.001627475711834539,0.0017511366367163467,0.0015493208780914675,0.0018864037558699587,0.0014836555821808872
150702,0.001819463524643794,0.0017229252258919164,0.001702882901335523,0.0014331211245846576,0.0014965051250004913,0.0015269469126061447,0.0016749156825746625,0.0016580477817201983
150704,0.001996931224438128,0.0018730685841470418,0.0020172918007694968,0.0018638696698828477,0.0016154091872777748,0.0016824147341145679,0.001777607638468473,0.0016269079823452715
150706,0.0018901891748846489,0.0029103694283601073,0.0022809630221412025,0.0023735961419618784,0.002170771153281459,0.0018894458430391975,0.001931327026480481,0.0022196341938452435
150708,0.0013304084341747568,0.001451512671089894,0.0015681174971027279,0.0012792170102610273,0.0013263151048841793,0.0011006912988059114,0.0013582965907266292,0.0013251651449115581
150710,0.002241784079565892,0.002133714429476685,0.002427095011676761,0.001980636344529177,0.002022855632266618,0.0019412464425579007,0.002218850788220872,0.002352961696954217
150712,0.002125727807804678,0.002151747376091931,0.0021869578732648526,0.001842890823966492,0.0016029368036216685,0.0018224553059012494,0.0017779035603278232,0.0019860939790850157
150714,0.002980372118825972,0.0028239030995927394,0.002468222900614561,0.0025464160830658417,0.0024120741262747547,0.002327107520812499,0.002342619475327337,0.002280108741175138
150716,0.0013869248731136624,0.001167654448877689,0.0013085385513578324,0.0010794060071202122,0.0011538967561036811,0.0010341054827813778,0.0011994276205890136,0.0010101507777360436
150718,0.0021422960243322464,0.002078339596928283,0.0019421121855725532,0.0020703261919475247,0.0017245779966535424,0.0018154197885261875,0.0019252269247636011,0.0016978062930377846
150720,0.0017725650509493734,0.0018651655440034137,0.002087366413605629,0.00177970821121054,0.0017695809852460997,0.0017619458892549483,0.0019352470369655844,0.0017597901919794712
150722,0.0021305672306049517,0.002122869362122304,0.0019796403938971002,0.001866496632109152,0.0017212389362919606,0.0020131975838189597,0.0022765371545441226,0.002126487384230394
150724,0.002040672003739155,0.0019519515831312312,0.0018741796008027306,0.0018896560340389001,0.0018631759125051772,0.0018691064396030854,0.0017763799201531705,0.0018093843284328198
150726,0.0018181118299880894,0.0016572287536997937,0.0014892981503623753,0.0016869201854437105,0.0015911599887844657,0.0018308004181251253,0.0017033880884670533,0.0015411954979107634
150728,0.0020584319516348537,0.0015377261176416912,0.0018653933658291516,0.0017411119771557626,0.0015018971566289757,0.0014944893934015213,0.001979203169805155,0.0015834801508442103
150730,0.0022638897242412,0.002074297535237371,0.002101952071241142,0.0020096946666808974,0.0017838416448889977,0.0017734029976846366,0.002242444506586963,0.0021632133463794917
150732,0.0010966678372082428,0.0015292652674375878,0.0012859466930038033,0.0012264889395846718,0.0010171026192653532,0.0011339253437816499,0.0012424157387291995,0.0012651798024543442
150734,0.0022523480863694822,0.0025318560333029844,0.001977802322861835,0.002016429197782346,0.001865399801676007,0.0020630087477818138,0.0019784093950678955,0.0025130156266422454
150736,0.002144501560710721,0.002071202619470927,0.0023327408302287744,0.0020478189411730213,0.0018733246208935683,0.0018577136738901073,0.001981297576563859,0.002131837802848091
150738,0.0017937173269183676,0.0016074128817040872,0.0017829738647601318,0.0017654684991480624,0.0014552585988438782,0.0015684721540232816,0.0017381669413196882,0.001469893218397758
150740,0.0018856119917177866,0.0019425492341995781,0.001851460782775885,0.0017404921223623249,0.001758625195608099,0.0018428271753090503,0.0016518279405942082,0.001629706714250126
150742,0.0029353916636094685,0.0028684309715257955,0.002575363466099781,0.0026087112161728016,0.002549230630268809,0.002673184268125031,0.0027515618688889326,0.0029454111382594267
150744,0.0019640955122706694,0.001514580545920588,0.0017324248256081476,0.0014922367023784688,0.001496472844154939,0.0014288024765070212,0.0015242015316555696,0.001745735766007242
150746,0.0021440954829528153,0.0019908220466225424,0.0019875100486930336,0.0020649536984829187,0.0020245110225853985,0.0019497908293670957,0.0024287738535359177,0.001971856820066842
150748,0.0025656791772812326,0.0023585154715872886,0.0023360569602740022,0.0021647040250441507,0.002301728947752546,0.0023841861548135196,0.0021525613635928753,0.002217794181886071
150750,0.0021270756252609463,0.0022478087832192295,0.0018922450296017385,0.0018369678983699705,0.0016587077014401097,0.0018264135697174666,0.0019449888747955502,0.0017802667920314846
150752,0.0018519275884460035,0.0020599669049348734,0.0016418647614285242,0.0017844285701764662,0.00197828943127544,0.001634388058292302,0.001669115027676027,0.0016513592214786876
150754,0.0023894605002888897,0.0025029774674579924,0.0025051011062854484,0.0022579486414388145,0.002409078542900525,0.002525931289199035,0.002337413320896653,0.0026303302964431202
150756,0.0021898824914062254,0.0023219290526932945,0.0021187547132922036,0.002346321544086219,0.0021446778732201605,0.001752640369071537,0.0019429446233235753,0.0020472056932634985
150758,0.0019115461768504233,0.0020483081893820643,0.002373004869617168,0.0021669557459382816,0.0019778301560126194,0.002236932643788339,0.0018421175192640526,0.001953815478078491
150760,0.0019552582116943995,0.0019779527567460736,0.0017312097133365262,0.0018690474935406792,0.0015399207743212046,0.0017984590592237115,0.0016611482685818246,0.0016420193363342883
150762,0.0016473263861871978,0.00181335756864133,0.0021862966110595267,0.0015193979766989774,0.0017025351867223787,0.0017735507804506195,0.0015810374996316906,0.0014974953360909066
150764,0.002433948392255303,0.0027458619392939504,0.002266938397034457,0.002291481875391091,0.00223196361603778,0.0023938788311290843,0.0022647207513827455,0.002307592022790017
150766,0.0030896773897754054,0.0025693528811333716,0.00236015920832168,0.0026264746311950443,0.0026054840731595252,0.002498482993967821,0.0024148654347389553,0.0022204272169430578
150768,0.002447706994215315,0.002084001555834339,0.0022730269776394807,0.0021988413559510672,0.0018605966030125348,0.0021558572520381653,0.001960445905141661,0.0016206227040353044
150770,0.0017456548288985602,0.0018973962081517137,0.0016802135898141973,0.0017404812432486733,0.0014842847163123452,0.0014468070095981084,0.0013810412630768099,0.00200626054223009
150772,0.0019856152066927285,0.0018665365463367417,0.0018104496677474047,0.0016862926147603319,0.002040680081451654,0.002123968008451771,0.002031056416680832,0.0016691238550560344
150774,0.00212403702666121,0.0020279459618194468,0.002243199953948727,0.001933778287404611,0.0018488453877108513,0.0017629380469483952,0.001693328320826526,0.002109234515873873
150776,0.0025062893349029475,0.002493213110212944,0.00265874204017115,0.0026124609058482268,0.0025646180641294425,0.0022674967919380506,0.003089027639019415,0.002534998627762644
150778,0.0017049407085384521,0.0017232363551961255,0.0017467164992768375,0.0016608394559309986,0.0015823501680745228,0.0017153557676161668,0.0016199236246308146,0.0016750711956279307
150780,0.0022695092156830438,0.0024555536564827563,0.0020518378338835325,0.0021097803256778236,0.0016413657635950957,0.0018571886650988745,0.0020516458062461163,0.0018089511188584262
150782,0.0032830463926597636,0.0033858371385095953,0.0034997338857964966,0.0025369151414740415,0.0029407140001345144,0.003058739078064754,0.0031415919309263907,0.0029032834769644605
150784,0.003178055010738881,0.0030036867736311784,0.0031663359127232504,0.002750250815007016,0.0024128063865726107,0.0028587278466907784,0.002790424358267707,0.0026734473772771494
150786,0.002148929852987591,0.002522324319025826,0.0024638363069435926,0.0022570059425908173,0.0022091570811181432,0.002408580861637477,0.0020659715578102422,0.0023632423052646345
150788,0.0017388814513347312,0.0013586472669718241,0.0016432561975148752,0.001465883157184003,0.0015543312557167455,0.0013222568001914348,0.0016507867355991662,0.0013376546508168108
150790,0.002053524958385969,0.0020432203048526554,0.0019747405475417784,0.001678421966729307,0.001948768130226819,0.0017632777968895758,0.002143476262530586,0.0017973508211674982
150792,0.0024015310929224043,0.0023035666154594403,0.0023393750853206857,0.0020769984837523126,0.002059737978027734,0.002124695331303883,0.0020430795327763818,0.0019040733302549406
150794,0.0015906378533459553,0.0016871692877917926,0.001764903793795694,0.001635487052809026,0.001641443943968035,0.0015654243583327343,0.0012670461777575387,0.001753253336001459
150796,0.0025850849381614527,0.0027009906167757003,0.0027034093128009,0.0023569464581721378,0.002144437731158591,0.0020709706956517776,0.002455182621817889,0.002261068773738009
150798,0.0017007418385459605,0.0016775439076349152,0.0016745821161814334,0.0014471564593346309,0.0015168683142957051,0.0015392554021337462,0.0015789197116769516,0.001417017642002874
150800,0.0011933596431974586,0.0012495757851818112,0.0011517191926807696,0.001150724189019972,0.0009985052826175789,0.0011928639796622426,0.001125858343540967,0.001030646035116503
150802,0.001170548166883556,0.0010638834477882941,0.001168440001857507,0.0010396335326868233,0.0010094203792567757,0.0009671469329976291,0.0009414614407145284,0.0008836239213861341
150804,0.0020858216242386624,0.0020681208567347037,0.0020834043383270023,0.0021317745060420723,0.001908977210107743,0.002215482176622041,0.0020916746934843133,0.0020160461380813732
150806,0.002318512830689637,0.002392138485043438,0.0018483485402992633,0.0019476690854114964,0.0019975991666820875,0.0017298270691204487,0.0017018951895268059,0.0016863323890561333
150808,0.0021925760103837094,0.0019674662742131255,0.0021210465798450345,0.0021016388474966036,0.0018459021168343442,0.0017429093714014243,0.0019313496191935564,0.0016924304321552924
150810,0.0025213687318024203,0.0023659678949174007,0.0025578689895420365,0.001802382651272097,0.0018335114918178186,0.0021926670672001713,0.001975224960883759,0.002034356766598147
150812,0.0021049440722800683,0.0014709588829893289,0.0017376522744455003,0.0021306848475346474,0.00203897368329381,0.0016957868533800657,0.001903010364973312,0.0018296758843849986
150814,0.002345739813368067,0.0021776408071332853,0.002282088668581053,0.0020747828092988613,0.002178629381579658,0.002018291821226939,0.001836959595776802,0.002118117217714946
150816,0.0018487364663811179,0.0016989859805107699,0.0018951653226234044,0.0015634487398621388,0.0015921447607090133,0.0016996288092979844,0.001436249958141747,0.0018766450080814345
150818,0.0018965771559047995,0.0017800687482850824,0.0017978413986741298,0.0016006821763315943,0.0014715201548759632,0.0015157991978648339,0.0014714647087939042,0.001502008613173969
150820,0.0025695605988125397,0.0025691315766263184,0.0027725404194130082,0.002492362738103715,0.0022633583580749517,0.002092808866645035,0.0025457089299776303,0.002510782981135065
150822,0.002031087644073795,0.00170493855504944,0.001697315440255323,0.0017126314750592897,0.0015828217356639862,0.0016203134830041765,0.0015958335974625287,0.0015424651891751129
150824,0.0020769716591127058,0.002016019040912989,0.002141769816000283,0.0018613168809472058,0.001995127739238947,0.0018223191757838486,0.0018289999916873967,0.002048360792944237
150826,0.0020998712959596905,0.0018538784851052648,0.0016417524576622378,0.0019114839593804,0.0016885127376353726,0.001581271251051286,0.001630745463227834,0.001568520251185937
150828,0.0012672490698675265,0.0015354655845110088,0.001302694991406686,0.0014084800225975247,0.0013245180879201263,0.0013835423546496722,0.001306038914031582,0.0012272611492678553
150830,0.0030953047928933414,0.0026109549962339273,0.002557768003866992,0.0029674077347879996,0.002915845658079688,0.002366559739780394,0.0028167524410594447,0.0020832251217515196
150832,0.0030240948266519047,0.0026293441474090073,0.0029538261116851677,0.002571125927057785,0.002828510399033368,0.0035512674274602724,0.002618196471461387,0.002413411015055336
150834,0.002128867306443516,0.0022487188213876075,0.002145559889593099,0.00215402865796932,0.001970806519276405,0.0018330001219039188,0.001959909542671723,0.002080759721331482
150836,0.001981144030903048,0.0015505094172835326,0.001712783795673689,0.0019155406358637578,0.0016645194407929886,0.001537456168144935,0.0018923140634952151,0.0018811667066163246
150838,0.0027840741334808072,0.0029261722994968764,0.002101278515354077,0.0022151367597483956,0.002323759680251891,0.002178876299408064,0.0023422884445835207,0.002829270853419455
150840,0.0032663825372232363,0.0033643978132786995,0.003180542860751881,0.0030766341934557323,0.0031102919105997634,0.0031272523469964147,0.003050233470802688,0.00356087094555374
150842,0.001844615833094032,0.0020655821275818997,0.0019729457893653685,0.0018147557387877683,0.001824998183461768,0.0017274808453784374,0.0017818977709416206,0.0016993864673020553
150844,0.002501845923937443,0.001841131135754251,0.0021761568020587513,0.0016609220460794966,0.0016976107415551805,0.0015742183350120897,0.0018887667695990928,0.0016517237750429126
150846,0.002117376622509784,0.0018087321570166154,0.00165716687980412,0.0017755412703202161,0.001746751686253989,0.001786675513141281,0.0016789964765707849,0.001767752657805613
150848,0.0021650264201922287,0.0020198599557517266,0.0021154695005366625,0.0019859296228332823,0.0018870280303723425,0.001774443883332047,0.001972103970863795,0.0019074833216073395
150850,0.0021256567010827926,0.0020649662254996898,0.002558288026027325,0.0020637181119678716,0.002138422700555101,0.0019894848864665665,0.0021270694400605944,0.0020106597278177762
150852,0.002218586876248596,0.0021456982818569004,0.002126262005019544,0.0018287304342435307,0.0019520045803966823,0.0015557397603851442,0.0018579192021245389,0.0016840916861174393
150854,0.002960406280129446,0.0030448794893596226,0.003008985631951566,0.0027226287355566203,0.0030864313888806644,0.0024767686243425957,0.0023238462381715147,0.00274512995495102
150856,0.001954282825933365,0.0017467130740148051,0.0019253560572336653,0.0021441223926086522,0.0019353096399737368,0.0019228294439879168,0.0019847311899661713,0.0017167165648746124
150858,0.0018074956358526961,0.0017568621851751232,0.0017441127129915746,0.00154235370456203,0.0016137192067238737,0.0014313165503168634,0.0016632320615377894,0.001376085943459296
150860,0.0025184376234530653,0.0033393796936521114,0.0024369075335926027,0.0026494117333176886,0.002898658573073698,0.0023205222795858044,0.002264427180006537,0.002369938259645432
150862,0.002023050999444012,0.002064520016278895,0.0019962274420670806,0.0018734145926202622,0.0015778703765654406,0.0018276925368789776,0.0016557668368589185,0.0018704440885746743
150864,0.002271160346186074,0.0029617587930191314,0.0023176805997143918,0.00230121889262426,0.0023492771421565473,0.0027812537840787854,0.0020208756845017106,0.002105418217430835
150866,0.0016102049668514362,0.0018557142208659588,0.0017377932799986784,0.00193476624028599,0.0017155020374675645,0.0019032759159483131,0.0016090837176716694,0.001787379764265476
150868,0.0023196573922090874,0.0026939339875387547,0.0019977643381181714,0.0024404039734937794,0.002102215101572824,0.002094411137227914,0.0022344789602546933,0.002435567093401883
150870,0.0018471481814281848,0.0017791836588433446,0.001764593932903749,0.0017551471914368927,0.0019976078246926182,0.0017781008552503336,0.0016124258991476736,0.0014661099470894001
150872,0.002699232948815633,0.00235175474964934,0.0020012715124111957,0.001957035679674368,0.0023782094313396507,0.0019926884397728634,0.0020148082175886067,0.002112818987161591
150874,0.0020538511212260385,0.0023513797195107294,0.0018810077203225278,0.0017829055966025464,0.0018806516412534086,0.0020267563826932428,0.0017842022856682377,0.0018423093911490995
150876,0.0014910836623086704,0.0015653869207943455,0.0016522715893864254,0.0012364900303651893,0.0013269189046072466,0.0012409410543350874,0.0012747749453685536,0.0013135614671658247
150878,0.0016051315259186932,0.0017286865943594437,0.0017124455544205303,0.0013587722252001028,0.0014585745333031142,0.001365296966716889,0.0013516483680229285,0.0014437819113828493
150880,0.001707035158643802,0.0015086381710634061,0.001618504037046456,0.001511932640590477,0.0015833704548846722,0.0016150744140708412,0.0014590750948981906,0.0013659943865930307
150882,0.0026741219666215482,0.002645268874618134,0.0026426170320448805,0.0023090424879362303,0.0025300673505014443,0.0027928351194896894,0.0022885240205387097,0.0025639087652342685
150884,0.002282720120124218,0.002308465039390653,0.002264930304909152,0.0018496188214136566,0.001920472311214852,0.0020804487603126726,0.001756490266710889,0.0016091802534879407
150886,0.0024994915982299304,0.002518687768908956,0.0022044761257927897,0.0022389571971777184,0.0020942314478578222,0.0021322379016830567,0.0020728522300168667,0.0019077543912738998
150888,0.002534197793663262,0.0028038850043765606,0.00257475286699288,0.0027871071311669354,0.002229024740958485,0.0024795496188458888,0.0025591951766870125,0.002585783899653263
150890,0.003978492098859698,0.003313266026534048,0.0033256781942725966,0.003880484747121271,0.0031950477662121557,0.00300685956339565,0.0031905195659052143,0.003665825279978732
150892,0.0019712643167805327,0.0018785384792785603,0.0018871468127983904,0.0019000453840969933,0.001702314155838991,0.001971780725885053,0.0019256999957223547,0.0018081317435623134
150894,0.0025936817107139604,0.0026930550710738826,0.0023735155590755147,0.0023332029024825673,0.0021448107161994856,0.003144739367556673,0.0022632296910585353,0.002068069694166619
150896,0.0024084682414172165,0.0023546089205810916,0.002059863429749953,0.0023241831469986846,0.002470763550001545,0.0020985604553502984,0.0021968133747480995,0.00197262512269486
150898,0.001995423271242483,0.0019755438518485186,0.0020853752087074545,0.0018084286110029574,0.001799415299508278,0.0016606193267796332,0.0015550339592863005,0.0017578279205052727
150900,0.0018054135464160709,0.001744884152599449,0.0015994432695301541,0.0016054094421474319,0.0016953493642555273,0.0017286788499595307,0.0015924640669796042,0.0016898677481506225
150902,0.0023053631614307207,0.002632745059502631,0.002348809869978874,0.0024787323682873424,0.0020859046519081798,0.002350215437903813,0.002028824112487948,0.0019927838943845644
150904,0.0023383795086329706,0.002499435724869825,0.0023234687712574975,0.0018956262517470096,0.0018902950994254125,0.0017350204967487987,0.002364212004734592,0.0018755642368226827
150906,0.0033227614070627798,0.004915955463570543,0.0033175152730677837,0.002773497345356868,0.0032065067738158565,0.0034940137660694065,0.0036131600325634144,0.0029297442568145815
150908,0.00212227930039445,0.002294016609809768,0.0028520850612824417,0.002214035112476767,0.001985988723894272,0.002125120862592547,0.002533134211554433,0.0020865760797917354
150910,0.0018567070709176736,0.0020301905397713954,0.0018703400105686413,0.0017026221889052118,0.001722763796109375,0.0017107758044920818,0.00176082332383877,0.0015211101917911862
150912,0.0015678351574961585,0.0016374449487557285,0.00177141558856736,0.0014718994455198975,0.0016746296793768156,0.001328159771010251,0.0014247861861429456,0.0013917548352563452
150914,0.001957708784283918,0.002032959039481877,0.0021203387510750904,0.00151146422351639,0.0014912476562937288,0.0015588275374672222,0.0017408486652731453,0.0017812137819876034
150916,0.0028502108735373732,0.002399397812473447,0.0026103957689534024,0.0022099384234990915,0.0022497117361022223,0.00247702114157268,0.001980758700611318,0.002552254501832066
150918,0.0017268953122654557,0.001708381873836165,0.0016128767922690829,0.0012950757640309285,0.001328664861866058,0.001205458214359481,0.0013952550727280855,0.0010532119938734402
150920,0.0016415278616524476,0.0016245341495244592,0.0015977286061180096,0.0016902126353085661,0.0013032417485048797,0.0014047831026498536,0.001508163320381506,0.0013084434141963919
150922,0.0023615895295370226,0.0021530339271597226,0.0023750218139966806,0.0022320671030948702,0.0019807126093941557,0.00236994805280534,0.002053957484273783,0.002327187312020307
150924,0.002596967603275324,0.00240951519907108,0.0026464431284269896,0.002378120050137378,0.002009830275681926,0.0020048004440555017,0.002174236585306147,0.0022714245259694565
150926,0.0014921555404834308,0.001424676507715772,0.001406513874689319,0.0011425834434328763,0.0011142889333907308,0.0012201227328112602,0.0011486622413077324,0.0011898515539194993
150928,0.0021439167795228725,0.002017208811547558,0.0019489424536650035,0.0019379257771163921,0.0020914562777707563,0.0020429077839403953,0.0019848317647469665,0.001963696986273647
150930,0.00161241423121751,0.0015559775121261193,0.0017401517776288872,0.0016129103050904897,0.0013086905623852646,0.001538857592292553,0.0014085943887699598,0.0014359927385392823
150932,0.0017173540936426535,0.0018635637831892482,0.001636127098043838,0.001475800368154978,0.001340522312137049,0.0015449127201950935,0.0016857725325274964,0.001729038828002738
150934,0.0021143823047423127,0.002008006951382049,0.0022153587352156112,0.0023547607674361815,0.0018520391688432586,0.00209815397309715,0.0020467984853645427,0.0020252425728362194
150936,0.0017855532816725278,0.0016245290444377863,0.0017138567069620164,0.0016143448005758732,0.0015283234421394898,0.0016286956583223683,0.0015769947670346007,0.0016744232721994795
150938,0.0027790471583206827,0.003314390170993997,0.002900229623649331,0.002946534139793011,0.0022986430310206196,0.0026528754820001055,0.0031285215922244453,0.002601534181481624
150940,0.0018029960295189995,0.0018263810918189294,0.0016392242251319633,0.00159417382153694,0.0016602513641439387,0.0016653110797553716,0.0017638919951759036,0.0014421112516354584
150942,0.0018773483704011135,0.0016713402656658993,0.001960635595780205,0.0016164574493521405,0.0016168675620795714,0.0015634779053442932,0.0016778197832723607,0.0018792870914042942
150944,0.001808395026057244,0.001870815957488725,0.0017770733451452636,0.0017143527219904003,0.0018089580903648539,0.0018108484978240913,0.0017964579713630885,0.0017546671557486931
150946,0.0015214812891284485,0.0014622794121186278,0.0016745229680217855,0.0014386190983286529,0.0012380860667807192,0.001400942120846571,0.001390650746737665,0.0013379783971325665
150948,0.001967298394502104,0.0020129706021161514,0.0021002386778302823,0.0017811949151878143,0.001895367397950612,0.0018894970132691397,0.00165512690169968,0.0015722622847508388
150950,0.0023911182623149174,0.0025447575674217987,0.0023043305000563508,0.002326348853846208,0.002156211854576817,0.00198027924554417,0.0025113079127426913,0.001978524391399228
150952,0.0022588695823702043,0.002372527622463219,0.0026302492884677925,0.0022260712801581845,0.002094869431164048,0.002080702285251604,0.002027570867897968,0.0019956416062383436
150954,0.0012285414803712147,0.0011435207524401886,0.0011744221564147367,0.001042539480907101,0.0011323753771899092,0.001142686702393425,0.000934603505390999,0.0011837889090872272
150956,0.00265028196521655,0.0024058410619432063,0.002266548554702444,0.0024429814557445084,0.002198585623690033,0.002413031466412585,0.0022108358593462274,0.0022297888310989777
150958,0.001991174442987964,0.0026371482197993235,0.0023925692300998946,0.0022150739914517104,0.002324780160560938,0.0023536158905740484,0.0020635566667483035,0.0018975354386541327
150960,0.0025387280161560805,0.002902480626234119,0.002561764487492027,0.002708746275202914,0.0022518484823219748,0.0020663468000897134,0.002354548183209959,0.002239936670797929
150962,0.0019523597793957986,0.0019070720353924764,0.0019805693652935746,0.0020027313254740303,0.001727354812682838,0.0017979639745297066,0.001469599014446002,0.0015215856229989222
150964,0.0020916736712313228,0.002048488595438061,0.0018408568497863126,0.0017115722016660673,0.0018649766683780933,0.0016357088245513296,0.001989617485564976,0.0016832781714254536
150966,0.002401919229913854,0.002258467333630998,0.002296756625100649,0.002131763841998771,0.0023059491663812853,0.0023410186286154794,0.002130130150525003,0.0024600522342467374
150968,0.001966540381231008,0.0021196900403925995,0.0020302721170387117,0.0022243312063017218,0.002030466834836153,0.0021862537613737687,0.0016993311825752588,0.001866157378405467
150970,0.002308429242106072,0.0025679021129019347,0.0021269069099632554,0.002157010768495518,0.0017627813225123412,0.0019506291887489008,0.0021703424639727548,0.0018886217091696467
150972,0.0017106852044817544,0.0017819021740544394,0.0014688539247376675,0.001452652583083372,0.001628960270847593,0.0014222107021293895,0.0013827446072550154,0.0013765478198717873
150974,0.002294132588245304,0.002135236913185082,0.001786032800410453,0.002498686709665035,0.002054727769980627,0.002165956300639371,0.002675130734667311,0.0022065016903730084
150976,0.00275779862990988,0.002484764939672479,0.0029650237726821516,0.002339048607944219,0.002494519826242103,0.0020405565615116417,0.002145086421641032,0.002540491592108174
150978,0.0024685482765974265,0.002560794670982816,0.0017852721492808143,0.002681657253631245,0.002127639547140847,0.0019651998418913075,0.001865900222757455,0.002300706035037514
150980,0.00145161684869978,0.0013908244039113754,0.001634818212808975,0.0013253148637548812,0.0012902272436124407,0.0017167937412371354,0.0013307932715713733,0.0014743329835917862
150982,0.0020590191558467336,0.0018387744777105391,0.0017943061900952545,0.0017768509821758927,0.001670051468812217,0.0018007028014608434,0.0016063783070730114,0.0016921493735841953
150984,0.0022403439663920555,0.0019152840126213655,0.0021751118015767568,0.0019220124327121862,0.0020855307001582113,0.0017197817990726727,0.001978475343563879,0.00193133095563848
150986,0.0022747888346264095,0.0022614634592139776,0.0023353785675266914,0.002078158220788509,0.0017854282962304069,0.0023661037988565448,0.002017985563739444,0.002168346405593949
150988,0.0013358317207270431,0.0013793890537368153,0.0016067853473611948,0.0014850641435199124,0.001406521139696304,0.001339579445792674,0.0013278575770803297,0.0012213490817716832
150990,0.002299923099316606,0.002495701820938445,0.0027716781897113713,0.0025123594343573613,0.002306049345620634,0.002521922456450776,0.0022382144491184253,0.002373906144736551
150992,0.0023440812664815014,0.0019161315542250007,0.0019295566927191171,0.002178120983584511,0.0021594464829593485,0.0022108379612833517,0.002322334041132079,0.0018850245046709985
150994,0.001509386335472096,0.0016156694240463398,0.001581223551322966,0.0013342435277353126,0.001356469523120088,0.0012155570100991359,0.00120425357474431,0.0011607070284833654
150996,0.0020814476564545714,0.0017162297763642087,0.0017732881643726106,0.0020933416387963893,0.001901943472395598,0.0017987285883458576,0.0017444982558793148,0.001767530252289387
150998,0.002612105997529604,0.0029521183535236167,0.0024446620982557926,0.0024335675995958983,0.0020391779019868356,0.002247099180197068,0.002524480105934812,0.00207591443092571
151000,0.002205418287753391,0.0020282496187109533,0.002488724814103449,0.00204293809203393,0.002469002876448967,0.001995528776143951,0.002351288676242805,0.0019140350540221146
151002,0.0016196324610174978,0.0016189788625493723,0.0018910421622529011,0.0017196887981161396,0.0016547874316076433,0.001700556871654657,0.0016440454833461932,0.0013675523159156905
151004,0.0028869380998275407,0.0032302929636360833,0.0026314691254625405,0.0027902649634984483,0.0025555261079506786,0.0025332962096493716,0.0025996211395101915,0.0021519931115108193
151006,0.001686381954604299,0.002270534755880682,0.0029295676235330803,0.00216840261024788,0.002519590863712687,0.001823670842378014,0.002097833524921114,0.002009143593435528
151008,0.0023806629832086174,0.0021228134074322697,0.002370881760294666,0.0020280640665498867,0.0018238662058415317,0.0021532856134877237,0.0018614367800962178,0.0018737599880234157
151010,0.002408403522546912,0.00229016957288887,0.002256722428045102,0.0019457995802139166,0.001929792013900311,0.0019332452581082848,0.001835964378545052,0.001825068525960885
151012,0.0017802504451464168,0.0019877648220823496,0.0016496081693132686,0.0016745397367238374,0.0012941637625660807,0.0014105670266462284,0.0013891844013176474,0.00163390465386061
151014,0.003041876952909528,0.0024422818188460926,0.0028520954066302423,0.0022889923866226264,0.002444264997548809,0.0025753271684016005,0.0026209748765906316,0.0027207839814802903
151016,0.0016758363639841761,0.0014967259122597998,0.0017182082280307043,0.0013619794364336801,0.0014712223588009415,0.0013246037745713451,0.0014501933170319031,0.001568458285653232
151018,0.0021954307206868556,0.0021295679615997987,0.0018714070279828854,0.0018890426588225595,0.0019312612136781482,0.001770292517916383,0.0018494672618036972,0.001927931437502084
151020,0.0021340747784433095,0.0019378555882016008,0.0018384744908530593,0.0017234194583327783,0.0016657686988475057,0.0016797454406374812,0.0019169476409591907,0.0014439492287330324
151022,0.002393142159240691,0.0023976302882369183,0.0028242246013877037,0.00290324614194426,0.002622430638006046,0.0024365574022491288,0.0026617455936683992,0.0023991003820457296
151024,0.001994751366991787,0.0020209718118533587,0.002101316084087479,0.001924802943032225,0.0020838287756842627,0.001870792432623461,0.0017695286446579722,0.001871309369222432
151026,0.0017246064623069324,0.001793905714752242,0.001657733493711358,0.0015882594628147256,0.0015536163767218003,0.001787185419926951,0.001614111311178057,0.0015904672938029663
151028,0.0016208401661721439,0.0015295091463790045,0.0015247545414434072,0.0013368658875968636,0.0014025404957698218,0.001463336043387109,0.0013491015753369084,0.0012116797627531734
151030,0.0033762407365446473,0.003135805349032697,0.0027293394068570592,0.002718051816368805,0.002642597115694534,0.0022876519322709843,0.0021987613506807002,0.002169529285536209
151032,0.0021114113316515054,0.0019036741146095104,0.0017816449155896308,0.0018934518456262261,0.0017117133780853444,0.0020981648940199826,0.002013849516997235,0.0019032989940805933
151034,0.0022707903782839267,0.0025482823709177538,0.0028353534073782966,0.0018955445065334114,0.002143939548271759,0.0017913811305338007,0.0023912432279036416,0.002276772495060142
151036,0.0018289193772728224,0.0017739781614395517,0.0015437295485123403,0.0015828546383501868,0.0015792465716107373,0.0013762910280271795,0.001623208597952966,0.0015737607603219517
151038,0.0019395713168668532,0.0016890344671696145,0.0016227625657079386,0.001629439033576388,0.001519895506157401,0.0014314152085859178,0.001697481505704923,0.001484248548967726
151040,0.0021326617790584784,0.0021768909198439795,0.0023980597031592193,0.002042026590245008,0.0019250284941933066,0.0016290348473505661,0.0022336770933034794,0.0015673670077200885
151042,0.0028527627211973883,0.0025036808976378055,0.002323646187663009,0.0029515969743422327,0.0021731955193061148,0.0020284509507286774,0.0024820188821262357,0.002298487646482675
151044,0.001866509829508145,0.0015340919698370592,0.0017315448420716084,0.0016324654056494442,0.0012956281609258213,0.0014044901836102325,0.001423147917618009,0.0015594247470664957
151046,0.0015178452097197592,0.0014875947436538,0.0015460248636927632,0.0013464420842608377,0.0012119904823909705,0.001254922435370634,0.0012434890253477798,0.001091177263307666
151048,0.0032011235228976975,0.0029190321034822247,0.0026771203144077133,0.002626083264010204,0.0030521430716357045,0.0024711283526395733,0.002770142356596353,0.002725241068133377
151050,0.002793653771018381,0.002047352001355307,0.002286521708029454,0.002326169537568923,0.0020550185642065344,0.0017906451940130769,0.0019783540522034238,0.002102566631433503
151052,0.002393166579500297,0.002322135850887863,0.002306837617476687,0.0020160126848134396,0.00203252705084124,0.0021775455430805835,0.0020330483990045473,0.0020038934889843873
151054,0.002998808326812666,0.0025871078286998778,0.0026655555036209228,0.0023750207247026506,0.002543733857897648,0.0019663226528994354,0.0022720363884089073,0.0019463313790197972
151056,0.0015199082867376618,0.0019655631760540637,0.001588797541531975,0.0015822636277879193,0.0017365883949891359,0.0014429831117771658,0.0016650410987777975,0.0016593246554687108
151058,0.001256445543774909,0.0012401692749448717,0.0013101912014546052,0.0011461949860387538,0.001064740013000609,0.0012499624468012005,0.0010668610317745575,0.0011014735324633151
151060,0.0025984645370007997,0.0029338603511330913,0.002381583164039691,0.0025104563266451496,0.0025633112193335084,0.0025310924298205806,0.002588015904914434,0.002381063245473991
151062,0.0022946218710837574,0.002451519191426721,0.002076546902150478,0.0019350094169623966,0.0020117242694511206,0.002161005133297436,0.0018861338837874442,0.0019290206460270826
151064,0.0022517646900424015,0.0026332783830023687,0.002576148466398878,0.0022203271597407426,0.0017995824938521615,0.0020354894121232953,0.0023932536915905467,0.0023575064242576382
151066,0.0019649451976928717,0.002380385982159186,0.0020584518955968495,0.0019668380839339555,0.0018226035281190267,0.001708282406887529,0.0015004009787725203,0.0016663084965134467
151068,0.0029850470777468274,0.0025757287259248335,0.002428998208093225,0.002391721260522464,0.0022803567187923424,0.0024116815107301376,0.002595840440990496,0.0020319735275238365
151070,0.0022596054786472863,0.0023775358436515237,0.002063838607693713,0.002040233811795425,0.001586077199838845,0.00201037710025892,0.0019167623590216204,0.002099547302744975
151072,0.0020164305360459572,0.0019327421091830943,0.002522556695513503,0.0018072669432034894,0.0018947608799719934,0.001991040462204788,0.0023785360866851596,0.0019234822630692094
151074,0.001615488843257143,0.001673635566176182,0.001498744593262949,0.0016201620324490934,0.001619529315613502,0.0015095108063443163,0.0015562755356353236,0.001454533066331934
151076,0.0024853443452693136,0.0021394409309794526,0.0022257556194036493,0.0018585788960943234,0.0017847266330023454,0.0018493515936369165,0.0019300663006443508,0.0021459781860862087
151078,0.0018767434515065823,0.0018793019488917567,0.0018512354162114608,0.002011687510336202,0.0019784826344198536,0.0018740592919508359,0.0016985351822216277,0.0018163287685732943
151080,0.0028291559267113048,0.002459189432368669,0.0028817178682599143,0.0022724061026285214,0.0022138012843578303,0.00259301772504196,0.002177126614589034,0.0027423851999225507
151082,0.001686759839362298,0.0014555834846003007,0.0017449102955335999,0.001349125931249598,0.0014228002547476137,0.0014369200795907866,0.001481954259068774,0.0014241087784334777
151084,0.0021840884832039636,0.0020151399871382175,0.001992391780104144,0.0016882099632653663,0.0016951199044490384,0.0016425890922187186,0.0019069496993165402,0.0016142226655537772
151086,0.0020798489940467846,0.0015933567483585875,0.0017034818776467398,0.0014265810121385503,0.0014965255889311108,0.0014444518052832006,0.001689617527899978,0.0016007742864623253
151088,0.0015463796504581323,0.0013336576540173978,0.0017367628911149624,0.001262408231953241,0.0012396314544234205,0.0011830704791174207,0.0013957541135124624,0.0013296071400165227
151090,0.0019102857377423371,0.001802620524620227,0.0016790129623635158,0.001537221296304958,0.001464828743273694,0.0016924629224372018,0.001716543387431102,0.0015927798370631852
151092,0.0023520846419189945,0.002256272947101526,0.001977953088104556,0.002032563663961151,0.0019399834672449018,0.0019381497997719155,0.0020067868550591172,0.002300475178431738
151094,0.001999312152983157,0.001976404952900093,0.002231107651842257,0.002049750310995968,0.0017663113427286575,0.0018722525434990006,0.0018162077909378432,0.0018429423194133016
151096,0.002090797692258173,0.0024729175715967333,0.002119501037603,0.002087952963885212,0.0019378601799609069,0.0018179806273311977,0.0019659186154191155,0.0017321054258945257
151098,0.002165461518366732,0.002080247922432721,0.0020347855887726946,0.001960578522675116,0.001542737919174364,0.0019334198687099985,0.0020393182031269164,0.0019645657390943705
151100,0.001809731377172774,0.0021912347986017267,0.002280848444558059,0.001861263200810273,0.0020536681156979736,0.0018145767327827494,0.0018404684727926224,0.0015443484538538166
151102,0.004004436827196367,0.0042538134027714225,0.0032014240897321328,0.0037837794126516777,0.0029283119869918384,0.0028220180103852854,0.0028156267777052074,0.002640610836872073
151104,0.0013446038853044545,0.001311541054760737,0.001695149352967329,0.0011556247362511929,0.0011675765445706837,0.0011993228610231027,0.0013630478799404738,0.001383047718622743
151106,0.0021482039187725732,0.002441976955797287,0.0025070118827952848,0.0021534501855786786,0.0018867380486554813,0.0020755984011577855,0.0020344663203165775,0.0021909571893810043
151108,0.0030173390331990207,0.002975812592601393,0.0032865218708488797,0.002619079864344523,0.002402661999028069,0.002789798218829645,0.002945908516204923,0.0031673904034230788
151110,0.002002660306038573,0.002073406543410275,0.0019539037396363312,0.0016865239241559693,0.0015727033906651755,0.0016829291021298737,0.0016930211296575237,0.001681711922189244
151112,0.0010777741617067904,0.0013338508447874459,0.0012693486963922945,0.0010177920550309555,0.0009949604756554487,0.0010314398237300099,0.0010233707689186883,0.0011024910495258666
151114,0.001959878537491022,0.002091424930429478,0.00255275702344826,0.0018813431504905026,0.002128586801664112,0.0019187506927840353,0.0019351152789687381,0.001916572845740705
151116,0.001495956686147229,0.0014198200241555825,0.0014196347407469667,0.0011958351252432942,0.0013335599755595617,0.0013251513126191217,0.0013050697660696997,0.0012914310243018617
151118,0.0019943943287049765,0.002491150669248335,0.0019079991189666773,0.0019600345554093984,0.0019102974608418283,0.001995381669130103,0.0019803830230819136,0.0019420274740975518
151120,0.0025814840381999243,0.0031967738401377788,0.0030057234893182128,0.002326063172862547,0.002064000402431043,0.002791152515725648,0.00274086608672465,0.0030134727399384748
151122,0.0017556962854282099,0.001540696833662883,0.0013595792366738607,0.0013298361730167962,0.001348778675028195,0.0015147261087389424,0.0012820299034238675,0.001270320424501939
151124,0.002270660435097549,0.002132014970099863,0.002623958553854777,0.0020071416628931887,0.00222847251055569,0.0020744390393636625,0.001975343176027225,0.0022248094742895047
151126,0.0018114154320523213,0.0023236415187234544,0.002135122269125711,0.0016418961588673953,0.001655901144969621,0.0018314390188900465,0.002104285417065102,0.002101946264263646
151128,0.0021807380232025247,0.0016887169496322546,0.0019922650745774484,0.0016353710504821845,0.0017958826476893869,0.0019993841124735234,0.0019059711519720524,0.0015918611579662234
151130,0.0030888040312371245,0.0030125914084889183,0.0027707835426191707,0.0026313372685473624,0.0023612227670517655,0.002793223757278099,0.002729293476579478,0.002765218091906052
151132,0.002123598900248394,0.002442693856027925,0.0021515939281792212,0.001967358870029315,0.002078481578530203,0.001971437658612199,0.002236346667050526,0.0018247317854717254
151134,0.0017578754020475262,0.0015348335753630066,0.0015736256880034688,0.0015310687411636131,0.001443665559346885,0.0016298817712540187,0.0014751209539132781,0.0013923608389174863
151136,0.001621654353960944,0.001649760082065424,0.0018317457653816427,0.0015084581762076082,0.0015430528176987313,0.0015658698109522057,0.0014771636748834305,0.0014030408376298903
151138,0.0018312744960127247,0.0016162498664656355,0.0017182400382929203,0.0018609179949533733,0.001545197674325538,0.0018288476861041958,0.0017570448799475585,0.0016396284666067018
151140,0.0016103448888454275,0.0014064652555101365,0.001435844233649286,0.001356214336641473,0.001345560816448113,0.0012131060813014433,0.0012322214427907957,0.0011594935070884937
151142,0.002159402858536774,0.002393649543066312,0.0019039104530192003,0.0018701640834341143,0.0019486572908879035,0.0019165382711785472,0.002145833917508236,0.0016420256764759916
151144,0.0018375286861656154,0.0017267624896390998,0.0018791763080777124,0.001867743831441962,0.0016033577277674432,0.0016178671488289442,0.0015599867580711746,0.0014923567224173345
151146,0.0019494250084417658,0.0019727502093793703,0.0018633347866603978,0.0019246391815568864,0.0017012798974293114,0.0018594366090616404,0.001601208342677296,0.001674833355057359
151148,0.0021239851770558094,0.0018391316824761944,0.001571882681846104,0.0016516444418555043,0.0015668588183954807,0.0016552763401955772,0.0016931854520061407,0.0016258181833068847
151150,0.0027931796551761284,0.0035653178759233045,0.0028127256836585485,0.0033935193780965656,0.0026106314060945213,0.002596810036411115,0.0028647977008684627,0.0025281493047837333
151152,0.0015501441833714602,0.0016342850464937109,0.0018399848968286975,0.0014381977814377361,0.0013349509382371144,0.0014582572803451127,0.0015277156192977787,0.0015658188062155909
151154,0.0012088573604549513,0.000978316268590143,0.0011351567923256894,0.0009656171235895884,0.0009969917940473444,0.000993071158864392,0.0012293822563425177,0.0010279924857039546
151156,0.002392912906461056,0.0021941996172350486,0.0023620287406462964,0.002152551339031486,0.002165274992839819,0.0020932397148865634,0.0019670158572241553,0.0021555282761518413
151158,0.0013314551807036695,0.0012531235651304234,0.0014045828868092386,0.001209677381489152,0.0012165487287854049,0.001265912402829264,0.001339101729853201,0.0011789898509524527
151160,0.0025811002013649414,0.0021938928550097186,0.002242580696476551,0.002296507043260246,0.0023734498596263975,0.0022560192047968997,0.0017333800994570603,0.0019279513931975828
151162,0.002949109722967927,0.00267838914427726,0.0023450791384826974,0.0025055646534877796,0.0019352998069734895,0.0024593076660759383,0.00241036485372903,0.0029232333188012327
151164,0.0022413283287586877,0.0022050145293883716,0.001954737053329103,0.0017672245458527774,0.0017061130236650929,0.002008754213909239,0.002241560431352499,0.001892229148743374
151166,0.001976117456762419,0.0021456492746096956,0.0020978461512763946,0.00193126874443951,0.001668934832468827,0.001622392519529614,0.0015996515582983456,0.001615287311441449
151168,0.0012736661681209682,0.001525280881140359,0.0013838923942375292,0.001164764820643649,0.0013628415840850755,0.0012787286017366117,0.0011996577980677575,0.001095401474518809
151170,0.0012962112550987115,0.0013383171736386507,0.0013644698203561095,0.0013280145072826072,0.0011789315232827585,0.001246981327995833,0.0012963735470489374,0.0012065715799316479
151172,0.002388079289017464,0.002517616231663189,0.002557661368172648,0.0024290793601656896,0.002060011542091511,0.0020911271424041283,0.002147240915631468,0.002172871127268161
151174,0.00257732770412146,0.002113980801674631,0.0018213988406055037,0.001878932144112666,0.002002276556135066,0.0021495750772718147,0.002010775657632427,0.0019280056993836864
151176,0.0018416129439027262,0.0020962282399122345,0.0015782222867582463,0.001378225157200319,0.0014722733533072963,0.0016154666831258574,0.0014608859721967349,0.0015833345821656408
151178,0.0019500622564572745,0.0017678763965092714,0.0019032083075774114,0.0014725386622465586,0.001547440737928396,0.0014255309861823662,0.0016497316357190345,0.0016172130078212638
151180,0.002560487776636214,0.002658949114107634,0.002607511503765425,0.002425692322560735,0.0021654396757428973,0.0023238738939462267,0.0023109822841055477,0.0022709270711673973
151182,0.0024240860774527584,0.00264877017743409,0.002539783760261219,0.0025292538064656256,0.002125372973058051,0.002275394397375022,0.00222617076363113,0.0023289380308560426
151184,0.001412458999855204,0.0017121169034878397,0.001496981019644808,0.001600585299603774,0.0016660077195893713,0.0015572473962839478,0.0015956645452913781,0.0014626395585468632
151186,0.002344522454124212,0.0025093141363328186,0.0023733620197946004,0.0021692658942097515,0.0021723248557901226,0.00213062019221244,0.002208662991026955,0.0021844433105258076
151188,0.0026316048077659193,0.0018901587261774822,0.00208987216824387,0.0018895387920086493,0.001660472683318051,0.001668568993071995,0.001921678622013992,0.0015694312857625903
151190,0.0014438365503313677,0.0014385953605255963,0.001484896757555143,0.0015007103721110249,0.0016540925358215497,0.001613967035145658,0.001496457856737854,0.0013348632842830194
151192,0.003341201166052521,0.003258046095681158,0.0025668511094656538,0.0026187348010520695,0.0029622255140727832,0.002675702248790879,0.0026498270795941026,0.0028074944550642855
151194,0.002841388877044493,0.0024125128835931348,0.0024527451968592434,0.002403126196726113,0.0021141640769291176,0.0027809453459624184,0.0022939445262287195,0.0020935107220588917
151196,0.0021075256811720067,0.0020860050359283733,0.0019819904299983038,0.0016685306461728389,0.0017996178932728896,0.001652957620976503,0.001982528146496479,0.0017793807104920512
151198,0.0021193645217734147,0.0019001074151303726,0.0022536615349375566,0.002086397407488741,0.0019974063643088957,0.001979854880076959,0.0019551669545493505,0.001794457997395471
151200,0.0018962682724548707,0.0015571956501410217,0.0018466141022636245,0.0015684119598403101,0.001446505207415072,0.001447112811238327,0.001512994596675421,0.0015235584675901137
151202,0.003590919142754126,0.0030769325776232176,0.002714551197632878,0.0028919502962940907,0.0027001473293433165,0.0025779238551022626,0.002848147234892476,0.002605298866937958
151204,0.0018154928033181778,0.0018982128403327025,0.0017537946452545056,0.0015693034829755842,0.0013546546540617183,0.0015318991392152675,0.0014240486096979282,0.0015675434037759062
151206,0.0026137455556032863,0.0021200711587567866,0.0023374107994150878,0.0024782234632442363,0.002270922100445008,0.002064315548042442,0.0019167956308226014,0.002049659573232346
151208,0.0024115344253439336,0.0022276277656177457,0.002463613307629453,0.001767551239254317,0.0020533666133035755,0.00211556853729733,0.0020316289570277007,0.001993197003065328
151210,0.0019978768983717338,0.0019043659415901026,0.0019493470456490858,0.0017822638768985044,0.0018039066409905047,0.0018441294728797075,0.0016220438203904397,0.0018358989341838022
151212,0.002360170791060892,0.00241161565104743,0.0023911791052111525,0.002311467629061925,0.0019963163235359738,0.0021797701893767757,0.0018861539455561904,0.0019693243347113226
151214,0.0019443494995497468,0.0020421713663760915,0.0021734021842469003,0.002064255969799214,0.001418745548682987,0.0018134581452819987,0.001846668851431199,0.0016143346224808952
151216,0.0021198721908002316,0.0019728230129791857,0.001966583003210412,0.0018917106267180572,0.002082815367084448,0.0016870073997755086,0.0016976687611496843,0.0018219572470725698
151218,0.002246379095358686,0.0018088519347903148,0.002072958066262634,0.0017031190354770964,0.0019258454922557178,0.001789931473747744,0.0017975207625258727,0.0018996349005822588
151220,0.0031772729800800953,0.002810231701777577,0.002928798645255873,0.0028651478434119776,0.002324812132763976,0.0024519268420370027,0.002576120104478774,0.0026998120643120793
151222,0.001805712406856022,0.0018014654675181513,0.0014556500011165957,0.0013235193379197568,0.00126051168226482,0.0014828475471837521,0.001586518161944897,0.0015622411153783933
151224,0.0032301972626758713,0.0030416497164790363,0.0036780752824672747,0.003384234119609142,0.0029854228122489085,0.002924530172523934,0.002863373423550933,0.002564619573380611
151226,0.002699665344016458,0.002326427194589434,0.0026925122484300484,0.001996987492432434,0.002080953106623276,0.002186026978566194,0.002312242495653441,0.0025771654389195597
151228,0.0023674025125017956,0.0025011036272646475,0.0022696700067756925,0.002238532402116855,0.002017987571909574,0.0016882592502662774,0.0021880719324407494,0.0016797689534238242
151230,0.003348590752908623,0.0028556366067968852,0.002941180676411928,0.0031750592884782908,0.0032625959874189037,0.003218288496238522,0.002507930045578935,0.0026501373641208
151232,0.0025536767472720406,0.0038114448659855166,0.0023670849598739357,0.002596433414023616,0.003542126054299502,0.003299894739666867,0.0023913583594409454,0.002903256981118943
151234,0.0018399516593077397,0.0018256730180566394,0.0017412842131726003,0.0016883602755602412,0.0015911920864160184,0.0017817685105536857,0.001601929614235012,0.0017300188892366425
151236,0.0015494631150672067,0.0015714727031151399,0.0016084788656634125,0.0012684672943488184,0.0013552944926456534,0.0013419813126548524,0.001426009527239272,0.0013309783720867469
151238,0.00151474060741065,0.0015153246715955554,0.0017580634602443745,0.0017495917892074303,0.0015341255293794959,0.0015421746353495719,0.0013804194579428164,0.001353856233380149
151240,0.0035642186713840673,0.003457380063373927,0.0029959827486800705,0.002551545033072422,0.0022845736890887564,0.003155688910308499,0.002689017688608533,0.003051108767522917
151242,0.0014613823730869197,0.001790278543438939,0.001670814576298918,0.0014399416597589282,0.001359448197757518,0.0015458874716604148,0.001538400218368055,0.0014188636986243314
151244,0.002568468853079653,0.002309069339439543,0.0017608921058594046,0.0019452606246726095,0.0019334460773608036,0.001827036118581385,0.002168342589254968,0.0018027423142576993
151246,0.0026671459506972944,0.002594565512627156,0.0023776742592229866,0.0022385972644816676,0.0021963604726948915,0.002277105263133239,0.002336077486430735,0.002287525070997276
151248,0.0020728138989661304,0.002148673931640102,0.001954912631795272,0.0016187486354266728,0.0017943276510286182,0.0017698157438722634,0.0018607090870346316,0.0016793884940042997
151250,0.0020349650622497745,0.0017473387071220842,0.0020915690619960348,0.0018821850891153624,0.002002362571595487,0.0016112018941749628,0.0018246315331996166,0.001530558892703704
151252,0.0024812201521556276,0.0024264677518033434,0.002341856481036589,0.002230075926425157,0.0021114311882820674,0.0023234425544278597,0.002391493168877337,0.002198051149370231
151254,0.001970035925363281,0.0014156324865264441,0.001826595387600119,0.001512839843718139,0.0013248326474418898,0.00157496809722929,0.0013966583476893307,0.001428682223775235
151256,0.002662812385998914,0.0024723566577212197,0.002244880671857852,0.0018761115219101537,0.002031466421244091,0.0018762822421428127,0.0022988630787992848,0.002184535939477039
151258,0.002811158371528677,0.002755300966400878,0.0029464488051911403,0.0022447648861403935,0.0023983231355885343,0.00219860239256299,0.002158799778742504,0.0022122131926083505
151260,0.002294160780369481,0.0020817039617498367,0.002625672073517174,0.0018743357177770786,0.0019790526883772253,0.0023959618819638373,0.0022609554054632414,0.0021012447037811605
151262,0.0016489993780406526,0.0017263597184572627,0.0016310613951709407,0.0015661092200064536,0.0014420662650286437,0.00152214397170726,0.0012318419806334746,0.0015203068354287114
151264,0.001857863965294429,0.0018967747636575855,0.001746553335979631,0.0014622027727551196,0.0014879651789714843,0.0015764107679336892,0.0015487722271387838,0.0017428804440503681
151266,0.002662762020905554,0.0025179609232373057,0.0028610782595785006,0.0025693728971987184,0.0022033659415705703,0.002574715439433453,0.0023076195816757045,0.0024489058682033993
151268,0.003502231267922387,0.0032043807666255614,0.002818830388694238,0.0028426626824302886,0.0022365552561041113,0.0023381514530355224,0.002556596263656022,0.002866754466363655
151270,0.001911880409488989,0.0019997256045598683,0.002073848961734251,0.0018754684056085935,0.0016446787405284408,0.001901228695030524,0.0018432781769300993,0.001730728623148839
151272,0.001975388211298071,0.0018637918288268024,0.0018794137049188558,0.002145971973463792,0.0018841195138125238,0.001935948510750754,0.0016762490601687774,0.001713248507898571
151274,0.0017955583977278256,0.0019112096933895373,0.0017507999290446025,0.0017541453708887073,0.001637739518111761,0.00174302415003115,0.0018709883702620195,0.0016675775934321124
151276,0.002888556826264446,0.0025338726198704947,0.003549843222097962,0.0034162838731310874,0.0029308908895053915,0.00325887585788337,0.002399271174197151,0.0027152620115256654
151278,0.002322779641020914,0.0025056895910836735,0.0024900571222055135,0.0024784189329809525,0.0024393164714722193,0.0022491361015493233,0.0024120840061088306,0.002285594078197173
151280,0.0025051749427913578,0.0021065055001463634,0.002276244951073869,0.002292059692929907,0.002188416975447416,0.0020837202815739975,0.002145465329864829,0.00225068295505082
151282,0.0019151552183628434,0.0017467470153959136,0.0018226000292418526,0.001503864423329171,0.001898134610006999,0.0015889029704996838,0.0013803023660542563,0.0017660307899920596
151284,0.0036356241233609504,0.0039039685928978773,0.0036950842495287045,0.0034472422097989175,0.0033259295531919003,0.0033033046117659226,0.0034817992522487295,0.0028695771180210633
151286,0.002197743768735952,0.0019460947228651243,0.0018439634211504657,0.0020510569550300645,0.0019570907235511165,0.0017955748147437944,0.0017692954720427562,0.001837672090406528
151288,0.0020671038229980315,0.0022292657036855484,0.001983019817872758,0.00204587601267682,0.001922814088716765,0.0019015922400031915,0.0021669342426067773,0.0016520559656047068
151290,0.0018805446948669258,0.001811406870305135,0.0014228432535932228,0.0016187636236734276,0.001557950170492775,0.0016781719849099375,0.0016108627726945657,0.0016585040984086336
151292,0.0024304962513880396,0.0025542498231041627,0.002497292149572561,0.00246496477162067,0.0022729928770398033,0.0020527960814465396,0.0026720680280706427,0.002560854242287039
151294,0.002159465871733046,0.0018896142540032607,0.002419090236705168,0.0019130286201352181,0.0020615047983135876,0.0019366448655595697,0.0019440686150896808,0.0018926893965543479
151296,0.002211764312145592,0.0022678831676665873,0.002107748354917574,0.002222204748910675,0.002014572784800675,0.0017875640389153902,0.001967237258984969,0.001962974327709477
151298,0.0011946615717364772,0.0011970113170681196,0.0012036636297357989,0.0012262321991311081,0.0012294185684616488,0.0013164751067301084,0.0012339788184614897,0.001075163431388193
151300,0.0027750203711081195,0.002324257859300363,0.0021146762620469772,0.0023848031959845667,0.001986685053723694,0.0022587353774448232,0.002294111533480747,0.001993188354618758
151302,0.0015677959210882997,0.0015262508758696058,0.0016858230075822572,0.001408435284038001,0.0015351908707862544,0.0014144248139130178,0.00135138624035748,0.00147525258893616
151304,0.0022574466466172144,0.0018539346250635719,0.002414906075458703,0.002078129011138921,0.0017725330554111546,0.0015207144432594077,0.0019168484748647435,0.0018788820860000804
151306,0.002030046860339599,0.0024322291807599705,0.0021366669518490533,0.0023905554111498667,0.0021148746433831273,0.002049553996132103,0.0022039147027932415,0.0018820819778737757
151308,0.0023850469783521927,0.002087880789585231,0.0021952966682910052,0.00199098161847161,0.0017097734828581818,0.001794080542462384,0.001657019782287661,0.0018389664949227669
151310,0.002054085798917138,0.002393585388118291,0.00259704392051098,0.002569904673293877,0.001878614044226859,0.002364405099011757,0.002239343954365758,0.002366118657923924
151312,0.0014105969681124098,0.0013243581107680452,0.0016630998871919461,0.0014703951468813536,0.0014026007664702522,0.0011970270413386302,0.0012558128492410336,0.0013089026918189917
151314,0.002060075455225921,0.0022627469565111996,0.0017808220019533,0.002135803293108529,0.0017198670779073333,0.002027417216898933,0.0016713890011970656,0.0018151318705928454
151316,0.0024427439361952713,0.0023287449521553066,0.002313291978752796,0.0019040665029255305,0.0019035086539448548,0.0017964500766167735,0.002298968105315602,0.0019574622075566595
151318,0.0014338573788796882,0.0014434753296215797,0.0012576184039438942,0.0012409260940716843,0.0013795910634557679,0.0012309517423893107,0.0012039570330470983,0.0010661476280235949
151320,0.0027121698148616785,0.00253006435240212,0.002367762503736659,0.002110710247035366,0.0020500913545275085,0.0021564360476169497,0.002050591670502089,0.0022572593863969814
151322,0.002247795006882783,0.002112387840691024,0.0019901582298895854,0.00182247152735239,0.0018518281949459064,0.001687447790075805,0.0018622594631013123,0.0017267014982097623
151324,0.0023266518026559546,0.0026911337867311508,0.0025053569283204485,0.0019994387492477395,0.0020316800026649734,0.0021507666479109316,0.0023747966985392943,0.002321291123928995
151326,0.0022433534583377185,0.002928458343096199,0.0026725787425217057,0.0029911468305141714,0.0026600860514021246,0.00303260989008404,0.0026669924253269195,0.0023949875154217204
151328,0.002057674828612799,0.0020106463643652095,0.001554679649927948,0.001896198842032959,0.001861042702500218,0.0014940919395183827,0.0015748672710231976,0.0017881881232740954
151330,0.0027025280772188243,0.002638949094240284,0.0025555814748197264,0.0027141762235397687,0.0026595553991912713,0.0021540130973246724,0.002585997963668041,0.0026455336721564887
151332,0.0017784860517229412,0.0020256251638761658,0.0016003098876305466,0.0016054270552646882,0.0015426507131835465,0.001667023292739822,0.001536253953730915,0.0016736483679658104
151334,0.002508243475664154,0.0024607329753095902,0.0022794221590245606,0.001957474404168727,0.0019486003923923634,0.0020533568224434667,0.0022625123420145915,0.0023653337281427517
151336,0.0026042276903004424,0.002458091841983659,0.0024902616095228702,0.0020216494573067068,0.0019993871108137246,0.001967155966741699,0.0023096912639358202,0.0019662436921886184
151338,0.003218855745912644,0.0028879662168110887,0.0026123725573177353,0.0026441362579134875,0.002698271119522269,0.0026137314619718716,0.002265837418254313,0.002509336902947315
151340,0.0040446562626544336,0.0033388768308509342,0.0036361466096792583,0.0034909725495225197,0.003030027209990474,0.003098324452702139,0.003323780633627052,0.0028199202924940187
151342,0.0017857629648083823,0.001805543028464085,0.0017517272003775425,0.0016775744237356727,0.001621195335705039,0.0015213133162067655,0.0014355588209103015,0.0013902598493851365
151344,0.00224794972816357,0.003870887982632354,0.0021739228845243375,0.0021308640304421728,0.0026043390945758166,0.0023349479616810442,0.0023914771372858384,0.0023205671432871
151346,0.00324483519778708,0.003430109044508592,0.003195719944564468,0.0037935576656877856,0.0029121048737548727,0.002975593933679091,0.003824497253968398,0.002601574843633672
151348,0.0027399042773784826,0.002437991555520949,0.002585118274016418,0.0020769675844990593,0.0022541259663244745,0.00254077400135172,0.002396249999847555,0.00240016136245913
151350,0.0014986459487593834,0.001339626076740652,0.0013952350350285858,0.001325967812698059,0.0013706134642434004,0.001230045363561652,0.0012613866118286327,0.0014306508368386872
151352,0.0016084854395305298,0.001794874001239899,0.0020559184341530923,0.0017303371667500844,0.0015489285138520353,0.0018594189388210225,0.0017326031440809825,0.0018189836695561845
151354,0.0015564031007697793,0.001438804203391389,0.0013343967523480466,0.001441592392148472,0.0015551661746124879,0.001541275935184619,0.0013679273320799101,0.0012666388512756616
151356,0.0016826161320711158,0.0015393629745358434,0.001607966145417486,0.0014450436835773545,0.001596471492881557,0.0015628534110446873,0.0014040102421800094,0.0017372597252443556
151358,0.001634544991862677,0.001830045590918164,0.001779389510501217,0.0019292592070618841,0.0018307787401733583,0.0019092715002102523,0.0020498214858889613,0.0018995842427163567
151360,0.002524152935949653,0.0023190484790234223,0.0025911108515597747,0.0023148861865390225,0.0020130755670273587,0.002594981851044023,0.002508190116540243,0.002462359448032761
151362,0.0017635049407972586,0.0016446198207129559,0.001934985164155023,0.0016456754006633073,0.001472979562500365,0.0014695113302265472,0.0015381024504181884,0.0014397680724992507
151364,0.0012651246804695898,0.0014425421966336588,0.0016194045860241785,0.0012575246078366936,0.0011008858423417062,0.001119666494761043,0.0011300371368551249,0.0011051973952683897
151366,0.0020097494441502356,0.001867767337131676,0.001609938892652929,0.0020955041010030234,0.0016547656097213453,0.0016814995796465976,0.0016084663155907647,0.0019363314248294211
151368,0.0013114951850305007,0.001225912354825845,0.001568100384887805,0.0012665174085272485,0.0011131605841736697,0.0011753754975512565,0.0012448448232407205,0.00115925656131588
151370,0.002851375653924182,0.003503112727996305,0.0028733424147442954,0.0027616194847968623,0.0023568990739136902,0.002345675582015719,0.0021726898394818783,0.0030228047540390435
151372,0.0022772247242702215,0.002791894940518347,0.0018745824861721716,0.002005520750563372,0.0022217099041613175,0.002156965438540548,0.002183479180664985,0.002190871747871373
151374,0.0022655852664924675,0.0021147403323765884,0.0020178784627802315,0.0022488781676678476,0.002028214386635155,0.0019427410126036243,0.0017777954925901757,0.0016505784734516388
151376,0.0016967055801162534,0.00158403135642754,0.001659656395336384,0.001868292550768605,0.0016298577078782822,0.0015522722387940058,0.0013786876690966565,0.001813365183178997
151378,0.0018840234642800713,0.0018992007586060705,0.0017041071023060766,0.0017425961600614631,0.0016286015456403735,0.0015690915720401183,0.001549082169264096,0.0016954607253466675
151380,0.0009890593640804607,0.0010080803061168903,0.0008983921354300956,0.0009297844588565009,0.0008045084076455794,0.0009395956675626455,0.0008808498077661799,0.0008106002024300812
151382,0.0018608112897512546,0.0015058939825945417,0.0019340944704087648,0.001583726239386532,0.0016758912652027474,0.0016086608472187791,0.0017400274590845394,0.0017071499812724156
151384,0.0016604307863754691,0.0013862035440116577,0.001455142353694719,0.0014519038532206374,0.0013163166973138019,0.0012731979617037897,0.0012717901390360553,0.0013586192551464649
151386,0.0029658206195437575,0.0029839794369466294,0.00304906043271104,0.0032262662799988906,0.0026294071851121897,0.0029130136059998812,0.0023127853020101785,0.0022949305993514996
151388,0.001696314308354388,0.0017965688154328863,0.0017922329750246768,0.0015560959539497876,0.0016247401614793433,0.0019001389181894646,0.001454173919384641,0.0015345373202555468
151390,0.0024151579823234043,0.002408222899339521,0.0027616633370369237,0.0022378299042147415,0.0016800315749477962,0.002326774353388475,0.0018192623591446605,0.0024654101627664127
151392,0.0021740187640892916,0.001612526125414751,0.0022883689783981254,0.001927969386126327,0.001732232872152531,0.0018576850935204114,0.0016457098570180767,0.0016421582184312222
151394,0.0035475423667996747,0.0028312467688312304,0.0028787885109347044,0.0026854736602806156,0.0029558017023901956,0.002595995321138536,0.003243034672554046,0.0027489346046351143
151396,0.0019248830285256702,0.0020451902753509388,0.002078999614729904,0.0019235257229273245,0.001660373710231769,0.001986451601940553,0.0020673385790659915,0.001901953870148479
151398,0.0016257328656838071,0.0018565086722799884,0.001828155381044097,0.0015901633401471799,0.0014889560110654815,0.0015073856642979777,0.0013702298061633034,0.0013784547437181716
151400,0.0022398809570502026,0.002381313017449385,0.0021868833107757807,0.002617847654285202,0.0019468711403517608,0.0024611465659438725,0.0020349620373503186,0.002307245582265305
151402,0.0030112346963484526,0.004288097952894532,0.0032042095356200756,0.0030508363297907654,0.0031351440908871653,0.0027250403741812534,0.002582880703116963,0.003047613269787655
151404,0.0020606784517390175,0.0018616933065253166,0.0019145325021597964,0.0016267802643719215,0.0017311753032489552,0.001821303131460797,0.0017183092189088228,0.0017056526650123388
151406,0.0034944960263862956,0.0030817694922769534,0.0030660472163374225,0.0025280211862144797,0.002347885934552832,0.0024645268182368896,0.0026861393390987948,0.002072284763157628
151408,0.001923059126956464,0.0020043998107956984,0.0018457308638455405,0.0016240311868782747,0.00170157031864826,0.0016677403721121614,0.001431233961866188,0.0018426576641461662
151410,0.0027089898002775753,0.0028977119759263648,0.0023414735883959953,0.00236396965178276,0.002001504500081644,0.0025663566384554054,0.00229519687185388,0.0021548959934227785
151412,0.001585867719803416,0.0015742771624228796,0.001524694028383955,0.001497702067754736,0.0014349663483584352,0.0015326110464891074,0.0014775159122502046,0.0013855190098142206
151414,0.0020243484365620734,0.0017407010079378282,0.0019075318068440122,0.001875811731451904,0.0017188546827143908,0.0017161708231523548,0.0017374870505482698,0.0016106379075858102
151416,0.0022225366664310187,0.0019084560727844618,0.001896784498295681,0.0018990705581565237,0.0019394981450631676,0.0022324571370992974,0.0017766217241907967,0.001853783530310571
151418,0.0029053324536256753,0.003073929972110756,0.002571808263156075,0.0031162470654075847,0.002274869145238015,0.002823906662935985,0.002336656217117261,0.0025824479199827582
151420,0.002450136014416293,0.0018087346919548747,0.0027020276768361384,0.001758259338860993,0.001736381929580269,0.0016623886667033738,0.0017883478635308259,0.001917004727867655
151422,0.002562540246601408,0.0018186119048246852,0.002093739472581513,0.0021840651540561695,0.002114988057273559,0.0019231225127226553,0.0018303359642146688,0.002120560728285384
151424,0.0016005322422076862,0.0015581957377653333,0.0014509399029596914,0.0015607872835926018,0.001462062604840178,0.0012807142580384956,0.0012517332145469684,0.0011895932809233845
151426,0.001631807717823508,0.0017582746472189492,0.0019259700678123798,0.0018720210795531017,0.0015687297627662439,0.0015097487626195005,0.0014976242173361243,0.0014917270307612945
151428,0.0014679151923005507,0.001832631073899249,0.0015545959260016146,0.0011755341273182035,0.001292560898809525,0.0013241165364663576,0.0015885780823090556,0.001600047612544453
151430,0.002523945190272117,0.0028722621996164627,0.002655184241210376,0.0028468427837111676,0.0025022435749316174,0.0026567938655348705,0.0021801521484541425,0.0022433347552231475
151432,0.001943423150512269,0.001992269065241248,0.002090514256441134,0.001862714765573037,0.0016809463299028438,0.00185176086538065,0.0018959227551290786,0.0016846200714848991
151434,0.0018025177183882968,0.0022187065471527406,0.0022134819378666487,0.001876746033663959,0.002227945669149245,0.001766853724355713,0.001982113491311291,0.001985474441324256
151436,0.001863262745718297,0.0017821396356959701,0.0017126077333874529,0.0018099193361809235,0.0019065745815067953,0.0016146333928555023,0.0014967365773308622,0.002168360283218554
151438,0.0020529253725476565,0.0022435126144105255,0.002353363961049626,0.0019998162297947403,0.0017921992253895486,0.0019755998177153344,0.002060430208052688,0.0019903264173498775
151440,0.002163357504914379,0.0021950177546786187,0.0025105175494113396,0.0022325366969556115,0.0018680983644694393,0.0022261359617393867,0.0021789924599580207,0.002158197129301445
151442,0.0027148924232736626,0.0023131665585494066,0.0021127778910817185,0.00206989397974712,0.002090342909731327,0.0024756697124984073,0.00184897225306907,0.00238913564485356
151444,0.0018366744450235561,0.002014178198195618,0.002059050259383702,0.0017920771616053432,0.0017147454514515048,0.001367364138346261,0.0014877140021243296,0.0016490414330692094
151446,0.002068683347878922,0.002242942360684508,0.0023372220523707604,0.001779159774536479,0.0020406198355643057,0.0020699204196683724,0.002043223672665073,0.0022392998828085903
151448,0.00218259462469389,0.0022733235926021417,0.0018539782544181455,0.0019966046193700127,0.0019983634748781953,0.0019314537438399615,0.0017591713958751143,0.001894776771450779
151450,0.0026987916859294026,0.0028348400635631738,0.0029071146027760536,0.003203016106687731,0.003177751762938455,0.0025292957732938603,0.003044904979238386,0.003188103118292887
151452,0.0029690082656613215,0.0029827667180019196,0.002648778613409064,0.0029083347480654553,0.0020451053664909957,0.002456566853098252,0.002764101207649597,0.002317772066069923
151454,0.0021537862640867017,0.0024674115899909893,0.0023309487540336266,0.002424507582755045,0.001826546031588272,0.002068302472020403,0.0023983384603579877,0.001986157067129249
151456,0.0017640922663355596,0.001846786036587611,0.0016827328811700598,0.0013368149461228662,0.0016372746111165265,0.0017513446010513634,0.0015050802025601412,0.0017244223679411391
151458,0.002232174464652084,0.0017654544117187143,0.001816852416395856,0.0017047462847265132,0.0017279902872707892,0.0017420248629209656,0.0015400532227607955,0.0016184320998635787
151460,0.0017102803072275297,0.0018309814977943845,0.001807484866068132,0.00137102310816406,0.0015283959695636812,0.0014435896924181457,0.0015178243102695888,0.0013074485891544918
151462,0.0017772498635091338,0.0019551096316555855,0.0016377407241820047,0.001673568814780646,0.0015888729748598923,0.001669410300984886,0.0015670110010995858,0.00136370675590336
151464,0.002627428161886769,0.002618307030388678,0.0025923773439713443,0.002624801311185365,0.0022732475720728257,0.002352754614829644,0.002216983387031357,0.0020662790643060647
151466,0.0014478628564008056,0.0015790002392446767,0.0013600968609163294,0.0015134826709450877,0.0013394379217449015,0.0013658426626526055,0.0013548455202279236,0.001409466968118736
151468,0.0029603633096633164,0.0030736474299750682,0.0026859026352648585,0.00255778194580053,0.0029166801309158524,0.0024007366600722335,0.002448511003670953,0.0023156386798898337
151470,0.002592547295219086,0.002498602540929609,0.0023675337448071515,0.0023909412029612387,0.0023673778615353053,0.0021706576419512486,0.002147882088039177,0.0023956059526502593
151472,0.0025148513285222496,0.0025797494286914358,0.0025726913540360385,0.0022367775973759635,0.0021379703463289546,0.0021912850212437718,0.002441475519567915,0.002563674491780757
151474,0.002073058477506176,0.001997137322318432,0.0020750824858917216,0.0017045045009595056,0.001642169087712697,0.0015833067143833923,0.0014723788450552583,0.0018637615934830182
151476,0.002319283494971028,0.0021066070625802014,0.001999670630693784,0.0016948202189727285,0.0019614525250012532,0.001664084180372838,0.0017973824081727319,0.0019971729493628715
151478,0.002032200570445522,0.0020281201003947147,0.0018373016142811949,0.0018952217599130794,0.0021583040839173173,0.002012648704502462,0.0019393229320938676,0.0019157382507362236
151480,0.0026525243622382982,0.0024256809470957347,0.0022168549926160908,0.0023793490071866708,0.0024754780581812824,0.002169060120017774,0.002373831727704223,0.0020827521222367557
151482,0.0022924171202383242,0.0023955884486120405,0.0019596638168532104,0.0017630710022809026,0.0018022605574846834,0.0022540867018042143,0.0019739910325115156,0.0017834587006549385
151484,0.0016874067784063002,0.0016719150855622061,0.0017323048146895698,0.0014949252133672625,0.0012616459477175074,0.0015588345974051898,0.0012635889032535652,0.001192618502208878
151486,0.0020996934209316365,0.0021429350784853,0.002176681655852511,0.002211727871078095,0.001985050847347361,0.001811019393150884,0.0018392978360482065,0.0016173202742836429
151488,0.002681180393609442,0.0022572756695860563,0.002455541103608072,0.00230714573491754,0.0023551085874926603,0.0023928199692733187,0.002366728644785321,0.002253118285225675
151490,0.001600079799693399,0.0018329229281506404,0.001654396174902928,0.0018294607706175747,0.0018106766594483958,0.0015115884903611626,0.0015803425689606826,0.0016559760324439399
151492,0.0018192092889002254,0.0020177556348666276,0.0016290020695644003,0.0016247404617978495,0.0015690986551828573,0.0014288100804798476,0.0016225437741824167,0.0015071504975500277
151494,0.001713202249709625,0.0014004100893477145,0.001645136840321984,0.0017212506824282464,0.0015401263203651538,0.0014191693397016536,0.001464549588188882,0.0012194196367871918
151496,0.0015203120645488483,0.0014594374082186334,0.001362744217864989,0.0013303864218539158,0.0012470015867428602,0.0013134558867550356,0.0012009579927438896,0.0012258674860417124
151498,0.002255211712688665,0.0024189967925508787,0.0022051761682485016,0.002132252351354516,0.0020493482466577007,0.0018550139606798993,0.0021408110140920394,0.0019615518482716254
151500,0.001711131448130454,0.0015280225736537117,0.0016526510850702891,0.0016161336498333179,0.0012538450162156156,0.001468788820470357,0.001613457331426385,0.0013638124109507377
151502,0.0019500652175842431,0.0017934462803737006,0.0017452560853850607,0.001760299061403181,0.0017118755223786142,0.0015343324393617963,0.0015155642458669766,0.0017173473009448603
151504,0.0024001956739621577,0.001970035925363281,0.0018679161025981217,0.0019142886597409842,0.0016387431220743626,0.0019046455689824549,0.0016348510490571538,0.0016243377596186215
151506,0.0018563455952538832,0.0017937245845578986,0.0017787889598136625,0.0017384996361947125,0.0016577692894909207,0.0015876143042615198,0.0015346736232411257,0.0015785262811407602
151508,0.0032357680620407336,0.0025464893980151615,0.003345817785485261,0.0027012779376036633,0.003035633301609275,0.0024627069914118366,0.002547810375800111,0.002581571862868129
151510,0.0055593349243432955,0.007090642902420008,0.0067863926707547595,0.005978069329462488,0.005346003495508234,0.004841596712586105,0.004243284826849214,0.005424250432423117
151512,0.0019212341304672975,0.002226325090448969,0.0020306451105239903,0.001960135492085416,0.001820159267998403,0.0017634939899977553,0.0016882255758399745,0.001797058970369969
151514,0.0016234301360718156,0.0014747146393690458,0.0016132179211792025,0.0014527639010806365,0.0014416693381500423,0.0014875858353816107,0.0013892032847290375,0.0012874671209656269
151516,0.002550143698727192,0.002548506160771416,0.0026561686958696124,0.0024281206772593933,0.0023343874414834126,0.0023886917357496262,0.002705088900019581,0.00249841670436185
151518,0.001829276579546013,0.0017622420685051154,0.0015900492536043004,0.001825826464836533,0.001628032417309036,0.0016178875273107352,0.0016129943878981923,0.0017945249082652048
151520,0.0023476455028542814,0.002113960590497413,0.0022023637281237823,0.0017682839816962753,0.001998890749559959,0.0020640508376519456,0.001833887328771766,0.001812824590732856
151522,0.0017004201501028687,0.0020763679807662833,0.0017278756950095536,0.0016653265860842176,0.0016830715375932975,0.0018305555922482203,0.0017379265261858873,0.0014819746232689474
151524,0.0012046279881616911,0.001091466959679599,0.0010491901892104583,0.0011306841647942267,0.0011016337713614655,0.0009797413583548242,0.0011084018626052045,0.0010012756452233568
151526,0.0035188287000224167,0.003060084604614724,0.003282520043061732,0.002442091829494508,0.00229144656668101,0.0024881572788657685,0.0027820671997261237,0.0032776448852679524
151528,0.0016789091642772785,0.0016629522227552679,0.0016876972374559873,0.001402998139053091,0.0016577968949746946,0.00171072125930051,0.0015301147028914386,0.0016326722209197286
151530,0.0019586332555832087,0.0020482272621438202,0.001860857571149968,0.0015983707524550028,0.0017155977025575808,0.0017677567301497277,0.0016917834500752016,0.0018866865921742804
151532,0.002630388378400808,0.00234955304955925,0.0026988176188030982,0.002317558288702559,0.0019785565379454445,0.0020991397008485735,0.0019969278949958508,0.0019681933950100317
151534,0.002139067723977775,0.001852937385194764,0.0019575063792510172,0.0016804426493771812,0.001507857210088448,0.001458197248017934,0.0016192912541682786,0.0015346260478497076
151536,0.0015891328474746391,0.0016936110103726865,0.001574663558713496,0.0013427366372165128,0.0016132083451387974,0.0014106588108382528,0.0013011333451997675,0.0012555456655229946
151538,0.0025911392958806317,0.0026046930946235225,0.00252567104892866,0.0023023638255109113,0.0022959400894227017,0.002392021148356349,0.0025401239578476537,0.002440299076951702
151540,0.0023847791822762116,0.0021783835209690516,0.0022467721435496385,0.0020553563301328737,0.0022458600278005836,0.002129666640158359,0.0019768286172299754,0.002206419096051848
151542,0.0023246594584952623,0.0022108120374619844,0.002302116084078168,0.002396051597827409,0.001733441518926071,0.0022614882610673265,0.0018091780165999105,0.002072437730735524
151544,0.0024396425126283483,0.002380712786943795,0.002291409831645122,0.002308875296088267,0.0018598681102655612,0.0020845998794497,0.002247188183490803,0.0021279351119179446
151546,0.0034642864985088423,0.003038647130452432,0.002462501789962046,0.0031755895468315587,0.0028849188313671142,0.002586248031967442,0.0031817741225044355,0.002781372448903474
151548,0.0017240006896488413,0.0019099207114492978,0.0017690222032647057,0.001553569976948721,0.0014489309997173377,0.001491649623546254,0.0016802001521380033,0.001491520999641685
151550,0.0024648501010118284,0.0030216836918870588,0.0025825785462419426,0.0026035277609620794,0.002443256919232306,0.0028503516847502297,0.0024126841524892,0.002837491384971594
151552,0.0016862436624248134,0.0014964984958698718,0.0014565026272637116,0.0015504340200927502,0.001326875480716097,0.0013501184163872276,0.0013847955511253063,0.0012884946999319191
151554,0.0015537168140467572,0.0015592920566274288,0.0015322458853522236,0.0014050715837532618,0.0013625544462465694,0.0015298833067070583,0.0015017423948133907,0.0014293046637928186
151556,0.0021248179376444215,0.001862302225725268,0.002038562921807277,0.0017087939380445866,0.0018925127455300533,0.0015785620993492011,0.0020713107872128433,0.0018907453928268675
151558,0.0019012361670081024,0.0022982422567716654,0.001991715066324895,0.0018507100416026573,0.001808746099199024,0.0015612503282802642,0.0020587088095081058,0.001859145863959688
151560,0.0016111983054010182,0.0020752365749193147,0.0020561035669628414,0.0017294403623525079,0.001650973214018317,0.0015568266897836858,0.001506216086305523,0.0019391214797726541
151562,0.0019367307711087994,0.0020952981041244684,0.002109244781237432,0.0020461712352388833,0.0018556766691895654,0.001731656765552439,0.0021283080339756927,0.002113727997632431
151564,0.001639749145362579,0.0017683175053973543,0.0018325979028648853,0.001701571547997105,0.0015451651653836246,0.0014447038343286117,0.0015530431825541147,0.0016770401269307206
151566,0.0018867532591962388,0.0018413600427148596,0.0016227427568144132,0.0016428240282940904,0.0016537274179451306,0.001622317495036052,0.0016795579549564454,0.0015938008032846535
151568,0.0021286473011317697,0.001572439842384421,0.0017038133892735008,0.00145591011234103,0.0016990298966201994,0.001386076221167265,0.001759918652687334,0.0015017328668278651
151570,0.0020052421544270033,0.0018363321656258424,0.0019806396603623405,0.002041154675121018,0.0016818365842006244,0.0019835105547381104,0.0018518698757663682,0.0017930175070080129
151572,0.00286811973171687,0.0026663391261729785,0.002557939454608027,0.0022041784402695996,0.002335901036448887,0.002183583974648906,0.0020651876552568865,0.0023008218250650803
151574,0.0025741170134898628,0.0021812592534699166,0.002376934999666569,0.0022828532557809394,0.002221729921651608,0.002406735026652243,0.002302581191165276,0.002183922396313598
151576,0.0018274880504143831,0.0020025429433465636,0.001716806398326165,0.0017008589075069441,0.001578281188933231,0.0017152125896666703,0.0015693976374109853,0.0016941801402750034
151578,0.0026602639719932597,0.002205585539912569,0.002015463087363792,0.002375996105968295,0.0023796742869681836,0.0024453919193669904,0.0020652066161548494,0.0017235110135488535
151580,0.002760701799950971,0.002465355041580977,0.00254088028442713,0.002323291720747314,0.0025276413449768498,0.0019817549324765427,0.0021225370775992958,0.0021312110682841223
151582,0.0022743471516029623,0.002254072906243146,0.002734754879712989,0.0021699502590209058,0.0021226637408428145,0.0021588624369585224,0.0023873336810545376,0.002152313867455291
151584,0.0013906076814364093,0.0014323647567957565,0.0014281446686481708,0.0014329084640998246,0.0013621793423918144,0.0013589507469225076,0.0013607401820161513,0.001284971142002933
151586,0.001394478717110792,0.001376700413669385,0.0014806988326390158,0.0014697312597636292,0.0015247804344174082,0.0014112630380083147,0.0013856970611931946,0.001238528631493152
151588,0.002523140490429246,0.002642808922265219,0.002422278679193257,0.0023432141633708548,0.0025065821463568505,0.00246708406852042,0.0023054490183056636,0.0028524479554651455
151590,0.001782285580236423,0.001764195848536279,0.0016673180767524803,0.00161728132236362,0.0016835759176227066,0.0015460439057141256,0.001603692179608096,0.0015761572619735903
151592,0.0021556164848886145,0.001781401197624724,0.002245516134440406,0.0021417756777292324,0.0021318095943728133,0.0017304273558667177,0.002295692693847551,0.0016487939514724936
151594,0.001956618096554244,0.0020356077363066355,0.0019549172437186707,0.002011829870231241,0.0019680116022167127,0.001744612775613899,0.001899175432483205,0.001816850510930404
151596,0.0022866720559311937,0.0019573435398010375,0.002390442848867247,0.0021753526124895922,0.002074603285216803,0.0021359565212532156,0.0022106372307967442,0.0017126419584472807
151598,0.0014293088889619915,0.0014203357933001565,0.0013409593560196331,0.0011400437358811133,0.0012224364161764895,0.0011872246459337377,0.0012352909290314629,0.0011019819849438783
151600,0.0017980119950761347,0.0017726324934708715,0.0016536204657349174,0.0013616929393070465,0.0016401679350865894,0.0015672796982946213,0.0017591723333626602,0.0014059807861560025
151602,0.0023771456860104956,0.002808536757615221,0.0032465118370228613,0.002144806575576974,0.002428375842471478,0.001993033018408155,0.0024610951886305937,0.0022256470063466427
151604,0.0024185805299340585,0.0025866102735499497,0.0024780966160404955,0.0025022968707651,0.0023660947384725045,0.0022633920318648887,0.0024976585329988255,0.002089205318456258
151606,0.001630012618968557,0.0017094075068596754,0.001924157416738348,0.00158722780633469,0.0015765157851250905,0.0014996931306189426,0.0016379017385465128,0.001382707205503944
151608,0.0025473173662309834,0.0023220730206014034,0.002339028429074755,0.0024138890618866787,0.0021136553792120427,0.002006141071822856,0.002646451943980735,0.002076612429367644
151610,0.0011840550116199028,0.0013500256120480558,0.0013797889366282678,0.0012720404443753441,0.0010602265125903149,0.0012198448009120982,0.0012911665031356684,0.001245616741096578
151612,0.003600945379802545,0.0028965060907321233,0.0026297850451234006,0.003044734363534529,0.0028242257892361483,0.0024744416964611743,0.0025377092735418133,0.002688006691664635
151614,0.002018863229276191,0.001974353192064085,0.0020732033317938936,0.001648194384815449,0.001658707397998574,0.001618883532145468,0.0015449554762820977,0.0019725794571157085
151616,0.0028585446036900053,0.0027162862751062278,0.0025297379449631396,0.002204280231765124,0.0020641520484441234,0.002477608544215207,0.0023667319069584775,0.0022094981790887896
151618,0.0024955101371629956,0.0023691740928622057,0.0025431747379113384,0.002008914168856235,0.002076198912234775,0.0020506088773293435,0.0019026522092851494,0.0022229999874596867
151620,0.003547837477250404,0.003881858672845573,0.003769027743380518,0.0035698045291565755,0.0032667104250273665,0.0033073220846263768,0.0029008856913009945,0.0034997197813135816
151622,0.0028225412752727608,0.002577849332459581,0.0025823918842232813,0.0029501294258800353,0.002991583260211428,0.0021538796238815966,0.002106097907198304,0.0026901625813913754
151624,0.0021362419878920846,0.001982353322582675,0.001859594359839234,0.0020123502284703637,0.002084116519823778,0.002024848954216077,0.0019544597015377363,0.0017740258606026155
151626,0.0020941458679646363,0.0017424894817908432,0.0017663620700440058,0.0019725433883000104,0.0020299424609513395,0.0018438338484048078,0.001662625318232372,0.0015733907291837768
151628,0.0028722234673930203,0.0024818796889848477,0.002680416965739063,0.002475524395585682,0.002198247814391374,0.0023065441914243423,0.0022464670249872226,0.002253548352514123
151630,0.001400425424271115,0.0012800570884764634,0.00127916558042096,0.001554126819956425,0.0014800824977628246,0.0011214228027929402,0.001143714761176487,0.0011811602557372375
151632,0.002610648156150752,0.002240568964595513,0.002623851310476835,0.0024859149029290983,0.0024236066551334284,0.0027121007486248377,0.0020545984221345126,0.002054310359187031
151634,0.0022411946459408583,0.001767197296664913,0.0016770514161601469,0.0016029508235929774,0.0016067620523954051,0.0016426135513608053,0.0014796803726015023,0.0014379437777983228
151636,0.0017220776493159229,0.0016090624981126567,0.0017767445166967516,0.0015859611829824871,0.0015325092519903466,0.00150325859560331,0.0016109557733580276,0.0016385923206058278
151638,0.0019821748575444276,0.00185946199009962,0.0018504485040097413,0.0018696157336326596,0.0020173503627397005,0.001896044088143381,0.0017059262262684172,0.0016118081552647517
151640,0.0020821843217262576,0.002097615129113009,0.002113107698388808,0.002200707743256425,0.001920576795271814,0.0021238718655514632,0.0021221066567724822,0.0016592679018323508
151642,0.002218035589516401,0.001862271037898433,0.0022103338753135665,0.002046245044207362,0.0020746324700776086,0.0018745553892408062,0.0016763588770243865,0.0015319542543550946
151644,0.0029439483626467894,0.0031567453942591556,0.0027382084563965514,0.0025877657511583912,0.002084885635635081,0.002468704124111723,0.002715765965449757,0.0027222656435191284
151646,0.00197434028086918,0.0020466427592760184,0.0021190506892399125,0.0023351578590692507,0.0018466041770628383,0.0018796847109323611,0.001855419273909753,0.0017525118623697017
151648,0.0015784688544480258,0.0018557328363677655,0.0015341678441083695,0.001418191067421637,0.0017657277178795422,0.001352588073078087,0.0017933061898391944,0.001468028520891354
151650,0.0017847684959839683,0.0017439938536406019,0.0016615843597148072,0.0018043588680972805,0.001571871161540686,0.0016839140473862285,0.0015826358863716555,0.0015599767528016173
151652,0.0024464520302082265,0.00241981989606245,0.0022414182759061263,0.0022774910343327376,0.002135937926983092,0.0020040419100299106,0.002207352921899164,0.0021792978309021077
151654,0.0017259183030116226,0.0016205426216551189,0.0014846202899074928,0.001388379476426005,0.001556123287318481,0.0013887242966808544,0.001577536260985113,0.0015926011347057317
151656,0.002180744285946848,0.0017496584816149158,0.002575454589573367,0.001562243471264546,0.001704026520922955,0.0016318266790497221,0.0019611878952083966,0.00161649579223834
151658,0.0025942194116765904,0.0024629525049198048,0.002317299688655697,0.0025758138056899416,0.0026758968781194353,0.0026378721693811613,0.0022606262992932447,0.002383103615147611
151660,0.0030359764905805164,0.002523417068137024,0.0027680530365616907,0.0025762316622651854,0.0024076854573919088,0.002641981277904437,0.0027053690756968646,0.002155504062304525
151662,0.002192147266343092,0.0021836400282772145,0.0022395216552837383,0.001625394921745349,0.0017460106548866094,0.0018263607136770887,0.0016181239870200065,0.0018107207279223353
151664,0.0018708691306743713,0.0023968970517379007,0.0018949486631330559,0.0019295773113867654,0.0017288916723806752,0.001714567437316586,0.0016326794461441474,0.001883511888157996
151666,0.0033539256815911522,0.003133723351883333,0.0028652822432140845,0.0031430917270692943,0.003014964549041821,0.0028048504805629065,0.002565915051943049,0.0025426769173373387
151668,0.0035531271378835966,0.00301502100533263,0.0031173039986159973,0.003087179805084786,0.0027131279085859106,0.00313834923521307,0.0029817287775606993,0.0026918643352028676
151670,0.0014665875469655476,0.0014799354563534012,0.0017085635701652585,0.0012686116523996649,0.0011189927193564486,0.001286496605251708,0.0012607333623431694,0.0014582069213899818
151672,0.0016036020740740065,0.0014301957493152578,0.001480219800331986,0.001217634964690087,0.0011564021790484574,0.001247951301460104,0.0011847080893501727,0.001294245513257089
151674,0.0032671103000874724,0.0026822560893709074,0.0024762651115237677,0.0026261336628313203,0.0024227051614818113,0.0023947643725335532,0.0024305028630462605,0.0023694848947650726
151676,0.0018787984419967874,0.0020575142958691034,0.0017458992024268483,0.001990902829071897,0.0018038591746721289,0.0018675168320503865,0.0021460399676540565,0.0018356853702120035
151678,0.0016544528451624269,0.00172662874334506,0.0015309358050808047,0.0014174212590139512,0.0017288036918001876,0.0014594923426014678,0.0014114533725697598,0.0016377527849088663
151680,0.0021830708214599093,0.0020507009856909897,0.0019415402548226268,0.0021304310466368492,0.0020176174160992932,0.0018344581768917761,0.0023952000942140256,0.0018247916198861486
151682,0.002093455155636692,0.0021934901530880208,0.0020836318558616895,0.002033600724744025,0.0018896051855294,0.0018776079279182595,0.0018830718330603707,0.001815751858947126
151684,0.0028682478168242653,0.0028779083154999996,0.0024092866262073187,0.00273352145895335,0.002229847585623626,0.0022406490215402114,0.002266394968157892,0.00223456243030086
151686,0.00269409331375009,0.002231481764023227,0.0024058498326626904,0.0024112969760645697,0.0021986701674093917,0.0022423266668592096,0.0021158670323519063,0.0020696621292093514
151688,0.003631187872638733,0.003908721189500641,0.0029258639877588616,0.0032456182829756486,0.0033133132015984584,0.0028655004003452916,0.003698180922228192,0.003233451466955542
151690,0.0021626440364213573,0.0016237078305361141,0.0017014114290481303,0.001612102204541499,0.0017447973221165203,0.0017008552202341237,0.0017362509157920064,0.0017014455420505947
151692,0.0030478658198111047,0.0032113811105949908,0.0033223362386448074,0.002312399419261549,0.0032777950329746647,0.003022508596478027,0.0029918200295110525,0.0023359701752395795
151694,0.0016048216970907664,0.0016191974135960074,0.0016837458954299805,0.0016962188755776375,0.001352357911035329,0.0013436713280746831,0.0014802576384849303,0.0014319671938456957
151696,0.0016900123146824791,0.0018598407985788296,0.0017678062251685334,0.0015973816744291464,0.0014287438984317419,0.0015839406188435934,0.0015674973864566177,0.0016782290609257539
151698,0.002180232162335774,0.0023462508087081085,0.0021153009034946685,0.002284115389500352,0.0027880048029077648,0.00214303199680016,0.001761888970645567,0.001694434071740858
151700,0.0018107334095969346,0.0019711339846212456,0.0018844319342740251,0.0019084459827576339,0.0019042609240467329,0.001866027028209205,0.001912430034858359,0.0015305600586410506
151702,0.001996530046627365,0.001930666329927902,0.0019988660996676094,0.0018508209442498341,0.0017732938118256159,0.0014736930914732854,0.0016750727203014432,0.0016337067949137585
151704,0.002216095577106239,0.0022456372355667137,0.0020122887311198184,0.0018239950750911782,0.0017080462229801668,0.0018059900779659466,0.002046351210126543,0.0020566576638556544
151706,0.002655574699247154,0.002370994949456043,0.002619725060232239,0.0025220930757561266,0.002004945896176405,0.002213943262477716,0.002085510285195158,0.0018209886762621807
151708,0.002137362000187659,0.0020053175569802045,0.0020207745355410034,0.0021907176086272268,0.0020506264216196973,0.0021061700537485795,0.001725724234280579,0.0016540537496028684
151710,0.0021185931870507796,0.0018692256230059545,0.001846887856217505,0.0017022735787100007,0.0016189695692104267,0.0016819615563934548,0.0014887927180989996,0.0017706464568040398
151712,0.0012625570100972677,0.0011307147297335285,0.0012732920746505588,0.0012189089653907303,0.001172517910102977,0.0010795609607763268,0.0011273077830004224,0.0011756115302686276
151714,0.003278211796191366,0.0045298675642758135,0.003294357506518575,0.003453037761921976,0.0027702403924674407,0.003024871297059528,0.002753970645184692,0.0030534130399887532
151716,0.0019131795031679943,0.0015742756843337702,0.001757040195347559,0.0016884885514251297,0.0016691262901994547,0.0015122495947237496,0.0016206910905554178,0.0015960470088521306
151718,0.0018079258199522052,0.00199133635630179,0.0018888198734706152,0.001606022972900925,0.0015372376549562805,0.0016492250897298805,0.0014891687653346836,0.0015297623698205115
151720,0.0022193744472676635,0.001913157342868177,0.002122188344131859,0.0020048298009393145,0.0018269772027635356,0.001762277098742493,0.0018950916959282887,0.0016871077755511998
151722,0.001514369173325536,0.0015099936861064922,0.001463893578679043,0.0013163026409659384,0.0014158312455505584,0.001349047391061342,0.0014612613266567487,0.0012015873053581455
151724,0.0037295920853171044,0.0036545793421716155,0.0034368458069682917,0.0033221185114121893,0.003184461033088906,0.002742170220232376,0.0030268803388389665,0.0032364025478271025
151726,0.003269786132094943,0.002540344009479681,0.0024955406571937205,0.0032185366089843015,0.0027041992543686555,0.003040372337296482,0.0025335519671854656,0.002125185777890559
151728,0.0022893545655492537,0.0021674021375750613,0.002486307570813265,0.0022096883508879728,0.001913986486206165,0.0018824265550172609,0.002192688348950936,0.0020613979017498757
151730,0.0036391542189363607,0.003458197588273537,0.002965401084989383,0.0028786645879064765,0.0029251595664743363,0.002638024088960647,0.002686705848858273,0.0027848333093439953
151732,0.0028723811930292525,0.00333113890133957,0.0032385611975610656,0.0025373275792440197,0.0029129637426788535,0.002935774756001097,0.00243008377516013,0.0026909262362840303
151734,0.002517752684833688,0.002456490782248244,0.0023388424993021767,0.0024480546079619497,0.002082264217118157,0.0025257324569350065,0.002210241401569571,0.002273149884006509
151736,0.0026998693598634937,0.002914969871677331,0.003463867278724067,0.0028725409196056623,0.0027304687125975224,0.0028471878517566385,0.0024274206021507455,0.002512434871569949
151738,0.002529838750524163,0.0024727867848007984,0.0025173044593920224,0.002566386833792747,0.0021653523063491775,0.0023668065750920425,0.0021743001619767832,0.0023597585354351858
151740,0.002411535157100922,0.0021417039583028347,0.002369381170976903,0.0022071096461363654,0.002106322899100413,0.0023180030714887168,0.001722817605196561,0.002046811968421436
151742,0.002318021724602437,0.002091861769987227,0.0020799281650363405,0.0017642618798646148,0.0019806651923706675,0.001686547484336401,0.0019247032470928738,0.0016094035223349762
151744,0.0019115318439403423,0.0017762502320406576,0.0019865229975447735,0.0017245817095515314,0.0015853541665312165,0.001670231419795623,0.0016712233032901147,0.0013446145402875587
151746,0.002304636661636439,0.0024722295902995933,0.002402052145744085,0.0018442459375125342,0.0019406388633736449,0.001901051321091654,0.002062255858632525,0.0019043288762441435
151748,0.002784429922850787,0.0029722012795991987,0.002425463350594015,0.002016365630772357,0.002316803690390279,0.0017044303696769902,0.0023359287638618498,0.002109294055330238
151750,0.002176837038618873,0.002131236865089439,0.00209954149909021,0.0021236957236690085,0.00191170970612832,0.0018981073433843726,0.00219834283154996,0.002027070013924437
151752,0.0016481995269518462,0.0014742282800717654,0.0013178252172264676,0.0013061363871474385,0.0012678305186499816,0.0013262198663297614,0.0013707351096849951,0.0011147694882403109
151754,0.0016353445362422697,0.0016840476577444918,0.0016303757112807876,0.001513520642017499,0.0014305414965110064,0.0012862590437018456,0.0014894422056386247,0.0017459595980109932
151756,0.0015896110686087206,0.0015780248688913728,0.0018952022986837846,0.0018493519140423548,0.0020486740678893473,0.0014979142925045097,0.0019503912843177873,0.0017105647163482424
151758,0.001938415822990272,0.0018484789122364398,0.0019005647222647554,0.0017237173310071796,0.0013630547567378692,0.0014902557742525607,0.0015068274262902137,0.0017646715520684003
151760,0.0015898561476897083,0.001543346088528852,0.0018467293646132893,0.0012256321992341196,0.0013861996604397492,0.0010906312028491905,0.001423996033385555,0.0014112367280639249
151762,0.001872420186488491,0.0019286109706862092,0.0017293446219208836,0.0015481451070570446,0.0015915814445778415,0.001817536543061507,0.0016582868547083823,0.0018454267893313614
151764,0.0034168347761157764,0.0032377810839806648,0.0032588171628766816,0.0028980625197272958,0.003110816732999011,0.0028089825589331513,0.003433175152367518,0.003155629477875635
151766,0.0015299934654287028,0.0015601021152611971,0.0015733898425799447,0.0013399304249652744,0.0014075730871434544,0.0014422278239694664,0.0013627373418509947,0.0014564631035625247
151768,0.0023007324806512686,0.002082005497595643,0.0020880816551188813,0.001950164910170804,0.001922237167004251,0.0016505969380240515,0.0018618948754047793,0.0019296372043318272
151770,0.001879132060256375,0.001934723309063649,0.0015934771992060087,0.002014160810522428,0.0015870479316407171,0.002102589862819096,0.0018961352526682962,0.0016428445633509675
151772,0.0025973074324221607,0.0023855342165651217,0.0024687378115131886,0.002428692706566926,0.0020651365289836576,0.002229828587069896,0.0021877241287416305,0.002106601933105648
151774,0.002742097261708279,0.002577261889647589,0.0023157942845286744,0.0026460556418546194,0.002432213748093659,0.002444549742743052,0.002226268491609895,0.0026896165727646887
151776,0.0036557604147491873,0.00325050865284017,0.0026526770868856714,0.003004428357177971,0.0026508162947291997,0.0026575316449930497,0.0023574792925846882,0.0028911710479709307
151778,0.0015012972103271155,0.0014272089052037723,0.0016619788953575881,0.0013075978426757562,0.001458572826019966,0.0012080200083336573,0.0014692608590978345,0.0013719353029256198
151780,0.0019517162312967518,0.0019452021327693997,0.0018228226917552798,0.0017988524584433702,0.0017354242769163641,0.0015944850009304151,0.0016634821436912889,0.001661297978654122
151782,0.002074170966091471,0.001867773133077899,0.0018928365580137552,0.0015352784495388377,0.001602017883503129,0.0017998511588757232,0.0015953532508137386,0.001601358606614589
151784,0.0016685546890184005,0.0015281562569625096,0.0019370127645468443,0.0016462929495022482,0.001469270283508628,0.0014268286630072513,0.0016702442085593378,0.0013761536583720702
151786,0.0024328299904642497,0.0022800955777473875,0.0022854911385629256,0.0022777932742269608,0.0020811349445759575,0.0019243443630898582,0.002153308086196626,0.0018880722785500487
151788,0.002289524970663495,0.0025802875759387,0.0024583349088708323,0.002234429301599797,0.002416175263141321,0.002440739289491012,0.002160088782400274,0.0025888263344943235
151790,0.0029191311292784544,0.003370326622399722,0.002192271803619708,0.0031906933767176376,0.002005156744397732,0.0020800549097144683,0.0020489081123818004,0.0021098467173921165
151792,0.002468552718738748,0.002454036098851878,0.0023063320059196896,0.002166375887001415,0.00216991694058756,0.0020106473666226116,0.0022443381285980474,0.00202858215747094
151794,0.0016939979837716224,0.0018493720996409224,0.0019281941412378073,0.0017034154561904047,0.0016719757109093791,0.0017892746237763296,0.0019646717460325563,0.0018346170984347016
151796,0.001337652198342712,0.0013723501124669607,0.0015012455362475308,0.0010872329063771335,0.0012445385938009285,0.001234408868872175,0.0011936497287479142,0.001105240741600122
151798,0.002828557552950764,0.0023075669694003764,0.0022772247242702215,0.0021455046719803944,0.0025230637699347747,0.0021784374213299623,0.0021905313933343745,0.0022435217898773008
151800,0.0021756094226513256,0.002067293523837513,0.002548696483907778,0.002159855396785884,0.0023785004768929335,0.0019292304087878964,0.002306800043586646,0.0022357857798747105
151802,0.0020961422781145544,0.001681175439405047,0.002209886236309702,0.0016130276027072205,0.0016519605747413735,0.0015479692196024436,0.001700854912961569,0.0015591746700143738
151804,0.002428498473400556,0.002399032869730755,0.0020883976123215048,0.0020752813772078604,0.0018983381420554224,0.0019982712172861433,0.0021218643497369905,0.0021001560482517695
151806,0.0015092329249464242,0.0013677394042544422,0.0013081143687028313,0.0012825565641558928,0.0011936762423177122,0.0012376095067487825,0.0012442581574847456,0.001243275434327451
151808,0.001946166375571004,0.0019262192310127851,0.0019029554369127816,0.002008474057646703,0.0017397191682578944,0.0019385057042575898,0.0018020296660320595,0.0017440321246649099
151810,0.0017790896938771894,0.002079921029391807,0.0021545338907670436,0.0018796934325469167,0.0018740986418742112,0.001850394660328894,0.001971676512322898,0.0019142514979553354
151812,0.0018499290092757192,0.0017345745620345188,0.0018136320193653521,0.0016199749033222327,0.001605071826323426,0.0015174324722200816,0.001656262257665242,0.0017390001363466606
151814,0.002430441154585919,0.002202521423498638,0.00202159686286231,0.0019551817795724347,0.0019667657212708023,0.0017781907097503963,0.0020758624931250247,0.0015497842720430116
151816,0.0031042556916644065,0.003251689228310539,0.00299968315128242,0.0026580970507774637,0.00308921812610663,0.002310852986776857,0.0025561170954955387,0.002736743119172283
151818,0.0024031017257043624,0.0027109201624080925,0.0027668916857914866,0.00215732843757456,0.0019796788480606203,0.002375413612951474,0.002736950090347856,0.0028542846654266985
151820,0.0019864363267685925,0.0017381231435256717,0.0019649709586126024,0.0018441297928324524,0.0019097393509631827,0.0015724534328991902,0.0016823896748175415,0.0017103265259522105
151822,0.0030155585938838048,0.003038462315901269,0.0026571633185510507,0.0026112949778282074,0.0025582522257062146,0.0023734832537078976,0.0025429744766825024,0.0021257666250194124
151824,0.0018287607027063363,0.001918052668273218,0.0018744350683278649,0.001742130283054047,0.0016148253030368181,0.0014803909358307998,0.0016831864684552361,0.0016484505939556998
151826,0.0019460667852408964,0.001752214318819903,0.002479039517018791,0.0023018061579387905,0.0019643233539137217,0.0019653121415919572,0.0023999434536382674,0.0017654033843895883
151828,0.0021194574755415557,0.0020566792886624885,0.001959164496680446,0.001975640550767724,0.0020296363277418905,0.0024177708258802527,0.0018415234193727148,0.0021430744208090907
151830,0.0019131472404211453,0.001891342195191062,0.0018155016921757167,0.001763385109612381,0.0017840090582394025,0.0016641021124642746,0.001552508844739009,0.0017075449636600043
151832,0.004180578096825371,0.004765419904964097,0.003366533018518539,0.003464619787566306,0.0037072827445223805,0.003154039240372844,0.003701369095129081,0.003336348883120191
151834,0.002258178416500778,0.002555712549798264,0.0020355539521606097,0.0025058999408189703,0.002432139892439858,0.00252899901533965,0.002300331524285326,0.0020840869281980035
151836,0.0027879819856220373,0.003377240420903649,0.0030361378289409796,0.0027774684480398465,0.0027206860474154326,0.0024381232583510354,0.00284759377077394,0.002992990157857145
151838,0.0017805588480679924,0.0017831428104742586,0.001513707315895299,0.0015036618893689152,0.0015053620375332089,0.0016378338944505466,0.0014073424858418587,0.0015106353292646535
151840,0.0027372701120329662,0.0023795965085510323,0.0020770198756776687,0.002200374663859375,0.0021043633428719094,0.00210010722244669,0.0021535452668586808,0.0023564599783313517
151842,0.0025612441121042467,0.0022984226365792143,0.002401519044016323,0.0023440451941030838,0.002012341872796919,0.0019796848151194674,0.0019959584794888713,0.001911897024154341
151844,0.002094321121096032,0.002220825361616288,0.002339963234500711,0.0023794682132854406,0.0020855681278499905,0.0020894232760371306,0.0020336998422278985,0.002259735813482655
151846,0.0023506207182402705,0.0023184030537411054,0.0019475908289336985,0.001985299487550274,0.002025801550178896,0.0021358242970909297,0.0020311336461544816,0.0018820732507196514
151848,0.0024460149876183307,0.0025565258170934246,0.0030244508843493834,0.0021948701017043964,0.0024348861660328375,0.002701600126840731,0.0025866470296049965,0.002504990353566827
151850,0.001754316377952661,0.0015351056298660432,0.0017144199733332283,0.0013494721373741303,0.0016622993571537847,0.0013413732765952396,0.00162993711769234,0.0013938764251573282
151852,0.0014932292433225691,0.0015011326646750117,0.0013732522567092703,0.0016081950069435497,0.001326298281870919,0.001491310954629746,0.0013705594013353611,0.0013791748842446744
151854,0.003708758604826168,0.003149480829535714,0.0031273877597728927,0.003239815511896796,0.0028236168516966448,0.003083624394971063,0.0029939489287811316,0.003116870139335204
151856,0.0017350021865403797,0.0018082264723607994,0.0020462507737263463,0.001742427591229792,0.0015834585078269847,0.0017515681686880585,0.001655093559345247,0.001435017433360511
151858,0.0026298912634423743,0.002320808696907997,0.0032160022515038827,0.0024125081262105774,0.0024680052549314185,0.0018838038854886024,0.0022232529199946033,0.002649697064655579
151860,0.001779689352386038,0.001764743226119414,0.0017277716361400325,0.0021558437604198843,0.0016203263791210315,0.00177193460385984,0.0016971450858049852,0.001508296132147216
151862,0.001481051204485842,0.001793223526370069,0.0014638146165622118,0.0013919324529392818,0.0013909563906145395,0.0014190250752568745,0.0014588499880687777,0.0014636190733397086
151864,0.0026278268860144838,0.0026506854883410202,0.002870780977916168,0.002199717666139814,0.002032595574747456,0.0022534319897982297,0.002194210087314019,0.0022632988092490813
151866,0.001997573858758886,0.001665425706676174,0.0016465614062630696,0.001743237542568124,0.0016843558684414561,0.0019873502838812507,0.0017319454270117163,0.0017840285693289243
151868,0.002108903984519586,0.001974035390305842,0.0017099583341091545,0.0018809989956594109,0.0017088672401719546,0.001528818643524943,0.0019150026272261172,0.0016888620793065329
151870,0.0020245123635281997,0.001674658034680046,0.002026728878223874,0.0016140714999274414,0.00176192743751713,0.0016650140410802289,0.0019510398794969769,0.001971274240725532
151872,0.0024440042105511456,0.002162532470152634,0.001932489576692134,0.002087317055907492,0.0021248011091137275,0.001862714765573037,0.0019554855401962556,0.002121160845391934
151874,0.0016796700176152785,0.001501329543164412,0.0017010466564306714,0.001301752353685695,0.0014047831026498536,0.0014996498513970696,0.0014954296685978918,0.0015270188250673389
151876,0.0015553354184314472,0.0017428611592830295,0.0017673354240250877,0.0015204701044224805,0.001284444786767161,0.0013169225431564208,0.0013640482235634105,0.001494657031103408
151878,0.00209775367263533,0.002321643643227858,0.0023223742546774617,0.002460328288896252,0.002213401666685544,0.001968309085704556,0.0023310609859300696,0.0020340059457048115
151880,0.001395168243736089,0.0014566607274311139,0.0014779864866959619,0.0014339332717750036,0.0013767581914268107,0.0012830219511617141,0.0012323660774487544,0.0013467018180814
151882,0.0015890808712516608,0.0014690752329250684,0.0015286071535905443,0.0014188496663073563,0.0016554269980024877,0.001407185687747392,0.001443273507322776,0.0015345463680177668
151884,0.0021303994085602462,0.0021064678850514357,0.0021526049188547725,0.0021325905564575365,0.0020276205205571746,0.0017106235731927932,0.001813041579426869,0.0018074582585026477
151886,0.0029297914405786024,0.003146864725889334,0.0025099680644737887,0.002782756141827672,0.0026083801547378688,0.002313432811776331,0.0026392541480794313,0.002475536999434702
151888,0.0019444756577696176,0.0019386903938392042,0.001957373536032883,0.0015563707680982392,0.001646574104084364,0.0016183062136404663,0.0015616295285343501,0.0013383092692734189
151890,0.002561821807433043,0.002562621336612572,0.002553804384746672,0.002376729771085287,0.002435553488629394,0.002772330929983871,0.0024525691910826652,0.002174225120759543
151892,0.002782560022414282,0.0025542370204452297,0.0029631834008414654,0.0025284164162166084,0.0024141687375700688,0.002633137305080649,0.0025663128555317855,0.0020242746883534224
151894,0.0020705926605382174,0.0018612570935383488,0.0020726419224194187,0.001840189442027254,0.0018270979015945349,0.0018201058668115971,0.0017288445839042238,0.0017660689889426179
151896,0.0012611320651785413,0.0012943749794693815,0.0012205527048120418,0.001246567243698371,0.0011443367078729644,0.0012990134906496614,0.0012445651409562775,0.0011048142506653869
151898,0.0021516215760476604,0.0018040778413667274,0.0018016960065738719,0.0017877127255566116,0.0018591619266317139,0.0017164878243269843,0.0017639182801174602,0.0017056775892578813
151900,0.0014333769585685024,0.0016449588507008728,0.0014121353234861633,0.001424255550493983,0.001352846754745285,0.0014172577296994865,0.0013173513964685052,0.00114107891073445
151902,0.0017149774698781983,0.0016546186188196033,0.001696215500190959,0.001627679806082194,0.001480665862642075,0.0013667506536890889,0.0019906461925546376,0.0016414904304778433
151904,0.0011835297570451098,0.0012863186324457154,0.0013009183528203128,0.001152876020152696,0.0011460466718688084,0.0011192357337182074,0.0011319231272788333,0.0013024247480508677
151906,0.0018676832969220097,0.0018456508418079332,0.0020398666687562184,0.0018411880414629517,0.00165626256088304,0.0016760001552800774,0.0016202954885082832,0.0016048793026924302
151908,0.0019633351451692344,0.001811491537361043,0.0020078974446936654,0.001909965971512842,0.0018397075005684022,0.001915383464315537,0.0019644323263273145,0.0016861797195068112
151910,0.003205772715456759,0.003351078908988128,0.0031505747482386687,0.0029935498298827717,0.00261422399979111,0.0026920197344899727,0.002865644380624366,0.0026720306700301344
151912,0.003198706011906305,0.00333830986401841,0.0029242590140585722,0.002698282730121418,0.0029132605161521496,0.002723884583109515,0.0029732074973725653,0.00253506052418917
151914,0.0024027142235958365,0.002139176615731944,0.002292997553082765,0.0019461831385503836,0.001866584186457368,0.0016904246082856261,0.0020834427671732048,0.001744285408532567
151916,0.002750294186159144,0.0028180499808744403,0.002890625836908259,0.0024193625176100048,0.0026206720252486826,0.0023638794518383716,0.002839895786189095,0.002674444844172355
151918,0.002084168220639629,0.001972678068955569,0.001942198868994327,0.0016621690424215713,0.0016961366398398625,0.001699122951510701,0.0016680644318239346,0.0018158642491222926
151920,0.001679075548054243,0.001838798758867513,0.001760355641724623,0.0013503483877858186,0.0014510335589967838,0.00152744422045005,0.001600827347870093,0.0015087935771887495
151922,0.0020590042803251413,0.0021934074537155457,0.001815473120925351,0.0017010177713064345,0.0016199596095924917,0.001791486141514087,0.0017516498664189722,0.0017838712248720162
151924,0.0018588776275921953,0.0019176324136949696,0.001857305541369536,0.0016462282571141906,0.0015516719981702037,0.00155716889537022,0.001630679271841018,0.0014673274953042187
151926,0.001288038482354148,0.0015151674793972975,0.001491210541076038,0.0013207276037627835,0.0013173979093468319,0.0013510699132348591,0.0012997152609762197,0.0014450725726065233
151928,0.0022012694567924568,0.0017910711611182628,0.0018774878319114535,0.0017648906476295384,0.0017862513286597825,0.001474619077740158,0.00185501749053274,0.0015952005907205469
151930,0.00190045883517799,0.0019555916313527266,0.002064671004290211,0.0017860967201145522,0.0020698868613356347,0.001771682142816866,0.002135951011831408,0.0019308689795383693
151932,0.002181466301466095,0.002108043903215409,0.00192540934607216,0.0018506658096818646,0.0017922944821863324,0.0017913281531892894,0.0016461303140485328,0.0019427268916106244
151934,0.0018039278428144817,0.0022680712228585614,0.0021853585428497357,0.0020139093664084534,0.001921404931937501,0.0018671375645595845,0.0019559702223204273,0.0019171264073720856
151936,0.0019469710800140844,0.002030342952950029,0.0018949979618088642,0.0019564800105984492,0.001971237191458322,0.001642529605929477,0.001951707344162848,0.00217469727664156
151938,0.0030982556097889358,0.003234516226464701,0.0039117346198339065,0.0028316935758927603,0.0028628101103712056,0.002649170901081202,0.0026619389459319742,0.0035478614416453724
151940,0.002374814126451741,0.002382735549468898,0.0024833467952848493,0.002087574743560916,0.002108176290942565,0.001894846824478158,0.0021208678101941048,0.002304873450075462
151942,0.001471614758592532,0.001414258095250323,0.0015174313112936155,0.0015985220747328222,0.0014009633149694722,0.0013022763278067728,0.0015035934180623323,0.0014431444390287235
151944,0.002563542081085224,0.002380881832703477,0.0024607799136957542,0.0018138284309552472,0.0019020107333622693,0.0022150746927685483,0.0024296691304255408,0.0019293946927350647
151946,0.002329885562820669,0.0023674489146692373,0.0021641754182902956,0.002349935157504923,0.002635587780665097,0.0024503838510315235,0.0023348827982017234,0.0021760198638637457
151948,0.001252206158264324,0.0011486276470842327,0.0011851653765443532,0.0011112560213497602,0.0011069036528183057,0.0011099892045632331,0.0011052065598505245,0.0011079640980824479
151950,0.002690384014695027,0.0024773463552643094,0.0024576604093868998,0.00233477767450542,0.0019341721275974028,0.0023958302287985372,0.0022073707743176657,0.0018114959768867345
151952,0.0031600893010702708,0.00363309802964297,0.0034770651173943734,0.0034209978150456927,0.0030090309973562906,0.003324038793773243,0.0024386353880776618,0.002976420246469935
151954,0.0019400625552462025,0.001571782249834508,0.0016449594550635993,0.0014729232310995016,0.0015773746907657427,0.001406055099565151,0.0015626646144518141,0.0014040822700431832
151956,0.0030367388828522884,0.002945078363293663,0.00245387628610505,0.0032195181640460313,0.0026748575239265993,0.003116478319223015,0.002520663943244905,0.0025348557061737886
151958,0.002377367643275133,0.0021194084258822077,0.002475196706773153,0.0020990226164977616,0.0021804520341274364,0.002081205982494852,0.0020922083436438754,0.0023608614632553288
151960,0.0019326248482054442,0.001837726706856016,0.0019180171014672315,0.0016749476993778295,0.0016536234954949713,0.0014965927461934592,0.001794835807678155,0.0018519487499871895
151962,0.0015545756563373758,0.0016759159710444949,0.0016727136612720295,0.0016373343036524407,0.0014723399641880658,0.0016370644899881825,0.0015633606558655005,0.0015700325894835304
151964,0.0020250035136953337,0.0019129582318140465,0.0023235696894753494,0.0018492192685637537,0.0018652984383776272,0.0017868840023678306,0.0017455256447087564,0.0018630051464220282
151966,0.0029645758976224457,0.0027557652075694272,0.002543772186921603,0.002567993104279298,0.002196698835353908,0.002323835463238902,0.002373279989022814,0.0023147825893616997
151968,0.001748791891035495,0.0015039118084212433,0.0018428502038421307,0.001616101900655309,0.0014831255713205899,0.0014313562950962894,0.0019613155884032896,0.0017076283991435681
151970,0.003975918142767265,0.0036026253060761487,0.0035915357452110386,0.00290548184879591,0.003160415579574194,0.002933087178052088,0.0033884579248786295,0.0035128955953481894
151972,0.0017494316079637168,0.0018048421713212637,0.0019384856940141137,0.0017368221969543823,0.0018137843246803786,0.0018650783446983454,0.0018378244435807295,0.0017631479622464696
151974,0.00258927974519986,0.0033069039034775566,0.002874290615611841,0.002221161740925695,0.00316538220059627,0.0026722332538762217,0.002596845725836308,0.002507483441545555
151976,0.0017308774067875815,0.0018464889186200484,0.0019371170417377265,0.001674162918513536,0.001869563544716471,0.0017661046834173272,0.0015954502666765263,0.0017560181649751844
151978,0.001548313088903852,0.001536719770617992,0.0014673691639689596,0.0014630430663873373,0.0012942728534085651,0.0013861045146273399,0.0014223986825235985,0.001497194058172946
151980,0.0016726441858399554,0.0018875559449141321,0.001811213760716024,0.001671415501440357,0.0014982935086647192,0.0015577622584297401,0.0015800754197354966,0.001665399862065764
151982,0.001771189503564377,0.0015875593842536034,0.0019194987870575636,0.0018950699649744607,0.0016908268421014228,0.001572305713062827,0.0016362636210671827,0.0015174551103749323
151984,0.0017075295698820853,0.0018013345506707884,0.001484699237025433,0.0014066765035671835,0.001307399019472355,0.0014514045233572498,0.0014211937441648836,0.0015874486565314871
151986,0.0031043059208327173,0.002996377523491134,0.003090908749254828,0.003077522776174249,0.0023214566108165635,0.002635144101974643,0.0028752425684928223,0.0028237288944424344
151988,0.0018115429093482072,0.0017585961381301335,0.001660945730398003,0.0015300794386148425,0.0016220165142089155,0.0014557972524859158,0.0016278733918318467,0.0014312999196863935
151990,0.002870618905147629,0.002853319075289351,0.002446157961841569,0.0025508119562458464,0.0027233507153140574,0.002637377791361084,0.002602415139227654,0.0029800442890011297
151992,0.0015120024603574311,0.0015575431890346852,0.0013738677509605446,0.001534626631592373,0.0014521119563360024,0.001407018278390973,0.0011897104640026246,0.0012755582151624673
151994,0.0017409994376454407,0.0018635853327442359,0.001727010800891604,0.0018816650364540527,0.001913347664919185,0.001639804357374,0.001635219801679591,0.0017945024992972597
151996,0.0023106445427443223,0.0020722369407495528,0.0023590549970676222,0.002123588600014395,0.002183213899494954,0.0019666282689190795,0.0019067050389365847,0.0018700532471439685
151998,0.0022645282259775024,0.0020793984616532257,0.0021009496325097438,0.0021756532104701964,0.002285362556324666,0.002524963412973827,0.0026447052180606084,0.001996834671738959
152000,0.0023755334467027295,0.0029118612289460444,0.0027750215485636276,0.0022366394696438224,0.0024753920571081306,0.002799143683471353,0.002377977261701761,0.002415921838383586
152002,0.0024035371093581587,0.0027407783233999172,0.0021753015302730105,0.0020357045495600495,0.0023817311512380895,0.0018872581544884803,0.002427705098737798,0.0021968748361418516
152004,0.003497708420540313,0.003011250232611895,0.0031669056932516343,0.002875534217991818,0.0030332389080701128,0.00301381344691537,0.0025982951514755825,0.0024616126824728163
152006,0.0018749418616161861,0.002430892599454504,0.0019795933212053557,0.002288893647929058,0.0016541879882181615,0.0018482988912618126,0.0017065725210694271,0.001828314666503919
152008,0.002841926644686632,0.002772184998204877,0.0025411672222758336,0.002818332386637215,0.0021740865063608755,0.0022591925403772084,0.002427323693571584,0.002333795314372944
152010,0.0019920682067922635,0.0018123471978786498,0.0017345990760936486,0.0015354676281695984,0.001449724351628101,0.0017201331243794776,0.0014183249074792986,0.0014737328482686274
152012,0.0018551955920127622,0.001784440844711646,0.0019269331302931847,0.0018275629000514965,0.0015327323876146992,0.0015654927493224946,0.00155276748799206,0.0014084940035430926
152014,0.0022004683289700427,0.002509101404106817,0.0021790331516614025,0.0022624687518393305,0.0020354726049898325,0.0021138732382155467,0.002042085173456623,0.0019365501093582815
152016,0.0015317495459763464,0.0014665904002451047,0.0014177648976582274,0.0012205696241454067,0.0012843104779671766,0.0011150112972441312,0.0012942310391761552,0.0012132106625717953
152018,0.0030499837029969307,0.0027768704617736617,0.003071560985828947,0.00287425706244826,0.0030297339796426237,0.002630913819985148,0.0027648415932624154,0.002774970918202349
152020,0.0026856238555448275,0.0029119235463676146,0.0022426851350483418,0.002891467109901194,0.0022407340174828705,0.0024821254139138077,0.0022762982714761293,0.0023752425827421875
152022,0.0023575046154745843,0.002599928470605528,0.0027647965405113717,0.0022797458714059055,0.001981732378518508,0.002343848604519097,0.0024250340572856133,0.002362804429987056
152024,0.0031229136079355957,0.003103396877279785,0.002591857282239707,0.0026594858534767646,0.0026131528940669946,0.002523757665029658,0.0029130071719989936,0.002378832966449862
152026,0.001733777173830442,0.002290379230774922,0.0018907606195122661,0.0017908009451696044,0.0014839087122702765,0.001625542711572392,0.0016009307903336462,0.0015252273410571032
152028,0.0022932276774054877,0.0024062014054988673,0.0019784587734866244,0.002083180573855939,0.0016563720243217284,0.0021860781865590817,0.0021840066576364614,0.0019233858688955247
152030,0.0016605774279870311,0.0015300263972451017,0.001705772672311437,0.0014247203785800466,0.0014296131175543098,0.0016997787075457987,0.001454432762128255,0.0013885599325718645
152032,0.001821178808718793,0.001605213017658258,0.0016859306902246157,0.0014874427319553352,0.001595049425740458,0.001344554435807277,0.0014529979099597995,0.0014142791096665719
152034,0.003251038377177773,0.002993374952231287,0.0030997359009728026,0.0032453678552140652,0.0026006723706189505,0.0024672850197946655,0.003142185374716125,0.00288233263855521
152036,0.0018530971051538558,0.0014345145255850872,0.0017146495016102797,0.0015653026142762455,0.001465342070254616,0.0014074911865785827,0.0014307410175726787,0.0016293085096267396
152038,0.001964868906728867,0.001999727936801199,0.0021943664434651566,0.0017873435404514582,0.0016629668066053954,0.0017745242296785119,0.0016091091215530984,0.001680196487326549
152040,0.002039876763906767,0.0019112289109116803,0.00172848710414987,0.0018296229811599757,0.00164447751105036,0.0017136728788254146,0.0017976436433451287,0.001643266164351856
152042,0.002705476034553636,0.002915588983119069,0.0028515550862595745,0.002564329428007564,0.0025797993809251185,0.0025239822469826922,0.0030176603129759005,0.0025720825832443867
152044,0.0018083839367568633,0.0016817990017842371,0.0016456070935175898,0.0015562658361961135,0.0015690050999614957,0.0014157073349019833,0.0013433264130446876,0.001365080315475345
152046,0.0022945897502602564,0.002032072941206678,0.0018631495413373167,0.0020735612487461502,0.00179360877962699,0.0019014330426637138,0.0020237849672871816,0.0019724130138633195
152048,0.0021336851761203507,0.0018694021502705382,0.0021857406428843623,0.001955448969067089,0.0016898199690462828,0.0018458403368027398,0.001736822507458824,0.0021108125953933077
152050,0.0020076757695631914,0.002182892241585646,0.001746153555842303,0.0016483843467085535,0.0015947072480140267,0.0015189527961010502,0.0017807654080787133,0.0013699239662707946
152052,0.002891740750305738,0.00313556294915035,0.002948716860673939,0.002666903159473988,0.00238828828401072,0.0028065743100966906,0.002538229880278353,0.0023207221955781066
152054,0.0016276452384096501,0.0015976038254903596,0.0019722330115702486,0.001638100756000696,0.001446243670987793,0.0012300127004307715,0.0015196073764284362,0.0013796010259615882
152056,0.0018264161170158388,0.0014221061802888735,0.00152706395318504,0.0014265933941715048,0.0014022405566827129,0.0011983936427623215,0.0017687339150480735,0.001365326974406847
152058,0.0019339961724056942,0.001887485055714913,0.0016673141217893317,0.0017083886487801042,0.0017345072268394462,0.001695286169229926,0.0016514500533207355,0.0014685878058733892
152060,0.0018491189866134405,0.0019261786836723,0.0023516026384449162,0.0017513548904619786,0.0018148290576256443,0.001566208880893774,0.001898863740184567,0.0018450865756498708
152062,0.002965705792340026,0.0024934880428062606,0.002509683266803134,0.0024678953253003955,0.002247922174669084,0.0023438017128085825,0.002702889850621004,0.0026374776581090803
152064,0.0030190164248306145,0.002984720212035122,0.0026656755208137733,0.0034440325294932267,0.0027972148628375854,0.0025495643120629907,0.0022340806499872162,0.002213154552755184
152066,0.002925475497797661,0.0028000018951628847,0.002990079728984407,0.002857493061783123,0.0025448680682083197,0.0027971297483521257,0.00250486133160166,0.0024490883793752
152068,0.0019454742261702102,0.0017881077832380132,0.00239461743934756,0.0018628134860909779,0.00162144073738274,0.0015402254434876556,0.002063761774338549,0.0017311517433862278
152070,0.0015080721784356405,0.001399656551023934,0.0015686875642382248,0.0013910328068312966,0.0011984733422565341,0.0012892623760054622,0.001246225031520734,0.0012348460632351094
152072,0.0025305984168666473,0.002165384896313738,0.0020415983522925757,0.0019258239126474508,0.0019329681250133124,0.001816924189655525,0.002054497108127329,0.0018257545159583999
152074,0.0027333150069839413,0.0023998620597487363,0.002171931430070606,0.0024805187713496935,0.0023542651140105036,0.002225870210809125,0.0024731120909338294,0.002741092717630844
152076,0.00217103255304342,0.002187423743388317,0.0023784179940102845,0.0018774539345400854,0.0017380513908854672,0.0016866484584021763,0.0020371728298593794,0.001711475107726304
152078,0.0018651668310932928,0.0018105980350138773,0.0019755415337527893,0.0016407111137886066,0.0014828960345532188,0.0014836736621855057,0.0017000619349816365,0.001439231262169438
152080,0.0035787029510494506,0.0029154405352029844,0.0030911034366818413,0.002536026581487563,0.0028750464125606445,0.0033083822237354316,0.0029483596255087813,0.0032432311232089145
152082,0.0018685530918551851,0.0018775039736244198,0.0018262381288165624,0.0018888448066434332,0.0016003915549431813,0.0016767197727458744,0.00156584357141748,0.001450780410847452
152084,0.0013819819886052992,0.0013907913387498638,0.0013582960415432638,0.001375005770463622,0.0014755164489912431,0.0011963625876289102,0.0012758001089588356,0.0012162335278199793
152086,0.0024865386538247686,0.0029896592968219893,0.0025569692322170573,0.0024615154634082814,0.0021915239354425436,0.002335071450768736,0.0025135661921249497,0.0024132236160452486
152088,0.0027783366831873324,0.002620904311427266,0.0025282043742891475,0.0023029794831472827,0.002118028065140179,0.0021742480498829764,0.002264215877122569,0.002371972043849979
152090,0.002806416822921598,0.0025568554550856742,0.002375173228297403,0.0021065393540189437,0.002412119866417331,0.0024139329889320132,0.002217053549484982,0.0019386274081265586
152092,0.0026278612602004814,0.0029219697775115933,0.0029819297601572092,0.0022876519322709843,0.002403899106831142,0.0022219546856279276,0.0028701538695239392,0.0025807126081185544
152094,0.0020750848616703094,0.0021687346488983295,0.001717383117139093,0.0018960937254954846,0.0015724043891440775,0.001969004623705084,0.0015577872539035559,0.00152059183558656
152096,0.001626259827912771,0.0017762668745602839,0.0019124368771657047,0.0017409549824322218,0.0017289722199454044,0.0016583308484428017,0.0016399030172170037,0.001525343151767014
152098,0.0026948524982385452,0.002245782349380221,0.00268766522857794,0.002025027318390951,0.002134301259743357,0.0024020536063780323,0.0019908762338458758,0.0021146149336032233
152100,0.0016983930150597099,0.001347307231800557,0.0016443065058857759,0.0013886235114536488,0.0015075644380103115,0.001515160519045669,0.0017070490110349112,0.001505274449069685
152102,0.0021278632809153125,0.0021073177261463627,0.0020449032096330755,0.001895795911128817,0.0017500003780735462,0.0017020599419542842,0.0016786792934669337,0.0018890630598820263
152104,0.0021844335602241305,0.0022177910240244736,0.0021781491490893146,0.0021453259098331984,0.0021200677281956737,0.0023100715491806145,0.0022197128228330087,0.0018111303684603813
152106,0.0030447035298811903,0.002619526383291826,0.00267518969452768,0.0028641166192672346,0.0024558715502681766,0.0020240370271308455,0.0024397680038008712,0.0020863412549163574
152108,0.0017119448830239664,0.0015632080613699056,0.0017061219483436307,0.0015041929560583173,0.0015018024506905508,0.0014931713744248537,0.0015300637009696555,0.0014068838550485574
152110,0.0019912342869777278,0.0017603731474226253,0.0019323477595838967,0.0017456797324244683,0.0018762806284936678,0.0017453482187939628,0.001846810690768766,0.001512170208212163
152112,0.0020828588909782703,0.0028361266845036703,0.002194121441434993,0.0020871805593807857,0.0019074146623598992,0.0018648897952369126,0.002186674263846014,0.0020447805726755974
152114,0.0023396486087401414,0.002949724356121841,0.002255625702418662,0.002063588142993622,0.0029056967114872295,0.0019788113997032952,0.0023515657856392758,0.0020541877781499185
152116,0.0013207925887934735,0.001441199773204227,0.0012891500188851879,0.0010658749333664203,0.0012735656599996426,0.0012013946464029118,0.0013400155177487605,0.0012661043346447048
152118,0.0024169312217077327,0.001872458229596266,0.0021414074388055454,0.0020504654893080954,0.002000784581976514,0.0017179142286716242,0.0019137550641377121,0.0018777286734744797
152120,0.002803300354612459,0.0026882071761386156,0.0024964738413792986,0.0023546678510411173,0.0025379761388180655,0.0019783248898078143,0.002199915803524688,0.0021877408561424283
152122,0.001920495493369645,0.002079416468421927,0.0022505242517487783,0.002191850065625056,0.001630366986964893,0.0015204032850913013,0.0022273770457571646,0.0017281011666431395
152124,0.0023629406052139285,0.0019897274896740896,0.0023643685083086924,0.0017947758351367776,0.0019783676393020505,0.0017484949750035256,0.0018209333553045326,0.0020634480247780917
152126,0.0025056981690030344,0.00275529353573134,0.0019893041068450718,0.0024431563806249917,0.0025473143579284874,0.0021250707170622635,0.0023555761241445122,0.0020498643263491823
152128,0.002103647368357997,0.0022313307780044145,0.002060810696646445,0.0015907323484578573,0.0017597620625232069,0.001593214592475134,0.0017413955182343788,0.0017130452849101752
152130,0.0022781545661049313,0.0021822173243771226,0.001858900113730147,0.0018618032518341737,0.0017092306941083463,0.001931911860132543,0.0017788018434059527,0.001914138384915498
152132,0.0021614193904423568,0.0021297219974238946,0.002116261174035086,0.0021363428871771367,0.0019914321110099525,0.0020252834791800872,0.00208895808658828,0.0018224005987944047
152134,0.001267418556904057,0.0013224914310763225,0.0012450816840310491,0.0012501745039406181,0.0011574528639218956,0.0013778415414401751,0.0010838134218218998,0.0009597705729398644
152136,0.0022261099483818075,0.002442924376349201,0.0017609449438694136,0.0021863262228763447,0.002232317382731011,0.0023125699632843416,0.0018519352835379005,0.0016647018293972082
152138,0.0021177417609061777,0.001685902851484622,0.0018010218241251152,0.0018804542289987958,0.0018682632450586212,0.0019539791587409733,0.0016736727524624545,0.0016656051042046732
152140,0.0020724282336927052,0.002142160500541848,0.002116845599475836,0.002000847902911676,0.002332839070732798,0.0020347939909124424,0.002064173712615025,0.0019297062623784833
152142,0.0021893637179686842,0.0025539794678869493,0.0022883522270329554,0.002072766070452939,0.001982203053159229,0.0017784370358259333,0.002023705196298034,0.0023413005398471715
152144,0.0015432740853249527,0.0014320901223113247,0.0016238867684146285,0.0013841665258214203,0.001382488069112675,0.0013566311536395426,0.001597344452236804,0.0013750425153509355
152146,0.00183542936520098,0.0014484928630322802,0.0017095356556143942,0.0012650525996860257,0.0014248272463324718,0.00126829773720262,0.0012251885546279428,0.001288665334293393
152148,0.0025075602978861244,0.002345416861260441,0.0021464193052633945,0.0018312059469949432,0.0019370468674702185,0.002155149863856176,0.0020573666112758127,0.0019320317193927267
152150,0.0024349317543085475,0.002168018559630447,0.002035317310359344,0.0018332875393847203,0.0019000574005008236,0.0018261085435802848,0.0018260690639798072,0.002004076597987972
152152,0.0016505482038842306,0.0018516380722302106,0.0018153261412683919,0.0020937261767545318,0.0018144491487853825,0.0018484513639747124,0.0015323677953347214,0.0016390993426940725
152154,0.0015583680875510542,0.0015926603045924304,0.001588190576314888,0.0015415994604718458,0.0014921949699227138,0.0014495357087773858,0.0016161884628274198,0.001439199887726686
152156,0.00219823523874485,0.0026223730255109517,0.002101061306352625,0.0020699580460012967,0.0019695762865906824,0.0019080332909704456,0.0021103012206822314,0.002169440098540379
152158,0.003779267387273022,0.003390510512266909,0.0033517759308217127,0.003204037043986807,0.003434934254217828,0.003182834543263846,0.003399415135385775,0.003337922442848265
152160,0.0022902612078932183,0.001727689877797936,0.0021774937397806143,0.0017651995954782174,0.0024265448244232962,0.0017679932474125165,0.001886108968513503,0.0017565164964456065
152162,0.0020862034290787396,0.0021989419759993606,0.001966925978274095,0.001904670281227594,0.0019486720912107458,0.0017178172638115385,0.0017645570018037932,0.0019161922165651518
152164,0.002041888889338317,0.0022825424933015648,0.00271045583530595,0.0021294386858328185,0.0018638497269780757,0.0021855515044171825,0.002370960121734003,0.002466921981190362
152166,0.002504259894442598,0.0022184089550937452,0.0023675855861951534,0.0021800307388902262,0.0020548939355902324,0.0020479190788825208,0.002191056931373281,0.0019827404667378673
152168,0.0014492307857665865,0.0012773973429705543,0.0013252031162814953,0.0013448781962638462,0.001224120068670731,0.001276344653487138,0.0012395422661993921,0.0012107481020982025
152170,0.0019679114545010506,0.0019705601112731674,0.0019579886742785574,0.0018405662823975377,0.0015400295395090607,0.0016489778969020485,0.0016744144308172282,0.0013972645823412955
152172,0.0017492586578505276,0.001608747508720365,0.0017812411390247807,0.0014708311542932506,0.001555187035766195,0.0014692094537528538,0.0015725538863514132,0.0016189404902253873
152174,0.0030515664244435,0.00265948508502091,0.0028839956867019456,0.002677629583749175,0.002472155129567055,0.002285017432412509,0.0025232797130370216,0.003008672170437557
152176,0.0017959129588216577,0.002187474967738204,0.0018959071832586188,0.002206814582880412,0.0018795438758099081,0.0017978515078649476,0.002175413772939186,0.0018446417527735598
152178,0.002633055106950055,0.0024806850156124938,0.0027030986366539805,0.0021544526207129544,0.002237329093708107,0.002217559453634943,0.0019095723245963203,0.0020646662646722908
152180,0.0018278690032414446,0.001850245953279997,0.002104830928012516,0.001649447488337119,0.0016245149304163764,0.0014670415386508623,0.0017265844719860507,0.0015121406561014045
152182,0.0019238691711054856,0.00196224091081465,0.0017677686339517273,0.0018217594418268868,0.0018603266552317393,0.0018474921078022316,0.0019799944515126594,0.0016896876612055994
152184,0.0015993139525696254,0.001300206048785238,0.0014151680223118412,0.0012817620789724732,0.0012357539468391132,0.001427460833001215,0.0011753568509548368,0.0012376228743439383
152186,0.0021982286016125757,0.0018857753785559428,0.002285640027778771,0.0017655956016072866,0.001548331558668195,0.0018587183011392755,0.0020702817821828395,0.0016678912917795913
152188,0.0019800438497077355,0.0020306249659862857,0.0019202359265255847,0.0018166647328468621,0.001679341168598969,0.0017161198958002277,0.0018242375525387988,0.0016900582587310448
152190,0.002088505887637551,0.0019230594536845391,0.0018346592233712405,0.0020141678324583356,0.0018358382794758793,0.0018591706005034597,0.0016446470143428038,0.0015858712802550162
152192,0.0014389938424522186,0.0014472658658972737,0.0013944049884754423,0.0011054490635437203,0.0012148227701767045,0.0011163466942385597,0.0011569690233206864,0.0011656033269381721
152194,0.002215956335813951,0.002044405946286576,0.0020528733855580544,0.0018969778982835944,0.0019498092529113414,0.0018280964471826255,0.0018655642413287765,0.0019333048803540365
152196,0.002174856758089483,0.0018355691761989257,0.001798117832097157,0.0018115749379310625,0.001733224384265819,0.0017856448984652218,0.0018054667316343004,0.001614222366208909
152198,0.0026766677568691583,0.002348629690110529,0.002479026904256623,0.0021871108348726076,0.0020817138199609314,0.0022032019210472265,0.002383805637385175,0.0022212495267737303
152200,0.0024491665478561103,0.0026606886229352394,0.0027627950018462855,0.0021443990888643377,0.0018085705583688189,0.002171589077989644,0.002665111232719397,0.0021489505760308725
152202,0.001432906207839757,0.0015313605794276541,0.001607977199712174,0.001293119725140679,0.001385233929561816,0.0015194011713160066,0.0015082776133802517,0.0013612775445132203
152204,0.0031295589309421334,0.0023955414068261988,0.0025054676891423378,0.00267290653444463,0.0026515175640574734,0.0027685473606740146,0.0026309050303489206,0.0023634281157187825
152206,0.0018565905345109407,0.002199673986258921,0.0019750504592800505,0.00184352545159161,0.001763328793490615,0.0018447854342996117,0.0018276616402153195,0.0021486860193500323
152208,0.002060784653196146,0.002193939269305112,0.002070624868463225,0.0020786677244361146,0.0020251191857112577,0.0019079792668002526,0.0018856805809739502,0.0017450027310497163
152210,0.002010107186101673,0.0028349646264935885,0.002125160704668519,0.0022277575265983313,0.0023930769176656735,0.0019597340697763976,0.002124112226882302,0.0022708521558568173
152212,0.0016460740887902503,0.0014527888914213222,0.0016495869868158458,0.0015785049680194924,0.0014915186976983824,0.0015127001671333407,0.001737107872774049,0.0015096740735940362
152214,0.0019979951233539683,0.0021322870995744148,0.0021863969436737435,0.0020072548208114327,0.0018305020387699017,0.0018744189398126748,0.0018868616765286422,0.0017479787812285097
152216,0.0026316028967232757,0.0024845840749650044,0.002327385717709518,0.0023200298841037498,0.002217626467459058,0.002477453899266069,0.0024791667593258016,0.00198649975232347
152218,0.0024468312497183953,0.002230643134744137,0.0020716814272573464,0.0022654441243742524,0.0019864217157894992,0.001984136091685143,0.0020347382010293402,0.0019811689029064633
152220,0.001704643232296521,0.0015237096961442376,0.0016636666027205482,0.0013294810851917221,0.0014765246001662846,0.001350017399428305,0.0012072952972064233,0.0011488316847731994
152222,0.0013388040184973,0.0018193255995485047,0.001563283768518886,0.0014587546572886328,0.0014666383357566648,0.0013697593398137031,0.0014793960804410228,0.0015040557018735634
152224,0.002178630077103186,0.0019806578974943534,0.002170105748425369,0.0019138662101736564,0.0018348325151285594,0.001693007640863664,0.0018794915485079167,0.001878307595797546
152226,0.002118083956727246,0.00209435249013451,0.0020014745009084983,0.001706637157281643,0.0021957620291895297,0.0018061347793536658,0.002088652302119756,0.001628875171520383
152228,0.0025534169640354515,0.002360689509735503,0.0024291619824465815,0.002230294426796578,0.002398294310559601,0.0022677160534634866,0.001980798823618249,0.0020431960566851814
152230,0.002868268566082799,0.002857760708642465,0.0034201467911652017,0.0026156847443559172,0.002315953121383496,0.002628760797975374,0.0023436098223884733,0.002680552746881837
152232,0.0020279862244093755,0.0017914230714871082,0.0019347636185182981,0.001899733945155982,0.0017322272904664177,0.0016904886316391199,0.0017368392747398875,0.0014986318157484413
152234,0.0024548112460399812,0.002443953012477851,0.0022893353151609702,0.002175393965199446,0.0023976266400165813,0.0017550017380603272,0.0020514251036820585,0.002012337862079827
152236,0.0027225587587622613,0.002693694233673105,0.002642504812050764,0.0023401517317724885,0.0021081892904784016,0.0026198711173753275,0.0023208837138893323,0.002373383072168167
152238,0.002143647013549535,0.0021899403691350017,0.002097811343578171,0.002032211990099078,0.0019404173225036209,0.0020134122086270523,0.0017539881016770537,0.0016670013903239411
152240,0.002367143683754694,0.002703621992925287,0.002218923085994584,0.002145040181944849,0.0018113497925076466,0.002211420937077213,0.0019999388436751225,0.002284897054763771
152242,0.0018478562435158552,0.001983366877686757,0.0019323929570811416,0.002290775039675577,0.0019382055614496907,0.0016742687038109327,0.0017537709319754985,0.0017312503238798294
152244,0.0028732285932277085,0.0029881151141992884,0.0025950323300776845,0.002063671065434272,0.002300811818404469,0.0025916448723233843,0.0025051309390861226,0.0030249921813657737
152246,0.0028502446838220147,0.0031407417460176945,0.0030989515390250078,0.0027054012406380057,0.0025896228624638362,0.002691085860032652,0.0026746016664349614,0.002669187988871294
152248,0.002091189492146539,0.0017427662922229192,0.0017672126438828123,0.001672936723727203,0.0016563065277575562,0.0014037919364549012,0.0016813211611708262,0.0014645775310134918
152250,0.002857779030165597,0.0030183950233593354,0.0028708632136320716,0.0021821501516340464,0.002555784868466651,0.002679406815731547,0.002683181483776123,0.002455440681765675
152252,0.001864097090874317,0.0018395528324721827,0.001550794006855441,0.0017037463462870606,0.0014989612187543688,0.0016188559528036578,0.0015290348095109985,0.001654351021219816
152254,0.0019797073574229357,0.0023423540719134245,0.0020417602829048698,0.0017866972433236428,0.0017011621993801018,0.001829997463211941,0.0017655583469642355,0.0015918760212143557
152256,0.002099137652697758,0.001708119816996645,0.0017056422030376078,0.0017301310732959069,0.0017525099909476843,0.0016325147752077745,0.0016818781392311521,0.0017147170672960343
152258,0.0017266590834852935,0.0016439729807622566,0.0014986606586986917,0.0015143193043015146,0.001733270291603084,0.001401303000548637,0.0014685561130659691,0.0016407793192466102
152260,0.0022461485089647765,0.0016000193000421797,0.002073120896531902,0.0018058089719246717,0.0017878607883139441,0.0016594997784216137,0.0018729121975137458,0.0017417300766489063
152262,0.0012606793954695328,0.0012319931308513166,0.001104173430700739,0.0010374756915432354,0.0010874161836187946,0.0010415108289524438,0.001221359236668898,0.0010137056754553342
152264,0.0020745605263728373,0.0021040660021498653,0.0016221395438748148,0.0016292227997385944,0.0018230867235017462,0.0015732488757481122,0.0018116006244248695,0.0015229943349839292
152266,0.0024795488768414864,0.0019284944894760875,0.0023628942472493503,0.0022784749876950117,0.002110579833492443,0.00214186188055189,0.001770239539851684,0.001916757466134067
152268,0.00193461090361563,0.0017093954931601818,0.0018581860846556553,0.002162241787709643,0.0016562819668798495,0.0017092365466488957,0.00175482632805736,0.0016774663979868265
152270,0.0033854248602395304,0.0031671329489385697,0.003401108212306561,0.002443985425584272,0.0032353561246145635,0.0026961680781783515,0.0027144133935843584,0.0031493139985384055
152272,0.0016288147312988471,0.0015010463539826824,0.001722525376299855,0.0014761112222672623,0.0015344068603268118,0.0014555681348508293,0.0015359584375609359,0.0014178097841483078
152274,0.002353427574692868,0.0018285991675984214,0.0018871714112612126,0.002089479810641462,0.0017966910320888069,0.002026598402247226,0.0018550572818334388,0.0021483323815483235
152276,0.0018433379947647155,0.0019245326259351714,0.0017190285945254402,0.0016924938804487866,0.0017162254551519873,0.0016990799555350322,0.0016106893381145349,0.0015063375347068586
152278,0.0020847675887415568,0.0022368308058800523,0.0020998917810916146,0.0018723254027992603,0.002114496390640666,0.0020331179395407517,0.0024209364035117226,0.0022563681483834253
152280,0.0019833838001175885,0.001899896318895436,0.0018286084070867764,0.0015258119681740845,0.001694562271423783,0.0017331319510663357,0.0017328410197023913,0.001562601881134898
152282,0.0015876748658039674,0.0016402575533775027,0.0016532396469981642,0.0013899620597108836,0.0017147812405041152,0.0013510726518389249,0.0013795440187753943,0.0013675542445961697
152284,0.0026369848474570162,0.0027321695349871167,0.0029231007892178834,0.0026303990777787473,0.0024284830525746065,0.0024633411364052282,0.002544833489473,0.0027243803921189885
152286,0.001985482077053513,0.0028374445535212095,0.0021920178489999304,0.0020332214126848047,0.0020391667992250007,0.0019606656172266868,0.0025998053840305957,0.002474506184743222
152288,0.002217440866207676,0.0018760544017517589,0.002217705762611169,0.002346554689666727,0.002084480139823486,0.0019006559954029556,0.0018788204024042798,0.0017722971756496536
152290,0.0017544496319352731,0.0018508523565861218,0.0018971073779461278,0.0019537453313218794,0.0017134313880534102,0.00171976696818682,0.0016564987759801753,0.0014159346954713131
152292,0.002206621384886809,0.0022696345115633676,0.002225340865358652,0.002018603457887347,0.0019831847172673833,0.0016732725643784363,0.00167763759294616,0.0018976500074439073
152294,0.002211415331174804,0.002124499924028425,0.0019262352538698124,0.0017791170345980017,0.0018745311957175798,0.0018664728125315083,0.0020098603374100327,0.002010386788108845
152296,0.0016596488071372179,0.0015225750834791385,0.0017992702354731188,0.0014970695196014905,0.001654106474729966,0.0013159404455800328,0.001709604352717664,0.0012843035357548716
152298,0.0024774880171612446,0.0021534055845378597,0.0017301942946443966,0.001744652298242555,0.0017329359263973942,0.0020711900735519984,0.0018727545277035795,0.0020359153280422593
152300,0.0028525557936023294,0.0025647984227883946,0.0027924724940254914,0.002478147799609212,0.0030289076795487896,0.0028107700680391062,0.0023219933171182566,0.0020137184532365016
152302,0.0022802720419923816,0.002283175075647473,0.0020729736705530494,0.0020917278509840487,0.0020641012734890496,0.0020124916090949463,0.001978487274062468,0.001860529756975829
152304,0.0014307838544169726,0.002118296557231114,0.0016710503039468194,0.001794848749252731,0.0016759757538347686,0.001261778536872038,0.0015870108300428815,0.0013370633971399593
152306,0.0017173426695677035,0.0018835946669409354,0.00194026865105551,0.0019029008346560655,0.001583352073771263,0.0016991208016989973,0.001713993967620342,0.0016583114304467017
152308,0.003572785025991579,0.003146117467353951,0.0034455389993617302,0.0034309940379274734,0.002759891122526406,0.0031027141444432,0.0029558661085276605,0.002975185493829857
152310,0.002980025986378587,0.0036182453793123792,0.0030351916180393346,0.002594055477178614,0.0025620563733465135,0.002573574974476023,0.002717676600566543,0.0023893319393875623
152312,0.001799492732596067,0.0018316386243948934,0.0018235222586062694,0.001641944765110051,0.0020604156656301026,0.0018161814367643192,0.0018204781020978444,0.001702814339410788
152314,0.002647044536169388,0.002573898149863099,0.0024354593593525764,0.0022657345698497977,0.0025729018520676133,0.0021897479112107376,0.00254162808437286,0.0018992816085128816
152316,0.002634354369830172,0.0027243687255063126,0.002725567017081154,0.0021349539235177156,0.0028881816321107423,0.002257928461444847,0.0025727431274391727,0.00243874466409727
152318,0.0019354414045871238,0.0016850586208791984,0.0016352704180300354,0.0016403583391614435,0.0016249017368450414,0.0014374985485754999,0.0015846262560634816,0.001603434997663522
152320,0.002553610482466398,0.002601911173616911,0.0025148049981318366,0.0022173152652307793,0.002568009716986952,0.0021983980262834657,0.002502012881331131,0.002112093700079365
152322,0.004600571832326372,0.0039193544361598165,0.0039555832740716945,0.003210111206473576,0.0037896232016123577,0.0039218866906921,0.0037625920027890697,0.003664067541200078
152324,0.003384212014646573,0.004060850255394266,0.004220930716197779,0.0033614424934598347,0.0029979491318404966,0.0028365468931418475,0.0030229014282510125,0.0034482860387266
152326,0.0016636817974951534,0.001948985213434895,0.0017346543109376805,0.0017176712040768566,0.0016345654751109967,0.0013748750952558147,0.0015020868662243836,0.0016796971941366312
152328,0.0019989760260356176,0.002400512884470754,0.0024593730653160867,0.0019486796558419034,0.0022276414800143224,0.0018649966173109878,0.00205781204682709,0.001961257185573509
152330,0.0015409150076224482,0.0016548747205916842,0.0015985360753843075,0.0014385286696507738,0.0013010215469455577,0.0011443372119501888,0.0014747707188922932,0.00136972900770993
152332,0.0023485881666718833,0.001998167971242762,0.0021131261930186357,0.0019804715511178572,0.0016564996856986008,0.001801025302228601,0.0019232378513583392,0.0018553765903833869
152334,0.001983034416335308,0.001949956973403888,0.0018756026345281285,0.0018580226128163263,0.0018917112748262355,0.001526196154490178,0.001853077540692541,0.0018058134044816043
152336,0.0018264046541871526,0.00211290186547175,0.001968374535088968,0.0017911238193414475,0.0018870290013306978,0.0016230459061439412,0.001683809486455315,0.001619828566279527
152338,0.002723702214519133,0.0029917169257211995,0.0026234769299576244,0.002783911775278272,0.0024716257868334784,0.0024423650335637093,0.0024788366038275833,0.002315253993165678
152340,0.0020942079217368126,0.0019282756059318396,0.002015443352756441,0.0018814698332465657,0.001751079581193915,0.0018369477805804113,0.0017509851142577665,0.0019271885702693142
152342,0.00199086925262848,0.0020417050709143347,0.001668396435495892,0.0019174405736524514,0.0018452715609485054,0.0017286041948340186,0.0018056940439548225,0.0017254828242952436
152344,0.0016145372923544038,0.0015608314361950093,0.0015729613466328868,0.0014691192109890366,0.001489120750543249,0.001404262626983288,0.0016068576225605202,0.0013311683785135475
152346,0.0025956658267568683,0.0025978660155546174,0.0024533477969477246,0.0023516225101756355,0.0023323781139797384,0.002736899808495133,0.002294057647997963,0.002936003654532851
152348,0.0016662072207662831,0.0014407984406701463,0.0019075659746627949,0.0016639203645529982,0.0014657721934208112,0.0015706558588457487,0.0014493317613695766,0.0014785425083738701
152350,0.0024020057708471487,0.002339168962294816,0.002403309550733701,0.0028213519271628323,0.002077314959665566,0.0022132456853649757,0.0024786362954776764,0.002212816326974121
152352,0.001120664693026685,0.0012177979808836725,0.0012546149688166808,0.0012906180025820668,0.0011720291451036147,0.0010972080027799175,0.0012872420335064,0.0011689644449819486
152354,0.0019767302329588704,0.0017279652005319779,0.0021739569284756066,0.0016476230526841912,0.001693809091075027,0.0017153742824425056,0.0020170752961803373,0.0017103671989465163
152356,0.0025188463129686145,0.0022098764293898704,0.002256041853460289,0.002147313763465386,0.002230673397264127,0.002513378679334155,0.0020068319135816554,0.0025334529627368263
152358,0.0019312792220449598,0.0018220612422398391,0.0015839684922039354,0.0018743702321180056,0.0017804821378120672,0.0015324978768838649,0.001511523314805585,0.0017329179373470893
152360,0.0022540060514298355,0.0021135964632970072,0.0021517287132156865,0.001857938470979384,0.002026666490729037,0.001981501871159544,0.002276637048352917,0.0023345757140449397
152362,0.0021984951427498345,0.001994090555214323,0.0018757294465494706,0.001803620903190209,0.0019174519924339967,0.00178774737799281,0.002023010785874871,0.0020262435556697156
152364,0.0016967006697596876,0.0016009930959084984,0.001739951005385168,0.0016636064320945665,0.00137479525658879,0.0015329677914277667,0.0015166155800340336,0.001490019934401024
152366,0.0018326007734233013,0.0017061357970289542,0.0017284483845581011,0.0014830569953506179,0.0017234754428213095,0.0017231321268431632,0.0017658059881448113,0.0015081890720969465
152368,0.0025866731758237282,0.0026883729001628276,0.0022534942381722406,0.0018633843156159458,0.0018811214659301273,0.0020276497085527367,0.00212826472522111,0.0021435031683003647
152370,0.002120236172023851,0.00196433953447496,0.002320500745163226,0.002045619226810916,0.0018937854653766767,0.0018719530615316504,0.0019060993117661074,0.0019579181229712056
152372,0.0031329834937992573,0.0031408878894580994,0.0027920205247809055,0.0032581979202319644,0.002920592558847482,0.002795051544254079,0.0025398190556402828,0.0023065817632306335
152374,0.002034850789832135,0.0021493833650829824,0.0022664027715058044,0.0016856052054781273,0.0016379783286810806,0.001802850504866671,0.0019544962634150537,0.0021201154132439864
152376,0.0018649457799183033,0.0023591396766884376,0.002050606178214412,0.0018265374341576296,0.001989214717015797,0.001615690687125096,0.001981853110024412,0.001890278254957481
152378,0.0021732305995532247,0.002128015880282788,0.00240551801824819,0.0018454876022302447,0.0018572875601654548,0.0017044297544863696,0.0018492022877227843,0.0016525693065788105
152380,0.0017925140240463572,0.0016542461700774919,0.00173628972267853,0.0014625814306477025,0.0014827264756749892,0.0016138999878979043,0.001310933750576171,0.0017658191377195737
152382,0.0027484025840771725,0.0028293457551856194,0.003154598288715796,0.0024727478828801552,0.0029138062488348743,0.0024921905237958036,0.002732172650532272,0.0026067681477892624
152384,0.0021341212439915935,0.0020471160231461116,0.0019328321863722048,0.0018185375564377382,0.0015553348307633663,0.001653762564468933,0.0016790325011856316,0.0015610389617915083
152386,0.002667129020364492,0.0020399413734618066,0.0025678975822530786,0.0022464917444697946,0.0025518197758512273,0.0023386014501918795,0.0019042901856099054,0.002092517455675305
152388,0.0021400802485228715,0.002122353439771088,0.0024006603634669915,0.001988757830114221,0.0021189028701629753,0.0020209801854242926,0.0018873445760293622,0.0021746166695070374
152390,0.002371960795052988,0.0018432212389303398,0.002011708563242745,0.001711498841546144,0.0017365048759243745,0.0016646948376498744,0.0017451530607032334,0.0018554305064982929
152392,0.0024815233723286673,0.0025677684604408363,0.002237546186947492,0.002450616578073009,0.0022428993122938223,0.002138391692264166,0.0024408806370539993,0.0017715178175912172
152394,0.001925456750873425,0.0019660428285731,0.0019829746956918776,0.0017486747417203574,0.001965598520351289,0.0017829549886411306,0.0018852545065928816,0.0017238593167604593
152396,0.0017246479235701884,0.0016468147672879518,0.0017051640634983128,0.0015018550005681114,0.0014760525410380115,0.001361222291609343,0.0016293638463310695,0.0014610679475866167
152398,0.0026155136553685093,0.0030926611568213858,0.002801759727663944,0.0024708335455772557,0.002094631071141287,0.0022848258268790694,0.0027813610538269945,0.00237425646497208
152400,0.0032498842537560663,0.002544071689336569,0.0024035571993208382,0.0023305937305387325,0.0025309271287683593,0.0022841940841400593,0.0021655939633020843,0.0019558262282262096
152402,0.0020357711100072035,0.0020530563556736686,0.002073298320959316,0.0019557675776887273,0.002036607242233368,0.0018565549001415271,0.0017690952191173892,0.0015055302839082074
152404,0.0020484771301439025,0.001910621162852802,0.001754796365659464,0.001619636059172272,0.0017585598947306297,0.001824117584648191,0.001455322265636605,0.0013958843853567743
152406,0.0015566767661943093,0.0015073188438359392,0.0016278144732111977,0.001347940409264281,0.001341951562622512,0.0014078836600792816,0.0013301290814402567,0.0014121230043571131
152408,0.00199792418794488,0.0019267525990618872,0.0020013918376835665,0.0020406696477426878,0.0017680158035274923,0.0018440459661622915,0.0017447226309565966,0.0017053074367873317
152410,0.0026054247456039903,0.0025735685489722965,0.0024058808957561073,0.0024633082254147537,0.001970756574933008,0.002297436884795681,0.0027107048679547857,0.002418809543226763
152412,0.0022687773864755872,0.0020783966607213072,0.0022263113801051504,0.002298520508981508,0.0019109862560720559,0.002114276786591207,0.0021065824411592993,0.0018482178526525589
152414,0.001963424281762341,0.0020521074977031817,0.0019282160612874577,0.0019157653175932432,0.0017260300445035015,0.001762404711837251,0.0017276353733112343,0.0015569777965487308
152416,0.002573451001466831,0.0026814400378614156,0.0026279441411068,0.0024317280115738193,0.0022471807664823373,0.0027720900661526576,0.0022982361847032756,0.002215374515885507
152418,0.002181218540986407,0.0020694072441891503,0.0019317225817692268,0.0021774203817992444,0.002163092062871255,0.001818244308176134,0.002129786295275174,0.0018096540410559303
152420,0.0027454723162812084,0.002734862417890352,0.002469800748535214,0.0024704498783028606,0.002399110600208601,0.0025253014933390716,0.003113671827323708,0.002500582743863569
152422,0.003303317886522286,0.0031690838256914905,0.002763408312213278,0.0027125822905272323,0.002809499480037836,0.002247000996068574,0.002439618960392631,0.0025388766780798516
152424,0.0019289673072373503,0.0019632866160970153,0.0017559828847879544,0.001717586597261303,0.0015449238484347566,0.001664866899697262,0.001526531774986975,0.0016205162278959406
152426,0.0019832902299334876,0.0019001100133109322,0.0018457135789385348,0.001859060411711022,0.001644322216236685,0.001853517284903461,0.0018088782357319477,0.0017269117219421148
152428,0.0013229886680738018,0.0011573927902076009,0.0013168095278681818,0.00114943481296792,0.0011053856483648344,0.0011395871904336247,0.0011718840147865311,0.001051663863727903
152430,0.0023640957172388344,0.0022463808609969466,0.0022940540794452874,0.0018922139161459267,0.0020194494500919286,0.0020433772478603007,0.0018522373285232568,0.0020331780745864864
152432,0.0025527555176916294,0.0019405312093417337,0.002333802513035721,0.0018364305038289785,0.0018190205303519336,0.0024664120699351977,0.0023728252158159574,0.0021157230941055843
152434,0.002058938693438886,0.0018064279995006066,0.0018546693348560211,0.0016324253686899604,0.0013907793909310323,0.001460197757774409,0.0017284818382599099,0.0015752676381021319
152436,0.0020432304082982355,0.0020410170036160857,0.002049231547447905,0.0017818336119148626,0.0015753507339530959,0.0017511678149901982,0.0019879661278585647,0.002210087983488665
152438,0.0021435969948699896,0.0019718899049516736,0.002100596530469137,0.0019652698636810073,0.0018005172185218132,0.002194337126262491,0.0019584430023940197,0.0017374097210094558
152440,0.0017528362572828554,0.001493074640861028,0.0017444092567248243,0.0015203663898289421,0.0015267699045312805,0.0016316259364202446,0.001436794684677667,0.0012840720504199293
152442,0.002030486307129431,0.001928416946351208,0.0016748068277328138,0.002026564861543678,0.0018693841106056652,0.0019599454957947154,0.0017360866898494809,0.001664242229251267
152444,0.0023206191857239183,0.0023187729335063523,0.0023496675342188494,0.0020312975118133014,0.0019776562020332733,0.0020631898000467302,0.0021379234943990633,0.002077211728821249
152446,0.0015491499090893868,0.0015698808505330147,0.0015675708374991576,0.0016095526757489154,0.0014564650939519197,0.0014137002896319473,0.0013080181691160764,0.0013408496791372237
152448,0.0019823241307257433,0.002100291602587845,0.0018457017356230537,0.0021855382685140867,0.0015044683501824196,0.0017094161321058593,0.0017295088385261975,0.0016101945028440673
152450,0.0025889218658901175,0.002355991992328846,0.002149652109982428,0.0026860142284319682,0.002463324865775718,0.0021528157878611953,0.0022982061816595595,0.0021125912514152884
152452,0.0021647126912664044,0.00203402677905086,0.002137833236981246,0.0019640090019488188,0.0018814733881813428,0.0016563398823274955,0.0017636382303966164,0.001954694230509091
152454,0.002136785425833898,0.0020126781187921328,0.001729250743100208,0.0019292572435363753,0.0017691694900069527,0.0018408853004112657,0.0017094047344637375,0.0018145846672590893
152456,0.0021381388108182714,0.0017795630008393126,0.002105174130273682,0.002075332628903706,0.001895316472655395,0.002010466630243679,0.0020941557555920337,0.0018470194574443793
152458,0.002154585766071096,0.0025033640249638722,0.002473233252558771,0.0020967443888764287,0.0022914775955329564,0.001963083592808626,0.001963312366142278,0.002259651166245949
152460,0.0024045128479690536,0.0022949241747366594,0.0025999235318905495,0.0023591429336272812,0.0022292051979514588,0.0024465843298868695,0.00220004964740729,0.002010514068580882
152462,0.002383861658121225,0.002192427044113432,0.0023451455265102172,0.002181835184426939,0.002232410317138514,0.0019801562411856516,0.001928992503997043,0.002113777666610042
152464,0.002135458291654624,0.0020192485652997944,0.0022070837441830055,0.0017490498826175926,0.001647448859943959,0.0018510677626444455,0.0021301198344636646,0.0017007823974148906
152466,0.0020054630278583258,0.0017162010712706982,0.0020111445170834102,0.001632829072093292,0.0015156080441794395,0.0018735029540532105,0.0016678852061770139,0.0018704817893717834
152468,0.0021837235878165023,0.002188074720558042,0.001858519473874054,0.0023836288489892526,0.002254408256455745,0.0020240155746181904,0.0020369798083713087,0.0021052517306788254
152470,0.0025570596529346373,0.0022655902313706427,0.0023700234970859407,0.0021109337735802924,0.002018275754682844,0.0018402811714569034,0.002273605305926074,0.0020990536793746295
152472,0.002426976453714938,0.0022122187995219506,0.0026206708810072726,0.002118769460156003,0.001774530192956425,0.001991524875578854,0.002079004031053669,0.00204236092985971
152474,0.001899470589705743,0.0020881970720587617,0.0022627632594810626,0.0019365045354019644,0.001831372379857435,0.0018522629810367036,0.0020489455472510465,0.0019740049356471584
152476,0.002827682297664502,0.002820462751436159,0.00253875842392276,0.0026591973061096397,0.002693087936024574,0.0023213862512455052,0.002583525590744276,0.002670569674841694
152478,0.0014794723093282253,0.0014123772372711674,0.0015807477785085983,0.0014813216044737842,0.0014299241402432467,0.0014513823833734035,0.0015468971085780409,0.0014256553259888727
152480,0.0014154996145093884,0.0017651923957778953,0.0016834310152602644,0.0013471942874825893,0.0015061941104512755,0.0014879157466119453,0.0016109459049931107,0.0013753605310884987
152482,0.0023523437301614797,0.0027023177639834556,0.002506577297110693,0.002350918379528333,0.0026726361335454585,0.0020882460996887175,0.0026765471070169244,0.0021807794270679026
152484,0.0015428748785242252,0.0015516629000612014,0.0014499138578565884,0.0017303067943120198,0.0017124461710560507,0.001272018654609186,0.001668642036003698,0.0013047726327650722
152486,0.001749758834268103,0.0014814213977667468,0.0015998708870233053,0.0013509809101136666,0.001414459279668892,0.0014587791299678493,0.0016259065074299,0.0015661690751294643
152488,0.0025635360453515332,0.002244484965324825,0.0021970843700820503,0.00234466964615411,0.0020744417541183058,0.0021663484912799597,0.0022456036941114754,0.0019260361173796398
152490,0.001673664217868423,0.0020712924764874074,0.0019087584604813301,0.0018987900416824743,0.0018191536771992173,0.0014729669807742596,0.00166922704581568,0.0015604829419766375
152492,0.0033957328351331834,0.0030889998946510705,0.0029919891561756007,0.003032629994672631,0.0023020724715261537,0.0027745501938425537,0.0029944295949391325,0.0029638603413781883
152494,0.001993282490642692,0.002146141443220506,0.0018243164725595395,0.0019218474834895027,0.0016737797415409261,0.0016806998255158995,0.0017427896199491283,0.001712168079702328
152496,0.0018298084645016616,0.0015373898530092328,0.002001423502830113,0.0018190631113912392,0.001739300906030708,0.0017832928862846625,0.0018074398867264918,0.0017555102269067313
152498,0.001557386762330984,0.0015061813876615648,0.0014542369941983463,0.0011866196383592126,0.0014700271909245388,0.0014968824331968028,0.0012799427342082836,0.0014647195303024857
152500,0.0018742183068844037,0.001559145544696841,0.0018359624630837623,0.0017444017883675583,0.0015665379612537361,0.001607290113085691,0.0014526179390667165,0.0014445619590939263
152502,0.0030594017077625324,0.0028711658192710626,0.0026302469958073976,0.002508664398300234,0.002670288226944831,0.002190120631781048,0.002147756746326626,0.0027481490916594353
152504,0.002557050987546605,0.0023936951081822283,0.00236224274865382,0.002452185468726553,0.0022987523391526654,0.0020281492919858174,0.00229924390064995,0.0019547660413504198
152506,0.0024708716917316714,0.0024328101460231594,0.0027193423524549676,0.002038082238763117,0.002402133576764387,0.0026602816490939873,0.0024537238598582173,0.0020470219727647537
152508,0.0025980889339503183,0.0026093106049707715,0.0025624040937009124,0.0021619341498631123,0.0022682674472476183,0.0022689019523660647,0.0024669748995277546,0.002322922558015486
152510,0.0015595324334794491,0.0012317541190248193,0.0016089076892261134,0.0012906784952173567,0.00134219366649925,0.0012576828742825175,0.0015196887006013876,0.0012200852570008053
152512,0.001508043823725283,0.0014872737753259813,0.0014273487997942258,0.0014393703313842487,0.0013201368548668158,0.0014299024464401455,0.0012651999434790812,0.0013511564544652632
152514,0.0018112923985180718,0.0017111989444669323,0.0018453032462117935,0.0015068832454385866,0.0014759300298411576,0.0015678764595085243,0.0017131427317585435,0.0013360011038532904
152516,0.001846093865588705,0.0019412011416395508,0.0019253589995429365,0.0016461989343476008,0.0019237832244892866,0.0017067504275006251,0.0016970720355247715,0.0018997105639090434
152518,0.0032190265223697306,0.003141146780470061,0.00318796261128719,0.002635464617835606,0.0023434695165081565,0.0023992255560403297,0.0020932523274097697,0.0036611817408014335
152520,0.0016202184132148162,0.0015920704388894813,0.0016374567069019769,0.0014103286255630204,0.0015625535802841345,0.0012736603183332584,0.0014841302905677645,0.001166950603989969
152522,0.001998788819909239,0.0020657897062570513,0.0024477530709705736,0.0022072818629881447,0.0016925548777555616,0.0016824639364480115,0.0018992562818509473,0.0016472468562844927
152524,0.0022545066022817833,0.002357225709430699,0.002368296559271413,0.002293809997030008,0.0021223520668079005,0.0021958751476161553,0.002200557801982153,0.00234390343234471
152526,0.002004901526048153,0.0018246725885590204,0.001962729069996186,0.0016539898139381753,0.0015666570992251133,0.001809867353286601,0.0016249110471945466,0.0015534854019297328
152528,0.0018009753443372217,0.0017972282662148675,0.001652857963398438,0.0016861154718629395,0.0015834854875013266,0.0015953371809862699,0.0014323983125059808,0.0014523513075515582
152530,0.002817564307699985,0.0029425627401903492,0.0031516236835036487,0.0029924162732231085,0.0026382720678480714,0.0026708834817064236,0.002594938204155073,0.002615969015936026
152532,0.003066949948296052,0.002667044369506502,0.002849763403367081,0.0023773959789909066,0.0026512624416705766,0.0025078162454539865,0.002717407439967859,0.0025440855938919787
152534,0.0020797980263958515,0.002240723084304466,0.002303198308123422,0.002044288714143916,0.001932429639496469,0.0020054970607977923,0.002205310521939341,0.0021414629484519665
152536,0.002954189752215189,0.003085514619905416,0.002771191822654742,0.0028940678177297313,0.0026206319769479652,0.0028257931748549986,0.0029367340094977323,0.0030805159702790436
152538,0.0018101608762505356,0.0017438071717373327,0.0019130599042491842,0.001669716864924689,0.0016679886629307333,0.001522455307935433,0.0013588969145220814,0.0015193831653366324
152540,0.002709970603616496,0.002641085224253159,0.002489514342052468,0.0027444737895444687,0.0025554884437566927,0.0025960143018666365,0.0021285541460587393,0.0024524086881756585
152542,0.002427945190117742,0.002211051313099191,0.002059965214142992,0.002166614479848228,0.0021290955739706185,0.0019400044697104463,0.001741299136549801,0.0017940638166992345
152544,0.0019437332229182425,0.0018465452667426607,0.0016510791723576418,0.001986998226091663,0.0013320998507727055,0.0017071395147066348,0.00161480793783976,0.0016571022774103938
152546,0.0024826102180980497,0.0021748946314493894,0.0019481876565008577,0.0019204628424876469,0.0021324914661216,0.0018009032544241826,0.0022421513242534274,0.001965839993163465
152548,0.0017339062327930699,0.00190328696743082,0.0016800740238421263,0.0016392785233279028,0.0016910204705631315,0.0013358820988307457,0.0016452664856823063,0.0015475251482471308
152550,0.0020316847042690794,0.0018995076077415463,0.0017971098214556586,0.0015810869740926492,0.0016685291244795813,0.0015857991818891137,0.0016775069835241047,0.0016081549699399483
152552,0.002183121646696984,0.0021109943639781165,0.001984675758750512,0.001931785127745833,0.0016986147124515988,0.0019167646423712825,0.0017422008758996577,0.0020452310457076545
152554,0.002242504486080557,0.0022605685576238127,0.0024134794614296684,0.002285811007022867,0.002134503313233671,0.0018759107984151063,0.0019348337514158431,0.0019774822557040578
152556,0.0022166553922881166,0.0021409923459964203,0.00205546442109128,0.0020756618767421436,0.001779713554562315,0.0019182758656657861,0.0020520727340381933,0.0018765617366425236
152558,0.0018458467388305366,0.0020525037567873383,0.0016475450277140397,0.001555183509927574,0.0015449273626240295,0.0017503454250411693,0.0016039180512940204,0.0013506079504588403
152560,0.0017393176852707054,0.0016672039931609484,0.0016196594472757259,0.001406079684884709,0.0017166134599612276,0.0015360650186729968,0.0016032786697622314,0.0014455702456237507
152562,0.0024022193912166673,0.002005216798134715,0.0025081748178751445,0.0021837190616338376,0.0022086507357738233,0.001805929919357574,0.00239978833194604,0.0018819675567928323
152564,0.0019011591738560402,0.0017839788477306412,0.002018768825884587,0.0017069920626753415,0.0018736222775431882,0.001968630062546564,0.002033794930084168,0.0015604776442229018
152566,0.002603795783624685,0.002690295131122303,0.0025114217920619297,0.002575582013897307,0.0023430652137991365,0.002200551161344544,0.0022839985963349907,0.0018365397006330775
152568,0.0021082351312667336,0.0024020327923862106,0.002272394382119583,0.0017591626460033982,0.0019852593189863127,0.001959997611916245,0.0019081917879794213,0.0021464175793566853
152570,0.002335439777265913,0.002131846747037758,0.002078127992201362,0.001803571858556785,0.0017531382210615037,0.0020439963221830504,0.001979039430375862,0.0017902580524681438
152572,0.002007415383685332,0.0021885954326040236,0.0018052577942119369,0.0018985709026037162,0.0019239623093399022,0.0016693740753282033,0.0019179681568605306,0.0017159402671734214
152574,0.002094224628678712,0.002767055898461601,0.0023264660060884484,0.0022458812130574657,0.0022894668610939917,0.0020571111328254177,0.0021055498389266902,0.0020161260925161267
152576,0.0046158937736076044,0.002791128111072405,0.0034140341242906574,0.0033588075648529614,0.0028591596860328417,0.0029281692630736544,0.0034137468089308204,0.00287608040142473
152578,0.002330538339240462,0.00244072714262579,0.002257386113635962,0.0021776644496296904,0.00201608427514538,0.0019925929874473614,0.0020246250043089026,0.001890766127051871
152580,0.0015091403034981354,0.0017614611722828327,0.0015147777243264132,0.0014917889004256168,0.0012422466188434372,0.0012459891139757762,0.0014382291449557272,0.0014799196921134183
152582,0.0035647853789066986,0.004362507095581947,0.0036806567389318645,0.0034065513296630684,0.003452686643101735,0.0036547140162474095,0.003738073279682619,0.0038935412811858527
152584,0.0015528755315070836,0.0015288058255367165,0.0013358605859026818,0.0013514623834964962,0.0014250910580992926,0.0012469063457535429,0.0017421389904642842,0.0013872931007088973
152586,0.003706836823004489,0.003692160453042881,0.0028036786736464064,0.002301995256873482,0.0029155994430063586,0.002548363987255456,0.003284986096821152,0.0025396940209870267
152588,0.0023736244551926383,0.0025778394970643603,0.00216072979202786,0.0021147663719323223,0.0021231450269737634,0.00206552016076568,0.0018367178708091902,0.0020116487465424715
152590,0.0018431223992101398,0.0017264804520054217,0.0017715140545073726,0.001640191772709479,0.0017189736090231222,0.0018045367364136894,0.0015290726838310675,0.0014262436224233982
152592,0.0022352541998721526,0.0020937159492240426,0.0018531798543455213,0.0018127497263018683,0.0019709838102678484,0.0016218976899854548,0.0018766124093523434,0.0017440115889411217
152594,0.0016527180237858735,0.0013813314498003493,0.0015032386634317718,0.0013814059396678596,0.0012959322976371368,0.0014256015947736872,0.0016162615482654547,0.0014434524009922095
152596,0.0021352482744756984,0.002512567076149233,0.0023480971347145663,0.0019767418269376336,0.002182474191344319,0.0018271660552021812,0.0018708720310516846,0.0018027448449950967
152598,0.001976066120366937,0.002243941058143406,0.0018613204167917813,0.0018771956789009892,0.0021572318886156072,0.0018804913843598753,0.0020429461742301758,0.0021062596402843803
152600,0.002222158036582711,0.0021431778957626962,0.0022288154481371475,0.001853709107982271,0.0016047145474523128,0.0019252978653566816,0.002129166394395421,0.0017005098633999932
152602,0.0026882910032700047,0.0022404152028455138,0.002760309559697527,0.0025105216558431037,0.0021322262043658308,0.002102387275791706,0.0029274621455934735,0.0023166301214697094
152604,0.0021961792551150744,0.0023990737419377073,0.0019717754324313774,0.0022141564134865593,0.0020973697886326192,0.0019698626451687545,0.0020713355407295936,0.001977657527368004
152606,0.002473395917633306,0.001951397294603155,0.0020155353369201295,0.0017387475471919434,0.0017412145715912097,0.0019032154584060074,0.0018967650290444699,0.0018372192203580107
152608,0.0016966165810062273,0.0016058044171197855,0.0014684167829782796,0.0015657905033675257,0.0013909197115760663,0.0015377039131090342,0.001553551182301105,0.001240083215823043
152610,0.0019485398769850115,0.0015607219388871219,0.0015998819134566689,0.0015987222600891138,0.0015409635578163133,0.0018061566275504592,0.0016809637416768247,0.0016878937476372813
152612,0.002644694872784348,0.002496648437288043,0.0019151271776553097,0.002358340708959128,0.002220843970661912,0.001927844091656819,0.002592047320631022,0.002073581265866986
152614,0.0030600450382032435,0.0029850910411257647,0.0028680794313867275,0.0021647917280138845,0.0020837192612666172,0.00221431768587034,0.0025884332337691163,0.002935559591443773
152616,0.0023711230160918806,0.002876518744149306,0.0029747437600983334,0.002243675658192501,0.0022604275718608596,0.002912915890376913,0.0024051021862392524,0.0018399478242284856
152618,0.002669203001091136,0.0024562714389162466,0.00222341979308599,0.002103410217981827,0.0022210746590784064,0.00196407702135476,0.002174145911990666,0.002029556441514091
152620,0.003118214244477016,0.002884683529492796,0.0022478677746757963,0.002351466790316614,0.0025099172998785946,0.002533446587516655,0.002443007602012784,0.002659576916281603
152622,0.0031365417847963872,0.0024564686259114787,0.0022403051747402203,0.002501879091369119,0.002404783211179762,0.0025973305947710745,0.0026030871692894753,0.0022268946343360213
152624,0.0019343382602357573,0.0016749605061847778,0.0017446675472504586,0.0016915956001953975,0.0015392524790231038,0.0016551941936560205,0.0017434291714868572,0.0015221544362734735
152626,0.0023499402139620096,0.002559143916692541,0.0022388285205599545,0.002310001004260945,0.002016388715518014,0.002229875731777922,0.002209126964903288,0.0018158251979044082
152628,0.002007417720406579,0.0021860346423092786,0.001725479419916201,0.002211618900061621,0.0019633084045858618,0.00181780495661088,0.0018874426523096677,0.0017752885524640605
152630,0.0021779551237500194,0.002027178700354293,0.002174289044677702,0.002083173092576676,0.0018878045531734444,0.0020387270868721524,0.0020285774594580724,0.0017498810065996878
152632,0.00431764850688765,0.0034529773436962202,0.0029477196501465214,0.0026453501135534907,0.0027625482869902407,0.00270531288439102,0.002758220821383342,0.002798436161843887
152634,0.0024484262096513693,0.00219561120915307,0.002252047539430757,0.002242368651317328,0.0017977444150690247,0.0017936447513306059,0.002240790094526837,0.002041146259859128
152636,0.002654125503431373,0.0028879594101388767,0.002872665908748795,0.0021973253464658976,0.0023602221898090386,0.0024379286484412788,0.0024574871821239075,0.0023640450008466374
152638,0.0019269579867047804,0.0013420520044213902,0.0017509829318834158,0.0015527710110908727,0.001555573433131896,0.0014960157616974445,0.0017637862315572073,0.0015155236387254384
152640,0.002180398456751567,0.002050951004528581,0.0024703013818817704,0.0017984243031282099,0.0020038131104428564,0.0017872109329247904,0.00213671482320911,0.0019187905091368057
152642,0.0018593640009728768,0.0017527504768622415,0.0019349268269435727,0.001697892867306372,0.0017196748945347284,0.001476461902703688,0.0017261677917632806,0.001895142942551567
152644,0.0016379171167369422,0.0011527864679550387,0.0013909027615777309,0.0011196530322239578,0.0012450509250305775,0.0012192276346889713,0.0012310599656256832,0.0013014074862462977
152646,0.002788392711050705,0.0024848069071676943,0.0024770749097522415,0.0025501497186743993,0.0029079988511231947,0.002403218603349702,0.0025289592990556664,0.0024096783152956075
152648,0.002069627556118961,0.0024966398748729746,0.002055138805694634,0.001810507365406444,0.0020292694682445683,0.0021655502768286455,0.0021704108431542246,0.0018586055561018444
152650,0.002148947812952662,0.0021783918667877544,0.0021290412561905114,0.001785615933451945,0.0016297322804084136,0.0016318934956772863,0.0020067221051791595,0.0020515766245014083
152652,0.0014168681584192933,0.001414174319329442,0.0014376558964582925,0.0011345566694132003,0.0012172634741385857,0.0012677427092131627,0.0013262117264409984,0.0011602950909104376
152654,0.0017524959553144037,0.0015023978772772534,0.0016785761162021462,0.0015092861835661608,0.0014566206328715664,0.0014747309481000365,0.0015185962340381748,0.001477359548041124
152656,0.001896034030981264,0.0018007037499501721,0.0020999006580131457,0.0016994598745234818,0.0015970672349919918,0.0016163079763487076,0.0015132783309865921,0.0015257194214266523
152658,0.0022073861764622255,0.00185486859783901,0.002136991729942986,0.0018188514821875779,0.0019327093543620166,0.0017939877627972667,0.001637260140362598,0.0015745804809881442
152660,0.0017031802239473454,0.0014124559197149639,0.0018123221404554718,0.0016456893040612958,0.001779684009070595,0.001557789900494877,0.0015612291321094457,0.0015674251170301329
152662,0.0019043386302475818,0.0018097583184212424,0.0017679587869591368,0.00157036738578821,0.0015448011471654866,0.0014901306617632337,0.0016726981205895802,0.0015955029421688693
152664,0.0018547591783542178,0.0018149544330959971,0.002020168029812433,0.001710538523837235,0.0017566026812385754,0.0018577454657955905,0.001862899989281408,0.0017116659076352736
152666,0.0031752112661560666,0.0031982210181574905,0.0027439874736513575,0.0026940527083216953,0.0026146099106400117,0.0026545373803115724,0.0026247784083823777,0.0023471823635787814
152668,0.0015959020542338914,0.0016838308875512104,0.0016110158813243403,0.0013883492164665917,0.0014386094901466806,0.001409092173374052,0.0016847977474510195,0.0013545638876571453
152670,0.002105847284472384,0.0021055857364122993,0.0018550489384608349,0.001842381665483117,0.0019368229085672817,0.0018119916524259733,0.0019560848941774373,0.0018762057559364026
152672,0.0023647242833883114,0.002227390056118106,0.001781151521927496,0.0017419001665276573,0.0019012719027560743,0.0015964381512800774,0.0018021248674280343,0.001957634611843853
152674,0.002598430735412452,0.002507825200124325,0.0024467424308516478,0.002615178733439194,0.002694608062419626,0.0024841573791856697,0.0023317664540348226,0.001956632927077928
152676,0.002118718703724168,0.0019891253291949434,0.0019467426033072943,0.0016853445956101082,0.0014419745963789726,0.001857610914036148,0.0017762863432670972,0.0018834805232349622
152678,0.0028454937206934816,0.002588555292708572,0.0021273982990168694,0.0025262372290774243,0.002504986624561667,0.0025729951995521194,0.0027046591705024575,0.00239080058024449
152680,0.001738138363973088,0.0014198688736135612,0.0014161312326948505,0.0014050185211145344,0.0014838447102195756,0.0013591454862960095,0.0013303538113429575,0.001107193693779554
152682,0.0019395854263868362,0.002053166074136803,0.0019367599531983637,0.001884974041991297,0.0018697410544368243,0.0015605173775951192,0.0017651967782024297,0.001521319418866851
152684,0.00202822411736836,0.0016797106298014342,0.0016995262188155419,0.0017878081780787897,0.0014732400734941559,0.0018331516432948392,0.0015005051645716888,0.0016814390873903934
152686,0.0017066260767011898,0.0014880545616596935,0.0017828002082343058,0.0014844124537144593,0.0013743844970524194,0.0014405176259835173,0.0014679614366883698,0.00152637691341663
152688,0.0015676596300127077,0.0016246713892723724,0.0013071048535220897,0.00132778237333242,0.0012712707410548335,0.0013820916730678118,0.0013172397148287218,0.0013319339781079353
152690,0.0018144748556478962,0.0016532587323348502,0.0015850118438862637,0.0016188652458165032,0.0015068783286845133,0.0013658481697262914,0.0013492791869799264,0.0017654719427504517
152692,0.00210792246593261,0.001771797237732367,0.001874678294749868,0.002031500338298464,0.0019363428997226095,0.002055187443700257,0.002087414410271729,0.0015255130930287436
152694,0.0032032792323383324,0.0037147489918122473,0.003864254199728148,0.0035514001843451326,0.003355516759586799,0.003481899489685747,0.00312991864296909,0.0031603711812524526
152696,0.0023163479065486797,0.0020722077727432092,0.0020727535197997415,0.0018545637715262075,0.002186954040582556,0.002201618685095108,0.002045248903925767,0.0019083203478831856
152698,0.002363108294461347,0.0018609819552608542,0.002148679457446137,0.0017471795633392517,0.0016467186208333207,0.0014921684917016537,0.0016501141688153448,0.0016324283789705962
152700,0.002113332379372404,0.0018354893747487555,0.0019288792834854102,0.0017753748826282584,0.0015015818667291209,0.001658367864312782,0.0015792826940776994,0.0014299204776415664
152702,0.002164327581093639,0.0021336335530395406,0.0017997898382689087,0.0020158059497755176,0.0018471366537243933,0.0019044595819655563,0.0019060833728769128,0.0018831287366297828
152704,0.0020151878150414526,0.002156706271074907,0.0018239607095127952,0.0017908422487380449,0.0018425041513303736,0.001827236757951503,0.0020045532542747324,0.0016822313777178355
152706,0.0027871063444891014,0.0030793040475041167,0.0025470481301926307,0.003103567468457094,0.0030863568833838922,0.0023019459259677882,0.0026661113751993426,0.002407590405874696
152708,0.00228798727633929,0.0022860582258203005,0.0020154761323267767,0.0022156740085865906,0.0016896916426159536,0.0018502651823033706,0.002317819414068778,0.0019471699807240839
152710,0.003158877736413379,0.0029921456535400015,0.003335701662092308,0.0030004352595525696,0.002949192263789771,0.0025914502973069103,0.002617612072881151,0.0028602083468092787
152712,0.0037973160295410313,0.003656419051427884,0.003793088689345636,0.0034246240227853164,0.0028383939580701872,0.0027510913384999475,0.0028326598621855603,0.0029318751639884205
152714,0.0030161228270131485,0.0028769391370059433,0.002609944319422311,0.0026121315105207543,0.0023219243854791932,0.002259945136260391,0.0019219232612633363,0.002238975529489942
152716,0.001713258376393037,0.0015625132319749824,0.0015475260275333996,0.0013412971453413136,0.0013271493345179408,0.0014036847439493627,0.0012266032290399048,0.0013493878396184655
152718,0.002261451058338304,0.0018007948060888013,0.0022473608972917725,0.0019470315710558156,0.0018787309468418917,0.001951785683299359,0.0017034133036648719,0.001916043823829483
152720,0.004122741051273471,0.0040010947503441585,0.004988312602026923,0.003833402523768528,0.003346363839485958,0.003025683522088818,0.003052360408909216,0.0034510389872978303
152722,0.0019253433072528026,0.0017776933967275088,0.0020199249172403594,0.0019493467166954576,0.001699845365242203,0.001659490976527525,0.001696736270005772,0.0017694966765358228
152724,0.0018628372823074196,0.0023802318573202946,0.0020277275442346365,0.0020328438156278494,0.002310582584389223,0.0017682529647231604,0.0019674252950401816,0.0018987893923628207
152726,0.002769376560080028,0.0030590403019471607,0.0028662721928620627,0.003047881038957867,0.00292620816949897,0.00224808431881357,0.0027593431704593524,0.002765733321491784
152728,0.0018805795894261679,0.002053430423274008,0.0017543809758555629,0.0019438764426760735,0.0016616022783322443,0.00167152089529167,0.0016492626089876922,0.0016185358098112085
152730,0.002856811654414329,0.0025183654612282447,0.0022751122178510524,0.0027495518442406525,0.002160429534187727,0.0025296566274425475,0.0022289776052473176,0.002394880318030923
152732,0.002083156769832187,0.001981644153974449,0.0019998252257940607,0.0018984475409822427,0.001802391507977133,0.0017927597628499825,0.0016407956163357884,0.001581884893693833
152734,0.0015672218866349397,0.0016881912894964324,0.0014856301100119595,0.0013309234657452734,0.0014168768523704772,0.001404350296923873,0.0016140574314074119,0.0014362234163046855
152736,0.001896076530783622,0.001977342772841395,0.002203237592368623,0.0016582992942568708,0.001590901139163714,0.0018007186096489353,0.0017754266817343045,0.001656725910101367
152738,0.002071375553576296,0.00210103944946477,0.0021749033180463173,0.0019695488422311613,0.0018145824456039655,0.0016488541561661268,0.0016594226867630568,0.0017934153590193902
152740,0.0031065355088344404,0.0028280238252614276,0.002560307569607692,0.0027542572510302343,0.0023796822829522807,0.002196296923482388,0.0024097920610422485,0.002117964973682565
152742,0.002482142488907671,0.002263217994238398,0.002185491943168874,0.0020892645745482913,0.0018990143882683524,0.0020106246488495044,0.0017098227755481116,0.0022064600430432707
152744,0.0020081308177291035,0.001904377646511135,0.0019549300912482526,0.0019067079669600334,0.0018342963903439924,0.0018308409052316676,0.001965636837892318,0.0017542555259436043
152746,0.0023554625804285273,0.0020517126267947106,0.00197538920472895,0.0019013804115397548,0.00186319424379279,0.0018271838900009302,0.0019448738714956115,0.001797301545993557
152748,0.001542047947235281,0.0014297139708431411,0.0014402704864573956,0.0014632095010844726,0.00141627871466099,0.0012606577032281407,0.001353245238666867,0.0014118987496054697
152750,0.003491191779275704,0.0035356642819040496,0.003307857275093584,0.003145993350788301,0.0033243583935985144,0.0034034532353999364,0.0029877461335682393,0.002993771185843208
152752,0.002595156062717985,0.002380519027895947,0.0025932472647607896,0.0023702244458840976,0.002208900749665746,0.002002949726463754,0.002190814206569025,0.0021021542956961015
152754,0.0016803406395902304,0.0018938341004476472,0.0015318641459902832,0.0014936657433711198,0.001365888647058569,0.0014476573258321995,0.0016127379571465733,0.0013484470583340902
152756,0.001722590313912642,0.0016269290187276297,0.0016338844759156146,0.0015983260720497938,0.0018393259550875257,0.0015541811586095161,0.0014628561236327275,0.0012527437986321749
152758,0.00198447793868696,0.0016520556627722116,0.002110097235741515,0.0015705333209940081,0.00151921095224683,0.0012954238139792906,0.001790588128989301,0.0017402997224833655
152760,0.0017942929348769981,0.0019127330630583916,0.0021258841093686615,0.0018205998576801413,0.001780388452937709,0.0017463979642751704,0.0018967280377424484,0.0018543279494083326
152762,0.0020641209063976262,0.002106504816232549,0.0020737902639498262,0.0019140317944178614,0.0017935753325770826,0.0020577768968979004,0.0019006339077521361,0.0018730750332205393
152764,0.0019953793394246327,0.0016601211297134905,0.0017837368581990476,0.0016852253090827857,0.0016753352794279253,0.001618010999680175,0.0014444880508035635,0.0013773083848703932
152766,0.002077821982591224,0.001951826170107973,0.002160426763739634,0.0018567931111626024,0.0018273743456007768,0.0018068884601531027,0.0021250844555048692,0.0021225858201887604
152768,0.0027373161093792314,0.001986841138669218,0.002222078310660805,0.0018281598409425476,0.0019345027615145227,0.002170199461247871,0.0021941113205627,0.0016985873833209042
152770,0.0021751090217306257,0.002666878534674011,0.0026034574310589975,0.00245051699462652,0.002359560564188859,0.002368751623549825,0.0021758471332505303,0.0020710344395009767
152772,0.0021300796020631285,0.0015822713333338984,0.0018223754719681878,0.001690814893872808,0.0015382476780946425,0.0014430102820511964,0.0017380197083728538,0.001731833804260674
152774,0.0017907259063174724,0.0016735621092345832,0.001464766009476648,0.0016030531414102378,0.001663191952905374,0.0016273389548084882,0.0014904850169688566,0.0012943672059530092
152776,0.002838220497305921,0.0024872211915810127,0.002288165114887386,0.0022782559178896045,0.0020444500776478775,0.002607051934442828,0.00203295198486636,0.0020653630468842193
152778,0.0025068936269943137,0.0024182295194048603,0.0024692642532928577,0.002683463224354213,0.0021242808313026856,0.002191015430058743,0.0020830010268613336,0.002282162345291161
152780,0.002266287850830828,0.0023843793354159093,0.002099387193093674,0.002037330885622579,0.0022004690279709,0.0023959141071283746,0.002209475415057227,0.0020818644155356503
152782,0.0015034382799839069,0.001469563883320868,0.0016326731240719067,0.0017212030799133166,0.0014055360642455939,0.0011992524218185086,0.0013197010524601538,0.0013696399435643297
152784,0.002965115461421919,0.002516957570012579,0.0025679394909075004,0.0021004469662118247,0.0025191394830523794,0.0023997580381771716,0.0026269427828291697,0.002107841737730931
152786,0.0022821118036517873,0.002180039435737982,0.0018928592486156526,0.0017792056576888676,0.0018693493200692135,0.0019290648228836305,0.001570457438504258,0.0018672734267544677
152788,0.002490939452066146,0.0023425390593901363,0.0020360746797832285,0.002037877065921345,0.002253779318414653,0.0020397589887046763,0.002158775546527103,0.0021221032245649085
152790,0.002671367126911864,0.0025882410536321038,0.0023530216910348095,0.0022740355474682034,0.00223651579256412,0.0018213473290589755,0.0022759893772833634,0.0024330460796171544
152792,0.0019694579134905826,0.0016902809430679455,0.001962705634327655,0.0017981860749325396,0.0017355400503799162,0.001675040397371555,0.0015351610945794208,0.001504381076703254
152794,0.0022161352108179266,0.002138857873952793,0.001817409172677975,0.001968325943775287,0.0016227922792749205,0.0019455136615751517,0.0019148066804302588,0.0016205915106631968
152796,0.002504922113211752,0.0025502682378320124,0.0024113211229149223,0.002492895412672169,0.0021664865119930404,0.00239660123532838,0.00238893462430069,0.002278353715608486
152798,0.002146255347224235,0.002699373850878539,0.0026463427088075364,0.002524788952890114,0.0024787850422010177,0.0023092490695214712,0.0023508956207790727,0.0023967318154139022
152800,0.0016280540622089085,0.0016828349635439471,0.001803785128462465,0.001510098493950951,0.001451995553028454,0.0016762682778588417,0.0018531381587854612,0.001617512344070926
152802,0.0023089025046275774,0.001910546585209838,0.0020197119546118275,0.0018097171142400642,0.0015303190105401404,0.0017526728084012039,0.001813378191384496,0.0017206127397948606
152804,0.002572175160129364,0.002250857217014471,0.0021474131975743327,0.0020774803381075208,0.0017201748408491313,0.0019263281223536044,0.001815448676811826,0.0019234018799638708
152806,0.002531445914808486,0.0019579349364851617,0.0025137903201744027,0.0024466764626951965,0.001983999029264716,0.0020792951790520875,0.0023649521818960295,0.001872400520287698
152808,0.0025001446178607584,0.002301783638167368,0.0025790384186530485,0.002103081851708724,0.0023142761078178697,0.0023485874445283716,0.0023525067065058303,0.0023230134095464927
152810,0.0020314237734686547,0.001850033158759548,0.0018163173374432517,0.0017292445465680317,0.0014085938295108763,0.001638519335187008,0.001750746931711969,0.0017076490274187256
152812,0.001866632470983745,0.0016544883024494084,0.0016049067627213476,0.001460083023685721,0.001675838499014759,0.001456600159266755,0.001616001862832006,0.001356764801086499
152814,0.0019624257374397658,0.0021392693137445296,0.0017171104911973961,0.0019444566023594234,0.0016128971392977004,0.0016390833556723244,0.0017374833237840392,0.0016637735754090333
152816,0.00220592076312226,0.0027574187243362275,0.0022253855022855706,0.002246193000976851,0.0020689185325110243,0.0020408887612323318,0.0021378521839911097,0.001942169317610487
152818,0.00170652696866469,0.0015357146289224494,0.0017341600213962582,0.0016158170705649205,0.0013200583509842545,0.0015340522825040837,0.0013133332999907404,0.0014725989890582852
152820,0.0017345264653332443,0.0017307943351341365,0.0015735269736078111,0.0014899465977636361,0.0014112308503439058,0.001434096349548622,0.0015668995176970762,0.0016037309675379086
152822,0.002770129023851889,0.0024690828429663747,0.0019099395968782407,0.0021913900023752403,0.001905102771468714,0.0018500007919906025,0.002082009237185156,0.0018632746452421772
152824,0.0020066169722898902,0.0021279254885553933,0.00211091186540191,0.002314956806012805,0.0020890037178156323,0.001984115183552293,0.002160873867787183,0.0018355053349000117
152826,0.0018838779393504645,0.0019611040884976033,0.0014650409075225301,0.0016932985815410057,0.0014763227706238308,0.001536606449415237,0.0017281024055389033,0.0014496225113315303
152828,0.0016172546555504042,0.0018728818882823989,0.001762052223186053,0.002027579926108025,0.00174112410179518,0.0016637939370773985,0.0019140233194597928,0.002124000972232809
152830,0.0021906485615841437,0.001991893295265834,0.0021223029836656693,0.0019502451925217934,0.0019511468373072938,0.001880707862023448,0.002068087990641454,0.0016886838829838352
152832,0.0024180998204982457,0.002275867815926383,0.0024166283113216114,0.0020204289065422487,0.0020290284935001873,0.0016976027601012383,0.0018337670439938641,0.0019213219796060527
152834,0.0019836462729445753,0.0018266597106292443,0.0016995154684951164,0.0016436150226884494,0.001724961065026287,0.002002755999187658,0.0017183237346612423,0.0018212233227679064
152836,0.0015429893086250784,0.0013150638147616522,0.0015214763486160465,0.0014344902572933776,0.0014299117437641812,0.001390146507764381,0.0015281518881345019,0.0012326286908184714
152838,0.0027315382842958563,0.002690282764828536,0.0026196125646862356,0.00227395063282515,0.002457460219794108,0.00246462187744724,0.0021927187017905525,0.0019681385257550588
152840,0.0019118012464867107,0.0023149166567382334,0.0020566931421141105,0.002054707506341527,0.0017697282952477966,0.0019588433031981906,0.001988290696753117,0.001989249276414251
152842,0.0023268972667489646,0.002215780624456945,0.0022082750412268926,0.0017904585537760337,0.0019393924913515548,0.0021035387012525164,0.0019542215636238064,0.0022272588993538373
152844,0.0020927741007616962,0.0018648897952369126,0.0025269094631546474,0.002000834238835625,0.00217930270031598,0.0018544055925859976,0.002101685983274884,0.0017442231749198595
152846,0.003063980675155911,0.003227598634446771,0.002789357090492217,0.0024965847779446215,0.0026817760894272263,0.002388342536819313,0.002508367733725869,0.002476798287960824
152848,0.0024080814037041876,0.0021532780073666574,0.0023323086685496236,0.002169511586803688,0.002027504777125877,0.00200164349918458,0.0017629827819476973,0.0017009839698767237
152850,0.002856598606833849,0.0023998390653125062,0.0024831819469495336,0.0021051139653051193,0.002087300716935983,0.0021232147184315764,0.002652147174222519,0.0025263724177160274
152852,0.0018979895148741321,0.001623545714125818,0.0017520827090816843,0.0017719772574393972,0.0017420099364342523,0.0015561506209272324,0.0016032237778032532,0.001683679554149775
152854,0.002654154291550137,0.002890004575297811,0.002573220827792669,0.002325656062857409,0.0026132385896832228,0.0025915261541443885,0.00253323508475968,0.0024807191557487673
152856,0.002548092815434444,0.002534113028934082,0.0027550811792527302,0.0021023520888206054,0.0021777176457158515,0.0022198044414013657,0.002226478016376099,0.0022920689671386413
152858,0.0023817518770850032,0.0024629140501886276,0.0024273717805414208,0.0022710311025342933,0.0021992546814680325,0.0020995148706594163,0.0021227560803858125,0.0025469774392897215
152860,0.002688134166476175,0.0024385316333148804,0.002873627178097707,0.0022823979763766378,0.002370468207484336,0.0021407389660945686,0.0024438049462480738,0.0028936008865492746
152862,0.00229867696627363,0.0023827086366906697,0.0020813552000618074,0.0024387284749028404,0.0021328087009342966,0.0018807492203677528,0.0020338144183291856,0.0022079942540558783
152864,0.0026131776504340204,0.002473036875883017,0.0027576045657087267,0.0024746511011324857,0.0028328224460416607,0.0017839351058848152,0.0022153215631930956,0.0022370027688168315
152866,0.0027947726706225584,0.0026157457128306305,0.002535338504730547,0.002283076818504051,0.0021666616451057052,0.0022538737596420333,0.002153670777362296,0.0026374562306015342
152868,0.0023081038575176738,0.0029091138947129475,0.0023488261190041243,0.0019372849404708653,0.0021920324998281476,0.0020643781738272082,0.0023517598080636942,0.0023483856097689243
152870,0.0022557782159038503,0.001890083901141107,0.0020405956028324845,0.001982164242776696,0.0018552398780322804,0.001988268770077309,0.0018971453465045501,0.0021715099172523455
152872,0.0022005658406621387,0.0024959787518579746,0.0025237288444024536,0.002178795267085365,0.002004398810096633,0.0019180663730020697,0.0023330697461274585,0.001972033165705836
152874,0.0022634895100372976,0.002376152272717827,0.002455868227230207,0.0021912508418831522,0.0022928216673940988,0.0025795840599746184,0.002350155479609095,0.0026922300332044152
152876,0.0028227431529082025,0.0026789802879848695,0.002321415687262851,0.002984493899562693,0.0030461364318945527,0.0026571483402265117,0.0027949377085629973,0.0026060465775813585
152878,0.0024453786556188906,0.0026945535299915946,0.0024966651898817305,0.002264054924829853,0.0021967470253449056,0.0019585795089450825,0.002001445835241991,0.0021824063185217485
152880,0.002303726105247428,0.0022027665443681427,0.0023132088426952024,0.0019196815896728309,0.001952481917379123,0.0018099998477467821,0.0019728733144328547,0.0020190597427059004
152882,0.0021634701321118777,0.0020825521932277408,0.0021189525999033704,0.0019820604185784158,0.0018523203791789289,0.0018768777260456254,0.0019493154662273415,0.00186822299033719
152884,0.002738536739460784,0.00249749581671678,0.0022948981194464424,0.0020520683464120837,0.0021240655270449715,0.0018659626594211276,0.00223174925762272,0.002064795590483573
152886,0.0030406825156820277,0.00316635100558621,0.002814438887440096,0.00291866580314383,0.002533563592834756,0.0027723270070363487,0.0022599780762604937,0.0025760709441871033
152888,0.0020742398490887354,0.0017093733141335665,0.0016953512049049935,0.0013175409686363437,0.0014592364653465695,0.0014273946822092182,0.0014523072972478929,0.001376908861616677
152890,0.002369954581589853,0.0026799344304734435,0.0024610733811561425,0.002811488233301365,0.0022217404572090343,0.002163125328866547,0.0021989304465020454,0.0020025822861385323
152892,0.0016909441820767285,0.001908892898871431,0.0015781331956073036,0.001343551981918767,0.0014746027696277558,0.0016521825520182803,0.0014083119770614966,0.0015501274628487854
152894,0.002011753342807135,0.0015895754223161362,0.0015347533063767571,0.0017259402795843926,0.0014727719708909626,0.0012994300180304563,0.0014326915892222264,0.0012078739611596362
152896,0.002117420848865237,0.002217704359144826,0.0024180386360633244,0.0019580598862328907,0.001907487877240932,0.002036547392727295,0.0019614983915810513,0.002230919023916089
152898,0.0022339443662977576,0.0018617826770265383,0.0019119168966920258,0.0021305713574598095,0.0013300209352423153,0.0019989866857229727,0.001802988436783226,0.0016306837848474448
152900,0.005057834165791919,0.005354489854136946,0.004537889394683248,0.0039061438299479168,0.0036933570909271213,0.003023119360534565,0.0035302849371896677,0.004077636084989733
152902,0.002228434525246792,0.002177146430215382,0.002391817455786885,0.0023468484840273446,0.002179769841524015,0.0021343828372586415,0.0020048935194607598,0.002173582459672696
152904,0.002262110477772708,0.0026336909333503217,0.002301459794590413,0.0020913445187587115,0.0017513283874959762,0.002008188912695774,0.0023186021609087337,0.002082722540298898
152906,0.0018665825769839106,0.0020906450705846513,0.002215103096193785,0.0017913010341375074,0.0019676602701221985,0.001738580407260104,0.001697080936525222,0.0018454690381864425
152908,0.0018620340832493781,0.0019197775645302256,0.0017768943230189738,0.0016105499991647676,0.0016174560104085245,0.001853650405216914,0.0016393844073965408,0.0016751224250379781
152910,0.0026869931813400805,0.0030774318455384503,0.002369431219234608,0.0021974182481371424,0.0022760483819193184,0.0024516955284364372,0.0023890387751980408,0.0022466552496149816
152912,0.002106070895300738,0.0020025862871220768,0.0019236744051021604,0.0018280152155793067,0.0017279261770780097,0.0017020826882516854,0.0018254030692493317,0.001919318604426748
152914,0.0024091688696997182,0.0018477864240376007,0.002311824058730552,0.0018267504653440292,0.0018601126391249029,0.0015751221517121966,0.0018251983925976628,0.001963617417988728
152916,0.002099481073278897,0.001990080786274717,0.00206001458555162,0.0018313880032538865,0.0020402792442575923,0.001946166375571004,0.0022593260505955476,0.0017399569102858337
152918,0.0023029279964283944,0.0019801157931477326,0.002096348998747999,0.0018610793441715817,0.0017140383857295327,0.0019706957164560834,0.0018694900948832555,0.001990900834423784
152920,0.0021763114709374975,0.002067921631227612,0.001975119000736436,0.0020744638115656328,0.0019991615752768532,0.001930030295306473,0.0020504239920632467,0.0021749474462266077
152922,0.0019408026476430834,0.002158205436361152,0.0020484555485007633,0.001934822936446881,0.0017388811406462978,0.002363683118953311,0.0018948896352990463,0.0017010647865807332
152924,0.002588981384357203,0.002792076034712432,0.0024631170501888122,0.0024702976787861625,0.0023611141557901144,0.002274866302360304,0.0023120884434097017,0.0022866684931275305
152926,0.001967616975487252,0.002360563173140276,0.0021008324976925508,0.0017721538361750167,0.001963377072129513,0.0016935926133720969,0.0019294025471228715,0.0022382066944493517
152928,0.0020057089390235205,0.0017366188225081403,0.001692925483006924,0.0019285553471976163,0.0015228573886517799,0.0017882558623539269,0.0018204981294987072,0.0015071921493640256
152930,0.0031746890155509716,0.0026769472278332374,0.00231385139425834,0.002308961576350299,0.0021249879438853814,0.002068060545959552,0.002169809351559873,0.0023356259318137035
152932,0.0016121686161272297,0.001387074433665314,0.0015108226939258979,0.0013323002713594573,0.0014199011596360972,0.0015358293771643994,0.001370000078328451,0.0013210790835285757
152934,0.0026716651912240957,0.0023900483553804946,0.0024368170560662983,0.0024111842923615345,0.0022978679466092444,0.0018638796413752434,0.0021556579955068905,0.002741474227647922
152936,0.001903080895065537,0.0019390181328872297,0.001772298116628157,0.0016785547485259067,0.001763228678161255,0.001751543535013278,0.0015108067660298818,0.0016448410020908355
152938,0.002197101133228921,0.0023299128948751774,0.0021501005161178727,0.0022296238300165833,0.0024325569527588464,0.00224416411917705,0.002116628615686858,0.002068663354412914
152940,0.002651695581534233,0.002659604581239927,0.0027700364798040195,0.0024156175265057644,0.0029212992489258127,0.002355056882885967,0.002550502650497999,0.002827198568232117
152942,0.0019691871236029446,0.0016191104710836512,0.002059616249550436,0.001884303858157313,0.001667214640797679,0.00170221271392329,0.0015504316731279055,0.001788991938032558
152944,0.0022388732925526927,0.0023869783932189415,0.0023605027210083507,0.0018720204348267183,0.001984078013810342,0.0018611175933185842,0.0020061127064666118,0.0018907696907582427
152946,0.0018608479291444407,0.0020128007920675733,0.002010254166811498,0.0019210189248931725,0.0017995246544764143,0.001982678759995818,0.0018973436329270399,0.0019055613297758733
152948,0.0018618312208956156,0.0017896707995677108,0.0017234757521304017,0.0015041865988840858,0.0016315531063151312,0.001564904105105916,0.0017689758248790183,0.0015163048415109959
152950,0.0018701908264029399,0.0018163684602763436,0.0017506839594536722,0.002057229407913752,0.001854386021218568,0.0018195239082433035,0.0018176445413967818,0.0018072989339640438
152952,0.0015946486351643557,0.0015538680635120011,0.0017671678552497738,0.0014847308164603334,0.0014500117364324577,0.0013846929678342779,0.0016013976644669997,0.0016330762559315648
152954,0.0022041966296427185,0.0020250511232264845,0.0020280006519347027,0.001793871633808175,0.0019709322098282606,0.001808715046229828,0.0019216959324235838,0.002259504542566751
152956,0.0013646688080479752,0.0012011655934571763,0.0011281314477951249,0.0011142155658616648,0.0011549275653893881,0.001011539855005475,0.0011536221706714422,0.0010243126878988762
152958,0.0026439508322761984,0.002162989494329373,0.002363273816464742,0.002357822248416089,0.0021708294721831667,0.002095620746109597,0.0018310991406172428,0.0019889884268351615
152960,0.0019222420668807971,0.001932978934797172,0.0019101561347617674,0.0016860139018946146,0.001803200723045753,0.0017265705405569154,0.001968805602660384,0.0015336020423191293
152962,0.002197000206082045,0.0021890576425784847,0.0019365199452408555,0.0018032203388005513,0.0019620610432602575,0.0019614627541920115,0.0016251987801763207,0.0014101459210005274
152964,0.0026000276257987093,0.0021682697325184908,0.0024248883997280007,0.0020970248348445436,0.0021094880776653113,0.0022814715393699864,0.002043050570701921,0.0021266389034929056
152966,0.0018904492945812784,0.0017616541129208962,0.0019071781065491678,0.0015312145110458891,0.0015655234078373326,0.0013106650815664644,0.0014936072901273884,0.001372810809439573
152968,0.0019577644969518554,0.0017861127789391973,0.0018241414506250941,0.0020480205677460145,0.002116021257334691,0.001644256656230747,0.0019812945918182834,0.0017303700188709414
152970,0.0014021030139501622,0.001533540186873808,0.0015140102506416842,0.0014504861396946872,0.0013278792969706604,0.0013664743963986425,0.0012775121160796404,0.0014582205779698487
152972,0.0026136819441087283,0.0027036975370593602,0.0026549013018511425,0.0023492840035316404,0.002403234308999913,0.0019382006412693858,0.002225308881694199,0.0022291640404504265
152974,0.0025963760878094377,0.002247099886565476,0.002017832945733211,0.0024378160799032877,0.001954184016231278,0.002128172609652937,0.001909713629078047,0.0019660140874146054
152976,0.001386591651237945,0.001413410924041139,0.0012530993005497454,0.0014972459507731628,0.0010520995454014331,0.0015014072011334534,0.0014056829934772086,0.0014376722814725268
152978,0.0025437564043473554,0.002803912226397323,0.0028452334050306366,0.0023764315697702987,0.002264706923318427,0.0022888266351552833,0.002421305208110139,0.002509022284948037
152980,0.0020196851676547306,0.0020879917751094462,0.001921800123139486,0.0018266778613918455,0.0020733970441478983,0.0019771261037568877,0.001925953065136779,0.0018254851977881348
152982,0.0017731843155899402,0.0014944240114855983,0.001412111805195515,0.0015146049025582947,0.001512015497421984,0.0015726679344538752,0.0015003031455396304,0.0017456137384691678
152984,0.0034802822381147097,0.003259529619881532,0.002903457710232829,0.0028025994075659005,0.0027988027217737965,0.0027225389321673538,0.0026351808187935616,0.0028683260259596555
152986,0.001853572457079844,0.0017425538615809671,0.0015464089492853855,0.001527915980695918,0.001562709677188981,0.0014735881246699112,0.0016559135755667698,0.0014887527586840421
152988,0.0017556585110045791,0.0015266193975129738,0.0014224748335727733,0.0014669924550815422,0.0013890499995678068,0.001290077379158261,0.0014547828473521762,0.001261990270524871
152990,0.0018514960476330306,0.0018649197179793214,0.0020077956195072577,0.00157576033093422,0.0014396159802115976,0.0015432966227325734,0.0015785316094435592,0.0014155046601682791
152992,0.002314884394180608,0.001981349644153918,0.0019142710567449234,0.0017377501080873131,0.00197765587069966,0.0017366464558941225,0.0017752769372930827,0.0017478875128895816
152994,0.002223154906929814,0.002141089565122503,0.002170010996406513,0.002268979674696761,0.0019098057728348522,0.002190719700978852,0.0022074236319016283,0.0017023784039489481
152996,0.002156792427823684,0.0023812533909257777,0.002053304154768912,0.0021150243777725564,0.0018794579560559854,0.0017942014120870958,0.0019472784763024387,0.0017911089992841966
152998,0.0031677770241104325,0.0027968361921227314,0.003086043970117594,0.0025664087255233975,0.0024185079807843707,0.002669913242807201,0.0025558760215791537,0.002524898644900242
153000,0.00357311681341127,0.004160560010843861,0.0035089837243953426,0.003120655257634733,0.003170697988493801,0.0029612308870277104,0.0028939259307945303,0.002953907908606071
153002,0.001880933399766152,0.0017470581081858172,0.002054262744630775,0.0016841665968245906,0.0015860478243256981,0.0016908182638817326,0.0015189620881801563,0.0016915006066740151
153004,0.002634639271653763,0.002752933045630526,0.0027661686593296597,0.002513346182808643,0.0027254604397435878,0.002588893054648614,0.002335962973234476,0.002168695094371176
153006,0.0021131083833736547,0.002128885526143112,0.002385045886761583,0.002060623322762259,0.002092844655355988,0.0021958524538710084,0.00214665817744554,0.0018391553269495736
153008,0.001939974606863848,0.0020612910079577246,0.002223479868931913,0.0017809380222075788,0.001729151909735674,0.0016729748164801134,0.0016611613261897779,0.0016955466262075364
153010,0.0008135745961551089,0.0008877764534330514,0.00078563258948686,0.0007360197346007041,0.0007963151919118706,0.0006597044538794207,0.0006846384737340672,0.0007105818554760425
153012,0.0014451314844628055,0.0013762515024540733,0.0014554541512803443,0.0014089277269352524,0.0013030056042140359,0.001151504532805936,0.0012931960842328533,0.0011625259603015442
153014,0.0017250439965756925,0.0020279889085962483,0.0019098158664556664,0.0018501212875356998,0.0016818222233903196,0.0015591367188967503,0.001489885629070431,0.0013315579476785994
153016,0.0015876683346016662,0.001457208172887095,0.0015865024334402733,0.0014765875852589816,0.0013476616834485894,0.0013002334518204123,0.001340334912520183,0.0013495014232496466
153018,0.002723731377529681,0.0029882324108276986,0.0025779980005263964,0.0020638000216008923,0.0026195980739101565,0.0024027737529911525,0.002299906663025278,0.0025360753581924605
153020,0.002645335934970197,0.0025899277061514625,0.0027064344957566377,0.002434405676856821,0.002090733644984688,0.0021722651277912425,0.0022703128730994365,0.0022447211142689327
153022,0.002995937073934307,0.002538718631079684,0.0026453390006066085,0.002688977121448277,0.0027386092607009638,0.002262653038372031,0.0027435207133741507,0.002850910588409486
153024,0.0023466828163956066,0.003181120641628843,0.0025997183894125447,0.002514079833693464,0.0025755551675610278,0.001942526247697432,0.002726700988931255,0.0022230136876034146
153026,0.0028602477948687227,0.0029246796575286282,0.0035772741455733503,0.002865870528697259,0.002704243035770451,0.002615300659304154,0.0027047874270460515,0.002763405570572322
153028,0.0016194843404482434,0.0017518921644046892,0.001227168492154554,0.0013992741444918272,0.0015909579000220747,0.001398090743496505,0.0012571351932447877,0.0012746738614978353
153030,0.0016260011430810906,0.0016427597060789112,0.0014036118888795107,0.0013242941226124932,0.0014913333970896364,0.0013155858667426301,0.0013940349836320115,0.0014308703755251534
153032,0.003785315342979559,0.003344616795874625,0.0032112278475377037,0.002921660076368404,0.0033311354611976207,0.003261204944955534,0.002875678849667676,0.0034489502166584196
153034,0.002621309025073515,0.0022047626364818385,0.002133797028271156,0.002149291139021736,0.0021221715260175827,0.001865442278543697,0.002136371125629047,0.001781244283525274
153036,0.002121685202439494,0.002025676469366147,0.0022810235145725444,0.00220526013882566,0.002041265421583782,0.0016670458037060798,0.002161820869818476,0.0018943688031636818
153038,0.002115259097950642,0.002179834194757105,0.0019943570628039448,0.0017741538983690047,0.0016903798845570167,0.001556477761130784,0.001826619269780727,0.0017315088785077037
153040,0.002393468380455524,0.0019454729116635955,0.001965634855941381,0.001802780275505178,0.0018171166506143616,0.0016150786060074168,0.0015679841423130725,0.0017245433431317125
153042,0.0030961973112566543,0.002718079783801175,0.002581536278555299,0.002608393092376496,0.002105193957553944,0.0023521760619430593,0.002638945649567362,0.001998291200699401
153044,0.002516952710740608,0.0029224321447397644,0.0027766965356358503,0.0022393319668592704,0.002268149995463334,0.002459463221626393,0.002226076201549812,0.0024628131079476034
153046,0.0017512130239802914,0.001815490898565822,0.001567204484354337,0.0018665272115194753,0.0016393304091109062,0.001527886275124249,0.0018768364102912521,0.0013277028280034436
153048,0.0014375960072006283,0.0014976870741834625,0.001679007772383001,0.0013924498046855721,0.001388099098605322,0.001406228598288664,0.0013337139772053863,0.0013521672201788904
153050,0.0018528344368213961,0.001592168841350619,0.0015623474265095277,0.0015031525810782487,0.0014448966938723218,0.0015647714764728399,0.0014146674841806206,0.0014814102138683977
153052,0.0016131012151243823,0.001529169411146336,0.001696939750993623,0.0014612317066467484,0.0014776937651167638,0.0017743506712953327,0.001802677148381504,0.001472863755459533
153054,0.0022283212746732617,0.0018787160916117346,0.0027053927149723322,0.0021519599312256332,0.0018473262249768668,0.0017685161476785893,0.0021442114026733045,0.0023300657415559756
153056,0.001650260051501165,0.001830045272189551,0.0018604069947861929,0.0015442535899251042,0.001793883309650704,0.0013534425839270003,0.0014150362931673044,0.0014986240281994606
153058,0.0023213876871444605,0.002512322089621724,0.002097623659985892,0.0017857195159402123,0.001910006673466802,0.0020419107730351854,0.0018232445154559157,0.0018057029087920201
153060,0.0027052237545511226,0.002715460403829986,0.0028075769636318887,0.0025430488692391173,0.002324624254316357,0.002294136156859042,0.0025155003724809527,0.0021871972483503144
153062,0.0018646822731455265,0.0017395647223375499,0.0018011941523821268,0.0016651092000233292,0.0017569155872799863,0.0017136827485420142,0.0015252255952006438,0.0014839500416821694
153064,0.002457325410363753,0.0022580074117595356,0.0018686503565957246,0.0020426367048801547,0.0018395694493939102,0.0018659681307249404,0.0024315520267281926,0.001836294810569919
153066,0.0024166444269946297,0.0022770323791572317,0.0027072954339403404,0.0022151290451612043,0.002009287533155657,0.0024624855221047626,0.002180936695751756,0.0023230173596533593
153068,0.0020603121791746976,0.001865999349494274,0.0017232103751336908,0.001640256346380889,0.0017938795228868015,0.001719624842107026,0.0014401964052837002,0.0016733914271305772
153070,0.002652630655057886,0.001821091054043933,0.0018454056650851758,0.0018754193616246084,0.001795643325024368,0.001962147180638363,0.001774381741702205,0.001565732424365765
153072,0.0017743770340473142,0.0016249705139270848,0.0014327228926447888,0.0014830546999480831,0.0015404555734770953,0.001403161401824518,0.001433057663239104,0.0014222449816339022
153074,0.0016307060491038833,0.0016227418564130347,0.0017541753277283828,0.0013703594330083946,0.0014235383512018474,0.0014094949398742035,0.0012789636017265793,0.001390934994449991
153076,0.003770130637349711,0.003194909211919908,0.0027862182560339926,0.0024347060229895773,0.0025318504098814643,0.0023885165869014374,0.0027977054785175426,0.0019467370148364
153078,0.0023315059832134666,0.002327128367032083,0.002883752420462793,0.00225417655085014,0.002020461391730191,0.0021822281138778182,0.0020160521596990777,0.002081130186098401
153080,0.001960712794249822,0.001997735699033068,0.0018121775085883224,0.0017894782217682398,0.0018205601197709975,0.001822790563895893,0.0017408300134747062,0.0016183412814534948
153082,0.0042013772834881835,0.005028366423248665,0.004149577356650447,0.0035562961609478944,0.0033543299962741774,0.0036762893110320466,0.0034828491790928617,0.0031199618894890563
153084,0.0016933111517226096,0.0018444811176926562,0.0020632486860468063,0.0016289614736808705,0.001555190561608813,0.0018237542046607574,0.001960068860393363,0.0013149854618644263
153086,0.0020123331829149382,0.002127109644023628,0.002031426124121785,0.0019180451633234036,0.0020489826452065873,0.0018399845772357204,0.0019647820491226625,0.0015998446621452583
153088,0.002918896851449984,0.002927585905144872,0.0024446212079178853,0.0022486672382138195,0.0022082872954376637,0.002224628843893753,0.0022073518717591473,0.002027627565916179
153090,0.0024806664612891383,0.0027722665939950014,0.0019198082508751352,0.002371232220119493,0.00210571291853813,0.0025800915354921017,0.0019581498920833718,0.002439466241622848
153092,0.002092825568005399,0.001513299488951958,0.0023266629434982727,0.0018153305854904378,0.001618369156140012,0.0017137869991591531,0.001576108752071606,0.001872428246436686
153094,0.001938994839207675,0.002069886183392322,0.002374309469041158,0.002166346757379367,0.0016901124735115847,0.0018691370403845081,0.001861070023010447,0.0020349280914106066
153096,0.001571618316238435,0.0013613498422949122,0.0015575402486106699,0.0013183702705266698,0.0012839137339418216,0.0012876657596155305,0.0013009237274133056,0.0013450016999723285
153098,0.0017580990737267044,0.0018176566119983,0.0016733042606995596,0.0016220525224086707,0.0017514047789419923,0.0016627820825622225,0.0017017980631006818,0.0017071419774251084
153100,0.0019266015087717747,0.0019186341833707932,0.0018144469272132202,0.0016520992709372906,0.0016124620999176248,0.0017289694317291215,0.0015579119402032854,0.001618271146207384
153102,0.0022200340226703613,0.0023852787650826546,0.0023652724902520905,0.0016306389559273549,0.0018461181950240602,0.0018566406158243703,0.002115455107843958,0.0026025230839090696
153104,0.0011028396459855788,0.0012085258037350943,0.0011683310017401305,0.0012012918668447142,0.0011048526364322436,0.001108804731950866,0.0011692856894729986,0.0010283611150803257
153106,0.002023518846668418,0.00230611947238292,0.0019863705777858343,0.0018235967088187643,0.0018219508866081924,0.0018910304983860288,0.0017405633036877838,0.0018951147243884692
153108,0.0015517802970644312,0.001713663934419296,0.0016755496722310609,0.0013917623399995471,0.0015101126809276139,0.0014312697592979706,0.0016079586763209641,0.001524574751350427
153110,0.001676512321599613,0.001280357259409462,0.0016411357610940508,0.0012379306111005711,0.0013104161287417343,0.001081155695282554,0.001182773226195144,0.0010617726756825818
153112,0.0031723159194061573,0.002646529751461346,0.0029606527582615727,0.002598701913898452,0.00239219934091818,0.0027601314558084594,0.0026554599008371677,0.0027715609085890436
153114,0.002334595873698442,0.0019361150474950378,0.002288966008568219,0.0018497258461050436,0.0016375399196050383,0.0017794259679138613,0.002074653849815214,0.0017684400105960757
153116,0.002270117270231964,0.002027429965013608,0.0023459209649530216,0.0020502644171396245,0.002271307702638184,0.0023745254848933778,0.0018838019452323135,0.002087902577921699
153118,0.002641202008957358,0.0020254970706524156,0.002370202319335546,0.002262142370456202,0.002179346873104615,0.0020351300907270886,0.0021796265285480843,0.001900466955248925
153120,0.0023321345197903215,0.0018656186270749192,0.0019316377697325415,0.001646506987583507,0.0014579921231827747,0.001844682712638393,0.001627584520430006,0.0015295677151851012
153122,0.0022095941395262747,0.0025022875532707545,0.0023658508394532873,0.0019541659013901924,0.0023310577484336736,0.002042754563131091,0.0018561311662868563,0.002206444644130126
153124,0.002174461018578447,0.0019257444614954183,0.0018042588605811233,0.0015962830578714199,0.0016677951405569408,0.0017160479814929547,0.0018920777977843445,0.0014771837197855575
153126,0.0029138882941290994,0.0027662411536561043,0.002607293127199206,0.0022686946993255575,0.00243232434995079,0.0024133802694063095,0.0025249641617425406,0.0023237683000554288
153128,0.0020576346103480386,0.0021815501674000842,0.0019774070469935623,0.0018467876375034692,0.0018555742866345343,0.0018077655244594926,0.0020340086338725,0.0019722991879290858
153130,0.0020902546842438974,0.002120816685518126,0.0016320545233506345,0.0018716797124673779,0.001813563166769852,0.0019660547215277213,0.001943807788509902,0.0018561305243025572
153132,0.002133183770356206,0.002087905982359542,0.00219942519392774,0.0018930715744093357,0.0017465903895710344,0.0018893324937314798,0.00212268330704668,0.0016194942349310182
153134,0.0015550668656865718,0.0013802641669380528,0.0015411984228657638,0.0015270511425548167,0.0013069704425533596,0.0012691788149145206,0.0012999846858352676,0.0011963033163926579
153136,0.0021356524806614985,0.002371021433207554,0.0022259679321906672,0.0023375764996669407,0.0019286963706621751,0.002172584612684228,0.0019402154851653197,0.002223444034119129
153138,0.0018948825001286473,0.0020003440293148295,0.0021143977215757476,0.0018161719112064767,0.0018104056025720766,0.0016249419817731536,0.0018818518463557116,0.0018199806313869
153140,0.0019611892150134397,0.002824751238691192,0.0019994250899841998,0.002123586196630056,0.0018067475288941481,0.001744231887558803,0.0017764910851605364,0.00199127052627536
153142,0.0021166107912885673,0.0031268402935360484,0.0034125423926472664,0.0029341246899355355,0.0034439017948137973,0.002655382346125182,0.0024414648434385594,0.0020744254656170913
153144,0.001371073869652406,0.0015877793668677698,0.001424779436579371,0.0012518602731464434,0.0011469775778061436,0.001322617154110084,0.001374400241243079,0.001416477519044515
153146,0.0015316678997265853,0.0015046666033191602,0.001615566704383023,0.0014539881123435544,0.0012755004727296182,0.0014541131188320483,0.0015176608931414398,0.0014905609557081534
153148,0.00145812299173044,0.0012874133868981397,0.001497789147286932,0.0012208255108220462,0.0012080363226619206,0.0010874370673946837,0.0012050500487321841,0.0012016869982273276
153150,0.00218899977651571,0.0017571591861227503,0.0018002731614821244,0.0016193401242970418,0.001779272597869641,0.001689280357088499,0.0016717393087342103,0.0014338870022615607
153152,0.001962902366253738,0.0017438609973276092,0.0018058026397099192,0.0016149842887502874,0.001722219876719111,0.0017018558468430284,0.0014562680519992904,0.0015473305390326098
153154,0.0025807822516350637,0.002667541135320528,0.0023611090873255774,0.0021330540407799164,0.0023107000552709117,0.002313623821174282,0.0023443619190652853,0.002161759207922387
153156,0.002211939513776573,0.0021888383830448582,0.002470529497922716,0.0017973034411800648,0.0018307927670686702,0.0021159996654987467,0.0024469318639089993,0.0020470088261093644
153158,0.002087865810169856,0.002176267676494925,0.002328421014997417,0.0019007151129821764,0.0015771530630282055,0.002077404269998376,0.0021016415799910565,0.001965698609197375
153160,0.0019044000810436584,0.0017940199513888921,0.002022360051853203,0.001674095851756388,0.0018284879769659007,0.0014610813327654015,0.0018169416568137309,0.0018277106927722248
153162,0.001622898229864403,0.0015892673955884146,0.0016448228719101454,0.001385797740166561,0.001301895905118769,0.0014254060892116005,0.001418270472815522,0.0014705228566447431
153164,0.0021166673497342026,0.0019699261362638026,0.0020772643626483372,0.0018726806927941292,0.001850169358661946,0.0017509143436683083,0.0018457407866990932,0.0016845436217147736
153166,0.0014247327525356845,0.0012972927671692919,0.0013770562222715915,0.0014707117172641504,0.0013890616622719426,0.001390627963721025,0.0012701111795016123,0.0013086245281415665
153168,0.0020654822361782094,0.0021396890644532207,0.0019435397532292648,0.0017853782403154522,0.002124857089994117,0.0017684766689867737,0.0017352473651419675,0.001687367909597448
153170,0.0026825883331336176,0.002615462977522187,0.002440251966255913,0.002293973787743875,0.002239587589758854,0.0026396660178684833,0.002334306087046892,0.0020731497317252323
153172,0.0019352378596463465,0.001773875861449739,0.0017331933661388632,0.00133565908081007,0.00162419542940051,0.0013454815602226416,0.0016152630566024367,0.001434394032715558
153174,0.0025099956866015405,0.0019082152213606568,0.0018714756807160088,0.0021295610851304048,0.001959771340617769,0.0016952462894801457,0.0017635937999705004,0.0017088364407672613
153176,0.0018865399935941302,0.00151105496114802,0.0015960413534150814,0.0015878491351173502,0.0013894098998493837,0.0014308560021305539,0.0014574772409170628,0.001469369098847706
153178,0.002760998934620132,0.0028009615765276497,0.0029345141573472594,0.0023606471558297454,0.0026521203154681317,0.002234212711791417,0.002549685451104511,0.0023521684736521054
153180,0.0038633779669981078,0.0033984256387276646,0.0029392382538862144,0.002865174962406028,0.0027793067852146525,0.0033205576976946816,0.003031235140518229,0.0029669771304932646
153182,0.0020491661163968278,0.002097005046071257,0.0020181358445645753,0.0018947722310214687,0.0018705987609295982,0.002025957152075597,0.0018397228399075344,0.0018118029515692968
153184,0.0018978970074497031,0.0018460154362635178,0.002001661499421381,0.0016365005155895146,0.001551606257595442,0.001608435239431119,0.0017934557461476985,0.0016211674366900658
153186,0.0021183270765662426,0.0018730153797143073,0.0024168217029443273,0.001953663330371891,0.0020652032302738293,0.0017341618829949668,0.0017386127162116183,0.0018424849626780399
153188,0.0020532366330973245,0.002319567682830273,0.002129893918984216,0.0020220441049625393,0.0019535141523339267,0.0019935426236518256,0.0017370659514819864,0.001583802738274756
153190,0.0016568226515245588,0.0015376840460314956,0.0016188985210167234,0.001631674089448476,0.00139756816679526,0.0012073750332639577,0.001382494994775843,0.001413110665024822
153192,0.0017384322248573808,0.0017953320399863998,0.0017345472554384234,0.0016287527887527548,0.001577322611286347,0.0015925169904784653,0.0014242178726534688,0.0018644281145335923
153194,0.001870842060594527,0.0018544325434905057,0.0017007009729019945,0.0017253485086152764,0.0016776433911458444,0.001688194656889755,0.0015942553321327685,0.0015903528992333854
153196,0.0024655958776043096,0.002365479397790096,0.002192564148715395,0.002008537834053206,0.0019092907079855254,0.0018320828335027933,0.002150777359379019,0.0019612990903406513
153198,0.002066621141366909,0.0017543553862058858,0.0018833443960284413,0.0016978437468830876,0.0017850505330763156,0.0017366573230162552,0.001770393774056092,0.0018099107779701584
153200,0.002009486585903497,0.0023460198434700624,0.0021169594090056365,0.001991193725953133,0.0020764817154784176,0.00223548246505291,0.0020548753598328418,0.002058982305221113
153202,0.002250286030570106,0.002170715612198615,0.002027600726518808,0.0015267562217685104,0.0019612499265254796,0.0017822902983708477,0.0019946202606835883,0.002313471514732171
153204,0.0017757095495758574,0.001919103506165476,0.001811016856612127,0.001662654483129536,0.0018793801131625903,0.001802799572625871,0.0017336338495541614,0.0018334582141443928
153206,0.0013409672682069967,0.001531005770720753,0.0013130797741527922,0.0011452971763310643,0.001234259664563267,0.0012077892889159614,0.0010857449037704608,0.0013055456804522692
153208,0.0021594229395654474,0.0023033899672955105,0.0021519091244096705,0.00204411017739603,0.0020077011413977136,0.0017574546504557503,0.0016120351960396406,0.001633689328489396
153210,0.001847793149709745,0.0018040341702586643,0.0017795387996867446,0.0016938179835144368,0.0015777904697093087,0.001595659783388062,0.0016985268915326174,0.001500476592482869
153212,0.0014691880351245246,0.0019565324101845777,0.0015749642533558067,0.0016017918474670184,0.0014761498666405887,0.0015361745236666113,0.0015802353511486095,0.001759948346218787
153214,0.001676010525948124,0.0019551916629523824,0.0016708785317690045,0.0019054195285477804,0.0014809044016812628,0.0013876630424443231,0.0015750325567296386,0.001376394681701365
153216,0.0018744576483657044,0.0017457435485204176,0.0017070582459935424,0.001783630186622101,0.0014460595045945462,0.0015578034275522956,0.001571678571917881,0.0016817947241374448
153218,0.0015694014744854906,0.0019397590104947154,0.0014794797603774473,0.001625388013035703,0.0018699346817255963,0.0015811459297006142,0.0015602951715281699,0.0017156979994675942
153220,0.0032317811689175913,0.003776512838907578,0.0036225405338463773,0.003100536127083553,0.0034316569849890954,0.003338144561569348,0.0036910803403401027,0.003812739347644048
153222,0.0014999603215094665,0.0018083405303938177,0.0017517459104626903,0.0015394936449821817,0.00132538945510291,0.0014497305926539639,0.0013344070946459535,0.0012424320210647904
153224,0.0018499049751957847,0.002029188582368724,0.001987027784461484,0.0016463727586855104,0.001405937763500953,0.0014975994209610044,0.0016325764882054727,0.0015087808434249284
153226,0.0025178353062218495,0.002708011888480702,0.0024812502135486275,0.0024246081037907624,0.002448313030356586,0.002349328061020964,0.002072483181170273,0.002571472751037321
153228,0.0023426739281582343,0.0021012330917885708,0.002038408518485524,0.0017947666815212315,0.0017423063013583123,0.0019082458151582632,0.001822457214303519,0.0017074211996492977
153230,0.002587638783801971,0.002426328657172905,0.0022595133965186975,0.00249110753261729,0.002047492246276761,0.002398461060276205,0.0021195885060860814,0.002022185825700809
153232,0.002303323100223423,0.0024051029170196886,0.002076717003441156,0.0022635479979482703,0.00211279501439976,0.00209234295963813,0.0022461682831379642,0.0020322966308844587
153234,0.002374358843226787,0.0022751466897261707,0.00205518676816846,0.0026479592362005505,0.0019888389029418946,0.001974121128052231,0.002015407228640742,0.0018025015859841759
153236,0.002319303229676495,0.002413609402404107,0.0025292661716556225,0.0018799392611903443,0.001991985405511723,0.0020641371543925757,0.0019354905716367221,0.002222256378897003
153238,0.002890148769334522,0.003746642090254826,0.002856090510468201,0.0029195006793959616,0.0031535015796873567,0.00261209114674138,0.0027660871533294884,0.0029660823364949934
153240,0.0015252491643471533,0.0017018383272005,0.001661580411557853,0.0015849249342284738,0.0014798368595775463,0.0015277351306588471,0.0016316497118891299,0.0017260504740870264
153242,0.001854886246445267,0.001485877090112775,0.001879744147521345,0.001575110619541853,0.0015215321478106447,0.0015324669601410879,0.0016155454421201143,0.0018986932942782198
153244,0.0027407958759524537,0.002433702490885495,0.0025097351487923802,0.00256461127250468,0.002256883473448712,0.0023459263779566086,0.0022571262912274292,0.0029349440140793437
153246,0.0019291145633571483,0.0016354075079130226,0.001643288212310745,0.0014553239710162758,0.0014902845364868217,0.0016241984320833347,0.0014682945890798355,0.0015917116375502444
153248,0.0018015214406654767,0.0019438458930648578,0.0016223469044308048,0.0013176772743150877,0.0013661973408629624,0.0015828819093042373,0.0017484423241099223,0.0016244827987239724
153250,0.0024422431576233278,0.0025422813256240767,0.0024841896864611496,0.0025340410175345718,0.0021901921112866263,0.002178537225694166,0.002057166552729195,0.002107628978436138
153252,0.0017293588743738791,0.0019438320965449313,0.00193523228771314,0.001758590514129868,0.001480767354067672,0.0015168181139663256,0.0014431317023388956,0.0018638815713445944
153254,0.0021603457289187805,0.0021541323970366566,0.0023394540054566537,0.0019479278690770624,0.001838030146354544,0.001845417187386289,0.0017682247677109353,0.0018249634901491701
153256,0.001712032125297469,0.001543519956848094,0.0016122063097979145,0.0014693239746679243,0.0014386872043029714,0.0015630142358574878,0.001587220088729302,0.0015504483952911846
153258,0.002509920286017042,0.002795172472596655,0.002839210525357183,0.002157228428119551,0.0021293173214632782,0.0023422888051707336,0.0022886573253366876,0.0028371048386380965
153260,0.0020252224551137316,0.0018884672647909856,0.002215854275075882,0.0016876041898969962,0.0021562205037835153,0.002013926084279985,0.001900700820735901,0.0020840862479332145
153262,0.0017690648217767585,0.0018744102304433241,0.0019173942463732718,0.001771502451690679,0.001702650780213824,0.001966568795832624,0.0016853317491658665,0.0017723404609193555
153264,0.002138728661078018,0.0022697037274844872,0.00233238926852343,0.0021063540159476646,0.0022177819013258215,0.002056445138600274,0.002133171038101192,0.0020454204141790028
153266,0.002105960797965878,0.002143901600424117,0.001992695424179125,0.002201881585934873,0.0020713138390082847,0.0019741803841850786,0.0020433698383982013,0.0020748890341995563
153268,0.0017711844865851006,0.0017449983737650165,0.0019851593972965986,0.0015579781083086552,0.0017690761032335273,0.0016225392724540516,0.0017806732877506115,0.001766407161602493
153270,0.0016145160368665756,0.0015590958263489996,0.0017224823944579498,0.0015707042847603603,0.0016311059289911278,0.0013132968490828234,0.001638686118303534,0.0013521842064625478
153272,0.0022129978791541327,0.0021042635434137674,0.002073581944415148,0.001630123317228005,0.0018411538339933031,0.0018670255302597472,0.0017993195376264787,0.001971999417900286
153274,0.002405744585084038,0.002207854917424479,0.0021253657598805376,0.0021075458615643777,0.0017630187580581907,0.0017357539155382629,0.0017686743801910293,0.0015850940098153382
153276,0.002576823904382533,0.002774538812749805,0.0027978832141700855,0.002375603895833925,0.002172347774891406,0.0021071727109509553,0.002323018796056689,0.0023783206151792857
153278,0.0023256420499964126,0.0019916671852817647,0.00207522198033884,0.0022234089022300646,0.002275187203397755,0.0021304461779739214,0.0020917094502346245,0.0017650358841825448
153280,0.0013261135070859048,0.0013299633315245196,0.0011586599914237272,0.001164442163873472,0.0010264880741586158,0.0010779390274804346,0.00098721943682413,0.0012530302005310384
153282,0.0021239632012550747,0.0018478024375628288,0.001983229841837686,0.0019365560110609081,0.001736527230272747,0.001820282920181937,0.001538795338682078,0.001767507386036593
153284,0.0022039580749810828,0.0018205280118571837,0.002113812263966841,0.0019060323038236349,0.0019182755393443301,0.0019488197686212821,0.002333808271973936,0.0019958992302674533
153286,0.001626384821220031,0.0014340709562061932,0.0015760161712208842,0.001237985661742949,0.001284962328470654,0.0012960639940055169,0.00143518875820986,0.0015073778540376642
153288,0.0018920625657961043,0.0022691354782634066,0.0021842817369055467,0.0018449364819366765,0.002164986552824835,0.0022103051522011224,0.002180465602528381,0.0019054666866275133
153290,0.002130745376810461,0.0024366162460944807,0.0022158581329991822,0.0018917773824436157,0.001731456173959478,0.0018513181238267173,0.002054432943881468,0.0018020733128715355
153292,0.001490291151839962,0.00139778598806789,0.0017852954449649183,0.0014028904187335933,0.0014611533859513332,0.001303744231462789,0.0013017316549746583,0.0013138215209019949
153294,0.0029477904404642263,0.002637750483805379,0.003162355169067377,0.0025076390208929183,0.002929236148049519,0.002824677981690518,0.0024598656197306057,0.002635567125828256
153296,0.002135232437533441,0.002038698492071944,0.0020040589204333714,0.0017470811531981045,0.0018835390497456417,0.0018551060588487545,0.0018570859197666323,0.0016619940824230822
153298,0.0021943140914549297,0.0021449822104925437,0.0022447941852927894,0.0021727905539850045,0.0022029483832110147,0.002201862706894042,0.001968264461748151,0.002202126321566633
153300,0.0017820949728282326,0.0017199946911270608,0.0015507062800690918,0.0013220779961731766,0.0014734047992471938,0.0014120628093856752,0.0017334964251301127,0.0015158548928601162
153302,0.0018317754210298715,0.0017506630728656436,0.0015815159827106129,0.0013570076885543458,0.0014722830732560865,0.0013988692184452867,0.0015464675477725592,0.001354875961333768
153304,0.003186398733393117,0.0028377830980454988,0.002750344981636968,0.0027107960276256393,0.002567592527758303,0.002912865625777139,0.002682732273230362,0.0023574246679567423
153306,0.0010774019147561376,0.0009834155106927533,0.0009827845336640856,0.0009043146461431562,0.0009875448593047592,0.0008205651280804305,0.0010219121390199343,0.0007838195014189288
153308,0.0018084146700442366,0.0013414436794624424,0.0015295691721348703,0.0013429657060576444,0.0014598364887610793,0.0012714641413082012,0.0012337126592494446,0.0015194235337292472
153310,0.0018972313450716372,0.0018473082921445366,0.0017983769089937596,0.0014814965317167528,0.0014816651598841823,0.0015058659374922595,0.001673286888640227,0.0014346694524248194
153312,0.0016870447343189099,0.0020891113277580337,0.0016214068360454054,0.001649553397705894,0.0016801427372177408,0.0015055479185227677,0.0016353351960498586,0.001531664109060707
153314,0.0027011009740463138,0.00234848020744928,0.002490729731189148,0.002427315985017664,0.00228218049770669,0.0022933464902963885,0.0021278347550640064,0.0023970601050843504
153316,0.002400111720718634,0.0023628355761024095,0.001972553646370001,0.002162098359233547,0.001931423619439876,0.002092995653000751,0.001954015716123303,0.0021407734386693633
153318,0.0022783003711379785,0.002072262038965836,0.0021435963049612483,0.0018698251409297179,0.0020808406089894427,0.0018653367308555519,0.0024756519183615766,0.0022502337225634023
153320,0.0015144164336816784,0.0014608788528891609,0.0018238124321181548,0.0014301416508455539,0.001309111873124602,0.0015906084356293176,0.0013365763241193762,0.001380852436563773
153322,0.0016979281730494927,0.0019056364605464365,0.0018578604327343928,0.0017415083814682625,0.0015407983148030824,0.0015727592350084502,0.0016923461427836295,0.0017537781083456494
153324,0.0021160260555354166,0.0020465140032182583,0.00208066762007221,0.001887815883366964,0.002114206214232306,0.0019500152077415317,0.0020854803434300906,0.0018961255196963678
153326,0.001950457093220559,0.0017762916814795388,0.0019476020083342704,0.0016862993457620323,0.0014474257316265948,0.001852518233222425,0.001617931281543472,0.001525327147512634
153328,0.002101149759606638,0.0019183160034165342,0.002123832035558826,0.0017853974440740772,0.0018527581093441686,0.001616064760503244,0.0016331476145510365,0.0019103476100623823
153330,0.0015408334099232257,0.0017026818312617653,0.0014964794732287429,0.0015833375468377597,0.0013231328436325157,0.0014546475821580196,0.0013618950238800803,0.0013448107088014916
153332,0.002002570616626023,0.0018987702374829857,0.0013671809325088852,0.0016188550534812496,0.0016570404058758315,0.0014140779380620305,0.0015540246071182318,0.001762139481955638
153334,0.0021451064359924304,0.0021788060481229415,0.00234055470168798,0.0018981375314424676,0.0018701076982830522,0.0019225896473896165,0.0018814504427523554,0.0019937319126859254
153336,0.002624250526468988,0.002169900628531174,0.0028609762382253573,0.0025700844623168795,0.0023809269125863036,0.0022985680171396794,0.0020786449652741013,0.0022325518346109213
153338,0.0016695177625980634,0.0015632846522707494,0.001761039366429351,0.0015070209178093125,0.0015060492473185777,0.0013504321679476267,0.001723627007601758,0.0016879387445687538
153340,0.0026199180243189485,0.0026778134877603194,0.0021014848059946467,0.0021638399164770755,0.001710712322600616,0.0020551384679327184,0.0022639673606770216,0.002242076179521116
153342,0.0019440183536950095,0.0019186733458040894,0.002098818153406734,0.0019006020757752484,0.0018308982892991654,0.002001836839295168,0.0018678143489548327,0.0016159829937693188
153344,0.0024343781062308306,0.0021316303717129476,0.0018683811133768935,0.001803827530806823,0.0019308493361381296,0.0019494046129614612,0.001852165181781551,0.0019247039008283284
153346,0.0026326751006424676,0.002858708725407555,0.002713863764913782,0.0026940979543899624,0.00255704684323578,0.0021372579768419997,0.0023275363247755726,0.0026494132673160614
153348,0.0025052357282062676,0.0023970166966048034,0.0021719057353672966,0.0018619877872223661,0.0020457247025194025,0.0021171904654728735,0.0018009358211799054,0.0020514652612161483
153350,0.0025348778381246856,0.00275849003911989,0.00278348526357336,0.0027570877465800253,0.0022654604370576786,0.0024145794948382676,0.002364442052286364,0.002198898653196349
153352,0.0017900156374218157,0.0019852360811596498,0.0017951937698930248,0.0016155418485120365,0.0015642495637058773,0.0016301606185751272,0.0018215177651060288,0.0017147766125883562
153354,0.0023266101145794083,0.0028058469062683944,0.002773808116969312,0.0026239776365360457,0.0027707470694974395,0.0021635886537438864,0.00251998319010327,0.002322950208293373
153356,0.0013050697660696997,0.0012396508664032219,0.0013884808080488892,0.0011539382631038514,0.0012167137513469234,0.0012049318539757992,0.0011325694411513099,0.0009717446715643008
153358,0.001857175500694433,0.002037651051402245,0.0016703858017150797,0.0016458510109385593,0.0018084514235967714,0.0017274870387498087,0.001636236496834323,0.0016773534934358403
153360,0.0016061528594060182,0.001524015084371444,0.0014997173672559733,0.0012465980214233646,0.0015291434809333732,0.0014732423612887763,0.001486874983793962,0.001116261310438793
153362,0.0016774999649374345,0.0016632074493651144,0.0016866894608553867,0.001589705236154107,0.0016913728292733965,0.0016819386393845392,0.001550485067017604,0.0014290939766104516
153364,0.001681390816572606,0.0018528386060145952,0.0015410764545975703,0.00173268222738443,0.0016001778532812733,0.0014047518267106818,0.0016579822520325221,0.0014322003676934397
153366,0.0019751441660140756,0.0016676509189196415,0.0021737568372360294,0.0015857451833634073,0.0015213066323550017,0.0012819901548000723,0.001746740787594861,0.001396469291767899
153368,0.002401390524232175,0.002049375566894898,0.0022186093362309145,0.0017879077286382522,0.0017860765679661578,0.0020568053230019118,0.0019386251117917835,0.0016234658597583107
153370,0.0018076546522883263,0.0015742783448946668,0.0017226326786340534,0.0015370077654652953,0.0013716422417717755,0.0016643413175678745,0.0015441484817525636,0.0017318403154890222
153372,0.001725299921050985,0.0015064479991711566,0.0015909864294222503,0.0014394107531682382,0.0015694053115646867,0.0014653651720831912,0.0015182344882752746,0.001283887304316958
153374,0.002175600387124499,0.0021233808839602464,0.002153247928746771,0.0018307956362129674,0.0018091425232769631,0.0016937634027026777,0.0018751054307865195,0.001687108081579472
153376,0.002604829225643146,0.0021330657403676595,0.002152848629045759,0.002017056892152938,0.0022920536290343407,0.0019700699870611182,0.0019487506983118102,0.0017495553270734931
153378,0.002694857139532228,0.002390116833909231,0.0022816096210115516,0.0022258382233408813,0.0021996435853177815,0.0023785248223343047,0.0025698057164729726,0.0025023553850261337
153380,0.0016570261513232515,0.0016262421008855221,0.0015514627484114474,0.0017173170427269846,0.001690141572198725,0.0016372562212110808,0.0014313596776561882,0.0014704928572086828
153382,0.0019639839077081334,0.0017767052603190892,0.0017844348648046182,0.0015298774783137348,0.0013481305282904282,0.0016682601000178737,0.0016184353969495024,0.0017778950781482394
153384,0.0021263530485371995,0.002000489986169765,0.002284743916184176,0.0019880461879390326,0.0017626612031099165,0.0019147046355699887,0.002004604625795159,0.0021500790965795075
153386,0.001720146411792689,0.0017687088476177198,0.001645513097948914,0.0016024977410824537,0.0014686480517024508,0.0014999069391375408,0.0017621898365656335,0.0016296952847383445
153388,0.0021721925524325614,0.0017077786497302072,0.0021445785024605396,0.0015847594268626614,0.0016406263116343217,0.0016254895425071997,0.0018609665275484133,0.0020964257540532355
153390,0.0019385519578385968,0.0018847941933190088,0.0017615556086817558,0.0015116707584018757,0.0016659937306257172,0.0018744679707140138,0.0015237562295169482,0.0014248069973979427
153392,0.0024717195011870197,0.002267385036501271,0.0021781098565216844,0.002383759802727106,0.002039985120095622,0.0021549994075027584,0.001765401819145751,0.00216970419453949
153394,0.003061368178808657,0.0030438032560423794,0.0027780476490946726,0.0024891846134117573,0.002220395619688245,0.0023183442201063637,0.0026967321622493046,0.002324491702197451
153396,0.002559516694095168,0.0023950356456428623,0.0025257661567679307,0.0021832459273372212,0.0021561433534725283,0.0021512749537447307,0.0021535217556559183,0.0021526128694660113
153398,0.002503591052878132,0.0024558530889745717,0.002675157324327826,0.0021304960429877756,0.0025569616972294235,0.002250229481400315,0.0021584681553719065,0.00205995168783292
153400,0.0018489315659775546,0.0016807908498139984,0.0016963627929156427,0.001477542546539104,0.0017259966145367067,0.0015874347045187337,0.0014818033962535893,0.001285858258421882
153402,0.002285436642048,0.002384252730295522,0.002043806345988275,0.001977308317024973,0.0020557559430629674,0.001789589795859206,0.0019602723874814765,0.0022063742997784908
153404,0.00198135859852179,0.0018450673735549566,0.0019503557479719213,0.0017868849472107429,0.0018706786774851936,0.001956401577309086,0.0018055404957633692,0.001819497212212584
153406,0.001954438291588159,0.0016938342352743607,0.0019121648234252664,0.0018845904183221324,0.0015933618042285463,0.0014972050132025516,0.0014378030824337973,0.0015218559195782078
153408,0.0019722872761025606,0.0020734587897423135,0.0019589033188710664,0.002087321821452895,0.002024562313963918,0.001722593715440382,0.001974238317018262,0.0018490090960972122
153410,0.002539205551738491,0.0024088302443523446,0.0023201773819337412,0.0025193141218094045,0.0021561955941151872,0.002190945680835679,0.0022419519994371223,0.0023915230460776066
153412,0.0019277701600156766,0.0019854166758481867,0.0017082697812590558,0.0016855400511222585,0.0014356409694438188,0.0015393755443824375,0.0014529132783597382,0.0013854025337937254
153414,0.001792883742733467,0.0019512534689348215,0.0018505533091348614,0.001965225274189533,0.0017013601065265505,0.001762967140275018,0.0017256081696799402,0.0017316204907871224
153416,0.0016740818288769749,0.001717619945684326,0.0017911815235527317,0.0014905943233416985,0.0017883270685372654,0.0019037742396826318,0.0016275045667982907,0.0014981181692959172
153418,0.0028089857179704053,0.002522979940093928,0.0025677903580634404,0.002596546929387822,0.0026649419964011045,0.0026602997105401732,0.0022950026984236566,0.0023777683550483264
153420,0.0023547824602437317,0.0023819453226714415,0.0021924423940338778,0.0023118745700823617,0.002074917202920093,0.002305841476125947,0.0023673361726928577,0.001843198527951062
153422,0.0018057070246166873,0.0015670278124329529,0.0016673542800946795,0.0017829962016300271,0.001521139540832786,0.0015583289697840425,0.0015040741947039415,0.001382665371552072
153424,0.0027181574718682655,0.002513079495122375,0.0027313568278221206,0.0023406502228989906,0.002314838510041453,0.0025399696269801098,0.0023296327489164548,0.0021520404629857964
153426,0.002311257724546545,0.002558699182408697,0.002310466190881544,0.0022321811528345226,0.0023784270779581146,0.0021925606599955266,0.002065450068274244,0.002292676825421683
153428,0.0027300821297372574,0.0027343543575687607,0.0026658209298785623,0.002577559952715039,0.0027049850488208294,0.002372437985196152,0.002639377399423895,0.0019173710829435558
153430,0.0015316270774177188,0.0019522597015240312,0.0017552339669224676,0.0016284241521318799,0.0014424219330175791,0.001576269665834809,0.0016477751764459314,0.001651603262020851
153432,0.0012635354049770342,0.0012487028558577778,0.0012356528507064812,0.0010316956332454552,0.0012670528079619103,0.001270721171469591,0.0010133652974443491,0.0010260808786100584
153434,0.00244051255299077,0.0023795688866152936,0.002425932681363388,0.0023013336232937665,0.002152195655047928,0.002218656713128944,0.0025039232255663624,0.002247371846652149
153436,0.002576223342618103,0.0022458091835917404,0.0024913228476253213,0.0028457898193952197,0.001961000487401124,0.0023136947797697816,0.002665397023518659,0.0020883765023667206
153438,0.002582675855486452,0.0024150741339576953,0.002519388541448786,0.0019004003711793477,0.0022277030194930436,0.0022622415935759227,0.00251237549267902,0.0021365288511463604
153440,0.002126127332899644,0.002490550880466458,0.002247061036467893,0.0017164418311044344,0.0023997919818106173,0.0017700740276917065,0.0017720026616535045,0.0021229366460389643
153442,0.0021743342088820228,0.002619826117612689,0.002143090976633802,0.0022270324608393427,0.0021652971813290872,0.002006887319569453,0.0023825009769860017,0.001914190214394998
153444,0.0015667125412117816,0.0017101946501756893,0.0014871884386353923,0.0015982724563878836,0.0014770388268404155,0.0014598191239218045,0.0014740240330866072,0.0014390246493811848
153446,0.0019466167002907403,0.001782746414178471,0.0016706769239158703,0.0015267425390670525,0.001812133422390616,0.0015591078881238701,0.0019013999044636964,0.0017305113485322487
153448,0.0017314530737169154,0.001620357869854594,0.001693784253695499,0.0015426229131341312,0.0014574544857881705,0.0012498768387669973,0.0015156123950397365,0.0014116316829117098
153450,0.0018510735326219413,0.0016250134627995294,0.0017486660179921731,0.001537520439685247,0.0016025290580895662,0.0016615193675741935,0.0015087860526854513,0.0013864615363291671
153452,0.0018024269350148808,0.0018183615411013765,0.002004955904543873,0.0019087441380263304,0.0018031608590986098,0.0018292753048996246,0.0018171455523976476,0.001742737055026533
153454,0.0019755527930876426,0.0018203248802320382,0.002128794428424785,0.001963611145038971,0.0018035468618711331,0.0016772762933221635,0.0019751630400775128,0.0020465254630173124
153456,0.001888251959791809,0.0016895774086285315,0.0018766553364507055,0.0016873957604307682,0.00205133061691698,0.001775032085775688,0.001515445326488743,0.0016252276149482242
153458,0.00288155908658784,0.0025826209531581434,0.0028469882822035886,0.002517531744704371,0.0021855769313961076,0.0024945849477547993,0.0022027511583489062,0.002238786921786806
153460,0.001638089598641701,0.002117214120333069,0.0015123828760347374,0.001480261078340997,0.0017467330028591577,0.0014591468139958513,0.0017105570126477176,0.001526414754804431
153462,0.0027666044233163323,0.0027114718207246202,0.0023078855154823885,0.002569238828814893,0.002409976400685798,0.0025089289856561336,0.0026359771777340196,0.002303382458110695
153464,0.0017760646575282757,0.001767366119727068,0.0017770720888182212,0.0016275394335541066,0.0017428536942404455,0.0016678541697765642,0.0016709979185881019,0.001494161346133463
153466,0.0025337016025801656,0.0021324697904174933,0.002108726411599593,0.002506671671743954,0.0017813861033828676,0.002024890527118642,0.0019292634613705811,0.0020785807647273474
153468,0.0012410502407425583,0.0011871807475364454,0.001185513209835523,0.001233834874320161,0.0010439034615088993,0.0011165956452372644,0.0009890999011032964,0.0009336047563501954
153470,0.0027452228627567465,0.002304445308265582,0.003361243358526389,0.0025262409738663477,0.002788753891164522,0.0024906033079755835,0.002491352970155916,0.0027739242684048926
153472,0.00204543153395248,0.002281161582655733,0.001997905205443351,0.00190040491834699,0.0019967421165152516,0.0020188568686946434,0.0019100542138981158,0.0018381250162638474
153474,0.0024498288176767608,0.002584111853213847,0.0025391428538613092,0.0020267503451108088,0.002285712693176137,0.0020987765110596635,0.002133853815869738,0.002143026823169261
153476,0.0017252606182351915,0.0020742700493841526,0.0017666896232082646,0.0018116497780996804,0.0016035143578732036,0.001958954102081592,0.001642592413819921,0.001660629042517181
153478,0.0034135822610335126,0.0036272523963685327,0.003420525882429415,0.003357451417843396,0.00369410288046762,0.0033154368560970315,0.0032595585451540426,0.0036004388406491034
153480,0.0016720366420139854,0.001412221558894089,0.00133516600205498,0.001336044676811865,0.0013527864665530687,0.001522793424321836,0.001221496982906134,0.0013637031791114002
153482,0.0014789032192524948,0.001598855128123411,0.0016125916481506963,0.0017044479026563503,0.0015760658628410362,0.0014877461883620047,0.001634369985812123,0.001372691004226434
153484,0.0013917651195392011,0.0013687591090084106,0.0013030405672811995,0.001375261337177594,0.0012601911006895339,0.0011740149400046307,0.001298914135503329,0.0013492808290527375
153486,0.002586694774973655,0.002838637288395063,0.002578832966733613,0.002174358875683971,0.0021345277530605694,0.001789150453597857,0.0023515357977850343,0.002155380573798729
153488,0.002949201569935278,0.0030411537706043767,0.002338124432967048,0.0026363291133846417,0.0029798079861296234,0.002983607049035497,0.0028574556240847926,0.0027888325827455512
153490,0.002437427995883437,0.002535365140643231,0.0023837354305090153,0.002259177666804002,0.001866129376868253,0.0023320370137170365,0.0024932428721436417,0.0020662614531841705
153492,0.0022956891240233923,0.002485351773984734,0.002548578377409419,0.0018721635668073194,0.0019199613598135934,0.002222391251895106,0.0021785052324085896,0.001698862527075795
153494,0.0018309834106555872,0.0020209463563042457,0.0020640268046845933,0.0018943444821174632,0.001821753717719199,0.001614412755149855,0.0017292807964387619,0.0017669467392678606
153496,0.0019417999442816886,0.0018671082679094925,0.0019570406237035126,0.0020841440708366243,0.0016687960400899038,0.0016784531012998954,0.0016650854860387199,0.00156782306200981
153498,0.002202507436984469,0.002616779236569222,0.0020634382099122967,0.0018966777431297377,0.0020464031144671463,0.00201454335666941,0.0022579337719608322,0.002045942402195744
153500,0.0018619572450196409,0.0016994896678648175,0.0019087210269054383,0.0017454515605109244,0.0017837664373132611,0.0014892702602256613,0.0016381589558136511,0.001520549417969086
153502,0.0019938536745290336,0.0016776266069110785,0.001896873409146252,0.0015493634018639568,0.0016419948816166624,0.001778152694107915,0.0017045186506821214,0.0014975284929283905
153504,0.0014376095669233063,0.0018769723021014872,0.0019188763441549406,0.0017317981477510541,0.0017104531684576513,0.0014464995400695901,0.0015257680226704734,0.001375179553245301
153506,0.0021051334504564867,0.0019598960191053033,0.0020055691315051943,0.0017915138926776764,0.00210323526834838,0.0017426795144520751,0.0018183856871054616,0.0018980722865859084
153508,0.0016532602470488295,0.0025153210082641403,0.0018639668126542303,0.002165243790469132,0.0018640276085903906,0.0021467493113759423,0.0014513219250469334,0.0019809560036089385
153510,0.002022242783424902,0.0020644567112890755,0.0019152344507738506,0.0020186643821509254,0.001960109103161037,0.001959199123833466,0.0018413066511318577,0.001826185275314876
153512,0.0018120360540555686,0.001939080796860504,0.0018647475850546713,0.0015420239560768323,0.0014104735665435714,0.0016904852619587102,0.0015409708696587643,0.0017144582269791458
153514,0.0021766753989445192,0.002152066385546769,0.002230732867232868,0.0020522657942308037,0.002156090767504504,0.002183843707455113,0.0020895203389308947,0.002233552441801692
153516,0.001436439428804448,0.0016505451769427554,0.0015639746441087482,0.0013685909693637033,0.0015812072565495883,0.0014951836244050387,0.0013756575816021993,0.0015300243572107797
153518,0.00389383975474189,0.0033609898047948367,0.0033865646476143874,0.0030403082494301348,0.0032176063411571004,0.0036174320033281054,0.0032292276293652833,0.003316271319755551
153520,0.002288228910359416,0.0019239574072713594,0.0022811754608642737,0.0019949390495099806,0.001694198540466374,0.00174961079953051,0.001852136323478304,0.0018550011248796988
153522,0.0029737880694637037,0.0026380922054569794,0.0027974059810995655,0.00268386656366304,0.002428456984146843,0.0026276401235331287,0.0029410259216469115,0.0025680308605107727
153524,0.002047975386346726,0.002025956146009658,0.0019040990141275943,0.001630364279423327,0.0017227876080730398,0.0017723668087336192,0.001778439863647785,0.0021548703996857044
153526,0.0022055851900060347,0.0022057003107534,0.002373882185954926,0.0020234685739574237,0.0019067161003702982,0.0020109804640020545,0.0016537113597439035,0.0021683769364266997
153528,0.0020264115840610414,0.0019456625338310496,0.0019588050519303707,0.0019104407460755063,0.0018533508110458868,0.001778602310076996,0.0015160710107325337,0.0015119465464735887
153530,0.0031243906152032125,0.003479697236380197,0.0026161904231343375,0.002651882813258802,0.002565328593218799,0.0023527907541600612,0.002550082370919929,0.0022442827131010645
153532,0.0030361599979056436,0.002416010096075505,0.0025478931128201238,0.002459381194095958,0.0023231577701787742,0.002415771694147098,0.002418005662736755,0.0023335278919182217
153534,0.0038669377013855755,0.004542161567480163,0.0039544784099929675,0.00382009961757529,0.004597405826727519,0.004076529525944617,0.003625606215940602,0.0039741331203373975
153536,0.0017886235661599553,0.0017192124007615744,0.002310243439789028,0.0019516438182023421,0.0017007584307520696,0.0018895595196167236,0.001554190557824256,0.0018778532972908574
153538,0.002936241040212964,0.002691504846580664,0.0025457908810194163,0.0024410691068377788,0.002179580613736798,0.0023820325939283293,0.002422004400877642,0.0022675890365955187
153540,0.002202101148131297,0.0022804556289779954,0.0021091089382816453,0.0019977297048319326,0.0018627092990409905,0.0018408156127538988,0.0019931763798775592,0.002073818425210941
153542,0.0026380447534227885,0.0026702016009603202,0.0026434497558511794,0.002877599759317173,0.002852080286512862,0.002456422836465466,0.002723968575814306,0.0024947166818707484
153544,0.001334296597431242,0.0014272331118254794,0.0012754414011784676,0.0011270826536102924,0.0012203882029454688,0.0009864997179198642,0.0010452249755155685,0.0011436772179421184
153546,0.0027883344837664886,0.002764739735391944,0.003558055413862782,0.002420459858655369,0.002832446130995328,0.0016849726802742465,0.002290546108195804,0.0024277238210333035
153548,0.0018482027982449356,0.00166426077009231,0.0015584904440368863,0.001877341913975164,0.0014740698014890086,0.0015906057613049307,0.0014301816610735735,0.0014481974063152436
153550,0.0015556715827678147,0.0017057535939457719,0.0015733017745107741,0.001462430702408049,0.0013676933887046966,0.0012621660229472642,0.0015130386476533975,0.0014450686074285596
153552,0.00223450819220318,0.002176067478940391,0.0019535912104767933,0.0019126509498201827,0.001885451523614537,0.0019425686086427252,0.001682345363102758,0.0016450461822659218
153554,0.001681710394497174,0.0016336769815905733,0.0016523739550394906,0.0016702481669961244,0.0015954371723388011,0.0016402883319412004,0.0020497668396524255,0.0013537375322734135
153556,0.002141304696140836,0.001770504751603244,0.0019489579129122886,0.001915967509802885,0.001834960175433109,0.0018379285711859344,0.0017936034154564795,0.001889217528621201
153558,0.001866941828666313,0.0016326014747752998,0.0015738479545033407,0.0015138980597902002,0.0016421506703402505,0.0014626706175546872,0.0015003715418890895,0.0015257814099754047
153560,0.0018452914042128704,0.0017645510553068733,0.0019130804345879882,0.0015351870757634445,0.0019572242164072606,0.0014463170574794404,0.0016116274912904155,0.0015531494738945661
153562,0.0017425370667384504,0.0018741218649736546,0.001785888906543201,0.0016306344429829617,0.0016172744309189135,0.0016080976043556655,0.0017820459072243194,0.0016270185751344202
153564,0.0034956460982869114,0.0032095616117553405,0.003357482932956124,0.0029209098541311956,0.003278440451339515,0.0027971112282421107,0.002826759246237265,0.0028310604444483634
153566,0.0021951423734645342,0.002093676062093819,0.002286692007683,0.0018237281139704825,0.0016863997004714637,0.0016809478572478304,0.0018893749183599429,0.0016185729783469022
153568,0.001672217004590415,0.0013795434653133404,0.0016321607758666007,0.0012658265154030929,0.0012671427152456533,0.0011139875201866684,0.001445790926016835,0.0012262502013964949
153570,0.002119778541873077,0.0019957477826029746,0.0024528381835925567,0.002209307315069964,0.0021182430631965787,0.002124160987554413,0.0023466781243691864,0.0019974193507049792
153572,0.0019495838994656456,0.0018659507513170276,0.002109987717693551,0.0017113878796464754,0.0016489978652798332,0.0017098542000088118,0.0019934238651724834,0.0018075377650240837
153574,0.0014542068772247646,0.0015364449447164419,0.001385572257625714,0.001300757388905796,0.0015563269725605289,0.0015727890781592202,0.0014710254641281395,0.0011756140848648844
153576,0.0024340509467213473,0.0020781341058304648,0.0022752732072996995,0.0024370403105644783,0.002455077777301376,0.002468006365344222,0.0021212130036616372,0.0020748252310576754
153578,0.00287945414315717,0.0026971956993540602,0.0025970215188180767,0.0027359800049562427,0.0022692543752440703,0.0025419282118219894,0.0023831949085642012,0.0024567452180105503
153580,0.0021846783690265964,0.0020873378201093917,0.0020186001104269824,0.001803286780053051,0.0017337219529531822,0.0018594423920677144,0.002036079386469547,0.0018201497320147336
153582,0.0028433658403971412,0.002207240208296213,0.002349939491610664,0.0022969651559492377,0.002341673683752321,0.0019195901872771787,0.002393521234030027,0.0021624035835119404
153584,0.0034654017641608803,0.0033820161814921423,0.003422744205195727,0.0027352481700505665,0.0032780748628774697,0.003258953693381375,0.0037977976642168537,0.003021636183432888
153586,0.0016987928177892991,0.0016366252989881286,0.00183979506348865,0.0016129402275466692,0.0015016372999178268,0.0013830862333230748,0.0015137635522077947,0.0019884548184384704
153588,0.002286521708029454,0.002213500516120348,0.002230266277999951,0.001887515806573925,0.002296432064240586,0.001934378237990808,0.002126204287874481,0.0020452532842553245
153590,0.0018838869940709935,0.0017318964365836131,0.0015947875820959134,0.0016581533600519421,0.0016032753881513179,0.0014524932808180346,0.001561834457151759,0.0016982781802710317
153592,0.002310808575232637,0.0018179717324071781,0.0019404357017095558,0.0018741976635911067,0.0018761502479358733,0.0019645436133963884,0.0018554045111308093,0.0016773293872807266
153594,0.0019930526429914885,0.0018293259724355831,0.001962268634253528,0.0015506936640463792,0.001866710693241791,0.0016990280539748298,0.0015020620329322387,0.001513456294373619
153596,0.0033073465079081488,0.0031407809956363053,0.003545401519487401,0.0031697591400614705,0.002812135371653271,0.002915501684022326,0.00251915892861021,0.003059061730202886
153598,0.0028545187242343673,0.0027371913717101487,0.002898571928941829,0.002714950266833341,0.002469313494388517,0.0025209867720599327,0.002558529967395265,0.0028548280309490665
153600,0.0024487314749933736,0.0025713786755546253,0.002161166536460715,0.0021237029340120395,0.0020542262742800355,0.0021885497719748154,0.002586553813726647,0.0019552878624887193
153602,0.001897579902617963,0.0021004333076408838,0.001999535698044355,0.001840603680874478,0.0017571947904449076,0.0018435235321901389,0.0018592396709449788,0.0016375266536701322
153604,0.0021783984739055656,0.0021318890601893653,0.001885233155612731,0.0021032731962644796,0.0019413757828713601,0.0017227848248480143,0.0018038984134505776,0.001844056524378468
153606,0.001455233303049433,0.0015206880037460652,0.001296089743975673,0.0012419877091485315,0.0013301290814402567,0.001289807912654553,0.0013015628456574668,0.0011207951424875434
153608,0.0021387110884285576,0.0022844152197732392,0.0025338437415458603,0.002112260457143647,0.0023565091665761623,0.002207439034230596,0.0023551830720496825,0.001986522333393706
153610,0.0012981360744647313,0.001300722725192438,0.0011781202020384601,0.0009921833801425223,0.0012130759793395202,0.0010234246356688598,0.0012084206475875825,0.001068298539427262
153612,0.0016348224302902836,0.001643275527165644,0.001628832773038616,0.0016235180950998629,0.001747717753887379,0.0017292457858735788,0.0018485977565091544,0.0013303584311410432
153614,0.001822324900779826,0.0016231503641545159,0.0016240993450156171,0.0014629433241020728,0.0017982916011254901,0.0016499813061710555,0.0017740136219404068,0.001535696526537858
153616,0.0025181867426562476,0.0020118114901494094,0.002133772592627939,0.002047221200325078,0.0023809170967690196,0.0019548441124313115,0.002131235833214229,0.002146485580605942
153618,0.0019245483149212816,0.0017521662900488316,0.0019528187219593068,0.0018677876229828,0.0015873391200377368,0.0017346552418695538,0.0016342461920093726,0.0016968249653466355
153620,0.002155723375541152,0.0022398728468788764,0.0020858621170349867,0.002052953391782575,0.002296660218490454,0.0017903649220510354,0.0022456421785391895,0.001943615628988482
153622,0.001763088208631483,0.0014559109652029362,0.001714472417956317,0.0015279535499206909,0.001507070666515245,0.0013981289099079947,0.0013122783183345949,0.0012883454709902153
153624,0.0016295629459417565,0.0019492375056251593,0.0017839275533901855,0.0018329867245243797,0.0014487336173209103,0.0015741320173839335,0.001618632029236844,0.0016056246870347485
153626,0.0023337038923215148,0.0023915981042577222,0.002173199339913348,0.0022512602015485467,0.0020299793864731464,0.0019307966268412718,0.0020351492492526463,0.0020850669648943138
153628,0.002053925743901397,0.002184585737055725,0.0021533468086778473,0.001910548864854214,0.0019248987189399713,0.0018260840279717,0.0018016552105227929,0.0019251406209195299
153630,0.0018763955220468947,0.0017958106597754236,0.00212430452573914,0.001859414119679062,0.0014216721185862508,0.0016491869657598995,0.0016893311908606906,0.001454973252293712
153632,0.0016262057457590157,0.0016453130262883975,0.001861737348554604,0.0015736570171715064,0.001543659585466886,0.0015525246973946971,0.001601249187533918,0.0016380727119003624
153634,0.0018083303917563326,0.002010668079998182,0.001685930078381706,0.0017501216237642142,0.001668669427515257,0.0014263542053152833,0.0014439512105533098,0.0013803901153011111
153636,0.0020090400668942993,0.001822609571642056,0.0017838407008510249,0.0016455330453371553,0.0015599314352177651,0.0015272354461137727,0.0016024685121519,0.0016700864838953416
153638,0.002020966787719125,0.0019054829481696262,0.002118951228040636,0.0017924868960195323,0.0019403444629365746,0.0021258985374950218,0.0017213094137108614,0.0016695156315976178
153640,0.0015807347446444991,0.0015839355779429104,0.0011925469736998734,0.0015255506327003232,0.0013883472731777147,0.0016596949436560454,0.001551419608911267,0.001342363998433141
153642,0.0019295913845088913,0.0017642158768654964,0.0017788395517490674,0.0015186026215896625,0.001551560474803551,0.0017316415735104673,0.0017365287826633935,0.0016894267359238851
153644,0.002045104692618205,0.0020593680698544198,0.0017755346774520064,0.0016973593347691662,0.0017329036702356526,0.0019147007233610985,0.001764743226119414,0.0016951821760964464
153646,0.0021705781510741318,0.0021555414208687673,0.002065689132578541,0.0017683428833637077,0.0018519227790216863,0.0018158639316310232,0.0018919588602719362,0.0017698370578429629
153648,0.002930280238333874,0.0022203405005707944,0.003117515323562539,0.0024881465011541426,0.002751440715191858,0.002499927804395244,0.0021228758844961254,0.002437313231931096
153650,0.0023478895447322096,0.0024655862587357746,0.002611969676494366,0.0022968034008886834,0.0024321711247934363,0.002546687917637236,0.0025958415797982526,0.0023026430421492355
153652,0.0018173796335507891,0.0016848898001298185,0.0017951139039775743,0.0017454033132442565,0.001988010974593016,0.001961499381513146,0.001710101600701286,0.0014817755763829737
153654,0.002734910732832288,0.0023146768437687926,0.0023087141961798535,0.001906763274491921,0.0022384992662713987,0.0017077681812374124,0.002055137454647138,0.00220925723651845
153656,0.0033441389593600324,0.003022110875194939,0.003673843961349635,0.0031200172395787207,0.0026794361262989647,0.0028590935535390827,0.0034103352106323315,0.0027518886063483544
153658,0.001580170785270632,0.0013559210390439724,0.0014778031742907066,0.001741582071007608,0.0015938356045768765,0.0018921390504411661,0.0014080321098291493,0.0012477854898031993
153660,0.0015336110873236941,0.0017958949615560216,0.0017157319467781124,0.001582823217759613,0.001688506614527796,0.0016245077232801552,0.0016594478779348304,0.001492510999867927
153662,0.0025436786195181527,0.0027357017558704705,0.0024828660029341254,0.002344685159308746,0.002258153986855596,0.0026889164644556957,0.002346657190769999,0.0023055878236350053
153664,0.0027820589470861773,0.002549607199469117,0.002381882415631989,0.0028759117862278694,0.0023288316028727274,0.002159525769744444,0.0021239728156539073,0.0018952986327456373
153666,0.003372855291869717,0.0033400190901584775,0.0028271260718091273,0.002724376114358107,0.0035092626616375355,0.002903863605701107,0.0032666899847871994,0.0030514520069957612
153668,0.0023342283336891395,0.0024004015481305374,0.0023246224581919273,0.00226950637615643,0.002061278492093699,0.001984259883363537,0.002464515352074717,0.001940753413168253
153670,0.0015941842333582756,0.0016059453420952524,0.0013325874674317145,0.0014883414091232533,0.0016071500251830934,0.0016610544375132014,0.0015431274498473174,0.0013757015201685263
153672,0.0023705741316099177,0.0021992029699791638,0.00221811454108356,0.0018623250540939496,0.0019804393890182764,0.0021757692850746246,0.002148979588459332,0.0019699681335399455
153674,0.0017474726302063731,0.001726634006411501,0.00145355801743631,0.0016396046330775654,0.0015082067222760842,0.001567063794888135,0.0015037546314724537,0.0016681307690549207
153676,0.0029543432330530472,0.0023976839173961567,0.0030051590044808396,0.002322695616498574,0.002336990091251226,0.002279724171285802,0.002541420747598444,0.00213321646145527
153678,0.002125251724605315,0.0022745077586497353,0.002080869837689514,0.0019350651334468782,0.0015344780726653934,0.002138232519909869,0.0017755415842666267,0.0019682314072917567
153680,0.002036058542614294,0.00215465839254593,0.0018339820917063904,0.0021428898966747156,0.0023533086612515103,0.0014375541984582713,0.0022574802764019353,0.0022346434364776263
153682,0.0022357301177736155,0.0019652629275046657,0.0022014914355388826,0.0018503898528954843,0.0018122177892521685,0.0019518788365036621,0.001741777651226309,0.0018865137812032473
153684,0.0026246089307457865,0.0022205188502533724,0.002506735086527101,0.002250413975689161,0.0023376503462362863,0.002144797949292912,0.002201034556040274,0.001870780186861723
153686,0.002118079156193886,0.0023153149386057614,0.002437485011030971,0.0019980257625116238,0.0022969351612032174,0.0019483843172342225,0.0021716168540288905,0.0018374264861127504
153688,0.0020198355117507227,0.001952062845301375,0.002017348020244572,0.0018660547071294165,0.001735282746775424,0.0016509126679224023,0.0018693567291378083,0.0018740831598878516
153690,0.0021271093003984026,0.002200134219270247,0.0021597165487157732,0.0019620610432602575,0.0017419915893819443,0.002015869507962842,0.0019378090149503452,0.0020223814955906555
153692,0.0016947929203841583,0.0014181989236866088,0.001505784984022776,0.0013481841470148886,0.0011752258180861563,0.0012402674069773717,0.0013857292336906385,0.0012509061732606797
153694,0.0021882740755485575,0.0021343143395775727,0.0020108631918681757,0.0020881970720587617,0.0017917362250991081,0.0021438639978881846,0.001840026444152057,0.0021515939281792212
153696,0.0018776111563585524,0.001730278591572501,0.0018055199176359032,0.0019123863747092518,0.0015116904567156336,0.001545529812298163,0.001496854472134379,0.0015405362838727954
153698,0.0021362182269736435,0.002054510954227609,0.0021932609016950266,0.0018598096313695578,0.0018234354019458637,0.001815076638671309,0.0017109169480634123,0.0017450581312866142
153700,0.001509158538121072,0.0017704915845937613,0.0017456672806393098,0.0018002472392968927,0.0017336751089658403,0.00183878981315945,0.0015951845216619631,0.0016135557940453182
153702,0.0019111868930648535,0.0017478862669219192,0.001792723169098176,0.0012822003759863088,0.0015064280458661067,0.0013753442287795098,0.0016210975402120575,0.0016620041059243196
153704,0.0034022315148552473,0.003796296387132539,0.003650794169436866,0.003789111816185367,0.0027811913092446044,0.0034031459374795348,0.0027846544160168296,0.0034762945652113686
153706,0.003398214118840462,0.003161356813599206,0.0032010194027548705,0.0029454378257659647,0.0029659573601382855,0.003036873963946418,0.0025482312203308766,0.0027466482967731937
153708,0.001791889500588409,0.0016859160060254258,0.001673355158304815,0.0014433173805352695,0.0012805513495785098,0.0013344471033863159,0.0013295693772761297,0.0013381669946908037
153710,0.0017957730877091738,0.00190059298097367,0.0018232270180276178,0.0016765352016110402,0.0016064780465853273,0.0018229607493436412,0.0015597581162463264,0.00185137358384381
153712,0.002513420514251019,0.0027892221224210673,0.0025286209739223825,0.0024684801642643195,0.00228752792177378,0.0023306865304226765,0.0027314093950645546,0.002370638702957076
153714,0.0018260474140575078,0.0017352681595670522,0.0016363115410946705,0.001772617436424595,0.0017238293105693026,0.0015869416738221176,0.001577147737052545,0.0013625522460734146
153716,0.0013920808933107764,0.0015606454107910395,0.0013622656887036927,0.0015250862208839866,0.0014975406024735904,0.0011989446293460132,0.0013506523086009997,0.001273856293534506
153718,0.0020219673835143587,0.002459767326613793,0.0018939047845307894,0.0016191587388798695,0.0016559975591162873,0.0016472870745884993,0.0019109325158087748,0.001869078415949313
153720,0.001807642931714662,0.0017826712296942354,0.001772621200680169,0.0016256379374386537,0.001901826499634121,0.0014806463675122311,0.001526911975989212,0.0020394729773692277
153722,0.0026325810590491217,0.0019943956596364526,0.0025442438078605023,0.001853163496800661,0.0022451584991565326,0.002256136342079343,0.002008283402281222,0.002134152221304808
153724,0.0016952450624183601,0.001818815258602946,0.001883766697417022,0.0017280658583005565,0.001763428911662146,0.0018200623199950972,0.0015932586065897092,0.0015099925280290805
153726,0.0016168723555234354,0.0016340931881432402,0.001630039992373114,0.0016262952822571203,0.0014967792379950856,0.001313762648747288,0.0013464251340822436,0.001495033818184277
153728,0.001819378353691059,0.001743434771191557,0.0017061468760176807,0.0016110149841822713,0.00154824888534201,0.0016301287319132052,0.0017045469503035454,0.0014305364241229968
153730,0.0018838869940709935,0.002171834554888355,0.0016843769672287984,0.0020409342009861664,0.0018912145324791046,0.001660391318724655,0.0017372379872648835,0.001782523381985715
153732,0.0022369227770383665,0.001957163237624196,0.0020216373973736546,0.001990804760056142,0.0014849007770046385,0.0016332641402050374,0.0022181310333661136,0.0019017751627246199
153734,0.0016580162302274465,0.0017211653692973533,0.0017508713208371773,0.001551017295924384,0.0014323388148353988,0.001678566653357319,0.0017760451900363794,0.0017080061934277163
153736,0.0023063720806805327,0.0020981133611647357,0.002069220496644597,0.00196928829566817,0.001947910112088183,0.0018479206195246706,0.0019132802037941238,0.0017451782719002384
153738,0.002046270658589755,0.002039451443209883,0.0015777821831881728,0.0018257405083770828,0.0015419388182281862,0.001713557220202111,0.0018315190511009188,0.0014944810405660564
153740,0.002180219638326944,0.002145036731241237,0.002025484328616045,0.0020644821008743014,0.002107843790123687,0.001715054298587551,0.0018050238619609638,0.0021496365651538785
153742,0.0023647644999740813,0.002095610172881346,0.0020285415533965456,0.0018168193884694622,0.0024366221305180957,0.0017301558658439214,0.0020572574565048823,0.0019233133297881372
153744,0.002597558806385916,0.0020184196864199283,0.0027816691220401563,0.001864639804931581,0.001973456460981071,0.0021858942586008845,0.0021555673645066303,0.002222662415203358
153746,0.0017479921757586198,0.0017738855892359684,0.001456508314171323,0.0014810219580342482,0.0014540278865524808,0.0016261303327014809,0.0016177283987545282,0.001338970045748289
153748,0.003207551053325597,0.0027904597799457975,0.0026830552842316835,0.0034704773260409993,0.0029305589358310513,0.0027485510134154373,0.002859440956869186,0.002870644054070448
153750,0.003798642090800053,0.003178031909635559,0.003827632464742159,0.003600330652438047,0.0033337900586807856,0.0029449647469848156,0.0031737248119976247,0.0036365792729366048
153752,0.002094288047472928,0.0021011255116181737,0.0024001799782441685,0.001980157898900936,0.0018025158204546532,0.001980380370587023,0.002407712510859042,0.0017963932349553957
153754,0.001995415949239257,0.0019129588835518213,0.0017563179047548477,0.001895545155298009,0.002057884037522953,0.0019071732259097335,0.0017362602294052204,0.0017843284870804887
153756,0.0026702443362704026,0.002288011510444124,0.0025406891267112375,0.002404616972541143,0.0024833401121378135,0.0023756118849766056,0.0024326113385897963,0.0024437916868045306
153758,0.0018045006556549753,0.0020090694548026283,0.001852161333994795,0.001946283389247641,0.0015834499099570826,0.0016833270806976414,0.0017611172200466957,0.0016744232721994795
153760,0.001719087596800964,0.00177020411709089,0.0017492424539536366,0.0015535643972758445,0.0015947286702380215,0.0016169259826610688,0.0017698285949274695,0.0015277231908559369
153762,0.0023994259142155056,0.0022386402715677267,0.0026818794941452367,0.0022482033695443576,0.002371009461082388,0.002080016851925548,0.002132447426711259,0.002539091419653819
153764,0.0029748510410804313,0.0023350052054876974,0.003026652433573196,0.002618897988372615,0.0031307160852735993,0.0028055355288909706,0.0025471748498515773,0.002552543210452507
153766,0.002518152345667213,0.00219526874122368,0.0018155378827489216,0.0021754200280336283,0.0019840282334513404,0.002168672194546639,0.0020759796086928933,0.0020852588490945095
153768,0.0018878485792588884,0.001997134325665631,0.0017164088027945557,0.0018129736897554288,0.0019955883526989876,0.0018275297749166391,0.0018490763756175005,0.0018384367945550317
153770,0.0022147475405182165,0.0016257656105631568,0.0021195212752484066,0.0014028817677992494,0.001407076409392763,0.0016326102050676639,0.0019189050650459394,0.0017555623597599462
153772,0.0013720763256151042,0.0013706804926965632,0.0014113162184319905,0.0012509056462342016,0.0012898715973319735,0.0011764416646354997,0.0014612037957582036,0.0011789266627087458
153774,0.0016566622260666547,0.001775340978168019,0.0016398465966988157,0.0014158368524954668,0.001537935899953935,0.0016354108222450675,0.001541499415572481,0.0012111027806407382
153776,0.002533289459625332,0.002236905862660468,0.001907709808264768,0.0018352972199747186,0.0019997109447883604,0.0023151697463781457,0.0021427664251485457,0.0020797246340756304
153778,0.003223531752323386,0.0029541091662474983,0.0027750647221047586,0.0029688637414749253,0.002875115925302707,0.0028737653712897077,0.002873303275863215,0.002845911840389237
153780,0.0025519165038839914,0.0027431550601910715,0.002802454653394959,0.002460547813286418,0.002361499375012635,0.0023595906031670943,0.0027792184085867616,0.0024939620487943875
153782,0.001957587801516017,0.0018754616297568388,0.0018745950669568773,0.0018239002523365855,0.0019738347911159165,0.0017304189877054288,0.001807390790196664,0.0019319524677714611
153784,0.001256134985979429,0.0010530006753041304,0.0011028240581679172,0.0010393551228255055,0.0012206373026515394,0.0011200571928938197,0.001151714641380433,0.0010567860970472354
153786,0.0019376738900931528,0.0021116746107721074,0.002064489887045051,0.0015128899781727961,0.0017354742483666336,0.0019112162077929984,0.00191779130888671,0.001476963806013032
153788,0.002123280291241661,0.0019386057570241477,0.002235353888324687,0.00201548482899222,0.001708528154021005,0.0018922304451374772,0.0016622604748341985,0.001724521066051532
153790,0.0032915895649188176,0.002288334050089047,0.0028661924162101116,0.002634039657268064,0.0021381822199215833,0.0021449432182301664,0.0026009809037797482,0.0025019782223068554
153792,0.0015766574899216956,0.0016358242361747127,0.0014927205536531402,0.0013199205687791787,0.0012702027884530787,0.0015110187587232815,0.0012803785872800427,0.0013220481966789155
153794,0.0026487797637703286,0.0026093638873070923,0.0024347633739292412,0.0020875124477298806,0.0023077423459839097,0.0024513340075032475,0.002067769846806136,0.0022792731167658453
153796,0.0029798360491473247,0.003083992215161327,0.0029929379842530413,0.0025785605569189074,0.0024071502686952156,0.0028072062767572348,0.002450249604642407,0.0030520010656651803
153798,0.0022532601038667416,0.0021538941466982126,0.001966955056533229,0.0022736074374931636,0.001771847730142051,0.0019405275990448528,0.001877006517916835,0.002213283541000602
153800,0.0019833987317341567,0.0018534810385135853,0.001995524782216762,0.0018333389004861061,0.0017785756017405507,0.0017937523530534016,0.0016123226843074573,0.0014602703585958055
153802,0.0022310604941131462,0.002263557568769281,0.0019810601304964953,0.0016951441381069104,0.00181132474198048,0.00186085307154428,0.001699108517086781,0.002145366285960515
153804,0.00242453289625022,0.003123398271008604,0.0027590469076091417,0.0025480010490428473,0.0025009143443323195,0.0026687499585831415,0.002469413829268241,0.002421133633490627
153806,0.002288527941212648,0.0025998175405996804,0.0024188886927417053,0.0024560535823381913,0.00252887612067898,0.0024641403123141364,0.0022026616407573446,0.002709164695261279
153808,0.0010902245147742656,0.0011227510478831887,0.0009437546304380574,0.0009314678720606789,0.0009636809490773703,0.0009278999993842275,0.0009649521906469755,0.0008008967673331403
153810,0.002182389959589026,0.0022511191528585273,0.002348253465054087,0.0019149726313928556,0.0017264813807413848,0.001996402210880044,0.0019016552709954504,0.001911266043346807
153812,0.0018775817776541803,0.0019498112268676732,0.0022781143816354987,0.0018472650615672936,0.0018211409722047739,0.0019275804304330763,0.002084500209577747,0.001764256559759217
153814,0.0026807271072561978,0.002609687018270704,0.002509226429848868,0.0025550504295652893,0.0025348305733975535,0.002250478303062256,0.002200067819736598,0.0020864879338328285
153816,0.0024645338458978566,0.0022728994569155697,0.0022935719934960574,0.002383332761299664,0.0023526212631021087,0.0016519838922536417,0.001866359510675611,0.0020873613076097947
153818,0.0027421838756789413,0.0022343905611883624,0.00224538903472965,0.0019982232575019993,0.0019379680878706673,0.001934491947470654,0.0021917367021151574,0.0019696526688870453
153820,0.0019568408898963524,0.0021011364402717114,0.0021068826955294995,0.001828839720505529,0.0019410232257561916,0.0019638789098608833,0.001995178989842042,0.0017405679662708118
153822,0.0022206989626150225,0.002007573282337083,0.0020352507573312556,0.001972608577134105,0.0018507536329982616,0.0016046978336251017,0.0018610208462364192,0.0015862576129961475
153824,0.0021089967086107553,0.0024096336955107406,0.002465572200423205,0.0022089291134799183,0.002096154899379213,0.002386401834809926,0.0022470970610925095,0.001980817724679673
153826,0.001992634560478837,0.001860779793017367,0.0018173809040459427,0.0016452383803104015,0.0017021168079827675,0.0015565265558775826,0.0018790261259832436,0.0015189005286856544
153828,0.0025182790922562287,0.0021365223078322892,0.002364106585107939,0.0021668981727419045,0.0019168445604662715,0.0023543648912499743,0.002022142605374866,0.0020145747912719975
153830,0.002424814655378249,0.00267268196977212,0.002551362130327972,0.0021073786066541644,0.0019687573366136135,0.001801691579073117,0.002120295523480087,0.0020258474923585817
153832,0.0027873773615718633,0.003169661823243533,0.002520772797464668,0.0026586897927338843,0.0027501046840928134,0.0025687735820080354,0.002316065350255539,0.0023454154179489706
153834,0.0025888331581069984,0.002530415516865725,0.0027081561213100486,0.00239583095816899,0.0025479739707512383,0.0029968612396525374,0.0022318886422195844,0.002345502739092231
153836,0.0018525259295413404,0.0018371780240892394,0.0019620346413773554,0.0018106500284003624,0.0015897370220435136,0.0015852319465783915,0.0018426119294510102,0.0018529271223002297
153838,0.0026077789704505167,0.0029010040722648456,0.002982750441571716,0.0023061591875018217,0.002134046555172034,0.0023319143244693447,0.002393242027955156,0.0026366672997716473
153840,0.001701806361769309,0.0017565264887770132,0.0016018046696650856,0.0015364320947975352,0.0014774537665096649,0.0014790318710267147,0.0015443613368342768,0.0013594594608125204
153842,0.002134011104254263,0.0019780717162248274,0.0018849209922101734,0.0017724483627332838,0.0018711072913648596,0.0016319738580277687,0.0016704856817872926,0.0016950014994470686
153844,0.0022316996293094693,0.0021177163887698414,0.0019696523382245618,0.0018773428824383487,0.0020702573739653923,0.002306320913859905,0.0018033728391138176,0.0019245725022334903
153846,0.002407357903148624,0.0023710014796824025,0.002020711234995823,0.002315218860276469,0.0020513059832251296,0.0021952320872173914,0.0020371856086081608,0.0018241592706563226
153848,0.002001216183998622,0.0018882069577414035,0.0020592034139212956,0.00196050396599734,0.0018607200142351094,0.001977490207369384,0.0020764362212197796,0.001926895845976384
153850,0.0019289309849253172,0.0015751416677889513,0.0018658120407955558,0.0014333515715959783,0.001757329715360148,0.0017632574610273455,0.0018836315299530781,0.001655585241551752
153852,0.0022193930502334563,0.001880716586011355,0.0020377253791986766,0.0020224026043807464,0.0020224485080029414,0.002084829503410171,0.0022076977313768703,0.0019656246158774593
153854,0.0018501565396338848,0.0016469695750243596,0.0015890888903848932,0.0015316253279023528,0.001577869784655364,0.0016192058081690441,0.0015525246973946971,0.0015381676120890392
153856,0.0014046124854628778,0.001521939338531078,0.0015241075794145686,0.0014819539722500524,0.0013218897231927068,0.0014219075431840672,0.0015117970615814574,0.0013692522863141404
153858,0.0020940111939846823,0.0016965011925318962,0.0017854931495913662,0.0015997275468473404,0.0016461820058589899,0.0017403764946655742,0.0017347002372079118,0.0013372034334333538
153860,0.0009235467772886197,0.0009982409100998263,0.000999580318426077,0.0010486552215244332,0.000985251657537392,0.0011358416934870302,0.00093394774572245,0.0009345586344855494
153862,0.0014230433613433707,0.001441940362846561,0.0011171028442747422,0.0017153033094841619,0.0013619524901225533,0.0014170787839019733,0.0013640878486865932,0.0011273698226056533
153864,0.0027976774984746072,0.0027785161589333335,0.003125889632720702,0.002680837049787735,0.0023658747576718597,0.0023419199389612816,0.0027057973113687184,0.0025160437356125526
153866,0.0019792621706927194,0.0015980871914123562,0.0018096239311295031,0.0019001743188458292,0.0018696012366384296,0.001649077134881216,0.001640667957970035,0.0015049827949669692
153868,0.002591235249207957,0.002287912080154497,0.002270061537382198,0.002355025788081125,0.0023954542531102185,0.001977506442069066,0.0020607058473943868,0.0020242766996503847
153870,0.002122288910981332,0.0018951127783159993,0.0021372900102515496,0.001776375209848316,0.0016729833493162177,0.0017603878397720596,0.0016369035167829171,0.0014885417588674787
153872,0.0014857036275240376,0.001362915023619904,0.0016190145372272369,0.001293219394299605,0.001371677561984308,0.001346596554514301,0.001468377097953777,0.0014130269230963055
153874,0.002887541415758768,0.0030103818987430864,0.0023091148083411728,0.002588398360314992,0.002862006498330294,0.0025630260515221437,0.002439023200243598,0.002441273413356773
153876,0.0020226502220641734,0.0019366983103910607,0.0021828469885865204,0.0016493945349277533,0.0017084062021064383,0.0018065255337225278,0.0018660765929325862,0.0017811644140728333
153878,0.002569606675508221,0.00235598982248654,0.002574560061262332,0.0024097507318913275,0.002251347873136536,0.002401409509892885,0.0019888837595197217,0.001695212545442859
153880,0.002637240429842605,0.003064174512680276,0.002873830874425845,0.0029225175336298342,0.002807683160654051,0.002605836249348903,0.0025520433445882507,0.002418925336474198
153882,0.0018349943253174322,0.0016743031533467262,0.002050158487110265,0.0016321366956732059,0.0017172627021069808,0.0014137350266987259,0.00156308934918159,0.001608993759656896
153884,0.0025693728971987184,0.0019436987327098448,0.002239752253889782,0.0019203057956235364,0.0019520937885986328,0.0019004653312333503,0.0017806069500140437,0.0018803120727453604
153886,0.002159598825668907,0.0017514072733846447,0.002030218403427375,0.0017652215076999767,0.0015621598383939173,0.0016402285855813409,0.0018134416467143755,0.0018597562942770929
153888,0.0031113669506491193,0.003004300942038865,0.0027611410481576115,0.0031048634503750977,0.0026503452534093613,0.002567535898348808,0.0029016056453980005,0.002805796784788664
153890,0.0024025622991565854,0.0022252051999666206,0.002088051694900797,0.0022090184081580283,0.001923909367330126,0.002384842855252478,0.0019105651480678804,0.0020187996239116046
153892,0.0028511393370236338,0.002686674567620298,0.00250808004181903,0.0024507537852469646,0.002282832608820465,0.002625281529631318,0.0022816032150697746,0.0025077565480602915
153894,0.002279021641233961,0.0021107677534996233,0.0021167355636526747,0.002483724036385651,0.0019494648128315917,0.0020001980777846345,0.0023414952199142386,0.0018829551187702354
153896,0.002666912393803289,0.0027938262583571266,0.002459800213941779,0.0025050291353850285,0.0023824504272190877,0.002584582274679628,0.002563107149219382,0.0023347114333917146
153898,0.0039019121730655137,0.0038773683228865985,0.0034081457060486514,0.0027402190114922953,0.0035228955226034864,0.0032631458479875364,0.003046505299386229,0.003208679910242221
153900,0.0018760727962841145,0.0018303547707437945,0.0017990717695346575,0.001802779642814445,0.0017494278684113823,0.0016726213323947775,0.001990522866641753,0.0017990837783089658
153902,0.0032976117736316923,0.0030654853451711622,0.0031594351194375175,0.0031468438281918726,0.0027965229511235506,0.002901895819377387,0.0028971444928683893,0.003163477302581319
153904,0.0018729002672551176,0.0018220125835811118,0.0018114947084502675,0.001770602565206461,0.0014933458482389167,0.0017403904816827437,0.0016014886025337294,0.0015080146012925177
153906,0.002627470935440357,0.0024002303507303507,0.0023719785754217626,0.0029128000813905125,0.0024627129072560955,0.0024098813039575284,0.0023712253267676453,0.0025281654134885617
153908,0.0027317368809066794,0.0025625889004541463,0.002753974555123176,0.0025242899404798735,0.0021819695212511037,0.0022399387865235237,0.002386711580702486,0.0027739525218244965
153910,0.0017667885840567804,0.0015440474758766087,0.0015866567542142107,0.001526537888104862,0.0015044833776594602,0.001472722505627258,0.001345865838043095,0.001299982536772784
153912,0.0027555039448806107,0.0025667174843586743,0.0028285928195828647,0.0025160527049598175,0.0027099376358130783,0.00238516887420831,0.0021815178040063277,0.0025225166556452905
153914,0.0020487243155078994,0.0016342528183228705,0.00180879109479061,0.001534430208452467,0.0016103407030565453,0.0015021498166520875,0.001708411129372145,0.0016754886771498528
153916,0.002476346307846558,0.002554351115860387,0.00217630730001922,0.0022685523957843984,0.002136824343876978,0.001893755311946299,0.0020707703157916146,0.0021471722119346115
153918,0.002805208384202784,0.0027487385088346278,0.0025155997729049556,0.002099859346345545,0.002315400263569467,0.0020856144025513945,0.0021903664564360548,0.0022259313743003967
153920,0.0019884322263874626,0.0021163927912588726,0.0021620533222877075,0.0018890216102258744,0.0017480139809174094,0.0019876033862011866,0.0022035457066826997,0.0017094758933378223
153922,0.0023367329304225942,0.00236843615601523,0.0025454619570636355,0.002097075671948778,0.002369229578754961,0.0021121361591589505,0.0022672555455507393,0.002017790775986017
153924,0.0021343122743379267,0.002110865310900323,0.0021256996397822636,0.0019284634066016881,0.0016720799037722167,0.0018627906547288853,0.0020963213671820885,0.00177869720484726
153926,0.0022989509579653955,0.002625156699148992,0.0023984468297678085,0.0020706787749192324,0.0023103215088853823,0.0021361903338901755,0.0017244028761718155,0.00219750032455579
153928,0.0023693187927290027,0.002182766926737148,0.0021754513036407325,0.002090949978810333,0.002121973145943881,0.0021564273979779586,0.002006306929743573,0.0022962039213239027
153930,0.0021053416395445806,0.0023725566551394822,0.002145309000285922,0.0023282790074764664,0.002371127732492942,0.0023522396595293676,0.0017338863772554114,0.0022808342115188673
153932,0.0024343045853248008,0.0017165298052559397,0.0026685936928564497,0.0020709767987438094,0.0018655281991408756,0.001684104527834629,0.0022075135962646014,0.00209576058808926
153934,0.0014568486958083243,0.0013007622257397294,0.0014731920302174656,0.0013329641872283915,0.0013696451825515599,0.0013287715949637097,0.001271635769785076,0.0011067293986164461
153936,0.001953063030455185,0.002208250532907352,0.0018484324647045774,0.001520135441469131,0.00175777731588328,0.0017620081254899334,0.0020281711019323745,0.0018097015835550345
153938,0.0021764616266573555,0.002079071635364471,0.0017738564059572998,0.00210659338399527,0.0019342796050969696,0.0018273692496695443,0.0019545199794102214,0.0017012172065778014
153940,0.0026132031686581514,0.002574427369747681,0.0025348238213296487,0.002343938782203861,0.002635180053857225,0.002461131781050563,0.0019292045559750198,0.0022261415862691175
153942,0.001546174566438921,0.0014266277264530225,0.0018456156326609463,0.0013364188888440598,0.0013501493518757735,0.0013748737139442913,0.001410186489904111,0.0012399512468120322
153944,0.001942534128768561,0.0022561260791747473,0.002020484165007344,0.002252888060477201,0.002104222188852367,0.001818542640039722,0.001566242789906802,0.0015422864060896796
153946,0.002675493367366999,0.0023439474393528587,0.0024153015165285924,0.002297465097215401,0.002051268189355318,0.0021662489665091322,0.002152951302575312,0.0022575772731841526
153948,0.0041318814695006645,0.0038218285214972614,0.0040989334626539975,0.0038107190588058254,0.0034042256706384166,0.0026739555266197673,0.003581212741495199,0.003921102854669345
153950,0.002530001017969019,0.0023244848771229037,0.0026091130844847626,0.0022418500473367353,0.001997795641539027,0.001987051032771983,0.0020173921932388345,0.002034080543017472
153952,0.002278009476947576,0.0018410070971447562,0.002057059092863689,0.00168708665966745,0.0015162833724247649,0.0018061721430168293,0.0019139564983322033,0.0020495735597345632
153954,0.0030699214851126616,0.0029221038924621134,0.0026318509558587166,0.002621104184949777,0.002481802484871967,0.0027605620464854624,0.0026824416957191843,0.002003815445066559
153956,0.0020749093971109134,0.0020222484792414286,0.0019821227791125967,0.0016238702552780065,0.0015621616052624021,0.0020214906710693814,0.0019619864583989705,0.001773659032880348
153958,0.002381025435428674,0.0024014832625946086,0.0023334757049353616,0.002113243327553707,0.002157167177798694,0.0023587387285042283,0.0020862953124646394,0.0022329468399430313
153960,0.0021632992864663164,0.00217055975382964,0.0017353317850743455,0.001833060410717735,0.0017214942692346386,0.001840679757581301,0.0019300100015367527,0.0018894688371707269
153962,0.0014163490937430107,0.0014116185261908165,0.0016130970257547533,0.0015545019228763307,0.001404423450369896,0.0012123624646199899,0.001130814193911825,0.001142790217887893
153964,0.002871064017440972,0.0025321064693396705,0.00213440073633131,0.00197196335438804,0.002514793415600916,0.002161773064451644,0.00244208188839469,0.0019879654634663013
153966,0.002404985628180756,0.002332545434935787,0.002582175697902811,0.002218185423243091,0.002010336678792149,0.0020990686988700547,0.002368216791550651,0.0028974328395057203
153968,0.0015693049587286456,0.0018129476762929336,0.0014142771483144495,0.0015497003867360887,0.0013972428592134989,0.001186396104362386,0.001692985261846927,0.001271239128950663
153970,0.0020949570719497462,0.0024408990419857446,0.0024245607779340705,0.002280852358651622,0.0019847348411512616,0.0019727485547677143,0.0022374739388397874,0.002329816873759827
153972,0.0033331409351711333,0.0033273665632632815,0.003510029354803615,0.0030077220772178337,0.002933602884480649,0.002694111489612419,0.0033153819439191157,0.002741855764212764
153974,0.0013444727505080994,0.0016643537798042424,0.0018021957166105551,0.0018521190086042694,0.0019265338143947958,0.0015087999440908106,0.0016123935880598683,0.0014772925373416346
153976,0.0025353272501616037,0.002550810451062979,0.002806682067025612,0.002400753087729593,0.0021377247239058456,0.002156086616008024,0.002146530455116716,0.0021400199314670076
153978,0.0022168107921203273,0.00243407079622239,0.0021686697657844617,0.0020393646347829364,0.0021631956734280977,0.0018358743529445776,0.0022186226718992064,0.0021594059745523447
153980,0.0021854877634626263,0.0016935935332197533,0.001928831182135049,0.0017438952221233844,0.0020188351088861745,0.001962624435769611,0.0017118413049778264,0.0020269576405869266
153982,0.0018165151645743866,0.0023090815121724756,0.0016907478007577859,0.002107411783480853,0.0022871555541318506,0.0020205903303607275,0.0020663085292355193,0.002109140760042663
153984,0.0016678511270077495,0.0016293936202727566,0.0017087646792310895,0.0015784380694345984,0.0014761043522094064,0.001499710153950673,0.0015811921469256612,0.0014424527766199319
153986,0.002046751632087132,0.0022337288563898383,0.0021969401398147514,0.0017925544010245625,0.0019188339159592616,0.0016731317631962228,0.001824223550777937,0.001950860855138084
153988,0.0025204481121032934,0.002488115283086678,0.002533504339803941,0.0022451186067593554,0.0023655964440650323,0.0026040033681021257,0.002625284965374633,0.0023419967386222873
153990,0.002047284577622044,0.0017889651518016164,0.0019288243105625297,0.0017667989187356015,0.0015033068377828251,0.0019833721866768933,0.0018538409520072602,0.0018854233776954832
153992,0.0026088181496994878,0.0028686735906781197,0.0028087223393393757,0.0029754021057013663,0.0027833866005423508,0.00228992391454913,0.0029118740944236166,0.0028311250626356227
153994,0.0021069599854244836,0.0022641903512671396,0.002435793232347161,0.002147274059516438,0.002485768914168976,0.0021567415639928283,0.002186250974416881,0.0020111488607386097
153996,0.0010498730321457789,0.0009257677306152706,0.0009345943944601004,0.000922563233560561,0.0010698910292932795,0.0011149956236435887,0.0009383306326340435,0.0008841309493690247
153998,0.002217313160216783,0.0020803845319159464,0.002043665890542626,0.0017560584410203917,0.001968595352151381,0.0017737315167885154,0.00187289865506092,0.001959498579026331
154000,0.0019782973845634683,0.0019932934677796,0.0020834791558763804,0.001953772665354292,0.001985140475532235,0.0016086342515708868,0.0016276037576871266,0.0016332075329081874
154002,0.0028210218829688577,0.00233708878137652,0.002545617206522799,0.002709447796667208,0.002290343573994616,0.002461189442385603,0.002768477580288989,0.002616686622686784
154004,0.002368275892051186,0.0021283190330946417,0.002481557147080926,0.002117121558589799,0.0022157238091015247,0.0020800311235555924,0.002127086964818281,0.001721756731667634
154006,0.00325663008748546,0.0028115790968297333,0.002664911226738731,0.0027970355722592988,0.0031104560426964967,0.002418201307764767,0.0024130168267542107,0.002556898027027188
154008,0.002088939016969285,0.00229166270304898,0.002511940442336949,0.0022087974508941954,0.0024272594559962557,0.001752019089084747,0.002382662085216883,0.0025080819074721483
154010,0.0019610879212673127,0.001873896413465484,0.0016615576338208649,0.0017936766212992006,0.0016605601221182514,0.001517190718866926,0.0017404510927399586,0.0016304617523360682
154012,0.0025861805881142175,0.002226861584737075,0.0025234125769029725,0.002218138051377286,0.0018532844160437656,0.0021514677870335674,0.0022378207403945943,0.0024876741629990123
154014,0.0035178179956238953,0.0035328618350930624,0.0038626259310425987,0.0038850015135417776,0.0036817389422003632,0.0033222799810234266,0.004036106094340575,0.004279828294702581
154016,0.002411508448042776,0.002691974119308785,0.0023828373829783006,0.0021528323812705086,0.0023678219611156792,0.002082549133164413,0.0020051750940552893,0.0020579452137048926
154018,0.0016996546109844385,0.0016591592531934318,0.00197753261652113,0.0015495989061477117,0.0015713161691479627,0.0016932219351018102,0.0016800633352210964,0.0014755882848275365
154020,0.002818482296845559,0.0032995146897679822,0.0030713173657451187,0.002373762030858595,0.0028466750277691966,0.0027405801784832207,0.0026182410759890834,0.002396132197657455
154022,0.0029160512475834843,0.0027898729898012814,0.0032296273208345383,0.0026255109658725045,0.0024897035648539095,0.0023676860078409995,0.0029030787394824925,0.0035818267264527
154024,0.002019576682295035,0.002053129951119073,0.0020109206581275935,0.0020564258800975233,0.0016114659790918001,0.0016891447020308537,0.002012477571080362,0.001775339094596387
154026,0.0029684679418391507,0.002636627129438962,0.0029135476528430737,0.0026181000202347843,0.0025347728059961355,0.0021554781190476074,0.0024223604523378045,0.0026240478614006357
154028,0.00411093230090942,0.005812006407993842,0.004175238324265251,0.004793291891743101,0.003811998696908306,0.004994405978778538,0.004149439133457555,0.004178780454733522
154030,0.0017184018737009948,0.0016837147118082957,0.0017677501517500277,0.0018374983452282834,0.0016778939439765633,0.0016346142739549624,0.0016540625370656953,0.0013283373565267098
154032,0.002096166838448321,0.002437119389981035,0.0022282797736308257,0.0019513038237717467,0.001798811062604655,0.0018882471034296217,0.0017924950974943649,0.0022129807049803413
154034,0.0023223670736616797,0.00225623330998527,0.0022775792151946833,0.0018171398355431578,0.0018482662193557986,0.0019596855852299783,0.0019395841138711845,0.0018556144048540446
154036,0.002631507345475806,0.002634161639614385,0.0030024651572067157,0.0026907430419811362,0.0027010816129585807,0.0022827539376371053,0.0027391028985237487,0.002940084146890856
154038,0.0018059742466560724,0.0017864128718232536,0.0016908378712729988,0.0017536040075084025,0.001645005084770071,0.001421927490555197,0.0016736736668845342,0.0019623950424153686
154040,0.0031820981562378226,0.0027304644300594344,0.0025213788329914305,0.002987235462867513,0.002675236323374089,0.0038097413061982804,0.0030374467575845637,0.002582463064886978
154042,0.0017516280385944244,0.0017617366709759552,0.0015316399072276,0.0014466083550426223,0.001561151119664539,0.0015808668631187711,0.0016458637060203785,0.0016713430070206675
154044,0.0011626771153055437,0.0012058956852920577,0.0012884190146395108,0.0011769857927748095,0.0012214391754108433,0.0010602789146749864,0.0010724126403378748,0.001070354114041605
154046,0.001954410294138731,0.0019272180074619977,0.0018162296999746363,0.001590384097344355,0.0013264958233358826,0.0016027548478537157,0.0020098579992675614,0.001571766889927384
154048,0.0031438590961677115,0.0031263682777905727,0.0034088429823866395,0.0026511527236366406,0.0032865560412043138,0.0027862269081174867,0.002844166831326725,0.002691677630051237
154050,0.0012403967687701911,0.0015820517326261552,0.001520892552783329,0.001212161421111413,0.0013558198052352616,0.0011182655786382,0.0013567230870083075,0.001202975629377448
154052,0.0020326714898353387,0.0020591378238635216,0.0022904230889953525,0.0018236657516133153,0.0016464988248591356,0.001780656624601043,0.0021173001702869954,0.0017850565140148517
154054,0.0026261844439508103,0.002402631321924212,0.002238262739859956,0.002907050328265895,0.002409893008068986,0.0022400304689257494,0.0025142184325171457,0.001943570957366525
154056,0.0028081782468825645,0.0027737363083455563,0.003156716091607184,0.0026035866867473723,0.0024843371142813653,0.0022524764437022032,0.0021375387078982483,0.0024870149713340922
154058,0.0020715705369609427,0.001809560225689788,0.002223385715335327,0.0018108538877205232,0.0017906593815910643,0.0017770724028999402,0.001911308062063688,0.0016414856006799483
154060,0.0016181158949573615,0.0018249405736464747,0.0016868277713136953,0.0016929910865082776,0.0013958309397621577,0.0015913635764697176,0.0016996020863291883,0.0015595709778805228
154062,0.002926863137965585,0.002610506543732294,0.0032209226989723394,0.002731600588337782,0.0022537874537233993,0.002563234644937365,0.002566758628441912,0.00315282632606384
154064,0.0021435918205571364,0.0018398944531237138,0.0018649284052720816,0.001831721849711157,0.0016656507152862515,0.0018681637361762787,0.0020763102658351157,0.0014701186042547776
154066,0.0029012183680174886,0.002646086302468667,0.0027981547547037966,0.001984019604919285,0.0022294018445894737,0.002281345917176658,0.002356112058493745,0.002203456522685221
154068,0.0019535879173626786,0.0021133950592775452,0.0023297334412886728,0.0023291868517106296,0.0019260992252023712,0.0018458912332304372,0.001613053636174977,0.0020258511811693247
154070,0.002153262103702383,0.0019089859994171482,0.001810391971007741,0.0015803698182660503,0.0017569586843072665,0.0016593319394281464,0.0017674575819705135,0.0017254661119212589
154072,0.0024474729309960225,0.002652393897428787,0.001876447160744657,0.002317427731535704,0.0020465932113084145,0.002047402232758247,0.002325876681156261,0.0018980826737517026
154074,0.0018140318344563866,0.001590992075896358,0.001986204217795509,0.001701973568885018,0.0012829600370130173,0.0015940078319488654,0.001554825951884331,0.0015001040258039305
154076,0.0014660081034146982,0.0016297819094057836,0.0016120414780275288,0.001478915826306007,0.0015269160519072594,0.0014266375759543065,0.0016908577851461187,0.0014041481576134718
154078,0.0031840839060501835,0.0025682173803665,0.0024647051019963673,0.0029197535005753977,0.0022240262099240127,0.0020105364516526253,0.0025468729087949615,0.0024626489425669806
154080,0.001928444102626839,0.0016479584601256647,0.0016295864056092985,0.0017191892313670465,0.0014752563091417065,0.0014188735212875003,0.0015816866542515129,0.0015473745008875994
154082,0.0022105864365686845,0.00204036607214797,0.002209064982176878,0.0021138670722403163,0.002270605405633855,0.002191069137717064,0.0019957068427923913,0.0018269714704644002
154084,0.0015205999705397155,0.00121646921009827,0.0013111339214901818,0.0014779764615049373,0.001110552751981686,0.0012283960258017285,0.0013327558287606345,0.0011115652621175448
154086,0.0025746594876297074,0.0022292403756039164,0.0025633957165462906,0.0022586341067104693,0.002037803071692823,0.002260565369454959,0.0022203854383984756,0.002255276462421865
154088,0.0017522576700291226,0.0014733850659892078,0.0014364874337880473,0.0015120149179956993,0.0015891399757086422,0.001683141840580063,0.00145812299173044,0.0014326213692750778
154090,0.0022744469973523668,0.002567753736229861,0.0022332003377058124,0.002111151834615202,0.0020727525021808774,0.0020701139785936906,0.0020383220686346487,0.002280373085077836
154092,0.003368521442901562,0.0030387773254104827,0.0031309954016816577,0.002772807196434593,0.002651046076814545,0.0030558236186256776,0.0022047395470186637,0.0024696378314653794
154094,0.003181210570062598,0.0029017352787299444,0.00271338560219192,0.0026731557622007435,0.0026757997552726703,0.0033786261094453374,0.0028640177335887,0.0029857094122068967
154096,0.0021931576203551018,0.001872881565845086,0.0021410319918274134,0.001827172743241512,0.0020771214039366215,0.0017829458652194319,0.0021424829369487974,0.0016660828352463852
154098,0.0018195887422761126,0.0019347229813462263,0.0019159818593328937,0.0018849171105481816,0.0016929168994652688,0.0017073168349771017,0.0017132898324088291,0.001829229736582963
154100,0.00261865778450332,0.0025402013127957673,0.002601634887392526,0.0025412877860744865,0.0024567271227243226,0.00267871035125912,0.002227634095333997,0.0024865717196354553
154102,0.0021956593872127783,0.0017522972791567254,0.001713256217657444,0.001875026710216346,0.0016384231296184826,0.0016618877744217914,0.0016664435356306684,0.0016545322457681838
154104,0.0023786323798052345,0.0028095488447393985,0.002039128444462135,0.002194399600061306,0.0025910403103177604,0.0019945354099128038,0.0023327303945458594,0.0021629836036423655
154106,0.003057264078156985,0.0033204902925444563,0.0031293947123938737,0.002946922407610908,0.0030412799104182625,0.002870907924806834,0.0030192706529575397,0.002543692147229104
154108,0.0018141257656631993,0.0017983759611174405,0.0015925163958275257,0.0013945229552275867,0.0015540372366834726,0.0016830907943523599,0.0015131534150549797,0.001568494579602453
154110,0.0027988244008010504,0.002928235383326483,0.0024820329872490277,0.0024363926432622307,0.0026559644180441794,0.0020480124755184598,0.002285590160037168,0.002043001739762143
154112,0.0032237462246564874,0.002787669240857993,0.002518914742724601,0.003016940833723558,0.002401901702826073,0.0025745551467008104,0.0026633683560037813,0.002697915460271594
154114,0.0023820922302066894,0.0022724735849346533,0.0026264341567489163,0.00205917738062901,0.001899493320035861,0.002171121425604286,0.002353280108015332,0.001902490367772458
154116,0.0028736647215841377,0.0024528237926733087,0.0024983492984170935,0.002260486728668243,0.0024346277179896347,0.002291824276991497,0.0026324224154525983,0.002460056299196156
154118,0.0011324327923146887,0.0010382094469072456,0.0011832883174689446,0.0010282471506598,0.001006954604363966,0.0011655595757473908,0.0012534057900083356,0.0009584470448170991
154120,0.0028509268988763936,0.0020598570049058657,0.0022068628837002557,0.001913945741869441,0.0020105144026556637,0.0021128597411688294,0.001970390445993467,0.0016340564441869182
154122,0.002650152322671906,0.0016777987255933852,0.00213020752178128,0.001901934374385142,0.0017126823506245087,0.0018946314804111353,0.002085525936657895,0.001852989662254903
154124,0.0046373205144425445,0.0036931723532413058,0.0037621875523786152,0.00418709272783252,0.0034334711424444664,0.0039267659640387365,0.003789584674512847,0.003417409678757935
154126,0.0026036098770779864,0.0025127291622156905,0.00302400550821659,0.002609793210552047,0.0023348795580524495,0.002737608084597609,0.002615408870889846,0.002350086131210072
154128,0.002364270330692586,0.002411242463165167,0.002316790780081457,0.0023436494983348904,0.0021116126411275943,0.002132733002848719,0.0024402239944954496,0.002201989967179685
154130,0.002468944013034449,0.002184233335626465,0.0021284706175974666,0.0021796891404337604,0.002049701737370846,0.001996255404563066,0.002407617458807812,0.002143489715394367
154132,0.0016578781959764033,0.0014259991172025366,0.0018267533313191114,0.001325078626464915,0.001314916567280014,0.0014338765635111272,0.0012185047705559615,0.0014304290606864806
154134,0.0021134395865508027,0.002043061347263786,0.0024164415199417477,0.001649926528369386,0.002085437132398074,0.0019062281264590197,0.0017222013249856283,0.0018965635281633642
154136,0.001995139719840458,0.002137040293793968,0.00214606309282718,0.0018612053428468528,0.0017510904933804167,0.0019184455565826597,0.001842837410194878,0.002108650115704838
154138,0.0026094400058740974,0.0021460865632795395,0.0022242612801694067,0.0021170835060155824,0.002393240934490795,0.001845053292082191,0.0021713377129126687,0.0019388544239342664
154140,0.001922056529247984,0.001759348272947714,0.0019322658814060478,0.0014786490839748812,0.0015202275282091282,0.0016624715991475775,0.00182664601800836,0.0016176660680446014
154142,0.0015255768234423983,0.001738706227464984,0.0015716697107161087,0.0014198772960188344,0.0014038123146598164,0.0013928207113517305,0.0012611553490438215,0.0012813419924038172
154144,0.002063031759591605,0.001680894095121968,0.001754584139330731,0.0018183351713063761,0.0018250163259675573,0.0019115041555162193,0.0016087594622141155,0.0016186647025271533
154146,0.0028239106222088944,0.0025053162793400308,0.0027239693535305864,0.002340649862437927,0.002209121011722326,0.002065374559336433,0.0022843208530166775,0.0024171473362456647
154148,0.0034491304920596932,0.0034335283337383476,0.0025135105352081105,0.0028745965975441323,0.002736818734852667,0.002588403288071431,0.0028682166930771857,0.002412868968693971
154150,0.0010851059575923139,0.001170084278907746,0.0010301815784781315,0.0010593538201586622,0.001088978843553301,0.001136407495236691,0.0011253519098537584,0.0009164871080530462
154152,0.0019889269552209043,0.0021214466943082627,0.0017114538398976809,0.0014881267020570021,0.0017232935738814015,0.0014891710654638818,0.001939552285502591,0.001520730713843399
154154,0.0019212916077435693,0.0014093872501383942,0.0016177550694732035,0.001393735120993736,0.0014525977775750598,0.0013842211336361765,0.001694089367459961,0.0010650718909471918
154156,0.0016624378791130212,0.001913199382369682,0.0016997817793003162,0.0015222695488759236,0.001661439799487907,0.0015169661057618106,0.0015153069798155006,0.001412605450398799
154158,0.002338970775641616,0.0023684191141143535,0.002166813548468094,0.002170303588979308,0.002058755461385467,0.002029655460391147,0.0028044101365226753,0.0023452321210017946
154160,0.002401112684975948,0.0024939095859460303,0.0022700192944677955,0.0018918519169269232,0.00193285085717948,0.0021462905545278077,0.0021825145674727597,0.0019231891669231477
154162,0.00207807806456696,0.001924155782631956,0.0018926388313822984,0.0021884591492360578,0.001498872951351482,0.002003460264383153,0.002177929741145959,0.0018451377817248066
154164,0.002850494886160959,0.0025501903535039006,0.002785469115203165,0.00266197508013577,0.0025220451820351375,0.00242975176273591,0.002446503254450505,0.002322117181228267
154166,0.001993183365138887,0.001693622355239524,0.0020232098469494947,0.0017445502249669453,0.001622412626388639,0.0018500962907968543,0.001579007048655226,0.0016549232154664667
154168,0.001919724680128368,0.0020556035923855465,0.0017806097795605158,0.002088476605356951,0.0016685212116858278,0.0017908844986825323,0.0017433034915918105,0.0014345450023352108
154170,0.00183860866725305,0.0016834942946388765,0.0019117204563059431,0.0017257118538705485,0.0018615717918030322,0.0015021460626905153,0.0015427118741739992,0.0014784221856987134
154172,0.0018512623440694043,0.0015324211689347195,0.0016869581310513665,0.001620641300226891,0.0016303375049666613,0.0017124122562672955,0.001397542263348664,0.0015854063784326855
154174,0.002489122536166788,0.0022166182093886905,0.0020085849157149838,0.00220051830781115,0.0016442397377317008,0.0017678488290307492,0.0017021423211582981,0.0018247161904929587
154176,0.0022501457192483088,0.0022509558388430495,0.002506650409319758,0.002125070030141299,0.0022848895757837107,0.0023487037110637154,0.00211390783635447,0.0025388871896937643
154178,0.0022435757843503185,0.0021503050435346532,0.002179099580814095,0.0019949520278828153,0.0018080344827958866,0.0017319091492230682,0.001972528497600712,0.001748615545420551
154180,0.0015953348002779727,0.001372119103010272,0.0016772744625109942,0.0014509126581346288,0.0013889925198127262,0.0014359724104200944,0.0013775055412268977,0.001388380864505448
154182,0.002212543662210076,0.0021158413287345468,0.0020812399723585534,0.001915978924197384,0.0017054742004264517,0.001584185556975426,0.0018162436710236207,0.002031414370869733
154184,0.0019555072853540967,0.0016924353363288042,0.001736818470903248,0.0019737626308639206,0.0017059936198665776,0.0017676361281000613,0.0017736813113265054,0.0015309920689903778
154186,0.0015024963563823324,0.001478056950426479,0.0014258840466252615,0.0012082401315699626,0.0012604870817393282,0.0011832908803924291,0.0013520773590341428,0.0013767758843796912
154188,0.002118932707937185,0.0021506315474904003,0.0018216484593420873,0.0018533883391818606,0.0018902241588084068,0.001867773133077899,0.0018780299085898733,0.0017473704744591784
154190,0.001807830148664813,0.002083539350970831,0.0016624056783181573,0.0017219063658480138,0.0018236584336515094,0.0016701790472740813,0.0018177665198454568,0.001599318421962606
154192,0.0031512455782611998,0.0024530164130914245,0.0023304527358015137,0.0023408845284628305,0.0021490901137904417,0.002049367471990818,0.0021604354213958232,0.0021984602085221017
154194,0.0024351747764308485,0.001853924359407691,0.0020862677472364144,0.0018798142451409566,0.001705508354133356,0.0019825118911965256,0.0018475981101870875,0.00202787483222068
154196,0.0016539725424303264,0.001827057137427382,0.0014650699957541868,0.001517847531889771,0.0013366411531043898,0.0014450210257173218,0.0014030704200314187,0.0014795671683174305
154198,0.002031376089084491,0.002184020237092646,0.00201992089897364,0.001825509072709966,0.001821381352035814,0.0020771869402175375,0.0019676196194207685,0.0018510276936043457
154200,0.0019056563005209193,0.0021677243866813356,0.002135511658321057,0.0016907707777020914,0.0015085872389537652,0.0018443918434505324,0.0019249085254813836,0.0018695184437707152
154202,0.0016956132008714153,0.0019090192036575054,0.001822983017186211,0.001988754839754636,0.0015069471639714838,0.0016140409683235296,0.0015236538570349012,0.0014268041783843805
154204,0.0028591413600844717,0.0022979400918071158,0.0025285452940998626,0.002587226445634805,0.0021983809088552825,0.0021641379849808434,0.00224354755186508,0.00245272121247192
154206,0.0018076549690611149,0.0019411226869516796,0.001693771988390061,0.0017003620835112088,0.0014434855201819752,0.0018163389296079746,0.0014710657564504098,0.0017260254014331983
154208,0.002021598202839661,0.0018854832284646156,0.0021785594820313836,0.0017719044957598268,0.0016665877050512368,0.0016698961889540787,0.0019699436626317013,0.0015770702155360056
154210,0.002113334434436523,0.0020226508922273206,0.001890694853629707,0.0020300888222648528,0.001605343766968803,0.00182762405493532,0.0017339279499175575,0.0018595596605198161
154212,0.0027130561136013004,0.0019615195101865823,0.002357001800695327,0.0021504498078384615,0.0018149299924746232,0.0018585548058905332,0.002020191471191826,0.0017301016323758578
154214,0.002607362367559374,0.002088109232327773,0.002868247018777359,0.0020143450567982613,0.001878928268622071,0.0021780677825722905,0.0021272807728345833,0.0019447782570548716
154216,0.001979739845086051,0.0019788485200802897,0.001962047182249585,0.0016348712329696813,0.0016751587130107298,0.0015475664749717982,0.0017903869899138503,0.0017273777273764251
154218,0.002113572143594769,0.0021134632204479337,0.0017885832334769841,0.0021271436630583423,0.0018747657181808486,0.0020598231901021308,0.0019082171741489212,0.0017607848690218142
154220,0.0027823147846162133,0.003006431825306244,0.002568999025077956,0.0024419887375906058,0.0022833840571095387,0.002289430141930296,0.0026202349432082883,0.0026281542137743946
154222,0.0019987638375482675,0.001932209222722539,0.0020180548461863484,0.0020868204478221575,0.0015505789486134347,0.0016265936548889304,0.0016408786120270108,0.0016305056762675602
154224,0.0023874425296471907,0.0024089578660137084,0.002184181801041088,0.0020896933548724683,0.0019717357317552975,0.001927190532741832,0.0019798343260293283,0.002283118114727048
154226,0.0017350183243461381,0.002184650161338786,0.0020935069721544353,0.0019693001984349423,0.0016157263255567877,0.0016410925996910297,0.002003784428034075,0.0020583863175090006
154228,0.0024531603298341143,0.0022322043855461104,0.0021814910086899314,0.001978970489484644,0.0019453697242800688,0.0020718832077340488,0.0020941751899621885,0.001999687289361285
154230,0.0027638524760045247,0.0028387004051420167,0.002564842192791572,0.0025762108631726677,0.0027512285072406883,0.0022368346820209745,0.002378307171243557,0.0022103279205066273
154232,0.0016748187192661135,0.0016252582521736475,0.001459464163695634,0.001472444028837297,0.0013533025221282996,0.0015730777735506601,0.001615798502072066,0.001740632621399174
154234,0.002097926346582138,0.0017960136820254768,0.0022215585467588866,0.0020513478268442548,0.00193634486685057,0.0019106768527843432,0.002321986854733629,0.001996465462430985
154236,0.0028215794868613475,0.0023667848269704056,0.002320835975670024,0.0026667496410916064,0.0027200087183905236,0.002695759173463444,0.002469565261046039,0.00225934234123705
154238,0.0017121921266214507,0.001629033343775177,0.0018500216220569549,0.0015366540554940245,0.0016030516498734132,0.0015128514354257327,0.0016196399571777875,0.0012999830740382384
154240,0.0024008023710389015,0.0023931756915693825,0.002328334731430459,0.0022358382719846054,0.002465505239010804,0.0022045373444614658,0.0026400962953480184,0.0022271899820656277
154242,0.0018508401762608179,0.0015453259561901689,0.001829444836767502,0.0018852538595917068,0.0018044617268198615,0.0017658626568994862,0.001750568617165174,0.0015971928879480318
154244,0.002264712596365348,0.002408959694428836,0.0020720480306748446,0.0021355705345783016,0.0020970824957680656,0.0022253440285907033,0.0017500078584058998,0.0021079744611860463
154246,0.0016702384231601641,0.0015535130060231328,0.0016642793110366316,0.0016116406519002396,0.0015357289357212367,0.0014742648972734806,0.001510308699650631,0.0014795015404750617
154248,0.0021505980321862156,0.002365301840858161,0.002351349371558911,0.0018426621416992722,0.002027566171056275,0.0020692381203721855,0.00154336101623255,0.001990100396317987
154250,0.001773329265486026,0.002007520871313853,0.002066070783727239,0.0018060831674715505,0.0016640051587480387,0.0016968010265833305,0.0015178603038565885,0.0015664710218566413
154252,0.002322048965802459,0.0022574763824140393,0.0020074063706304046,0.0018362967262045699,0.0019222698329658533,0.002253738642091163,0.0020787108652791653,0.0017520714819394684
154254,0.0013169566109170333,0.0014657157147635602,0.0013923458262243976,0.0012878563922692626,0.0013056959022118009,0.0011423301009717002,0.0013075477313378436,0.0011794537096082025
154256,0.0031806176541557957,0.002535818347754182,0.002874135633588404,0.002606034406457694,0.002507779680716027,0.0026072592682369194,0.0022878967559650937,0.0024101878147497757
154258,0.0014867546098258494,0.001479027286457546,0.0014151971717169531,0.0013283490330545794,0.0011771660038456672,0.0012737874212911393,0.0013653608366915315,0.001198612113395614
154260,0.003064991584607102,0.0025925901632662396,0.0029010421954622917,0.0032343018198874862,0.0023324220126605955,0.0028986930706347835,0.003470841199715649,0.002911720514640559
154262,0.0019893021129979843,0.002166793086289323,0.0021093334065815927,0.0020627387070162317,0.0018266230909441128,0.0018218624773030379,0.0019803379309103614,0.0019977853180433436
154264,0.0021516550993264105,0.0021945957526279397,0.002562809545815503,0.002187251606089957,0.0022913688171471436,0.0018197053828805793,0.002080243844606644,0.0019719143879451395
154266,0.0031345980318429195,0.0026624771402988245,0.0031249341184924617,0.0023152224452529513,0.0029160222795435176,0.0027254954466684467,0.002402595532217236,0.0032517372375338166
154268,0.0018201195348979127,0.0020394669208754213,0.0015501526903386603,0.001886757790007465,0.0015946757100016584,0.0015920124690744913,0.001747143126349951,0.001674299494972123
154270,0.003221827648886233,0.0031001581950910323,0.003229936421238977,0.003192975240349727,0.0032824867474259833,0.0026461817347667727,0.003596802462184759,0.002897349020992826
154272,0.0014192201427402212,0.0011570290860364457,0.0013545707430196036,0.0011603483874026571,0.001396885008914453,0.001048061535792455,0.0012463397107676105,0.0011770295022779514
154274,0.0018468949004466495,0.0016466315472210002,0.0014887751818868367,0.001459576027016199,0.0012880625480860552,0.0013670492522861594,0.0015191249945587515,0.0014206087368029557
154276,0.0015199126437659416,0.0017476118533645835,0.0014055067351853717,0.0015968269598092832,0.0014392976866676316,0.0014792585295236998,0.0013500940515174253,0.0013614859212736224
154278,0.002501925675211805,0.003175076921061018,0.0026923317063003993,0.0027296504194978533,0.0029194741096528892,0.002427329199689021,0.0031150368661659322,0.0026410109428667283
154280,0.003977150041924782,0.003610997682869377,0.0035306293546706474,0.0031675941940334656,0.004177890447092603,0.0030272738645309993,0.003243656715983756,0.003171889158450958
154282,0.0027825612014682616,0.0022056975114290722,0.003269818937213023,0.002714270158717516,0.0024360594646566924,0.0021980703613735386,0.0027126346767931825,0.0022689885471935956
154284,0.0024102920621219687,0.0020016971667963374,0.0018268186124714703,0.001961080002648219,0.0016885213100046315,0.001949113495558985,0.0018995300135700305,0.002137197010693495
154286,0.0021946414762832323,0.0022904533977670255,0.002135140859845175,0.0018496700903405383,0.0016011615357084535,0.002088618592284208,0.0019981053588125214,0.0016162283001768807
154288,0.002057446367056903,0.0020157842064151416,0.001910877473534578,0.0018792457491395714,0.0019960357045132465,0.001947738794186249,0.0016641841758103931,0.00170340653859348
154290,0.0018627710391633384,0.0019296682966643552,0.001908918615228794,0.0020193774652260132,0.0017231197557345812,0.0018140369117567445,0.0017987146848256336,0.001601812124454996
154292,0.002991020104792741,0.0024506685835659625,0.0026557263598138287,0.0024682662088084673,0.0020966938969474574,0.0021916142728173327,0.0031199223540113175,0.0019333916946085022
154294,0.0021207182122076618,0.002112125886761851,0.0023099143464938715,0.001997248865994186,0.0021084236310895538,0.0020268187715716396,0.0021615378558888093,0.002044283661109883
154296,0.002466795793599333,0.002990044284434404,0.0025353917766958306,0.002872993768590973,0.0025178760566364616,0.0025155986518365925,0.0025668529968508325,0.0027148776713235012
154298,0.0019736762389027107,0.0018432324345349915,0.0019738477006578936,0.0019186762830026988,0.0016827671120401982,0.0016142379321788664,0.0016931600060460378,0.001615408288913267
154300,0.002270099875829615,0.0018961560164252322,0.002484214195568893,0.0015101766679157524,0.0019684436217307782,0.0018338669087967219,0.0018620755572623104,0.002409945676922265
154302,0.0021510994069396383,0.0021279660443020987,0.0019396569591614843,0.0019988597706657174,0.0017976654401243852,0.001958729539748072,0.0021820586173842416,0.002241284237678942
154304,0.0023698700707966425,0.001894076312400017,0.002094791340335314,0.002184069680597492,0.00166576352937714,0.0021618950038240214,0.0019264752777040095,0.00164957760603901
154306,0.0020634977763534096,0.0019121465785973957,0.001713381118168003,0.0021801803270884434,0.001730869037538163,0.0016608956291542243,0.0015567249761296864,0.0017706718514767794
154308,0.002682222904712997,0.0026709651130166906,0.002650589974864684,0.0020737322455688517,0.0020729984340040475,0.0021343818046221236,0.002468195139151641,0.002431112643516267
154310,0.0022427094808757375,0.0020158945969968173,0.0020790682381366943,0.0020005599673722646,0.001969268788433745,0.0019267656807509526,0.0021888673149140225,0.002150676119794373
154312,0.0015775143627050903,0.0018585811445213096,0.002103226384381429,0.001904423816272649,0.0018853593222490361,0.0018799034034486933,0.0017918623772878034,0.0016355849800534644
154314,0.0026576806727460767,0.0022367568074701527,0.002238243705490875,0.002284950476405881,0.00213891541800916,0.002382391150118013,0.002505141007696443,0.0023206209803011135
154316,0.0025702283736082215,0.002445596038248843,0.0024115490605047946,0.0022553504127076907,0.00211183416111288,0.0020121928104979148,0.0025734948452385553,0.0025139177040689603
154318,0.0022101713469907663,0.0018458713867412074,0.0018251261377957295,0.00160266417211391,0.0017173408170185894,0.0017688044181483065,0.0019706752100070446,0.001700031215030054
154320,0.0023663147294996634,0.0027530135757489888,0.0028265718812353763,0.0022939712898023684,0.0020495840161810636,0.0024584390840726306,0.002431426747033838,0.0022003351713318353
154322,0.0027844275639513777,0.00250134471255109,0.002598273503947604,0.00245231054415819,0.0020753713226562415,0.0023311063111156743,0.0024760827027217047,0.0021724720957594507
154324,0.0021961761126796375,0.0018785384792785603,0.0019776774074422576,0.0022198335772043998,0.0019760952661096454,0.0018874795529560395,0.0020208622871429327,0.0015111047763933932
154326,0.001481967452759969,0.0014932116810012636,0.0015178176340866628,0.0012209387550937145,0.0012276960319118069,0.0013712297463998185,0.0011772181526013142,0.0011533701376010286
154328,0.0020044051478615987,0.0019693306167801183,0.0019347642739600546,0.001693049027106222,0.0018979638722394082,0.0018061088150017751,0.0020978389849619777,0.0015670726430961346
154330,0.002343510633991741,0.0023947913533106657,0.0028177917146026688,0.002081647872372319,0.002094880343535499,0.0019793695678239076,0.001958901999835408,0.001924950040116738
154332,0.0017020497983841754,0.00224445743307268,0.0017816681875962304,0.0019221208784338112,0.001551744784002454,0.001807310019937225,0.0017306424555491168,0.0016264917904604964
154334,0.001868571449575987,0.002081024141438681,0.001875349668645221,0.0017023467408532889,0.001539972817399607,0.0015357330233902733,0.001679275219468812,0.0015497138786252501
154336,0.0022470363138533817,0.0021328080127638316,0.0022637752217904983,0.0020141674980801577,0.0017342506203590347,0.0020909908620504597,0.001782274256739283,0.0018082343929413103
154338,0.0032079924443833563,0.0021861168542164494,0.003284027914696175,0.002122684680117004,0.002473480401832609,0.0026210961746047645,0.0027082639107171153,0.0022464733814126087
154340,0.002534271307585101,0.002683060687209471,0.002506231893643643,0.0021314638837083427,0.0022102487573647522,0.002787526839620691,0.0027174093819157807,0.002548537379296667
154342,0.002623430754394432,0.002268942410399488,0.0023755207369191567,0.002620925290160392,0.0022109794940151084,0.0024683950251693787,0.002366470215322672,0.0022343197727586195
154344,0.0015988637677159107,0.0015217300688295105,0.0017560459522747984,0.0013465191815806993,0.0012120638885893542,0.0013392527792216585,0.0014785009678493083,0.0011687565894345081
154346,0.0014510599535168117,0.0014495983992502404,0.0014652759030620022,0.0012890245592204336,0.001180567547405309,0.0014244355112336266,0.0011909083236929519,0.0013743701340097753
154348,0.0017314648546534195,0.0014732074726138272,0.0016202906899929204,0.0013242030234989072,0.001259748119829554,0.0013656331267469929,0.0014363902951224916,0.0013187352351928944
154350,0.0010053768435300953,0.0011508783662076555,0.0012979122036128748,0.001080828179109719,0.001018927601857525,0.0010926478022593167,0.001263515542043861,0.001114443386151187
154352,0.0024845773901533003,0.0026176284641243885,0.0021345521930273836,0.002168309283166414,0.0026426304373229487,0.0023261145582109816,0.002122226785786163,0.0017739339147629374
154354,0.0015154290842041146,0.0013409301629785514,0.001360938897575617,0.0013288098895627432,0.0012937512960043002,0.0014133932773399138,0.0014700389030987276,0.0011551911639282597
154356,0.0017672066929128594,0.0016554548871211688,0.0018976289109480377,0.001537486550887479,0.0012849260063535622,0.0014587586411991676,0.0018478892320768076,0.001587020328010627
154358,0.0020146891617890544,0.0017617898343837979,0.0018913865865344826,0.0016083969922621316,0.0017465175282605494,0.0017201896734935773,0.0018206923692126176,0.0016946690059596592
154360,0.0028166947092609362,0.0023746452962408876,0.0019350261318235168,0.0023238616822851554,0.0020442843348473932,0.0027077466962055624,0.001899182251038134,0.001905280984737523
154362,0.0020977147707902516,0.0025504981352245104,0.0020396405439306875,0.001982312852111312,0.0022850238431454534,0.002079359730377206,0.0019619105549071453,0.001824439947629486
154364,0.0025200998841123923,0.0022316095254135693,0.0023919934544027743,0.0021052342961020015,0.0020793322110055495,0.0021642794014040817,0.0021492890665487097,0.0020179109274583024
154366,0.0036768092898320504,0.003102832839104744,0.003511604935921897,0.0029640814082089323,0.0029298886322642326,0.0029771877267501523,0.0028911670418241275,0.0033031436039415163
154368,0.00277087492256968,0.0033668170432026856,0.0027236691632959165,0.002584301228687483,0.0027547167117042554,0.0024197447628205304,0.0026755831622567033,0.00226590728557087
154370,0.00218344645481984,0.002054987153386048,0.0021249876004315743,0.002008963592549373,0.002035663874266902,0.0016982569945978576,0.0018153648696719316,0.0020034789397663927
154372,0.001646553545731566,0.0015650332023731256,0.0017516972644491396,0.001283200496446979,0.0013916797889371862,0.0014686326332209593,0.0015201720434355886,0.0014381943908076261
154374,0.0016648775398684368,0.001831025493854846,0.0015803976601902608,0.0014741624846801304,0.001598009156968061,0.0017201813301232077,0.0016974139734884375,0.0013571067709276102
154376,0.002033861123296399,0.001925304403725972,0.002056629957238043,0.0019921806064646663,0.0015982712649389441,0.0018138931634376215,0.001622405724020004,0.001639707510690036
154378,0.0019223844926879452,0.0016610841959470296,0.0018724217984767422,0.001706414013635374,0.0016920577357588812,0.0016525632489932662,0.001720668060563535,0.0016701629093951453
154380,0.002883746018858213,0.002737300517015165,0.0026339727402527324,0.0023919242202202207,0.0026561656239644377,0.0021306755618695356,0.002648828462626318,0.002398270958764437
154382,0.0018545615255305542,0.0016497146890760567,0.0018868976005705917,0.001568301606838185,0.0018906420473696617,0.0016219267955164818,0.0017441917473673407,0.0017030101903623418
154384,0.0025033688711008223,0.003139394881146451,0.0028499650589088876,0.002881518691948637,0.002532135712678421,0.0028231881008713433,0.0021348478932898957,0.0027134209195883857
154386,0.001367887100110432,0.0013612789189778596,0.0013698051143515855,0.0010520318795451816,0.0013314502871371175,0.0011389237904311372,0.0011805747153431079,0.0011258630934583014
154388,0.002032248936256878,0.0017209814586891525,0.001784249807371907,0.0017168715367661541,0.0017863498911636772,0.0016151666379321666,0.0014769194243594713,0.001568363864338021
154390,0.002244284124952367,0.00223778549510735,0.002005522085202216,0.0019202535569257245,0.0019274858962470276,0.0017631097948991314,0.001771737337732171,0.0017483653742298572
154392,0.0018883371090234885,0.0018039512598991975,0.00215828262355533,0.0016523212575321328,0.001636624394743491,0.0014761575955759554,0.001663868394985224,0.0014836472596761047
154394,0.0020597755117004457,0.001999228201881087,0.0021032964315531727,0.0018084086501014007,0.0017441793008901585,0.0022186598716067985,0.001976282400146037,0.0020215703984006184
154396,0.002202566180642407,0.0025603464002932896,0.002206140526606115,0.001987737915646895,0.0019625102325102617,0.0023790757166702314,0.0022511477864456536,0.0017687671296669066
154398,0.0033323809086521217,0.002916411750784109,0.0030602799675209097,0.0027745034922657674,0.0026408214151962955,0.0025694386108670586,0.0029523401965170365,0.0026371470719666196
154400,0.0031077266110932644,0.0033194561171395187,0.0031418387399385767,0.0027269208083602337,0.002552193901444122,0.002959326032392698,0.0025533412905345276,0.002786244605602839
154402,0.0016642787031351802,0.0015300293115822067,0.0015705542849622223,0.0012777587226110582,0.0012967714064879843,0.0011902987794211312,0.001240500420510507,0.001196458970948014
154404,0.0026367683008171744,0.0026767602697798237,0.00241248653507177,0.002473617506454709,0.0030549698833542416,0.002207450936067057,0.0025627722051635576,0.0026725198114405657
154406,0.0026888167875716157,0.0026941076224025334,0.002560160166481751,0.0024253510702135217,0.0025460341104560774,0.002460482398428679,0.0031565976265577333,0.0020157357024184197
154408,0.0015855291984543385,0.0016728699862696012,0.0013693589830859332,0.001519506595562048,0.0015733230524761638,0.0014338940554928237,0.0015810647549275997,0.0014492041242561982
154410,0.002395549794087515,0.0021285410838867286,0.0025431168755080252,0.002130667651874474,0.002289919636146165,0.001982995597814785,0.0019480995241422244,0.002063834884458507
154412,0.0025373992620210256,0.0023016034839618144,0.002203673365349046,0.0020899358617115227,0.0020676258600374475,0.002251600999074191,0.001943020159045697,0.001984998731147991
154414,0.0021205847450633947,0.001926972704392474,0.0018924378739138548,0.0019365284698589225,0.0018083902734957746,0.001720776850367367,0.001746307982620779,0.0019315834124178366
154416,0.0020854861276179554,0.0020985362223072124,0.0021008000556821532,0.0023798058589600407,0.0016678423029938827,0.0017473215777954465,0.0018902354962605644,0.001777738318545899
154418,0.001986087338296541,0.001726251371431467,0.0016235168942779765,0.0015828146216146366,0.0016303188532278967,0.0015179636426552179,0.0017008380130138084,0.0015627809542174825
154420,0.0029550851808091694,0.002607902626115044,0.0025656335131993974,0.0025925996473953467,0.0024564675180972634,0.0024898392595021357,0.0020288670685622012,0.0026608515749180356
154422,0.002463848881003164,0.0022656047714023075,0.002213481236801998,0.0020181181051113217,0.0022578505745945443,0.0022088083059057656,0.0018511511076370196,0.0018997803833369908
154424,0.0020089468952877443,0.0020291959660747594,0.0017167298390854402,0.0015962407880377866,0.0018823583482197592,0.0016228664143098787,0.0017808040804623837,0.0016747138313002452
154426,0.0016407974271284709,0.0017411760206003657,0.001683548709741578,0.0018087020547605803,0.0014048208017892888,0.001861052023592935,0.0017031614675657725,0.001619328731194969
154428,0.0019563768612621685,0.0019148383051082046,0.0019655892713456163,0.0019617518223507546,0.0019726340573265194,0.0018288358970243307,0.0016148878784006393,0.0014790198365478013
154430,0.0016319904123157786,0.0019341275646318629,0.001582266887824313,0.001571973959604414,0.0018407011744168145,0.00176290019469999,0.0016745485784369074,0.0016887080705930146
154432,0.0015069888129757292,0.0015498930916804654,0.0016406742955022424,0.0015346960977622448,0.001209737501393096,0.0013770158562799312,0.0013586486401079428,0.001206442959051493
154434,0.0022817644340058507,0.0017905553406576957,0.0021903197312553857,0.0019100503064430896,0.0014401961225347787,0.0016523264061021337,0.0018194126760739948,0.0018517413079744416
154436,0.0020456394455859034,0.002073060173662933,0.0020007575875666817,0.0017800354277215519,0.001925182791874383,0.0018346298635159158,0.0017634207769546273,0.001772500746484218
154438,0.0020622477383300947,0.0017240727703985576,0.0018880211276157827,0.001865712275394893,0.0017422807999224604,0.0017664967201545118,0.0017443302174211667,0.0021304692189767632
154440,0.0020608249022341513,0.002290256572615515,0.002126960169670525,0.0017589392191517256,0.001948954294785088,0.0018249631718634252,0.00169469630355025,0.0016469837862553988
154442,0.0017919576251324149,0.0018073128706215386,0.00163779740998439,0.0017455212867712455,0.0016306524947980044,0.0013636968509525005,0.0016813544611609665,0.0016637589880217352
154444,0.0020217968593950197,0.0018485810988606716,0.0020184625322072908,0.0022635710388479446,0.001896604736007515,0.0018212548008881418,0.0019500263940980395,0.0017754043923293855
154446,0.0028808536209269514,0.0027653042866684907,0.0027077932202268645,0.0025687116529804627,0.0024700288414604282,0.002585375118833666,0.002445663097213391,0.002245701494633226
154448,0.0020901283104379914,0.0018033873934226868,0.001960446894808135,0.0022508179809737627,0.001802655953908619,0.001715416249752133,0.0017776739203113068,0.001984323274162994
154450,0.0029031036287516937,0.002741655629759379,0.00325180351633593,0.002763849734143245,0.002493544221696453,0.0024602244432282566,0.002784095755390417,0.0026875199974596975
154452,0.0024322089713259137,0.0022560078805078376,0.00202195096732366,0.0024350964638931855,0.0022403746472999947,0.002359163922842647,0.001982099891355782,0.0017691832788668954
154454,0.0014908773879441228,0.0013342489707324767,0.001367672723290525,0.0012266875144009703,0.0012632745508940474,0.001137554347494088,0.0012645684926424483,0.0012516580895705204
154456,0.0017084794959170702,0.0017249737521864011,0.001761721660276605,0.001649576093012986,0.0015675894217706543,0.0012431065186285922,0.0015214066010616478,0.0014825675409610994
154458,0.0017883875633997182,0.00230011033425849,0.0016562246588733842,0.0019908403305725214,0.0021529364372325915,0.0015175018383824096,0.00179570899509153,0.0014282753170589274
154460,0.0022116388720405666,0.0019239498907783897,0.0019455744586074908,0.0018752306128011625,0.0018389454076839784,0.0018301354734945458,0.002065442957508226,0.001577763242650146
154462,0.0032273518657133377,0.0026914259942223545,0.0023941063074029018,0.0022924813316894804,0.002204656985684894,0.002133196158532691,0.002540982438453257,0.002162300338382439
154464,0.0029369855568611852,0.003638212662664453,0.0032832585665954483,0.002934925043212147,0.0025446730021139174,0.0028636800199690615,0.0027182510874640547,0.002437349279291748
154466,0.0027572829662814713,0.0028666766775709562,0.0027024974786519357,0.002371859557080358,0.002421097339638578,0.0027304589795612705,0.0022624609552668873,0.0023049460628644797
154468,0.0023864229449375163,0.002657960687221808,0.0019408377686167544,0.002151594964971082,0.00198942506877077,0.0020335929970417,0.0019262218469848907,0.0019236574125627848
154470,0.0017319869763988138,0.0017999523085510255,0.0014751183785040173,0.0014102088729972678,0.001367539090714756,0.001393323766387733,0.0014812252555183036,0.0013860953608292453
154472,0.0013290030005220915,0.0014787298777157454,0.001464736068819819,0.0012723394081821798,0.0013291817289321634,0.0012490501477613325,0.0013215906811575723,0.0014171228181050766
154474,0.0017583261962612756,0.0018094629265108658,0.0019279605532235428,0.001855124350394824,0.0014510610887703695,0.0019835480509911158,0.0016627459288925395,0.001644923193496517
154476,0.002755148444139391,0.0024658023178437127,0.0026795070893892575,0.0024552583032297903,0.002546826660375659,0.0025104671525677663,0.0021996631537155725,0.002981814214678913
154478,0.002328666212859931,0.002667728155969995,0.0020394386573565626,0.002319177646620041,0.0026030803269173064,0.002488763469806976,0.0021335647232365723,0.001993840699729424
154480,0.003672438276245471,0.0036570691867072874,0.003759151897964552,0.002992278516493807,0.003253453056376157,0.002622402785528735,0.0028341915078142765,0.003946509970990997
154482,0.0019351221617381342,0.0018402086187224859,0.0019180914984654601,0.0016476838408598926,0.0016845301667347545,0.0018424395499322538,0.0020385134717409437,0.0015805777500488422
154484,0.0016860102307482278,0.0017804821378120672,0.0020544876522807787,0.0014931615857669694,0.0016735215714467483,0.0016353586972300271,0.001732057983594562,0.0016847512633329093
154486,0.0020736725315915333,0.001709546745636295,0.0017957633000925816,0.0017586630019334054,0.0016729818255938889,0.0019142413926198643,0.0017703674409114273,0.0016813330758083112
154488,0.0021882095978534993,0.0021271309488418155,0.00210490783843742,0.0022222634034312905,0.0017609396287674578,0.0023589840700078413,0.002088046588066883,0.0019587414105624035
154490,0.001809619493898365,0.0016955334341481887,0.0015788531003511214,0.0017063299922916997,0.001726714810967922,0.0018333255018685574,0.0015026040806243174,0.0011243396340889777
154492,0.0014277538853692123,0.0016888369720391566,0.001631905233874742,0.0015234447602936602,0.001498301872147556,0.0014190472477199206,0.0014704900001354937,0.0013665438023836018
154494,0.002439386020184134,0.0025329035982024767,0.002441997942136412,0.0019651205734461663,0.0024458436451491594,0.00231805293286437,0.0022847310955126515,0.0025542987747430163
154496,0.0021153814317314557,0.0021389805436534126,0.0020512580660564522,0.0019631770152293004,0.0019488250311712335,0.0020898357237550957,0.001969091243978982,0.0018647993849683214
154498,0.0017125451424959692,0.001455343298722378,0.0018920379354767647,0.0015589846248664774,0.001658460709214049,0.0015275196389554768,0.0016138066029807718,0.001587871698794166
154500,0.0017632461981387237,0.0017741554674879367,0.001763293752802042,0.0017094959166646384,0.0017204582172195698,0.0015442158208385376,0.001630511392439138,0.0014930225327101088
154502,0.0016253075126316935,0.0016647015254078884,0.0016121662228931743,0.0017090594347268923,0.001679803154134088,0.0014821811413715663,0.0017141519012900397,0.0013126910280774617
154504,0.0021490161996604584,0.002226380635350758,0.0020528700098022684,0.0020189000538926027,0.001747946385367849,0.0017816468025034227,0.0018817668434687462,0.0017319565894846622
154506,0.0016419486898691105,0.0017591270217503507,0.001958420911201353,0.0016172846182771483,0.001560309592368983,0.0014469756357924357,0.0016449727510716716,0.0015113613958406408
154508,0.0023309822074893405,0.002108439710411858,0.0022714795653581282,0.001989083128207947,0.002193356508886579,0.0022465983929394057,0.0018630762176075621,0.0018472980448508564
154510,0.002695740605205846,0.0022643123094304857,0.0019522386328252456,0.002046160113454931,0.001947253160397136,0.0016528949181377067,0.0018731704808063743,0.0017205611284829558
154512,0.0029025886031953108,0.0029610987151663104,0.0025831484182726877,0.002603960405800479,0.0022899620638189427,0.002294482325583838,0.0030384076940099952,0.0022629638617000097
154514,0.002499938235068347,0.002783370484436498,0.0026542091813292062,0.002585529686465693,0.002388414632109051,0.002000629949798785,0.0031233395598201513,0.002631544419153864
154516,0.001740335777224447,0.0018850659104511364,0.0015507476492477995,0.001784647315015167,0.0016588603360507964,0.0016060829887712402,0.0014589384919692222,0.001606496561446305
154518,0.002744228674703489,0.002375538167488145,0.0025202588466447656,0.0026518705355661615,0.0024688714528098427,0.0023300607065266377,0.002394288587857521,0.0023327843724679914
154520,0.002373865487481655,0.002306181728667381,0.0022807132324787482,0.0021452023681454296,0.0020728094892219634,0.002008801632039439,0.0022695081508603554,0.0020684468211996793
154522,0.0015919226922645052,0.0016655500676643342,0.0018383760979381325,0.0016458222960531593,0.0015663518909608265,0.0012177457209156112,0.0013567258313358505,0.0012725751493016801
154524,0.0018204574390219413,0.0017754031365924267,0.0019983981136575957,0.0018397177267873849,0.0016706166266491906,0.0015017620283334226,0.0015544810663181696,0.0017115105544009968
154526,0.0020660619786007223,0.001741180062216477,0.0020794463666251733,0.0018287632516409552,0.0019431935683446172,0.0017581187550164273,0.0017198522466537747,0.001662926397344222
154528,0.002250084577395964,0.0022981822508008065,0.002134626202230941,0.0022424868449697627,0.0019511728367256481,0.001878082861310526,0.001905727530132753,0.0020273179171671624
154530,0.002064531526381322,0.0022017207670677608,0.001866779903602081,0.0018479606549215433,0.0019101590654338474,0.0016877581482669518,0.0016562398196252048,0.0016868247112864637
154532,0.0016009865373698418,0.0017754222866293023,0.0015733936845316876,0.0019533577355637655,0.0016469647371724627,0.0015375084617054308,0.0013716121647617957,0.0015684275984140378
154534,0.0015864697896229019,0.0017606770101905728,0.0014821900334462956,0.0015340709588321233,0.0016733280331374112,0.0013314437623957037,0.001593454000911057,0.0015484802003060683
154536,0.0026064478602295105,0.002592293887808808,0.0023909441174654322,0.0022112920031194805,0.0021597470187329493,0.002081876993742085,0.0024208264274584584,0.001999275507444054
154538,0.002385500010017916,0.002056837423517699,0.0021982541022281255,0.0022309521036101287,0.001966460755359681,0.0018522318773870339,0.0020981997046511935,0.002005402303134632
154540,0.0020617869373647096,0.0021906314743525557,0.0018824252619859122,0.0018122444318269815,0.001849280784715926,0.0016201377410385853,0.0015952380855053239,0.0015410834742231178
154542,0.0023665427046316717,0.002568896687047975,0.0024076635222598647,0.00206910153844643,0.0020694109724473386,0.0021261427924926246,0.0022004571449714266,0.002398688754151959
154544,0.002004225359366188,0.0019497924743228645,0.002033983768389161,0.001546421254875599,0.0015745470731257094,0.0018657788926407376,0.0017422739581055696,0.0016877624334910163
154546,0.0029030964028238376,0.003047223359682452,0.00226392517450337,0.0024379069438477258,0.0023648963837899495,0.0022726728411696234,0.0024163810889821363,0.002191300018394307
154548,0.0019792104620020567,0.0018743221701787022,0.001864686777378402,0.0017738416575099336,0.0016712047237060906,0.0017676809226668255,0.0016609105076265257,0.0016794272708011704
154550,0.002233391526786088,0.0019603558465382115,0.0021403797783792755,0.0017509177730471587,0.0017046444627549229,0.0018387265548448634,0.0018351571001610362,0.001736455510581436
154552,0.0018260703375086451,0.0015229242618876176,0.0017552352155062595,0.0013521850283822051,0.0015487587393492874,0.0014350453752656755,0.0015700181237809918,0.0016883758888298767
154554,0.0019715190392764065,0.0018287884224656992,0.0018060508708406808,0.001986216171574476,0.0018102762632841302,0.0018382157359080886,0.0016934482003883172,0.0018531859483512797
154556,0.0017496818554230131,0.0018063507339991652,0.0017719386810180482,0.0017652349681322038,0.001701244556856274,0.0017898265083427511,0.0014915040228515863,0.0013439578351024384
154558,0.0018506972207016498,0.0018870610430965634,0.001976504322787412,0.0017117149193447562,0.0016015479372871871,0.0014684930139901575,0.0017189328338252374,0.00159944058778895
154560,0.002371346868914062,0.0020367989010630083,0.0021445698766351384,0.0018226661903970737,0.0021938181743920288,0.0018516592321172198,0.0020836611041588626,0.0016246819002141422
154562,0.0019391575698100016,0.001771438480086332,0.0018324119592594418,0.0015313865284317801,0.0014050162869201493,0.0016298444730973444,0.001761112217352881,0.001594619477904305
154564,0.0017950270952149655,0.0015617964736774348,0.001430125590559328,0.0015053365990370104,0.0015416170125433087,0.0015215739978780563,0.0014556107732436457,0.0012948406288655484
154566,0.002681732104442572,0.002254472994653922,0.0018315416900117065,0.002309766101024971,0.001961858413359177,0.002132052124554376,0.0018465564724377131,0.0017432913593664612
154568,0.0030026296853136736,0.0032156469211664374,0.0030453740942820162,0.0029980180750422414,0.0025098000953476807,0.0023274421498579306,0.0026303551340439157,0.002490834218678517
154570,0.0017387531393731614,0.0017800857230316908,0.0019241368270485198,0.001701436629611544,0.0016082278735130157,0.001504139787378414,0.0016298922990367615,0.0016512284280146283
154572,0.002484697346752718,0.0022143976230548784,0.002351872539852265,0.0021231532662983194,0.0021713717366159124,0.0022346409710505832,0.0023482892087494656,0.0019877030372053017
154574,0.0033214301623871734,0.0035104129535091233,0.003102053065018373,0.0028395563216182668,0.002781023927298301,0.0026641843451363223,0.0028475667351114536,0.00278094966790704
154576,0.001368129051969369,0.001355416827895306,0.001464837583143988,0.0013802539252358859,0.0013943090050594353,0.001272289445563582,0.0012964092258150317,0.0011762985611753068
154578,0.0019563696112513546,0.0018841858120560162,0.0019400235032930452,0.0018370330424444387,0.0015745538729273895,0.0018497588513500945,0.0018542172625646836,0.0017076237808900802
154580,0.0032962201297459665,0.003273122871632117,0.0029294712436911535,0.0025760728349588785,0.0027002437315713085,0.002795169321336291,0.002659574610874904,0.0021867300087169556
154582,0.0021473662422915596,0.00210201663170774,0.0019453743249331495,0.0019785794052352146,0.0020762647734546974,0.0018210147473496363,0.0018559401808544568,0.0017198633700879484
154584,0.0024131204032915715,0.0024617509364639606,0.002033628947781599,0.0018038212020670685,0.0020046586666764288,0.0017820484233927042,0.00188578993812262,0.0018449368019594209
154586,0.0024667351062884896,0.0018353754212852152,0.0018239257078676019,0.0018887389227453255,0.0019454275614573385,0.0018422582243360908,0.0016302201812883887,0.0020866645679551987
154588,0.0028943375728227583,0.002778077887011579,0.0027594903293855083,0.0025291249105272584,0.0024557150006990908,0.0025490538291500636,0.0020924339556872007,0.0023722086376312124
154590,0.002722413754156508,0.002576039935628993,0.002535571104748127,0.002912942832380916,0.002772607504779645,0.0026299191556587026,0.002334763634190884,0.002302823594570791
154592,0.0018603343677536938,0.0018120411285621613,0.0018124864441835392,0.0016607067694407451,0.0016741427983453377,0.0016220099127489812,0.0016900022070756027,0.001676179206318587
154594,0.0026146011482810483,0.0027513332423705905,0.0027136250664059475,0.0021581369035966885,0.0022791105631038283,0.002275494976926362,0.002262419846288888,0.0020058300649895694
154596,0.0022977236596111172,0.0019569414147133646,0.002190992412692397,0.0020564100003473,0.001978619174749563,0.0022186626791445563,0.0020077241764915876,0.001769227779645069
154598,0.004316488306710886,0.0031224843544376407,0.0032677069642834816,0.0022814153114451147,0.002767117038552591,0.003458943784575688,0.0029638335705418073,0.0033399101516132235
154600,0.0030740972729170896,0.0028737577825599936,0.002955342373305428,0.0026449105951401736,0.0024593202285743687,0.002509573905805418,0.0024272645949710014,0.002325420005679979
154602,0.0017295116271773825,0.0019172644024748053,0.002043133753025797,0.0017463730556266932,0.0016248837168895136,0.0017460542406149693,0.0018676787890714724,0.0017042584282195433
154604,0.0021916892647164815,0.002152264093414402,0.0017788172409311104,0.0018065442175265733,0.0021009831002001406,0.001859048525651566,0.0017168369607578754,0.0018377168055681015
154606,0.0024964682573891533,0.0022334193431905597,0.002682238725280117,0.002235187624723134,0.002301395457519742,0.0021607332553311154,0.002139980984334003,0.002150029348385943
154608,0.002507503961327054,0.0019653445109248935,0.0020789364278420153,0.0023034765025942705,0.0020226632902655695,0.001958094503622887,0.002005630526092164,0.0023559923539693273
154610,0.0018076777767748325,0.0019973747309566386,0.0020566890874405136,0.0017015844561867888,0.0015907653332615374,0.0015742966732641556,0.0016410406860281057,0.0015751330925282137
154612,0.0021826767718904905,0.0021289907206502173,0.0016099215537491163,0.0018789011402998157,0.001672604268590852,0.00185095653205819,0.001731248153838752,0.0017647976868518378
154614,0.002112471052985454,0.0016922376424644003,0.0020362185723668547,0.0017110124852257602,0.0017337033393725054,0.0015076914374268086,0.0017352973340451078,0.00163097563918925
154616,0.004131710017496681,0.0033977489719783094,0.004296009329696204,0.0035994482192248795,0.0037050212059559634,0.0034764399707457733,0.0036567884905815973,0.0029878019271905587
154618,0.002261718570486085,0.0029291079180394086,0.002353281553744646,0.00260985601345555,0.0024655019094615427,0.0023538338548290683,0.0026201586673559873,0.0020633343091438494
154620,0.0018745682925170315,0.0015372353180007625,0.0017432779828592398,0.0016467911839355143,0.001749799973454494,0.001751179662807037,0.0016720363373557007,0.0015579219388490856
154622,0.0030821256200881525,0.0026692141640512063,0.002440900514383282,0.0020962258520607208,0.0025554259218074638,0.00256773410401423,0.002601469578715987,0.0022508922116095675
154624,0.002536128637898441,0.0023854010307522433,0.0026063075028803923,0.0023324313681705733,0.0021959676694830593,0.002236409031339384,0.002184354862157234,0.0024333364185866874
154626,0.00195328364559523,0.0022316996293094693,0.0021542759068643585,0.0017020848399363353,0.0017021106602582159,0.001499727465912537,0.0020506783801506195,0.0016277303056027592
154628,0.0025149245613000915,0.002741909212661278,0.0020074614507265137,0.0020404559308635634,0.00228266387681543,0.0021490003117424217,0.002031730041444968,0.0021997875548512985
154630,0.0021347201785568704,0.002441000270350671,0.002192462279237986,0.002131442213227308,0.002066635028261446,0.0018930680085343377,0.0018893082050364662,0.0016931314945347609
154632,0.003313949240024705,0.002936975462457747,0.0025231487239174705,0.002312314866153589,0.0023503812301818444,0.0027160412574101095,0.002997772901933829,0.002835712458298334
154634,0.002288149789850605,0.002433826726497293,0.001990684421039113,0.0023192131683397316,0.0019835882022390394,0.002351736322614484,0.0020089101615564098,0.002276367944409552
154636,0.001953832932631419,0.0020721243398119787,0.0023248304540131187,0.002044116240780325,0.0020102504922282632,0.001597145246435075,0.0021928076682204006,0.0019994130965229756
154638,0.0031275294255075914,0.002882751055835034,0.0029190445822502298,0.002614102479961536,0.002776969401871776,0.0028455159772416416,0.0025026129304470818,0.0026213322941971567
154640,0.0020573334928040143,0.0016231074399100098,0.001728243332830337,0.0016555443157708627,0.0015973164614338509,0.0015571012744466373,0.001769298292587429,0.0016461115721890796
154642,0.0018763167744008241,0.00167506387720473,0.0017947606843374958,0.0015005937686374815,0.0014301241817665927,0.0013843505889521573,0.0014822551471933704,0.0014772916782399698
154644,0.004435241752553942,0.0038466037864109404,0.0035864817031200508,0.003222874420034119,0.0037787557850750414,0.0036622502562134174,0.003864263925913214,0.003119805413696067
154646,0.002158949329138571,0.002621091978714643,0.0026176200779005065,0.002530459367288143,0.0025555178218041874,0.0020012845113660666,0.00241767997162258,0.00226705830068874
154648,0.002336269788489345,0.00241648254017518,0.0020378757205597453,0.0019444605448504237,0.0019512771652477334,0.0021511719746323266,0.002714345851468958,0.002173145157070136
154650,0.0025801365711519836,0.002700977451497444,0.002846133233692219,0.0024720447371118226,0.0025623663788557766,0.0024912161186431275,0.00296108695768961,0.0027577876744908636
154652,0.00196796698163261,0.0018695571016909135,0.0019142172703139892,0.0019199120639452755,0.0017295587247370126,0.0017219950982778759,0.0014777521925486564,0.001489751042220766
154654,0.002424089745748148,0.0023638790895930684,0.002239163792577395,0.00196191154494324,0.0017746400446050359,0.0018875174250471277,0.0018263772709086745,0.001928663322937632
154656,0.0022428029841947833,0.0021460465255263156,0.002243503086061041,0.002082383893083295,0.0018826001485075516,0.001976858431128825,0.0020573541073316687,0.001759256395761355
154658,0.003242211172037726,0.0025505662410241353,0.002679198561053045,0.00216857400424543,0.0025285823845644373,0.002467745425203685,0.0026586352408104613,0.002550685898719554
154660,0.0027813689124979307,0.0024795466508289454,0.003091156459000821,0.002378466320812081,0.0025935181726390866,0.0029043819565877232,0.0025219044968596283,0.0025233249986378326
154662,0.0034298895593707357,0.0029356794851680967,0.002816318676202037,0.0030679469035819334,0.0028463931930139547,0.002969581525449849,0.0027205313773635,0.0029878471326242467
154664,0.0031536128737796876,0.002669158734410329,0.0030599762097427985,0.0027419536884096957,0.002817767984757913,0.0024236220604691022,0.0025666601096738934,0.0027258999874426593
154666,0.002155814701693126,0.002519034029603573,0.001985543827403513,0.0021699134699321304,0.0017414222568517546,0.0019997665855698288,0.002175867638135723,0.0018321816956917841
154668,0.0027664821551367513,0.0018765740013120813,0.0020187139256364617,0.0020802842832252783,0.002005548110748434,0.0018008115631984595,0.0019186756302917024,0.0018307363410210442
154670,0.0021680133559261044,0.0022841798406658814,0.0025050406954081478,0.0017940638166992345,0.0020636138656949243,0.0020539250685769894,0.002504387782349904,0.0018201430568410282
154672,0.0023809614498820353,0.002241676134398088,0.00218544143865268,0.0019213157745823772,0.0019383567780363459,0.001714391591871714,0.0017605072564608748,0.0020239870831755824
154674,0.002157439177391876,0.002012640348209374,0.0020162401725087875,0.0017522623482492256,0.0017380678534815175,0.0017473156604112111,0.0021581455566634933,0.001961309319131313
154676,0.001809194812668738,0.0014567704926654046,0.0019982895354111463,0.0019790059541200528,0.0015895103688624707,0.0014235349778962125,0.0017148380101122407,0.0016626872939446008
154678,0.002124487561128721,0.0019859910481112714,0.0016997777860199847,0.0018297189086560195,0.0017599374064675294,0.0015184824217365916,0.0016013511528800844,0.0018838892577545258
154680,0.0018914880081277868,0.0017599711635236798,0.002144367347240231,0.0019459793582066731,0.0017791758021457604,0.0019167493113353556,0.0017711054700987466,0.001614168185244902
154682,0.0022709100287132827,0.002425001403195806,0.0023221038970931,0.0021042351761915157,0.0016440974445147832,0.001933821863422891,0.0020940913159572805,0.0018591066713311566
154684,0.0018307937234498528,0.0017960923049216287,0.0016792388869364544,0.0013657771293278942,0.0012868221188955808,0.001602913834865008,0.0014626854348122192,0.0015359099662784481
154686,0.0018827672842531978,0.0017529838045163282,0.0017687016407643696,0.0015094998063860943,0.0016108170209418043,0.0017158995279680789,0.001600881602578319,0.001484853692366228
154688,0.0021816650071860982,0.0017190424954939415,0.002108272762137098,0.0022010156806310383,0.0019552223015889686,0.0017837698987149958,0.0021583546200298898,0.001769729548976251
154690,0.0021433172459806166,0.00207172279993241,0.001985073752135469,0.0019247650255838217,0.00180696098647104,0.0021492669602319325,0.001758335256474064,0.0019493921125585262
154692,0.0026516242203625945,0.002685997238319207,0.0027861242638108075,0.002355008432930475,0.0023726658921754407,0.0022952579096840453,0.0029428331292260523,0.0023631680555663698
154694,0.0016631706833722948,0.0018973647278370948,0.0020360972046884612,0.0016566497926598367,0.0015840100061739748,0.0013691701298757103,0.0016634073905552743,0.0013774170541603348
154696,0.0027640068058177314,0.002868793706917394,0.0026377409174482974,0.0026492364769273302,0.00301899186229361,0.00238125230020364,0.002397994394587377,0.002578798536365459
154698,0.0027579574859309397,0.0027776196235083095,0.002581618047129211,0.002181447510150092,0.002400211369731467,0.0026230304560073137,0.0021839711423352615,0.0024295159889256013
154700,0.0018117116175409564,0.0017196702600200814,0.0017218219639510007,0.0016520084212428565,0.0014749031966943132,0.001545187423721353,0.0014660848424377093,0.0016244846004927066
154702,0.003037744056720429,0.002714706862187777,0.0028963396846486966,0.002598022475165662,0.0022284746208601214,0.0028069871921882067,0.00239499590171334,0.0028475615665435328
154704,0.001910749478885157,0.0018061550443433522,0.0015616686877051311,0.0016273104018688228,0.001613868559979928,0.001734811331645783,0.0017236768089127358,0.002008475727173234
154706,0.0014593474660726802,0.001580404176420705,0.0013249818050947854,0.001482404885553082,0.0013370312497651415,0.0015990452045505088,0.0014133607852893082,0.0015423197625402812
154708,0.0026672379141254865,0.002935606822012604,0.003088502173569388,0.0028086741664728465,0.002866797948764044,0.0024269731502837844,0.002340198947383257,0.002727351913602627
154710,0.002481967658596318,0.0023532862523679837,0.002138536744092312,0.002341386342286658,0.0020343735691241843,0.0018527898588180935,0.002226449188558244,0.0017255230581201264
154712,0.0022145378672156074,0.002491125382212425,0.002176178003535034,0.0024062236994449315,0.0022529941533700054,0.0018893920826579397,0.0020063973702506704,0.0019844487311907605
154714,0.00178961311969629,0.0019445025983364506,0.0019548819955850782,0.0016704637566375968,0.001564312624769082,0.0014915486230998726,0.0017983810164606956,0.00164645891849792
154716,0.002194265579149604,0.002090429433832322,0.0020025542793656315,0.0021634580028882106,0.0018867587608962927,0.0023945992097380714,0.0021431903129249946,0.0021146694096627616
154718,0.002546016065214776,0.0022799973868906087,0.002320795416516086,0.0024706931850782127,0.0021574301796756373,0.0023307653038669024,0.0023421164476472023,0.002004906530173392
154720,0.0021979865277934607,0.002158649195035958,0.0024734326013847174,0.002366974401457833,0.0017830012353101665,0.001967031057543714,0.002090315317776481,0.001909957179947741
154722,0.002174022238026263,0.0018756026345281285,0.0019841818908372805,0.0020287096770408436,0.002256529888994621,0.0017800608896335057,0.001963178665822088,0.001989938533260238
154724,0.0029099019877368293,0.002448977397023988,0.0026005067125814407,0.002377199448848677,0.0023481130202390177,0.0022339619737757332,0.0023391581518972387,0.0024594347704811614
154726,0.002398261837000329,0.0020332005834636235,0.0027907179714131147,0.002240473039214985,0.0020339730157947905,0.0021872366227994183,0.0020918362125945666,0.002154782897921939
154728,0.002621064514789509,0.0026210130203176973,0.002170240070765994,0.002412140724066314,0.002187243591765378,0.0020917677195521206,0.0022653685903231136,0.0020135934116854437
154730,0.0017002631575274152,0.001584325233564679,0.0015329777097051883,0.0013257553899732738,0.0013622222402174394,0.0015668741543021364,0.0014341045318957413,0.0014005207814972304
154732,0.0024960580373291213,0.0024334367549414537,0.002577201371332785,0.0027313895362690715,0.00234192787126232,0.002285307705168549,0.002349122944422369,0.0029593203580658006
154734,0.0015563804678644377,0.0016747388333660518,0.0017946498960613178,0.001502519749254097,0.001538875128748174,0.001522485832808687,0.001548337422108484,0.0013323848495630508
154736,0.0020479221133967856,0.002025389099929109,0.00198654259005121,0.0017906887027636792,0.0016864134688810012,0.0016202705962870129,0.0017949080917043503,0.0019793781862385007
154738,0.002415573217951286,0.002239453958864601,0.0021060394386256953,0.002122194522231391,0.0018298243999351899,0.0021300716931743763,0.0019314246017535647,0.002254990226093989
154740,0.0024234540715956238,0.0017220053011079983,0.0020349758174660476,0.0018349888996136432,0.001892659575986555,0.002020003274240248,0.0018669489110361703,0.0018091352345126627
154742,0.0016831947216202625,0.0021501893046969034,0.001760483810456362,0.001734535774320159,0.0016469154519611756,0.0017903989696677614,0.0015349678481775403,0.0014649844429560077
154744,0.0026424879601072565,0.002489819183896458,0.0021417842979334356,0.0025684348695611536,0.0020622775128504994,0.002184509125631298,0.0019278967606375375,0.002149688381467618
154746,0.002182835501361391,0.0022865747923875995,0.0023940020461025308,0.0017762709566996465,0.0018711343633635025,0.0019456796232844575,0.001985861558094229,0.0019637200976958674
154748,0.0016287419639626904,0.0016875258360473655,0.0014673868590603517,0.0017235422542297152,0.00167962726847605,0.0015610304250055496,0.001402564213252036,0.0016334990107447211
154750,0.0027715860120319236,0.002527465294122122,0.00216680314395834,0.0020265474204875233,0.001799515488759021,0.0021768777101916076,0.002461761287186351,0.0026406349572361543
154752,0.0026797377259224625,0.0030298643936257363,0.00261362861770377,0.0025321435859138597,0.002359913805715111,0.002523688046653094,0.0022906830377994597,0.0025002619692762185
154754,0.0021106257002634354,0.002234777980415617,0.002239828064892882,0.0022363434960082224,0.001762328080870748,0.0018792919362307092,0.0020761486682952107,0.0019025729125835
154756,0.002362827608471965,0.002649302053585059,0.002060324353916912,0.0023260081947616,0.002206220666014072,0.002364093543668011,0.0018952551685896962,0.0019842339963125344
154758,0.003380552688617089,0.003253190852683885,0.002788596904777174,0.0032521370449183906,0.003833085618039578,0.0026738122074355802,0.0031718916761305227,0.002941998156204273
154760,0.002611142306983505,0.0027031904430834808,0.0023283897370196677,0.002059894539663043,0.002361750653354436,0.002042861311966959,0.0022797312860678987,0.002355182710471318
154762,0.0017246086281814815,0.0014170813081371691,0.001884378245271004,0.0014485543966774733,0.0014058494853088632,0.0014056807587545794,0.0015330456799402814,0.001406710595348637
154764,0.002604036065312565,0.002600450481236083,0.0025319190160506683,0.00300527867737356,0.0028474057165448485,0.0030353467783084676,0.0029876724216251205,0.0024874731262949368
154766,0.0022085470927070278,0.0021498027250094337,0.0021625885994063787,0.002373015395000247,0.0025138250609164775,0.002376394159720255,0.0020940088073962415,0.0022126631700193494
154768,0.002229219620755396,0.002237349886273346,0.0024202758515801254,0.0020006139537076667,0.002036098213269222,0.001871185607325701,0.0022347184565508216,0.002278757020012359
154770,0.00375594075695497,0.0027423660816051076,0.0026819913895559516,0.002397940397110221,0.0024913287977403886,0.002320706402978212,0.0024514583234292037,0.0021369386892042957
154772,0.0017433420661272653,0.001654997474620501,0.0016042179451481453,0.0014212546952091648,0.001344762075161876,0.0017825825203333784,0.001632584014260599,0.0017109249607552002
154774,0.001964203817954646,0.00184552953170726,0.0018068263863819795,0.0015244310432684927,0.0015048038853746754,0.001677338236355519,0.0018915544358846237,0.0017887092746211725
154776,0.00239622446971538,0.0020363550733017988,0.002044037080637509,0.0018890539927308853,0.002094426822054851,0.002540945257154592,0.0021623949219130717,0.0019670227964931897
154778,0.002213206077500196,0.0019578699905657,0.0017803230636135314,0.0018756510355571465,0.001778977819093308,0.0017414925244294555,0.0016378646502666072,0.0017397216543649924
154780,0.0022370637326744186,0.002534829448052278,0.0019593181776179774,0.0018884216126304754,0.002118067840672491,0.001994599630134042,0.0022281640651381635,0.0023722536353298906
154782,0.0019434507406984047,0.0012583059965547982,0.0015138699402541533,0.0012691658088324065,0.0013651216072703282,0.001478966255057404,0.0014192939631405554,0.0013152748388274432
154784,0.0030175436680219964,0.005147626309753628,0.003125789659264522,0.0028796544475522823,0.004008891640584267,0.002584141395330933,0.0032983237517419384,0.003771241928436933
154786,0.002703558071790027,0.0025892987013615004,0.002888342197810548,0.0026819296538682785,0.00220847881566405,0.0024666189143738443,0.001953269486338949,0.002199361250980761
154788,0.0017845211023282403,0.0018876268354445364,0.0019102749915994033,0.0020204476608456923,0.002010046391106357,0.0017125081434921086,0.001922513203116205,0.0021294201199544838
154790,0.002639433667298796,0.00335534326326882,0.00289404056234234,0.002911347035159176,0.0027466272112408735,0.0027865918809649864,0.002810591923531336,0.0028233227005793893
154792,0.001877361928931745,0.0022892215969259055,0.0020163749984793006,0.0018963497088218123,0.0017650333800534185,0.0015466202020447128,0.0016715099293025532,0.001788043827558386
154794,0.0027671942484787243,0.0028982851300580897,0.0030248573647862487,0.002573932547502489,0.0024794346094885733,0.002987296952801588,0.002828480284132129,0.0025532626063421576
154796,0.0025711584172001395,0.0030511182331008357,0.002319260172245541,0.0027138874412730024,0.0021886961665163046,0.0024025506128602103,0.002200936334888548,0.0021685230016799673
154798,0.0019812395402474814,0.001890924553242579,0.0018946418581577973,0.0018957248673662358,0.0018378525513552818,0.0017679951270832689,0.0018188708651310087,0.0014918522102474463
154800,0.0015744202447332128,0.0013336337102204526,0.0013522677695726598,0.0012501373597137988,0.0012996717473170438,0.0013266727548268964,0.0013059589457107418,0.0013167654586274669
154802,0.0015945772301024924,0.0018626314822193374,0.0015890416668915691,0.0018409406039404802,0.0015733425574041698,0.0012820355056284427,0.0014338201384909155,0.0015384022639786665
154804,0.0020796842008968947,0.0020116240181105582,0.0019485069885707973,0.0018487982948598575,0.0017610868913244815,0.0020648328316515002,0.0018830226897604968,0.0018666508192675124
154806,0.0025709192794459157,0.0024449420773235003,0.002327763862114418,0.0023737231898313255,0.0020437180976387026,0.0020040265673749863,0.00226675535496762,0.0023463247921649
154808,0.0018757936608873038,0.001714925943153714,0.0015980383452012803,0.001565772814217381,0.0013072888380556563,0.0014114897615207789,0.0015312588264654453,0.001524792653650034
154810,0.0030361390605480043,0.0026101182713214044,0.0027210478681500977,0.0024763778227596678,0.0025409486372614115,0.002672915779161622,0.0021865199239417543,0.002528515322206007
154812,0.002157154028125677,0.0017132648526079763,0.0019438205994823932,0.0019011994569985285,0.0017053948174559214,0.0017892377504563073,0.0017146152564970762,0.0016264704564266652
154814,0.0018850448840215805,0.001982968391898654,0.0020155604238745184,0.001688322314186197,0.0019065459530420853,0.0019165441423086294,0.0019283125764209125,0.0015999507550214093
154816,0.002670440307071864,0.0023135388873164603,0.002587323842403469,0.002043399139531346,0.0024511473550890006,0.0022469250637711102,0.0022274333070505664,0.002362550560586707
154818,0.0017901196626743943,0.0019176415491744536,0.0016334029526754584,0.0015939813577061646,0.001579263448449622,0.0019441730820277808,0.0017098126088726517,0.0019712768871150838
154820,0.0018443054510797752,0.0014396923080506469,0.0015857810833797142,0.0013706495987202971,0.001183917598485476,0.0013448850270730284,0.0013770468219193172,0.0012890159992952205
154822,0.0018043231055975273,0.0020170786423761577,0.0018734200748383167,0.001634070599596582,0.001598307306465832,0.00176979066877693,0.002024918689649949,0.001651390104024708
154824,0.0022986101676459314,0.002390287670259783,0.00218199666753649,0.00208776265792765,0.00204529641390451,0.0019993904423054737,0.002036507717696756,0.0019656794500791386
154826,0.002409710866055015,0.002060306430003378,0.002786515974083026,0.00232475178092445,0.0024693290443102006,0.002101925427528073,0.0024587095065993353,0.0022314740210262057
154828,0.0026254601912648057,0.002309161709803234,0.002622748853518486,0.0020876006153267568,0.0020267251886141313,0.0022975261651981965,0.0020583971344412394,0.0021527362786622484
154830,0.0026745708410571556,0.002759012077222525,0.002379825849498085,0.002138810667730043,0.002599319144573009,0.0024642904727373433,0.0024236833155024673,0.0021225758656707866
154832,0.0033092406580604306,0.0034588517654133982,0.003317133351583623,0.0028526974586071674,0.0026078649583867325,0.002649380286448913,0.0027096161132809105,0.002446405965700116
154834,0.0021290398810658306,0.0021332329791584753,0.0020655113568125577,0.0017308684175945666,0.0014837614809177918,0.0014804568700697018,0.0016617085772019508,0.0015932312463929343
154836,0.0013848845521398229,0.0015166071655930424,0.0015811788149645012,0.0013887848251039614,0.0014889048373062513,0.0012498602443180573,0.0012828423508750575,0.0012297987023266593
154838,0.0017913707242078747,0.002085049273887765,0.0018450596927449686,0.0015365874656017575,0.001653830434675277,0.001755317623018407,0.0017094839026544767,0.0015015483763401033
154840,0.0026182719562692913,0.0021892713353288823,0.0023118186852149614,0.002235644159940764,0.0023331827488442536,0.0021850663302692835,0.0022535504746584167,0.0017075615890180945
154842,0.0023391822951528973,0.002190227677133727,0.0023089182570130845,0.001998274214791762,0.001915940767640345,0.00207087270834988,0.0021558302688438197,0.0019749666880040095
154844,0.0020829636222114006,0.002397586144957234,0.002126464021196331,0.001982210350880434,0.0018522315567322117,0.001801286801990154,0.002182566430461566,0.0020564370297460194
154846,0.0024477832975575847,0.002366808749909702,0.0029317501035586307,0.002369187873611525,0.0023527043816213983,0.002266577995673702,0.002459439204415048,0.002241185475234053
154848,0.0015074799675565687,0.0014511050801877534,0.0013813807402685563,0.0013002342577964066,0.0012554823059653941,0.0012990328250657296,0.0012892254581258755,0.0012903787226017371
154850,0.0020354635291666145,0.001829168554840624,0.002226465008679082,0.0019342707577509888,0.0017087098581285987,0.0020636152195257496,0.001793467420636699,0.0017553566424016176
154852,0.0026180752405622343,0.002610415182920045,0.002433730425243766,0.002075954487973944,0.0021195895351378002,0.0018120271736861288,0.0022171409032912953,0.0022678047545030555
154854,0.0018559915373157626,0.001866859738541407,0.0018040518918040066,0.0021629728618220018,0.0018053344031963153,0.0016218148756763778,0.0018705658925191049,0.0020039348462064788
154856,0.0017311951432577022,0.0014954374478427651,0.0016753859029494667,0.0015009306034045183,0.0013234526595612556,0.0014575548941317962,0.0016556965016017444,0.0014374570237302292
154858,0.0023845306838785607,0.002267763951809401,0.001975303439449863,0.001958754270651855,0.0019172200347133406,0.0015762137592028602,0.001676068175246584,0.0018116120407027925
154860,0.002232747572636376,0.0018655047075451098,0.0016335188851806515,0.0014987059426905397,0.001814043258392184,0.0017750430723408872,0.0016533441632873291,0.0015690980649203518
154862,0.0022656870475823987,0.0025180693452045433,0.0020966655807939105,0.0017004634702693644,0.0017706310946830062,0.001729176695267079,0.0016357287124258435,0.0016554858079404072
154864,0.0022655352633798587,0.0020659739283675066,0.002045590920693799,0.001963543133700632,0.001891437783037242,0.0016627076489648118,0.0018446903926636754,0.0017436830338033588
154866,0.002630541228722097,0.0025201881544525406,0.0025145202997794436,0.0024431007722471865,0.002320328114486847,0.0027907411934872256,0.0023553197506596124,0.0020919749059206266
154868,0.0032298961950067012,0.0024498439373537573,0.0025848682603433204,0.0025772895013647656,0.002449544502682921,0.0027467115538557657,0.0024244624590261665,0.0025405129975781954
154870,0.0016117261971738822,0.0017090991686031232,0.001707946457890977,0.0014570301351836262,0.001634727839516792,0.0014495115974180184,0.0014752757687548496,0.0015342437202559567
154872,0.0019400202216342116,0.0022591404830851897,0.002088017649459331,0.0017386117842184273,0.001717855864144538,0.0016854534864847587,0.001776135934578385,0.0018913775138088007
154874,0.0028874189058975125,0.002561043894787396,0.002932522293462983,0.0026570323556553976,0.0024106146945897106,0.002403186826958559,0.002327855167743531,0.002402123352165886
154876,0.002103245177410576,0.0021204711812120025,0.0021572696082026305,0.0020178403087501295,0.0019095534409832582,0.0016345802351783179,0.0019841974892199077,0.0017599502216081309
154878,0.002731802302547451,0.0026534856798115514,0.0027396675561954797,0.0024278387261142953,0.002661277425826239,0.002270897246914663,0.0023919475410961177,0.0024088671774941256
154880,0.002904544578133328,0.0025563137298263566,0.0026946602748358917,0.002253680634751787,0.002463964637823557,0.0022114636823167277,0.0030347388846858753,0.0023807269647446866
154882,0.0020650024524917487,0.0019972978130083363,0.0018308616271523054,0.0019353630663783289,0.0017045128062243564,0.001920245721182337,0.0017558586264199705,0.001821864385394889
154884,0.0025586298374948857,0.0018012475916263093,0.0020748048685593212,0.0019004127135041765,0.0019152699917705102,0.0017914319012240498,0.0018456076306289232,0.0015378169825969318
154886,0.00225523789552895,0.0021443849431115325,0.0024831500174991167,0.0024741856047394983,0.00201537010141474,0.0024526322867669675,0.002152438305075499,0.0021577641459496477
154888,0.0018956084103793902,0.0016942929963550402,0.0019741168245688417,0.001637528161160029,0.0017136435782716952,0.001547104291896917,0.0017336592876296408,0.001644416479918212
154890,0.0020068025420428987,0.0019024965423223433,0.0020485789700564055,0.002095457034598583,0.0017297626149904155,0.0017003144635013984,0.0016390191067297,0.001704231053725247
154892,0.0020450140577395054,0.0017259594705088532,0.0019268984624079,0.001639734965378517,0.0018166234501182377,0.001701708930528248,0.002101563704595258,0.0016178284900029288
154894,0.0024204243029581907,0.002761023990184866,0.002537211237625181,0.002258178416500778,0.002336199204791903,0.0025029495112258715,0.002374989861475607,0.002315397036966607
154896,0.0026417189558676363,0.0026291871295064523,0.003272565351543355,0.002297540807349785,0.002479136710556454,0.002169308230077008,0.00253452861470832,0.0025655542624517663
154898,0.002417478120087191,0.0022696238630537935,0.002157450943664499,0.002414233899938459,0.0020088811087522057,0.0022846153549673787,0.0021715703292635724,0.0018644223237797158
154900,0.0015101888284921317,0.0014125175231578663,0.001643622272085532,0.0013698594381389567,0.001318685722569768,0.0013918910355962405,0.0014430725482273005,0.0010823049662823103
154902,0.0017060859420248292,0.00180297356772198,0.0017720001525872164,0.0016226269072220495,0.001627891428357453,0.0014700206207009098,0.0014910333150874866,0.0014336700533414959
154904,0.0021556777131905847,0.0020008565679596885,0.0019757839476997052,0.0023161155493531954,0.0017330283543695035,0.002009252800129424,0.0020683268687110706,0.0019763549376685674
154906,0.0014727213619315643,0.001562867549158034,0.0014846274668314785,0.0014123097569210957,0.0015568166946531292,0.0011773096713470071,0.0013790564617425366,0.0011427035768622057
154908,0.0024761357192215755,0.002401094795745476,0.002144113077708676,0.0019442456849177447,0.0021353264272029465,0.0022031242844635646,0.0022154008171269,0.0023567084565565555
154910,0.0035242364662196324,0.0031389235884260597,0.002998478260621218,0.004083877680571613,0.0036854347302639617,0.00360697472231003,0.002734151769989826,0.002826886800594508
154912,0.0019583744211879722,0.0020366654114162414,0.001976189328836364,0.002034728454682458,0.0019170148404943493,0.001805252729212406,0.002005290865648837,0.001990532838945569
154914,0.0020733251218674337,0.002205476370420456,0.0018218720177722858,0.001915477701253998,0.00213749599425396,0.0015447677638925073,0.0020095974719112064,0.0019704903260340384
154916,0.002528577888736061,0.0034727311037499597,0.003631243095796821,0.0033389909188333983,0.0030042776645649583,0.0028336612149241353,0.002710017922461283,0.0033597411814079714
154918,0.002477863700389174,0.0021133943742462358,0.001986812245887093,0.0018049564391059564,0.0019351215062357596,0.0017530833166218424,0.0015906723229358044,0.0018104823207052562
154920,0.0028894811010732463,0.002870445660006063,0.003309342237537219,0.0028724462810730267,0.002599740042958709,0.003279105558934417,0.002579801651492686,0.0026975493763217173
154922,0.0027512089673251694,0.002630710133491934,0.002530766705697865,0.0022434505040518915,0.002707776549073282,0.002382498067632355,0.002959178906960569,0.002152233330579692
154924,0.0021705885646433054,0.0023179087309286445,0.0021545560241537226,0.001938942674996183,0.0015954705034859767,0.0020160708936783345,0.002153345771463991,0.0020423464513437267
154926,0.0020939556209210175,0.001959632483795881,0.002340237152729921,0.0020455888988357845,0.0016133636600517698,0.0019854060524038403,0.001755926999199034,0.0017114390449644024
154928,0.0019735977926678278,0.0018327497265949177,0.002013109330207874,0.0014849360909733461,0.0016234127246696067,0.001710669180239821,0.0015325766284866038,0.001716515605766633
154930,0.0022109441104074673,0.002318038225496366,0.0020120781766559542,0.00224882340278848,0.0020829745035294694,0.0021060397805448133,0.002243075037011766,0.0019392635452242374
154932,0.0019787275487046646,0.0023894681484968316,0.001780872622791918,0.001923430634702905,0.0018914653257462583,0.0019141690261582078,0.001825959542161082,0.0015323252137849352
154934,0.0016885329439691454,0.0019973940439208665,0.0015950015186490113,0.002029724271541744,0.0016646683907384219,0.0016392806349425776,0.0016769156428123738,0.0018619977536795673
154936,0.0021405607473097416,0.002125880674107697,0.002331273586447802,0.0021214772363276624,0.00237515325730997,0.0019960756490775694,0.0019088593702099588,0.0024141108975528486
154938,0.0017282637755080543,0.001790850761746468,0.0017923916341096163,0.0015282669360217604,0.0015020227620985427,0.0014300630408304316,0.0015966965577982606,0.0016802554301955652
154940,0.0016077456649905703,0.001664406060914017,0.0017425050323558455,0.0015060564758526684,0.0015501089823760084,0.0014081786102862481,0.00162216595085031,0.0014898611844258586
154942,0.0029817218612761126,0.002735632000965049,0.0021437918985352106,0.002044406620044237,0.0017081429116801022,0.0023077301767813196,0.002591654734019677,0.0026755292080650334
154944,0.0016097042274782064,0.0018803291958276042,0.0018313156260392344,0.0017329170068815097,0.0016224042235070263,0.0018343417026223108,0.001768852674413568,0.001495365994798617
154946,0.0018961073515489368,0.0019077290081829373,0.0017469671752961546,0.0017055474313165814,0.00174227209215784,0.0017992550657156686,0.0018391729006431157,0.001559469174616926
154948,0.0018801550609472972,0.0019601787043326824,0.0017951236898242767,0.001628233840687568,0.0016389084084539457,0.0015298827238672263,0.001918121845023768,0.0016662400666173222
154950,0.002133446682709206,0.0023186244040421244,0.0020422191772954262,0.0019879259323264536,0.0019113582245475769,0.0018327841748711493,0.0019118735681771803,0.0018666897694319534
154952,0.0023094402641785777,0.002092617657860188,0.0022067421326417286,0.0019100073247015903,0.0019297766308534886,0.0021555801634254856,0.002128126896323801,0.0022075871093618776
154954,0.0026831131735625124,0.0026531728966961016,0.003135390646497385,0.0026461043156622566,0.0023346210733877215,0.0025106123715104567,0.0023397952873045608,0.002082831348461378
154956,0.0027198047201482667,0.0025249806346823306,0.0026475202678071796,0.002513013385657681,0.0023591465524508554,0.0022902569291751718,0.0023960844211239896,0.0023687635899733023
154958,0.0026379735761716955,0.002990098062454774,0.0032255913197554303,0.0027550635810167368,0.002566615569242328,0.002285885456233816,0.0022329750056505754,0.002749720620549581
154960,0.0030232725732708965,0.002529002387491333,0.0023728854625954116,0.0022905767743659627,0.002728012255471049,0.0021936087962605294,0.0021648745794867197,0.0023094442027284945
154962,0.002131121296618646,0.0020540800584395585,0.0020928862388139985,0.0018001549325430966,0.0017543781672263586,0.0016782623302811217,0.0019133378878708474,0.0019039442632895615
154964,0.0039006859334107663,0.0036674900400934934,0.0036594701868539886,0.0037386750549268793,0.0035765246493122405,0.003377627952038123,0.0034927869049418275,0.003652501892376217
154966,0.0022948110316046155,0.002154310834075801,0.002192353783869727,0.002182077063295332,0.0019275552428974496,0.0021275742507145257,0.001803928792152798,0.0015370562540670957
154968,0.002175740092367706,0.002192376459528647,0.002506403846390448,0.002141734645795035,0.0021071121754234895,0.0019527485930981303,0.002022154666814713,0.002042549828689247
154970,0.001961235078514534,0.0017917362250991081,0.0023099508714702482,0.0020298316864009736,0.0018994757851977795,0.001790793378155256,0.002037095821932358,0.0016653040867287278
154972,0.002255047542667976,0.0024042859738147154,0.0027138191294354824,0.0017283848853664324,0.0018733210736654599,0.0020279533432643465,0.001900259086895284,0.0018074104287285758
154974,0.00236829837218977,0.00198782162515522,0.0021487039782961403,0.0020242304400730493,0.001991194723350423,0.0020308519335566905,0.002266919950599855,0.00254062378171499
154976,0.001870043259151244,0.0018694285656511433,0.0017246921700948686,0.0018126513897796098,0.0016531863298159394,0.0016355720233574567,0.001568424647733782,0.001569031070847382
154978,0.002028385516726919,0.0017918917083079577,0.0019773129552904667,0.0017638478744642777,0.0015036052631979407,0.0015695670634772174,0.0016966491114447368,0.0018930057683479995
154980,0.0017073334592245804,0.0015153223513562214,0.0016981415503530273,0.0014494789764862986,0.001464079732458115,0.0012853175644684939,0.0015143010385272465,0.0013742577181724003
154982,0.0022617047515902655,0.002146789355684367,0.0025327056165780487,0.002267595422833557,0.0019363432275772002,0.0021111367719524182,0.0023058303852458023,0.0021703740501612945
154984,0.0015838181568790383,0.00176054820918993,0.0015936253153776697,0.001659581728211068,0.0016524127215583745,0.0015537555801983793,0.001411503757396071,0.0015688097349602637
154986,0.001719019018335391,0.0016680845154335433,0.0016603639952411792,0.0014042813333969978,0.001397333373360024,0.001674552846858468,0.0014731657211359966,0.0015936604121861292
154988,0.0021154122727387037,0.0018490907928168099,0.0017968508358476992,0.00139525061989354,0.0014084942831627117,0.001514897487475686,0.0013348189139685829,0.0016249176545555383
154990,0.002131265757696746,0.002010346700605528,0.002364874282124743,0.0018926926379345677,0.0019141621807529235,0.0018481733302202485,0.0017128510162365274,0.0020042046792029394
154992,0.0034723605454405893,0.003045192775594577,0.002712256342905006,0.003039358513572177,0.0025236128149708353,0.0027135505480464645,0.002582507742613163,0.0021839895963282757
154994,0.0027329266646900496,0.002359244623626522,0.0030555497349343264,0.002571925773138306,0.0025375362502489396,0.0025007232056478146,0.0021120217945470032,0.0022699433292073246
154996,0.003059027939526074,0.0026383287066362865,0.0030186340793332406,0.0027786787524689688,0.002118454642908732,0.0025193720867605074,0.0024776990341455335,0.002634658393133163
154998,0.002069345897877606,0.0022476289876866146,0.0022020207339545905,0.002252566967877026,0.0020326258062497576,0.0021610470421231653,0.0023830210524878326,0.0021208427624570675
