iteration,head_0,head_1,head_2,head_3,head_4,head_5,head_6,head_7
155000,0.0008317663245747259,0.004777959245750252,0.001231699207110637,0.0021644752430508007,0.0009751031974403745,0.0017696154615054471,0.0015160979902867494,0.0034394748963819666
155002,0.004822946289003094,0.022096363393595775,0.0032980460540222994,0.00979952915965776,0.001821287233175331,0.00665656771252543,0.00204603474270848,0.01035228497436208
155004,0.001386843852954081,0.006993465235334506,0.004524318146527984,0.003554618632710685,0.0025047274655028012,0.002108272077936457,0.002189481900866444,0.0029432074101821137
155006,0.0038571055253764502,0.006655342290073918,0.0022940273153886914,0.008080139005646692,0.0013254008474208323,0.004076910096808328,0.005990867092244001,0.009189111879885026
155008,0.002254674290399508,0.028141657631888473,0.0031122584563756522,0.004959045230883641,0.0034543127973050286,0.002943289868365062,0.0025625047936972956,0.003149277204326728
155010,0.00682129743570048,0.016122510587539773,0.00316670192479053,0.008224287240050865,0.0013035443564591992,0.0034386124023302878,0.004205565346865114,0.008511539732780626
155012,0.00295988335886066,0.009082593456245291,0.0035843050494366313,0.004070432350338715,0.0026686441130712724,0.003182555445917723,0.001940688424617712,0.005452904528525926
155014,0.012168181735447092,0.059842886214749536,0.0035806429463356437,0.0348453459692033,0.003993737675496656,0.009611923333521455,0.004525711447414871,0.031905278537430526
155016,0.0029213028731978202,0.018660676192944203,0.0026867850182371728,0.012982456153427302,0.001280803048844828,0.005101609147940833,0.011019633311613097,0.012689161285328376
155018,0.004227271304724722,0.07846001018209847,0.005806685407308498,0.02183574022870971,0.004706336040417369,0.006026570492480288,0.005410000463941744,0.01785026904984144
155020,0.0048415106547184394,0.009284100547035656,0.004512090370811572,0.00749812607318745,0.0020749246693600037,0.0041210085005529695,0.0017365595201410816,0.006984403760853297
155022,0.001170540519633223,0.009479008773806419,0.0015797449204625474,0.0028715782349530983,0.0024524466918376953,0.001732604694716644,0.0016687415595712102,0.002853546328507664
155024,0.0018534896991231897,0.010244821098447154,0.0015944043769682836,0.006859580356792849,0.0018590077278446415,0.0023013682932487983,0.015074017942208473,0.005672635203389176
155026,0.002344520650328974,0.009036138398782478,0.002555416505917521,0.005075880779117414,0.0030461043575158997,0.0022458028281061027,0.0017468588063130341,0.00481351619905368
155028,0.0028327070506778546,0.01709528596340193,0.002693839244816823,0.01224992034129091,0.0022688015186317495,0.0026731438205749303,0.0026597267698603155,0.005595600600656392
155030,0.0022221222124232387,0.011130939672603424,0.0016673932219435361,0.0031787354808941043,0.0008619164180145994,0.0021148811534637546,0.005019620062631847,0.00678585133148385
155032,0.0035558580817640767,0.00954070751767322,0.003727048559137247,0.014534529842400945,0.002118224203281352,0.0019619452063190934,0.010223627634158794,0.004785193680555189
155034,0.0020131029786968485,0.007897367744592876,0.0023687929622318027,0.005604685442111901,0.0016250224731245155,0.0029301951394238857,0.001583807185941366,0.0024001095306536713
155036,0.0027277320770905528,0.007038186893426668,0.0012723622637496185,0.012618500282872758,0.005675592873677582,0.0027673565104126135,0.0026379774028812003,0.011774593652831788
155038,0.0025428407231056216,0.011402814911998294,0.0021129833754778837,0.002635773295327548,0.0031664595914106114,0.002782073880443617,0.002526388895248921,0.007384780103489641
155040,0.0015799948647554768,0.015260750748539387,0.0024505741626539845,0.006216589521664595,0.0009670469546574495,0.0027349680099695295,0.004952194313046443,0.0053956597807633955
155042,0.011183154312471244,0.015311641694169043,0.0076630482260640065,0.009255706628443827,0.002537474323605751,0.0050721254042312425,0.006560120169454786,0.012392529763771754
155044,0.004067568415694334,0.01847657242406897,0.002644332417730766,0.007929580481553566,0.0027784391839428407,0.005483417111201483,0.004588898485735848,0.006122015210681175
155046,0.0023418521543912135,0.010316235403132146,0.0031372165443327577,0.005559498249113837,0.002405694520203616,0.0021701623229613554,0.003633925291539622,0.003304716167464916
155048,0.008162447031884179,0.01674964756372166,0.0054650636544928965,0.012747238581260811,0.0013601768212150867,0.006792530586286427,0.004027245341443886,0.007323525571143519
155050,0.0019452165913602798,0.017678957736194656,0.002480259767951909,0.004577321627668107,0.0027404276741833794,0.003664228999235297,0.0027242746157442183,0.012809522743767454
155052,0.001169892123680294,0.005171255102137673,0.0013800532509007507,0.001734795194802699,0.0015542716272311102,0.0016122969559051598,0.0027890001995140162,0.0019527581410849898
155054,0.001496893387086265,0.019962083453756385,0.004407804275481431,0.008310857296764063,0.0018720616975390764,0.005173701771961581,0.001954590469467457,0.004618567883821145
155056,0.0015196645935660613,0.008582831781295264,0.0012371217699608389,0.003121078141810632,0.0015845538894234679,0.00176535486215329,0.008876725608900848,0.0038284308743696815
155058,0.00208441618938654,0.021469303585618604,0.0033444793443627163,0.011207920742755173,0.00220808773109428,0.0032749091310633194,0.003516294037786985,0.006700055473629618
155060,0.0023559927156098365,0.005396332960527828,0.0015143346708318545,0.0021853167472427604,0.0011787099936150375,0.0018707502171402268,0.0019188619837900434,0.004761540599551639
155062,0.002266613466977374,0.012115843943326043,0.001511040190506352,0.004387903127650583,0.0028426459983821456,0.0030960812309912544,0.0037255840710420096,0.0030739113834132997
155064,0.0025831029776647446,0.006913155457656528,0.0016970235408289014,0.008028023243380256,0.0016014912859913105,0.0025030840753226397,0.004171828589401239,0.006055305827798785
155066,0.002283408266823772,0.008558658380384776,0.0036649677827691463,0.00611635483089229,0.0026608853957661577,0.002298798778034572,0.004051309802800829,0.008425800413948414
155068,0.0013629241005537335,0.0037848161658138313,0.0011845614068244914,0.0021775469337816933,0.0014166496965962866,0.0015963494405002998,0.004842658501493569,0.0018001903375935435
155070,0.004719856954618129,0.011851552603263704,0.0037021809730171246,0.006036766137541838,0.0024088170801326303,0.004430933877621834,0.003823587301811371,0.006724837395750749
155072,0.004432926828113415,0.01065307815313471,0.003281919466967001,0.00910008070268109,0.00176955747889819,0.00431872856326182,0.003669950426141169,0.005631484319806868
155074,0.0011820000310800438,0.01380658084948383,0.0038994254575724363,0.008348334203387486,0.001696288225174536,0.0027994669264520683,0.014478811850580309,0.015153499359108702
155076,0.00334998823254834,0.008317293510662405,0.0026840753856816196,0.003971970022575988,0.004166259722240051,0.0033093983855119746,0.0054474800122881195,0.007797993469043973
155078,0.003144822512988421,0.020516610417589343,0.0034978648487688085,0.00548162969630539,0.004268890764352884,0.0031113657038773918,0.0023589012024978345,0.0055360252486203465
155080,0.004261074443130619,0.011613960916009525,0.0026621361494101464,0.0027745870844415738,0.003523508026206948,0.005228466822890576,0.0018581138221503007,0.003431950290758101
155082,0.001810895738954002,0.007259539682365812,0.0027653117308246294,0.004092992099047343,0.0019049352976181627,0.005071560838321221,0.006605835335458166,0.010072694627270062
155084,0.0017190931572770435,0.013961139879725692,0.0035116512948808604,0.005068825473393768,0.004214201171138576,0.0033570546854457817,0.0025185464295912063,0.002899314463015848
155086,0.006547374122660765,0.03271431680533987,0.0064533421169734595,0.02527011489664588,0.0023782294151715316,0.006578102204813696,0.03279428332317402,0.045543957425115744
155088,0.005831455283234144,0.022820208598880676,0.0032565871442982175,0.010855077794556467,0.0064197058498081105,0.00358178927052534,0.0029049517542676373,0.009816368802537723
155090,0.00562473893468507,0.021272444987428196,0.002567849255580637,0.015016416089341789,0.004036489507254493,0.007880756159874602,0.003305746330877893,0.004024076192126691
155092,0.0029677596278477325,0.010211065737749048,0.002335986019689887,0.004210150937925761,0.0015398666855368504,0.0021065721822763894,0.002956169515430998,0.003906581557871824
155094,0.0016638744732553334,0.013013875121736795,0.0024310296207137455,0.002550676867852167,0.001811474096419921,0.002939279455023716,0.0026671459506972944,0.0033777617528665815
155096,0.006612007387529539,0.018061592359530643,0.003657333222108608,0.0077940621581271685,0.002320893046230177,0.006856326282216552,0.0020453085442002777,0.003036261401423934
155098,0.002314072527172195,0.014679577832328816,0.0027429962408394154,0.006858248770691411,0.0031551105142158115,0.004249630520093695,0.0024511657986870383,0.011131467911597304
155100,0.00242488509771821,0.006922703721907786,0.0019460884779670118,0.0042447467804160866,0.0008637244627726672,0.0014902543361481335,0.0028068214041432477,0.008501075593587482
155102,0.0031005257554262006,0.008083375463388498,0.004607713237376965,0.006613553577455855,0.003951010196069582,0.0017503410610911901,0.009079307595755148,0.014121074231425945
155104,0.0020657155456307863,0.013641351284920944,0.001961092540469167,0.010868518994237242,0.0034080861168064303,0.003241024259482153,0.005714680457183319,0.007924444800390396
155106,0.006262171457432908,0.02276454777177528,0.008061620887019671,0.011997983412137536,0.0031560660263219575,0.007192102319809379,0.00631712603891188,0.028608423997789068
155108,0.0023722242416235467,0.015894018799799348,0.0021195689541508855,0.0030973250613632874,0.0016056676780335094,0.0019949277350655437,0.004983069676724183,0.006383053425554286
155110,0.004381347474782027,0.013935917209274784,0.002580705038227729,0.006160145057457989,0.0019388701711884337,0.0025320513573525716,0.005788061255888266,0.007638405205426191
155112,0.001519178137031632,0.009517122732344285,0.0015662964553558312,0.0027287462353814546,0.0013213815885289165,0.004916076658583235,0.0022260073025620747,0.0024198953969829656
155114,0.003501494083846604,0.014071446976567314,0.0028766006624008633,0.004364775012252409,0.001588755667898456,0.0033456635020572834,0.0017666204148947262,0.004055451826063872
155116,0.00205499188188131,0.006033664870141786,0.0018421878711283868,0.007109579917907505,0.001871465366609995,0.002691519148357635,0.0057591819807909506,0.0031279894446050727
155118,0.0021124895448290104,0.013234848851086112,0.003619100979213044,0.005343300741035506,0.0019256578191031992,0.004207449931137086,0.00154841100922809,0.0034068957460005184
155120,0.002097669726999221,0.008744826926856908,0.0020974909215688703,0.004327473861836462,0.0013495323516687918,0.0023697496545871943,0.0027923665850587143,0.016327527932774366
155122,0.013384745080304905,0.0299768934866409,0.006740350704111331,0.013183848786681773,0.00453066591746959,0.010054695089366739,0.00645330740255684,0.013444232206827833
155124,0.0019163288734192485,0.0065725161899581885,0.0016364058762807915,0.010535187392607392,0.0034043617361207007,0.0028571808229554407,0.004447821158882148,0.006209201676805387
155126,0.008684495422955685,0.025834742635449937,0.0073070120515092984,0.021304479114307107,0.002844953628649019,0.008053060450038174,0.00724066759643649,0.020194630956290816
155128,0.001557133026697466,0.007246718350999493,0.0017381051275719983,0.0021929475759430717,0.00117455697464465,0.0025270922364040715,0.0021819040924367372,0.004234201318487563
155130,0.0026860543870939196,0.011316278140270308,0.004039870955950597,0.008239383383959797,0.0020773730281427177,0.0022342070770747235,0.010208173378353003,0.009768318717056579
155132,0.0021658633729587096,0.013191292536448351,0.005243013144508313,0.001635236372422355,0.0017226991644661016,0.0029355559583388313,0.0033875632572499953,0.002422292246839222
155134,0.0032278860493746425,0.010919668285904793,0.0017395687620831574,0.014875620803056988,0.0013843760926403187,0.0032699165014587472,0.006097896387204038,0.007605812742529139
155136,0.0031970299689004222,0.015142264359738533,0.0026502090888396723,0.005685158099856535,0.001059992417241029,0.0035943792305787176,0.005543474978467522,0.004848762934055506
155138,0.0028724047524200658,0.010846143341378733,0.004707687565812302,0.005526443465576014,0.00287351814361797,0.0029095764493780596,0.0039978237894158775,0.007779687375549571
155140,0.003798137903114951,0.012139313445970468,0.0017424894817908432,0.0021660138613219804,0.0016041901925995111,0.0028369167342390395,0.0034028938505348827,0.005821875727761494
155142,0.003026001557149771,0.010227706638731071,0.002543639163900005,0.007527668540190879,0.0018664435210971053,0.004156669181214989,0.0032181329551354138,0.010941072171473332
155144,0.0011898420448643865,0.005734633947819534,0.0007939980508231727,0.0023776771656298795,0.0019711845953287455,0.0013235575567605573,0.006991740685944103,0.003453479531532244
155146,0.002877795602645117,0.008953021350382784,0.0030167439945622126,0.004644255791445895,0.0018741018672960852,0.0022748243701204013,0.0026758167131030325,0.004980347768071491
155148,0.007943598962436349,0.019101908978724547,0.007143224397410108,0.0228041931306997,0.006054196192677497,0.007696159051406859,0.015367901902053893,0.028083998182385272
155150,0.0012901469580009484,0.0033874930072082116,0.0013683597253139196,0.0016627605118380573,0.0012738964477093107,0.002294631150474624,0.002084958098351866,0.0013592232211408067
155152,0.0018485753327690674,0.006087036532821666,0.001407893724221801,0.0019473005045617248,0.0018097805054823196,0.0029395864529829924,0.0022879904837869725,0.003697075012949691
155154,0.003570697568150774,0.009267570516202861,0.001494316292858025,0.0024825003348997315,0.0012794347324863176,0.0017829077987807779,0.0032915989689908387,0.004592875474683178
155156,0.0013255869288775757,0.003783041121988698,0.0011466634494122219,0.0063319533102266234,0.0010657837185858998,0.0033350644000771368,0.003345119228878715,0.009210913963315415
155158,0.0024766903874016283,0.00542053944670684,0.002452843349573866,0.003652325383657687,0.0020100981670058277,0.004177200852675478,0.0016855902168058656,0.003975615600233573
155160,0.004850645347499738,0.020753270943973945,0.003297382878727065,0.018460011652195796,0.00194563131290805,0.002751739696081279,0.006889290125801972,0.016260281225584317
155162,0.0028004635783677317,0.006298662513173403,0.0038410334320202605,0.007893497513560499,0.0022163098839647066,0.002710951196547795,0.011441794502283165,0.011827064990374225
155164,0.004684059805402596,0.006960114808992002,0.003914736158640297,0.019842821747406703,0.00220451215724915,0.002004607961630933,0.013580019103986984,0.014247695332818333
155166,0.005188212550155891,0.023381215665079447,0.0016094630035292656,0.004758623933728501,0.0054522916462653725,0.0045771462109769345,0.003494331305421705,0.006023988809540859
155168,0.0018257109016206613,0.00973493052237867,0.0014868772821510223,0.0028199626269458933,0.002141855673890705,0.0021178888537182333,0.001669018536802916,0.0017447341457395155
155170,0.0014002790488811812,0.005821912111073857,0.001974528656077404,0.0014803998225339093,0.0012127137470903243,0.0014421154956911902,0.0007454423654375125,0.0019293043684243671
155172,0.007453246521965662,0.029975133977907298,0.006445082719125361,0.016324675777426245,0.005235735840507738,0.0070668085989789575,0.0022872752786035205,0.02550785208427797
155174,0.002340048652017812,0.009867647958719472,0.0024083234478600724,0.005427450009433399,0.0018259827834352788,0.0023653257563014535,0.0015927706192254837,0.0032138422644836795
155176,0.0020443378973347137,0.012430225283930563,0.0028044073746171794,0.008298170162566232,0.00159469980977546,0.002568775470099871,0.001832444809673428,0.0033578499006359785
155178,0.003753566281514742,0.007709917416698353,0.00315993014693651,0.003178151196235268,0.0024594606351518444,0.0037422812541188094,0.0014691103582089582,0.004214401412250768
155180,0.0019205428376415506,0.008789021987514689,0.003580902424894783,0.004450905417702211,0.0013029848955416062,0.003004605599396651,0.003453308774814312,0.006325608827197016
155182,0.008482845400165084,0.0055195874937210565,0.0025961190767344183,0.006332196388976252,0.002439052636961106,0.004749040293209106,0.009603330685594769,0.007804151619675237
155184,0.0018958215391141758,0.009010406488576594,0.0011737402683800746,0.0027299088965505036,0.002327590602024865,0.003368066548227411,0.0015116580125025397,0.003625082693127793
155186,0.0016901480045738992,0.01036003994675655,0.0023095734606394386,0.003717084358964909,0.0032842563456068202,0.0021373065437181454,0.0012744935165465293,0.0015217021672897652
155188,0.006358346841062179,0.016030936301343113,0.0030805411953602757,0.009221850449829871,0.0018658532350293577,0.0029942864918206524,0.0066541157648992155,0.01008687866579927
155190,0.0019165571892965638,0.008492383738652132,0.0026923576081183814,0.00367928906884174,0.002871886867417253,0.0031146813368355813,0.002562582865842669,0.00447078137905349
155192,0.00274397342343137,0.007202789706770796,0.004735572977510039,0.008500517796861118,0.0017764945394961457,0.00252020049746228,0.022270074223772696,0.009688635088760889
155194,0.0018025015859841759,0.003954399697830846,0.001827006819785662,0.003960897022623533,0.0009546792170364062,0.0018782029763464436,0.0059432349510055715,0.004085159525857307
155196,0.002264380380531242,0.009975291572914602,0.0035745051434058622,0.006578652113897798,0.0026809797855603806,0.0037532102434224,0.010986376084860305,0.007842758802124872
155198,0.0024598881609101536,0.021321577898575583,0.0028288587132907633,0.002234825177416258,0.0022276045567350966,0.005059150457831285,0.0007497271741620272,0.001942409675387502
155200,0.005902484792980056,0.13130973770731558,0.007136314425281398,0.04350290710578819,0.0079793355718758,0.012179246615646955,0.028225040660913914,0.030765359968596195
155202,0.0021819263659655364,0.007566832137145818,0.0016727374295142372,0.006386006240640063,0.00124256674835449,0.002360858929157994,0.0029756134419554187,0.008162498190004364
155204,0.009429300750576852,0.024377735816191404,0.004517116499649143,0.016084445778411727,0.001664089651170153,0.005116393720246748,0.0020090200298073096,0.014192464717162956
155206,0.001446325274615648,0.006722934921006507,0.0011285466468058392,0.002041655919404528,0.002049034920168516,0.003303402246081222,0.0009416521094224341,0.0016941234069806216
155208,0.004639905410726064,0.007201514995586189,0.0024499069979731086,0.0032263521890951857,0.0035937525578360607,0.002369282164024225,0.006376315707158575,0.0045531056794223534
155210,0.002849469484300704,0.00657690940411465,0.0029409766272504023,0.0023232328251154982,0.0013240314077883064,0.0016287530894418811,0.0016645987786079314,0.0036479811021230546
155212,0.002607354378240126,0.010783844429576084,0.0024227168966928364,0.0011574556521912194,0.0017458472132503428,0.002936132439110617,0.0007752325657293113,0.00146216146240713
155214,0.002322139800248549,0.006953459259308126,0.0022471662856915625,0.0030042560206789,0.0016990449449281186,0.008858876557490625,0.0018827743965771498,0.001953454548573541
155216,0.0017488943999051237,0.012706923292186367,0.0038202193479142665,0.006996386489035666,0.0027137931245869162,0.004069387605568409,0.002686046664250999,0.004721233969038119
155218,0.007770405787610457,0.022204749151427672,0.006205430754544716,0.013712518274964447,0.0036954203089452214,0.005675735445000163,0.008083162448111247,0.01514595938206581
155220,0.002454898734623401,0.02050100248954667,0.0041552820300232995,0.011576595132079037,0.0021582902385102742,0.00409151076747194,0.0032259027659904543,0.013254961462603687
155222,0.0027506739913974038,0.013203587021584307,0.002345199647880103,0.00922387394597518,0.001791180577574561,0.004722008051931903,0.003551378428030119,0.008602628464169593
155224,0.0022822552437077454,0.00892658874322022,0.00441264925522683,0.005140036268977077,0.0015736768197310291,0.003380640194681428,0.004948435716736421,0.002437314335417773
155226,0.007647628493199721,0.013366563565433476,0.0038236375191330746,0.005455902315996186,0.0015454615658683363,0.005569198706402434,0.0026115017187789413,0.006600063230294495
155228,0.0022495922920607314,0.007633492299877531,0.0038130521906833,0.008567745444750197,0.002315782094114774,0.00214574625428178,0.023672538204051685,0.011002411494425657
155230,0.005023267238751183,0.011323674099532832,0.005918039405376163,0.004870503460896458,0.004779116016699669,0.005198543020350721,0.002900457533542067,0.004916757885933765
155232,0.0033422021107318844,0.010376268963296964,0.002935499039988257,0.007158871054587179,0.0038860209231539877,0.007138880092411037,0.006833348884530466,0.009087159715890414
155234,0.001697705599502053,0.00885951191099027,0.0019091552789530924,0.0055101925065628166,0.0029677174158143083,0.003241898091087561,0.0073976780808424625,0.007657489752288749
155236,0.0019096475343955005,0.004215393981901239,0.002070016350544046,0.003471974202380823,0.001053888162273045,0.0016850243667099196,0.0027657133383090504,0.006400296548463802
155238,0.0010645929334546361,0.004953001784873623,0.0018715710875440023,0.005188357449291081,0.0016439074277188603,0.0041472653007095794,0.0016420184306007585,0.0015083783105471898
155240,0.0034923831359661706,0.018889273269012685,0.006743052197678845,0.0067740822376607945,0.0037501727385685357,0.007374218250545683,0.0017534710976327972,0.014962874146577043
155242,0.009406871582607279,0.02569693129540007,0.003286242534855044,0.005198047739525313,0.007507465714895467,0.014569141504070737,0.004235888642055097,0.0022569755019735127
155244,0.0058969691901623045,0.011019259461168218,0.0038263013525607903,0.010289462436983365,0.003466477729219833,0.003385790317000925,0.0064867206276630895,0.0065341490163400295
155246,0.0020481004793515556,0.007837598550218594,0.0022246249783428595,0.006812889397247668,0.001321439818622372,0.0023538208417544504,0.0036325326534614732,0.008278427520772347
155248,0.004393603341675212,0.01118338910853911,0.0020443527197822053,0.0016955211625111488,0.0022452983018589473,0.008434822165139855,0.001685831573121091,0.002473384060317288
155250,0.004023873908130027,0.009731369940615464,0.0012249113501256043,0.0028771601353022036,0.0011039102729599876,0.0017501069743188769,0.0015323879196976892,0.0011857258852670527
155252,0.001969102484917551,0.01646312211973666,0.0019947640119904464,0.009072693658438491,0.0018512514446747397,0.0033948315641196963,0.0018410799853059295,0.008350643479716757
155254,0.0043233303524914946,0.013437125064790723,0.003452867453930475,0.009911422164488537,0.002078065158201206,0.002847571903684065,0.02366771007636803,0.014048924113851946
155256,0.0026865432656448945,0.00808463753600025,0.0020502327053151803,0.004767207878979607,0.001185092532967738,0.0031160553308907796,0.005841654290264453,0.006597866207090297
155258,0.004135087989741493,0.025238686299417168,0.0034144024280241686,0.019355103458256417,0.002128891026445104,0.0036436065751266344,0.004840039494546922,0.022080781158244855
155260,0.0017184309060498532,0.004465458471132833,0.0012736845152695603,0.0032482105654852433,0.0013800690275269645,0.0036992607138019995,0.0023592927552443937,0.0020790464959446475
155262,0.0038122061638665716,0.026105494936445872,0.002468423898263128,0.003640727945959432,0.006004109209833963,0.004197996474219146,0.0029335399319711103,0.0037576897931969194
155264,0.0008184891707336966,0.006263350699692305,0.0012519016608460026,0.005730069246217051,0.0013779571460481727,0.0015291187163284925,0.0034745350039955825,0.002691301533536708
155266,0.0041164344423264,0.014080666636982153,0.004714026578543695,0.01399797821681098,0.0026374520216370656,0.003917663300951668,0.007525601404419158,0.008671651008811898
155268,0.0026594870061607545,0.00695113833382166,0.0033173710843961146,0.0037211746080735436,0.0018923480947511534,0.0035555088817841446,0.002664235108250035,0.005260181768594663
155270,0.003412142418491984,0.009608408690838566,0.003447319638455029,0.005791124837630557,0.0018376599535279703,0.004857692592377616,0.0045755666040570575,0.01051881312561509
155272,0.001047889564790419,0.005885935430321787,0.002125930485663341,0.002356953330737724,0.0009187581648023892,0.002466668869161026,0.0017749620864587201,0.005443565389768645
155274,0.0027961943624389557,0.011275538328798851,0.00235352733418287,0.004280129525524368,0.0015826661194846686,0.0023981443502292393,0.004018604028747319,0.007197523400884143
155276,0.006567444554665736,0.01021517235706515,0.0032814563736707214,0.00453794259622381,0.0031863356479312627,0.003937604173323506,0.003090149112702001,0.0067240199217943886
155278,0.006051533251402397,0.008059018835715526,0.004624103857623574,0.009513298448129481,0.0015073639691804003,0.0031199385843350275,0.00985350210710495,0.01669259676398216
155280,0.0024884683559812104,0.005826582625446941,0.0015378684057546638,0.004652790890381786,0.002709396992449223,0.0032503820691313218,0.00395528712912091,0.007839271388835556
155282,0.006216278180428747,0.021641733603146918,0.006131526948529364,0.025810553081985432,0.0030268348390806304,0.005067785846304906,0.0029295535092312003,0.013621194474408904
155284,0.002229472203275018,0.00795756734842451,0.003302995017755453,0.005751448513781343,0.0020771757344589248,0.0029433965806693885,0.0071578435484911385,0.00763908633985011
155286,0.0021313245753953325,0.013479607526648785,0.003292271822460613,0.005723028325256563,0.0013241916363300327,0.004758618794112268,0.0025406801135583468,0.0054938638634705605
155288,0.0028567845750288173,0.018048221351607774,0.004600263571324925,0.00547300786037952,0.0022774480112253692,0.003246323777188531,0.00516903398862173,0.011974023217034502
155290,0.0031281998812837802,0.007081627762807463,0.002677052852382511,0.0036711457168797784,0.0014946527104260504,0.003547871648727066,0.000999549460487581,0.0037264795576839177
155292,0.0025044910644718282,0.006897988968444457,0.0015138624031033054,0.006248050411458372,0.0014588027491436173,0.002200936334888548,0.004496448213876791,0.0037939426884825572
155294,0.0028114352960965233,0.006150516480293078,0.0013663455042456918,0.005811955287538473,0.0018181108769250859,0.003008001164307453,0.013263641970028495,0.006806460760675259
155296,0.0046792677915168945,0.013219904624563183,0.00232881290631598,0.005822308923955577,0.002375231689306867,0.004058567801436874,0.0044213850500371965,0.008008994206000486
155298,0.00596570878756314,0.014365617891062499,0.0032609003083812343,0.005494780622652462,0.004998853078888255,0.005521645720831858,0.006071478370373917,0.011673885566128916
155300,0.0034175386029583615,0.019940707306776773,0.0032906731598016936,0.003776224848537846,0.0019593831475522294,0.004465482369320262,0.0037389739105937597,0.004606010040772768
155302,0.008734372106955712,0.012228845389267384,0.002464050070319926,0.007797831618410245,0.0048926167664831155,0.005422218120916478,0.004088680397003941,0.0030570432707988093
155304,0.004512625890786881,0.012095904035358596,0.0041687271528024206,0.006430949200708691,0.0024886289195196754,0.01343440985186023,0.003663750949457756,0.008234620236349466
155306,0.0029603215556412016,0.01256331939691041,0.00390929508670862,0.010411281293754238,0.0017090267855308788,0.0032128079413595995,0.027885679014609588,0.026184466384649774
155308,0.0030461631606724243,0.00770917294745882,0.004371420721477115,0.003301437419106504,0.002529510484031841,0.002930295161018892,0.00213828902197212,0.0029411717869940596
155310,0.0030176210217922605,0.011013192708240693,0.00311074692034069,0.006235228960938477,0.0016408393774386548,0.0022908827341411447,0.0035457386877962294,0.01617212084082298
155312,0.0025331863353762613,0.00555623332026306,0.0037062702737211822,0.002649330048545784,0.0017274436853833564,0.0022349121761786606,0.0008176995135027489,0.002432996098959986
155314,0.0013203607391033684,0.006219543539174532,0.0014031209340983342,0.0013357309673694417,0.0019905973271133193,0.002033324552497287,0.0016372242652276103,0.002223984397534476
155316,0.0054264269202968785,0.030646234556038543,0.008197260771148018,0.005665385159048297,0.004462752415117566,0.008561577022448752,0.005142296023692927,0.005239911555904309
155318,0.0031814337157316658,0.01519681670212325,0.0018179946051129076,0.0031959920368543338,0.0023970046590288258,0.005051758339585044,0.0015839112631228641,0.004514615100163155
155320,0.0018152617006600563,0.005502164978040902,0.0018506940154833368,0.003384495050309022,0.0026290262960779742,0.005263198541229086,0.005208123445744894,0.004177290419683788
155322,0.004131063512609556,0.02738919947296381,0.007500327515869154,0.0051719312810916684,0.004276399495044603,0.004616024372892158,0.001464116508494373,0.010325925553363646
155324,0.0011033726671664384,0.003380505470468656,0.0017182270670824812,0.002137571776819183,0.0019713245224307757,0.002108724358777181,0.002642744192050961,0.0024852150873982404
155326,0.004463956001012015,0.014842217041120487,0.005091692346970655,0.008982373820763334,0.0032064797724795785,0.004255968317128878,0.0040709485931087475,0.005612767291101273
155328,0.0032767035545868683,0.017080563799333426,0.003165040995196114,0.0074608951410601865,0.004099001198052454,0.003667905161094401,0.0016860350110639022,0.008492348035397335
155330,0.0029185410247606486,0.020247134222748153,0.001865146881250071,0.008606912087998408,0.002689516882904988,0.003411611912228274,0.0034337151910569658,0.006960070055171352
155332,0.004862924230943977,0.12969570772283223,0.004122503772672259,0.018349909297854516,0.005050229099339498,0.006923277769605107,0.0033935922947785913,0.01721560250260623
155334,0.0020445282351205935,0.008504900978417718,0.0013339068999394105,0.0032068358617377696,0.001670816099033981,0.001854122299094263,0.0022012991698341366,0.001635902585810936
155336,0.002273413468979746,0.02262349427859278,0.0034767914166181774,0.008412207136279604,0.0025790505265721603,0.002248265898935564,0.006502617838242353,0.0043582238772411075
155338,0.0015159642552809438,0.009568379026996476,0.001901430118693273,0.005445287210492644,0.0019476463974472807,0.0024119416652684245,0.004231761112466481,0.009488865032716787
155340,0.003933868588685885,0.007975660888921932,0.0018647430807483545,0.006540602027023612,0.001462778614286231,0.0029573853246347426,0.004409733636019431,0.00844173882438981
155342,0.0051007470822220236,0.008145262945424891,0.004697485384994815,0.00520763093471871,0.002643178550805425,0.004298050835377376,0.0007431445589672382,0.006122522394706786
155344,0.004993658318810157,0.02050268378014053,0.0031351874772967414,0.006283874293937564,0.0016768445546900268,0.0037704257151442017,0.008703775001336567,0.006071397094073783
155346,0.0072597250484529585,0.014723154913893532,0.0026064543266483137,0.007650704159157196,0.003068272517202042,0.004023639491914699,0.0059363650193946516,0.005358690834000923
155348,0.0034220969385036076,0.010894171171284273,0.00238156098453636,0.005648496497102862,0.0022655068930648725,0.0034846090847528988,0.003135144508062751,0.011649125527555315
155350,0.0011027614605810948,0.0037485855657272277,0.0006299271676553225,0.0010755922244748556,0.0007157290377348691,0.0016110439919023722,0.0007375416641160239,0.001639477322729413
155352,0.0023194951989192886,0.015804224366880115,0.0026185220551246946,0.009734092506881675,0.00103421138521137,0.003622684481997318,0.0018692890816651847,0.006765780575792357
155354,0.0021297481290538656,0.005070186697377688,0.0014965604644028851,0.0016477884838286827,0.0011479194638203266,0.0016991340077066597,0.006339710415091737,0.0046455882176330565
155356,0.0072128750275235465,0.025995866609154428,0.008076384937309777,0.016487397513478053,0.0046624051679234335,0.00422311021066607,0.006217736264546581,0.01948386913540734
155358,0.0017684218382013756,0.006864011680307647,0.0017788386090356184,0.0036683175980474353,0.0020994349863802247,0.0032589953761613805,0.004126267547921225,0.001979600282624505
155360,0.004732107655414097,0.00651694653385082,0.0028818982527465536,0.006812401117729794,0.0022445008493932606,0.002574669695008025,0.004451004831512728,0.012569897563431687
155362,0.005072632691378642,0.02347375589353362,0.005384187160506981,0.017822682302473858,0.0019523591209803653,0.003634077101179592,0.013162764442169683,0.01652159545018983
155364,0.0032542155044475024,0.022268121836616084,0.0031042901463393946,0.004704280499048752,0.00453787233010422,0.003541770878184858,0.002795257951211605,0.008165686464921329
155366,0.003364444054474669,0.011612575091836386,0.0036981868123966977,0.0029566860316201926,0.002098710293751971,0.00427246362590733,0.0019393754295313759,0.0018646176058303987
155368,0.007003138613042248,0.007683729555489016,0.0026662348673409803,0.007973015534802619,0.00194174019118655,0.004450553501734511,0.0070819249564826325,0.005638411653814901
155370,0.007391121355664831,0.039055303453100265,0.006018391280555813,0.014563161738295138,0.0025701811581735345,0.004574830824100096,0.005546875991011613,0.006481702603791328
155372,0.00295028563403589,0.03438733738057054,0.008493040142632857,0.010897023798153216,0.004249678118563915,0.006983603036003816,0.005477399538997896,0.008202415265961216
155374,0.0011536730361059316,0.006149409840332576,0.0009645701169925247,0.001910539094959321,0.0016422998238331404,0.0019507256050493305,0.0018308740603609763,0.002972431187584071
155376,0.010646290481830578,0.00989180218686908,0.004353254518756566,0.021945247185835237,0.0017561093331178862,0.004144319778754346,0.025755305902146697,0.015973086201942266
155378,0.0021896098487792504,0.00609586255394845,0.0028841369298676783,0.002741965392613968,0.0014545708588977746,0.0016927719022109683,0.0020893973929795445,0.003655692842522207
155380,0.004658122568532763,0.0055485186151683075,0.0021688491508787267,0.006937281731271894,0.0016935717635588876,0.0030706034906685803,0.006206088118077213,0.008246613231798428
155382,0.005599657593301721,0.016396733674369557,0.004358000573923881,0.00614744337531925,0.0039895209409559484,0.0026906278723842214,0.009004042518725497,0.005017735749853536
155384,0.001471193209556923,0.021989108984614925,0.002122140635777217,0.005859869330784528,0.0012328499983063068,0.0017581487457649786,0.001291528486298002,0.004730382644080822
155386,0.0036354480229322667,0.012524555266951731,0.003193704884766904,0.005591915018206217,0.0036423280931392604,0.004272200649746483,0.003001983846520284,0.0028437945313331547
155388,0.005651609180219508,0.011236037643225727,0.0026139821057363927,0.005556034500525664,0.004132998389164089,0.003891793441459568,0.001492745597465872,0.00872788643768363
155390,0.002867882721958051,0.01756466402170198,0.002417186897241144,0.004331394773729791,0.004124188789998096,0.002022961524797362,0.0011357415062640541,0.0029564530873608247
155392,0.00507288103785003,0.01669742943481567,0.002838047438759317,0.005342960902510185,0.002925670142552017,0.004697406745314547,0.002412004236174506,0.002948149663861921
155394,0.0022129547685992984,0.02239735921519803,0.0068938671287119835,0.010759382847549626,0.003561768646994215,0.0034311629327779536,0.004454905711389012,0.00814704227430263
155396,0.001492853547338871,0.011823320228828094,0.002000678938225642,0.0035991777889563537,0.002588608741783696,0.003462025380305045,0.0021742609041414257,0.002040986709776149
155398,0.001571805880607402,0.0024983344021983905,0.0010806826867205827,0.00159147592678327,0.0017933834913719388,0.002788475331889209,0.0016022531806960671,0.0015744509905411125
155400,0.003383251168700474,0.01811916136149705,0.0037077835876426907,0.007112016365618479,0.003963983032797602,0.008434207701046859,0.0016594685166276962,0.0025066414567470746
155402,0.0014107136589148889,0.005851217042135426,0.0015582277952803786,0.004285125262852907,0.0013606657017757456,0.0015648460425459754,0.019211754580245932,0.005273437798054781
155404,0.004694291305417986,0.010735375162354066,0.00249164193257162,0.008587389406207235,0.0024148522540384243,0.002963050779848153,0.004409271540461113,0.008938031360039567
155406,0.004601240945838969,0.006711850451026402,0.0018887058953476754,0.004216829835222369,0.0019065052879787547,0.0033870533105324757,0.0006653175307603926,0.002198723270080763
155408,0.0027748111804775655,0.011461684133046157,0.0027550295579198553,0.004595127745159966,0.0016110493748069943,0.002268753609329599,0.0073154111363857854,0.004017589569534019
155410,0.001261519451984508,0.0059329567943727235,0.0027809241291920778,0.003279078253638615,0.0019322465584090814,0.0023748068648137832,0.0030330025570673436,0.00755044907515412
155412,0.004591241661720036,0.013378767082468157,0.00332317114054842,0.0030554591294978395,0.0025021913977423815,0.004483077804302349,0.004630607413568022,0.010006507203248527
155414,0.0023733424193927988,0.006129127031527182,0.0015588248899946061,0.0024939430728068146,0.0016283384655080418,0.0026526083986233573,0.0014027288460083526,0.0040104164477305915
155416,0.0032166077525810355,0.005830560918881567,0.0017234395631549604,0.005505830820172974,0.002185428899690811,0.0031754568731302,0.0031133741613603855,0.006440488610550743
155418,0.006635807923522974,0.015678268545876728,0.004873611288339852,0.006063932445077802,0.0017158578633719307,0.0030554084734074755,0.0020310584313441016,0.00449748944650713
155420,0.0011543574243955274,0.018268011877689228,0.003408113954051828,0.007109886492804529,0.0024625313680220473,0.0029944671040144227,0.0027800983096543247,0.0049750901124321345
155422,0.0032684165587844177,0.01127045813669647,0.005240658010938981,0.00627276857142528,0.001750056480955886,0.0015449121344993794,0.003006927383308336,0.004968641950695629
155424,0.0034672629864579557,0.012696035914676662,0.008190490875286616,0.003256550153858964,0.0023506272203486223,0.0029687541327803046,0.005449903164638725,0.0037059500496459258
155426,0.0024279943846181595,0.009722024675514973,0.0019383735073486563,0.003779583434582179,0.002049996561144296,0.0029596571793200632,0.0013800701346620148,0.004674909190210963
155428,0.0014910137518251432,0.006145251774253291,0.0024450805992110164,0.0036586981577380606,0.002158189860637316,0.003276674126853743,0.0018557241705191019,0.004054724968950707
155430,0.0050086906996727465,0.010559504702833955,0.0028846038971883647,0.006813159987890893,0.0024944636363628675,0.0031363068669998523,0.00494210751675489,0.01337177720811683
155432,0.0022834687916708507,0.028992262246554157,0.0033120528850361652,0.011527623408867704,0.002253071249105912,0.0023745015229865857,0.004481504539462444,0.005782922337047802
155434,0.003098217870926137,0.019053027536913625,0.001835757514499159,0.009571529166634785,0.0016585104702961928,0.002533030340501466,0.002238002962956509,0.008272869694284424
155436,0.003169883305067081,0.007531423463893516,0.0015474682882654633,0.004344847590738665,0.0020190704558083056,0.005853860625502139,0.004245965267404339,0.006477662718268329
155438,0.0023987208656962716,0.009362543217912356,0.001669491277403401,0.0019491450733447047,0.00340152665885185,0.0016292612937252593,0.002431860279950071,0.005513295618882419
155440,0.004861948539108818,0.08949538827787151,0.004929968597199519,0.015245004874614665,0.013339240458694113,0.01121446063379583,0.0036529035556609607,0.023766640388800164
155442,0.0018410528119192637,0.007799783148985995,0.003878624300987857,0.003212739949631782,0.0035878409409970807,0.003337761023996022,0.0014453974524531454,0.005099000824203337
155444,0.0023093349987252237,0.004257268139086001,0.0029976256397115097,0.0027325177081505836,0.0012018055503118519,0.0023696571683108486,0.0012616292753229175,0.0032904705762649145
155446,0.003675315861411621,0.00720079422669162,0.0014887251611278018,0.006215653171748825,0.0026167171126728755,0.002898582358259516,0.0020961330680264872,0.0032296451042924113
155448,0.0012851711906064628,0.009421465583419109,0.0027164711135176933,0.011401144207889902,0.0015547431053528626,0.002534047018445451,0.0036790558761732317,0.007239151182185433
155450,0.002920446399432619,0.01312997772407698,0.0020722783189711796,0.004288984008021579,0.0016381110087424627,0.003454588677273898,0.004480171919845122,0.005022881762357878
155452,0.0022333742736602297,0.004403322863231418,0.0013272399920510325,0.002124752684529843,0.0024909450298695734,0.00537830953852847,0.0014464034802526143,0.00176589240053239
155454,0.001797349557693062,0.00522848083007782,0.003067057641371884,0.003502495385641291,0.001371824366490415,0.0030029526307595727,0.0022802834270168604,0.004497708300556846
155456,0.0016993956815106182,0.008959416633116446,0.0017902211690162262,0.002436386391356807,0.0011691886236375876,0.0020156410376781647,0.0014458965979449179,0.002849414997587188
155458,0.009616601755873866,0.03381256729088378,0.01915258938940867,0.008061129876553663,0.005706906017677815,0.0068683308197763915,0.004619227164372797,0.008236242959904994
155460,0.007452980229228301,0.07627488160102303,0.00975009306691832,0.02412558574868573,0.014215398999226858,0.006826360260252573,0.004526947554999661,0.011835731581878728
155462,0.007017364124473069,0.01226520541650672,0.005437567532729448,0.008235363964800513,0.0068609787230258235,0.01653868854136764,0.003034010805951351,0.015023089072709661
155464,0.0019375210603744947,0.011170458511210235,0.002472865330563692,0.013559833060978799,0.001303063965903531,0.0037468039892918498,0.004707987135907976,0.017581561180751493
155466,0.005606952503857343,0.017632408248169362,0.0035506525157292246,0.007098735944865986,0.0026947805586975543,0.0028878260810594747,0.0031488022437998198,0.0051206410064175145
155468,0.0021214274769705416,0.0094731775350812,0.0025578542937415016,0.0032462736854199647,0.0015404795524318615,0.001157468579665602,0.0020082206315667067,0.005335623245914578
155470,0.007076684227680596,0.043057107846241394,0.004229341960313215,0.016581434989348054,0.0014677393560940666,0.007191334003554317,0.0036748063762975236,0.031652212029044335
155472,0.0022070494418300474,0.008493437018432248,0.002741027574913471,0.0077586370244291936,0.001210871507745459,0.0033954332664666437,0.007966654110902971,0.007925670526109985
155474,0.001720588633816314,0.007314640084839008,0.0016438249596174709,0.00428341060570997,0.0009361621276522542,0.0027741063485220985,0.0036082505654501246,0.005100065995390646
155476,0.002833701669327629,0.013285382291795822,0.004069546352503173,0.012233172977975437,0.002784101259162633,0.003578109289179787,0.0024268656064753286,0.011479192930032911
155478,0.004990191382557241,0.006070720199735702,0.001803814556902275,0.003249795058782992,0.0020668856777931316,0.0030570613964755466,0.0017314936871144632,0.0027166874135094027
155480,0.0028367060170966796,0.009957703468242096,0.005719590627685511,0.00767696759523262,0.0016840877113101366,0.0029574298941997257,0.004465163732079225,0.0057946089174285564
155482,0.003082657988874582,0.008156965964456697,0.003469417416760448,0.005208893444141938,0.003254904504528311,0.0019843209509221027,0.005679021817289964,0.004940539453583748
155484,0.004074079075140569,0.014543982621390228,0.003917614801629776,0.00647757277078137,0.0009579486511952263,0.004438935173578573,0.0027300365825016493,0.00702929637354105
155486,0.0015119555273904184,0.005878207549692371,0.003001866280307519,0.0066781100173268215,0.0015267722335182837,0.001980263662570439,0.003041658756464241,0.0034645908434072364
155488,0.0031833725967767013,0.013090723433215656,0.001808065529922423,0.0060079824772893975,0.001195937413449713,0.0031120601944101822,0.003982951269866641,0.00442727353218203
155490,0.0014535293277675998,0.011405824079261606,0.0011877394216070064,0.004815285253658763,0.0025238766922202616,0.0041262235172325745,0.0017474987925243518,0.007784473551332438
155492,0.0037686924699791846,0.011287403949922004,0.0033191075646322177,0.008505063136582613,0.0031530233721594053,0.003114549525853827,0.002670377549431349,0.006032385930741013
155494,0.0013004889587220902,0.007284306985667899,0.00190682216162813,0.006260106871633975,0.002336222612532579,0.002183332960703846,0.0018581388729930343,0.0033766520222834467
155496,0.0022821249728982723,0.005890393668937455,0.0014427354778412393,0.003923504066582817,0.0018793730072526188,0.0022023151269179864,0.0017164884416898674,0.0037127280520508066
155498,0.0037052493242609175,0.013237907288119521,0.0023945747821701446,0.0022112019617965967,0.0037685987058711096,0.001103318963284805,0.005963942231750119,0.006918988485552724
155500,0.003014496145856485,0.004835652224333631,0.003131187595281762,0.003428252587611702,0.0017378022871557125,0.0030535752527005716,0.000811123495116254,0.0022738628775168662
155502,0.0020186811197469567,0.013035290768375563,0.0015199536001370278,0.0065481024099103835,0.002907220255546017,0.0034245978622282625,0.0029274032901774327,0.006392820560876311
155504,0.0028634168803023385,0.009510186969477141,0.00404251005615941,0.003097989783790847,0.0034734270516343507,0.0032186862420773843,0.0018187027771393027,0.004749657472892521
155506,0.007080834022929139,0.030275500441704573,0.004084161459591229,0.013127884453991934,0.001627062452662864,0.004191121245767704,0.0033795932285946156,0.017181970724014173
155508,0.001525486902833731,0.01872159312723909,0.0021475033117241,0.006111759447420317,0.002555187140196813,0.0029447476286756924,0.001768665920055812,0.005737166414587824
155510,0.0056155831323900784,0.011491721086962281,0.002496649181846569,0.0061451443070661416,0.0012209903025015567,0.002889106247367171,0.0012720029767221558,0.006718805876460232
155512,0.0010293108251396982,0.00384511645471243,0.0009128675918399498,0.0021485592727682606,0.0011471521962863745,0.0016043474602158714,0.0023146252264583667,0.003975045310673275
155514,0.0034326665856457966,0.005161257960569543,0.0016721840998814574,0.0028990264239223823,0.0013824905623494171,0.0019267830140573677,0.0059656857688673015,0.010704990456740726
155516,0.006400053358189217,0.017603005434418728,0.002858378096665115,0.009384235272226482,0.003994697319493534,0.004884473578844251,0.0017673990082749946,0.0061736384197779715
155518,0.0026416618977622708,0.0053538421860857555,0.0021600094852802787,0.0021767536109407737,0.0016584485724779885,0.002329406918223642,0.0009165562420977193,0.0015669915354578207
155520,0.002456019243115018,0.011742546778137353,0.0029794423655555985,0.00795924762306216,0.002157718808079148,0.005770497046973466,0.004919298276960582,0.006082219752146012
155522,0.0032230892934854843,0.009139016975894032,0.004050053194171177,0.007842911880784398,0.0022890052192445914,0.002920580076771151,0.009500142446970727,0.011121413085185772
155524,0.0014177884629769238,0.00748808818657154,0.0018964100572177595,0.005665403104531619,0.0017407330257335346,0.0012545875229901804,0.0040760338590311584,0.004936318337424306
155526,0.005319364254464887,0.010932706909910772,0.002316906256899509,0.005070831830711109,0.0016276602677873925,0.003491948571011108,0.005328816009321502,0.0063590479026987
155528,0.005190023398022936,0.008228910872982775,0.0020072214405628674,0.010941642646714378,0.0020410759089484337,0.0022666233989921403,0.00364892032098775,0.010028237042030208
155530,0.005321982679911186,0.013498056171158623,0.0048282782609812,0.005879014157032181,0.00249406102276252,0.0048305191683120086,0.001842697962319964,0.006722022268547401
155532,0.0035572697174792722,0.01514780981324293,0.003956333057684669,0.006776680080849362,0.0024280241218339743,0.004149825972215082,0.0026869062848157294,0.008492699578405372
155534,0.0035522127638296652,0.012587629429629266,0.00352095885802145,0.007104283749548523,0.002800288126381112,0.005793830806144484,0.0028435267446988988,0.005911696178524883
155536,0.00231039277494606,0.01963904752467216,0.00393034963786093,0.004212667114483759,0.002598496439825182,0.003374028881950167,0.0017101475089004309,0.004543022269448471
155538,0.009699400973230132,0.011881577659952569,0.0020215787732115326,0.007280626900267928,0.0021817189481288524,0.004818694003765833,0.004043666947044999,0.008452562311146716
155540,0.005345318210140171,0.03684704816813622,0.004439893272298656,0.012510311037028155,0.001986975642316813,0.00637603608723053,0.003010587115127805,0.007860747842640736
155542,0.0016419897491681823,0.007992152339391156,0.0021569882764735926,0.002981603878833408,0.0014329899726859413,0.003342429971494046,0.0010968755964393395,0.0029312123741045415
155544,0.004633266510174261,0.02033888674879969,0.0021593253050957717,0.0072647486084440605,0.002216022273210605,0.005351378352559666,0.002330509564799854,0.02192294439247977
155546,0.0009067914483029821,0.007028816640253288,0.001407894562901968,0.004390775975893213,0.0008562145410550039,0.002637509416896444,0.005313428717999058,0.003727482957988651
155548,0.003301074403275331,0.014624593165649069,0.0031756953518962683,0.013381549064141185,0.002538045578637585,0.0036781746915438007,0.008839414653639466,0.009260597249127756
155550,0.002809219886552805,0.00612657479145412,0.0028542763063610505,0.008712290602447048,0.0014114550520494817,0.002459027974053077,0.01326861064677104,0.01626673852053173
155552,0.0026104136602533856,0.014491243773921747,0.0027617342061251465,0.004586492330471481,0.003071535384620072,0.0034106524055922544,0.002757449632256659,0.0044106717545716045
155554,0.0015603634503840724,0.00774593420756059,0.0016985864621180818,0.005655753660743779,0.0011669628208255123,0.002398423477230127,0.001138013501691626,0.0037365301138626017
155556,0.0017046706101009473,0.010115510477505474,0.001569112526383698,0.002462127642839429,0.0008405325559701672,0.0020308959183843456,0.0022086514360730863,0.0026842147335437994
155558,0.004082020028615629,0.041599980045232465,0.0036722477414985466,0.014740667874648727,0.004147359344377544,0.003008705273163992,0.004445218808734275,0.007385383244238819
155560,0.00412164465163839,0.006706560586388299,0.0025746364265902266,0.004464129235169034,0.0021814638655501956,0.007437001090272732,0.0023308563086354983,0.0031859916328680488
155562,0.001908790360687862,0.005306619376188815,0.0018432212389303398,0.0023998792143998943,0.0012467335005417746,0.002180217898884118,0.0009225648176744983,0.0015927385056766635
155564,0.0036603090101474667,0.022254782073988233,0.0023477819625778024,0.008939857223212222,0.004931437664347449,0.014079971742420094,0.0019964451552448997,0.005601635896335333
155566,0.002640940108497039,0.017033109648814992,0.0013811918905481946,0.006791678307339011,0.0015403622912697618,0.0029898385472298394,0.0020227497425074348,0.009882432031309618
155568,0.004593785406284079,0.005932120097932092,0.002163309682560302,0.00488873707110532,0.0014840892456711302,0.0036516049841398696,0.004311523237371384,0.00386945621294911
155570,0.004982410166150197,0.020002762558207543,0.004142459937750198,0.026282638175278095,0.0027756452426042216,0.005677821456955778,0.004936311008848726,0.009761994265375051
155572,0.0055493289179909255,0.029740798253581113,0.009035993918033114,0.012414643439094597,0.0031879356881425874,0.0030012997087602855,0.004890466747864919,0.007407860408680023
155574,0.00452238692522583,0.01041686969798944,0.002080403902280384,0.0036238886462970493,0.002092122464310231,0.0031332487316362845,0.002364715225645908,0.008067668097154146
155576,0.004918272009577729,0.03328907783297641,0.003784342688417777,0.011460128761277277,0.0025377002656760267,0.0032942976375821,0.0033868104922536585,0.015338389523065266
155578,0.001622663822575865,0.005716523495649606,0.001684625270132259,0.0015233493773945256,0.001301964188915164,0.0033019798396181077,0.0020264555207774038,0.0021712543906835524
155580,0.005324272292007104,0.007488260974298555,0.002683003956214028,0.0030893026048686156,0.001920043303352617,0.0036670081682227545,0.0025375298698932097,0.00234073781576033
155582,0.004990190329920097,0.027505801904226246,0.005601780881549168,0.012980853435351714,0.004059065253354754,0.002339256527435829,0.003010480418086728,0.010103659252634012
155584,0.011376653020894745,0.03225265434667812,0.005368177447913958,0.02528362819253971,0.0054033014683301794,0.006941395422123409,0.004636171902833164,0.011421590898464729
155586,0.0027617999859820413,0.023449726318304442,0.002829279175788957,0.004509029008011256,0.00222773959192879,0.004867459001193453,0.0019195768035376037,0.0030609650234332403
155588,0.0022127245022596775,0.007109431658648191,0.0019158827182224614,0.004371677866610801,0.001999579342427893,0.0032286637000000784,0.0027019498323344188,0.0029710616197326095
155590,0.0033141714175278225,0.00729068766375246,0.0014588340519603449,0.007457246631068559,0.0021154102166645594,0.0029789254919854735,0.016600079513306776,0.012856759567452747
155592,0.006753423958309135,0.018708864529210167,0.0045979170835588334,0.009223669296601011,0.004194231000005877,0.007162636265243771,0.007451638546407402,0.012284988687683018
155594,0.003920626059411569,0.013852259472364514,0.005377703048382865,0.004372639518497812,0.002504691296167927,0.0022273109396453578,0.003733810308515287,0.004217322377613408
155596,0.004134406727683226,0.01747755382924354,0.00368836627025472,0.00967881779161317,0.002538096251537836,0.00322119882208273,0.003417297307620873,0.008683184588002213
155598,0.0033751187032863422,0.027534640096195995,0.0031985231341847276,0.012976550015680266,0.00280769579389073,0.008101658333771411,0.00432495400318289,0.02156380354540155
155600,0.001375051080019285,0.0037751132812458565,0.0010219878801992627,0.0019486520285644376,0.0016181048058673403,0.0015716271772953233,0.0017809116107605494,0.0027780574665821206
155602,0.0035271695637186795,0.011542140574639925,0.003252036772107003,0.015076694633160637,0.0019512439246272134,0.001936016370331084,0.0057613714918238745,0.027750566646292052
155604,0.0028565611749953868,0.03151861712378712,0.01001135671528175,0.01286223278908949,0.003121563494981952,0.004253183652647374,0.0016614142895124417,0.008480023914281043
155606,0.0031159717348244187,0.014156700876301331,0.0034987060960389726,0.011900280316368361,0.0017240099703475509,0.0037916424791389347,0.019078545098763167,0.012400938105481318
155608,0.00344767660892821,0.011997621065749309,0.0018568781902306292,0.0037429207452890356,0.004337673495983019,0.004051566838839449,0.001545760631131765,0.0024197125108598727
155610,0.007288350556155843,0.022610070884462097,0.0026008665315942064,0.008209091529111312,0.002066086362073963,0.004406988134647349,0.004368561107508884,0.0034924593086976957
155612,0.006897828080989987,0.016292827782926844,0.0030627126341222777,0.009096599815215323,0.0028784343380073296,0.0061285845777128145,0.0029650533888015,0.006195973271889921
155614,0.0020303818964419046,0.01593845643530245,0.002854873811358738,0.018897777478610545,0.002304728943297585,0.003413567895929115,0.0028366937155843847,0.014287600745694684
155616,0.006215191484388649,0.010756251569504549,0.004880684559672999,0.019485400025666344,0.003728102986792159,0.004033895908374385,0.008566378629792704,0.01014711568212423
155618,0.0020700756728692232,0.0075884152330885635,0.0015323727534988368,0.003692408095445368,0.0010956009755165447,0.0015837315764583165,0.0040260548732726775,0.00464239761983265
155620,0.007135234414834324,0.012979373046390075,0.00372241775866039,0.01476051025623143,0.0015741397031041604,0.006246812545616598,0.0015503178474652324,0.022268713325282796
155622,0.003430164025980967,0.005191083003240671,0.00390490807943783,0.0029122793715155026,0.0018416493937989942,0.004370012961299408,0.007604696470210615,0.0059669380504239755
155624,0.0055318772218342915,0.018679249185823643,0.004626017147658423,0.01030842271279031,0.0024523869192203396,0.003675702515527901,0.0051088235536012605,0.00802405705420256
155626,0.0018908866469855706,0.007627856060150373,0.002307355810520273,0.004869524929309643,0.001482883410546379,0.002270227672992467,0.0018218325839944871,0.005991161202700823
155628,0.0074757712408077825,0.015973406360878295,0.008716285636659826,0.007555384407510746,0.005511141601127756,0.00650340251449727,0.004798498034812804,0.007853050067394618
155630,0.0024443246711059047,0.008642801416249013,0.0035817522606942376,0.007279730544845542,0.0025542893609298845,0.003428127823808469,0.0016292020492625486,0.005252243501773002
155632,0.0023286370904440773,0.005165350328200313,0.0017943772010267645,0.0028386789691870057,0.0010679639677605574,0.0034551229523453048,0.0015191824930132491,0.00162515703028282
155634,0.0018969899049837147,0.005044428776057652,0.0015666570992251133,0.0032859256267416814,0.0014530592552106786,0.0029540480188346013,0.0016216762564559423,0.0021401216092810232
155636,0.004266357850085889,0.01142401483422284,0.002971913297866502,0.01078966813984139,0.00255664825158132,0.003535084389438961,0.006223362240811936,0.005640339715402343
155638,0.0035711187509179926,0.006750143744984671,0.0031918356798327358,0.002909299153287803,0.0013035438184583331,0.0025411375512499057,0.001809522193126023,0.002240518885648024
155640,0.0024933548529994104,0.010139152742258739,0.0037528373344506566,0.01124375811124012,0.0019524440574878593,0.0033547969086476087,0.005925087983361943,0.01352449812361578
155642,0.003576305429815685,0.01906717716063633,0.004635318653631926,0.0044164956641223885,0.004074408168946775,0.006180292820014144,0.002432676014423374,0.010240284795494325
155644,0.002513176233137848,0.01567759312721595,0.0032007285497898247,0.015026647141978211,0.0035392957819936482,0.003248024579552089,0.012181155939352595,0.011217997229380716
155646,0.0013316465805827266,0.004605372940070573,0.0021550018285979022,0.004155410744835442,0.001943674425508704,0.0025977274084272445,0.0026247932951929537,0.0023932700936259016
155648,0.005378005742793457,0.015650196837615704,0.00760556323101369,0.005508183969912039,0.005623451577903893,0.007028113310888706,0.003244962097860571,0.0032084511687968803
155650,0.002818136204102553,0.008947757356381425,0.0016987043781097194,0.0040444098700569975,0.0023275276979862897,0.0042537852185132174,0.002865571791776711,0.007542139968232109
155652,0.00549648953335069,0.021478688773195254,0.0038551179244506045,0.010441712502418321,0.0014164867726207953,0.004104956467023746,0.004785780217600399,0.011490885663925587
155654,0.001705765594840758,0.015917637957231,0.0020910337898827486,0.009573287406112796,0.001784033919162431,0.0029400453640339302,0.002930606126154825,0.013062365663891795
155656,0.002206977337753116,0.0065963993076470495,0.001567737509901912,0.005427811187319387,0.0017524139259596089,0.0019869278182760852,0.007571854508544362,0.0038628773733422883
155658,0.002831025558862388,0.006952840473634092,0.0033326234883457873,0.0027591936672708567,0.002070741836192269,0.002696885767377602,0.0018055370133027854,0.0032853208957137614
155660,0.004786231741602587,0.005737081764288554,0.001943387349253159,0.005439059818536374,0.001515664315787868,0.003490564483555128,0.00631792786897073,0.004510049680417849
155662,0.004451069451084921,0.014063257006494079,0.0031480973948214697,0.006443370950133309,0.002436529083901809,0.004565726164183437,0.004694244341764353,0.017601570139022193
155664,0.0025473764045269714,0.008564529258626996,0.0018039882845189426,0.004520012298803666,0.0018791126818125253,0.0024739224852263764,0.008057865773001771,0.004412458216055626
155666,0.0043193464984983,0.02233263143134323,0.005251869855277258,0.009193846283885643,0.0028995202712991386,0.005719153381518682,0.0021928627934236916,0.005205518133152509
155668,0.00735721818501589,0.023842932714451814,0.003109405256649947,0.011159643076798231,0.003804792841747076,0.007820795643120881,0.0032597338010201954,0.009821656399428003
155670,0.002548887566458116,0.00849480212225201,0.002007703144444109,0.011273611170072917,0.0012361324392865664,0.002449198258067234,0.006572993379506897,0.01620750800076487
155672,0.002472118455290065,0.023335808515426493,0.004690439024934712,0.0038752210576809137,0.0017450852092504437,0.004766877623776589,0.001763343185302857,0.003143894187685403
155674,0.0031175419476858895,0.01120950307944768,0.002347025346993839,0.004712050165459836,0.001960560708118786,0.0019480886721612856,0.0042315662753278915,0.00675622360577699
155676,0.0017830286060702832,0.0037774712070712813,0.00109154203595542,0.004261226185946265,0.0014205806549855288,0.0014861025491720442,0.001530954753950431,0.005673357993565775
155678,0.0024998991201564125,0.005021983078950465,0.0019116491147833786,0.0017446193108208163,0.002675460609949734,0.0018954828744029012,0.005095196485854991,0.0014253816167976302
155680,0.0028680427224215266,0.007635843734649095,0.002004709705955357,0.005708852509096696,0.002551278208011834,0.0023744278227280646,0.003958397204030517,0.004496008574107757
155682,0.005391547181547773,0.030881223162621874,0.004864103712237444,0.004549064541864434,0.004172506189769942,0.004167074422627481,0.0011168906881034446,0.0023168334559615783
155684,0.0036738484773150143,0.00480028187879733,0.0031114363546692753,0.0011883233969837287,0.002556763907774817,0.010866097255895435,0.0007136379409801476,0.0023262823730574866
155686,0.0026938647671820443,0.014758933453533851,0.0033978032591867185,0.006178211324424865,0.0016806179668428373,0.004624278145204386,0.0031340741268504196,0.006360522634751897
155688,0.0015750547334682091,0.0032550209744250935,0.0011429788749706682,0.0025151580913096577,0.00231794854743278,0.002030870736172821,0.0011372470398823276,0.0016327068419319662
155690,0.002710809604729039,0.019590492591135877,0.0020335436072910357,0.006714265392418817,0.0037894525830870496,0.005395587539576363,0.0072377705718898455,0.012512086122129562
155692,0.004656530065739128,0.027216058177955915,0.005627518652622732,0.018259839861457294,0.0027574871914817223,0.004674392651749459,0.0017301744603715058,0.01143725227422282
155694,0.003985403326333348,0.011209487302857646,0.003379221609790553,0.008244597105902196,0.001578782345859564,0.0032013638066131223,0.005695331874575382,0.012381267255534567
155696,0.0010779855052734377,0.008259289345517118,0.0013935835329557111,0.0026844918959989528,0.0026188812118715377,0.0033127098149635104,0.0024373650960749504,0.007098923012973712
155698,0.0034273387235359692,0.0054136420573725474,0.0029733338451857355,0.003109228688833676,0.0017590451498341597,0.003480455418608655,0.001878602095821913,0.005869352220461366
155700,0.002025097056896144,0.005447868252377808,0.0019340295934464624,0.004542394561597496,0.0013623314127306774,0.00156106604416352,0.0020318663918517665,0.004402210528569539
155702,0.002406028905014082,0.007801555924105197,0.0028770134682161302,0.0063824938964356925,0.002393348459681699,0.0019501820193857378,0.009986514826110238,0.00790572845501819
155704,0.002233445047110705,0.005739216271129222,0.0025178016593390695,0.0035107577246597105,0.0013746623814559072,0.0035033415994482203,0.0017557712111072044,0.00264000939484621
155706,0.002279573696244999,0.010403119596749166,0.001725194392455942,0.0028087373440870977,0.0015393439737023673,0.003796800911671172,0.002463946146136209,0.00478479786567565
155708,0.00361562049779085,0.004601858554508453,0.002762334084772236,0.0036642921402166295,0.0018080503231332617,0.0027083197449223745,0.002117145898703987,0.005694090436572319
155710,0.0019079255688348035,0.00623089494554524,0.0039625505619165224,0.005672615001840742,0.0013190769788056778,0.0025789071252302898,0.002934449984254295,0.003241782280420047
155712,0.004034114533625122,0.010778500318976703,0.003019538402363686,0.00479151141007389,0.002565592378134751,0.002123612633932584,0.002391133564048298,0.0029454220558611244
155714,0.003111218170986696,0.006053170131568919,0.0014072236986045206,0.0056694460488749265,0.002019234168940065,0.0025360712309146494,0.0032241066557701092,0.005151287603535559
155716,0.001889327635979987,0.012034248951993343,0.0020550469354765344,0.007055724438973565,0.001714590884057246,0.0038328300733248,0.0015094937274790082,0.006786048960778723
155718,0.002673745172361422,0.01568529600188473,0.002153413882370947,0.0059242885437884585,0.0031465295351918027,0.002971763422908183,0.003019785282747947,0.011027939432062261
155720,0.0023273519306359902,0.005262888285017198,0.003466747514276003,0.004016798115813458,0.001961662063747538,0.0029931132567564966,0.0017574206052020092,0.0017149719160622912
155722,0.0023625342641581254,0.0059881397058925145,0.002634430469614771,0.0037236697551803477,0.001284894759060684,0.0023136446069128014,0.001875457757847046,0.004167456310790962
155724,0.0017684663294022102,0.00549440175988658,0.0012030937281517495,0.0021340833831363093,0.0012354635030154132,0.002041337122263634,0.0045974846352159204,0.0036247067848965836
155726,0.007087625510034334,0.008642820810618235,0.003030862276515181,0.012233123534329593,0.0022345261540976935,0.0025507780897387478,0.0034993045933307543,0.01731773050056007
155728,0.0026567593026373265,0.010090858451432594,0.002872253814267589,0.002867950153030707,0.004156160980536505,0.0020315624643303526,0.0006552534457987674,0.004306516042880182
155730,0.002495267844516924,0.004000345449322096,0.002329225686222236,0.002864073555939331,0.0023254771325738194,0.0020221516514513788,0.009241069733446905,0.002949744184064032
155732,0.0022351999533796324,0.004426714349541838,0.0011111959168932928,0.002109162659028399,0.0014217990993609236,0.0022920147489533665,0.0010572843720930841,0.002966654096324073
155734,0.0033329172624541187,0.01244977036846806,0.001986002337184614,0.005759254354670285,0.003654416295273466,0.0035314802883826962,0.0024549998837051223,0.004968101029035665
155736,0.0020084079449538828,0.005989942133080517,0.00200817188477366,0.009020433592397348,0.0011929146736457952,0.0017931162560063663,0.014260652242641447,0.005678545700348536
155738,0.0019277999287803382,0.007268706710608308,0.006249627660810886,0.0035537547001576186,0.0020584475011562464,0.006141084604856184,0.0016734785958318898,0.0032575536471152328
155740,0.0013872967083046334,0.00935549538963465,0.0032419163325168032,0.003873141621052803,0.0015840295772342472,0.004155251292452589,0.001782373338558907,0.0032401429117867725
155742,0.0016346895822423463,0.007829279226726271,0.002051307670459579,0.005793980526122233,0.0012500153935449815,0.0031902254029443494,0.0041287489610761785,0.00728185518751584
155744,0.0027382840923175777,0.011180166787137458,0.0018376542044942212,0.005338684435909846,0.0020713897955302457,0.0036892151867241735,0.001443301812544831,0.004417674178669451
155746,0.004324910884801136,0.012565116612244742,0.0050161515118967714,0.00559743994523304,0.0025029211824032505,0.0033055017328484926,0.0031297831754107386,0.0023459722083039175
155748,0.001934538808545716,0.016934912609851915,0.002414865800870039,0.005934306651262988,0.0016999154033082164,0.004399525684611272,0.010641404820850797,0.010503349543151907
155750,0.0051388013599904525,0.0038738617552703247,0.001543490392688654,0.0015420298075616845,0.002749982781059812,0.0027896911800247143,0.001781047443145889,0.004036919330046074
155752,0.0023307307728781673,0.020002589744567922,0.0027330972670341347,0.010357567866749184,0.004197829448661372,0.0036705597834307963,0.0019825278147549974,0.015538692778363838
155754,0.003988386879297201,0.01319549618835314,0.0021309359120751936,0.002856798911158101,0.0034141229333024686,0.0034462973877782965,0.002846693313721893,0.003054074680816976
155756,0.0052352301656833355,0.018666644930602994,0.002465257378711852,0.007621222804417904,0.0028650293987217967,0.005642144984123798,0.0019825128864170566,0.003519656993651879
155758,0.0028416502082875272,0.012340879833212748,0.0033542605231807188,0.003139012918429787,0.0023088681359729885,0.001597501681730229,0.0017006957495092068,0.0016625739764828396
155760,0.002031692428344778,0.010526671490249717,0.002179518003409875,0.006165675889868716,0.002017407921618697,0.0022783096174681244,0.0023664691279914885,0.0032873193678196883
155762,0.003374530922340538,0.016450261042326497,0.0019343225313961931,0.007494287870866201,0.0021351133180674275,0.004950627795730578,0.002539470242925168,0.005025323714763497
155764,0.006471310363863836,0.015728977622526452,0.008471180994441774,0.002837265565691638,0.005181069922700898,0.003360039171448115,0.003227507206165825,0.005871659627374515
155766,0.0010700077659495794,0.007170076284575055,0.0016837605701753994,0.0020805323606633147,0.0026417193388100224,0.002640178986140232,0.002619103123572053,0.004314559880130242
155768,0.007539229820992865,0.012204148635375722,0.0038352802397878666,0.00867242115582223,0.0025352889848140464,0.0037930519800922213,0.004533397499323577,0.014836691513884281
155770,0.002084116519823778,0.01156778195308178,0.003764002950824852,0.009143074471289703,0.0016499292521059972,0.002553582997884496,0.003216399856044383,0.00991901321300942
155772,0.0012414450316749481,0.00880580633364847,0.0023556343434805727,0.002227915776811265,0.001241183318170927,0.003434308540404496,0.009211453125197944,0.002980409946504503
155774,0.0042097332596178205,0.00862520307699649,0.005292164969846136,0.022933124180898545,0.0020280331979361105,0.004205431025951223,0.014279673960117256,0.024352582740894357
155776,0.005400309408507609,0.01592781794124698,0.0030001389755887065,0.010843530135007884,0.004389660290865516,0.0025187778841421343,0.0015895825515426787,0.0034109308879494288
155778,0.0013381754437363919,0.013083435949436728,0.004348783242338394,0.0016822646867205165,0.004556274502012292,0.004343784897080705,0.00101420555356814,0.0026480178958685485
155780,0.001953911643753692,0.006696590703803074,0.0017280900166012497,0.0030202483642174927,0.002051575949563303,0.004216146710092572,0.0018489322067156838,0.0031857977645908253
155782,0.002239911987406487,0.01150552673414773,0.0016331563463035104,0.0035654682456896097,0.0024607274314352723,0.0020240802676971814,0.0017813213246543752,0.008073978667384962
155784,0.002211677064321585,0.005194987406017759,0.002414783422075628,0.002933004055906255,0.001486519334446046,0.0017560962197461644,0.0016280952480407507,0.002267102999312043
155786,0.0064702123867741435,0.006911923983459245,0.002275634299270246,0.0031721841533732947,0.0032764357244383646,0.003141285416817574,0.0023128996040090583,0.006479527770199278
155788,0.003511916209088098,0.018596444520938782,0.006324938053234641,0.0034303355186420803,0.005291570944233881,0.003851798533688111,0.0031792248763720665,0.005690573763736717
155790,0.0037746079110228536,0.00489117746276474,0.0018868632947213748,0.0023778035960490135,0.00235310156385915,0.003970681648483243,0.0013601578613440385,0.002503169810567099
155792,0.0033194934631364387,0.015426180753783436,0.004043828981832087,0.014130662626858026,0.0024090624524743115,0.005351477549059069,0.002572724987793387,0.00402620709965934
155794,0.006959441030582936,0.010993052569085116,0.0024483668547112813,0.008041698150159426,0.0014959863678632446,0.0026274373276189422,0.006491956704186785,0.009378079715244292
155796,0.0035311659356832698,0.00614800418890149,0.0025134007173273215,0.004771811036698104,0.002538757297705932,0.004252232313025017,0.0037454587373347975,0.0032083654983617316
155798,0.0024669227213030553,0.007961849474136251,0.003966055742510299,0.0056406832873783785,0.000992685905219448,0.0030143288386046962,0.0049843151873308345,0.009832594915605564
155800,0.0028284489806547214,0.011048858608164958,0.00413378875369208,0.004254652170153028,0.001994237614628469,0.006302042887265158,0.0029187543571629476,0.002631979385520289
155802,0.005200603899724321,0.011716963947891124,0.0023792294406543985,0.011313623160260855,0.0024150459407294017,0.009074131512761596,0.013561098044712061,0.01402509925736567
155804,0.0031637354465901546,0.010332920849496718,0.0038499005977395,0.005257473787363631,0.0027068457598168477,0.007308182690349219,0.0065085443363655515,0.006576405487383141
155806,0.0032333866464304695,0.014280769082614109,0.002423074467529318,0.006044128324660614,0.0027931280719093454,0.00186656809175402,0.01096290734494687,0.01223465468559054
155808,0.006545923697700795,0.03886085165341613,0.00728237399834214,0.010074976923847567,0.0016004493790449659,0.014050084535930873,0.004049521209552653,0.020351078270357315
155810,0.005203163912863795,0.017582679516398025,0.0027532493090307586,0.005221866139317521,0.0021236552086357913,0.004001559446478231,0.0025520504959384432,0.005319743554730361
155812,0.0031567299056975973,0.006050753144910603,0.004186306924921723,0.007851738862943103,0.0015971160663592748,0.002431172523674141,0.005624661823229682,0.004110490912837328
155814,0.002782162695450077,0.011709779245610508,0.0027002464416989724,0.003326913596568684,0.0019082594848066764,0.0029447217529119385,0.005412324277354552,0.009696846138923298
155816,0.002841397614369079,0.0031632024075545773,0.0010418246378356977,0.0038860487904424645,0.0014595546787232738,0.002254952369250121,0.0053929226156595456,0.009244658383611437
155818,0.0022461103733051463,0.017494799291428942,0.0023401823678015493,0.009118008782645015,0.0024864936995359077,0.004481434711658905,0.004505828648370347,0.01067440094364347
155820,0.005009442648088225,0.007527328522744847,0.0032527705838809734,0.0035202776147553877,0.0026844378520574086,0.00781746989959231,0.002368314688486209,0.0026969747597555133
155822,0.005361485855857551,0.003581252869623519,0.0016766685189160274,0.0058397353905661475,0.001350830569961714,0.001687289255188476,0.006139913426930266,0.006437763539063335
155824,0.0030737742418712882,0.038558528064053244,0.00425292418583384,0.009696609896115371,0.0018272561855230962,0.0041837542976317366,0.0014206517025208143,0.00608321456797839
155826,0.003320957849359596,0.007710888289987006,0.002921989109206505,0.003959451044839357,0.002584688712528538,0.004470705656790808,0.003460085800403148,0.00806445218179963
155828,0.0044937038146566355,0.005909640946524297,0.0021424805228962424,0.0038636118354640203,0.0018736432401703085,0.002603647894236852,0.0017795375424885101,0.0039249425325973974
155830,0.004599737024781947,0.018676491768774506,0.005432562508449534,0.012091425472178452,0.0015054981949565033,0.006589687782270426,0.034090638409204566,0.012351199865769102
155832,0.009243985010926048,0.034287170955975776,0.0029245148616070665,0.007129767644326046,0.003633228265497848,0.006351737374107103,0.01760393860551468,0.00887474336559535
155834,0.003973938671052224,0.010070475394154121,0.003399475951994191,0.004932272744501143,0.0012521826935102537,0.0015657471651271543,0.0013109162161162452,0.0027636174642611255
155836,0.003886412003240025,0.009931815960094126,0.0029181212254619227,0.011718457610421007,0.0016261002881457487,0.004026314889027438,0.006793704706520798,0.010558207786495688
155838,0.00401670178667346,0.008960580298268184,0.002058341021913948,0.005486204735785316,0.0009653694107494872,0.0024143166354485684,0.017467303589233873,0.011683198094454339
155840,0.005993761222395699,0.013567720650727644,0.003589597711174411,0.010821604962552023,0.007389781409719076,0.010858718754010122,0.0028858837494310507,0.013709976025622128
155842,0.00324634882321774,0.007159651504196951,0.0029612118313933206,0.0020949127398056794,0.0019303651579105768,0.003282367652880383,0.001527052598305545,0.003396828761210738
155844,0.001516672450661019,0.0067024414537550925,0.0015992594264781085,0.0015340703751951512,0.00228828344015497,0.0019856165346916615,0.001069092565403898,0.001895988287451425
155846,0.004394173270250157,0.0074597367872473175,0.00320440016747138,0.0045215502240916194,0.0010150437841689591,0.0020748581506413594,0.003267927586253841,0.0042264333033017465
155848,0.001580663355569334,0.01128165791197322,0.0034550743403640727,0.003796683385216826,0.0023611188622263413,0.0038829644883122683,0.0027381480263856256,0.005817134363540755
155850,0.0024310527640958313,0.011570307904997856,0.003925471872294972,0.010616069046007814,0.003170780217765304,0.006995930314524834,0.0073779001520648535,0.016697302351648347
155852,0.003945887482632637,0.005124522032842249,0.001422930096380226,0.0012406166730572488,0.0013785014931955303,0.0024216777072681023,0.0022964013589000937,0.0018827120025568522
155854,0.002992872360287349,0.023703462728861036,0.002355856017475025,0.008631261471734542,0.0026426606950755716,0.0033912094533770226,0.0031157721069635103,0.01372906697331816
155856,0.009744006922897397,0.007397284620987377,0.0028680040186582906,0.003553019662854165,0.0021981283472017332,0.003423778215388973,0.005246127523002075,0.008510834499909026
155858,0.004381306048856004,0.011026576506820762,0.0030551486101482173,0.0027024866336318315,0.005431495009620202,0.003833780798119815,0.0009541799629675697,0.002882030644953071
155860,0.001464814485474586,0.007527037639389944,0.002964231494975836,0.008999743162313445,0.0015345904397570664,0.003219617511506359,0.007075625033761634,0.009778683757819595
155862,0.008142036978520117,0.016212084002598326,0.0024901891085132993,0.013536187519429754,0.003278700257630787,0.005748284728325503,0.0023142757493933713,0.008496157721202602
155864,0.001861350953771046,0.004291134145566977,0.001410554434535749,0.0019785939873440683,0.001014780791203665,0.002036704079251772,0.002016811959273959,0.0033931977727931356
155866,0.0014865589766124288,0.007493784784420365,0.0024530477792012034,0.005834260573032657,0.000927873899685714,0.0019260158446197245,0.005324415816856443,0.007527310423172118
155868,0.0037895943062693643,0.013358066439096206,0.005199964532133505,0.006613202154781561,0.0026987405946621856,0.006723288025392071,0.005634326103356513,0.012824707436121019
155870,0.0013311072161664855,0.0055932778846870534,0.0021857538794002457,0.0031154872324451605,0.0017094962247167361,0.003108511251895943,0.0029408497566871805,0.00359626449144225
155872,0.008215990666345319,0.021292327050904447,0.010682469674002881,0.010222124017265133,0.008536198611356127,0.025052459369434565,0.0032243816461075547,0.005939957973528698
155874,0.0023216059489495344,0.00829070201231219,0.003099618509976809,0.006704077486173132,0.0010523992346359728,0.0024874638364402873,0.0026430245676923314,0.005537771609313902
155876,0.0027173247136307865,0.01867663431858091,0.0038529717428137517,0.014190593710555754,0.0023987912929040456,0.004022059251118704,0.005231494966580819,0.0058953627221996485
155878,0.0021606567169763086,0.01551913024305579,0.0025932965886710235,0.004652101777303186,0.002115105586054114,0.003015345434698738,0.002892362599187459,0.006383873715760879
155880,0.0035251326347405243,0.013487194864705787,0.0025138138541992566,0.0028571286520596845,0.0020166396451908875,0.005254833474836795,0.0026535340381104167,0.004057560649589009
155882,0.0036410349994869945,0.009284159414397808,0.0035770121248735465,0.005085196662877545,0.0029657950571117114,0.005360206077420493,0.0012382074495860401,0.0019463649064719452
155884,0.0031582961171539164,0.019100104913022387,0.0025375565173144654,0.005416817667026896,0.0015780041510905646,0.0022477741658386563,0.003028991329617328,0.00403625661723922
155886,0.0029448236393891936,0.02544761457125433,0.00340366057153757,0.017326422502952576,0.006090214280195738,0.0035870680269435434,0.00713762237951171,0.013376505858175902
155888,0.0016878738512261654,0.01321133264440949,0.003187120896133655,0.006929899015422125,0.002360710505829644,0.0031054754205424168,0.006804375917593086,0.014047376958959745
155890,0.0019431397055369587,0.008926853424938097,0.001769364419334521,0.0028961700756564707,0.001830116349357272,0.0021873704288856294,0.0021041405062433155,0.0031192107582465045
155892,0.002661925876173976,0.007445721404357786,0.005038236200889168,0.007471615465015624,0.0026856474083965104,0.0021248351096832124,0.002583580881392336,0.003316850143106953
155894,0.0021470403315362874,0.004215652301354567,0.0013643734968097482,0.0035249592309549715,0.0017626092777602853,0.00241428661620581,0.004280939684302931,0.0036889296394187476
155896,0.0020652157580474673,0.023283955678724766,0.005431646561707082,0.006799359343930611,0.004582385964831737,0.0037268275030533093,0.0022764628577232188,0.0078091876048915765
155898,0.006094965587709,0.005945184566720274,0.002820699772120419,0.00719474119206609,0.0029648432392631735,0.005401758241758481,0.0056554320422024795,0.013396263556579913
155900,0.004332946372276547,0.011647805151543622,0.0025718823205812674,0.006738969578901299,0.003755610175494875,0.004904997674746225,0.0033634384881943286,0.0044861043967375225
155902,0.0013337104399653438,0.007133200491216352,0.001359552588835522,0.002515702538565867,0.005772810981927778,0.002212418550454412,0.0011544629860651412,0.002206520939271664
155904,0.0022021647812595635,0.012352783104832066,0.0016970312139941296,0.00457708169074067,0.00158268746067948,0.0025723591852520183,0.0020607961528811836,0.003569706595484848
155906,0.005660866045567092,0.02473360898253696,0.006624542060224892,0.007234194782307135,0.005487364799359684,0.004490336152544794,0.003973438948819741,0.008264871057515555
155908,0.006237381234612593,0.009828102075248646,0.0028544502570595487,0.007323210598745078,0.002057022259782118,0.0034191651731577816,0.007729726418542748,0.01718939385452445
155910,0.0025325278896655284,0.016787610648055784,0.0031002216661433213,0.0061374920234405494,0.0024488623614935534,0.002754167709539526,0.006021998561589692,0.006556251376543865
155912,0.0014335944495122988,0.006500655754006213,0.0021502483829383273,0.0022338573863746186,0.002865411461426215,0.0025795609768911043,0.00669183587936889,0.003913043223791102
155914,0.0014246781950442156,0.007122171256921439,0.00113223999357559,0.001987818635499572,0.002464195789770099,0.0020513940577906453,0.001594656370808703,0.002900050672509702
155916,0.00416330842304552,0.015920721317713493,0.0018854735228699543,0.0075323532882976,0.0013215335311409504,0.0031263145377452006,0.017098068264804533,0.025985824924044332
155918,0.002135383235149002,0.005894160302873708,0.00261651473871366,0.005582202582035345,0.001804485780359466,0.003945777031180653,0.0026649104574994475,0.0039850599741902415
155920,0.00255125111231215,0.015773554651073107,0.0025747014514255206,0.003924399226325426,0.003412762627814425,0.0022734479279830216,0.0019409142480980718,0.0030473557947056223
155922,0.0015482720453774967,0.007470324910556991,0.0014802794243075207,0.0024727049058759776,0.0038299029874900997,0.004275653099453047,0.0009523300185561613,0.0011962095162193626
155924,0.00736823344312626,0.024543510522719636,0.002611931217851249,0.006263844835203758,0.0033354525159473014,0.0030359099859392225,0.007319080878977202,0.010265807017478201
155926,0.006907027667093724,0.011713941427526686,0.003401044339553183,0.005307894913138489,0.004104753114945403,0.005129626448983571,0.0017642211969095545,0.007094093930133605
155928,0.0009503975709695446,0.005523573649926172,0.0015810312783470781,0.0037363534080028793,0.0010490941407606535,0.005093409702973339,0.004881546565088046,0.008626195361989497
155930,0.002841864683635009,0.00875761802558378,0.004347911665157023,0.002373235344552485,0.0017808465262448975,0.003268951574118009,0.0012198096713247342,0.0049342822495968
155932,0.0026102872804687482,0.013531796470679647,0.0019090338526788764,0.004400849222193415,0.003340115543159619,0.0026970633666687505,0.0029987397825244205,0.003636366757029885
155934,0.004186103495940119,0.010296939816897499,0.0030896359759613606,0.004037309409301637,0.0016823019687476487,0.0055659531640737114,0.0028119149095656853,0.00499022296172319
155936,0.0021688828080962536,0.005185374008612131,0.002034637713952528,0.001659451520047775,0.0018321660689102348,0.001381698657222652,0.0011836732996762245,0.0017069354230869888
155938,0.0035467915546522205,0.01053655937275405,0.0024883873328287454,0.004065874102641642,0.001890283437862697,0.0026783185815782012,0.005090672704179733,0.003978816369259397
155940,0.0021676272584869594,0.006335480187855902,0.0016009629863644875,0.003270472517627479,0.0015613198056266958,0.0022681358021001824,0.0011761370691535517,0.0042826226417518876
155942,0.0009380356717119155,0.004960173343116436,0.0015593873813385534,0.002248528743852063,0.002127291082018923,0.001692109530746555,0.001375639343158111,0.0024808234330543494
155944,0.00133214553555,0.005844523547758662,0.001846214233834298,0.0018776424723734308,0.0009163939560253298,0.0018245051874333923,0.004824922015045141,0.0053961282656525
155946,0.010141760688541446,0.007332834978237612,0.002258733252860648,0.006391417140353184,0.0019542535121278015,0.0046048309335313675,0.006002028739322762,0.006580328571983651
155948,0.005281431044299234,0.013116365918508288,0.0024082163180550037,0.004927765406819384,0.0013121576757493814,0.0043193171186430845,0.001661406697295656,0.0049271712783414134
155950,0.0017955928104052138,0.006125408496726659,0.002728599509338958,0.006852905215559757,0.0012119375690542583,0.0027247984622249533,0.0035122570800672076,0.004614919905421289
155952,0.004633164067070761,0.026637330486068755,0.005346446938858662,0.007970664625091217,0.009836015835867906,0.0037064771113555356,0.0032758570269292436,0.008550933343816292
155954,0.0010087676242891974,0.004871354166527064,0.001569483529970675,0.002899559588332379,0.0012145475198508393,0.0029993673184045694,0.0011889822749702739,0.005164510735957473
155956,0.00240318573122468,0.034794895146036176,0.004589557664358479,0.028808958377430693,0.002013624838875794,0.004598173733079358,0.007203271546625312,0.028470493654929818
155958,0.004813719866750221,0.005677582298352357,0.0019440541607658318,0.003962740042224633,0.0016822310721321815,0.0036482781108306828,0.00279194493767633,0.004337652886489407
155960,0.00244343038081353,0.007728652179489481,0.0013311463599067347,0.0044781025629634374,0.0010385167555035935,0.00398679758205156,0.0040241045501026584,0.0037263940520272515
155962,0.002587588376730246,0.011503619975104462,0.0019328429957759519,0.008080976189406508,0.0018266100353190456,0.002172012334656151,0.00769491852549381,0.008868715168897146
155964,0.0022899199926795927,0.00565248075070196,0.0021426653742839946,0.003318416952454842,0.0012536007283597272,0.001354412525674198,0.002188181367377917,0.003388299191900368
155966,0.007027822245266047,0.012195242851751553,0.0017584596024425303,0.003099526009097145,0.0015533688213893587,0.003347492722184653,0.001501981470525618,0.008030274434859486
155968,0.004306021252566128,0.011725385190434423,0.001945043748996858,0.0038795254641361826,0.002660061073825659,0.004369426871883242,0.0030585095644880683,0.009084590254732072
155970,0.0026254036907747413,0.0030544790292879598,0.0010818790031841274,0.0023840988441148486,0.0007761268141754686,0.0006871502528921526,0.002112998787210399,0.0021632330985870696
155972,0.004286342702111645,0.007258055569371591,0.00443524572208176,0.004581303683861615,0.0014262219565575052,0.004128049073438833,0.002946598040446169,0.005117934010689995
155974,0.0031317575402672326,0.010393829283651679,0.002754347967037829,0.009372237773803749,0.001596582237127997,0.004483623573214912,0.005115397185253612,0.014025919859023128
155976,0.004558488605148847,0.02117755410337452,0.017653839921653258,0.010825378288983112,0.0024253033701848725,0.011449578949140893,0.0027430871614289587,0.005234379522622845
155978,0.001612259859500434,0.012603488384507422,0.0013329707156941595,0.006756003140051314,0.0016275523583946794,0.0025079807900735412,0.0020657944471642736,0.007239002845840725
155980,0.003235463344486003,0.015531334259650587,0.0022581639003188686,0.007109479402986674,0.002296703779745224,0.003482540955512939,0.002853806228131417,0.009242893339663993
155982,0.00292165484098951,0.008602184819641645,0.0031559203672997804,0.005274312170350237,0.002004165987571152,0.003704880619643372,0.0008067856939370267,0.003551917027422802
155984,0.003262820692641333,0.006334365332234748,0.003358738477201806,0.009077007563190742,0.0020825736137339845,0.002436510695452712,0.007684489776510484,0.007348253518159931
155986,0.003577071836229573,0.005343152604964985,0.0017591467087929719,0.0026986105463460697,0.0013263457664569739,0.006261994580669672,0.0015176745350873322,0.002392358590193544
155988,0.001669596306134738,0.003183133409561681,0.0024575776732160964,0.0034993420562036276,0.0014160600179169425,0.0015080721784356405,0.0037070754307757525,0.003812777072153564
155990,0.0039985134918323895,0.014284580080042852,0.0036404874372321233,0.003300469563921604,0.003124149489801775,0.0030343403595183838,0.001566852919989828,0.001540409078230734
155992,0.00443731905069461,0.023919780561385773,0.005970744043231557,0.012160235553305088,0.00247643714549306,0.004510973388432982,0.008815499314956066,0.017147638134816567
155994,0.007424061159677697,0.050948974981995576,0.004671976405132894,0.02511146728751612,0.0021292557810790314,0.009125597189157952,0.012883014254222225,0.014900177136827397
155996,0.0018482585318904676,0.01825317149793193,0.002680200957372314,0.0019881528264834025,0.00477624958254147,0.004384305989425796,0.0018831293832661938,0.0028347757996819573
155998,0.002038097374873607,0.01037478451852586,0.003258144334692459,0.004901452118438121,0.0037912896860699125,0.0023199853844625556,0.0024559321037982557,0.007171783568093781
156000,0.0020675530215816945,0.012268620082587,0.0016422943889715796,0.008332725015891607,0.0015920858976850583,0.0026398451682879825,0.007701757694134281,0.008284299154033059
156002,0.003490129151447141,0.00735119300975523,0.004224579338769852,0.006316324259737771,0.0016152136491603408,0.005280426143397188,0.001744929280406149,0.003762858449230466
156004,0.0016207606783200795,0.007718396957188178,0.0027619452526078114,0.0017024515683448233,0.002527228197022127,0.0037547390443226775,0.0013416753670567605,0.0021993717333673862
156006,0.007080195803066902,0.011010378077112526,0.004403729271205192,0.00930279528123834,0.0019267575046900826,0.0039900677950922,0.015080782396887038,0.022603846829414076
156008,0.0015938558311435203,0.009175175757726528,0.0015349010029335752,0.0023036774710050167,0.0016534014214376752,0.0024327579628791313,0.003782617244634301,0.0022102385993651025
156010,0.0029041803924968607,0.03029436845253386,0.00214130331706143,0.008999340282812851,0.00413408001009774,0.006278564613436066,0.001286081888906887,0.011108680143259664
156012,0.0029463586187796764,0.005499230752251061,0.001336023707236858,0.003049998515958788,0.0014284101952860007,0.0016835740833766183,0.001264356542806988,0.0016051933161689846
156014,0.001125219446001094,0.0066097126708797305,0.0013634286055464045,0.0023650188506261216,0.0018343643589713438,0.00281917573286862,0.00623052208357322,0.006121361149196369
156016,0.0017340259889151444,0.005599656478235071,0.002807231935869639,0.005423094865191713,0.0020715488340086186,0.002030397675376827,0.0025485697264040486,0.003657717126759677
156018,0.006325180997293123,0.019602148973238087,0.0054138130954908825,0.006146027434861034,0.00180023522664019,0.006978363966716972,0.0019352568698317724,0.006356910379563596
156020,0.0025688487285988604,0.0067692607444929664,0.0019179162762592572,0.0044319803935626845,0.0014758229798270822,0.0033710693342132864,0.0020617977632284706,0.0037376970239366702
156022,0.0022259851566853173,0.013140198897517108,0.003200600831576361,0.009549506550911246,0.00236888108009993,0.004242399622800486,0.004563704585404393,0.005356443999142757
156024,0.0020780237222452064,0.01281806798218188,0.002773528735638353,0.004333143529533567,0.0038308312142625867,0.0022463487264892112,0.003531197370323591,0.005168424417662187
156026,0.002438445908527209,0.005862672318281137,0.0025743888104615836,0.013555724439986927,0.0017032192744501629,0.0033595870091396446,0.007938076380276604,0.010670259974228324
156028,0.006510365735224788,0.01172964051998765,0.0026093456190162123,0.005001790808771611,0.002873351600438681,0.006558184423622271,0.0010112569402665056,0.004030585075496029
156030,0.004151696107086489,0.009466811639770312,0.0023541328039755754,0.0058937324496535215,0.0018343710601718133,0.005619436239806541,0.0009195530490565575,0.0073448574192674365
156032,0.002769338919970332,0.007474956999058202,0.0028803565674598297,0.009253378625008468,0.003261528317780718,0.003198456136512276,0.004698826446049298,0.00793264994787718
156034,0.0033131442306478937,0.011626800178696828,0.0026360020419815555,0.007727859648533342,0.00270889440539325,0.0038848106503417412,0.0016402732443738938,0.01480586620815233
156036,0.001977019098787239,0.005282039662234617,0.002049400863573192,0.0028089379377216894,0.001819829019646113,0.002737544152777771,0.0017753139804034396,0.0022328524861170568
156038,0.0024698348136926868,0.004120846839905712,0.001178171348975146,0.001745063733606722,0.0013773741942592205,0.002065809347193817,0.006459521572981741,0.0037729638608375304
156040,0.002263011709832341,0.013805553085956268,0.002691155817695412,0.001923247326924074,0.002710702540493895,0.004616530589127754,0.0008543514397008622,0.003395112438738579
156042,0.003264814013417397,0.021732090829917894,0.004768771859577969,0.005750091369201904,0.004455562157839543,0.003753224393332047,0.005236479841465247,0.007777798812039161
156044,0.0021164065016217176,0.007012803701915482,0.0018357377225624583,0.002133183082125234,0.0038001475059284417,0.0062534049158507465,0.0013432272888875968,0.004341360438630204
156046,0.0018621723317553546,0.004825533754522715,0.0021726474706298404,0.0016959402640531196,0.002051807797333327,0.005828935081025277,0.0013981330887438137,0.0029247529911918257
156048,0.0015302286588279174,0.004544142207951796,0.0011722237715662415,0.0035805849884918417,0.002513088832687471,0.002480453833697563,0.0021781609717011485,0.001670370271850144
156050,0.0027233044466435374,0.008747391088371137,0.0024674852390554336,0.00428393140384925,0.0021488763189215915,0.0041413753031732115,0.0033506860035039665,0.004539504652128434
156052,0.0031219273264765507,0.008634202158372739,0.0018939417482921744,0.008777961382842536,0.00198094605532341,0.004043758861116409,0.003406300421147146,0.01072889316231973
156054,0.0008223992649031425,0.0039745220331793285,0.0013242320338884839,0.0034908105528424493,0.0013210506492975643,0.0016423073722668935,0.00307511150240547,0.0026299011976394504
156056,0.0038337835660497005,0.009258650022277104,0.003461111847173015,0.009284314480537736,0.002669378916659096,0.006167795061937709,0.0017467027982488587,0.0030345328467799165
156058,0.005807790294043436,0.017411732116779044,0.0026722132262337883,0.013868797491698226,0.002321375123043659,0.00662382772571718,0.005881667440027494,0.014213665050651025
156060,0.0022895239011555546,0.0065396873757004315,0.002884677927184179,0.009620332743947524,0.001082691542747885,0.0030032123061910637,0.0039169395730278556,0.018480668198535888
156062,0.0036922835941135546,0.008303911645368922,0.0030189320938709546,0.008316141140685185,0.00178597108591938,0.003197627783018256,0.011658358992421347,0.01954588079658337
156064,0.0009731991354802738,0.006404228765700959,0.001517119328403052,0.003834949876075147,0.002121202022919988,0.0010306678016149817,0.0032005730121054676,0.005732693219863416
156066,0.002520060985809147,0.011106913346488279,0.003098007201057809,0.00821757643245663,0.002151745302435018,0.0017337839989437498,0.010585631465435341,0.013721455531925442
156068,0.0020023399006746795,0.0044352903793921095,0.0014974036521381434,0.002383725245141355,0.00107096456403305,0.0014539185087869555,0.0025073539823145113,0.0038319408072249317
156070,0.0030074842709106875,0.006961568143196928,0.0016909331525584298,0.0030205542385559753,0.0014051277195301637,0.0033213567369755476,0.0014938820015210214,0.004095607484684793
156072,0.0029387519407123724,0.029839209699572544,0.0048938550914536805,0.012694053077177081,0.0046222922719607595,0.004939825161272893,0.0015662657892723808,0.005258928187018341
156074,0.003538166471607221,0.006472765686649007,0.0019309030283354844,0.005225626983929255,0.0019181531707551103,0.002404216196637776,0.007949350649610665,0.010179974424105398
156076,0.0034589087295123916,0.011028615449192536,0.0025191738867826885,0.010144600099920353,0.00147491979260507,0.0021476286460413996,0.009838198738232828,0.013670826922951795
156078,0.003412649462611661,0.016071314128405456,0.0013442383629913707,0.009109005560521466,0.0024719458305290237,0.004750650589929961,0.0041180312010405395,0.007619116848454566
156080,0.002201828095529393,0.008066526460798196,0.002031729705612176,0.001968035400068402,0.0018097589523353858,0.0026466083266788593,0.0018349113448421633,0.0014260235949168504
156082,0.0022554353331916688,0.00791166390450826,0.0019273544027221257,0.004705222864566372,0.002870920699492144,0.0037335690208643163,0.0012113452260481689,0.00233988827020061
156084,0.0036970201974965283,0.012143833710077878,0.00255457592517451,0.005189282704809506,0.004219888127273086,0.003125733841446987,0.0027105776348918115,0.0028235234184565
156086,0.0015561612017434556,0.0028043331982354758,0.0036318797638303923,0.0024578487871136506,0.0013214544440567355,0.0017100359746141797,0.00529640650077795,0.005577125850408982
156088,0.0030240042790730115,0.0035495933052962503,0.003145887205903364,0.0013756777545675392,0.002044066049703433,0.0021136738762384533,0.0007739732549392336,0.0010800755944063156
156090,0.004271775035110892,0.017559798261974402,0.0019296980800809355,0.011137213319978356,0.002422044734950113,0.0038534411689852277,0.005120646337954116,0.008911024479819896
156092,0.0016787885793532187,0.015532450369061535,0.0015828875413783638,0.0036011193012852744,0.002110450793086374,0.003547976826902277,0.0027720704522948975,0.005634602379496423
156094,0.0009655440797243231,0.004383997168137199,0.0016388127946962427,0.0027786410491964647,0.0015443967653076124,0.0013303559853645869,0.0010853013280103796,0.001190152779329337
156096,0.005366109823295995,0.03356879269132662,0.003906175494549302,0.010266527200131215,0.00423858129786453,0.004600817437827809,0.006815407327791567,0.012292655005155029
156098,0.0037887563892429754,0.016525610248791844,0.002936676675972194,0.0041265154642272095,0.003025142163218378,0.0026046410007331128,0.006164337406709741,0.004135259511817646
156100,0.0014786493704736087,0.011458382084961194,0.0013721952760228362,0.0031944539832551855,0.00465049810996826,0.0015909947505454852,0.005601591285877783,0.0028408114491027536
156102,0.0025446936735038644,0.006861183614779387,0.0026125747710283864,0.010014046591423131,0.0015391077885154036,0.0036880943299344437,0.004501367649239418,0.008004803408656835
156104,0.002027931870007396,0.0050153125264964515,0.0014477987859964347,0.0012773930823511415,0.0012723643898593512,0.001737029930627687,0.0013885485496069189,0.0015460752520662369
156106,0.0042473878658464415,0.011282142232263093,0.005770158599291086,0.019614889849801864,0.002004498214090447,0.0037819555851892894,0.02053228834070908,0.024267130615492016
156108,0.004386686152840158,0.005497176707436546,0.0021095376968027907,0.004949312070756884,0.0013377437589005142,0.002237456317527045,0.0036749423258743003,0.004018449112352052
156110,0.00180943820596359,0.008713062551950534,0.0020982212054794364,0.005502560688702696,0.001158393715151862,0.003698469092893855,0.00450398538088953,0.005446341767692042
156112,0.002212360026001614,0.005261613844120883,0.001650952022758459,0.001789939984591149,0.0011856681608574254,0.002329473443643884,0.0014822287573085374,0.0015616036189769616
156114,0.004314258418881833,0.03832938600445446,0.00700776200508596,0.019322022818988538,0.005157465777870185,0.0030947986889309775,0.016842320959998602,0.024280331262894528
156116,0.0020463414360061827,0.008879845423021004,0.0024186911878033707,0.002274742638899166,0.003386465791968052,0.0023092265133703993,0.0017630681867042558,0.0033566376884133775
156118,0.004408941062985727,0.008015611310698612,0.0016751547487592888,0.007009619524060762,0.00158960661280029,0.003338764897366231,0.002862929705138628,0.00611822074178292
156120,0.010582243523034274,0.02548348306419812,0.004150945314443322,0.013975089712783328,0.0025595898204511386,0.005403811909723333,0.004955671104891701,0.018597537781623652
156122,0.0021940697903311546,0.005875017080430089,0.0027661380944388747,0.006628572889773532,0.0011742730482939973,0.0036240918267052558,0.0011610799419771306,0.0035941590178936167
156124,0.0025412584899351387,0.014666655715846133,0.0026382854621012086,0.009055946016449434,0.0019985972924649875,0.0027290155677202194,0.007014629440289577,0.008612975119952404
156126,0.005155163105903304,0.011210006358495728,0.002342203707358159,0.0058680189035875685,0.0027823167496197204,0.0040331567906868315,0.012722568100920706,0.012723897622326286
156128,0.00196734796453768,0.00751100509336583,0.0015229199005448724,0.0035193564275987216,0.0018328894354988634,0.0026938628336652948,0.0015984824562002148,0.0024334165404911318
156130,0.0036751469324691755,0.0048372657373683126,0.0019216724164144439,0.001024567850614,0.00235338311734036,0.003383175763019608,0.0022360478942715645,0.0019701434025956033
156132,0.002623990231143694,0.006051899559466278,0.0018453768594897668,0.0040317620206897775,0.0016049178064948683,0.0047962872717022265,0.007705209155977111,0.0038166425228797346
156134,0.002719530014603247,0.005411390307465125,0.0022038895191380803,0.002823518667655081,0.0008922840952768768,0.0019001726949552933,0.0030124192469545147,0.00408627868598993
156136,0.0033341376604046347,0.011613721642662667,0.0013882387287729309,0.004441923989002616,0.0019643438272881064,0.004346803404564392,0.00659751399110875,0.0052633671860725095
156138,0.004411948468559468,0.0030191531581128667,0.0013978837624700896,0.004615141598189931,0.001895699888825375,0.0018875588581973718,0.007543362941092591,0.008597007048820382
156140,0.0021266251600265407,0.005727196650209487,0.002561337624944607,0.003028757194343479,0.0018110542707389238,0.0020203190616557287,0.003375258947245788,0.004855324944872896
156142,0.003558603408449615,0.020925009869090738,0.005265877719109968,0.011282971615333759,0.0023506575636398352,0.004969541101164376,0.006112570271955831,0.010590800271713052
156144,0.006777812346794088,0.035339184906934884,0.006066934699294757,0.022317843173303098,0.006406389733800089,0.0029586378572844657,0.017171784111209343,0.036241279060456044
156146,0.004184431901859631,0.009018699991830081,0.0026652273934840154,0.0043300385786087525,0.0030190815160369144,0.004598041365699912,0.0017959113801105375,0.003365501206233079
156148,0.004441804814319161,0.020104197775536514,0.00424285094885285,0.007602583704067245,0.0019022173976859236,0.0033981489703038964,0.0032138338169077074,0.004941678029156071
156150,0.005159607338900196,0.008654240943922753,0.0027361238115002906,0.005984854981353538,0.002608073846490422,0.0031658412221280963,0.003026188451528411,0.003359570598854403
156152,0.001237612914168143,0.010624846810914301,0.0025231045626378373,0.008690245380226003,0.0011802841753011523,0.0020265564764111593,0.0073708698876464585,0.011499808529013222
156154,0.002849838575900654,0.016944151984317424,0.0030540857979832886,0.005396042886049779,0.0063423671878486965,0.01656409351552668,0.0029337550225006503,0.005045891510988609
156156,0.01261484312293093,0.06513920874685031,0.008329379176093055,0.01617472464197167,0.002954674101084534,0.008686722958373139,0.008271584882003857,0.016481187339295822
156158,0.0018888088640700573,0.004761966299802689,0.001208889223378376,0.002322982527008577,0.0021610719797990896,0.0028372358010789883,0.0013369290890633684,0.004049407420587736
156160,0.0015783652522323305,0.026442901982623113,0.0022506688164449784,0.00679980414905601,0.0022715296340263813,0.003302181920844527,0.002120099632521147,0.006084810394568763
156162,0.00235513100505097,0.005014390251194323,0.0014606359525082824,0.0017887313322779846,0.0009963696458934468,0.003031464448911683,0.002084096451916706,0.0021629281622753127
156164,0.002624488696551311,0.017853749256959484,0.0013035228365111534,0.005084419924468231,0.0025484854739021845,0.003165949799211046,0.007052904701257745,0.003408397117491982
156166,0.0034794352981235566,0.010428180347447302,0.002046166516902606,0.00448964619732678,0.0016171902366277774,0.003559595950498873,0.0032399541883281757,0.005034329842729335
156168,0.008441195299314919,0.020357307217896192,0.00714801473783272,0.01788049126441038,0.0021895547644784075,0.005113498175564113,0.002293932036614446,0.019335012154052755
156170,0.003931935119947605,0.012262472705753036,0.003541920750578298,0.012658438777179981,0.0021648822060618134,0.002490862850864209,0.008652889424588806,0.01919741100808725
156172,0.004591360805126732,0.018728937890657216,0.008933992863851492,0.02949879756914542,0.003647077100030552,0.0028865473993191504,0.023174778795009843,0.03395872046430015
156174,0.0020175474718443637,0.004732060502974145,0.002036437446769082,0.00367200167905625,0.0015114262782485316,0.0021629770199428494,0.00751398728931485,0.007311254311482607
156176,0.002662513278155254,0.01264353047420036,0.002908873991614769,0.003137946467980657,0.0024620041657394953,0.002502421726862991,0.002500769778728276,0.0058680828262822615
156178,0.0014541574406046337,0.005169805377734316,0.002223752855366412,0.0031347073232763784,0.0018923247589998221,0.0022119374113158674,0.0018340337816117463,0.005383270927932282
156180,0.0038048259311602856,0.020749321276358756,0.004674197047001061,0.01511347880712166,0.00460551046919111,0.00856482988852264,0.001912651927348366,0.006933242464468359
156182,0.024287371837311333,0.013538106768364033,0.006421754791547052,0.018096791486471808,0.004068146254292637,0.006726825690004157,0.062027776049072836,0.017219262747577346
156184,0.002567396592659199,0.012983347538388978,0.001259517271719801,0.00177302274422525,0.0029565697609036518,0.0021815599112645773,0.0031072689150862254,0.005457615078231781
156186,0.006768792420308645,0.047293423499983556,0.009773749513325436,0.023865095641895095,0.004262963639178885,0.008963915146353862,0.002961282783534358,0.017002089228583595
156188,0.002211068830125909,0.010631512410175015,0.0024629894809059666,0.00806649434089679,0.0018852101872690735,0.0019707426832413777,0.0010206530555893073,0.0040049366087880345
156190,0.00167429827551481,0.003592556537299396,0.0010687678559442304,0.001665677169999713,0.001851572349109723,0.003145477687303222,0.0011514521982728537,0.001051341812106657
156192,0.004139553513487437,0.026249480193572206,0.005832744608522733,0.014073379054146962,0.0030413246968446495,0.004131149710338511,0.006856267057069099,0.010710317857016927
156194,0.00384824623816038,0.018019237815476652,0.0034012798461455773,0.0036272555374350923,0.001759070148690478,0.005269092983459567,0.003711674893228434,0.003855473674778731
156196,0.0030869119709411863,0.002866690639584238,0.0015080444023901768,0.0035201861094874,0.0017740782676592404,0.0028611595591465783,0.01467176323379804,0.005260008851909248
156198,0.0016821063955011623,0.008346718172243195,0.0009327068848291042,0.004898686890371318,0.002006569246204626,0.002982134818207749,0.0022246450089611486,0.006986346612226413
156200,0.0017320083714268547,0.009811045730044266,0.002555546070086026,0.005785728398042034,0.002697445669950449,0.002283217440792795,0.00913489201915163,0.00593842259614541
156202,0.005029572139869709,0.03358904806694185,0.012514283068463306,0.012223973236462682,0.002500022798828605,0.008480129574310935,0.00920395347073133,0.014623418265706845
156204,0.00199907396298217,0.014149565575416467,0.005339507579826874,0.004800119791317725,0.004878077144443438,0.005783267958046567,0.0019397872309513536,0.0016589073719883718
156206,0.007025372785875783,0.02340329521822171,0.0023513219140569724,0.004551502078044278,0.005668625901128488,0.002851639035476916,0.0022083601211631138,0.007443677122307479
156208,0.003882359566385732,0.008771112050173002,0.003798622345115424,0.0019437788818552765,0.002265050864630247,0.005610041443620872,0.0016219141930895464,0.0015771000995590811
156210,0.0018679283389824164,0.004702819099320854,0.0016295232453506087,0.0017668552902430634,0.0017504342637769121,0.00209947526971567,0.0009988895444346113,0.0016305282401610222
156212,0.0006858764709622191,0.00881083958443224,0.0011252461880753017,0.0032631092459221023,0.003388412820047648,0.0022332154776108504,0.0010399672412482325,0.0027278351966267267
156214,0.0035957993847199887,0.011657958370747679,0.001970066680087257,0.004350372351320297,0.0013411738118379035,0.004359252917103762,0.003244670952881279,0.006139753464138531
156216,0.003679830050057689,0.013001995531475297,0.002459834579586817,0.007526065483361377,0.0023854541590733747,0.0036077488829209248,0.0018713441779932977,0.005086201941825408
156218,0.004675375831343587,0.020363847575390004,0.002822517129607585,0.009030150498450462,0.0015912539049889457,0.0027001531366577375,0.0044481352014496545,0.013337722563124876
156220,0.0025196899709281073,0.02034732860595434,0.004305165703982761,0.00679439252282249,0.002917999276004349,0.004056386587937055,0.00157414738884315,0.011414908092655163
156222,0.0028991644241538467,0.014937330072427812,0.002092330349854843,0.006335088791197485,0.0024497403131863577,0.00234455420103398,0.00413743115470272,0.006040978839461586
156224,0.0012991488345837215,0.006300399897996023,0.0028910464581044654,0.004215924174196195,0.0011086030400555558,0.0018057925081894077,0.0014070241473318479,0.002499490853247688
156226,0.0036459433185118822,0.021584342303066828,0.0018370343197907785,0.009006877743154895,0.0026498009996456795,0.0038240839610124144,0.0040383178325607005,0.008673400887745153
156228,0.0017127924294336183,0.005059157877031817,0.001442744250794728,0.0025253119768129384,0.0023652677796779514,0.0030196579518035893,0.003634873929214702,0.0030111059104446364
156230,0.0020337159700469787,0.008598627784651092,0.0012872960313165122,0.0019332845693758594,0.001544556052059401,0.008738355484752214,0.0016402647953665112,0.002943034009242465
156232,0.004463810646209376,0.007355476189323584,0.002563355353864663,0.0034151186310396042,0.005627833887146549,0.003810531868799538,0.00389776886286565,0.0021984944440625598
156234,0.002763543829304105,0.011334773361824979,0.00649530208044613,0.007593209735557105,0.003148923071029777,0.005994902225406273,0.006506931138461847,0.006023737842088872
156236,0.003702821109247481,0.005392948878638004,0.001968544774694783,0.0038862220343272164,0.0012434661678675796,0.0027126517509447196,0.006590171643132914,0.006497205703138109
156238,0.0029773853038932985,0.01128072728647922,0.002277665975450663,0.0037400332132195846,0.00361433215412732,0.004621951879371977,0.0016803314771860617,0.002191913899291534
156240,0.0033289345645920593,0.012714661321178378,0.0020460526044350363,0.003531991252058733,0.0018408667595296024,0.003631924215939511,0.004065590959674348,0.003951286510646634
156242,0.002044488145540646,0.00452984048568994,0.0012564384131909107,0.0039429339065436,0.0007634205747454638,0.0016653724974027284,0.0016561039817633572,0.0021222604225192843
156244,0.0016356618173285487,0.006495805282289935,0.006053987495238167,0.0044400213575782055,0.002701608259269586,0.0032517996925405246,0.0052525566839298765,0.010168405539126901
156246,0.0015071166558749405,0.004421716984419677,0.0020006309495566033,0.0024500511922633805,0.0010715332386635468,0.0028493032417975517,0.0012025882957511502,0.0014529175382806958
156248,0.012344857990410907,0.026834804721048933,0.002529479007542093,0.00649508471288579,0.0028645771778795237,0.004649474874870663,0.005020529092908399,0.021125472940767054
156250,0.0033974519200532516,0.027558654604945332,0.001418743584236229,0.0014869970864722776,0.0027005290767646017,0.0022675088545943134,0.0009033834994921636,0.00161564456738518
156252,0.0029364198932457786,0.014925434570540796,0.004790170593582721,0.007817472534608294,0.0026158451691799117,0.004190795188805163,0.0017319407759919386,0.003603423598378619
156254,0.0034393459960202627,0.005907773905078406,0.004175622512121946,0.004620710970875186,0.0018803657037915755,0.003183886732576316,0.0014308199280463896,0.003248597840952938
156256,0.0017213604180060238,0.0046163210122394105,0.0009394077191183237,0.0017446161988159958,0.0009848113404964942,0.001960042471917514,0.0013760312199715546,0.001818256063068624
156258,0.0035648836898988373,0.007156102629821748,0.001968932551799585,0.003708483191450243,0.0029751968728689016,0.005223627924309193,0.0021022666847756583,0.0069228053873682804
156260,0.0033755117400131734,0.00830891482960916,0.004177377098348034,0.0036684904313668554,0.002366275949449284,0.004077616102798665,0.004429125828998848,0.006112769491386283
156262,0.004332504010873761,0.008119021954768935,0.0023806168152478713,0.004787808119055548,0.0017659785019344398,0.0037546093877351,0.001726971788216014,0.004973867824212219
156264,0.0024125743640358716,0.008583433688464703,0.00250364100785673,0.0022454144543840315,0.0011123925994511868,0.00196303506684542,0.004189001137790749,0.00392051316301828
156266,0.002541525917369114,0.008357095078137755,0.0016788358969717226,0.005779581111291565,0.0013121981592201237,0.0033888677854172627,0.0023990051352171804,0.007551942066459871
156268,0.0021943734237803714,0.01048887707243673,0.0021842921832951334,0.0052480639540788965,0.0021285245843583184,0.0048383892412653395,0.0016755966392001526,0.003141672529080944
156270,0.0048350616028552396,0.019067757411407094,0.005388442431283558,0.009300245806564966,0.003125173608123713,0.004257229248488592,0.0033530735506270976,0.011044977623019037
156272,0.0014419010372240942,0.008115281683886144,0.002902189620261675,0.0024862210103276383,0.0020282459277172343,0.007905892746482623,0.003362200642460289,0.002999159628585213
156274,0.0022485736127317996,0.005424363471724869,0.0014921664770640164,0.0021459554065146463,0.0008763191253330499,0.0015936119311033559,0.003403122901560765,0.003002950589330533
156276,0.005815892220425667,0.02682522705754664,0.002409606996984559,0.006299379199732835,0.0016321032846990935,0.002840089945222238,0.002843092512167314,0.010067042345447474
156278,0.004908969426225873,0.020324540461249763,0.0019878149814790552,0.008946432438419416,0.002759962751709699,0.0022375895363720005,0.0051879088052020905,0.019741596668440886
156280,0.00360533538706026,0.0029160102095693308,0.0012873855846367577,0.00443523182874217,0.0014936539374513919,0.0029955765819098534,0.008075264109217939,0.0039176064075468475
156282,0.006597256189493861,0.020630774875990632,0.005188851194871058,0.008199512627318273,0.0036446086516770393,0.007308778873256261,0.003748967387199542,0.028268857861230012
156284,0.00445025229657553,0.007114186776480125,0.003084414676886249,0.004983121219261699,0.001936408799053227,0.00340772032856608,0.002309736380887495,0.00373149426890719
156286,0.008434716787747654,0.02668396279231211,0.007884792631142334,0.00988524083391612,0.003488420658311009,0.011177808247669896,0.003785973628753561,0.008047655005227805
156288,0.003886739466666192,0.026750368405778824,0.0018510677626444455,0.009807701465270269,0.0032846649792193094,0.005515866166039274,0.004838644224333999,0.014430317105869561
156290,0.0026593901815764043,0.00619984926345496,0.0019119009334978565,0.008629508927825214,0.0013541923529619831,0.0015989498669993218,0.0037479446785360637,0.005771411697720608
156292,0.00386441676757171,0.011394966848289556,0.0028273047395344225,0.0032588503382502965,0.0018493057759450121,0.003111862770007315,0.004606453003418665,0.0047900138334445175
156294,0.0030923814840145974,0.008535964566924514,0.0035633171032151273,0.003518287312100077,0.003149587035028781,0.00427664116188492,0.003602112835615748,0.004304398227018835
156296,0.0061278800068800265,0.010769719607645278,0.002467074816817197,0.002723372488942069,0.0020806557252242563,0.0056136034842851346,0.002664795457475569,0.0036019294998891477
156298,0.0027080239077364454,0.011756872229422621,0.002873889987652936,0.004453311543578531,0.0032565930968023182,0.0033517125229922673,0.0023330985363687606,0.003715702670373369
156300,0.002489709141273444,0.01329142357051083,0.0019839548915269317,0.003491283347154317,0.002061385047286493,0.003147672684068681,0.0022746111613197867,0.007491110969894743
156302,0.004368243977521724,0.017552603544413126,0.0029223620623375496,0.006691813937940216,0.0033757537200393983,0.0026493756844837707,0.0014192644908873758,0.004173809570162668
156304,0.0035711147437767488,0.03192641023423293,0.0033194157665283885,0.01035730399342466,0.0026424209358638096,0.0027877152663450394,0.008768279299113724,0.014617173347587775
156306,0.0048594790943417565,0.011363957429488813,0.0029941866070549855,0.003998839519417319,0.001782423352332821,0.0022804880065191574,0.0020666550119232685,0.0045807267885500935
156308,0.010825693020944327,0.02830761940330806,0.004122988861618104,0.018899469536614255,0.0028478581704143857,0.009993820251387453,0.026361451092270727,0.03464180388747651
156310,0.0019156691169813916,0.008685786914306215,0.002807393788358273,0.0030733475529670096,0.0017275954245459801,0.003421512925470674,0.002510672849532547,0.004776990055735064
156312,0.002305656154597324,0.020539792122932,0.002734420200147858,0.00527271281659214,0.003566583216296784,0.002844157295056951,0.0017620612929933888,0.0060328546665486815
156314,0.003144516259116617,0.010516698089731769,0.0038666180225979674,0.006070507734680319,0.0032010796826311694,0.0032403749007370863,0.00341409333017019,0.006038015435990474
156316,0.0023715681924641047,0.008959752325126191,0.002710526044287287,0.005793715114759346,0.0013669495321533415,0.0017715708147798687,0.0053967938118626435,0.011402798999953279
156318,0.003894282837049859,0.004621189080786847,0.004520888934255396,0.01346840086080775,0.0020309184146253406,0.0016968228169891852,0.011570716635065148,0.006856512596327635
156320,0.00384970921189233,0.007134231261567925,0.002951514804649946,0.006334485115209232,0.0012120166801077303,0.0032964335844829495,0.0032580928759780164,0.005826595137252477
156322,0.0037138735318412858,0.012379358891383474,0.0032148526746378914,0.008562789018600692,0.0022196854429381574,0.0041700491879730905,0.00919863621532202,0.0068904008371015735
156324,0.001304506210473344,0.013346733106234021,0.0021187773480344507,0.003467399428487339,0.0015418724064866773,0.0024025926106202716,0.0017200410409260597,0.0043475884078919
156326,0.0013968674656814617,0.00820937505368513,0.0008395901666694051,0.00237153517468891,0.0022821231932681485,0.0065342791053316085,0.001355035577053576,0.003577241615270857
156328,0.00395759097926579,0.010366711484600055,0.0020910484399581097,0.005868679835401347,0.002840840835352465,0.002630828599348503,0.017254727810044557,0.009976689111201864
156330,0.00459850011269719,0.017063356378127503,0.0021014916369837544,0.009116944494952373,0.0020748408423740816,0.002898569121051811,0.0022830205708011114,0.00869202630840804
156332,0.0019942918483149136,0.008995782612196912,0.0016214254367352826,0.005151579579305621,0.0023714070969228646,0.004979983921644726,0.0025103260440968583,0.009502310998570851
156334,0.0028269997004854025,0.004532289920718746,0.0020876503168004157,0.0032701239900867624,0.0015836043786943699,0.0018112857396057752,0.002735769563167248,0.0011059440616961874
156336,0.0014396205032864012,0.007898718510325475,0.0025317206980251528,0.004636505716100248,0.0015835880716581624,0.0028940602022409223,0.0011899222305198354,0.003520624196214475
156338,0.0043287541644581595,0.013913805439105753,0.003715607297009163,0.004733617682751101,0.004712875666490535,0.0036753940036528127,0.005710482908810599,0.006880824205117764
156340,0.006243248035892046,0.03776592377295529,0.005157687298051883,0.025844606565258665,0.0025234458869839577,0.009543676956341507,0.006004397871844924,0.04043529158304637
156342,0.003948440465081582,0.0066200905287244205,0.002605591320839429,0.005641798009870025,0.0021231113832310827,0.003880013676555452,0.004434807100004656,0.007594169337170664
156344,0.003391019417565269,0.015542393126114717,0.004588589606683513,0.014092314418977736,0.0036059478570927977,0.0023288085917366197,0.003058226907895048,0.023924984668965976
156346,0.010379104578282006,0.014387011454122467,0.004430422072170481,0.0036762229045717576,0.002316738780590702,0.0036589735189658384,0.0036653953911438553,0.005866685738173061
156348,0.012146341317077758,0.062309165162119706,0.007867927287755982,0.03662816154923476,0.005349612590722919,0.00806876028912834,0.020726073083958463,0.07306655334247125
156350,0.002312132867251085,0.004420237742980504,0.0013402934517837833,0.004793424976947458,0.001255019037789698,0.0018406327688414437,0.0013718905966584316,0.0057141071030111235
156352,0.002391078915225331,0.007224516319383201,0.0011712472310466127,0.002402210627117221,0.0012129527208912805,0.0018436879645398196,0.0036620401476208375,0.0038728063850102523
156354,0.008477654283698899,0.011414242626037796,0.004162182608286935,0.006064342063357486,0.004460353691659924,0.0026655093438815586,0.0018574712294174844,0.005234847421659916
156356,0.0067035699409601635,0.017239921483993337,0.002197943214403475,0.009316013883563734,0.0010571591261392954,0.0024552195394340753,0.009069987167752203,0.008391577073103618
156358,0.0012337574096756843,0.005698085111094153,0.001984358786728757,0.004883004235317012,0.0015001542373608429,0.003004107782573817,0.0030790249793136854,0.010928513016726038
156360,0.001769668116804235,0.005102895996348167,0.001731986046183201,0.0029309655110845156,0.0017026095842109928,0.0024721951381794782,0.0011506367422875613,0.0036104850649368997
156362,0.004878582959755073,0.013085994434827664,0.002468831471100899,0.015054037178435786,0.0020756442256800872,0.0028976726714216583,0.013576504691684477,0.01791070713411025
156364,0.006666075861067933,0.02786336799439426,0.004413070941817809,0.013182755502477106,0.0037303019344332583,0.009213900288982169,0.002156252678984727,0.009798214885830492
156366,0.0051110775027889965,0.01997514293184488,0.004840269640160821,0.012610600812097472,0.0030709692948306527,0.005043739818816562,0.0038305992623079016,0.007270175394920253
156368,0.0019685550223622617,0.006317156832036597,0.0034640825861353974,0.004737227141900446,0.0021867766955930984,0.004769127906791015,0.005619808218364997,0.006449836432412204
156370,0.006430606248377879,0.0364233317828786,0.004389971286157535,0.010311501736705309,0.004584684092261648,0.005199272555034329,0.003987396942333243,0.014607945347133944
156372,0.002420239197619703,0.009369347054069499,0.003188660549345246,0.006662043373126869,0.001530608736921582,0.003503039966962232,0.007022981196516176,0.00825861630843333
156374,0.0029044887642996203,0.01776722322973967,0.002033232499249263,0.009060959464719576,0.0013300771815855233,0.0037862413602307715,0.006042518150607634,0.006645592776133802
156376,0.007273570707072574,0.006941808844715069,0.0030615619336791383,0.009372096400893037,0.003431478476155339,0.005925995303652565,0.0068315259559312835,0.005147392176664545
156378,0.004298101635003215,0.009433497433611271,0.0021322520073141504,0.01023529873606771,0.0028152176091680303,0.0017192244489084296,0.014435870284192076,0.016181521285014933
156380,0.0027992595757597855,0.011033618932963007,0.0035443719244580146,0.006580598130596693,0.001678921680935197,0.002857899316406398,0.0016280083675890428,0.0049132122589390925
156382,0.0015851438443405114,0.005360386088172631,0.0019055688102623952,0.004490628725537571,0.0017022050290528418,0.002306464754898485,0.0017273616251434337,0.003254417818931002
156384,0.003185730900327491,0.018049987050009264,0.005774175334099851,0.005744863170523473,0.0033293111462249364,0.0026345100122730086,0.0024989801940437234,0.009233936048256064
156386,0.001937121960542465,0.008217920890809305,0.003750405436576898,0.003880290282013213,0.002588207697648573,0.0017011913930334993,0.0036929355516415185,0.005403131691664953
156388,0.004073947821781054,0.01834985277881529,0.0020792676601075893,0.009913522914449191,0.0032899286745884937,0.0032162705579286688,0.004579917986014481,0.02713277619756127
156390,0.0012007127165181708,0.011947161569386688,0.0016140870651699807,0.0036661424124526665,0.0038362986431606516,0.0023361671543833396,0.0017390961436781205,0.008203655555032496
156392,0.003215363853972031,0.016087341131086674,0.0038236306084729055,0.017079461547986563,0.001970789319828428,0.0034662303258110733,0.011856285069392847,0.01789527906235211
156394,0.0015772847358413444,0.00721192464170578,0.0018314297722532707,0.005217683629068548,0.002656785416805821,0.0023195849068964464,0.002123597183540993,0.004645268296046334
156396,0.004139718416897031,0.022664268429579915,0.0034195659943839912,0.010899676111739476,0.002618798474004494,0.003313523778026628,0.0024486746971487255,0.020830029091777114
156398,0.00460388148776586,0.011121904953943551,0.0029780097883361223,0.006267484820333957,0.005244979217633949,0.0041233859477745605,0.00167961719197246,0.01607535319294584
156400,0.002148689818351604,0.026455978746867892,0.0022264681727099944,0.008013805040846478,0.002150556224801703,0.003281016785381896,0.0016359366383531526,0.01185064093738536
156402,0.005979943988038139,0.023017693063016376,0.004414335132437941,0.00709772029594774,0.003370054992855087,0.004995049432373,0.008387578014428299,0.0095906597858742
156404,0.003834544784687824,0.01641065423386956,0.004416814540778802,0.010551373878799952,0.003890265797710027,0.0027218038440924297,0.005239353906710209,0.00806849794215353
156406,0.0025991235219952197,0.015984877700213396,0.003591177207435417,0.0036899220882891243,0.0025410365208278357,0.0025723999966432848,0.0012095651789403306,0.0033735692880652174
156408,0.0020957588826711615,0.005237047042918386,0.0019008759044554374,0.004367958373410252,0.0016818045016238209,0.003879950095822038,0.002458963687778107,0.0038595634374907206
156410,0.0016534359585791553,0.01995343142803052,0.00409703614492557,0.005335478481644174,0.0034140937655094405,0.006414408296296026,0.008481781798576338,0.00837931131203451
156412,0.005051560287806789,0.01368710987393329,0.0030027905434535374,0.009610900719483562,0.0021159016468033087,0.003808237210278842,0.019447025286783992,0.01657948170191248
156414,0.002180175108809093,0.008161936805721803,0.0019815101625587084,0.00681455115460855,0.0019500050084444442,0.0033446779820956035,0.001906898618658906,0.0061002715611562786
156416,0.0027013398955801904,0.02173410744784854,0.0025681177008964884,0.007452093907478252,0.0025617346964601495,0.003894975174559223,0.002404697350945631,0.015075556598810103
156418,0.0021041606704220173,0.0049481348810345716,0.0031339302274915326,0.009278526222920525,0.0009897757967145537,0.0016234841720525056,0.00722137813372653,0.0160802166127747
156420,0.002239388731511985,0.014560847493788609,0.002093980850318644,0.015916494933606806,0.001468184390531882,0.0020603524235985327,0.009753773332510873,0.026143226173236167
156422,0.002607648849809255,0.004375050024649829,0.0010421154041080488,0.00244278481082999,0.0012734141076331529,0.0022933133080080964,0.004828184038284056,0.006020071075375777
156424,0.0029305746658967596,0.014140144416515454,0.0027940467978704447,0.009668642092832747,0.0019605864402816864,0.0029572694453375292,0.007698242941655886,0.007198661215027047
156426,0.005289181086909345,0.006655163592058033,0.001982979672377816,0.004321570843615563,0.002402211357458231,0.004421081861161191,0.004235257310952534,0.00831783982715445
156428,0.003356717546088364,0.019969806602038176,0.004599819895752033,0.010278307355648941,0.004322305561568707,0.005731456741282559,0.002483239494733225,0.010583031439526991
156430,0.0008526552692596258,0.009551354513646582,0.0010233576599683047,0.00455792019024287,0.0013564077822545428,0.001466450592810864,0.002345476759078091,0.0041928617169597615
156432,0.004973658694497951,0.0037088293881693546,0.0014813021050275044,0.003756235278935316,0.0015829266697489075,0.0017029259454016121,0.003564837425733672,0.006087632951271793
156434,0.0021196670577521837,0.010497704398084784,0.0016089590921231633,0.0024421835094799033,0.0024415984808092706,0.0024674682145509053,0.0015973504077584355,0.0027660044729889283
156436,0.004837513435965113,0.031652355187299586,0.0068670156720698206,0.006923319925233651,0.0055818073577934,0.003960384054766175,0.003591400454259222,0.006664040609834443
156438,0.0014504038512702794,0.0037695578991492895,0.001787653817185833,0.008438831100408217,0.0018382259579801663,0.0008627370965977321,0.01149726791579675,0.00631631241699987
156440,0.004054353025496005,0.00983706809167395,0.0027487537431183373,0.009979119781012236,0.0016041836275155902,0.0032205408820723674,0.009378032095126942,0.011088369679281007
156442,0.0022004190496894283,0.006442420065596366,0.001537348662389526,0.0038265741932583808,0.0017593182719700118,0.0024942277202005952,0.0011163105986478072,0.005078775212575215
156444,0.002582619059984817,0.004984298355069028,0.005105890755552844,0.004251518149430922,0.0013300418576561862,0.0014815624905715197,0.005674867696087382,0.005097020816589526
156446,0.002493414006692396,0.022030550632799795,0.006266443200079408,0.01293156900972342,0.004981933704807651,0.007335359154772514,0.0043383644330541316,0.020024458704344994
156448,0.0053648076643902365,0.008343225247756436,0.004013189395522199,0.006103042987943619,0.002542267426000111,0.0036812489022999273,0.011565908503172517,0.011776697381719936
156450,0.0023580313624188692,0.007666397064540809,0.0020569354161153464,0.00492270077403717,0.0033813277198453534,0.005991027410382266,0.0015632292709699819,0.004329179666820393
156452,0.003555456458840048,0.04043155215701888,0.0028951188512849196,0.017483862254302984,0.0024758469159336105,0.005081947719923541,0.005891981158934245,0.013212826202729178
156454,0.0016966052261152692,0.005752577517911028,0.0022684271297773173,0.00404265027654227,0.0015274710098217709,0.0029330609500633487,0.0034939300895853315,0.003167798829884619
156456,0.0036835506550817604,0.010379136458382732,0.0016059925175150452,0.0032562253273003133,0.0011150127899737378,0.0019385509737141066,0.0031770550198331193,0.0038125553283220454
156458,0.0026525865260114273,0.012902297575041521,0.0021706548649528395,0.006471622033722646,0.0029798588250269514,0.0037459489282958836,0.0045207626935115375,0.006068468027160601
156460,0.0020263834111500373,0.005505750105440355,0.001828696979918179,0.0016057199248136755,0.0013071005436443017,0.004857349870833139,0.0020207631480682053,0.0022382810693288985
156462,0.0015122382950565894,0.005152221313371508,0.0015267518549422349,0.002228096540597538,0.0018451845078881896,0.0021180469241822153,0.005621288435179395,0.0028677346955788274
156464,0.0022752167004206486,0.007531330355292687,0.0012774032013338488,0.006384547607524382,0.0016276452384096501,0.0037911396737047576,0.002484558078525559,0.003906870285456998
156466,0.002297600090684304,0.01737564242549028,0.007896260732536187,0.003304158532673407,0.0025437301001657447,0.006329467060449068,0.0011089134001333184,0.0017373100336612879
156468,0.0016302400357679492,0.0035846824255375,0.0014863291743019147,0.0027336367638236686,0.001192474418195269,0.0015092144004293928,0.001389949004363622,0.002444415656264687
156470,0.0025187004821636827,0.009908471698864219,0.0013468970450409984,0.0024261605745226067,0.0027706545151262724,0.0015929936389115357,0.0019243133136788299,0.003687802944112528
156472,0.0019414857583544554,0.008452003368449257,0.0035921644573902456,0.007781505186573112,0.001979062963358827,0.003038083668976066,0.0032723582116835903,0.004043213077410179
156474,0.0028801302483929536,0.03309281244497786,0.0045352317222899785,0.00739404890675055,0.003542842225084053,0.0034732913692563927,0.0017593460853677773,0.006991256006229352
156476,0.004004075683683661,0.01677497081154855,0.0024114535668806614,0.004377029383080766,0.002875956536698754,0.0026064581304278273,0.0018933967314893607,0.005214424909197268
156478,0.010120040048638979,0.012709038164326947,0.009681534463325259,0.005155756914946075,0.0023297960155019837,0.012829053117340061,0.0025323160503321618,0.007694061065501023
156480,0.0048523745010876085,0.023696236637285928,0.0022441348241367814,0.010500066409670161,0.0026121574044302154,0.003622695244590801,0.013945308809806045,0.02251113433269225
156482,0.010172515595241516,0.009404050667795316,0.0027317937353832505,0.006171792172244617,0.0016392522790875802,0.004076379205347536,0.004046899728129327,0.005215655957167498
156484,0.0030292595096831493,0.022554523855991215,0.002259619645295141,0.006552097858190331,0.0019928351148748025,0.00408107470222796,0.004895646144939869,0.007093057278680703
156486,0.0018030194405549427,0.005572065888448885,0.002455844966027368,0.0018996056748079582,0.002271635454729415,0.004125239588348428,0.0014235113648686792,0.0021196828368650333
156488,0.0023165809926046915,0.008317330202999074,0.00248623512738555,0.0020959918492098467,0.0033360360230952346,0.004113000070447237,0.0022589726289632545,0.006576397028514036
156490,0.0017590917103467302,0.006013293215414495,0.0010770199515577894,0.002604489284998346,0.0016760584144490803,0.0018529845307316967,0.003593270195505982,0.002586385574685615
156492,0.0010579892308657524,0.004688339004062181,0.0016890684558682617,0.0024714231772882678,0.0010412749623620599,0.0037191301111114683,0.0018902384116109006,0.0029662762985223218
156494,0.003674221054018878,0.0353072973274573,0.0035100562810713165,0.016194163121735494,0.0024542756431760737,0.004572699412080716,0.002902337329056204,0.008457629257201893
156496,0.003620815620738682,0.014993873326935026,0.0038554176973710913,0.011139094186153609,0.002140472157753648,0.003913876594199783,0.005968340117125381,0.016320437988056824
156498,0.013015104178613568,0.01459984735469183,0.0023620707448374217,0.004509129068826445,0.003147711558960112,0.0044050692648776035,0.0065558278818100835,0.008898966596704305
156500,0.0013719844254664881,0.005466078260690788,0.0013385063402389236,0.0027586238702670546,0.00127925698235333,0.00213291536869864,0.0023076847215142277,0.0037670698294345883
156502,0.0029234955670433133,0.010583236854483369,0.0018524351781313286,0.005418257744342014,0.0024402906117150375,0.0030311666368310203,0.0036373561545313127,0.004830540917187209
156504,0.0019001165087701027,0.005730101957581946,0.0016757036897519506,0.00307750417661673,0.0024134962986544495,0.0027894916683215976,0.0020713897955302457,0.0024192910561318115
156506,0.002985965084005407,0.0074463463163879084,0.002550925975138965,0.0034447054806943656,0.0022999984926228567,0.004850849799176382,0.0015792341361029472,0.004033739751108101
156508,0.002969004205945147,0.02170571646265551,0.0041600621444928265,0.005067187578646826,0.0012475928462853947,0.0028344929679244846,0.0022315261105376877,0.0037494459459870427
156510,0.007117521584825648,0.026240664128934776,0.004363088783633506,0.018425221387347257,0.0016733036511520916,0.005336865251664102,0.004545657106684919,0.021933147627778204
156512,0.0023521471542335,0.01853802018245454,0.0034855226343018103,0.004396486947353617,0.0056263628682385325,0.005820062391090952,0.0010571642133545694,0.004658289359798451
156514,0.003140502495667788,0.004526937529117314,0.0037204024592938367,0.005895882168667266,0.001752961032550751,0.002066219796406102,0.015309633782365717,0.013600823174911625
156516,0.008917562349211261,0.01787676538481109,0.002913799009599663,0.006663903153381057,0.0022561462511128255,0.007820370003355726,0.00356560705136523,0.014689841601074394
156518,0.0033959477512299774,0.02187253239652187,0.0017506917529885868,0.014563208492604451,0.0016759037706060576,0.0034233483759976147,0.009967409742764666,0.03248035767641344
156520,0.0023593756296316215,0.009928994608575048,0.003775674995995862,0.010195881283865449,0.002155237373070454,0.010371363717895987,0.005213479124021925,0.011390518213862999
156522,0.003633702074248346,0.01579076197403695,0.004370023796935962,0.013218420945460052,0.002068961910963854,0.00444857746373728,0.01605639779331458,0.020472256266341526
156524,0.0023617890342203657,0.00497006004044126,0.0014082431959233782,0.003507304156362745,0.0020197959998426995,0.00253939440091977,0.001784436123731581,0.0034782487885829383
156526,0.005059765210038203,0.018303032472531067,0.0070748817651287155,0.010918447530207376,0.002170422644746317,0.006070276697665078,0.0034468852618157464,0.018147117040428817
156528,0.003200682183147077,0.020957847067635038,0.004201077871000047,0.011652601320794043,0.001977038644370488,0.004559941493839981,0.009239539933947827,0.010491630347751135
156530,0.0025407488392529404,0.009809249555809751,0.005794480740984265,0.0044249041884297236,0.0014231099733646446,0.003465440799516731,0.007206360257192623,0.006664954183875693
156532,0.003549425959176525,0.009697456568447116,0.0018884190224535136,0.0031237509661441593,0.0019975338992065522,0.002279511444429838,0.002185272862285592,0.008223222407283126
156534,0.0022282396797704274,0.004765426076909718,0.001662761119462175,0.002011921103516459,0.0016177841378102326,0.0021548102204163033,0.001683043416809707,0.0022887856437825566
156536,0.0044700042599977174,0.017079601761731178,0.006485759349370623,0.009197137084175966,0.0020586621581593217,0.006705906516374149,0.0021025222188476717,0.005585120994571702
156538,0.004099301721006476,0.02406015731278277,0.001656834782309824,0.009728006950442902,0.0024071042101532353,0.00900592460544325,0.0022820794145855944,0.004233295732867737
156540,0.004847453554304215,0.007865599852994232,0.0015351608026572539,0.0025250117087832202,0.0019546230797837794,0.0023396446445184266,0.002223637967141437,0.0022859061169953065
156542,0.0018188654633167212,0.008559638558480964,0.0020342404950194487,0.0023738985214747377,0.0031429004215436512,0.0023033999795609716,0.002790880527960851,0.00525400176252333
156544,0.004368745284555331,0.01646081639046315,0.004272731480316816,0.010674775055909136,0.001821763575910254,0.0035786659571669516,0.013082280366493393,0.019138659601152463
156546,0.0064064338633260665,0.00893701707218586,0.002659355986013426,0.006088059646726374,0.005946345067267045,0.00292572132351078,0.001595519310436791,0.005330973267562378
156548,0.001808463463634849,0.00442178337279131,0.0031451204249916126,0.0033459281132464103,0.0025588925240055543,0.0035936105255649498,0.004085241433655407,0.004655673928384341
156550,0.0023834746192000905,0.007717611497557508,0.0019065287110022755,0.004819893972170475,0.002711556009805785,0.0022816840017717,0.002401385777828724,0.0023381683856913416
156552,0.0069335452135776965,0.027140719617535503,0.00398529702669187,0.027289295525734225,0.0021244779455649315,0.004471234729695794,0.01864797646314309,0.03929711726297658
156554,0.0024365706420523825,0.03103238506808048,0.0020001384324591087,0.004582454557308324,0.0011858354372325103,0.0025568170276197982,0.0017152008641510563,0.00451291118075603
156556,0.004769298731848226,0.011326046391461952,0.0026343750199143146,0.0033654298886468675,0.0021251119325233075,0.0048539420073523964,0.00198633139456611,0.003780219691632017
156558,0.000821099632962119,0.003030752759762889,0.0013991395342181079,0.0024856273871733947,0.0022498682903426964,0.001641621441456076,0.0027204513237367167,0.002222539476420593
156560,0.016722959845537844,0.05007709101253344,0.009578442048351121,0.02300195194760435,0.005829874830891646,0.01845631089560129,0.006824187434691709,0.02763139503882983
156562,0.003203784430145254,0.020255590951185676,0.005030411260210921,0.009950732326544698,0.003358637006002377,0.004106292223937658,0.007033143576873124,0.013054129240908319
156564,0.002493374570819107,0.005261288502683925,0.0011954015439720328,0.0024612434080931167,0.002973766129389946,0.0018645017865762115,0.0020980106386195296,0.004975465341948093
156566,0.004729947084890718,0.02023521976435938,0.0031380353667116584,0.006133983353817707,0.0021419177409072315,0.0041820783544879725,0.002478906713662146,0.007647427814454988
156568,0.003019301766957805,0.008300750800988022,0.003144912762540253,0.0049266064711004365,0.0029847283529314123,0.0022100998924641374,0.0021976180283078822,0.007432637710627132
156570,0.004486321975528951,0.025808891693295033,0.007225791797872638,0.008464553888322401,0.004213635298062679,0.0033923897036523126,0.0018744166818260855,0.00542946024328117
156572,0.004865835262762852,0.004484738162453761,0.0024758079899492996,0.003914283989875367,0.0018562820356757825,0.0024741455800239565,0.0032676443567025704,0.007949656224701451
156574,0.0008749090091329098,0.0029701804217896616,0.0005614985506954273,0.0012577959655892812,0.0012586199944824572,0.0012925359875044645,0.0008543134383533525,0.0023296784198299086
156576,0.0030422800821811175,0.008254501493084376,0.0014542270498801302,0.009624636042955326,0.002317666252214537,0.00334224259960042,0.00812450100630141,0.006786644321077839
156578,0.011276456081319497,0.011392046588455607,0.0017992828769865105,0.0026125176477181378,0.005642436003015006,0.003990066853830854,0.004395966267513318,0.0031196443642516614
156580,0.00879076550581509,0.03884178381349046,0.014524920302659228,0.016743145243399482,0.0023819169598571777,0.005499578839817332,0.010909111940771377,0.02145433694977683
156582,0.002310176473312456,0.002802702354904929,0.001654552247747923,0.002745609735270285,0.0010016255410644354,0.001365791172050837,0.0015997427447737161,0.0018813848389878651
156584,0.0034614138608630857,0.02536384404223302,0.0038134064549134733,0.01798600868458977,0.0030376611071556564,0.003671905965250813,0.030918648896447687,0.026557372566671456
156586,0.0014452147561540146,0.005474286701243836,0.0010834315498954444,0.004609450134319959,0.000954677490483391,0.0017296603584979753,0.003429050082612628,0.004780313107851875
156588,0.002636035322004085,0.01919691137178625,0.0018674598428802952,0.006407382088506941,0.002483463009223863,0.003613950085215714,0.002824500980858069,0.0034091966501088727
156590,0.004265241542800224,0.007040989933797592,0.0017839571340854676,0.0023975832264076097,0.002678485928507404,0.0030291975893784184,0.0016299389224833233,0.0024739269322004986
156592,0.004059843769823823,0.029244803191340374,0.003188807382688688,0.012820811293998924,0.003002666429179124,0.008264521552615867,0.005077179243519803,0.02256844114487322
156594,0.007737592908093005,0.032311255486235035,0.0027270344176264505,0.012503798470247185,0.001994598299134509,0.005092113417992705,0.002080488861084265,0.0065065777522082535
156596,0.0027552974466087954,0.009165709229997043,0.0021846223020727806,0.009123924679145523,0.002872118452472275,0.0028607427118191447,0.0039897562436499445,0.007963922484510777
156598,0.0021708693933115836,0.005671432151670486,0.0020169243856341806,0.0034928991894478956,0.0019936088238914906,0.00274122339547557,0.0011732818731995942,0.0027321843338424245
156600,0.00787481909431259,0.011712357743832946,0.0029988360711520473,0.002825298914363797,0.004654127589992507,0.005873457001595528,0.004515963847208371,0.0025091092414498833
156602,0.004977068372449489,0.039163878097995486,0.007097439090797908,0.016252613190588017,0.004545603859942071,0.004754668278470986,0.013512967941722354,0.04369055173776193
156604,0.0022588794974041093,0.008846982964717809,0.002043957248343775,0.005738891159319748,0.0027061953490265106,0.003444872526199072,0.0018737080638053932,0.0037491676573704474
156606,0.00495478369907687,0.012461476510819358,0.002639962308387603,0.005939910887203803,0.0017582790210477484,0.0032818571502061383,0.011350502125738127,0.011942847419517177
156608,0.0018525236847800053,0.006333592107019337,0.0016000136375717844,0.0028359862251017276,0.0013337509824593585,0.002846938589677453,0.006248336633860652,0.0015887717045439675
156610,0.001697223048762686,0.006934699194971472,0.00146240591419744,0.0020256040382750223,0.0013539626027648938,0.002350825177729554,0.001042027376289681,0.005539646897435857
156612,0.0039069867108887935,0.017377897425385536,0.005976260625935537,0.00672451113337047,0.0036636282851088553,0.007488879931770498,0.004566159130184266,0.012531758822453887
156614,0.0029021245974730214,0.013237835280495658,0.0015581507401583178,0.004747065793038241,0.002289634061785631,0.004395496002547239,0.0036967778365204484,0.006544610858050304
156616,0.0020539696402260277,0.006828184962208772,0.0028417316285311994,0.004903638984612491,0.0022639152484019848,0.005924622306119398,0.0012689497583600606,0.00827463850731297
156618,0.0014640081773081293,0.005500691688888948,0.0015074906708735375,0.003101102445906015,0.000988388397890741,0.0012219475116035383,0.0018572487082181427,0.003362052461888823
156620,0.0044574681157594775,0.014687445076547512,0.003972128736173863,0.008522369342801872,0.0022395477468851177,0.01151762946595003,0.0031600888822383433,0.004162714250768806
156622,0.005400432053528859,0.028326837084002854,0.004988040024043239,0.022382438071846034,0.002834237915760887,0.004407105852116067,0.0068528423045501885,0.027040118624333198
156624,0.005074700308032087,0.03168929022315248,0.0023342402125905437,0.011415745525579502,0.0036081458402576067,0.00374042644631091,0.002603917063660602,0.045547468280476844
156626,0.001734699616578586,0.00414918477040388,0.0015958642540090384,0.006184351397151622,0.0013845754175998426,0.0018063368010518138,0.0010977515104627772,0.001763377600744187
156628,0.005058751948768203,0.030383341896950355,0.005345952288246858,0.014088332833069261,0.0026212880448046733,0.005455233134894544,0.0028569578056663603,0.00980868579468197
156630,0.01103970539950977,0.03997242687632596,0.010480543139267162,0.006086239028662066,0.004368010569326453,0.005046614489395473,0.005668257919779984,0.011046371441569613
156632,0.005223971485464107,0.009508807966802701,0.0037842780631130446,0.003607927891417839,0.004211719350216692,0.003682825373874113,0.0011525848617549017,0.002230773335416325
156634,0.003413076018168093,0.012754549638913704,0.0014393983156357898,0.0034052838361608995,0.002239596404601807,0.001955196604651724,0.002951517638068571,0.0033287707840213288
156636,0.0023254857555621428,0.01378726109672912,0.003907825956717126,0.010840394392662489,0.002398316567845185,0.0032862690157395846,0.007791461564565838,0.01178475344121438
156638,0.001674397662742591,0.007719401094618883,0.0017826004507708881,0.0034055251417895033,0.0017401306431630431,0.002932916092976426,0.0038517735638943784,0.005606338834614144
156640,0.0024479215312789293,0.016622937847174057,0.0031253735369305563,0.006308257191765032,0.002164611470872449,0.002351112736509231,0.0027588089695718687,0.00735109718915794
156642,0.007418416798722127,0.02046089387079153,0.004153195975431567,0.008116461669121833,0.0013383801368296866,0.003566761200601856,0.0032778551783332333,0.007915030833381742
156644,0.0030751825667094668,0.007194849891627664,0.002516905239638101,0.0022648952013582108,0.0021552615854198015,0.0023922623840478274,0.0015979504834690156,0.003011816106992582
156646,0.0020124418077882705,0.007498858991258572,0.0018338586132143342,0.003352091684860961,0.0019034943511995334,0.0033432221603624246,0.0021983138371257788,0.0034460953176571607
156648,0.0048443665253144474,0.014822782415342184,0.002751317219329766,0.010625647063990051,0.002339673475298412,0.0025318890241683573,0.0029954933945228746,0.024313490318750297
156650,0.004378463909056274,0.011205488295418287,0.004486449730672304,0.006186425722483124,0.0040278779970046585,0.004912391326759524,0.005348606672761713,0.006020752077549929
156652,0.0038965707143941014,0.0032204208025872344,0.0027781799902846377,0.003083866847660488,0.0014529166862960047,0.006808284030806411,0.0043307416554283495,0.00786451092737167
156654,0.001550070848415297,0.013487360996784548,0.0024094321801531593,0.00841681083167517,0.00281017403684225,0.0036083306767729084,0.003321762519137794,0.0150003715715053
156656,0.0017002244481432172,0.01017270947214488,0.002877051433452016,0.0044070534231333,0.0016871784688193975,0.0036471355935405875,0.002633923031020169,0.004393227031283198
156658,0.004594144960148094,0.03613786243631645,0.004301520553395888,0.004904667898554538,0.003230671123333209,0.005475713446551289,0.0022959607955731626,0.0060406835087292166
156660,0.0034255388330950987,0.010930930794522675,0.002331868271860507,0.0025363121194779126,0.003638603652149408,0.0040932523606601046,0.002018136513979432,0.0014454733668692321
156662,0.005393041893867689,0.014124831984596575,0.0031307431825883386,0.006767463546702379,0.0032739617986692893,0.004624530462695786,0.003905049617434264,0.006151950469162559
156664,0.0031044059652629713,0.01732489261516279,0.003819618412638351,0.0034977436716667754,0.0033179491453806526,0.006668042065252289,0.0016648638596546,0.0035024252766281544
156666,0.0016610690130393208,0.008302951651777468,0.0014175679665807822,0.0022579596165611115,0.001326913747982994,0.0021385763671810804,0.006353503442560415,0.003975152413006278
156668,0.008345124077442423,0.020156274556690557,0.0025659467543241027,0.016441646473428273,0.002334216454817961,0.0053146257715930845,0.0032201527458981666,0.014562757136830307
156670,0.0038857617621568252,0.007911613538569506,0.0028877199805378423,0.0028283859779785203,0.003087289094688153,0.0034948483837295985,0.0027493221292546194,0.002733739215799391
156672,0.0014799704246035855,0.004378159237490797,0.0018262967143145709,0.004205624294130461,0.0012157030014536968,0.002725238345491557,0.002514949968839497,0.0041168589395757516
156674,0.0035509357680931775,0.008851422323473912,0.0028742606574207047,0.004113480777113987,0.0016876923401520916,0.004031359909963117,0.0017714654483669406,0.009967930439655825
156676,0.0030603817730257554,0.006532936119274524,0.0019845516221892595,0.004825904336382136,0.0014207800418997302,0.004050733161207687,0.005292843587345664,0.003995926472555367
156678,0.0026634006548000855,0.022670119382166343,0.002694294411810516,0.012773009072223118,0.0021112381036281352,0.004159302907611684,0.0026588984013776185,0.017986712136514038
156680,0.007017666208080309,0.008218296426179883,0.001874561518291476,0.005130767394313729,0.0013613627626330033,0.004902024871640487,0.001541194035434304,0.004245503095580416
156682,0.0021569834320534498,0.02662001252231172,0.0024098315618009125,0.009754220721205853,0.004433934882095925,0.0036129365582837636,0.00469944750488388,0.010791585990386265
156684,0.0066918395362771665,0.009635043067728555,0.0037490586257939995,0.003978122728678424,0.0034889311379429078,0.004173443756005923,0.002291870645841368,0.002307264907807971
156686,0.005596107783675031,0.019425204041303212,0.0027499331610476713,0.006383221289072205,0.001450609860477306,0.0038805288389332088,0.002649217686104835,0.011734124216429775
156688,0.0018130269862126763,0.004796390470596101,0.0015403356815026914,0.004823719351009004,0.0015422278868724298,0.0022633594214539615,0.0025309391232209016,0.002912681057886793
156690,0.003109841089024068,0.010736452855317824,0.004668694285218322,0.006670289684622743,0.0019070381973618766,0.0068938671287119835,0.0031082977400377493,0.00611548549053037
156692,0.005602250423464794,0.008381979569268339,0.004544748940794874,0.011260600041086699,0.0013186359403229986,0.0023388860984498994,0.007218095039835726,0.01545239489371486
156694,0.0037046652103068234,0.008325515975160735,0.0036470690009661327,0.009315337917090938,0.002438330384802123,0.00409225139974595,0.021131399053103905,0.015221973060144445
156696,0.001929394365469253,0.01661926854564144,0.0024654475271418536,0.005681759877035342,0.0018521869859819962,0.003998495588968476,0.001713397463509958,0.001968639318703627
156698,0.0068178937331853096,0.02510833626534059,0.009413390785342701,0.02589762806848861,0.004025032856348754,0.013587165667684753,0.004537461786080721,0.01106215121146037
156700,0.004554533574735453,0.010286899043638664,0.0024605241603561367,0.009454731026892205,0.0014767075469466345,0.0038257451010699356,0.006758935628429441,0.014505804080451379
156702,0.014112271500989815,0.026214509509054018,0.008532152847907926,0.009847108731923848,0.004976852868082082,0.006400279858787494,0.0025409861941551176,0.012289843248845023
156704,0.0016666935549247697,0.004962040519530753,0.0009689587909933774,0.003578415473499144,0.0016439279695457665,0.0027735832766748875,0.001671623550878687,0.0019460960375817932
156706,0.010619993714354126,0.023059318561511555,0.006094186176477889,0.006900064584824728,0.0023610725221354656,0.0044319922977723025,0.0029147204756379552,0.011385133935849778
156708,0.005224291362902145,0.013767288716783066,0.002356608991356937,0.006468273174489392,0.0018570923412666307,0.003082594284205209,0.006439530764112078,0.0129991428584742
156710,0.001195502010352248,0.004496361283399475,0.0009590101710188516,0.0014913486465497616,0.001356655851850519,0.0028581390998427825,0.0008568866964836636,0.001741634618508972
156712,0.0034286377992732847,0.013887884517134241,0.006128122635971955,0.0024210694778761255,0.00270613372297529,0.0023796274016953944,0.0017375451264739633,0.004781764859230153
156714,0.00210950724084924,0.005963694819737297,0.0012905805299792683,0.007254459541670366,0.0007710404646026937,0.001450345399531608,0.006251419535047376,0.005031126787118589
156716,0.0019376509324545849,0.006829939713274058,0.0020774738858477804,0.005316977907448894,0.0014382489239266882,0.0017094678840399308,0.0030694525470371797,0.0032271563198321834
156718,0.0019066396469986785,0.0065022717786134,0.0017057071293402615,0.0023529320616062638,0.0014138426022578532,0.0019875220064008575,0.008668339072671394,0.0074195193150422
156720,0.0031437249982435717,0.012050540661169562,0.002019649340377294,0.005149326339793703,0.0013766738750101148,0.0058724143996935485,0.008483951616554464,0.01182054485356332
156722,0.0036928309629122996,0.007771200497176667,0.003809543563397813,0.004630718954532265,0.0015606798482020873,0.006679487327937217,0.0017885917411144536,0.006007880837144208
156724,0.0016665855759216003,0.007731736232053699,0.002546560082145044,0.005113996871244864,0.002705409378785953,0.0021994531474205936,0.0031640409585455137,0.004846439995848328
156726,0.005187597556346513,0.045162015741325945,0.002586770941116756,0.010367043752367522,0.004195216365915577,0.005375429288037914,0.005597154548325156,0.013720572322424796
156728,0.003211470621289847,0.018701006109126617,0.0026097741795183538,0.005759269055670091,0.0045817020855685175,0.004399651209504363,0.0054798271297686885,0.007366768955500369
156730,0.00335955418860924,0.007336017707045228,0.001622029717169085,0.004954821459407732,0.0026755334473032577,0.00324082066515409,0.001960309333564114,0.003330838325639865
156732,0.004801456836730722,0.03657959913208253,0.004629180821718537,0.018899789110552234,0.004180620489621312,0.005303314549066018,0.004058362753794009,0.013588365918988154
156734,0.010242785066953752,0.018187418953808043,0.005981861582668779,0.005079984833217033,0.008132051157341336,0.00529767972520695,0.0014997491060053797,0.0028962975826624243
156736,0.0015956663310069535,0.0051981068281889975,0.0015051342550176927,0.004498125037373735,0.0014031831709117176,0.001963914569192371,0.0011426622724131225,0.0017327355708671721
156738,0.00558920092366777,0.04495285734037702,0.009694582141441865,0.01696783986782635,0.0030943079609696,0.008072959759633846,0.0038626356551783037,0.01806853410063014
156740,0.002777009056929694,0.005117380758586032,0.0023593730963318432,0.0021094028709907203,0.0019106595920754949,0.0019338425048660707,0.0011706631335574175,0.0032722742494513263
156742,0.004494137348033611,0.009198015968935103,0.002161656670986112,0.005597526903549588,0.0038498326413505257,0.004788130849649408,0.002086968505051759,0.00449727559426899
156744,0.0011628247232032957,0.0038684171986204247,0.0009123978485553602,0.002710865853091049,0.0007668025782392451,0.001255160516894352,0.0015736726818724733,0.0017812386234263844
156746,0.0068562855649002,0.01498804417093963,0.0029051260375868027,0.0037033320792213,0.0024845859318587404,0.003516021006287909,0.004695031524466542,0.0075826256802749015
156748,0.001565799347980068,0.004727178422309075,0.0009298203545656004,0.0011147630204583342,0.0011928889405246057,0.0015445282348471867,0.001355433011671417,0.001931029076975968
156750,0.004591158868059664,0.011601921621102795,0.002299471837257594,0.007013977987573805,0.0019421939437480745,0.002183761538301854,0.0018799450759914849,0.0032747961431801725
156752,0.003282403509075396,0.008607911615393427,0.002335047328736961,0.004795054130825316,0.0020215134501464505,0.0026018629079782724,0.001551662313087343,0.0019911574873543586
156754,0.003024911045191994,0.00635737611274273,0.004527384694264447,0.004276186093310486,0.0012593525442503722,0.0031618733580388025,0.005721954074719093,0.01613932787567851
156756,0.0025349089730666297,0.0168289491609821,0.004961946050228372,0.009444416075465922,0.0015789285932932273,0.003911788674638095,0.004693244888405224,0.00671352792238622
156758,0.002656909460858836,0.014493177550040315,0.002450428846523245,0.018116842722698756,0.0020154309768655315,0.006535689690407631,0.00366347089893361,0.007737963857509023
156760,0.0017185075032111335,0.003381384475203364,0.001923002603417212,0.0031392892650873444,0.001418018235097629,0.0020205156459253276,0.0013976447644127449,0.003211449932386326
156762,0.0028911029438527525,0.014406174463155175,0.0022000699165486554,0.006989408396798291,0.0034349661309063806,0.004006196573980658,0.0030309562081898833,0.0047523012219042315
156764,0.005689268778915013,0.03801164947531377,0.0059111244811325125,0.017508795802134935,0.004336989483231302,0.004656728351054795,0.0068159978233906515,0.009151283394111198
156766,0.0030003789399870584,0.017326140057045913,0.004960152353810587,0.008081505311908155,0.0026391844855490204,0.004468621553644303,0.001331710474229697,0.004144145191089577
156768,0.0012300623485611006,0.00819801225497191,0.0015177285229640014,0.0031972920059821774,0.0018905280142809122,0.0029494374653961236,0.003830605257001629,0.005262105658411009
156770,0.0035858548269334656,0.011586155886143479,0.004527141056703821,0.013333381032617275,0.0023221778578963598,0.00491196522106746,0.006114263158004896,0.006580346703555728
156772,0.0032188739223993346,0.01252205060286915,0.003464227736048056,0.005691122329159137,0.002671353648944441,0.007311995877900879,0.0022773473885196044,0.006386920799266227
156774,0.0039034388430959077,0.025248814629114102,0.0064624836352520365,0.006663738937352781,0.003953460834588363,0.006794520263969039,0.0030557811967393267,0.016588677355528825
156776,0.003951466354477129,0.012293570299561074,0.006518252986822626,0.015366045464487721,0.0026236707954341854,0.0021996897109660823,0.003448263725558745,0.007482115341375162
156778,0.0015510184696281848,0.007132512093888155,0.002025604708927334,0.003581561863741936,0.0015908411104570974,0.0014346257108484167,0.002195985824946081,0.002754082470520794
156780,0.002536893000631091,0.015755256898453363,0.004201369556580181,0.005593681316101107,0.002272656857726929,0.0040162097705547795,0.0022477399019591587,0.0070133240692965
156782,0.002209910753704483,0.01913277251117429,0.003388735499677331,0.006935078913070436,0.003160734754047212,0.0042560635852964546,0.0023747124645306372,0.007287832804572736
156784,0.004915226235465087,0.006828431229459808,0.00163855100221455,0.003342475199979378,0.0018724043890403497,0.004213285152898705,0.0015817159893499882,0.004713818892467858
156786,0.001625539407254864,0.0036678270985040506,0.0018838139101620133,0.002350802419431433,0.0018549844384058295,0.0018671922951810083,0.0013813009898382966,0.004890403182039371
156788,0.00241461244479603,0.00617547791743811,0.0018170518606386438,0.0021192496186411974,0.0018746992632836523,0.003162007004549619,0.0013400905216410935,0.00290178825665266
156790,0.009684600523144127,0.02114369145397732,0.004487438896504159,0.008889274185644391,0.0028078493689468603,0.005392177430296963,0.015253298234412294,0.023917425301078765
156792,0.003459457799838417,0.004872219508117448,0.002541353139609237,0.004210628586198917,0.0013101928195675822,0.003118853326437701,0.0026990545039535935,0.003382516215817921
156794,0.008661310762749841,0.025594739611994877,0.009216796972337848,0.019756510705556174,0.003421953545613088,0.004366634867987662,0.009834357760468926,0.034701614172487405
156796,0.001678631367538333,0.0117674171636859,0.0019782291193615326,0.006662959242934363,0.001770111956878262,0.002876795272875335,0.0026648004574250095,0.010048660979051827
156798,0.0021614522971851735,0.0156664899872192,0.00436375221124502,0.004795454497259988,0.002962317970564912,0.004973268821191701,0.001820032441458841,0.002801129557388704
156800,0.0019078907469217143,0.007214603852535362,0.003002127541684496,0.0024606442740699036,0.00102892242821917,0.002042837065929781,0.0028066777251313374,0.0023194227161408426
156802,0.0028629424620612576,0.02450136342015541,0.0026686394944058223,0.007677923334794778,0.0021524777110717985,0.0059583945313193,0.0022381784957659634,0.012210228686699631
156804,0.004429238883210174,0.013697277033977218,0.002737031165935877,0.0077948488672527905,0.0015510941744614204,0.003306147731141351,0.0033245602992559853,0.005700346231628295
156806,0.0021592103623788717,0.04422723632509595,0.0017705129026336502,0.004240186046360839,0.005056618708426663,0.004808537502756727,0.004092883420822924,0.009054879685337136
156808,0.0034407950624985167,0.006558147014889215,0.0017683544758286818,0.01232851902568216,0.0013524883337883709,0.00188865667858501,0.009438812642228511,0.01561245574102088
156810,0.00348506606448086,0.014653566122733663,0.0026060374492359456,0.011703306031325633,0.0021380313235065534,0.003652362306047055,0.0030711356892601516,0.006820643947537397
156812,0.006664258353489494,0.0068801802317521865,0.003446671801755008,0.004610335399896082,0.002132726465349802,0.0029210914610902083,0.005562284027983699,0.00604656716210622
156814,0.002884723546141124,0.008918589604903993,0.0021488407450400704,0.006476005386176986,0.0018735248834906987,0.0037205519744916288,0.0028974508867125742,0.0048319764512028684
156816,0.005825816018627583,0.011373224989466524,0.0030014882878771076,0.005148047548900969,0.0017518653455275146,0.007090977929036291,0.010271958824928318,0.009854734286657285
156818,0.0031794109825640376,0.006007560907299647,0.001886140031737496,0.003265839642303592,0.0020641503559355595,0.004874733802960274,0.004233955036150816,0.002693665618601848
156820,0.005398261880413868,0.009131206554219284,0.0032423961429546427,0.0031672046493805284,0.0060548199875781195,0.00709771401898629,0.003007433196899348,0.003096922447591424
156822,0.004779100564695826,0.005731751182569411,0.0015458912798860802,0.004019537368749049,0.002360581272731546,0.002126272311735025,0.004474688919984482,0.005566770297853518
156824,0.004272554208458956,0.015850341073466945,0.005154787579458864,0.021961068604029244,0.0040059589007115926,0.006703610202258625,0.002079344441814915,0.0031878818421944427
156826,0.004793577666124316,0.008895847641445853,0.004051600984461778,0.009588463666256652,0.003920599001450198,0.003172055327445522,0.01572536724548912,0.006875588005899269
156828,0.0018935517015173375,0.004879471842778038,0.0017077318496583893,0.003076331691314063,0.0012917459147722271,0.0035850736508109687,0.0017904103189452791,0.0029831162650575394
156830,0.004671567986719305,0.006287411389183595,0.0020116002923255133,0.0060419251045829014,0.0016225221659432187,0.0030551210183433902,0.007076755679118529,0.005621624722922436
156832,0.0028472665683643705,0.011705511398718338,0.002581096416133924,0.009595505271207172,0.0024280211848169003,0.0038444308727120374,0.002690886814198601,0.007537272354488034
156834,0.002153313272223026,0.0033566700630319884,0.001724673605050367,0.0030744426292263066,0.0008693684279075797,0.0016978661579880733,0.003111806245436735,0.007066553059492053
156836,0.0023176056345178275,0.015188676447167815,0.005804326093641399,0.006347912723982108,0.004681387190494712,0.0038695025593896842,0.00187173031922018,0.007622005945649102
156838,0.005298302294381385,0.012631859695124925,0.0019458058246484833,0.01014708416037019,0.0033414544029499726,0.0029292764725321607,0.002479383412632652,0.016792526567371624
156840,0.0019131293167904406,0.004084557623972529,0.0016278529505569517,0.003426876385259972,0.0013752030382472302,0.0017118792215775613,0.002003943517936202,0.0031204862784662973
156842,0.0034072762767168308,0.020065365922390166,0.0025450030026941683,0.009856762447391143,0.0017456025320723573,0.002666597666093118,0.00506301659822328,0.008963264774064561
156844,0.004081793444944692,0.008069489796756812,0.0038490731423885954,0.003786205142576604,0.0035056113151738094,0.0031439451542860652,0.002433483799805458,0.0028232949886125014
156846,0.004087136018694759,0.020303807636033788,0.0029870298223211855,0.010220766638475931,0.0016754307328510493,0.0036804185309203957,0.002581719881098954,0.008935143608473917
156848,0.0035783561966185595,0.01054321099508565,0.0017808870860208104,0.005788102068081891,0.0023573009509406107,0.00415795086871068,0.006753071287968204,0.006223331677144339
156850,0.0031058615657182514,0.005332574903449405,0.0021215496458139166,0.005035226458005582,0.0010273306477105587,0.002767466647430661,0.003501886474802443,0.006639378352901737
156852,0.002904071582916723,0.028198955825907923,0.002754178266757501,0.005017901470738606,0.002229172834756335,0.003168159055360553,0.0023900745810841034,0.01195923685990885
156854,0.003502453496523908,0.010801880902017169,0.002841010802048738,0.0027608662203216228,0.0028814958950990205,0.0033473293478436666,0.0020211623986234883,0.004766563840490845
156856,0.0024950244471591554,0.010511075329376673,0.006003392203424218,0.007366305977468679,0.002542973349530922,0.002699761737640083,0.005584087604483534,0.006724650435441015
156858,0.002561513720289954,0.007982473230909781,0.002401287564840829,0.002692842033727383,0.001761415518507628,0.0024260981872475385,0.004424311456001695,0.0071136161789484564
156860,0.002900969159661662,0.01453614491616606,0.0032178248426897316,0.005793177505243108,0.0009444838883454626,0.002168293671025459,0.0017059462287956212,0.009573962461345786
156862,0.008859259449918222,0.014703317789224235,0.0032394495391143696,0.012422688908078128,0.0026135813861993956,0.003263509751780261,0.014124346742365512,0.011641913423435568
156864,0.003009928567021883,0.006772116401334793,0.0017262117482254175,0.00563057970720765,0.0018573196695195193,0.0036122693114828963,0.004596244995332344,0.004525158110880945
156866,0.0032657634277267894,0.011809244195147228,0.003228191679874662,0.0034981644957060715,0.002561979063458786,0.006761229145357817,0.0017389218410674007,0.002456874102691131
156868,0.004682579117189223,0.007397335885522216,0.002677695896417198,0.005382790975638763,0.0019147153941650452,0.0017888031781602282,0.0013662984105523718,0.005701659237271672
156870,0.0013985365150939177,0.004877591128509773,0.0020867207248782688,0.004246926587687716,0.0029261045904291905,0.003061088687903571,0.0014432064250549104,0.0034036236243839696
156872,0.0036706148537669764,0.01127516649142657,0.0021440368342880017,0.006047366698063661,0.0037301767958708987,0.002684772933264412,0.004949708342426362,0.005252004841639624
156874,0.004547646548076545,0.007210992033677366,0.003511561226326579,0.006199477331556624,0.0018611015222005367,0.004923762008337329,0.003532571333609305,0.01865654423591767
156876,0.001967543607040767,0.0034891956338881785,0.002852553406020031,0.002558196076233435,0.0027807854363723905,0.0020807930278237685,0.0010412530841442807,0.0026962017358606177
156878,0.0016575921344942485,0.00511281197596164,0.0023439193036770695,0.00674569671073133,0.001240301780345343,0.0022300259648808662,0.005281880465188904,0.0069611218079961845
156880,0.00501212818675989,0.0365250768264227,0.004795277013169896,0.009400243392776453,0.00580617785326254,0.008096787675881956,0.0030005409621930573,0.022603264348310725
156882,0.007257813098263455,0.013079669414218564,0.003601177425082161,0.01349068385322788,0.001697411210835456,0.0042651062722411925,0.01216677802251298,0.01679054543868852
156884,0.0018320480729153155,0.022443929421820608,0.002565452747806063,0.0042042096737816,0.0016270387106390866,0.006046408419951854,0.0009597985023884793,0.008833030141081943
156886,0.0028547488118029762,0.006650164667143521,0.0016954217638878166,0.002888133182988098,0.0009791085305757008,0.0026625340383113483,0.001978065420229616,0.0069194272703418935
156888,0.0053392016154854005,0.006436203369432347,0.0030720015910930126,0.003430544981142758,0.0018290761468571365,0.0043385244163856584,0.00693405022372634,0.0040695606113614335
156890,0.002105669498402074,0.005030236878056371,0.0018120874337630571,0.002352774130033597,0.002517207641955857,0.0026644327813463153,0.0012866973070729953,0.0027000981609981572
156892,0.0026304755025397114,0.019772524118000234,0.003401451484315157,0.007125967057675153,0.0012305818848768468,0.0031984574006128086,0.004501012744214883,0.008334935542785082
156894,0.005992547655875535,0.06676679848002554,0.013896267433185727,0.02033445823732749,0.0027377729853592797,0.014175051729527155,0.0019993594595393294,0.007605343612285209
156896,0.0012262838581601626,0.01232788534749063,0.002474354230938683,0.003156790185718572,0.001896693318164333,0.003082087152329882,0.0037448687267572917,0.003353187880898112
156898,0.0037574130256230603,0.011331035992512284,0.0019076945134838402,0.002317758794369143,0.002265214334553081,0.004069861003781705,0.004876726350611316,0.0036195155938580914
156900,0.0024973822535736545,0.004384568446738124,0.002078814812771279,0.0018638986194505908,0.0022601034629730066,0.0020222963914273834,0.0013856429789572133,0.004105128317777373
156902,0.0026786100925105943,0.004632085947449349,0.001370959933493801,0.0026850327514038735,0.0033642111230833965,0.0016542261699479394,0.0017430683205921366,0.002606571484331091
156904,0.0024845198268690916,0.005541942921806486,0.0018373939104432552,0.004036960041320592,0.0010171045201803341,0.0012267441411768637,0.004632189392808961,0.004874138718870269
156906,0.000997361646686859,0.00453736643010233,0.0014234214122721967,0.002002291892089572,0.0012459041680876887,0.001641958652740097,0.001093661728347739,0.0010193873739621773
156908,0.002409263952370344,0.006018984326562615,0.0015838910997551109,0.006061798708461907,0.0019674781714723033,0.0014730622029005686,0.008652188062308108,0.004325515541734382
156910,0.0014699232117166283,0.003117774497596315,0.0021200896838347583,0.0038772370299370446,0.0008687417916203449,0.0023278339587960023,0.002352703297457348,0.0034342600750695423
156912,0.0011045515118047883,0.0032316485971723014,0.001318755527520088,0.0022936733308225876,0.0013697480341721274,0.0018480878102179604,0.0032044031197791534,0.0038486469682439545
156914,0.0034504643263360557,0.005642316236639466,0.004509988636957951,0.002627083694710708,0.0015134493379535124,0.0029609519510955806,0.0045102198037155206,0.005308940424947117
156916,0.0026748093570481274,0.01140899598984918,0.0021852547511618803,0.007419743935513035,0.0019116367360245828,0.0018065752518552913,0.013278567962698384,0.006786692196545596
156918,0.0036345949845487113,0.010958575070588117,0.002736998423726933,0.006494723242289391,0.0016160237271217875,0.002352147876924074,0.0029710348163933947,0.005424495169484234
156920,0.0013537262929464028,0.014079264488209342,0.0012177483208875156,0.003817731184645956,0.0016707308269390403,0.001936416011983369,0.001787341020547617,0.004388759947566934
156922,0.004315353713209902,0.014100351825265867,0.006179596996887027,0.005402021089475406,0.0024766236459642516,0.0024021061894958923,0.0021468922298440024,0.007426495687912704
156924,0.002622875534610325,0.00747626985693467,0.003735169859735446,0.005617964085104177,0.002797340172631127,0.006560664498565183,0.006170711712845611,0.009400786622820512
156926,0.005238604309001582,0.010138160970392607,0.0026980567149479523,0.003178387255893478,0.0025986631732484305,0.002904096877950915,0.0036728572894731415,0.0071033656630353215
156928,0.0038931563508742273,0.010094536596858328,0.001788029650345857,0.005089860465373741,0.003010465701401857,0.003871857323756514,0.008557856082282156,0.00618581159218673
156930,0.004347192458681315,0.006965090839118615,0.00258043669277086,0.004369394367234103,0.0017716837108423672,0.002496239319170146,0.0021908302483106823,0.002834489794576678
156932,0.005595465727282978,0.019500974426718054,0.004835557929713019,0.008923759146696464,0.0029647345161705335,0.00501157646395628,0.0021108129376996715,0.00829368859755425
156934,0.002432434586862056,0.008733205121430387,0.0025281867669670888,0.004997462489138238,0.0011524958267373209,0.0032543217612702874,0.0017319373652480707,0.004048655505368481
156936,0.002912266907216368,0.011556415378148943,0.0019964231836516882,0.007366371202775002,0.0015632230848217632,0.004050319673754077,0.0019465749526697551,0.0032748438963118437
156938,0.005300748455979942,0.008250674646939127,0.002874579820044909,0.008196316405850945,0.0015016618409791627,0.0031854066816806026,0.009983127385761181,0.023106037037925242
156940,0.005641818156470413,0.01471456953635647,0.0035693642833414807,0.0026814037717871053,0.0022165070133333686,0.004058527930656197,0.0025376762447787554,0.003368725550114471
156942,0.005738304175209541,0.028770198722974705,0.008920054602006788,0.011077754039936716,0.005076076122102757,0.006656164088703953,0.007016406737157477,0.014784101742346734
156944,0.001605400187836406,0.004643832339304377,0.0016858915325022178,0.0010683323891156338,0.0014369423914212393,0.0015587425253028725,0.0020310084008352686,0.0015173886475540327
156946,0.0032896564584890126,0.004248810702567385,0.001939182176846202,0.0031458353877911183,0.0018876948139157218,0.0022963295948932316,0.004486387849047591,0.005017144665800721
156948,0.0026526893664452628,0.0061982618842986725,0.0015302344878901503,0.0026369829344619067,0.0019546141860341676,0.00173363415977347,0.005080997032098689,0.0024867652890725594
156950,0.0062746971403942475,0.030265892359004676,0.0072535977951853625,0.008104239088454257,0.0028165116321965528,0.006074264154088349,0.005122736514097392,0.014109828751866837
156952,0.0014436335704361009,0.00701769367054883,0.002903565705366873,0.001649609077137626,0.0024758469159336105,0.0028506575832396713,0.0007881030432036612,0.001962713556228124
156954,0.0016414952602828436,0.003504610450196566,0.0011593859398396078,0.002418422975084336,0.00336101010601908,0.0013117210337441065,0.001137761922974781,0.0014204795627409533
156956,0.001891787104249476,0.0073589284298236635,0.0015554864528089518,0.0065647760591867055,0.0018602755601775933,0.0029822991952279665,0.0021835843228058677,0.003939900997871837
156958,0.0019581584641770178,0.006665647617422943,0.0032210613933278953,0.004754222355576376,0.0027897277776203766,0.008795706413371962,0.0026812455928413303,0.003323325763522844
156960,0.003606371561102828,0.022938964595042854,0.001705940997354105,0.007748549491351009,0.0021989549030474453,0.005413918351060476,0.0020373403019041114,0.0037709532240646215
156962,0.003641106931907015,0.02445234088022752,0.005397520705266778,0.010526581288132997,0.0028750016691712066,0.0031698606531617296,0.004518231237413739,0.008564246561015842
156964,0.0016295897140375382,0.015730809131613066,0.0012520825093931404,0.003399110191737942,0.0037891920761892184,0.002238644149276117,0.005063800183070788,0.004022178325437109
156966,0.003295405728673609,0.010007517856152559,0.004874938761659564,0.001472713070151066,0.002660685164102894,0.0049718292597150104,0.0016077220643229695,0.0012288295423882462
156968,0.0035588794217012443,0.007289349219874508,0.004273036357552107,0.0052171766741493375,0.0025866061053540085,0.0023541541323910398,0.0021193679517655384,0.012813378375003737
156970,0.0031709593637985756,0.009595687730553415,0.0023579217392160623,0.008960680447527791,0.0026164472824663637,0.002309271267745952,0.00447939099311534,0.014672923829155471
156972,0.005132624770286753,0.014321143377243273,0.0023783827484569336,0.006734862515878071,0.0020194360574615905,0.0031429697586815714,0.004670653438666683,0.00903624463536451
156974,0.0041809047196000315,0.016889961934989595,0.0027750152688038043,0.003385179065897026,0.0040387723743515735,0.0035888299639941362,0.0018766059541920482,0.00380449412439067
156976,0.0030297216765815538,0.01437509420106059,0.0022650966072464,0.003845702296924172,0.0031277598475116936,0.008238886989425043,0.0019579329584209493,0.007388659330477554
156978,0.0041402840988982725,0.009617873104137198,0.002211842100813266,0.0018225958942095222,0.0014880011041665947,0.0018854389064524302,0.002283786026194626,0.0028803545681358594
156980,0.006131290086046681,0.017193066943441915,0.0037329080236909867,0.003991941125112197,0.002426670345309981,0.0039936284397202315,0.003336209019535241,0.004391222289598318
156982,0.0017376681139911337,0.013315948038463754,0.0026828997579889796,0.007756824511378824,0.0016835771404539873,0.003830081430700183,0.0016544773924744849,0.004244815710073235
156984,0.00194483017113313,0.009066842639086303,0.002871241273556757,0.00398425950376069,0.002545954035185538,0.0027155299010870326,0.001439856278398502,0.0013359139600677694
156986,0.006201231493002446,0.0369268554751665,0.007731195102715971,0.017949392241531692,0.0024500991350389634,0.0031526125526565446,0.007615484465791411,0.020651793848630584
156988,0.004695262280542123,0.012436936358629025,0.003139893346129574,0.010738339720233248,0.0026057841440281365,0.0029718105376639464,0.0056708486277612935,0.013402994156237524
156990,0.004505274528325609,0.013358169773277417,0.0035040234072686444,0.013603786305185273,0.0011140263136594358,0.002855515970046754,0.0049680359103556615,0.011341670711225105
156992,0.0030776017215883855,0.004694616994609879,0.0019341282199658721,0.0024534057360675737,0.0008883474036813915,0.0028133219853787583,0.0030871611763680917,0.004416186701448277
156994,0.00395851626976218,0.010107327745337236,0.0025175433335396097,0.005031990348942694,0.0019306692762919297,0.003126759052630171,0.0032976284597391464,0.004909617793694088
156996,0.002263190701775622,0.008414064592216164,0.0022409936001333564,0.007029717402961211,0.0016419628794217683,0.0035439230483165357,0.003551167528430599,0.0061157185515897106
156998,0.002415819300351077,0.011005081291572127,0.003750430531891405,0.006709523825421115,0.003093195677808025,0.002535383523256121,0.0021161347019651444,0.004432145069881488
157000,0.0012543423711848384,0.009408201258803095,0.0017784646857360725,0.0032764749600178167,0.0012482076732267533,0.0014694039420428684,0.0018744102304433241,0.0014764773622283484
157002,0.008847167974166903,0.023923804591404974,0.007435543918281662,0.010119064201603634,0.003712279533392371,0.00794783614672756,0.004286079299152201,0.015299041415929082
157004,0.0071397526250077115,0.007145056956993356,0.002358595437599087,0.003017702878713502,0.002063008409373804,0.004644925027357749,0.0036078084027533347,0.006904858136868919
157006,0.003362492693029573,0.009157863166398494,0.0015846407889076458,0.006118422384418454,0.0026800416567786117,0.0034393971189255468,0.0023689927709463904,0.004960685495940587
157008,0.002150756281999469,0.005519656132012329,0.001551338320462614,0.0028439904129238386,0.0013683500790855896,0.00175462346265233,0.0027164334463564282,0.006898751352968857
157010,0.0011088689894336312,0.006603895277939531,0.0012854273503349334,0.0019750471481286974,0.0008928185351711471,0.0017165819734491633,0.003599810298796205,0.005548868259129591
157012,0.008676422307532017,0.033030527419569466,0.00887563197845781,0.008418451407483707,0.007311393193052906,0.004512113392511952,0.002099472538629868,0.005204584981229665
157014,0.006848143298662457,0.01469836917874634,0.003838406479928294,0.017186850275052734,0.002608054821726713,0.003398278399341939,0.004610750239297801,0.01567437296095009
157016,0.0029314967635080263,0.006662385144537097,0.0033909933856769575,0.004335630450100547,0.001871795754443406,0.004138843124144254,0.0018120027527823712,0.001277372578219596
157018,0.0027387749714394977,0.010747761083378438,0.0032745100580486852,0.007858318435993716,0.0023941959885194347,0.0016917273698183882,0.008848998550695042,0.006782565705876209
157020,0.005484327480760387,0.012160575698616505,0.004545289409121855,0.004611282475226242,0.0020933934539092564,0.0026041398613058236,0.002685558603101726,0.009629225437013389
157022,0.003791814064535437,0.02646982968206779,0.0029168153315811823,0.011137269932361138,0.002420160392544668,0.002483768222995286,0.005612193490961204,0.007284902193938569
157024,0.003679714800099154,0.007742844701943474,0.0028109047664149345,0.0029393574148289248,0.002664218956297759,0.004453760029823395,0.0021518109687224257,0.002747755400883456
157026,0.004461171773009254,0.007232436999189906,0.0026184522854927478,0.002990090321649319,0.001498082122177502,0.0023219606462659415,0.006504182431066319,0.004033696216893867
157028,0.0012780708764481702,0.004039436240715288,0.0008638589134511744,0.002429850556097804,0.001230280812238027,0.0028406371202872732,0.0014334093978050078,0.0026280354261981054
157030,0.003521182122100411,0.009331530455555459,0.0016739223989648,0.004382657424104375,0.0018740673554260706,0.004598416243144721,0.0026160048367751543,0.0024967724078122644
157032,0.0026518018577471048,0.007083804819583206,0.0018037142480444857,0.0035431619754767857,0.0019150635977416841,0.0022446229821080355,0.0019764175396143197,0.003917141948973912
157034,0.002338930778989834,0.014606738699364463,0.007027627372080458,0.003333152119003993,0.003039226252441962,0.005765102309229775,0.0009928352085478154,0.0021545228241163367
157036,0.006499627370069094,0.010247279687593869,0.002237403454005152,0.00771636008112081,0.002175794307550716,0.003092373197605816,0.0033693763993626474,0.010353842104805722
157038,0.0011334118312890246,0.013444446452239911,0.0018769442195426672,0.003343742152637344,0.0014995930123010148,0.0015876243977717142,0.0031273252612040725,0.002960958843249553
157040,0.0022759108241055537,0.011175963498109065,0.0038529666555931485,0.00925595750835928,0.002275761896689002,0.0021787364935108716,0.0025057843219639248,0.007098037913820576
157042,0.005336304643968559,0.007869879637931787,0.0018509222339636727,0.004609748585787665,0.002627737132255406,0.0024340656500476815,0.0032323131774548153,0.007000619899431237
157044,0.0016326168280636488,0.004401482890548591,0.001032006284630571,0.003266550311524244,0.00123592812474628,0.0027169305185709286,0.0017788464649886593,0.0014297119988173623
157046,0.0034122703728534237,0.007800801779112243,0.002902798140426377,0.0046052586711132215,0.002126245857882181,0.0031103775080643242,0.005912757157156057,0.0033942238381001882
157048,0.0013041467180619493,0.007596784851517102,0.0023108107241684994,0.0035419398174119238,0.0018062345221970255,0.0017355962313878592,0.007944885937506696,0.004599043767619604
157050,0.004362064211902217,0.008562462226209044,0.0030435817022094747,0.003296176926321559,0.003479989071820455,0.0022652490859693813,0.0021363979867686927,0.0036888604037811495
157052,0.0016232941494998543,0.007059304678094291,0.002487817606352541,0.004912281665440332,0.0012353223528350221,0.0020606740549223984,0.0020049555709312217,0.004208093685864611
157054,0.00565098859130192,0.010365761743998336,0.0028659044317347893,0.007296561983932082,0.002132879927177825,0.003278085100783326,0.005647736097814049,0.008772797963501944
157056,0.006449004735159747,0.028282664210621533,0.0029958224807922346,0.009195749532100672,0.0028995315047100068,0.006179128451195892,0.007797459236744908,0.006105938468241645
157058,0.003451724003654455,0.03858436932999698,0.002346925725401197,0.009606095162205897,0.0035021743891159307,0.003403315884119698,0.00362032875574686,0.014159560819715589
157060,0.005139770259608378,0.032773529900327114,0.008391272674377115,0.008467608644234181,0.0056271743640104455,0.006251802447461652,0.002304524352339854,0.011339318998231429
157062,0.002739805219823657,0.007417888030673225,0.0031698195443550375,0.0034993402932404077,0.0020392361078692134,0.0019483629405867564,0.0028313169393902188,0.0032224531535047923
157064,0.005442519895882347,0.020203352056882062,0.007155216494041605,0.011170719947722896,0.002744652948876214,0.004246605164454076,0.002700489971579359,0.01927891793962999
157066,0.003353265108863371,0.00802100865413552,0.0020604653806357565,0.011673257671749093,0.0016645434547213483,0.006112290671213272,0.008620949492281815,0.014312472810630084
157068,0.006200584947100796,0.009191436071307513,0.0032029035225714098,0.010887167177180468,0.0028516509714849314,0.00528000710198212,0.0031522017599190516,0.009413254885347
157070,0.003497363850133939,0.010027314872223025,0.0053705774397541095,0.004595181281175087,0.013455425358231743,0.010397925383849371,0.0023358153345765104,0.006258115711915702
157072,0.0025153097982129197,0.01327082840141719,0.0016642835663499,0.005891124482504617,0.0012655807980275213,0.0037872211364181063,0.002276460724818033,0.005130020268907742
157074,0.005892118415953329,0.018685286073637286,0.004107722746367282,0.012120084232636552,0.0028893609530067504,0.004186001301255404,0.004883996616744435,0.008625420350698798
157076,0.008040915115401726,0.02005245422778046,0.0030880632847590933,0.009987855071025287,0.0016959737085010668,0.0018998232498539935,0.0025103984643510963,0.012482619365697056
157078,0.002515298214519568,0.005241463853717987,0.002056008634681597,0.001080826464495921,0.003084574400609219,0.002286449386036518,0.0013248163762058646,0.0008915985282096361
157080,0.002258947486794227,0.002864980745383383,0.0014892409327347256,0.003349275873883395,0.0016396860901586457,0.002021246139061683,0.0021686885019850527,0.002276710281505348
157082,0.0034670695153851683,0.00630114625461925,0.0016193647095485986,0.003762102095017386,0.003032282892153404,0.001981904853224137,0.0015731430808907376,0.00287038897724691
157084,0.0015504202316997256,0.005176276597664009,0.0014601758355282102,0.0053266765883999145,0.0011457223311257675,0.0024254350967895105,0.003106856103862521,0.003127286512405028
157086,0.0016095640344083173,0.007727762713651887,0.001969246305639341,0.005150563582108136,0.0024449593923448476,0.0038570444462117243,0.0039675676890827405,0.005925612178899975
157088,0.0068052941434429415,0.010863025034614504,0.003380911817252988,0.002975670341459971,0.0026871963315857617,0.0034490613567614847,0.0037185962441028814,0.0037669161814735674
157090,0.0066118886437402935,0.017670962146738356,0.0025875936827146756,0.009152054595014614,0.0030261032007450894,0.002853842447854707,0.003972786163541964,0.010573181527127107
157092,0.00169134280075256,0.009923785071407565,0.00236610343644085,0.0045844742305620745,0.0034385494890636914,0.002919345288370359,0.0018953210137367393,0.0023690779913825843
157094,0.00140443070997609,0.00920481552538549,0.0024743831388640697,0.0036607489687965344,0.00265753971082118,0.0017152304865835633,0.000868256210583427,0.002066652640975289
157096,0.0020208026694348846,0.00847035812147201,0.0011280533718860536,0.00348235321402518,0.0016238006007893852,0.0025299290650187545,0.001862165901478488,0.004253168103851346
157098,0.0030021165194904637,0.00892410402376087,0.0025688438194915314,0.006689167821655184,0.0036699978187828552,0.00194706017312557,0.003934200381936259,0.005137837892183805
157100,0.00562871927387848,0.013083918309626574,0.005933912927142737,0.011192310032640762,0.013761974050653658,0.005020790942680486,0.007201694561168814,0.0043037363941857976
157102,0.0037934736883411674,0.0032387659929469237,0.0025797815948470776,0.003120437167152282,0.0025328346037276767,0.0027840776716057253,0.0018187377286340567,0.0029414825205270057
157104,0.0019251612159793124,0.003467047580230087,0.002187561736882948,0.001352293797953985,0.0014331293041491971,0.004681836821665508,0.0016143974876980938,0.0036294887311406065
157106,0.0027443200060239953,0.01506866527319023,0.0054824362036192675,0.003873660036747398,0.0027487955399596725,0.0061135186321004675,0.0035730117086152924,0.004975907857682538
157108,0.0020549300741224408,0.009100229959373929,0.0012912802867539597,0.00664479592389805,0.0016745659570444188,0.0014658226828385829,0.012583665833007851,0.004147725932935276
157110,0.004553557151696419,0.007116224272885108,0.0026602297708129413,0.00733997985454421,0.002048602238471142,0.002214443552528478,0.005287086476866654,0.014945216890316582
157112,0.0033813649790343098,0.011551837640555507,0.004815000900927124,0.0050025559403090725,0.0015955832962897265,0.0034673134389855975,0.005674967601703218,0.004595398458774602
157114,0.0028993293066437165,0.009503086682605189,0.001661725889054111,0.0027795813509019635,0.0016481671618740479,0.00157328640718081,0.00763869302334208,0.006643191431976447
157116,0.006427001619903339,0.009775225678087196,0.0030387263970821504,0.008498484604135825,0.0027973953413546054,0.004175653324946238,0.002812720941949856,0.010482887962802112
157118,0.0022846399273303147,0.005533805827662663,0.0015117541874335588,0.00343117122488025,0.0021690660189733896,0.0026366963756319223,0.002912773140046676,0.004784941140525467
157120,0.0022851128820328276,0.006122195929016749,0.003088226001217942,0.004219088605939503,0.001580016484088953,0.0023969678169386555,0.0024530230553097,0.0036196052433903336
157122,0.003331167282578429,0.008838488630261099,0.003856114899525531,0.0027585244748943444,0.002156513203164248,0.0051485992485709176,0.0017854821307333874,0.0018101231543641294
157124,0.008068175368301178,0.021877019537275055,0.003082462326626914,0.005062871339494068,0.0034293969433492194,0.00349952805131816,0.003794123504498717,0.006417090222811395
157126,0.001791235129390556,0.008424152283798003,0.0018446545526824704,0.009608598576138272,0.0013053879299867455,0.0023686928797275186,0.0036167921221936933,0.008291083277434608
157128,0.004097681889536853,0.03253022029341768,0.0028539471281272544,0.013014114808771515,0.002309408039805408,0.006122860529061747,0.007602559017882982,0.01852043415078697
157130,0.0035840249296690274,0.007301789266263514,0.0041388594211922425,0.0036659597099926305,0.003180190755306414,0.004432228401232641,0.000923426211246834,0.0028971797834803775
157132,0.002388062540685576,0.010104259887149303,0.0033160829663408387,0.0024200603302749896,0.003092117981652334,0.005007297687736889,0.0022451613234104745,0.0015237198752588027
157134,0.0028789963878104174,0.019309613485216426,0.0037270053480703697,0.022758833012858304,0.002413509841682218,0.0024163364071827648,0.0046520966955378995,0.021719057563240662
157136,0.004126019639062728,0.004919365165720002,0.001964299908728942,0.005254026604924411,0.0015619651945010388,0.0031829413096411963,0.0025581369126905784,0.0056537647031409954
157138,0.003075896560629454,0.015282596044310426,0.0020776562509439295,0.004054191728791123,0.0015144170135679286,0.004399034474489305,0.0017433986843634758,0.004215634886311159
157140,0.004001848834783495,0.019120683730222687,0.0021715803980138088,0.006400726911203414,0.0021906858747500757,0.005248262582597862,0.0020709886658929477,0.007771595896743699
157142,0.0041158723039785294,0.011662145126658752,0.004597305801541884,0.01599069593947977,0.00265841550211067,0.002965594213264533,0.0013047707488755972,0.0061042071515979845
157144,0.004396316018693336,0.014536969554614088,0.00916883946431657,0.007371798703857735,0.003105277789933761,0.005469686879434887,0.0011127377869792898,0.0049516752587743795
157146,0.002960888705821896,0.0087776905412707,0.0013707891760583735,0.0038633284155784597,0.002232263875919363,0.002462870049470267,0.003741001524270718,0.003914292380398143
157148,0.003660242748174683,0.016492942890281803,0.0028607498848433194,0.007952407993637112,0.0028209807277325277,0.003748345169590772,0.002897489788660723,0.00394272899409942
157150,0.0049964123007196215,0.01639155552784488,0.004401812099757985,0.0034562122131598927,0.0030521620060147137,0.00350532767079198,0.0012274185438743285,0.0032512159528131357
157152,0.0061403407830021295,0.013206917549429209,0.0018947511505280762,0.002709121261833758,0.0014257580088761351,0.0035065518791173172,0.001710457174258162,0.003819841282735728
157154,0.0068592792268465375,0.010767124901939207,0.001649206027689809,0.003941484663024575,0.0034829841686071644,0.0024401032761050545,0.0015806467674673308,0.004302056134430965
157156,0.0035517833728158227,0.007476974647624424,0.0017457385677099868,0.002956538161591818,0.0022938913563922553,0.0035811712759987874,0.004314470810937943,0.0021221303390803886
157158,0.0026109195906887234,0.007818140525485406,0.002983231835760103,0.006235659621299183,0.0028868640408356155,0.004825240818597587,0.0019128386398117314,0.005455404828763
157160,0.0015070090592273488,0.014268280055630689,0.005093191694370225,0.0050009941224227195,0.002806626412089744,0.0035327094974596657,0.001948520801670961,0.0058932291128057646
157162,0.009148522447711971,0.02105812190662726,0.0049427371164521006,0.010363000764448904,0.004381570389079492,0.003366189351701243,0.0021107585113364635,0.007669447792433337
157164,0.0069812247927503734,0.015839274437992268,0.004574159602489802,0.006514596210642987,0.00367858634979136,0.007164496538649923,0.002585023191634242,0.004812967248193412
157166,0.002377183465238686,0.01783321934658577,0.003346844421104278,0.004828412866429099,0.0028795576928628552,0.002908021350790657,0.0024103615616225676,0.004292443231194376
157168,0.004126774874976036,0.012378748776447124,0.004755573545708103,0.011491085332061779,0.003065633027317785,0.002630551164146691,0.002364119264320133,0.007040413527109601
157170,0.0026805064574695336,0.03185900918463802,0.003327617126396787,0.010191805622472572,0.0032778231860525336,0.003373130928718604,0.0037765526730982324,0.026785587280997447
157172,0.008738882027103934,0.02679246992971529,0.012104198039049108,0.012632459267948093,0.003978939501481316,0.00659519274777054,0.006058888196493195,0.015678317057169266
157174,0.00220183438848455,0.010623421482767237,0.0019455383089062028,0.004161732709528687,0.002219807249663211,0.004907576781621126,0.0036346740402431466,0.007010920807187182
157176,0.004669940601388589,0.006305961376078584,0.0037535014630663,0.0032343327516230064,0.0023715961307611,0.003077772015667668,0.003942410875741098,0.003113802788225206
157178,0.0025515589580355075,0.007095101788602565,0.0020862881659065025,0.001664436457285548,0.003742130391394538,0.0028748418741939563,0.0016474149902027252,0.0025859578023104124
157180,0.004021134122617065,0.05501885399198181,0.007965622048995924,0.009486002823312634,0.0033991188794018634,0.004549923887321727,0.0029288034838177573,0.01196560931003976
157182,0.0009805257981355814,0.016468323030620846,0.003963438907277406,0.0037366307652020453,0.0019146153077965883,0.0025475851122674364,0.002397302324319908,0.003582887613140573
157184,0.003077568655323104,0.0060180375477267845,0.002171629006101919,0.0025782919446639685,0.001482602540293032,0.002217480511947381,0.0015376656398830152,0.004280774916559871
157186,0.0016346049358482162,0.009747057848714713,0.002229310731741499,0.0035539248132783335,0.003003934638564021,0.004048982622577635,0.0022398488690669183,0.004419259974437539
157188,0.013149080969142801,0.06332370550323763,0.006841007840208135,0.00931084695850043,0.008016550544726053,0.00856358603210211,0.005954191181756718,0.007523486730028006
157190,0.0053378014777296645,0.005595058887697901,0.00324304655277019,0.002590093406079977,0.0008797022028914775,0.0024383097821323307,0.001741230427364529,0.001534297126515663
157192,0.005800137733542654,0.01206025093694052,0.0063310023835596585,0.0024285249092160927,0.002206559087337079,0.007831098866085462,0.00102516581892044,0.0027924638322501943
157194,0.0024954018297798086,0.023459174170285202,0.0033261993986375554,0.007664733642728017,0.0019142263976550944,0.005427785937410834,0.0026042911866431956,0.014094449601444181
157196,0.001924940233469577,0.014067045941011325,0.002752973310542528,0.014788950598478012,0.004084096703778961,0.003000218554555248,0.021425060580632982,0.024121290209500934
157198,0.0028847851723223933,0.0167054674648206,0.00406925927947116,0.0038150017679763337,0.00487704582039955,0.0024526599605687593,0.002517272685124708,0.003534432787049069
157200,0.003621137077168282,0.00522819422521309,0.00419673083156763,0.007559337980199088,0.0010913847479656624,0.0025700013657683485,0.008519704964049746,0.009129580515193858
157202,0.006776946271380702,0.009848291712215351,0.00247452138038029,0.005439551064912118,0.0030916311947120634,0.0037471697571768298,0.0042126226252046095,0.011507777328667368
157204,0.0024897860965007595,0.010778387385940391,0.002195640185748818,0.005709207168780817,0.0030219474525111784,0.007718239862064602,0.00934325845759748,0.012899071686280073
157206,0.005205426749373354,0.006206064640208675,0.00229011074204305,0.005967872743257774,0.0021314270783535094,0.004452963509948837,0.004840669816283061,0.007237622249690823
157208,0.00457878558077085,0.011453686658208007,0.0010631977635622847,0.003454455990770988,0.0013359945679707885,0.002139786253985143,0.0027753551710196778,0.011850819374565946
157210,0.0020949727588207706,0.0066714970084814085,0.0015141528868731768,0.0022319013137623994,0.0012516114341410423,0.0021087732846498813,0.001685919677069228,0.002530538823722353
157212,0.00311168654804074,0.01866840397669578,0.002589803719054165,0.006254365316999078,0.0035665040147088295,0.004471005560564345,0.004491121028568301,0.007667136855982415
157214,0.002518107106506698,0.01164375764421749,0.001945336205400397,0.010661697336296294,0.0023984253016430396,0.0025689370933328903,0.0025822177229062465,0.004163623793840776
157216,0.0034658658166635825,0.005521102063582584,0.004269054329615551,0.010680036415212868,0.0017226011369671085,0.0036333742222469656,0.008491042171769936,0.015329648716823963
157218,0.00404423360918843,0.00874291241225672,0.0026403520284696974,0.009253246751804112,0.0023240825746426858,0.003643925443607157,0.0029694276492943233,0.012841648779791603
157220,0.005686352493432745,0.035547796744626936,0.0040569332600206565,0.012507367840108863,0.003140537150913225,0.004421321637124942,0.002977172685137433,0.017076014807750006
157222,0.005743890771016391,0.008940780087651812,0.0062457561576856335,0.013079238257221404,0.004028782147091903,0.0034405236670522754,0.013691435381360029,0.010579487578979752
157224,0.01240089496148672,0.010288661342258365,0.005137479018175961,0.004736842545982833,0.0015601689184411432,0.0033149907078142693,0.0031093790827512735,0.005660936677884587
157226,0.0029689920268132775,0.03727282363799134,0.005858444707236343,0.004786350295955311,0.006106621980927152,0.004168335585824856,0.0030339061569437664,0.0036444143424043673
157228,0.0010728853000054883,0.00444673799585843,0.0014305026084327488,0.0016580656812582029,0.0015837295009293317,0.0017302060712977158,0.0041747780924092925,0.0017895336931979117
157230,0.002294292821737598,0.009385291950705865,0.001404083945131751,0.0028491449579882144,0.0019321417573967686,0.0027031664260610544,0.0018922479465013353,0.002935696036345928
157232,0.002457724678623499,0.012563843849813294,0.0023062110681272424,0.005545860571374073,0.0017869425831007618,0.0027674713508396565,0.003021112796049455,0.006415700850446238
157234,0.007280624357337617,0.031131762632421678,0.003954157943945269,0.013743754637296546,0.003561797994270491,0.0030628322105235584,0.009248113027802207,0.030591207235119988
157236,0.00435911518006199,0.009759316378052996,0.003129601445075514,0.010125141901187684,0.0025820261522409155,0.006393325734661781,0.006058170246220129,0.01409173598396768
157238,0.012156030961431918,0.01490114482294752,0.003912778502769554,0.004908988218883303,0.0020619053467941933,0.005521696655468811,0.0018507869679412897,0.01096990444153878
157240,0.0036785339309959447,0.021553782851153835,0.0030622145616741037,0.01041396658195115,0.004454060359178558,0.0035506440804872336,0.00889173578533381,0.011539408005830865
157242,0.002018847829990733,0.010258697136141193,0.003504864512567707,0.00648994220924326,0.0024025392917877003,0.003367549423913596,0.004418412068220301,0.008918430587481263
157244,0.009598927037600069,0.04837793277557978,0.008520494468066353,0.01633992951696772,0.003437014408987693,0.00654673630170155,0.010194897273287096,0.013278567962698384
157246,0.002407284791404188,0.008332096599615257,0.0020379809964471557,0.006442582727661517,0.0012182080395451017,0.0035382586534555976,0.00818360784700567,0.005197633053989625
157248,0.0012367915997346796,0.007612887836683735,0.001402544681193288,0.0019238534848878275,0.0017447288551588613,0.003937785575658437,0.0017697731163158897,0.0029016132708079567
157250,0.003448815450746656,0.019111927623965963,0.004403651152401489,0.010507511461391117,0.0024354244290290122,0.0027003412970240254,0.0029251023460441644,0.00895929110284599
157252,0.0036223840327154755,0.010604613963550946,0.0024865650321503896,0.0039025423537106807,0.001692239481423885,0.0030066389496933438,0.0031996015140041273,0.014072276003674666
157254,0.001508987194899239,0.00605138487660728,0.0015151149871397984,0.004483131681291219,0.0014709494531644496,0.0016132167241725975,0.0016918281923674616,0.004321606108650455
157256,0.0021553107023176837,0.010803897415158303,0.004742813233767018,0.004461599752991818,0.0023949233425458183,0.003806944412590385,0.0028774686679149952,0.012089188959152841
157258,0.0023649308046217593,0.009321078659263515,0.0019632357767598863,0.009054309677702044,0.0016264422115830346,0.0027660315104998667,0.003733770245120241,0.007572702538416687
157260,0.0039651183114420285,0.012055875511453928,0.0016604799697968048,0.008267298830356984,0.0018583762220485966,0.004537427658562798,0.014390025054894728,0.010161000518525365
157262,0.0016126930763808028,0.004259387945296567,0.0015844741100837917,0.0016045420410657485,0.0011261471067245399,0.0019061851877444358,0.0013936686437566181,0.0016895550522946223
157264,0.00235188735416636,0.008525738583134768,0.005490494602383933,0.008388933220032868,0.002110053428181269,0.0021037440776078414,0.0026385969837506296,0.006974796847721232
157266,0.003388886869474819,0.014219654372438717,0.003182020823731202,0.003692231077817576,0.0025922377453280326,0.0029125194149953876,0.0014384300491141616,0.002526116648357682
157268,0.005413578466966273,0.07300579292019904,0.006131881667404082,0.039300555714763874,0.0021440385592372824,0.0073896276951979645,0.006383870143991166,0.02556674073661136
157270,0.003133251650983118,0.0075747203661278295,0.0015913653597770527,0.003380178851206131,0.0018872594491786132,0.0018694975042308215,0.006461379220482399,0.00599678875266485
157272,0.006136299009900592,0.026332155659147816,0.002026845270364286,0.0030066732668487944,0.001997859581203257,0.00919702990598048,0.00246138830524828,0.006711730814060957
157274,0.0029381037203526916,0.008473584012258506,0.0021418063657352437,0.0032144661486539633,0.002708576046818456,0.002384561245208694,0.005874907434154031,0.0054546443334955175
157276,0.002565287083236681,0.008521107940691275,0.003344727103832948,0.004463036124221276,0.0028154599440449873,0.004762412585713138,0.001986114565599842,0.006476890389521595
157278,0.004774898547108608,0.014231110619777942,0.002489735536410645,0.0074788443721596765,0.002853420164044884,0.00410204605272213,0.005294653085287315,0.009412906465371629
157280,0.002489048193179466,0.009429580018066597,0.0016213858353947425,0.00259244297180633,0.001644134603295877,0.0018431943696178982,0.003253655772145203,0.004613805448479058
157282,0.0019223416990583747,0.011189084849967168,0.0035995447719966572,0.003083507723182999,0.0027044088658862014,0.004945906675557554,0.0018656337522457989,0.0032722495298115467
157284,0.0010742274691822318,0.004863555001827002,0.0016181161946630246,0.0015952383830847433,0.0017012064509105418,0.003101270069600162,0.001979237642127041,0.0035333401257501423
157286,0.002525391352392603,0.00967561779805065,0.0017112571958000644,0.0033933318816541935,0.0021743529695355535,0.002832237165995233,0.00292686152564553,0.004459710823923546
157288,0.008896502590758859,0.0198411005675192,0.003414482969903654,0.010046271141568364,0.003691148691489801,0.004564679075465483,0.0019270286321182994,0.01219071138366079
157290,0.0033697855367820356,0.010942987842566476,0.001279090702554067,0.017517934007983627,0.0016911614096424277,0.002428402644775396,0.007839871701731893,0.00811040827393783
157292,0.003867697570664186,0.013356185826830291,0.0032541751273096886,0.0075436593166356425,0.0021175768447368043,0.0037086660430119545,0.005712587684625403,0.00952259958472862
157294,0.003968250083348446,0.014374258088013792,0.0030353751016427705,0.009214934459969515,0.0023683603744152487,0.0026505523836872907,0.003969466711650549,0.01634530906309184
157296,0.0065712767861386134,0.021205697474684593,0.0042036135560161725,0.012202522276695549,0.00216709621387369,0.006851587845300211,0.014043573015737332,0.01587944036189648
157298,0.005345479449804458,0.012579056074400796,0.0022426607893530903,0.009829276526633957,0.0016157323152477532,0.005213737350368897,0.005285697523006727,0.021040515250231318
157300,0.002850872398230467,0.018938362662802355,0.0061326459814275425,0.010821329042549843,0.0019220023069124181,0.004399120458989325,0.004023645163194145,0.004581088856712379
157302,0.0016542446549119294,0.005940148617629648,0.0014064211077880473,0.0034309543242381224,0.000953303994583491,0.0018086272755033495,0.003988952478280794,0.00783367836931248
157304,0.0017310196871234695,0.006736482931714305,0.002375769128564409,0.002113264220311939,0.0014247375333965723,0.0022832519740171447,0.0012893487873118087,0.004920065434719456
157306,0.005083231023953694,0.012700997884246057,0.0025100304011127644,0.004023000553356193,0.003896080996330875,0.005102408486294729,0.001368911821831631,0.005311572573973855
157308,0.003988533686494267,0.005444483440371128,0.003163924870646595,0.0016182564599594024,0.004627008403705668,0.004503583372644171,0.0007354904463588441,0.0015083314338616566
157310,0.002240416260821179,0.007857498150198927,0.0023243692115938602,0.004601258129153019,0.0016895875149650075,0.0021970976409013826,0.006396780276035019,0.008256868165191555
157312,0.00291981630498607,0.004672734216261409,0.0014954604975759983,0.002498660267121977,0.002161667755943064,0.001916673635630764,0.0023252558146780317,0.0027516130668981398
157314,0.003373584001508681,0.015246244962956235,0.002047558662014018,0.0068482246850474215,0.002708537271169098,0.0030839256004294158,0.003553269700244721,0.00537258257565143
157316,0.0024076785112559507,0.017509012693509796,0.0035459946802314374,0.0018861772432279822,0.0030617614663791676,0.0035623640646333943,0.0020848400494068997,0.006079241601927521
157318,0.0027215064939835193,0.01120948888051615,0.006656344015883775,0.009279708993910118,0.004617975482910319,0.0034874090508483363,0.006359081174380998,0.017090544103130156
157320,0.0023586424770628,0.0030183950233593354,0.0026774880937666806,0.0036381614311162824,0.0016926134239430568,0.0012737589688228829,0.0026613665974787454,0.0016096193337174075
157322,0.003417883574263883,0.015916517492886584,0.002375960878364447,0.008795454863051388,0.001485103479154981,0.003575961019258292,0.0012751335594255592,0.008987841523836693
157324,0.0029378513174364157,0.00464040582916625,0.0020908447063066604,0.004442357003809294,0.002671093723366505,0.003824518449080952,0.00392478569806004,0.006372239812437508
157326,0.001725136523306317,0.007061659868862202,0.005808841907708251,0.006984169640596782,0.0009982152515854992,0.002227517700322937,0.0012474131117157367,0.012645013368844937
157328,0.003831276692381813,0.026589261614079485,0.0073800493124132616,0.009014534371050209,0.009643529895944136,0.0046314074962233165,0.0017917589321653354,0.007982526484582364
157330,0.002865094403416993,0.008371579040261645,0.0017436195664916193,0.002143956107437797,0.0034849349931209833,0.0041898952216561924,0.002317816903177908,0.004533152696751586
157332,0.017099611487554123,0.006651556107241385,0.001956854402918262,0.0029639540402576353,0.0021911650458870113,0.0033807675570166063,0.003927076913961047,0.005010337044510038
157334,0.006297419643552793,0.0044916672868367535,0.002741127044643632,0.002707749022397135,0.001728604504602993,0.0036406326406162592,0.007948617293354943,0.0045055285791342214
157336,0.010785432136230233,0.04482036950914736,0.005294977288044456,0.025211535927738282,0.004309254526853101,0.006249433291474427,0.01300074670519541,0.019304445486195698
157338,0.006455689746392379,0.01596741803682833,0.0028375334542311142,0.0052714966909697125,0.0018441310726437093,0.004466332788112537,0.007414710685652359,0.007787918510417102
157340,0.0027855351771164383,0.012202607871818982,0.005302492029625461,0.009708412347749551,0.001291023009061934,0.0022380227012421816,0.007642713924628508,0.02838031678289199
157342,0.002473809829881768,0.005846884179633527,0.0013290388538900327,0.0035143728811096175,0.0009777572864222983,0.0015774791482221634,0.0010630294135369894,0.002153529707960136
157344,0.0028698884368934113,0.00645219299969213,0.0031558864643889267,0.0017486495052805445,0.0012510200135818494,0.0019376420774017689,0.0015249881680307192,0.0017762282514738464
157346,0.0012984692321760805,0.006610295399101018,0.001046057129610256,0.0015531676788536064,0.0016865612533492058,0.0021231532662983194,0.0012463368174189804,0.0011796778681572584
157348,0.0022987069723902215,0.019583668917250385,0.011713272138769215,0.010581572130959671,0.0021536610959811547,0.004570739757585651,0.0024908267817740914,0.00670621768376517
157350,0.0016378697762640254,0.008633498784736071,0.002516569964362017,0.004288911793054462,0.004205945129112598,0.002215470603844097,0.0016348998521637098,0.0037141782056343
157352,0.0028377402331438706,0.02051411326221686,0.0034613524927186307,0.008532144589419366,0.0037980970369089345,0.003033762523989625,0.0018950453150881064,0.011588805756758414
157354,0.0021465449531358344,0.007643043510903391,0.0015011274686434067,0.002517199044358487,0.001081369330169224,0.0023267132573119437,0.0026937344497058313,0.004649225941948887
157356,0.004938299346156028,0.01079867531237344,0.0026696206656702387,0.0032288106047835413,0.0010858239566681332,0.003172132119133156,0.004147874684221842,0.0031043416211498087
157358,0.005240765884560128,0.007654060728911283,0.0035335854837054287,0.004965849430860203,0.0033595546204572835,0.0017399653014777,0.002165788824208273,0.006458285684707354
157360,0.0038618461878160565,0.008078052262769975,0.0027380961740691157,0.005588758664454352,0.0019556703778916967,0.00251555156719091,0.0035365579144247677,0.004344381050253254
157362,0.0037237452272021465,0.012235755723326636,0.0030418112055108915,0.004547822403477619,0.003789190700296277,0.0031338906036104813,0.00292182398637221,0.005333184284617154
157364,0.002488308169279488,0.010574140722642567,0.0016509738194848828,0.007381393496710464,0.0017038241531786152,0.00226289935612968,0.006184840062817054,0.0051545522137319555
157366,0.001642117760866313,0.009027504161829791,0.0017645288342754833,0.0024954502142309765,0.0016345745118789973,0.0028849084266596853,0.0014790092347855138,0.0034318970408628857
157368,0.0031778483638529448,0.004770391672981822,0.0015227125985898399,0.0045162742777896114,0.0017698054003739139,0.0028464611659870798,0.00641116972525424,0.00405450293942794
157370,0.006896101752936978,0.024552709199557654,0.003769110534879161,0.012601318748999335,0.0023458949826227343,0.00676612132066623,0.004482289640922232,0.017074803662980864
157372,0.00441943531098965,0.009172563912196674,0.0024177700931777985,0.001797163200077334,0.0030197246876229183,0.0028108352442695606,0.001291346685158068,0.0016172591499417216
157374,0.006810033763660073,0.009782583118801702,0.002248251414648919,0.006479321461861309,0.0016249732169862363,0.003963682820995518,0.003433099628919037,0.0034638093968138023
157376,0.004169415085268691,0.009373818914917786,0.0022923992838837087,0.0031872790510215077,0.0018034911736753007,0.0034547669103491274,0.0015765489180352837,0.004239440877484901
157378,0.0027284613491651705,0.005932147642554675,0.004227826465857953,0.009298078884118155,0.003121088547786366,0.0024164682563043854,0.005764819457848569,0.0032063683931691372
157380,0.004740709727436787,0.019453097692946564,0.002344631043875778,0.010876774193425975,0.0033476548072646772,0.009762119409280567,0.002525853402935374,0.004480167930263568
157382,0.0018328725298003695,0.005514768381690516,0.0022055995361967007,0.0023633647292654048,0.0019486720912107458,0.0018696128342293172,0.003931800570456057,0.0031257538358318016
157384,0.0018818230809052872,0.006468576381961688,0.0013837272077275031,0.0046847084450312715,0.0017814565437253155,0.001729812814738274,0.004563424740751609,0.004686192530050315
157386,0.0017980663348888953,0.01636280251501887,0.0018015467395484652,0.005504517344356863,0.001729544471460509,0.002622222701848101,0.0018439007137717317,0.009361691109938342
157388,0.004839532571481231,0.008121015954461797,0.0030398370600255437,0.004204572968867171,0.0048411125174299685,0.004110168007569692,0.005729869596117432,0.003881291434846057
157390,0.002387522256444896,0.005425906630842692,0.001239102929876168,0.0021218770482041155,0.0016477800154879874,0.0027357991804111276,0.0022223385666431117,0.0031038426655665696
157392,0.0028272524459572873,0.022924536421966346,0.005908354603541888,0.009808155992054035,0.003619399499363643,0.005852633946815067,0.0020623011972815825,0.006965022440846846
157394,0.0009184019450572123,0.005674944028388751,0.0011950914128577989,0.003858011589777513,0.0010139338911821505,0.0017759173980208681,0.001500147023004994,0.0019462501911898245
157396,0.0024794576111466515,0.004594035880522762,0.0017137209939622894,0.0012641975920877346,0.0019369963690174657,0.0022159608952832116,0.004033732179923533,0.004158853164520915
157398,0.0019425035897069898,0.014664333262413065,0.002865662727401741,0.005265716603194193,0.002601162536537638,0.002034625615341415,0.004845764694849708,0.005886628238910285
157400,0.0034092384128221603,0.013975359232747175,0.002719345072150006,0.02098612474604189,0.0014986447950417064,0.0028670624405594675,0.015437851981254858,0.01716056983287495
157402,0.004748886261271901,0.02957208013558721,0.00538318346350547,0.005479795140750865,0.003551367327895072,0.00317347759314425,0.0026054897777677694,0.004379057506756823
157404,0.005513204891617607,0.013767827233619967,0.003538707613949532,0.0032200846764963154,0.002404121944257709,0.0067083923962112935,0.0027208434423081768,0.00586673367471513
157406,0.007818707088437515,0.01177704667388313,0.0015308020002469669,0.004037758213117082,0.0027558446057205505,0.007592293041525977,0.002138035457583967,0.003350465192969665
157408,0.0013814571699244937,0.007902967553903795,0.0015996593060677716,0.0019247356071311478,0.0036485737815067504,0.0030876753495805986,0.0015476573370868524,0.0019580173567155246
157410,0.0012712154865414244,0.0035020094872800223,0.0011590746825416304,0.001949493761733978,0.0011023782437371565,0.0018102287132368972,0.0014197998108325671,0.002209367199957138
157412,0.004535554856888391,0.010233560610121373,0.0034303603919794284,0.005780120355360074,0.0015256294966155132,0.0029350299892034887,0.0016102085545189326,0.003506830278475981
157414,0.0030592974459692363,0.008809982193929367,0.003369949458214061,0.01248296898492729,0.0021245576180359965,0.003157211743339286,0.004500950762237332,0.01604713947698233
157416,0.007301934424528922,0.027979967353319646,0.011263033718226012,0.007676859229611088,0.0075929292680518845,0.004326401533568058,0.0027276095035735914,0.009172966369078495
157418,0.0032595423810153484,0.017305327778572632,0.0017387164796822674,0.016178909355347493,0.0025562048642910895,0.002468671547502535,0.014626005991265567,0.022424101273525787
157420,0.002494603554057409,0.011340599556647568,0.0034885372732113146,0.013251000499182375,0.0015437837050963493,0.002420219771133214,0.005174174454236402,0.012666509180734808
157422,0.0028811079625357255,0.0040795365199139955,0.0008921880644192394,0.0012160207317970517,0.0013918365546605888,0.0027415510789925573,0.001307889908503057,0.000686215737838447
157424,0.0013512484760289656,0.010915137508058559,0.0024312239550732806,0.0047099606514944825,0.0016529115781962478,0.0018072276678054444,0.00474989059445452,0.005383052268197519
157426,0.002874957325619834,0.013151386117040753,0.002631810440008542,0.003529166802939146,0.0050829601143314584,0.0029900585437108718,0.0017492246920759597,0.0030812223115928156
157428,0.004101130855358959,0.01571698574258562,0.002858530263181225,0.007009454844873142,0.0013565367536605977,0.003008682387309003,0.007176478698964539,0.012492830263035382
157430,0.006484090182667046,0.013381978280373241,0.004478171367629236,0.014953697996669624,0.001984442425055022,0.0033759706003845397,0.0022237525040217504,0.007388453112852966
157432,0.007061543414792981,0.009998049831111189,0.0022658235867813042,0.005299564898875675,0.002760605498864699,0.003278457515476285,0.014350633660399126,0.006037790807461585
157434,0.003123795522908479,0.007442925051429405,0.0024148299201557505,0.004178162062751234,0.0019456444585293081,0.0030988586333436374,0.0026232517802251554,0.0033205529750185564
157436,0.006821195287652293,0.007758890346881708,0.0036309957172801083,0.012069596780467373,0.0014594988892548955,0.003998044261588396,0.005701665988334048,0.019807422455770052
157438,0.0030612008125158324,0.013990715591434333,0.00418112825640421,0.01941592167849482,0.0017784851091031673,0.0031128308329506638,0.005017582697963763,0.01310856117895387
157440,0.002360495119298048,0.017834528736085042,0.006096081279459931,0.012053658648636445,0.002552382480170548,0.003303325166238713,0.004679693875521418,0.00961944998498604
157442,0.002097543129236934,0.010020572980672604,0.0012741198334791926,0.005710866897303879,0.0016395409772856362,0.0029071121924690996,0.0018147160647095095,0.006291548713728057
157444,0.003487211498701903,0.03201865369289103,0.005985447525615195,0.006301618220844185,0.0027774389987520465,0.00736485063299952,0.0029234524624537905,0.005270300177580234
157446,0.0025250850893466237,0.013472712428024503,0.0019347845927095708,0.003912164272642293,0.0020843515596224993,0.0031011182122980957,0.003841706704270212,0.004548711781438064
157448,0.0025767482630282418,0.006262765781654744,0.001325715240463668,0.0022079609949127305,0.0011961525679083373,0.0024745628906510664,0.007187222692781825,0.0034212218092303376
157450,0.0025072297493649587,0.007589632864702323,0.0019905278527905385,0.0028409837976544616,0.002696342945667729,0.0023894462965066143,0.0012037347153617262,0.0033602995996512425
157452,0.0013752317731106078,0.004463302918552792,0.0011305872115319332,0.0015294654390454188,0.001057166393593434,0.002110653425941314,0.000959726255971103,0.0017501421954292523
157454,0.008274235933246388,0.006755591613654355,0.0020472346847741907,0.0042175372086470375,0.0016463984552357452,0.0020739063031465776,0.0029687671233347146,0.009929192090135652
157456,0.0018470870209661427,0.012662048594081432,0.004104311104093095,0.004488010885728644,0.0019396901009399864,0.0030804932264418827,0.002915656570414163,0.006841418262464816
157458,0.0027187724120891904,0.008909366124726148,0.0019587437187804785,0.003076609397638666,0.0019246411427309429,0.0028074174744796704,0.0014515393538273025,0.002363342272554414
157460,0.004043314461528225,0.006580181102791904,0.0022003236381826913,0.005176394527585393,0.0016317204374092231,0.00565735516584015,0.0017485491844441287,0.005915193414286757
157462,0.00263198167893558,0.011938281686099617,0.0027745788429034968,0.005780359398067425,0.0015659187526943091,0.0033995567520440084,0.003121697535697479,0.009427068206335543
157464,0.002324627846567298,0.011496777402051406,0.00239896864268041,0.0038914006963737396,0.0022542391632518616,0.0018603256911676191,0.0013517812219478037,0.0036513758219408055
157466,0.006531118791131052,0.026512685315020157,0.0026070055232365608,0.008469075890765121,0.005074614325844218,0.003503523731783531,0.0015353768326500372,0.006357829981386287
157468,0.0016404971509984684,0.0068162721665068204,0.0013260877318908015,0.0014054894172173121,0.0022393897892452608,0.0024152865038227223,0.0013463578811993143,0.0018387115391421127
157470,0.0037233146832214153,0.016355163700328745,0.0042338338368432815,0.003504548700316912,0.0016667702069315116,0.004744223357215027,0.0014265455547959882,0.003901512402419996
157472,0.002453005342747616,0.008167546130557979,0.0016770233457139572,0.002230237073811203,0.0034091988252438754,0.0020221405951383886,0.002977071460137426,0.001964312126624679
157474,0.009630393794490877,0.008237633220226082,0.0042977421364140955,0.009222394224719432,0.0027330092386756988,0.007750879223113183,0.004354532729227367,0.011153983162286496
157476,0.0022570678863412935,0.009660201337873764,0.0025731150042705014,0.008730485707149127,0.001465264495076335,0.00269465718075268,0.006641243467556457,0.011033529714840284
157478,0.0038711665804467416,0.010824096152366958,0.003562103924592011,0.006640315734557589,0.001998759174191511,0.003929910580326157,0.003267314718516323,0.004246166261739015
157480,0.005427974764236565,0.06530124673469118,0.004841588417818565,0.024138257039345357,0.0038451608071354976,0.0043485415109394965,0.0045276143010932746,0.007945625762929787
157482,0.0013342995911378441,0.007480926986949632,0.0018371943109309896,0.005223635463147469,0.0020069677597442936,0.002309616428059061,0.0038431582730504843,0.002923026267823481
157484,0.0033425385203729313,0.008395590738443703,0.001910676201435424,0.007391688883728875,0.004613227522444419,0.0041724359246747,0.005172319219875432,0.004800038232410708
157486,0.0014219294572049984,0.006903311687831926,0.003305754470022182,0.003798088771860289,0.0014514641318453952,0.0017613686145602353,0.0021842584067256615,0.002924560391556419
157488,0.009233961822524783,0.03654652991125218,0.009048232130061395,0.01112179023597637,0.0029591756645679923,0.004077490501575909,0.004773727872955158,0.013377034953745204
157490,0.012328340336710542,0.14626548315590426,0.00952399267502152,0.028725984434633034,0.009285220494703594,0.00838608918866246,0.004415139081559438,0.04959251569737777
157492,0.00165405223452543,0.008326580611626222,0.0013168287239029852,0.004191285243708487,0.0024560162892145604,0.002950744974721309,0.0014773509568408727,0.002127794887929524
157494,0.004549353996532668,0.006457131337743116,0.00222579217585063,0.003364383984197708,0.0019240891116828612,0.002049090905705944,0.004966480540997742,0.003826957661491548
157496,0.005563931154826618,0.007381477992383589,0.0019040024566694402,0.006074877367765519,0.001345706216696066,0.0022754971093790766,0.002487620279906233,0.011059172058637545
157498,0.0024991753632475217,0.01239226269467708,0.002882384639050231,0.004499646240609112,0.002957510930632845,0.0037683091879623376,0.0016889750643192536,0.004972153930929091
157500,0.01157524841244989,0.029575580591406414,0.011580175542677873,0.01861429022723371,0.006486801037440204,0.007350581046282834,0.0012623351697399615,0.014906898838635607
157502,0.0014890917120330555,0.014651001211334391,0.002242226470244982,0.005212638856715801,0.002602097019508212,0.002850562112508351,0.0024071846301167016,0.003307078285230469
157504,0.004886589988505108,0.019839186367328843,0.0024226875587185642,0.007623266601338108,0.0018914445876878766,0.0031985083862091784,0.00618263477514347,0.006471347524106774
157506,0.0011096598314109946,0.0057141791931139,0.0013742875479710315,0.003219781543859282,0.0009205369087755266,0.0011529496376996295,0.0013770294037043218,0.0035880444472269485
157508,0.0036956232201423994,0.013385303646574143,0.0021711936358993628,0.004296205644811535,0.0019343467800505554,0.00503248928257044,0.0031307219216084037,0.0020686921585895274
157510,0.0014184388308263879,0.004734595792324436,0.0017328698636191048,0.0025671666899086537,0.0020542293134635653,0.0022850769101134816,0.0018444120019615179,0.005012154560503357
157512,0.00478675545365187,0.00442922797440759,0.002787788435850161,0.007254663880818468,0.0009044457216367402,0.001892094974355274,0.0036181992183382944,0.007838300381909136
157514,0.0028691700342060728,0.008474024328146756,0.0019240907457609424,0.004065043704569116,0.0014325300013178777,0.0029106889816008508,0.001210789323032993,0.0033613077203651504
157516,0.002702005988703071,0.013223872932963732,0.0012069942396659844,0.002708078576300746,0.0026707356243960284,0.003366770353390669,0.0012468061098563354,0.004719207933455094
157518,0.0011965368020228212,0.0038451284668017532,0.0010855558759015477,0.0027695906430685313,0.0009693819796807862,0.001361742702959981,0.004357188073571772,0.004114890565976026
157520,0.0010770324217579536,0.00690798870947007,0.0016696925092627574,0.001971564361756606,0.0013951818801617583,0.0018869332013098927,0.001160141806870199,0.0019065950770169593
157522,0.0029157511134805247,0.012421170946266769,0.0036254281152486995,0.009131710627237943,0.0020550499752670787,0.00400578725217976,0.00925453972312612,0.011997487227476178
157524,0.0022845961245146484,0.022596897871168586,0.0024372323102556243,0.002539979389864444,0.002538934867644338,0.005556948656449345,0.0016752447079272509,0.00253237191506607
157526,0.003008873241656232,0.005838512470024648,0.0025595834124297334,0.00243676814005446,0.0023148127004130187,0.003445084618604724,0.003237741656821669,0.0011363735883675036
157528,0.0022879031707358083,0.005238335761144131,0.0014230928283494176,0.0018793755912183269,0.001454668894533842,0.0024295883357473708,0.0032168929874199087,0.004046468426439687
157530,0.00568223500544246,0.008558796236078303,0.0026734408282831496,0.002424014913071426,0.0026863258520762323,0.00351202659295681,0.0036774065654144317,0.005027360537166681
157532,0.0034455171324215272,0.016531878600238636,0.006547966154414553,0.010249186428495927,0.0018785633444997618,0.0034715237886340233,0.013419638168390202,0.02176953432925033
157534,0.0025361200080489255,0.04568977163858201,0.0029911879863902535,0.010716587537174471,0.00446030791316826,0.003360282755730859,0.0017308860860305725,0.0050654004113435125
157536,0.001815170914354694,0.012439233062013832,0.0028954263407285907,0.0047608126345233814,0.0018267447334006093,0.004985888077190026,0.002752942818640358,0.0057583270987537905
157538,0.0032094843683427993,0.006617945936471026,0.0021183757707921164,0.0022320206392214548,0.002675995544403467,0.0037495472273583325,0.0018479612954914182,0.0026112047453930587
157540,0.0027163767519462617,0.004019782057791466,0.001564519497554484,0.003651473518894846,0.0016216159499432004,0.002017059234479035,0.0026790581865400315,0.0038639665880740304
157542,0.001826608124743681,0.007314849093144338,0.0012270964569284365,0.0021254196872658865,0.0017980217888189376,0.002871713584017846,0.0022302514999528317,0.0038285673314588653
157544,0.014162351892309744,0.01407591057699964,0.006327246802817266,0.022356456120192547,0.004939041803276645,0.004312833471917854,0.022076091618462357,0.028206052750249455
157546,0.0022365069837857604,0.004109811680087783,0.0014233522631459383,0.002207598661531307,0.001795299208249293,0.002343532274917459,0.004009543611128985,0.0015913062139501083
157548,0.0024578048316650225,0.010418693286794678,0.0056379987804009435,0.0035028543195050887,0.005546945908570855,0.00403868525186013,0.003141343461257176,0.0051365904317199895
157550,0.005151716479219248,0.033685329487870064,0.0037818176703919987,0.013061699774258528,0.001701173262208755,0.00472688848714814,0.006349546460289235,0.016335156482725433
157552,0.0032104987370227267,0.011889365667201668,0.003425832313379021,0.004104691060149934,0.0041804807869021965,0.003881560658843597,0.003272324115215719,0.005654525508147268
157554,0.004380938155772507,0.007761736242821948,0.002307223035901154,0.006996737977901013,0.002190508378510661,0.002384567066436638,0.0071975019097045845,0.0025372333798567986
157556,0.0022148530821733403,0.041296446462916414,0.0029398744801172882,0.0057754220739930084,0.005586009697420347,0.004500099053128759,0.0013256205659866738,0.004452884955668035
157558,0.004041459428106242,0.01248241292616492,0.003392920883270603,0.00964554206042778,0.002021330551178979,0.002162275047166165,0.002927015504214703,0.01277078279494881
157560,0.00194714400798858,0.008463144608652995,0.002280700778936176,0.004077122272776956,0.0013430943098816095,0.0023159039996976244,0.0029004992644923178,0.0052402427078628855
157562,0.00900932586947173,0.011948748017434951,0.0035073871103468712,0.00678420657819695,0.0017915079009309803,0.00410187044906607,0.005948979019319511,0.009302684614712009
157564,0.002826211825124325,0.015354423574503395,0.002600807636599145,0.004259219702869077,0.0014387301599373542,0.002122843272727215,0.0014802519054003677,0.0016682451886629313
157566,0.0033962603686019666,0.010628324521262444,0.0020792771728085496,0.008739391868941349,0.0014152355709107362,0.0042639414771353246,0.0033682468592666354,0.016051190605781196
157568,0.004945775681918008,0.05834765437526812,0.006554754124565854,0.012000841570245557,0.003170033061366484,0.007525295042596414,0.003117466651630929,0.022484313600390493
157570,0.0008712675057625519,0.004465928480557102,0.0010173072154324864,0.0024143001614507775,0.0008532108964026813,0.0011118037422065546,0.0026629823236454797,0.0031179409071491193
157572,0.0028403829830782185,0.0069435905513742235,0.0011766177449425985,0.004282780618815318,0.0017306241684567625,0.003423978758210211,0.0065666620617952365,0.012686688888590203
157574,0.0021047393209844417,0.01230221936557202,0.002991501350810624,0.00575295161679007,0.0020626551265518073,0.002838084352180928,0.009121257520783355,0.006436389862518654
157576,0.0043308191248448424,0.02716873214674198,0.006497499978852739,0.010683344482864676,0.002778029192265233,0.003309425816756806,0.0033258096731378917,0.008812887419941406
157578,0.005667805812708038,0.0051316480048107516,0.0011592205395608013,0.0044237633625174855,0.0010252951194059806,0.0017301973937598053,0.0025517693425067822,0.007631076141766613
157580,0.002810483696587207,0.00442757693328627,0.0015908220916971971,0.0033242153450031703,0.001557693742453306,0.0020531677621360572,0.00199058901672379,0.004306870040744981
157582,0.0024350968315547394,0.013645443269640956,0.002704163997037226,0.004438147922173563,0.0011806581722204612,0.0033871239896312577,0.0021802168552187556,0.0064858073515906
157584,0.0023508053093679454,0.015392430328361684,0.0036034142061903834,0.004285225734065534,0.004394079431981057,0.0037914864957838135,0.004525696410648872,0.007272102950552084
157586,0.002420313605449531,0.009536245495054496,0.002062554290836474,0.0022937325642402584,0.0028427862253579406,0.005171999865895283,0.0025029200641635413,0.0021714772812280736
157588,0.003408296203826336,0.011002238000081599,0.0038449501354041044,0.0026767155550067173,0.002534416838289255,0.0031373434088991653,0.0010860130078750446,0.002808859752736703
157590,0.004877914789532589,0.01642759817926631,0.004515039628362416,0.006412416609549221,0.002746245733273922,0.003172427545001813,0.0032350052356386882,0.00550069610956655
157592,0.0027162777323064824,0.00804900251988766,0.004592706829115167,0.0060461639379361665,0.0026239219153012527,0.003344543114618903,0.00805409281156333,0.00792553256090539
157594,0.002765407330351924,0.014798023500706192,0.003426327726151604,0.0065830316606716455,0.003381044383427026,0.003465744317873734,0.0014241146829105933,0.003285511789963627
157596,0.002870448454241059,0.008242896445063208,0.0023983337169717345,0.002617211456357682,0.002958553968618327,0.0016611740801819735,0.0019361904503451127,0.002725602413665165
157598,0.0023675533212086514,0.00898341327662694,0.001543141205773646,0.002720541092689613,0.0017712161563859241,0.003254997595264056,0.003210339162787401,0.009747477130904514
157600,0.0036430660147424576,0.03926496734012219,0.014955097473769163,0.015267737407443305,0.004232938954852605,0.0053335814892988,0.0031502460508686797,0.010729087640143575
157602,0.002066208958939178,0.008562185078055118,0.0021471086878863677,0.004146468851176588,0.0017486993552136149,0.0050339058814686255,0.0036264214076810047,0.006323140412212214
157604,0.004037313196571246,0.00860092581601024,0.0032062553282720258,0.0063424787393878135,0.0013789457911032171,0.005795693369563759,0.004518079993588664,0.007671321850867552
157606,0.0035379444423730977,0.026885054418500864,0.0023749009038843832,0.0074103897677426644,0.0057661975752267836,0.003032361255170382,0.005102826806822114,0.006316694943046208
157608,0.002290425941577079,0.007255876013809948,0.0012694493034395293,0.004548912782853576,0.00097766596312715,0.0013073305933029022,0.0014158962867940605,0.003254124975003103
157610,0.0040684418422043955,0.008814948084755692,0.0026564017818553887,0.004521267667062512,0.0033295751099743504,0.008147449812347107,0.0018979541345753997,0.0032535015035957265
157612,0.0018067541794592051,0.0035870680269435434,0.002517987841576863,0.004076463879267023,0.001364189665878493,0.0022649905843686313,0.005281609727423364,0.01174486403719005
157614,0.003333617124969601,0.00878429943052006,0.002378488122537506,0.0035118177481410218,0.0009741561660811839,0.0021799608168646817,0.012294401363526442,0.009257971838909695
157616,0.0027632367664418567,0.007689803229685099,0.0017339924816042185,0.00495235789942422,0.0014763556922317012,0.00290689044850391,0.0024674622929978796,0.004484390898668034
157618,0.003544591050211335,0.025746740595057105,0.006238349820086919,0.01106691618234934,0.0021899801169338873,0.004279467611548127,0.0022402251239385246,0.008789202198941304
157620,0.0030523904580426336,0.005146424696850227,0.0030771082260381277,0.01486058718852773,0.0019066838921673185,0.0031581746915243653,0.01158785933961376,0.009917293250600645
157622,0.005724018122757413,0.010930831087059056,0.004457579541357115,0.003737745307513196,0.0036991696300375937,0.006128697732763533,0.0019837597621486097,0.004708760132123013
157624,0.008027016584905233,0.013959363409625836,0.003872506864111225,0.005453493236018403,0.0034644496327286417,0.0061990807729262465,0.007068097640644533,0.007061836430089008
157626,0.0018478876306835534,0.004026273285942461,0.0010840165256276735,0.003343507354101105,0.0019341957199634635,0.002107628978436138,0.0031328316960635427,0.0036828118094445333
157628,0.0014178353136565236,0.0097471387621193,0.004385805851304936,0.0037806631335358803,0.0020556407505668006,0.0040380735269176515,0.00182869889158567,0.008260956483015447
157630,0.004880200495804843,0.017189573592297558,0.0032740163667526745,0.01805518054561106,0.0030943896081093852,0.0038222472200821894,0.004351726811822942,0.00833497363443314
157632,0.003638571743024857,0.01060799627627862,0.002404148612379378,0.008353796102889,0.001741736917397818,0.0025946213007960323,0.004490194362919198,0.010609308525540373
157634,0.003676390954734876,0.006426971754813771,0.001102161801423432,0.004684461630319936,0.0010189085757590505,0.0017814386190417864,0.003427609162265713,0.0055770668710488636
157636,0.0050348500390393625,0.008933466109522004,0.0012482232037791668,0.004151009638007963,0.0010360653156746835,0.0015979591206169985,0.0033941053378647723,0.004273334426961262
157638,0.007590496170170269,0.010848052236207606,0.0017599930432700278,0.004475089636565066,0.002462002686990594,0.0037244613401617027,0.00559802190990949,0.008825152832869776
157640,0.0085380036147234,0.03795577946904416,0.009540071477419032,0.038139836730771925,0.004864967370289686,0.004364931543865913,0.021058779272120853,0.03890163469715824
157642,0.00331145218564656,0.010650426797980173,0.0016266339207638425,0.007474203349617847,0.0010795009852932053,0.001748433912502137,0.005132755012706491,0.015554779120112494
157644,0.0016545016369120535,0.004300648839510368,0.0017905837151579451,0.003553170217174051,0.00208444476286479,0.0023440159756800277,0.0010083298902776594,0.003322809508637059
157646,0.002109213643045005,0.009594019386882702,0.002579746022874932,0.007829465136702185,0.0026638340159241963,0.0024491377876095927,0.0075511146228637305,0.008476822864709244
157648,0.011282333747402673,0.026866434863228372,0.005606719305588703,0.014261558005453034,0.00589426440854629,0.006741138583823469,0.0035169223155717827,0.018292438126954247
157650,0.006026887457624197,0.04779633425224805,0.012682375779284938,0.015370089132571485,0.006342852562867485,0.005927976508564525,0.0033311479317206377,0.011181491900757123
157652,0.003848126531605947,0.014758171332252046,0.003428608569543634,0.013576832846308451,0.0013431248917395444,0.003796763266280756,0.0029352548221233676,0.01026214459266811
157654,0.001910551795827553,0.007950568999182617,0.0013163512978744407,0.00187265264235853,0.0020766905201475977,0.0019638036301131145,0.0018369857809420603,0.0016480740006202255
157656,0.004172949932324477,0.021269298099207967,0.010610504201082671,0.01775540314567081,0.002863383789351595,0.003103578260270759,0.003860207779680991,0.015490802681716653
157658,0.003141447023891422,0.01068359399477381,0.0032393011203551425,0.0032872078747452904,0.00161607584260072,0.0023636574006738464,0.0033852245826946487,0.0022445590914583896
157660,0.0015820339518592963,0.010908928289055098,0.003917836781752726,0.004388426291157543,0.0026430153748125407,0.0023198594240823045,0.002563376855440558,0.009185229835832809
157662,0.00305514696287279,0.004316507886855059,0.001893690466672704,0.003782363387838439,0.003284087263271687,0.002459097433731419,0.0038742828306275734,0.0021596157914395425
157664,0.002945165699739738,0.010804941367627885,0.00440795761946422,0.0045179648095921565,0.0015150253753870718,0.00224961773549609,0.003068215151824996,0.014772875960060938
157666,0.002417140010170918,0.017310162076672464,0.0024802820313230556,0.004555880224757003,0.0035894981672269233,0.004616612598770331,0.0025442415529950413,0.007313351691046188
157668,0.003007067928212717,0.005258633184794859,0.0017674992419274838,0.004053497240808002,0.0032340789462753095,0.00441811195268671,0.002250588580697946,0.002855495665101737
157670,0.0035738975766608366,0.010919478316886944,0.0025593900447335033,0.0024032828872661144,0.0017577073452602066,0.003256720226581536,0.003809673245306358,0.006737982448583646
157672,0.002171141908210217,0.016429561599395903,0.003639151522181208,0.0071440921574961735,0.0015639428221786572,0.004061496940712728,0.007296983305327354,0.015575364598019947
157674,0.0017592201455587375,0.009736818394697144,0.001689698074134896,0.0027161825974898607,0.0017487516984080603,0.0020537295668294903,0.0024649725397261207,0.0020647529328311626
157676,0.003121448605230573,0.007178820527815655,0.0013692329876004022,0.003809938134361049,0.001903139725312697,0.002569691276418498,0.0019507147457564905,0.002589355191134679
157678,0.0020583829372235046,0.008323868166348669,0.0026765212813635447,0.006612075241602122,0.0030771582350919285,0.0062166224185524754,0.004019792450155046,0.008808660523578704
157680,0.003247212333541985,0.006169328207399405,0.0036000114619823137,0.015874986651855716,0.0013260589724951033,0.0033459781061120353,0.007368459844159014,0.016149328531783746
157682,0.0019219977339793304,0.004371124176517915,0.0018572278375051376,0.004232228352138101,0.0012849703407714769,0.0030062198059566253,0.00144646496950257,0.002578802319911158
157684,0.002389419710053256,0.004789408474622725,0.0024774609453338675,0.003160506471450844,0.0018622517465898825,0.0019761830358375893,0.0026707202228282295,0.003440304722971535
157686,0.0020430145367795888,0.01922212840605031,0.0027619926314979143,0.006765792832653439,0.0032785773922888867,0.0049133135746624035,0.0031058046804588457,0.003687504783270304
157688,0.009081651941071966,0.06540362684772649,0.00662620252131646,0.01911316365857396,0.0018774000222083892,0.004775355735876785,0.0068456711094394,0.02064155063307127
157690,0.0014928855012499298,0.004848020031290867,0.0010827596971825365,0.006255839646773842,0.0019959348462670334,0.0021101122946953765,0.002605875804100821,0.00770576768799458
157692,0.003151013456302254,0.008593143046194351,0.0029081495201993685,0.003340381226707656,0.002844187095953077,0.003380070126013379,0.004371816787243299,0.005680626613122686
157694,0.005183456688812038,0.010316463942008136,0.006173465139404366,0.006851136416087533,0.0029961560711950913,0.00559988172395226,0.0015536325287041214,0.005134473940416662
157696,0.0028494332923380133,0.009052194283842852,0.0021060322583306285,0.0029244512008561735,0.0013790927073422665,0.0022735282149212305,0.001079712008455594,0.002659852803830687
157698,0.004043992915066463,0.011114622322543122,0.0022543608531187115,0.0039614709858165065,0.003174079497627172,0.0024454785030508935,0.003412987658042446,0.0036531215077618834
157700,0.008384219814594696,0.005512064225926316,0.003156167738494267,0.0028491914881995234,0.0014416574566480933,0.0038703943189488804,0.004417081930699007,0.005508395202958261
157702,0.0029784777880231955,0.0075825763727943585,0.0016099182653468574,0.004558547963793347,0.003156194527157999,0.0026332237100801376,0.003067095602600267,0.006213211004947539
157704,0.0015969261046272637,0.020279800352149602,0.0016179037103141725,0.006785381206279917,0.002728488591739478,0.003805836146656208,0.0012912709161489039,0.011318159798268113
157706,0.002106824900030016,0.014682011631773906,0.0028670265359801578,0.0064160255013106515,0.002174832435922147,0.0021477898941924117,0.0034709224045262332,0.0036909309658581524
157708,0.0038054174286941134,0.008131895282482982,0.0026987398205557955,0.0035991742130869753,0.0030123296921869547,0.002135666597582478,0.006466373795322389,0.004190078486872528
157710,0.001869374446535288,0.006690620622196386,0.0016408719722944692,0.0015977935297082357,0.0010528795514508915,0.002313140399906946,0.004828489488829746,0.0048323959656935145
157712,0.009033199434328731,0.013845232881294578,0.004074668790235103,0.011988950867737602,0.0021193123862348617,0.005920093804068216,0.006887425123825119,0.016526997153248013
157714,0.005603056832335973,0.02439941964876291,0.005700771507388902,0.015929717411844457,0.0027957814870031156,0.003275509491827089,0.002157882511184761,0.007471265123840887
157716,0.011123566073552249,0.0210734645502777,0.007151627134099892,0.019537840161190312,0.003628209587154041,0.0038861658341451943,0.0135860366808363,0.01329768788695973
157718,0.0019067248844728685,0.0057352263866050635,0.003810008956953173,0.004379496321618215,0.002278184437975575,0.00361750683906209,0.006870572418007592,0.0041409476260172995
157720,0.004746977499449356,0.006471848598446128,0.0029953160135111206,0.0025268060943251514,0.0031817640361160443,0.002959588273292235,0.002435532897694659,0.0033598789461754125
157722,0.002945220690018291,0.015168087596420465,0.0024803751675089997,0.006401483955563114,0.0017221605115236849,0.0028673923742736918,0.005213077809933575,0.009639093632074991
157724,0.006632739651397712,0.01096916311797097,0.005776256706228944,0.008132357536416779,0.0026573684106257073,0.0037345993280336054,0.0021758509561878997,0.006469780892893517
157726,0.0038610410605253165,0.013088849802107783,0.0032445173218743073,0.005408839840255419,0.0021132676453641253,0.002123893840879687,0.0022988730812212865,0.010537226276079947
157728,0.002566490631619678,0.020677631563516208,0.003167010514972382,0.0045086667971441785,0.002367914411571928,0.003557822984459627,0.002229406066079298,0.003002023443992155
157730,0.0016095078393268403,0.005726986901098741,0.0011921209346538314,0.0024202084085074432,0.0009304056886750046,0.0018081377630442402,0.0009300661906360731,0.0023005191332085145
157732,0.0030475803650176353,0.009231258584102342,0.0030390052759807773,0.008796196946843304,0.002739432405080025,0.005223538535641448,0.0024015938937707038,0.00437178033267932
157734,0.0018139195010036802,0.006198014351248782,0.0016139260284046136,0.004274279356213884,0.0018518628220560857,0.0015404827691351125,0.0026827110485765915,0.004702498234954222
157736,0.0019522034088483853,0.015550612743155057,0.0023750330700496175,0.005126144628775364,0.001465524608186053,0.002650620278150717,0.008536138034842544,0.006162517115626542
157738,0.001388245391222856,0.006851439834083595,0.001269694865083118,0.004212258982513539,0.002026388777403701,0.0019214091775774378,0.0019781545592003624,0.002734218389307763
157740,0.004543175938938104,0.01180187908288688,0.0055292719210806585,0.005652441539789388,0.006849621893399382,0.006194277320298092,0.0023863512436772677,0.004347738735763551
157742,0.002108102057519004,0.004128943331642765,0.001715668681606053,0.0015513858607408282,0.0011626047121027355,0.0030003724102165563,0.0024396380965754916,0.002857671093342909
157744,0.0066322069027116015,0.0045515262053764105,0.004097410994907458,0.005241583602710875,0.002074888694818547,0.002742329015669301,0.052428471523499276,0.01596478578926508
157746,0.003512964925880324,0.05027213942208064,0.0019984067733993527,0.019128052774562754,0.002505098495923841,0.0045576827743332715,0.017242829018474737,0.02393547296489218
157748,0.0013386745298396563,0.0024078898245074587,0.0006839000116252297,0.002811774260849789,0.002013142090792286,0.0013622577139296155,0.0013474776143898581,0.002712146145996075
157750,0.0024785342897061385,0.0034964421416417424,0.001803826265057984,0.0013378405003941496,0.0013294115402601309,0.0024350269763578347,0.0014252899174367478,0.001511985077692124
157752,0.004221252134479991,0.02537890162523926,0.003374812687231332,0.007014125248185066,0.0036602666384766835,0.0031032333465868533,0.002718951896067537,0.0036432247608459006
157754,0.002563079990777886,0.015821793282269292,0.0024971488056481222,0.010245094092867169,0.0016501132608520153,0.0015677401649322326,0.014668682373624231,0.0190994417961301
157756,0.0021862844180167706,0.006707306216296394,0.0015959255679854345,0.002513785463960763,0.0038354274315546832,0.0045668901844853615,0.0022682216726256504,0.0037078185208976877
157758,0.00330846750503927,0.015323348836551232,0.0035573163768887334,0.0036719741386353477,0.004631245243203408,0.004490827440957412,0.006809422622702732,0.011187858582818677
157760,0.003402364063752175,0.014301705565931633,0.0030579047117918062,0.009091302298715187,0.002413144193269545,0.009706433274004667,0.0027796225958462983,0.00666805301645873
157762,0.0021913076913748913,0.027822719630649084,0.0038953467094458155,0.011691312343274696,0.003675153707619408,0.0037768049611842797,0.00472963349469091,0.018896335396956454
157764,0.007637432394963506,0.014951908656503365,0.01493692941207403,0.01172696168628834,0.002005642204516711,0.002793294242610378,0.002917761421523446,0.007837295136472244
157766,0.0038017055893151963,0.018705738082413825,0.003909283906490535,0.006049773736196196,0.0033811799848493806,0.0055814566775760355,0.006066641056033328,0.005982671812674811
157768,0.0028413845083872374,0.006797893555985868,0.0027690781908168566,0.003223485643818691,0.0020707723500562047,0.003217819348362974,0.0021611571846107958,0.0029709044564221188
157770,0.0013631037200367846,0.006000484205870293,0.0014256913349091627,0.002531597362376639,0.0010919570943474094,0.001659843677588993,0.0022075202473992306,0.0098920200468946
157772,0.0037949477864057807,0.012253882162369445,0.0028464182355938394,0.01175154903579867,0.0024550128043583502,0.005390419172025818,0.002428361156340278,0.0031622881322912466
157774,0.0027142154276931785,0.003916812740998532,0.001406156794781177,0.0013190244832428366,0.0017163967645176387,0.0025413065657398093,0.0016458791215426954,0.0018905306059038285
157776,0.0071031358367088515,0.021040675198978676,0.0036288406033451737,0.009716013395633105,0.0018243979401779686,0.004644560445214774,0.0024135219206309344,0.019610728682582845
157778,0.003923766349946123,0.014937770805023343,0.0023486759079347636,0.012439196499228145,0.0031441640647111857,0.003444188190073319,0.007739468718771292,0.016063932528773472
157780,0.0021756208908470104,0.007275389405638821,0.002513873997207705,0.0062873877579910364,0.001639145795992114,0.0033034926019304273,0.0053232535386416036,0.0066705221346552435
157782,0.017140169402413363,0.019659927114201503,0.003944622999579872,0.013656047688872741,0.002037149626444315,0.0059333401564836685,0.007141952449579714,0.013385139868219653
157784,0.0048166657762325205,0.03256984210691649,0.0022576948049240486,0.011651451243889499,0.002218360528085675,0.0045562131465226585,0.002551946614151604,0.012729515659032131
157786,0.004375798145854981,0.011608864444945022,0.002181182004465723,0.006251199218450021,0.002638597366466669,0.002576972164657479,0.0026811738351507075,0.010793903427002371
157788,0.002323201222889107,0.00710938642731751,0.0030560060772800157,0.0052506518168018435,0.0016916109219809045,0.0023990321398730807,0.001828002154980135,0.0023697946289580885
157790,0.0024495987093270527,0.01654109554135008,0.003161358489263147,0.011309524799813175,0.00252537113396617,0.0036513528610952056,0.007387708960138684,0.020462015047604476
157792,0.0018927940945384775,0.0045311584040783615,0.001500841412113374,0.002316955030581491,0.0014801166078274447,0.0022336327254211114,0.0007941677981990886,0.0024204371323033463
157794,0.002078211545910813,0.008680143942996432,0.0025669156584327,0.006886507556377097,0.0025789472318002993,0.0017096613446355852,0.004882462789544351,0.00479574549572398
157796,0.00609597773338294,0.05995270207887793,0.01456298191472799,0.014342043396480764,0.0060994743542011065,0.004113937617829466,0.002474195240367516,0.011368527979181364
157798,0.0016924534205300379,0.004333027784928556,0.0013140157003397324,0.003247800384409638,0.0009686814316066418,0.0019270561056843882,0.0022424529742315485,0.002232142783924043
157800,0.0028112401438407236,0.004328477697173094,0.0015724794323084823,0.00403855646381146,0.0012189586490466559,0.0011990258951045107,0.004623798862260442,0.0024744038933761786
157802,0.0018392991141816945,0.005972182255299607,0.004699588474610439,0.0033663747999179844,0.0016567489579584344,0.0021027955345066657,0.007673643860531598,0.005007344083198584
157804,0.0011707500633271195,0.0038248497455387054,0.0008024637440883255,0.0015818357030770308,0.0015741340866144565,0.001428153115563005,0.0012112456519498688,0.003311778468848614
157806,0.0030784854833376674,0.023093789128536324,0.004480038269830067,0.0051114759368076634,0.001622281483895316,0.0029837140827439074,0.0012894445654557801,0.009549927387222878
157808,0.004307474413261014,0.005284164685154247,0.0028030624882494776,0.004005499607665719,0.0007629819500271397,0.001731362857873911,0.004424988442917277,0.003248066192380661
157810,0.0012315580106661006,0.0028287172451870735,0.0016716573639431603,0.000747567192533119,0.002164333126991602,0.001863168194095266,0.0011307959042006765,0.00147431124157138
157812,0.0049348422627285005,0.019383262089278652,0.0030539795681100573,0.009118297630796912,0.0025026826302563254,0.00439039978660466,0.003798548414054359,0.016311686200831454
157814,0.0036505929428644196,0.013046271558014633,0.0030796885621700576,0.008585456306371475,0.001592067168769265,0.0036241025913890668,0.006748279313042227,0.01363727905536738
157816,0.0016269984397543485,0.02614931254286379,0.002824701344630809,0.006299577892333874,0.002278101935190305,0.004383638041404403,0.005989892542523911,0.009918677816054766
157818,0.0028720717354249192,0.015360969927105339,0.004137755129110465,0.00444028448429723,0.001686182473004616,0.0022343764738492894,0.0018702514015453975,0.0022800265593156954
157820,0.0026319877947145742,0.012506344635323297,0.004339787701251874,0.014441879374602673,0.0037145323875980574,0.0028029279779078764,0.00841319802728635,0.013311412342214501
157822,0.0037440850056036923,0.02244945715330382,0.0033810560805671575,0.008094221514254096,0.002530045989082519,0.006228701454142005,0.0018164189487492877,0.005928100416572379
157824,0.010279224376668561,0.0798973031984298,0.01096099929146549,0.026114856561968658,0.005376364520004451,0.004780366681700343,0.009260306155809916,0.05367713720083622
157826,0.0154658105150412,0.0462347927153397,0.005250225320765856,0.041225866395493194,0.0024081622056121438,0.008054832354729202,0.006158339417944525,0.03528411183840263
157828,0.0059943276723997685,0.020352145414869405,0.007371206352875304,0.016522330949318098,0.0020461341627432544,0.0033605695400320545,0.02098141047573976,0.03226740671360617
157830,0.0033049671613041287,0.025625177276513478,0.002675871441013014,0.013887406874229458,0.007488144922620288,0.010812938414773932,0.001595164881811384,0.008491864675641558
157832,0.006963800033830625,0.012997895868059273,0.0016774367983181243,0.007782826288761591,0.0019426467641570633,0.003172767889296546,0.007026332033746252,0.017145983479104565
157834,0.003322007718044709,0.0052890640465399485,0.003175056349719263,0.00724176443313157,0.0020310040357865433,0.002752037911500929,0.009574159296186713,0.006828878215865197
157836,0.004857033123793153,0.006491678161829606,0.0027520359572188458,0.005813691236790375,0.0018140762610754368,0.0018665368682274086,0.007392024542634212,0.008031803448869612
157838,0.018923797653891405,0.0343718152223893,0.011257366614447761,0.015424618754705799,0.004604117070608149,0.007589122693725026,0.00487475461075354,0.02232318169941383
157840,0.003847656042803585,0.01734928863953744,0.00779476861584133,0.011174205535169845,0.0023005720224396203,0.0031679346983221196,0.004354798227240941,0.024262878199243554
157842,0.0033302750514814378,0.028087599229158267,0.0030059591835513017,0.00935469260438243,0.0024569077092809893,0.003550407009889414,0.0018878430759701331,0.008158665813724542
157844,0.004325312678052029,0.025309541933707047,0.01260381292584456,0.017603104286117777,0.005556282192698492,0.002755916573505837,0.0019088769483064372,0.008493736398008045
157846,0.0059243252457152895,0.012493101744695478,0.0031627850592813034,0.010445268241059902,0.0025039303091745208,0.0038869735766356023,0.007838785877854804,0.009642303676098474
157848,0.01989693840002449,0.01950315109411349,0.0026541477662295337,0.012360946013723118,0.0028155765689510392,0.007810339855943094,0.016980198746981756,0.02074842406730526
157850,0.0035194585302156245,0.005156520892551919,0.0017401865876171124,0.002552643340071603,0.0019278561956446172,0.001833950822857991,0.002423152953274832,0.0019539913444970858
157852,0.0015280953851882911,0.008264044720641073,0.004115594117056531,0.00412164465163839,0.0016034424562462318,0.003984355443096499,0.004944350583230062,0.009254456580345904
157854,0.005789389993432259,0.013370457333334917,0.002863650515828875,0.006476198450855508,0.003003383796121653,0.0039737846179912495,0.002771143188296313,0.009046969242956004
157856,0.001479731674196627,0.002840915890112497,0.0010549168571464401,0.0034181514617179776,0.000578519744633535,0.0008835729829712591,0.0036496530586399706,0.004486961767586672
157858,0.0019851354961355483,0.004331535014261478,0.00210042818568823,0.0024256226023880445,0.0015616707487277198,0.003994619149870149,0.0028277674795314095,0.0025767123337738784
157860,0.0035538310951024332,0.021376723543653497,0.0019207446287373836,0.006413710156392638,0.0018721348754988654,0.002302935504872386,0.0034415656041950626,0.010133226838818565
157862,0.00181863096875845,0.017955345964665526,0.001184841188520816,0.004720646281811902,0.0027152057175734573,0.005996087183707255,0.0038386335903824037,0.007429011529499263
157864,0.0024485345987897006,0.009293347881349556,0.003138544576193461,0.0032964917617219758,0.0014903006434592442,0.002763944133292784,0.0020517176890018224,0.0033111756507084866
157866,0.0019779043787055,0.009499963803050238,0.002375274900080618,0.003664419776861619,0.0020038551338775884,0.0039471119124368514,0.0020028870391597398,0.004006272027286484
157868,0.0024144118196474246,0.01415434115291192,0.004749224107923278,0.0024791445009606505,0.003391247634730435,0.001771052793420394,0.0020976175177556677,0.0013475265706092282
157870,0.0034413230250430887,0.011133283828734797,0.002384843946796625,0.008849410666776303,0.001356969264230623,0.0016440747869275185,0.011810061963050345,0.011618308411955047
157872,0.00308496421006077,0.010838765413094587,0.005472873370281128,0.0029441056198733495,0.0029706063854897935,0.0030868461525823815,0.001954038441154951,0.006482903537004037
157874,0.0034359539448838294,0.007843930683711309,0.003085672302749823,0.0025286595635747866,0.002815175310348375,0.002927308961498065,0.0024331750761854565,0.004069397111285733
157876,0.0028568574507260025,0.010722110693602238,0.004370368574203809,0.018107994748689293,0.001201280246317049,0.002183219817665505,0.00997204591124401,0.014349407342377829
157878,0.0033711761841708765,0.012030174069228627,0.002763497220450009,0.006991582446760847,0.012143406769386189,0.003818758305549133,0.004801892578237821,0.011728397890410636
157880,0.0013249283785704002,0.009140327585212882,0.001851105908773576,0.0062787216513990884,0.002226659073401374,0.003286914840661126,0.0019500665336413953,0.003986221786975941
157882,0.0020644749917747007,0.017959966670213712,0.0021630054338756116,0.008035668697334908,0.0021227945271817816,0.003727145443808158,0.0034479732234521526,0.004834497955646333
157884,0.0018133851714164373,0.01292092794347699,0.0030759581299586586,0.006131197909272856,0.004262838133770652,0.004420892621086525,0.0034771121264768473,0.008607651705037966
157886,0.0030926350534910135,0.010850355549153756,0.004312714084576064,0.014010302548284281,0.0017488479745433327,0.003272488632312387,0.017732786758397845,0.00944591205339762
157888,0.0022781350072481055,0.004649083697557066,0.0013023540322783106,0.002364333729289028,0.0011777660399667766,0.001959468566515979,0.0016200513730538213,0.00358029520630887
157890,0.0033189702090652973,0.006103339839129751,0.001590750178039002,0.007448919532910603,0.0015581178011454672,0.0024241275293521852,0.002807386682541338,0.0032757380527146385
157892,0.003730979994413089,0.008785053613556082,0.0027611958587636654,0.003667683158680282,0.0018215196730173577,0.002378392195693038,0.002577959036216493,0.0065507952540058145
157894,0.0026922478161929414,0.009981963132375482,0.0022043351511769615,0.006634733704819817,0.003078095256707991,0.0023349836039687905,0.0036648694544130778,0.004522735657054577
157896,0.0010699049203778538,0.004361805381405459,0.001180264977879375,0.0016157017679399033,0.00122191365395935,0.000986306199277212,0.001972276026077205,0.0018563680660721449
157898,0.0016004243416767872,0.014094607048807717,0.0024477018336457323,0.004221100136959921,0.0036667334071439073,0.004444859169991711,0.004089103460835908,0.006468488894491253
157900,0.0017403534939151033,0.0048642679156876145,0.0015796104799332827,0.001942499649200402,0.001619265470225742,0.001517155023425032,0.0017102861615647807,0.003219166866809689
157902,0.005880832082672038,0.017956611906973174,0.0041336651644364175,0.013801748767868993,0.005754491088215075,0.005035993085079904,0.004352996932902364,0.008880716036024916
157904,0.006369265208362729,0.014068852226538697,0.003393906539918279,0.008425074122620835,0.003133299611875806,0.007097024825502507,0.0032891547898773604,0.007357381787281847
157906,0.0029654891279819046,0.004870642813454618,0.0013902923526141198,0.003266932716768381,0.0009799687506004823,0.0019763989907862906,0.0037590655614792162,0.003091825490606284
157908,0.0022835136517809773,0.010445332204213342,0.0016502936478049457,0.0036786952555517005,0.0016983199379268094,0.0044225979094980605,0.004200639395836314,0.004234138292798173
157910,0.002884022894748206,0.019422080600462133,0.00658449465479638,0.013158938642821028,0.001739323899824577,0.0028948546719620993,0.0016153813380941906,0.014609294330281186
157912,0.0019314056103998528,0.020428376066867537,0.001971160778444281,0.004472273039075825,0.0018952704134234666,0.0027898489842748675,0.004100432358409345,0.0028484796572953025
157914,0.002371049005489567,0.025109318525793123,0.0026502179106635687,0.009306947907479712,0.003979503490203706,0.0031793815749027315,0.0056698948552447725,0.004445687751819527
157916,0.003786348180396859,0.007466880114071428,0.002748605698918785,0.006522804940790883,0.0013104484939688993,0.0025017542488092875,0.0033932537596653156,0.00474476426803655
157918,0.0018705140125764436,0.012176525142458205,0.0014822895691353338,0.004529480448481282,0.0013356961130384648,0.0038428626720667936,0.003617649790909075,0.001870638396749849
157920,0.0025122029617699604,0.006574632868995567,0.003070526699333956,0.005347581235133403,0.0018349946444767284,0.0025715910090049476,0.00393561930639752,0.008535605246129896
157922,0.0018487364663811179,0.01429843573519296,0.004598219203229503,0.004750609507539139,0.0025380602174234768,0.00458355008907696,0.0027535272761641943,0.004550274684407052
157924,0.004858496477615992,0.02372355016613259,0.0023032161864403045,0.00314849997683532,0.006976692310672883,0.008078727277190334,0.0012503059620547763,0.0023369007676789094
157926,0.006387143494678504,0.007641928417614574,0.002714608649367914,0.0018497123877401211,0.004009019954764881,0.0036669165800526926,0.0018446795126325771,0.0023620566226970063
157928,0.0031527978783039146,0.009784391589676922,0.0021174229059162664,0.005360174439479393,0.0020578759258323004,0.003038437263694696,0.0012589781796690375,0.0034552118562226064
157930,0.004234039391892708,0.005151172098921686,0.0018545024884182443,0.0034958897034806924,0.003627594780628629,0.003912063614336603,0.003108030237475315,0.004200193217729853
157932,0.003410782072525445,0.03908684304989496,0.003950811630204498,0.011724037911027774,0.003314436067245255,0.004237569511644779,0.0050088014318703244,0.01699432979965909
157934,0.001711400208568803,0.008136574866344726,0.0019349514071220902,0.00127918823074126,0.0014529371339975367,0.0024741470624150552,0.0016417941182886864,0.002284996063367642
157936,0.00300115807422853,0.009328802897350885,0.002441996101225863,0.0039922640600844606,0.002026666490729037,0.0030152006053092567,0.004215248862085075,0.003174693213535709
157938,0.0039462169741138475,0.006625342548727042,0.0027392670644017653,0.002814343629892538,0.0017859068536019151,0.0024990982630521685,0.005880364719829112,0.013622389270986413
157940,0.0009024122092770072,0.004939764417388526,0.00136210097310846,0.00206225213682526,0.0011119185198665976,0.0017661970523727977,0.0034037605471939347,0.0018908406416113938
157942,0.0034497072299624065,0.009618587726430372,0.004247492749428261,0.007513199384434621,0.0035752922952859145,0.0027913304367444547,0.005022442442914832,0.006989204090857237
157944,0.002999055582361701,0.02531499939902293,0.0030363857975263114,0.006423853026920112,0.002849361704517342,0.004418847897703915,0.003669829463452526,0.0037896805339682343
157946,0.005798014619585956,0.02015558912123816,0.002601790320341024,0.015063737853106274,0.0029146002062000603,0.0035170822658549122,0.004004003079773943,0.014072168175739697
157948,0.0022333418802161914,0.005032853984872965,0.0012619638028468216,0.001506436432021696,0.0009688158160839344,0.0014618663240729135,0.0029912943410049936,0.0032952393534382285
157950,0.0022950765833012476,0.009645062048672992,0.0018547980042535883,0.0037838367007859836,0.0016183143061789806,0.0025302322486998735,0.002909229630397983,0.00444453530887845
157952,0.0014679263251421576,0.005109398710783142,0.0010488098824199543,0.0016620451114714024,0.001864769784929568,0.001672920572530892,0.0025308206792474947,0.0032894039101388217
157954,0.0023880588997516328,0.029918434261290372,0.0022771511273063233,0.007412719417382085,0.004312394095506988,0.0028375894147671943,0.004220333414122701,0.004268039886100361
157956,0.0008949119799626093,0.004564739481165925,0.0014063330938275526,0.003279715264600469,0.0014889100121408122,0.001953390664889698,0.009319135153163183,0.002595751235159094
157958,0.00845817057022935,0.013889222663421352,0.004657170695048729,0.007248416973326677,0.0022452919470962313,0.005662580405130235,0.012340941081709966,0.010767698555485039
157960,0.0020108451503049324,0.013431715636969044,0.0018597797496512497,0.009790478535511904,0.0014576459188484492,0.004638957430304347,0.002334027116891235,0.009240906434204776
157962,0.0034062043217193555,0.00908698925945478,0.0031576412838244666,0.0036990273422219527,0.0020827684433958465,0.0017697141908332853,0.008990066653130013,0.005756463766300124
157964,0.0020060019166435183,0.014146701324620814,0.0036829574022935324,0.004653085659346579,0.00451499457135679,0.012183599960481628,0.002816199663607799,0.005189381460850628
157966,0.0011312464253343535,0.0036496760141405127,0.0012220423155027138,0.00246055853105788,0.0012945741502801283,0.0014030542333957202,0.0032758062813906808,0.0037492474932122044
157968,0.003014052321394234,0.005221014429303283,0.002225734177781158,0.0029139631011393524,0.0023821631401677174,0.0020038354561826566,0.0021179402859766855,0.007408719726671231
157970,0.002963896036014768,0.006150701124740587,0.0014873022214335757,0.006177786166140786,0.0012188337915223363,0.003252408554061184,0.0020145951904538273,0.007274583608972096
157972,0.006342021858984026,0.02257182151381465,0.003055043185416162,0.014727595922981118,0.0016672009509852703,0.004252979576961025,0.01442000842843788,0.025038508123774506
157974,0.001519873140271244,0.006269617875714284,0.0021211107466050927,0.0010994497894448174,0.0049348558709196855,0.0023729638571402673,0.0010659875585999345,0.0015948137654931416
157976,0.002132038019584448,0.013773728879229674,0.0017501901964511873,0.004126306792863466,0.0020352218507994208,0.004593785406284079,0.004293929251103501,0.004366448766121245
157978,0.004111072747538247,0.007997112690251384,0.0022406504322480952,0.007249041162381786,0.000946005235591494,0.004079088255253771,0.005673227798146441,0.007932768067181684
157980,0.0015837131932489174,0.004499942115525679,0.0022616657754448988,0.001712353368659214,0.002116905589057541,0.002264118383310587,0.0038428612864639528,0.007124222473633646
157982,0.010330461094560983,0.022726325151225746,0.008005067384520004,0.023230711480551003,0.003351480895406614,0.003785123735730603,0.004415533162172247,0.008172152441350777
157984,0.0034148809042645056,0.006884953272301486,0.0034764935650934,0.002685876378385965,0.002949903619327579,0.0022780884219454484,0.0020756924268345994,0.0027408976818655284
157986,0.0027762517335219172,0.008656252477332649,0.002879939123668296,0.011952131380084163,0.0014137249416998898,0.0023005191332085145,0.011002083263036921,0.015503171816817707
157988,0.0033183371224922015,0.010365638857418924,0.002498537739417786,0.002485917874754995,0.0015721172326275124,0.0033622127389776324,0.0013923210832587074,0.003972726053637354
157990,0.002903402709765468,0.00587038655857719,0.0020364932599427205,0.008434410239076762,0.002268822102042836,0.0013641783832457066,0.007139275432464842,0.005373135255140937
157992,0.0029213459619372717,0.009291856852169433,0.001673269516671072,0.00596005672977068,0.0021338152690537765,0.003052258325286772,0.006405906704331166,0.004955431938056032
157994,0.004553241420403309,0.014922356313945784,0.0038045800618747294,0.04811853890444717,0.0029599429452316223,0.0044090548487423775,0.01784825036662685,0.02050101955814032
157996,0.004423957619615004,0.024167867208721105,0.004204664761332744,0.009350428475338513,0.002834898377715389,0.003605610969768469,0.0030663665405165214,0.013909805216910043
157998,0.005989327455330207,0.01922605392087462,0.005278340846012419,0.014005932247784791,0.003379241099779551,0.005651185742210851,0.010836748750835179,0.011796469642178842
158000,0.0016476006732402265,0.003972303418710299,0.0014783809333371867,0.0020973674001310144,0.0017001961844267388,0.0022029312480766894,0.0013885996344976809,0.0023460014389167227
158002,0.0035795030462543315,0.01150204897553686,0.0013134391454939914,0.005205353642927568,0.0024320197416081157,0.003775621889960404,0.0019594092017878456,0.005396827747061794
158004,0.0036196034503888086,0.013288303989838823,0.003995582667404074,0.014964365194997109,0.0032374457488174024,0.004941181522850668,0.0039039150576736376,0.005558713867701792
158006,0.00481758002890964,0.006872164607119091,0.0013837078072743147,0.004915309811873103,0.0011944450064338558,0.0027310538946084956,0.0018723863348955039,0.005863168643532868
158008,0.0013691726110743319,0.00541122040376707,0.0015745160307393397,0.0037389406531987412,0.001268329047371744,0.0018409425219968606,0.003408214430055137,0.005297543068576938
158010,0.006596388415439414,0.034798986795835596,0.006042580700127198,0.007047482076823153,0.00397766879339323,0.013789955738589876,0.005780993848177651,0.006860582525360981
158012,0.001859361109529667,0.004348208404288734,0.001482587048734496,0.0014731405561474592,0.0011744739890231504,0.0014815389746374863,0.0016711904083593354,0.0016476481541332633
158014,0.004074971273567485,0.014251187052156722,0.004754344622676321,0.015111941880077195,0.0054128855750224525,0.004477813389712537,0.005886721988418664,0.026691450727407195
158016,0.002807213777101039,0.011524599815901704,0.0036783500162798632,0.0035574741323964876,0.005065986906871933,0.0025506727287099573,0.001758529588036739,0.0038967581454996125
158018,0.011432989775323144,0.022209918684277463,0.0023587922827881247,0.008220969999659877,0.004047531081496913,0.004518174145076381,0.0027649849809827792,0.005393676607433839
158020,0.0039046697054523904,0.011182512969330816,0.0024912521905520735,0.0036484288698762773,0.001959703065983698,0.00394293764928616,0.0036112184107929407,0.005447737371028438
158022,0.0023333263454165115,0.016460973159642345,0.002715716266836532,0.004684904269593171,0.0023981560258044127,0.0014287588244619176,0.011791197359514394,0.013143473587945431
158024,0.0035150252822114952,0.008019918364452261,0.0015018321903434995,0.004130196796543695,0.002500791016196935,0.0023632039125920934,0.0030043813929501173,0.001936089476427108
158026,0.0030479801700057513,0.0075643708243667285,0.003396587329662984,0.0058253099037850475,0.0028982430139343762,0.0022111539638638433,0.004268996886696075,0.003753846102788963
158028,0.005422342111736145,0.011175676795792067,0.003457062455170648,0.0019514002567435629,0.0029022401940453357,0.0020415340531446113,0.001380203547686476,0.0038617378449263967
158030,0.004111457793797513,0.011002769428520631,0.0029594764040377086,0.0073515954630833935,0.001467207059065459,0.002049642033078461,0.0065142895211250385,0.010636214458365822
158032,0.002708488026494496,0.010587885283977139,0.0023134765318057054,0.00764602965186989,0.0037839544865525543,0.005826695232180379,0.010508537940058515,0.015546720045154727
158034,0.003265036666356913,0.020189231510050698,0.0038134133563281214,0.010325795332164711,0.005094371123392172,0.0030901101807372933,0.0027174963818945574,0.0054385477150598605
158036,0.0025951795950263645,0.0081194435612289,0.0028948222015873354,0.002622098707145748,0.002511568532171951,0.0027694612512620953,0.0019305681190801144,0.0019133502721362938
158038,0.0010009189747233749,0.005618741465983845,0.0013120885854017161,0.0024621379943537414,0.0012319120629725178,0.001614616028690341,0.0030079553980406765,0.002448183633130277
158040,0.0042358925213470955,0.03239456328312773,0.004026208990688451,0.009889017643171849,0.0021155962954212543,0.004071340312963523,0.0024385404634215263,0.014882936857612217
158042,0.0032737934078414105,0.0068102010021817705,0.002237943396157807,0.004684724763588444,0.0026980362037654637,0.0028863224382758568,0.0051351712024443885,0.006974658711770054
158044,0.001759628606944355,0.006111217762720722,0.001992202222149811,0.004698816231608893,0.0017338407719977994,0.0024715435567297522,0.005472716834706626,0.006401686636452963
158046,0.0026826365700012428,0.00805931714727337,0.0035203602799571687,0.004027195222873425,0.0026345073353370996,0.0033182075081465007,0.0019671566276474733,0.005131471876666183
158048,0.001537769358507468,0.0062178749148069645,0.0018852904153321554,0.0037582835534018116,0.0014683551143940404,0.0014877030818727932,0.0023267057102052124,0.0022329302926726857
158050,0.001879195363869282,0.021198897448812204,0.004243496435351268,0.0057737733712737715,0.0032541147745812626,0.00659215323867457,0.002786194659510924,0.005860862905753328
158052,0.0016993523749475742,0.005469042199113261,0.0016518754823589138,0.003304534566944073,0.0016144289207657009,0.0019950069368503964,0.003133207860923415,0.007983698110321014
158054,0.0026098879861330554,0.007508352740908608,0.0023420281078601196,0.0092669780737476,0.0015342008208189123,0.0033105098705471653,0.0018712339513295012,0.005515933674489271
158056,0.0021457845635817208,0.011353283685251514,0.0013556648068624444,0.003688712884262882,0.0018747273290431604,0.0021088588207558573,0.0049333444296204565,0.008871420937275387
158058,0.001485495428351205,0.004673511443922473,0.0018060245904619882,0.0031749660884972247,0.00145185786245694,0.0020541428664540146,0.002103006341341862,0.0028260949801604124
158060,0.0017352358817068897,0.007118741065282264,0.0014793118297452695,0.004674499624827355,0.0018634405993189912,0.0023982592829094873,0.0042618779326062395,0.004592444273315843
158062,0.002581125183959268,0.004908933929082204,0.0021050575614279254,0.009729663385643628,0.0016026200282742153,0.003528001051092758,0.01628890982781983,0.011874870387993619
158064,0.0018618392580210946,0.005468448245233903,0.0022657615229990657,0.004011802801835496,0.0015345869373440402,0.0028981323101542333,0.005474997845489826,0.007373110148689632
158066,0.002103356570543405,0.004310186787975567,0.001518801513436474,0.0019441113213604228,0.0010221531867336126,0.0019503096828202282,0.0036556982482773837,0.0038952425476901503
158068,0.0029947076569292325,0.0160602159270804,0.0029539532618423486,0.0023045994633497657,0.003500790039688617,0.0022803108223484886,0.0035231431710785466,0.005559426030382009
158070,0.0022110460580047064,0.01023213313571919,0.003737112635189957,0.004488834494447369,0.0020564312859839284,0.004720018705008988,0.001613145802323912,0.0024850661478701547
158072,0.008860342252774933,0.013110741630990796,0.0059958852594590994,0.010237772767407671,0.0039212129602384516,0.004280596502993783,0.0031497622361925104,0.01654328422360707
158074,0.0012095804672031113,0.006391308733123824,0.001849110336221163,0.010073502225598274,0.0014237174232465538,0.0012961565341529369,0.002998248979349194,0.007546804621032577
158076,0.0018204628431996994,0.011502061760451321,0.00182969500622078,0.0044723328302345156,0.0023618958505360887,0.002776425253144199,0.001419767806698724,0.0058837212314216125
158078,0.002085079552771596,0.014006297295217573,0.0020687697614279466,0.005662605074068461,0.0043078910442467255,0.0047097653265917305,0.0014095341007981516,0.006974048938783506
158080,0.0017943125021211564,0.0060781692746272875,0.002120613908476676,0.00820136804374294,0.001218211420150661,0.0028063899834427364,0.0032400614843619696,0.00548557011922185
158082,0.0030586195815912043,0.009030984550069177,0.009301133915356141,0.005351317309017001,0.002298917020689975,0.0038717761929929484,0.0025635790501091216,0.002762014167491389
158084,0.003468936890114682,0.006216694087073871,0.002697872504103263,0.0025283879436388684,0.0016767704171805203,0.0031808714540587785,0.007007138313154526,0.0033269561414641657
158086,0.0018413328672615137,0.01215028799692619,0.0023269130803994648,0.004202916045619398,0.001955868733940616,0.0023237841030701034,0.001608212635334505,0.0023496339469475935
158088,0.0025189813037068826,0.009647737388347233,0.0025186829079670986,0.004046747111057736,0.0031073814669681094,0.0034781494825169568,0.006151960988035832,0.00580455768935334
158090,0.005966285420383466,0.044031024411172126,0.006566764700950467,0.012283518798789084,0.0037864701314413995,0.005700450861494899,0.009186772271691845,0.014655689288828322
158092,0.003361809677456931,0.030282350955676884,0.0023327850921778387,0.010071601429997523,0.0018084678994484543,0.005067722199130709,0.005189094856238086,0.006871717441510106
158094,0.0022078916766615914,0.0112811561924398,0.0023512261753371733,0.006087816649389177,0.0020658747047763715,0.008958033027811618,0.010270021274909391,0.00546607605731797
158096,0.0036936826570648784,0.010152135770838733,0.0025049224861073416,0.003790459379648517,0.002054526151220648,0.002577933312367442,0.0038821525202815815,0.005972243288145107
158098,0.0019541125454370367,0.007061326787734856,0.0030696655461598527,0.0032041880266300282,0.0032023739399416606,0.0028202205970156435,0.001417212290981698,0.0012215982795184127
158100,0.004995673969521164,0.018932149706023305,0.005697829778903929,0.005823286801381278,0.007528860601164811,0.004279701566456906,0.00238469367990235,0.006649860878621405
158102,0.006892887274833948,0.017838962709746164,0.006200248193348523,0.007423286970898113,0.0033449606524658254,0.0054475690973179725,0.011697005435800156,0.021946139003619303
158104,0.00518597062810594,0.01768902809477968,0.0021114441978492687,0.007999726053567413,0.003187674876064542,0.0026341792297782107,0.0036069841191373048,0.01573824839700344
158106,0.0034170612471410428,0.005205300963601056,0.004116198301304053,0.005290303873280777,0.001427009912036148,0.0019010844562539347,0.003729854630612428,0.004376585762840224
158108,0.008564530637651169,0.0304052990390824,0.006138908147930389,0.013701155881952476,0.0049817559579565796,0.00656134886454357,0.0025610510587371765,0.007187527147217099
158110,0.0018505033099893708,0.00821127749519418,0.002250606253647161,0.006259349981426132,0.001510520078258859,0.00613018634387924,0.010679190999667798,0.0068756559636189984
158112,0.0007542693799989508,0.0033024028472263822,0.0018263393804316547,0.002438149378608756,0.0009426357086232719,0.001563690320747435,0.002728419318031597,0.001524306540528153
158114,0.0024078225542309983,0.008125184674501185,0.002914046355231348,0.008148913267290114,0.0019259707217629402,0.002309016352622942,0.002765126413496688,0.0036444165913246535
158116,0.003091715706461662,0.016886468533323873,0.0020161434886700885,0.006152191236736881,0.0024807187846590667,0.005461299087985483,0.0020708191384175567,0.008026126131945033
158118,0.004899602635810574,0.012720915960628965,0.0037414148603753805,0.0017814637765178887,0.002205335013938603,0.004496697019542362,0.0014474665498234174,0.002014792164916082
158120,0.0016294447478779617,0.022587804459362815,0.0033502465459579606,0.007572471724359708,0.004875349732438361,0.003626346479794984,0.003914384676742211,0.005213684628636861
158122,0.0023632593285305564,0.007130075912421818,0.0026900389227791366,0.007412305031122612,0.002793817594482509,0.004164408426663491,0.005629054665826028,0.00349604697210161
158124,0.0018535105488218934,0.004048866944836915,0.002656099962416114,0.002214969847133666,0.002120763159672037,0.0017981658546981638,0.001450316457844561,0.005743742828943965
158126,0.0028387706680064184,0.013013553842578018,0.0028273724842056702,0.0038435836812929086,0.0034587934872437054,0.0018330176661654485,0.0031726705263024346,0.006480069944976796
158128,0.005795912314156271,0.02033229940657244,0.0030559195837851494,0.00855607930506963,0.0047531271590722235,0.0053158501210239795,0.007927953759279127,0.006330368076923831
158130,0.002131550910717872,0.013337787958205782,0.0022373502386905386,0.0034328686982099677,0.001356317780309979,0.005370422374029182,0.0026254456843242124,0.003243275251172198
158132,0.0012273068265967885,0.004863418868240876,0.0020172804231139013,0.00227822817928236,0.0013143654755777417,0.0021745384959113156,0.003096067135678615,0.0035510716266840547
158134,0.0014615418772146033,0.02108192767080741,0.004161082898695989,0.011834295304857856,0.003238962314271024,0.00310676474089977,0.005143938530554948,0.014557591319761587
158136,0.005002777270260106,0.014467853157331734,0.007523720673883683,0.02977852434267647,0.004649049152818885,0.0030176365745218647,0.011540137939821449,0.020984190622368226
158138,0.0017706652676552498,0.008087120435548378,0.003903032477673221,0.004578917670695903,0.0023846663922333505,0.002197921208570444,0.004487630553754229,0.0031140102525600982
158140,0.008578572096738846,0.0064756852169357,0.0033130893374592324,0.004667242495921764,0.001509544385412065,0.003131110466989606,0.018539310559001487,0.011384356453337574
158142,0.0014180272131408267,0.011480831023369886,0.002918123237850581,0.0029784237079875098,0.0016419227261655345,0.003267044291335744,0.0018792573766055615,0.0045240816073912615
158144,0.001205609030678012,0.006014839396411065,0.0017892988910404029,0.0025012083321209744,0.001158778430797161,0.001461604257089244,0.0018851830136347308,0.0032075071690675916
158146,0.0024429442619983283,0.009867602071882198,0.0013861369692459574,0.0026381174623588827,0.0016327312273869965,0.003521164437558802,0.0017643373010452074,0.003394714355581821
158148,0.0014967475306866401,0.0072217706862303666,0.0021759871939665137,0.004624627743567145,0.0032892804170976536,0.002754411703747031,0.002960159406891219,0.005816005860212137
158150,0.005158044736781386,0.013656857422202295,0.0017215789722385827,0.00421318746305932,0.002592057941744677,0.003153668103156093,0.0017493748918493562,0.002509022284948037
158152,0.003238277971548534,0.027790327628356204,0.0025085670008265226,0.010573435878248605,0.0015490038744281898,0.002635150221426699,0.00528189021187786,0.012492658714795601
158154,0.0024477928816363376,0.008024607002388662,0.0025796627702817793,0.004563525403307678,0.0012722947606891438,0.002123417963106,0.004850386935047801,0.0031298406966620007
158156,0.0022610903848879205,0.006301234968726144,0.002197177615897994,0.0020637634666877958,0.0022241375944259817,0.0034647206545199843,0.0020170836616750926,0.00199675643247077
158158,0.0010606605670580027,0.0029627445867509566,0.0009991601260511823,0.0017043654676785064,0.0011224242796009087,0.0016115084500337856,0.0010717149439755241,0.0030548451071478328
158160,0.004845563462177405,0.012067861551662284,0.003804686221283285,0.007982076496640345,0.0039201213038531635,0.004217115293418061,0.004378468839104033,0.004303158676251473
158162,0.002881241136441004,0.022873079699225807,0.005617527390415822,0.010688028707852626,0.0026464109326163054,0.005478541024231731,0.004607831582804922,0.009032909104750297
158164,0.0032523673383286766,0.03335716319288751,0.004790508874199573,0.02371235118501236,0.002706806996554803,0.005240579263896594,0.0035834540188126596,0.02289676696283416
158166,0.009266355527505488,0.015302055055885833,0.0017898258779291965,0.002493028218198204,0.0017998426245018906,0.004272697389289315,0.009087357163260146,0.003577878879633248
158168,0.006474219974073103,0.039699819336792785,0.00508103739469018,0.010178150802175878,0.003928448788942385,0.006219326135288805,0.004033561830149246,0.008240595352781988
158170,0.006257367193231167,0.007660031375667009,0.0028183509768686665,0.00593840307504806,0.0033264219863994443,0.01134736692930094,0.0028720330044856995,0.003935092087203884
158172,0.0021148246188873593,0.027294819620294675,0.0020716654887140695,0.009034737550801586,0.0028723316786922887,0.005954812103091067,0.0026316185672934367,0.01363450889454132
158174,0.003646801736885266,0.01265632476668671,0.001732907702239453,0.0029847938875509628,0.0019813625782473393,0.0022802250790668332,0.002363702317196792,0.005708526006745984
158176,0.0014209294508417264,0.005036982913371235,0.0009257668238371736,0.0020485563762149273,0.001444876019619526,0.0019226876550915706,0.001709006764951726,0.00332972730229876
158178,0.0031446520451459126,0.008148232636787045,0.004730900216953993,0.005611323915923061,0.002218402287575749,0.004490732576263812,0.003451602315272473,0.005871012228953143
158180,0.005454970096323786,0.003719633117044499,0.002075376074545457,0.0038102439639065566,0.0013758946923775467,0.0032385073497459005,0.006364348703652434,0.00717302535648856
158182,0.002603077665997225,0.006267022391597765,0.0010269158835554126,0.007108120008475716,0.0011683096097905854,0.003435088835704439,0.0022882535021475636,0.0074185284584627476
158184,0.006563060539235777,0.02958817984657358,0.004301389595223137,0.007251251413642246,0.006340252641055033,0.005115503761901119,0.0022782544953928174,0.0075853910484613984
158186,0.006212385311078761,0.01471745455129675,0.003280254190900514,0.01085136138513626,0.0033868633912085416,0.0036027746716916914,0.025898999745584073,0.012310426726173995
158188,0.0031736916530523823,0.008525365718957068,0.0021657135832820473,0.004282814750045105,0.00247921498612641,0.002072010046205941,0.0011067978097258901,0.002968358746378519
158190,0.0025136584569619563,0.01078165804242226,0.0029224659779243517,0.009657175751820513,0.0021374226242321104,0.002326308246548836,0.009512157561976986,0.0034799002892618724
158192,0.002351101176018,0.006947177006673189,0.0017383172868815772,0.004427941821585402,0.002590663348129907,0.0024717265390955673,0.004709608865062498,0.0030845520555908834
158194,0.001800728094595097,0.021610436937615995,0.0038040566395198955,0.008775787787620226,0.0027651009475415794,0.004362383085885435,0.0019299340645063112,0.005268063299912251
158196,0.00959377418324131,0.00619384222767666,0.005619093315525847,0.0038515650230370874,0.007686191919711816,0.004161505846728142,0.0015405798566681256,0.0030030404128646992
158198,0.0011087469266171102,0.0054877831587454295,0.0011481999338181503,0.007372173573255092,0.002259260888616846,0.002791173771478306,0.002036634813650018,0.0032330706027199896
158200,0.002588277821272078,0.02026897094639346,0.002396625308484515,0.006229764631776824,0.0036509382276599944,0.007458668607328356,0.001428316145912767,0.008159420910463178
158202,0.002430076062224798,0.015207575762411274,0.004602436778911034,0.004963543752084298,0.003579330539057679,0.00523340929172722,0.002341758771935931,0.0040022654969098514
158204,0.0028427461034054163,0.019600784571869534,0.0027734545763842405,0.004994203789153495,0.002366883781730833,0.0038838540830463675,0.003106445396370963,0.005763199418842513
158206,0.0023050508705324546,0.005019994856084509,0.001372799491211954,0.0038059441621621226,0.0009171616428738233,0.0020511214039666825,0.001736292827248187,0.003989961433262579
158208,0.001418455386570372,0.007510617670905051,0.001715461303464727,0.004458288917323694,0.0021713877070175247,0.002344632847713482,0.0021997117256505327,0.0037694252423534635
158210,0.003657947839715972,0.011123276900957046,0.003206101765708805,0.004079107289345851,0.0029932881267635963,0.003896886977930572,0.0024396487687100704,0.004508615768605617
158212,0.0039012085159689236,0.029733891078418617,0.002390473083783165,0.014163408812430056,0.0021751100641727167,0.004105909329297275,0.005490083868374462,0.01215197164883991
158214,0.0021414215747341814,0.0076968087660938544,0.004443663128119946,0.01638157168422172,0.0018873604363772167,0.0023214361489946184,0.019312947377191136,0.013681985006203101
158216,0.006107258951372485,0.030110198391414267,0.008240480374234471,0.008474327480625599,0.0023219739299913528,0.005254384125983558,0.0049914893686173745,0.011043148565367034
158218,0.0027057066233391325,0.008053935011087754,0.0022397339183979903,0.005989932906914908,0.001789634237355564,0.0019380238469344224,0.006054749258288306,0.005991930537523837
158220,0.004362018940614831,0.054376179265341884,0.0032272020313257738,0.012337127411178594,0.004390228976316246,0.007058725018336043,0.0017612397882647152,0.007840816416480545
158222,0.002323656962156806,0.004966633861661018,0.00268000077167542,0.0031240778619414655,0.0012635414963078212,0.0024949094516196896,0.0010329976660628098,0.0031725051805025495
158224,0.005438668595680929,0.03758228673828601,0.004011100629310038,0.012982530858801633,0.007844368842103988,0.007434176825001304,0.0023720097819444064,0.019167555741337106
158226,0.004307360967938101,0.007356166317018575,0.002404152996194356,0.006016846954788102,0.002632531745226388,0.003329697207495444,0.008626119243267338,0.008917434298196858
158228,0.002933931378404711,0.011490467165140628,0.006073892524499025,0.004782755143981854,0.0016214893399182362,0.004063628232904792,0.0018869966361867996,0.01329436826831043
158230,0.003169901762234986,0.009349192218231828,0.002271307702638184,0.008239607916099567,0.002878504291429898,0.0023232938754797067,0.0031555461897037063,0.007470822057059401
158232,0.004685395888870902,0.01288759140499196,0.006558431806639398,0.027313857903515704,0.002604991598857423,0.002788051617975962,0.034349436108964904,0.0279158110637292
158234,0.001189758264021068,0.005967004811770205,0.0025006784958985784,0.003823869260219992,0.00152757729605707,0.002012245950908445,0.005165342831539077,0.004161179982593632
158236,0.00601074441526489,0.00539561271448058,0.0010978154468697099,0.002419564814286082,0.0013385777581951391,0.0024578476789882675,0.003071596910285815,0.0038096695663565466
158238,0.0055485197251317064,0.013889456230995245,0.0027173872437506047,0.0032851479426250357,0.0019175782537992347,0.002811112547951078,0.004096978917429495,0.005761139628240264
158240,0.002100077858949112,0.013244133258982771,0.004105767061274301,0.004667015483366177,0.004225417156383193,0.0034055412291353893,0.0019418058539784205,0.006756224830596624
158242,0.00460727729425342,0.02803602291859253,0.003670427074645835,0.013377172830530748,0.0032899226916960345,0.007694782583527682,0.0036898741145942188,0.004572562373739153
158244,0.003298167999963353,0.02121679162458734,0.01100348844036625,0.020431796654762913,0.0021255574284700374,0.004929355504277533,0.007045233062933143,0.01828913709131541
158246,0.0029283390001022674,0.003931700594199727,0.0014653971156523143,0.004619185641475065,0.001865598031196139,0.001906022870761262,0.00552807973802083,0.005113580224250569
158248,0.0013521326999956784,0.007871213508608088,0.0017344538560926243,0.003648118354644417,0.0018687608292222851,0.0015598978888589077,0.006414026403094519,0.0035199938196839448
158250,0.0035094436236887128,0.01692292302390741,0.0026042508834856065,0.003955241208903004,0.0021181463641559706,0.003815089664835694,0.003860297121600645,0.007534109636164965
158252,0.0013658382570016503,0.007918047096255931,0.0025180940208748837,0.0044018170429330206,0.0014667364918674597,0.0022728074595059766,0.002122373004544764,0.003242490327421202
158254,0.0022904009815472026,0.007264446333014263,0.0017205595832460313,0.006689155634398425,0.00209319949141773,0.003047613269787655,0.00367380331778612,0.0027699247231627866
158256,0.006469019820705191,0.013669379128092629,0.0031298211060315634,0.011353601236547883,0.0012158560160360765,0.005774312344344834,0.0029913721725916553,0.008103784341456033
158258,0.001078732712130659,0.004267661204402862,0.0014383215421720635,0.0053461015526506395,0.00109897798222236,0.0029989829550870623,0.001648419133909798,0.007308436192502654
158260,0.004965709772971005,0.01724323992804444,0.00612578169896022,0.015932354290431272,0.0028309593561254426,0.0037612795604269472,0.0053681042991709504,0.012896712608518934
158262,0.004054285660011425,0.01631374545763098,0.002460751824528984,0.002112398113725114,0.0020537265280156647,0.005823556300639021,0.0014449595671663928,0.002379588512711042
158264,0.0009935018111029287,0.004341294656763639,0.0010465704643941032,0.0023551863262562117,0.0008724176298713915,0.0009386146833111376,0.0023654109107554278,0.002822951767382356
158266,0.0025755071469986263,0.006149099017452253,0.0019645224785176524,0.0014255765580611368,0.0019000047884191323,0.0020956449623135143,0.0008555796973377383,0.001215292065977494
158268,0.003048819763558308,0.011872795252632073,0.002018639945385328,0.004599633942421966,0.0017977630534089656,0.0025488838049214785,0.0024122944147864644,0.004064038599317643
158270,0.0013477226779006757,0.010224007322443607,0.0021792790489281316,0.0025317889275469074,0.002101977007176861,0.0015801935904988795,0.002842377471390725,0.0026465619479947855
158272,0.002783842194640729,0.01256991092865084,0.004103815660176702,0.005417378100871284,0.0042586945744683136,0.002116132988277411,0.0058944451656342545,0.004493228350481937
158274,0.002579800894636719,0.004580919419133744,0.0015913186968974508,0.002891974336472272,0.0015371468071182642,0.002508596854257361,0.0035160130540730222,0.003735448083737103
158276,0.002837814453132262,0.008254500139250054,0.0031833999210199165,0.0056803177649575876,0.0013007176197232934,0.003257249606352597,0.0033942507505298064,0.004937519250356681
158278,0.001682832212780705,0.006047379444717116,0.001762037836642985,0.0013175231196052573,0.0013432630605445528,0.0016230969340624984,0.0018613557754222493,0.001554431128648892
158280,0.0019086376978284664,0.013464083067384003,0.0018860225752668214,0.007715846977354224,0.007160571959856421,0.003992939158761255,0.0042556144732702195,0.007908691263250278
158282,0.005358319964716751,0.004960913244520748,0.0020004639934634444,0.009009512568665168,0.0012823324399866692,0.00156044938968819,0.008522842564620048,0.014816984801600208
158284,0.001889431269366304,0.006057367676889136,0.004412672021828712,0.002397882386984476,0.0034524843857508675,0.00301032589468965,0.00088942730420297,0.0016425371548912798
158286,0.003368341989337678,0.019195602438092152,0.0026026872857451977,0.006252729733180473,0.003262844099880327,0.003649339340701163,0.004388967255274601,0.009091312244322802
158288,0.0027708541364399597,0.020576288490685934,0.00524674381765089,0.004609910461811362,0.0022906348980191726,0.0030263187891819143,0.004485463667826262,0.008740360052161888
158290,0.008278546831165023,0.043505312721308975,0.0164001798654001,0.014244990122593004,0.0039083541409739575,0.01321712750563453,0.009470259688309446,0.02243308133027555
158292,0.001901982789048129,0.022315091788662977,0.0031020904122611714,0.008443561198599403,0.0020672139161753145,0.00486393327614465,0.0014504313750696718,0.006208939835425975
158294,0.002724981256441661,0.024603444920323847,0.0019943836812691546,0.00848553283516651,0.0028745890077169906,0.0028767293363509694,0.0023407781883305057,0.004502888400711669
158296,0.0026083664560966474,0.010458939484383978,0.0023255795315924588,0.0021323569409124193,0.0019429820625849331,0.008110227109556833,0.002205954706767224,0.002529127908069917
158298,0.0014107475197394082,0.009484129267935737,0.0016712628994695056,0.003296527267200991,0.0011192309978016457,0.0036086274096989307,0.001655154485174004,0.010659857218069613
158300,0.0012988891630505983,0.005902647358667856,0.0011854793477154152,0.0020622342045282377,0.0014003470776347005,0.0023702810322813322,0.0018097060208868143,0.0030703004594785505
158302,0.0019791312429463664,0.008318961055252316,0.00202243879113434,0.006609121488455827,0.0017236681477634935,0.0016318239702963755,0.008324295058259601,0.009569252151200358
158304,0.0021123854436533307,0.005892765833113656,0.001611542247732578,0.0033816366307206636,0.0008311131180700794,0.002412702450807616,0.0019344500023743688,0.0028946105473105638
158306,0.0015528141693756936,0.00559648567783283,0.00155733266169035,0.0021654878683452644,0.003461358191166275,0.004194702918894677,0.0010592519728663957,0.002114888006191029
158308,0.0023628087759443167,0.017257018015479852,0.0040342186429696,0.008839965247265325,0.003058982198785254,0.004755747210681227,0.004647057967215817,0.010248228510380264
158310,0.0026033167741026375,0.00881270696585923,0.0010955102237375641,0.004134361695460109,0.0024344814049795382,0.0031075284935300346,0.0024070442615998916,0.0046461752770063924
158312,0.0023368359371229858,0.008467980243251683,0.002290203088981327,0.008608373380703194,0.002453193911014853,0.0036752169426560594,0.005952190655458767,0.006560350691886763
158314,0.0028585788617176977,0.03342512195772329,0.0033890252304991098,0.006741969332951792,0.003390167792794385,0.003998772616719215,0.0023578211630734813,0.005804360151544563
158316,0.003949209236457973,0.010420851685271126,0.0027323728280320148,0.0027081820991364247,0.0024740114254682144,0.004289095259295772,0.00312396750667078,0.002090433180979512
158318,0.002120043028237595,0.006240123597397229,0.0033135036207265905,0.005905807530738549,0.0013931396638469096,0.003994799035329288,0.006895589464894991,0.007056608147849863
158320,0.0034700533429035674,0.029833547100072133,0.004378793242346468,0.017889056281745974,0.0036511439657377492,0.002387295093186026,0.008947708022571332,0.013083625142656319
158322,0.0028921810861293334,0.0031032125942689337,0.0015817562885146602,0.0037627821248431698,0.0015245276236621752,0.0015083733913546227,0.008219695978883834,0.003683653755713459
158324,0.0011527710369954591,0.0037714830576734415,0.000884062163128977,0.002265312561183175,0.0010557497125334714,0.0012952007134083843,0.001478755376907795,0.002083969924286999
158326,0.0008451587490674317,0.003231045493590559,0.0013791715639183272,0.003306714102520092,0.0014253565820168124,0.0013449000549142914,0.002552138947677085,0.0026608119894256377
158328,0.005484376035926053,0.008233553382726522,0.003554311691433887,0.011010279571538328,0.002914125588491037,0.003505494415243726,0.008694011661035062,0.006707395304147212
158330,0.0028034364518465665,0.008312109833028325,0.003083533787965456,0.0024295501423671345,0.0022949530855742584,0.004447264654981409,0.005946769080367176,0.0077278819174433355
158332,0.0016891765483271204,0.0070944114668583524,0.002108985759534443,0.00960440692951181,0.0018006360916713593,0.0018945387305625006,0.0049294475704064755,0.0191412488882039
158334,0.0027681247715817398,0.009240599893909851,0.0027922252449939094,0.00429547412520126,0.0013679397324637549,0.00357074876768948,0.001232476978486885,0.0038258967182214776
158336,0.005619361398761458,0.007099185414674247,0.0023131930756803976,0.0031429430262004537,0.0024669645378505717,0.004219092477530995,0.0014416795223335388,0.0031824449032137464
158338,0.0025805680251228674,0.004609103133405235,0.002186683322339192,0.004194358386537866,0.0020000751227513547,0.00194292885953197,0.0059596575509301974,0.004573587188132999
158340,0.0029973560082861145,0.005360439546493234,0.0015998175434633333,0.004724952399038307,0.0018417226144175208,0.004194229069921784,0.0024702691650429487,0.002773693537530486
158342,0.0032762455205027075,0.030736078129067756,0.005248693317136066,0.0075771690938621905,0.004430659125671588,0.0072322861971765295,0.005679974111050257,0.007907706690707395
158344,0.0015096810213324208,0.006126634275460674,0.001783756682471896,0.005338780248340724,0.001728824137791754,0.0029117763979148586,0.004082227577160202,0.00414296346360038
158346,0.001958407392771769,0.008986262202365092,0.0033143567141138974,0.004760698509459482,0.0019076593682621074,0.003417932359489964,0.002497232577571895,0.007858192946665066
158348,0.004095972732589326,0.015378885808914333,0.002651044158725871,0.004766149250873264,0.001900926904383704,0.0034514530529562576,0.0026106097072379347,0.002459086719142578
158350,0.0022519676326782645,0.01018924389436121,0.0021428326440722234,0.004155728698176597,0.0029484336600110184,0.002550861251230177,0.00838070677395436,0.008223883190059456
158352,0.0021437442929284206,0.008416478634538871,0.0024042903577549263,0.001772961568639611,0.002639848613547935,0.001761979665567695,0.0020515894483465053,0.0034642115106802707
158354,0.008787245117953868,0.01581221311583314,0.007314561070281889,0.014987093733724643,0.0028119800990680233,0.005444088724099183,0.009213258073693942,0.015250000493565674
158356,0.001484924606709806,0.006816440711876537,0.002870885569175932,0.0026745037964737706,0.001297012888372473,0.002960159406891219,0.001374238384216575,0.001296385887017762
158358,0.002206520589290939,0.004876243523624035,0.0022876426670027095,0.0038021424795638,0.0016910691857981025,0.0029548842949279064,0.0034853057819008715,0.004525130043987247
158360,0.0032326605314936807,0.016914600281836556,0.004789690008123737,0.00426040136013861,0.0019360196486017944,0.0029691471096251476,0.002549779881359529,0.007276099916375678
158362,0.0017179654914550313,0.019158227899115587,0.0029709089235389202,0.00301440615115868,0.0044673575806095656,0.007622523725566488,0.0008539806088062735,0.001499168628533179
158364,0.005796091556849403,0.017737835191695916,0.004568111759768678,0.011735638343419785,0.0026229816132996575,0.003192185061695621,0.011058919765859265,0.01717696687608683
158366,0.0031991775571532793,0.015964518434341324,0.0032770976430507304,0.004763635351700879,0.002518612611793883,0.002571409278233641,0.0023655768757555595,0.003280786333384411
158368,0.004146571521701503,0.005166438472727686,0.002681691206447137,0.004654867685722985,0.0034392603550815887,0.0037068372766241448,0.004670821472519349,0.0025326392494697814
158370,0.003012589363786247,0.011968173436906204,0.0026987351759197864,0.004896554307130485,0.0015403175519029255,0.0030053044093989456,0.0028554140479137985,0.006117500450139923
158372,0.010825942639201225,0.0202857085197794,0.004470972680257701,0.014745958354001554,0.0016110795790497262,0.004502676419947171,0.01047773488323106,0.025201003474117023
158374,0.012095145259579887,0.023426552911992582,0.006462451292046423,0.011930337698081106,0.003050956497200455,0.00617047292418077,0.00413385773454511,0.011283250193585781
158376,0.004738257935948065,0.011166587718955734,0.004040017760496062,0.008852027968032417,0.0019394328494172358,0.004004694257970565,0.0071825909803494015,0.010578043840556939
158378,0.001513722969196954,0.009678175698255354,0.0021530909701619194,0.0033121630834857113,0.0009154619071288818,0.0023331859878159694,0.0020265937065320205,0.0034427296659711587
158380,0.008699089304025132,0.01687050882823038,0.001840505230999448,0.002958721341872042,0.0022469215320675695,0.0036081001912903338,0.0019728438615301963,0.0037472199262340716
158382,0.0008301847198150109,0.005279087867826826,0.0016993947600886378,0.002579934102996617,0.002229076801875396,0.0018844623368197283,0.0021702622846802577,0.0019783335059477825
158384,0.0016235141924303559,0.010187935326047504,0.0022020455573046466,0.0036725692153114498,0.002113282373120154,0.0032654368647213605,0.0021520432280515284,0.005162725758341369
158386,0.0024050510318846113,0.009193721979481373,0.0030710328792665914,0.0056794294521336774,0.0026907608200579802,0.002927776991804701,0.005578545900460308,0.005673975319767044
158388,0.002527033059095629,0.006747766425195201,0.006464499854825834,0.003635972293647649,0.002845309312642874,0.0038129463746895548,0.0026388266183619558,0.005594329957325839
158390,0.00849700657074326,0.017773845943010125,0.004418780540834055,0.006076509270830144,0.0026430509973107835,0.00287349058578025,0.004120734922853586,0.007650795395979737
158392,0.0019143323415993369,0.005093300166360282,0.0016469716915867988,0.0016076393139835693,0.00199539498175888,0.0013836293753999446,0.0020989048527333964,0.0061155041352516926
158394,0.002459332421618235,0.012157775803452786,0.0020049325517253053,0.008498774456613456,0.002636675333874905,0.006027365234704485,0.004744558985156966,0.00759799536111766
158396,0.002444210481602496,0.00701177675052117,0.0012601461378874412,0.004025817557130884,0.0023070179764084764,0.003758967349222486,0.00316317349398533,0.003996952324314407
158398,0.0034794133238858493,0.017362472849814736,0.002591370648822436,0.007113275590887869,0.0018924443562463034,0.0038508030414796807,0.003277840248582811,0.008895278445423038
158400,0.003629385044758418,0.00666016317903001,0.001973649758986673,0.002531310590492275,0.0015776993191736338,0.004749027970562203,0.002285492563317129,0.010639030038311015
158402,0.003144764018600199,0.023026610293097827,0.003864482999895738,0.006950975585382546,0.00285956167649927,0.003804691736098223,0.004548289692920593,0.008880530676132148
158404,0.003892372137489622,0.013626059206715058,0.0016843537279921522,0.003201146707775396,0.0034957518210174815,0.004626528979290223,0.0016856795380416068,0.003261084535223502
158406,0.0034879753393433077,0.03149512968155599,0.0036599348857873637,0.009832243252133,0.0022014830455874823,0.0025157570986424904,0.018141645406372087,0.011100893158514147
158408,0.0037665787157017405,0.011174967932224222,0.003209340436376218,0.007908378525625592,0.0036094393476632375,0.004091184796132019,0.004222424640434819,0.007224927956045457
158410,0.0013840589765240635,0.007291197882403289,0.0010681171239781406,0.002320306222074034,0.00193103595247468,0.0023629351726164316,0.002280036876437533,0.0028296184218402076
158412,0.0021002079476318963,0.008751950370929018,0.001945428547325767,0.004165765362018625,0.0018358414718039479,0.002233643641287808,0.001929058278132223,0.006283803420437162
158414,0.0017788832310794561,0.007236411642417784,0.0014397217089432562,0.0019806804453372795,0.003143876641902077,0.0037531189543238974,0.0022665219515796142,0.0035733443973135076
158416,0.003328420023440748,0.01714683811442108,0.0063150535972769095,0.0035498796227924206,0.00391505409087145,0.00925321378364985,0.002615930908929587,0.0028812683314907717
158418,0.0037165256571051325,0.03282760181733679,0.007324470528978999,0.009877308772505922,0.00376291375061745,0.004230680356055727,0.0026168013421826175,0.011337334037581082
158420,0.002871515152997939,0.004272814273378389,0.0020937776557039545,0.004801906001868306,0.001238787180408929,0.002362487185902387,0.004310850094944252,0.00538594002785775
158422,0.001264062491832585,0.006420922518791949,0.003965573406780942,0.0039920701092341915,0.0021721019217492282,0.0025204353944387053,0.001955953746755071,0.005268560823516788
158424,0.0024131533432922986,0.012456641385188982,0.005008489275670769,0.006937789359812152,0.002262095594597349,0.004724236454212383,0.003163566143161989,0.019421303932753098
158426,0.00105239125848261,0.0056673458711631874,0.0010047128808326478,0.001962574925278071,0.002214468095190547,0.0021834857954932674,0.0023098130091008806,0.0036818094672321777
158428,0.0015277438671295607,0.006715474247125153,0.0032218394901948333,0.004828186109102683,0.0031353752104132937,0.003399397759311862,0.002356006819611345,0.00426569018928924
158430,0.003310395412833067,0.006872674788965583,0.003208487885047795,0.003924306811990741,0.0028096756152798386,0.003310823674878019,0.004689162425592974,0.0069869232925450775
158432,0.0020484346413923854,0.010335697513320419,0.002904620068200414,0.0036371822588465857,0.0009748838145921118,0.003129390961259096,0.004566551838030508,0.00462843567456539
158434,0.0034841187115417643,0.02320666592017151,0.002684332467936104,0.004815801246055296,0.0022575864773666243,0.006051933176900948,0.0019038431584706417,0.002732814101218964
158436,0.00390816689696849,0.011102050277125353,0.004075818857419089,0.0025720591558886646,0.0014995194404513607,0.0038769698115776047,0.001016927029904982,0.0038626592709874036
158438,0.002820114558810316,0.007098604119827601,0.0015982453510343803,0.004286780749398256,0.003784048899813597,0.003731415987670919,0.0026809338782352032,0.005462369511491316
158440,0.01111359964559716,0.016388247589716798,0.010870454714853262,0.011832325834168822,0.0044094813110326925,0.01318211734657937,0.004165299882320284,0.009679921714224327
158442,0.004225905356623427,0.017585113896459115,0.005175283895397842,0.020953563057446445,0.0023580660950543036,0.0034669734399195434,0.017853398831731093,0.016382914385659753
158444,0.0037001267453046355,0.010128479864977058,0.008653532596012481,0.014334743783454229,0.002301708215608267,0.00876341305930084,0.009115363829352907,0.01579920807483237
158446,0.0016551375107010657,0.007873867044273786,0.0012567849301509254,0.0029800764204077623,0.0011944169393596216,0.001957552199669546,0.002234487412846653,0.003129763168142896
158448,0.002066896855761391,0.012224393353428065,0.005963866281470054,0.004443531017086555,0.002455849765949092,0.002262591726827093,0.0031830396708019126,0.007754465018052992
158450,0.006279456095610536,0.013981292853380234,0.005757881590145786,0.012976122259102107,0.0019807872177480257,0.0037986085690867727,0.008161944883056604,0.007232581466458721
158452,0.0020635911890946185,0.0070823738937741965,0.002980311513690881,0.0044207806642058145,0.0024777168356378138,0.0023055491866803696,0.010149523488408363,0.007873395007472972
158454,0.0044615489915023065,0.012880610983592666,0.005427818872085821,0.01121070371051941,0.005268759839536452,0.0024951204648824277,0.007438450693997789,0.00868013838979409
158456,0.00781384717272382,0.022111512395795785,0.003567883938951022,0.0031303104733322457,0.006915607582485883,0.004139162360396187,0.0012331728394113228,0.003130175414139416
158458,0.006139552637890455,0.011293170453229529,0.004992298984719812,0.008944970914005757,0.005735099997096427,0.004198035093318175,0.002390870526778388,0.008685611932435222
158460,0.004158780131613193,0.013728094476635144,0.003423160057300978,0.009333060653517189,0.0028110947716637608,0.004465317074832387,0.0029664670205066385,0.006357769385420875
158462,0.0022833057324427863,0.01010276806972904,0.0017831406081508933,0.0036771088251537215,0.0016035086892216693,0.001287604000870371,0.0027147868312505374,0.008983401977870342
158464,0.0025912473857237495,0.005891199968178995,0.0022654866793238165,0.0021416587894727,0.002690630191210852,0.0032191338940458364,0.0016850102981341153,0.0023261037780209076
158466,0.0024388384888958253,0.010403491964343425,0.0026395270656396352,0.005213367227924204,0.0013325251845946462,0.004363368322650774,0.0025937078924622714,0.005868258615487898
158468,0.002515201809332235,0.011219570806979329,0.0018584494532337126,0.0021472381536526003,0.00256908474890806,0.003665551014306337,0.004447651222748483,0.005826497318039969
158470,0.001446314507338467,0.0072982715295710765,0.0021110327041140714,0.0038543398645603105,0.002726369136738571,0.0027002263093545142,0.004717479134308755,0.004321414111867983
158472,0.001985017320287108,0.011686587146278404,0.0032112232032597277,0.002678431173867582,0.002094059266984305,0.0037064000001592184,0.002823431174443558,0.004024245396197168
158474,0.0013327830286807285,0.004354277072122992,0.002559766232660979,0.003307394069294603,0.0014929635162892613,0.0015294718494152648,0.005885155783609486,0.0021015630214841347
158476,0.004973855213250611,0.009358778952449853,0.003474079593550075,0.005506478770833434,0.001623852241042903,0.003635035191963676,0.0016004490809799071,0.003722554131506739
158478,0.0021955570967452515,0.008017128254347805,0.0023157039328115664,0.0019889053573116794,0.0013918496188694007,0.0054207895856004384,0.0024564630868429,0.0037849202156388234
158480,0.004311397997591948,0.01863232348473165,0.003675724649381276,0.009872223856150164,0.0026644327813463153,0.003998117753663488,0.00953046068207919,0.019801164988169973
158482,0.0013768284110032974,0.007127550826816709,0.0030371823214081634,0.0030817206865842994,0.002349726041651748,0.0022713567041560273,0.0020409648310315692,0.001593994148604963
158484,0.005188771764648659,0.008164774888652693,0.002748532654832714,0.010353878494843372,0.0008234386414130435,0.002663215708390357,0.007629128913379191,0.016585253634007424
158486,0.003319553989853452,0.019651023315568672,0.003755003386342326,0.012227771026630307,0.0026430456347688175,0.007159690590837153,0.007429598492068534,0.010599948055396935
158488,0.004285863704975634,0.008004514106775551,0.0019741476111301837,0.003119025174099177,0.0008910854710448037,0.002201391456324586,0.0013254662185725602,0.004546582444220348
158490,0.0019419000820244392,0.006619977774408037,0.0016604414123616018,0.003990470665141077,0.001532973333990606,0.001928850815266836,0.0015857549742366445,0.003611127522007429
158492,0.0016323398778786413,0.004639488246809487,0.0018312419749234032,0.0019696572981647287,0.001226753013693363,0.0017621682559303964,0.003102955686320033,0.0015596686650607566
158494,0.001975021983469119,0.012088995629279398,0.002025972578451274,0.0025671723524143264,0.0011179257625242855,0.0034096451776264303,0.0016297629600630636,0.0049720373002438145
158496,0.004417864340283906,0.012411100606222414,0.0034111449789906573,0.004478697890395955,0.0016515033424973624,0.003113143438454813,0.002210156985939238,0.0057716630129705515
158498,0.0025511163886084015,0.012066308136613524,0.0024941890220845503,0.0055324690685632505,0.002093556402982824,0.0031707038619778333,0.001858324190241234,0.005597548085805926
158500,0.0022207073891031964,0.013184492117508606,0.003323437008387678,0.013746597021722984,0.0016785828317856244,0.0025816933813596066,0.0018913674690307497,0.012484820383598993
158502,0.0037517999507805655,0.009070970654372845,0.001672128040752563,0.00982478887558097,0.0021406331370239645,0.003518758427727642,0.009703447427380718,0.01195405051503512
158504,0.006026573962856441,0.01327246952183142,0.00211060105536931,0.004519888073913292,0.001572255785327173,0.0031003091991832626,0.0029734768530233074,0.009453379231936732
158506,0.002696144092372066,0.008979429493089164,0.0032164222510801116,0.003852398295458595,0.0026708357356691886,0.0038967520992645582,0.0025001509510414466,0.00512576802708159
158508,0.0017637890477071455,0.007875793682919019,0.0021270209896356307,0.0022209468484908484,0.0018089032693359292,0.0031703988675362837,0.0016273563872526986,0.0025244580194218186
158510,0.004780363590893233,0.006944790072900331,0.0038162761414069074,0.010907451349682129,0.0011315591868630293,0.0029099321310985943,0.011207775608790327,0.01280952105726657
158512,0.0022491014739495357,0.01704934452245177,0.0020473820052735597,0.002914257914458318,0.0022434279186800965,0.003812410416231593,0.017213303316921724,0.0035313886376295844
158514,0.001428029793086441,0.01233447772067664,0.0018987903663423428,0.007753252603814653,0.002547798341436383,0.003196274250072406,0.0012459972668294045,0.0038759817403411084
158516,0.0030297065028406372,0.014950580386658752,0.0034676065096222453,0.009181746977961203,0.0018505696551558565,0.0023282915902465007,0.008724846326502167,0.01185071231209639
158518,0.007301287590035843,0.01671732969069084,0.00447899008399677,0.008240480374234471,0.003082615381133205,0.004414106436148535,0.00484655306927767,0.014588083426853027
158520,0.003912380505973978,0.007886940280322996,0.00319051241156644,0.012162851672493924,0.001212977631567469,0.003932723775756708,0.011941043166619425,0.011825959810842557
158522,0.0019588921070821247,0.009256969664145354,0.0024546311056811293,0.007711778092769572,0.0016246398566510667,0.0023183399152355705,0.008368680699334163,0.014123029192365744
158524,0.0042005119139592595,0.06548929213867982,0.010695241124514476,0.019919805293344695,0.010378436625526677,0.006729165092167477,0.0037735002431965037,0.012303928386839191
158526,0.002018157935313472,0.018291345809902992,0.002631929312868833,0.0034199359035105292,0.0012641345444036056,0.003003192707653604,0.002931721057646955,0.006830518522715545
158528,0.001644632511045574,0.003095046554497438,0.002042360593149453,0.005466896844419866,0.0007733168412856796,0.0013384158438861787,0.005315611106509133,0.006360256433564582
158530,0.007645189252182549,0.014524072660294929,0.006261993401499633,0.028249785088051205,0.0090879765084948,0.004232928290523796,0.02441020697677132,0.03398729004955303
158532,0.003854473082085322,0.014064015106001415,0.006195736340774971,0.006493074535561194,0.002490324072777439,0.0018009879918391564,0.0019472594071636706,0.007846244351093823
158534,0.0025922293998760365,0.01700537693182924,0.0036285861257757818,0.0073962273295704595,0.0050801876897615394,0.0020755888968757574,0.01347406155587394,0.00834984554506596
158536,0.002368253049439009,0.008775080066147967,0.003143531167046701,0.007453776548720592,0.002439111878893563,0.0030909737824580535,0.001119513176210063,0.0040927194528992406
158538,0.0020837481700724525,0.004113814325681142,0.0018039256276927151,0.0021853930245263747,0.0014169065802760589,0.0020012775119235826,0.001925959604618513,0.003477309831704037
158540,0.0033231324853668642,0.011551784788839337,0.0025215539234825363,0.001986458575408148,0.0015139180625057258,0.0032917195132855515,0.0015728685627836164,0.0029602137262278033
158542,0.0016678742521203521,0.006266749896938428,0.0024194790570537666,0.003183664341677661,0.0016407150370729845,0.0027085054753437365,0.001778133529351314,0.0017529413801514182
158544,0.005226528624625859,0.02772850329635279,0.005286744096879625,0.02211666220033326,0.007483351484779632,0.003472224005835259,0.021879933339733704,0.02111121122610471
158546,0.006918066339140161,0.011443496874764814,0.00501777058267866,0.0031656949185016187,0.003336268837755854,0.005134262528818434,0.0034219609548985647,0.0059113421582432935
158548,0.0032930764300243553,0.009099030254485163,0.002021375772681147,0.004429706982667148,0.0016963799774834115,0.0022777104229432243,0.002027792967622802,0.003039079618465959
158550,0.0036327288910429495,0.012418537153859932,0.005485407884009419,0.003128554097617822,0.0026790805536611867,0.007867807008699101,0.0014971081490671723,0.004345341659865776
158552,0.0019604666881900684,0.006026864321200309,0.0031999403625376927,0.0074785325203997055,0.0017188512848803073,0.0016967933539385194,0.007777148316109539,0.006458973073088237
158554,0.0011132602676378611,0.003725734145096027,0.0016545319427088145,0.0015404927116936667,0.0023523776981577843,0.0016619035685383615,0.002846865443068017,0.002376641144136507
158556,0.002129205586787253,0.013896429039484737,0.0035740913331743784,0.004534381792766828,0.004217678496903909,0.003757884358681643,0.0010357451819715952,0.0033934638230551095
158558,0.005084306234493852,0.026798816798191183,0.003028493546715763,0.0268918081047822,0.0023561413522090735,0.005781697448743961,0.0017369808683407317,0.005339968176131471
158560,0.005541550234642367,0.012081782908580863,0.0024577217236976395,0.0017965628152390029,0.00249546286870328,0.00340955599182248,0.0021074278589444106,0.00162485788846084
158562,0.007506595524866322,0.008944301499586027,0.0038561546886764497,0.006615143578781124,0.0017501390785025356,0.004035260756876602,0.003685979329476688,0.007152133723721477
158564,0.0018118108799789617,0.0060879712834971955,0.0027369021471757154,0.0035684407011325053,0.002983095511400871,0.0036557942010968653,0.0024667613793619148,0.0032034761619712526
158566,0.0011247219014492438,0.010554446107918558,0.0011645415750250465,0.004308094477024904,0.0024765780398325887,0.0020600240541085585,0.0033988699822279506,0.0024136408815890326
158568,0.0018082644913054585,0.006622839363729094,0.0013578660650448576,0.0034807877262410664,0.002214953366607375,0.002524207213255983,0.0016651289618061643,0.004295408691902536
158570,0.011553327147726444,0.0683419338708271,0.010613864425358666,0.05679919617987417,0.013813742989423838,0.009902208792945955,0.006472758493547559,0.03836038601855862
158572,0.0012160906224546603,0.005810567169119152,0.0018863814275910246,0.003342193926841444,0.0051851690627133795,0.0034239168508865547,0.0009553544189133678,0.0014741664895750461
158574,0.006691503104898411,0.01330976365852976,0.004430824769329433,0.017869936277863596,0.00276306835910628,0.004801163600022029,0.016681289892803486,0.034859227465938725
158576,0.0018612921301292135,0.013717177641447087,0.002210572424470536,0.008017456477400542,0.0018724127713514727,0.0028802138174722908,0.002009567412149027,0.004609874039458228
158578,0.00753448990338601,0.01584916294949701,0.002409281140591815,0.010329519073853322,0.002378233411947983,0.0034256504675017063,0.0017612247796823383,0.008654703950200293
158580,0.0019142674709593521,0.01289309825656254,0.00502288281843738,0.006722443767004371,0.0013874826445893357,0.002692430675112212,0.0014704794289888273,0.00867621410830749
158582,0.001862221202222361,0.014981727339037576,0.0025938042727902677,0.004875170775944737,0.001146281254816875,0.003367079463261771,0.004374406435323275,0.0038866776888222265
158584,0.0019929455405085506,0.007921866310320935,0.00311826999511379,0.0034112102519859994,0.0033183019289426824,0.0030388594687748155,0.0025876065686995103,0.003819176835926863
158586,0.002576872693645038,0.012269853043998469,0.003720366557915536,0.006112669298752316,0.0031828744753607113,0.0027067546665913156,0.004304668058254857,0.003410110267865321
158588,0.005055106743483917,0.009811190375714818,0.004593296597194874,0.010043999565824357,0.0038018429474765553,0.003782580586086992,0.004214861888121091,0.01486005313901112
158590,0.008515559980551757,0.01261920834349639,0.003219889773679055,0.005417690684199672,0.0028130291613282093,0.0045641626230441545,0.002360703989790436,0.0037467132341895693
158592,0.0029282954566424296,0.011708089427032997,0.004723900521691471,0.003910936888913474,0.002072086015491914,0.004461946133216321,0.0028740948915851328,0.005209356976205948
158594,0.0036669725253999363,0.013025736327102244,0.00395627869598375,0.0053309504198778,0.0035640932367189126,0.0021404094222896575,0.003869583202857921,0.008815941430819985
158596,0.003094500268642497,0.018326449270384737,0.002002021187785377,0.0028399263588481244,0.0029317049210915297,0.0029033260311511905,0.0021330096514594055,0.003847085301780462
158598,0.0020474666242498163,0.007190800755545235,0.0012196480817381478,0.0015150529256438006,0.0016926925088824873,0.004794503138372319,0.0012776146439824054,0.003992860064751247
158600,0.002774469349344902,0.007574200321836477,0.0021331693175291044,0.0036852058658585346,0.002668046029150384,0.0023308109858804493,0.005826882912487508,0.0060365264815323005
158602,0.002962766080584489,0.006713481526619214,0.001770452710851425,0.004317414496157801,0.0014092102003726709,0.0050462376449935675,0.002039276482379615,0.004113165399789731
158604,0.002926139250925497,0.005647207544077271,0.0013563869278796492,0.0039478974073894335,0.0014639163840188818,0.0024435044076940304,0.002935503076732529,0.0055172141998751645
158606,0.0025334345871239755,0.00915996662584817,0.004104753114945403,0.004698814188722145,0.0017734958710607374,0.005161632652052939,0.0029190751754717414,0.004634613590186243
158608,0.002607996606380794,0.012254728379524293,0.0023837510723660055,0.002328160371602009,0.0028474065116870784,0.0021249628718304076,0.0029846913119429552,0.00246555000316917
158610,0.003576330381289461,0.006355281635705978,0.0026285018069897165,0.00726320427562599,0.002206947586414154,0.0031725618340350398,0.00514906543644944,0.009886895784722904
158612,0.010270675158732756,0.0635870768239819,0.007993866903889035,0.04214137971483489,0.004251295653572351,0.009657544771791093,0.009414945030584931,0.062135855836786824
158614,0.0069834249650215785,0.008561690083308315,0.004572101899649683,0.016751448844859462,0.001298514873547596,0.002591939972739432,0.00684102386246771,0.011198996752098067
158616,0.004157850939945862,0.07497002252859009,0.0021169443256390807,0.008594634942840573,0.0069007305314841005,0.004880079743828425,0.003387273155303072,0.011863029289177263
158618,0.0037988886865793076,0.035890979067884965,0.0038974060500208824,0.012111929100948382,0.0031561196028997984,0.004450150903072603,0.0038746121015300616,0.008087439367703064
158620,0.004559667801819822,0.008688517415301966,0.0018115295906149242,0.0054369555130051594,0.004011614039740652,0.0032887475861623217,0.004504449412712275,0.00896299955309271
158622,0.002671339400844422,0.005372254913487362,0.002015083463984324,0.0054834248352313986,0.0016095087360491617,0.0016394574120792843,0.0027791956272838064,0.004444133975894715
158624,0.004845153748775033,0.02531074622385554,0.005697503591917619,0.0177885140623113,0.003118276235887729,0.004901506366851438,0.0028973835107604234,0.01361915804963637
158626,0.024816727439010755,0.0183979738772031,0.004387362229119285,0.02317075475145125,0.0030483462695875124,0.00999463213018914,0.04484602087528189,0.046160769462596285
158628,0.009823260235713782,0.03152080232415333,0.005191400798531198,0.003161386556700174,0.003826911109635747,0.005121269080523627,0.0028041663049633986,0.0035220646371240255
158630,0.0018130726695138183,0.013277838204981629,0.0029456339422120337,0.009130440503785309,0.00261310719031288,0.002179902375434986,0.005672850688810682,0.013384586477192484
158632,0.008099430684318565,0.06830514967441559,0.005383776048897337,0.017673806752777077,0.004179924889552433,0.007436472945304473,0.006247355495459184,0.033911599502624235
158634,0.004299316030799416,0.0344759066004896,0.006068012999735972,0.01332186726934298,0.0014515839202228348,0.005914824391073881,0.005789750547498196,0.014052507976751782
158636,0.004082622695623428,0.0328788595702969,0.00478414954802725,0.008040502233586155,0.0026365119761812134,0.0035930451041644162,0.0034814809639876487,0.016878038607686996
158638,0.003776968426384697,0.02076469274960857,0.003177467428768177,0.007138966965560878,0.006124746090761024,0.0043814717537351555,0.008547949009810374,0.007577895487509645
158640,0.001679735363779425,0.007361311344343591,0.0011402100266605514,0.003474538078227299,0.0010767348682430011,0.0016552917997353506,0.0012981548654623781,0.005443654442784107
158642,0.0041302331872126175,0.0052795436853619315,0.003011429720245609,0.0063321916459316285,0.0011451058067769027,0.003047350859187295,0.002034273091051697,0.005779381733300115
158644,0.0021035093137753424,0.011535364973838336,0.0021811625184464806,0.008635867938942055,0.002075632005758013,0.0023697743178990316,0.0037070346038064472,0.010126581386838363
158646,0.005761571689988421,0.018349344111379118,0.0031792026112105326,0.00283918313252364,0.002820868343808694,0.002967213735771815,0.0016180637465945669,0.0017385307017670493
158648,0.0052706052431403805,0.05355455908443307,0.006062910200315352,0.01572988215042259,0.004304126449033385,0.009276911517738462,0.003468404619541135,0.005288224211506487
158650,0.0026401142881416484,0.00930445679548364,0.0011107608289795956,0.0016120109656295872,0.002397176835718398,0.0017574755775184858,0.0006931333394606699,0.002509042064620784
158652,0.0035312270341265745,0.03132256519675658,0.010309819186072267,0.016214603735369204,0.0067161348894631545,0.0055685682032882156,0.0022339299282175956,0.011572686654946429
158654,0.002213458101730806,0.012514499773164156,0.0020262167254339047,0.004860922038263604,0.002073905285244773,0.003418085251159164,0.0017709314519099295,0.005485007272639175
158656,0.0047273085374449075,0.00958723073922757,0.002666676923400113,0.003625430358303261,0.004197679804307519,0.0038008378554805905,0.002158038952090102,0.0060479669641413936
158658,0.00276882962738402,0.009464880542915888,0.002321277124224308,0.005297583197722,0.003073371096500424,0.0027757787041754606,0.0018995063088569908,0.005531206722126036
158660,0.0020927901202995175,0.008121851224389909,0.004399982327065788,0.006635591858990042,0.0018489113827833137,0.003030271647809238,0.005301447152995742,0.008562651130755106
158662,0.002823356351007736,0.005668006622308264,0.0020282553229805794,0.003298651099196706,0.002194663116652562,0.0018637091646916404,0.003183931716178867,0.0057822979790649875
158664,0.0024820070041591813,0.017938234166302358,0.0016948579465974611,0.011143359748624848,0.0027745034922657674,0.0036036212844186566,0.0027469532650963857,0.011791218394519076
158666,0.0033259974432129497,0.024848235228651427,0.004700564083922387,0.010991805846455316,0.004023043084672162,0.007381995218862569,0.006441422609310132,0.015097137161733054
158668,0.0032998061449976412,0.00804430943235368,0.002445088335921497,0.0034150015082060753,0.0012972680786594998,0.005422159966418649,0.0014462045700652931,0.0033807463297941404
158670,0.011131780773339983,0.03165102966027811,0.0028170806536218507,0.0038824533424467594,0.0025472425352338762,0.007293644889751205,0.0020408113465204686,0.008055003537732974
158672,0.004518893334548579,0.006662546911286038,0.0022146605844991646,0.0027297769315865056,0.00187808996478106,0.0027841028316699795,0.005009711591448307,0.0037148225569442334
158674,0.004106210105378816,0.008371981248568583,0.0014091464316173946,0.0029155901900281833,0.002174883512630635,0.0029006288731076163,0.0018569077275704254,0.005770627221801883
158676,0.0014848011536814504,0.00597055290878995,0.003803356807946523,0.006796475836017335,0.0025896649480248307,0.0023578349107649665,0.004295646988701274,0.004765071196528803
158678,0.006426123615238533,0.023232051495497785,0.0017920658070460505,0.005149473902808177,0.0023097764852144653,0.004660322622625168,0.005460491934696998,0.005678742208459708
158680,0.002284634229379315,0.004979249959767229,0.0027234210911042944,0.007941594995209356,0.001311710509895439,0.0018228615000421972,0.011083165545330509,0.01210815754290473
158682,0.0031614481379314135,0.003745515278655645,0.0024925401659782326,0.0014854629793115137,0.002139032231378346,0.0026782908194595972,0.0012499959005835143,0.003410275167156307
158684,0.0009451041679779705,0.0027932725850114,0.0012137611509456386,0.0027459907786364784,0.0011760174904336257,0.0023009454805956175,0.0043375361002837565,0.0034368287722792573
158686,0.003679655142006022,0.01353431521256021,0.005545000589195548,0.009554855793729777,0.003311182939078075,0.0022167451937841337,0.004157693362410397,0.0173702648020857
158688,0.044686943197419504,0.014858078692326027,0.007865931567403672,0.011232900924067979,0.004962780560178681,0.008023767404603754,0.0017453824581805666,0.019652986908230474
158690,0.004212244475816862,0.01516975584725544,0.003318783066679709,0.00459528027311884,0.002115862919762637,0.003987348954215264,0.007474122189636612,0.005684354791868351
158692,0.0038702510928426137,0.022530320958247252,0.0051458100469706225,0.00730231642685869,0.004242965482723682,0.004731528516722927,0.002596116039751975,0.010312138781359614
158694,0.00244225567646196,0.006294207198765334,0.0013444579982436894,0.0020566157661159323,0.0011822410830165803,0.002286536315073265,0.0012341947504160983,0.0031330810799998776
158696,0.0012741735553591926,0.00710899191570058,0.0021939776574391723,0.0048231853417215476,0.0012268960222089481,0.0038028127942626444,0.004095823961242084,0.004477283927718789
158698,0.0028462433373379614,0.005546234545717399,0.001955864779901187,0.0034710224852752547,0.001104449495334739,0.0030095467974455975,0.001362051752851548,0.0020766640370229045
158700,0.0020463107656421148,0.016596063357001478,0.004095791537076288,0.005949453698349316,0.0015147101602802082,0.003023327468618442,0.003040962306048778,0.002800517989313814
158702,0.0038664952509235434,0.01950673474422815,0.0031092295197293063,0.0054342375508140695,0.002513807503737253,0.0025479442600134933,0.0017152008641510563,0.004159476853233868
158704,0.0022649636358052505,0.005067886621814788,0.0015283962608419466,0.002042192578193769,0.0011547065304374216,0.0011888278782112988,0.0015663383268391673,0.002490324816392331
158706,0.002759464498013467,0.009686611101309917,0.001303035995161142,0.006097023705527116,0.002632341757529355,0.002107970014198504,0.0031871911399744685,0.003609398166692493
158708,0.001425377678727649,0.005008827796859683,0.0015097884238220033,0.002719288735887615,0.0023433970207710347,0.0017692819961381279,0.0038893949844459735,0.004767023716567564
158710,0.0061084992176496655,0.028938888128582363,0.00547090361042285,0.00786042680653054,0.0030220363309665377,0.004197370869563066,0.002079498009482497,0.007441487866108654
158712,0.0008751028438021315,0.004931366507904045,0.0026209012599821696,0.0011811269679580377,0.0023135041258073863,0.002924080934654738,0.0008483427357464657,0.00255355250146673
158714,0.0032962286849130967,0.016006524342421224,0.0023354080921242915,0.0036959837636009324,0.0036726992536595393,0.00402843031093969,0.007656451837558587,0.003475302725806595
158716,0.00218521260826067,0.007107625030187359,0.0023455059866041156,0.0035059708498155207,0.0018883497358790913,0.003801228300481921,0.001671746315259362,0.0024162096889169954
158718,0.0022877146515034585,0.0170416949221599,0.00152965047103161,0.003843819721428332,0.003368364907237409,0.001481837239334871,0.002226418603150662,0.0024569475943232583
158720,0.0016659012832990344,0.008389472330239622,0.0015419604681799065,0.0020725459307238125,0.0037397548185120894,0.002470050318284858,0.0009906275568960649,0.0017671907193062136
158722,0.00259953870644708,0.01793026395621866,0.002323720173023569,0.005772210944465839,0.0028984082713370274,0.0025662754893664985,0.0009609886511899313,0.004807690233717354
158724,0.0022765648828549367,0.0059194873066515385,0.0028765431197022573,0.006843275792789427,0.001893175310424669,0.0014868097686526888,0.005027157681578354,0.0031981889955377124
158726,0.0038647919371845862,0.018215210018361683,0.008073013314287891,0.014636014858759872,0.0034978921689872294,0.009277830088344707,0.006999895541433487,0.005937592403693126
158728,0.003914292380398143,0.006360334867264117,0.003893923905895838,0.003371433150110903,0.0028814271051520596,0.004906836693344074,0.0036557869933295933,0.0049527438061992
158730,0.002015811302005288,0.021045512855080384,0.0033810781752203894,0.005656857543058502,0.0032044368605360085,0.007373325108821993,0.002507767741267486,0.003478126633534251
158732,0.001693288464111653,0.0212948537334976,0.003895875444832664,0.004882988616268458,0.002528085245093306,0.0027028607994002,0.011581758283032484,0.0032479765977439096
158734,0.002979219099952468,0.00862954076550354,0.0018540125808153007,0.005268374790201813,0.0021118680577769805,0.0029375096821193797,0.0013932731508816687,0.0033076657327775344
158736,0.0025424056725991684,0.01757649157516661,0.003146597240602081,0.008443469459058273,0.003873446730919397,0.002403704041233967,0.0016864336626499915,0.003848950649572913
158738,0.0048424946631877575,0.019344304173504412,0.004890977373582184,0.008411393965879421,0.005593898640157358,0.00311934682905525,0.004599139769503546,0.00897233402338693
158740,0.0010653279464123977,0.006072056608896981,0.002270913579219283,0.0022178180413574694,0.002339254004960281,0.0028985518726143966,0.0015199082867376618,0.0035012692405109874
158742,0.010374166790081185,0.007156384994712328,0.001971360910906897,0.00992075113494284,0.002060869548685687,0.0022515462010513354,0.010240809555753572,0.006452949490395099
158744,0.003304529855676211,0.00824702595910104,0.004567771353865879,0.00592925580634418,0.0014344992873314283,0.003132039404941944,0.013365300797008928,0.005500787839027632
158746,0.0028802721965914962,0.020133978497548277,0.0031843925010970886,0.0041895393127653335,0.0029399310368921072,0.0028892107714364457,0.0019279847619683294,0.002841154562896131
158748,0.003654912203346364,0.016157248703806637,0.002724374558809528,0.013738264618725404,0.0017318105499736364,0.004380580140605161,0.003741499170984222,0.020999920913400416
158750,0.004158252583998101,0.009668179088838047,0.0018513386407304488,0.0031421411046313047,0.0020513312918147286,0.003375171078004391,0.0018317684056935596,0.005391026378781527
158752,0.004735999566350735,0.004969334163300809,0.0026126086644876617,0.0014641555657207844,0.0019498651820609864,0.0031674667193035827,0.0012960647986882123,0.0025793047994389223
158754,0.0022793648892269758,0.007596643285341154,0.0021896785308084393,0.005860663271415101,0.0021313152883363357,0.0059509652117140655,0.0048908106357231085,0.003159652474452379
158756,0.0034790287859583074,0.011669266912282483,0.0032422281416267934,0.008181172177537166,0.0025484892351448907,0.010616092075983241,0.001591804083738213,0.004249733488548346
158758,0.004591163916432217,0.024498000120254382,0.0015389785958702107,0.004836472937215286,0.0016254150472006096,0.0031838182067644993,0.0016833506185381375,0.004739545303871717
158760,0.0025532460414035146,0.005561782825226125,0.001714141104811398,0.005022721239564598,0.0013656028403635917,0.0027930375070207014,0.003860354060254645,0.0031709996408869068
158762,0.002915449385650304,0.008574383840027677,0.0019046159795314127,0.004930323287815563,0.0031728623160410946,0.004230728817512797,0.005533481044640354,0.007941247082322855
158764,0.0022818260047713507,0.017857608144002057,0.0037047790363549243,0.006356989980709438,0.0031562267574197223,0.0025316835845504843,0.0026884003281746477,0.005606723768667943
158766,0.0028087791996478373,0.004508817883333904,0.001272557607496838,0.008175745456814099,0.0015311911873984313,0.0023361304227247914,0.010332555805785626,0.005394768839922515
158768,0.0025763867126915724,0.016795527446827885,0.005418306006149898,0.004834639900469506,0.004060859751135126,0.0023064919492308267,0.0014909274448469123,0.002956692918807527
158770,0.007081333083253094,0.05341275119387512,0.004029689236415612,0.015993322784215502,0.004473073277202533,0.010794140293255483,0.002549136210185099,0.01395966622904471
158772,0.0037749036217393783,0.018638995642988654,0.004100706215560912,0.004902342038992424,0.004100055461952801,0.005154845351867721,0.0022312836179173012,0.005155951648960988
158774,0.0070742550934141946,0.011996323518835228,0.0029630033290210106,0.0018192340761036818,0.0021068546526437637,0.0031903621723051168,0.0033259235376538326,0.008439088449369914
158776,0.0032172204948671124,0.014936488691891237,0.0024614334016617168,0.013553684241323583,0.0023409710442506976,0.003216025912722867,0.0047616434239561856,0.01038038892965526
158778,0.004688169635117312,0.005829229740204278,0.0010215189492691068,0.0043299405250101786,0.0021760542717866316,0.0023695247891342697,0.0035038275902117416,0.004424184588667279
158780,0.0031277790150047308,0.01276947776800258,0.0022234552763822496,0.004351636376832779,0.00461807674533099,0.004062634700048806,0.0027398605982359575,0.006244161734614062
158782,0.0018468753687534006,0.013411688479791906,0.0034520234187331855,0.006586853924030189,0.003869195287668825,0.0020280006519347027,0.002077053152224964,0.0037004113659589027
158784,0.007538359085739688,0.023770385017144235,0.00555477835303414,0.010386893886360549,0.0026412307269030877,0.0026799448444450036,0.014077210015482289,0.018816414753075605
158786,0.004727772663498664,0.013969802010236398,0.003406401305262874,0.0073561918779253,0.0021794484374346723,0.004323589018729257,0.0038623481037647484,0.004263102767488258
158788,0.002080219377734116,0.054943690271530565,0.002079063142300233,0.01916028634752487,0.002341039176558868,0.005304612479917259,0.009482289271282918,0.0228270026916777
158790,0.004288973273325836,0.010844499964051346,0.0056960167474709444,0.003378406545468962,0.002294743932263421,0.003972629315214471,0.002005286194684111,0.0034553160898112
158792,0.0027953004940508563,0.017520746546715538,0.007644434886222351,0.002775922375217524,0.0035616970579335216,0.0031658873357196526,0.0018861355016680653,0.004511360713435553
158794,0.002357809947881165,0.008076695622662777,0.0025721165908860893,0.008835650621768443,0.0017145665117906383,0.0024630408779877655,0.002737528559764224,0.0044362629721340086
158796,0.004355568217249195,0.003550796360345443,0.0010973671906846505,0.0028395638650549615,0.0029680936817383513,0.0032435710011355923,0.0045650535972510675,0.005199382150822773
158798,0.003719999828442122,0.023026660039082714,0.005899795914974304,0.005635389859586448,0.0034995417146612695,0.004738702083768642,0.002114485769901586,0.005415789000898175
158800,0.0018265657739129915,0.009594981257610158,0.004020348933604423,0.008812971352702148,0.003983837196300188,0.0016911715207151984,0.003355225443699761,0.0046600052457324015
158802,0.002244187414164822,0.019667579055976603,0.0025781652099371583,0.007689481783486107,0.004667674140403699,0.004466995055540934,0.003625570774900125,0.005424905637756938
158804,0.005596405416059602,0.018585915911943696,0.0034792326982813343,0.006508743896350977,0.0031779222855443795,0.004587711477937129,0.009016464246914213,0.008315389697139075
158806,0.001286632097307741,0.006077048253505524,0.0017513262049077133,0.0026285839340181583,0.0034040270112234566,0.0032754429718728773,0.0013614702512265708,0.0018405950504229995
158808,0.0033605773144756435,0.005858745814191713,0.0018991858226670294,0.0021274563760188686,0.0014652528019371142,0.002314895865286451,0.0017860438209674895,0.004663885716241545
158810,0.0070774050262639165,0.019101460013771998,0.002207820258995477,0.00766337694603525,0.0024159496705107447,0.004728991999414234,0.0029500533467213957,0.008468246263792167
158812,0.00259675346537791,0.007284965786003517,0.0019749915212009667,0.005328212316296765,0.0031457158734498614,0.0033807199041613334,0.0029415059575319535,0.00578471287896698
158814,0.002418453020031755,0.004914552426633856,0.0016434954099447396,0.0037359877130139912,0.0035397000373521698,0.002141030957583681,0.001057431188206684,0.0018541774802743327
158816,0.0026146388646262203,0.004404082297730705,0.001743504146056729,0.0029486270441339,0.001038719652113454,0.003696064843006719,0.002551469387315222,0.0038361112873994685
158818,0.0062330052957664805,0.016785942565615608,0.004128149600846065,0.010097529607690225,0.005270585770606795,0.007543678730083991,0.008526224281911132,0.013358982682775355
158820,0.0034126812357291453,0.009403735653364331,0.003279099159245513,0.00529608984521085,0.002398328973590172,0.003142915040756089,0.003223951820217563,0.007607377480959521
158822,0.002104180834697336,0.01655748159140913,0.0020657920767099824,0.00881238942711532,0.0018818589569503802,0.003549300341206596,0.0011421407420511565,0.005250638859705115
158824,0.0034897008886165676,0.006897154849226317,0.004991387250052937,0.005525127533224927,0.0020736715137470996,0.003822206224378455,0.002007646725686263,0.0059505939248651885
158826,0.0054543504949645105,0.010099419370742047,0.002542916992270397,0.003219773511249857,0.002522272307075149,0.0029787140381465904,0.0026098982631067025,0.004332249982049952
158828,0.002827184306567268,0.006653025480140906,0.002670345593370149,0.004098383967996222,0.0015067739218593973,0.002434060136295102,0.0036461889562167255,0.008323717261317365
158830,0.0030046223437474873,0.02474987550496821,0.003634973651161069,0.007701803464431001,0.005967398481095343,0.005247075185428385,0.0027924390281497957,0.005958791367322525
158832,0.0015213571975112306,0.005327731561809657,0.002089134144146243,0.0022720058466003806,0.002083645119598923,0.0027804153438509283,0.002145604064194853,0.0019927336723352257
158834,0.003223680232409487,0.009602588886361618,0.0012576804962488725,0.0023149094872615544,0.00119493301423379,0.003377017005236349,0.0042451661920575035,0.0068614045557007786
158836,0.0029481274140291808,0.006469108510277766,0.0014022779426887816,0.0015448327737568324,0.0010876019334183362,0.00293771159184443,0.0021889596890291158,0.0020963227316995875
158838,0.00418654410428787,0.020354841035953086,0.0058887640836415844,0.009688759761567134,0.0025740966009447086,0.003466544845496744,0.0036827100770189247,0.014640484176291546
158840,0.0021937804855909487,0.009458953654004398,0.003317596380572621,0.002177760759360395,0.00176639369670184,0.0036169597046392804,0.002206219266186596,0.002001506166708966
158842,0.0010836910290801388,0.0037123648769608053,0.0011534966567850469,0.002242564113548673,0.0015306620798783421,0.0011812468061584008,0.005058328020187075,0.005198448474683426
158844,0.0011076992491310111,0.00427513280476971,0.0013954663122301009,0.0031300778732010898,0.001791645398273048,0.0018728757619781988,0.002266708176718049,0.003243844274205765
158846,0.003915228446285612,0.018900313545433534,0.0034248982786394683,0.009125718185189202,0.002133252938135169,0.0034253116452527405,0.004816215921301714,0.011716702647383892
158848,0.0024137957182424064,0.011087293294529454,0.0022204247593707316,0.004082371340942359,0.0030966031947183975,0.002678843775426612,0.002808680484202297,0.002800416659208216
158850,0.004808184120497272,0.0200675316445178,0.004143411387549145,0.011776090984017051,0.0060525626516261255,0.007991251833721569,0.0035612124055766636,0.01127240242878852
158852,0.0016150839956481505,0.00421303077479096,0.002048846396181858,0.002517132506927533,0.0018446603126559685,0.0025138650317446665,0.002775472532392534,0.0024511657986870383
158854,0.00206486634898978,0.011323972208130195,0.0025319831242947566,0.004502249473836761,0.0025207843937571917,0.0036361416676723574,0.001104023652223965,0.003977008142977356
158856,0.001887181121224879,0.005072494723743548,0.002348413411179584,0.010953206547526018,0.002318094544207075,0.0024350170496480056,0.002344509106055881,0.011677402086718303
158858,0.0032022103516121114,0.012881062531061582,0.0021882106434301662,0.006619861383862835,0.0018808251528868447,0.0019616656936512072,0.002528316762895902,0.004288149669455843
158860,0.004480243732616851,0.021972747344855215,0.008756365824937051,0.006223572661945065,0.002269478690865037,0.0030821558153784068,0.013579578041122753,0.008863812717044228
158862,0.005656603136262817,0.02557885072914079,0.003687088102196867,0.016844123349351925,0.0018589457288849115,0.004845297924427394,0.008721930600265326,0.009322970571506772
158864,0.0025599026924289087,0.008959150058647447,0.0022973615334858644,0.0035582358518651547,0.000997414824524881,0.0027878942579620536,0.00504474416696038,0.003995132446314109
158866,0.004555582516501622,0.00422244013293277,0.0023055169894654753,0.0019057590797469381,0.002339821235833886,0.0019222972725880944,0.0019262192310127851,0.0016721597262316923
158868,0.003640559364243137,0.007125696614293853,0.002267569168356909,0.007377649287755084,0.0027836389612606732,0.0038142194845216526,0.007908386476505547,0.007293356012078256
158870,0.006022064473891808,0.008197603454292768,0.0020889652377178436,0.004386478899012725,0.0010745649743251207,0.002561991885505821,0.005480613647747268,0.007878436086716789
158872,0.0021251040328623128,0.019547318286513793,0.0060094113053144604,0.01126477176816515,0.0036130794198019484,0.005738902447769922,0.0015084445757465037,0.006589062418422886
158874,0.0029990882241198863,0.012451778930426594,0.0017973274469623157,0.004078049061233602,0.002210477493675214,0.002802946911719728,0.002861476797919718,0.004746051492905912
158876,0.0013727249577075856,0.011006274051513998,0.001348340358662492,0.002510808741078785,0.0015223724562505453,0.0018702124142401383,0.0021064121469374086,0.002811283203169035
158878,0.004307197648415695,0.01000320430432794,0.004181927063896751,0.005181798230356804,0.0017962855540513273,0.002454847422564757,0.003031651101681243,0.008082932019650935
158880,0.0062917070959480625,0.016575878591439164,0.0031043918510133134,0.003690822784408479,0.002587717616898466,0.007689869871811084,0.003122319488967365,0.0064148737440064
158882,0.004359672044629781,0.007664663195905641,0.0030160565401821243,0.005861788112704325,0.001922558612138095,0.0030611418643938237,0.002515113626360199,0.004452265494921059
158884,0.007742491991985512,0.008635506521529557,0.00221860512497557,0.0029453828334603666,0.002360967534549341,0.004254404321822003,0.002272830192283415,0.003023774023915904
158886,0.0013699551278358868,0.006870773747481851,0.0014435778030055246,0.0033720894526859807,0.0016188469595908167,0.00338228005981879,0.00210704035473909,0.004349992000112268
158888,0.0021375407746983127,0.016792580634899856,0.0037969974052747824,0.003689188939442492,0.0016511594002191488,0.0036200243696810214,0.0019719613692501525,0.005370570887635928
158890,0.004748283506972817,0.013421048508906408,0.0026701415411025664,0.008227718686629137,0.0017914360007521696,0.003814188654993181,0.013138403713535363,0.011473741443703611
158892,0.002698043169818698,0.007213209132752363,0.00217658780317688,0.003530083075626869,0.0031465688209584425,0.004901632599898287,0.005295986825748722,0.005302163256718728
158894,0.0024419659103918634,0.017224077187718345,0.0019010750354431227,0.006700067670811771,0.0035633224402342872,0.004373386448151051,0.0032763218572934433,0.005892052074861154
158896,0.0012306056690942896,0.005201082107898769,0.0016647565479269155,0.003240936034488176,0.0016410328386853856,0.0023856477549478172,0.001392681407029528,0.0024600799498775694
158898,0.0033160996991156294,0.01755854243668531,0.0035051600480918155,0.004835306136495243,0.004426686589621698,0.007754363979912748,0.006625697932607866,0.004293727129474567
158900,0.003857947726798941,0.014289816578477721,0.0027748084331859074,0.010981778394653086,0.0022059897004890333,0.00393330223591587,0.003054030212354064,0.010503604580115733
158902,0.004896678390938547,0.01330522901575848,0.0036657309999965637,0.0077814052868885875,0.0018251563764154627,0.002374930677260037,0.011741111322582987,0.007124228762305729
158904,0.002740948000428803,0.005924140590298832,0.003184456408207359,0.007742696536558791,0.0016228517072249815,0.004737335857176783,0.008598081995509155,0.00492137622137534
158906,0.006946714987483615,0.013581377066911537,0.003689235551058767,0.006450430021804954,0.0018345044485182371,0.003924598060855766,0.002729520796306298,0.0053425677053953735
158908,0.003243769589739154,0.015390598290510538,0.0022573988573540427,0.004333624180448192,0.0018889225214846622,0.005543092221806989,0.0021526056102116886,0.005736596447960318
158910,0.00556884842248806,0.031456124970205224,0.013489998480585241,0.020841859218322156,0.005554187535244337,0.009331654248656784,0.006268855691469677,0.009339920014901415
158912,0.0026628046966408747,0.009906789729534404,0.0013702896543915793,0.004771163599504524,0.001792369238465208,0.0025918641098456874,0.00643485376602726,0.006330467666890771
158914,0.002628629390925022,0.018404005574268467,0.0019693445034940638,0.0042954243177196205,0.004465475399008989,0.003437268193399304,0.001974507467556244,0.004947009186762108
158916,0.0029906322022288934,0.013416935079035852,0.003064888052556905,0.00801315408654446,0.0023632278174270382,0.00382621931790178,0.0029780488207880595,0.009166712159380863
158918,0.004168162417105492,0.033916511555203366,0.004890923183466234,0.005242166184893371,0.0034678298307418004,0.005551845673910316,0.0029599875340648035,0.006763427464166805
158920,0.0017554109581050525,0.011100348375923608,0.0022281514042088585,0.004363505142546353,0.0017596748626375197,0.0045316077838473134,0.0035732669021768665,0.0021600510381747373
158922,0.002219310214985129,0.008533405431611352,0.0018701354074510679,0.006167621863589157,0.0016772122155257613,0.004627777764559193,0.005343655840271078,0.0028134243390798425
158924,0.0028380140978106483,0.02569060641963916,0.004062068649610728,0.028308531995335784,0.0025608335053620146,0.0035492177807832648,0.002898537432101611,0.005778070002494806
158926,0.001190502886106573,0.004907283453639055,0.0011180842040814931,0.0017666373253982237,0.0021558883867030115,0.001489209017852114,0.0007598722836328481,0.0017280494431413107
158928,0.0042627817055845285,0.02454077459914572,0.002456128169434857,0.005465180423049054,0.002616153457769832,0.005128954108440331,0.0036818691427866757,0.006519263592741575
158930,0.0025595302638554834,0.011665543999266115,0.001974376697168323,0.00915450811380314,0.001685151292385792,0.0027023204751517316,0.0038413141858413408,0.011838212039717855
158932,0.002810566249067739,0.00473244080434615,0.0010802369629310388,0.005452426983549918,0.0013844143486130417,0.0019230182861656453,0.0036950987423418763,0.004504517419384124
158934,0.0015305571437985166,0.007428654482648733,0.002051642768974307,0.003880385889548102,0.0011705231859582832,0.0026133261910987887,0.001576534718173997,0.004100903741900697
158936,0.0043100459151901305,0.010027558094123146,0.0019439786049475632,0.006163207297188444,0.0024095283651982685,0.0030514124964329398,0.00770511236325927,0.009473631494980816
158938,0.004440922971349848,0.027707197787322002,0.00320920368289368,0.008909741667451565,0.0015784102447769094,0.006231019627431833,0.008980093160309233,0.009200791519712093
158940,0.005461467573618428,0.009020292067738689,0.011355943314505845,0.0076000672187783724,0.004341994719210485,0.005749616801896451,0.0016211128393123359,0.01353001459804487
158942,0.002027074374743601,0.009433695713802814,0.002860869436570171,0.002109262574593443,0.0017071789184153752,0.0035132056008714413,0.00183282755464248,0.0030609085508226386
158944,0.0038405342881469573,0.022148913070342502,0.004802409917876782,0.006599018539494905,0.0021650437539447176,0.005332967732678606,0.002300357610401496,0.010069428670946012
158946,0.0054888186392043625,0.02977600441203898,0.003368177242202286,0.010605089664599499,0.0034673919701719985,0.005579516446163668,0.003450241127440856,0.01149503911837263
158948,0.004789831293621427,0.009355737529111119,0.004695023356213801,0.007722598535630176,0.0035030518732615534,0.017865291318314158,0.003281098299044563,0.006629083654141832
158950,0.003611418101501243,0.025960522718886603,0.0032378010096254517,0.014713998351398916,0.0039572357039538986,0.003511136506847992,0.00549820423434344,0.00668867546531815
158952,0.0029530741999848065,0.019653283544587064,0.004107977745483604,0.010007310653241897,0.0031459607549244595,0.004330448454670288,0.0016381996661418846,0.00833885535756057
158954,0.0022805075754741555,0.012282549380871421,0.002535737682929709,0.005435698618217799,0.0030519808969691753,0.006858564686745616,0.002902816605755698,0.007205645570365959
158956,0.004926605425191133,0.007139281727777169,0.0021567529823516285,0.006334456651825582,0.0026704915147727354,0.00262514715565626,0.005840969827560549,0.005751783021972268
158958,0.0024491204577989922,0.00904261288816599,0.003168346514903067,0.0032050404283313766,0.0013607869049785948,0.0024424025911129466,0.0015263623591616066,0.004428373162742361
158960,0.012322027490936416,0.019629952206365653,0.004252017571815481,0.015459388224919268,0.0022517632758400907,0.005756392540521349,0.005440607264782182,0.03052786093225479
158962,0.005603943614476192,0.017556153333320168,0.00483967562683546,0.005616522275324665,0.0029067233426982725,0.003290015427140483,0.001563412798935071,0.00698781264750542
158964,0.002549936014899723,0.009396139334814146,0.0019488302937282903,0.0026883705823090853,0.0020379894051816283,0.0025724948465901676,0.002158150402388481,0.0024638278009803116
158966,0.0020596700125177225,0.01721441378879618,0.0025944304090705916,0.005358602478683361,0.002348037925505919,0.0033109557172111975,0.008245806751862261,0.0018126358465089254
158968,0.002181864417995172,0.010719274884158969,0.005537815964917536,0.006022672734264101,0.0017801803430095853,0.0037726773787130075,0.002316389861173329,0.005624808223690048
158970,0.005313853428479121,0.01198045179713475,0.008103961409566873,0.00819797312839321,0.007580551011954262,0.0037802242725104712,0.008142620536697232,0.006136920016176772
158972,0.005120292329950316,0.0087141822872292,0.004373106588407227,0.007418415515281718,0.0032003340225409543,0.0033859372856010067,0.005236094895240184,0.004688343085279323
158974,0.0020514112679840407,0.011137881669785799,0.0027591005233530558,0.002324636108754996,0.0037236079232505492,0.005409914974663421,0.0020939341419590335,0.0035232134871428095
158976,0.010439261146552248,0.046676127595653094,0.00471920179151214,0.004232461012215971,0.004622452341856098,0.011480532453789216,0.0025496839462540444,0.00353061474536176
158978,0.0017164217671399862,0.016753558819800674,0.00455103462360662,0.003026285999570888,0.0034022493327534736,0.0034980243650996196,0.0028728855448206247,0.0030959771751744164
158980,0.0023487665395196533,0.0073317006440198895,0.0016802594004777932,0.0014130154402828415,0.002413024878560821,0.0020337861940046414,0.0019986409266059685,0.0018344645591503866
158982,0.002317652980816709,0.007493144986053191,0.003456868392787138,0.010368395636404737,0.0012431419820926326,0.0024361190379664777,0.012846576629478579,0.01187892700560056
158984,0.0029655199636247215,0.006263861346034683,0.0025348489540724106,0.002899365814106339,0.0015797665380859471,0.0026649939206091627,0.00228318789195249,0.00551817054048187
158986,0.004370675929976642,0.014317257968351704,0.002289392353583844,0.0022554038416590233,0.005595680856658236,0.00482984187070401,0.00176925786499528,0.0026994617229828682
158988,0.0019302489510766296,0.013293370058244103,0.0022700366885614193,0.012042258523679072,0.0029407410703874565,0.004666081023456725,0.006119880604330774,0.0021359768373075405
158990,0.002528978782476765,0.013828393508087677,0.0035262855244533875,0.00865358665676852,0.0017123074308617175,0.0050423070231195855,0.006512235488824791,0.010663160620569878
158992,0.0007402206561452941,0.003091789862330621,0.0009938771229152238,0.0028154520373591257,0.0010047322462582997,0.002471032056941491,0.0017312881448141582,0.0026183192301374447
158994,0.001851463026893152,0.015272373970256548,0.0030603863069135345,0.0044299003784340485,0.005145086410598632,0.0028674773542295556,0.0017215560960394255,0.00298423462765407
158996,0.0035503914718307272,0.007784768052392421,0.0026223783670401707,0.0027463105475187266,0.001672904116675214,0.0035002324093687115,0.0028408340844438135,0.003341410042732154
158998,0.0028599744532976784,0.007707194848853904,0.003197339190649018,0.005789823113195647,0.0019378880586163327,0.0022180776968440258,0.007185751043388644,0.00548776439294324
159000,0.0032001974610818135,0.017169776829879746,0.002648631752672617,0.012292952389492184,0.0029791084869421613,0.002665417410258053,0.003089086440928368,0.011394510334192864
159002,0.003487581968566522,0.0074896742980037345,0.0024807035700052382,0.005345416260997604,0.0019095407434338713,0.0027395178070543924,0.0017751993991522164,0.004535806749295157
159004,0.001310542085666333,0.004285476429508661,0.0012964022509800444,0.013720814940384685,0.0018531772884513575,0.002181853629393618,0.026574830470199595,0.011184818423677412
159006,0.013796945536705074,0.018141773857875743,0.004654492547429057,0.012753938761452588,0.0020988580894883008,0.005463977546372123,0.004932224605128432,0.016699505195006736
159008,0.0050324131724522325,0.015309617188601854,0.004136397971947814,0.0069764247149342595,0.0019633480203298803,0.0058537420561513565,0.003715988797810113,0.01350356205606662
159010,0.003298307491768959,0.023207119923051245,0.006367555214652987,0.005861991188860438,0.0037342724188926812,0.004648718952239506,0.0028249227033847607,0.003382473750461523
159012,0.0018447364731511012,0.009617472693435047,0.001512176582234695,0.004337814819543873,0.0017111727471006422,0.004347418432448791,0.0034524182812779025,0.0034660794316128257
159014,0.0023496220289413033,0.008290740002749653,0.0022931192142705698,0.0013778163745726268,0.0018369107385893813,0.002161960824800746,0.0015125402134883448,0.0017785768585989459
159016,0.0015517204240378946,0.00442825416998005,0.0015062927138934784,0.002469246852421572,0.0013214604025902355,0.002874791140217506,0.0017435408561850552,0.002242463205990086
159018,0.0034388457107183967,0.015037934195683,0.0034368174158433545,0.004622583033889127,0.002095002086606748,0.004351145881680785,0.002223860016783444,0.005041589643553834
159020,0.0029309086372543286,0.016445506316264735,0.004447775444749225,0.010266555887175122,0.001625230618585008,0.003980293141561342,0.002326090482487553,0.015396139106018447
159022,0.0024032777737412886,0.004051073640344072,0.001154688301694906,0.00560005679429687,0.0016761374167197918,0.0017590604616125743,0.003031421786228297,0.0049624477974852255
159024,0.002960785325578988,0.00941045903294585,0.005600784982480234,0.006110093697957508,0.0026726442222627794,0.00331645882038073,0.0035190063727276316,0.00808545887395784
159026,0.0037366831408696677,0.006932695299445568,0.004622617480158964,0.01236478987505013,0.0016351387568926956,0.0029538896864216846,0.03215960921787442,0.02709986120513208
159028,0.0016645005945401525,0.010416583778606603,0.002860042189787429,0.0037403681207460876,0.0020665869323867186,0.0017406152141311027,0.006805846092136969,0.002210360146616408
159030,0.001374659619047272,0.005002637094055962,0.0016526338205535979,0.0011643318250066509,0.0015185033257171382,0.002854227744412255,0.0009471066649177108,0.0016651244013843325
159032,0.0016287906758012533,0.004234883965237357,0.0010673748204823724,0.0015923020313980546,0.0009831141302429902,0.0016083993826968707,0.0014829450965445634,0.0014705377136216141
159034,0.001916301150274427,0.006014460344114847,0.002026582638081989,0.0024261961723272135,0.0015355242672488029,0.0028830522870740283,0.0037928220924322714,0.002987003761450391
159036,0.0022533159837590105,0.02868406030432369,0.0022737520311267995,0.01260956502682209,0.003428417924960528,0.003827791955622273,0.005486158379941486,0.012075811887257482
159038,0.006026963808138108,0.014124708016810539,0.0037802714557200745,0.0052291197932596845,0.003695389510411165,0.0023292958049103835,0.003182143547494576,0.007847672580761023
159040,0.005115181903812049,0.03311324911438285,0.004081967666284214,0.007976306326099802,0.003607665645482483,0.00291613050809493,0.0023088688519840167,0.004932382628732024
159042,0.0021119320855513823,0.011788218668707329,0.0030853296270589997,0.004727842335601418,0.002925351379886046,0.0037254708353474802,0.0016026164490706152,0.005207757823978698
159044,0.002208754031114646,0.011380841419007803,0.0020527292432570565,0.005866345622618008,0.0012565538254998843,0.002726153618699323,0.003090338391812178,0.006026638743394708
159046,0.010534600083931034,0.019325312209146128,0.006788294280713425,0.010892651685541432,0.005766002954247007,0.005137686223663174,0.0035297754249166147,0.03304803542825141
159048,0.0012438731675351727,0.005031549574346039,0.0019042983138617964,0.0037189665392753923,0.0018982667260589725,0.0024627184533665414,0.004487170383594974,0.005405234919763302
159050,0.006905177601087331,0.024917877704933256,0.0030610383973842664,0.0072543123177324365,0.004794671321850297,0.005250950914228503,0.002950991455079724,0.009244102491202888
159052,0.007634720052592192,0.02693077808381994,0.003606389010904057,0.011625087438750514,0.0016495712513343724,0.006535464420236503,0.009064259027900479,0.012696334780835594
159054,0.008077987977153145,0.03235050255084304,0.010764522778692831,0.008106365434705831,0.005758056851628057,0.007690111615279938,0.0053255521235238135,0.014627027809457127
159056,0.008459861771123123,0.02994452369805245,0.007979295639588324,0.006940924905084245,0.005128149492130751,0.00678527196280726,0.0018713712517055697,0.004671917331041053
159058,0.00336479411495777,0.01007985047729637,0.002932377449678336,0.006417605904436796,0.0031277915155753094,0.0051834867280222685,0.0025316832096682895,0.009584544837796471
159060,0.003404178287450668,0.004271518897391913,0.0015282788779492767,0.00459270884880425,0.0011683215790715545,0.001638576034462394,0.002642458469335418,0.002215804122378595
159062,0.0015537350223304713,0.004374272401236334,0.001597331945677516,0.0027999277770667796,0.001274360792941076,0.0021802655598685133,0.0034790920684535515,0.0022764433061297495
159064,0.003358760067016464,0.01605620897553095,0.0018482953678070763,0.0055336384468260835,0.0018846072374285733,0.004310844224747257,0.001920867406500229,0.007695732895298457
159066,0.007320637515226602,0.053686058443213946,0.0076401178670018055,0.020407841523134573,0.005461280367520027,0.013856491718450492,0.004981083914204432,0.014493649353587712
159068,0.0030940389889256986,0.012902372049429511,0.003488265321490172,0.0025697864541072285,0.002442700852491042,0.010708738772988946,0.001713473948410149,0.0020642475070503097
159070,0.004162560426668682,0.026902204183693934,0.005395533906280614,0.01703739618007205,0.0036603585943289496,0.004689920608726084,0.00820362991154533,0.024269303391195374
159072,0.003904401543415814,0.013946574049829297,0.0016253321431406592,0.004344302477478301,0.0020198154209017383,0.004543653033977968,0.0030402195134995313,0.008916234040530435
159074,0.0017341733628757489,0.022556770744240007,0.0016122604578261562,0.010269770599794725,0.0021259435398227056,0.004339522661211959,0.0024286339584760896,0.013907295705035738
159076,0.0016912174805178287,0.01153982099196349,0.001888469531224679,0.006786640638356545,0.0020342613295666473,0.0028470530819091483,0.0058633032825108344,0.008880751142283094
159078,0.0025822245378038927,0.015789900636120402,0.002062217964024629,0.003862157334820218,0.002174876910845447,0.002985203800531369,0.005287099478856805,0.008999627245182218
159080,0.0020151399871382175,0.004873092208050933,0.0019874087417784403,0.003016441586824181,0.002184540118273015,0.003173347901535506,0.0015925169904784653,0.001615511003540418
159082,0.002979484660892831,0.009144543540818229,0.0015554655896471564,0.004306638278067432,0.0010655521721949501,0.0018214287303553456,0.001609658492181032,0.0032938751494109852
159084,0.0024306009370325676,0.009215067490325746,0.004631733024915485,0.0019644257218525696,0.0013659126033132574,0.0021046726678699557,0.0006365114411771011,0.002497350977620494
159086,0.004778721483358839,0.009435821929447086,0.004972166539733758,0.0044916213479334055,0.011168589171804355,0.003650234170095301,0.003928266667853342,0.006174216819170797
159088,0.0024091158436406884,0.008887415566505297,0.0011370422749496095,0.006285756131546805,0.001630277639280267,0.0031581231910140506,0.004131195682828326,0.005333160343985677
159090,0.002298837358385486,0.012883986788454538,0.004924590164201215,0.006037373982087368,0.0023641949780378035,0.00233987385412672,0.005378046175543771,0.01077762935758586
159092,0.003360283187625726,0.003334868199317498,0.0009168446482823445,0.0011188715958976858,0.0026051079631026625,0.005605937178385867,0.0011383116119714765,0.0012579132899814827
159094,0.005253262997961805,0.024879457454965115,0.005929749204698576,0.011094909133134934,0.004383449604415335,0.014006919826692332,0.017805995738486624,0.0372837104092163
159096,0.004336811864638301,0.009802641876789586,0.0018984816273453498,0.004309190945035235,0.0027629704502238894,0.0044819185297564346,0.008689388321485636,0.007013159346598352
159098,0.004973764835160266,0.012708982728577789,0.0027162396781799103,0.0010997598540261194,0.004034067211639902,0.006747677069640412,0.0016272704281741213,0.002103058617605305
159100,0.002267153374479136,0.012554527255063341,0.0023301873032011144,0.008568134406976624,0.0018264495504716344,0.0035223299438173067,0.0018497636579637433,0.009529518051929253
159102,0.0016978108979964907,0.01118502644628322,0.005515627123045874,0.005328924786475453,0.006845392476698076,0.0031580432195092017,0.0024087600355962024,0.0031878704841228345
159104,0.0023733496787914365,0.010821775476671514,0.005244905833969915,0.011012564076091691,0.00344945386192598,0.00649662798122197,0.0065606874308859475,0.01225006217728386
159106,0.00090243324817477,0.0032430367940196186,0.0017057711337296055,0.0015621810408816827,0.001032234396658574,0.002136269192584153,0.002678738886784396,0.0030599403533066033
159108,0.0029730746522456247,0.01755025432644519,0.002542070957001555,0.006772307699139057,0.002315520366497417,0.003063532810199457,0.00803754422541575,0.003919947772479893
159110,0.0035014795349417316,0.0182572988136267,0.004427492654158982,0.007721059962740251,0.002375769128564409,0.003912143768067589,0.00288389565822339,0.004064585786764996
159112,0.003160081762099823,0.009009419218826642,0.002080337295791282,0.006175316321051838,0.0015361593387410721,0.0037949702764206728,0.0022325891509106383,0.005038340912978667
159114,0.004284203518839291,0.008382281070847208,0.0020949120577763575,0.0034362749494915162,0.002641652707252584,0.0026693431171787574,0.004774860449032525,0.009123296993671426
159116,0.003655797354497281,0.023020188989884227,0.002996224993776553,0.010631057626669937,0.0032229590150262416,0.004429450119945111,0.00539754697943895,0.01316935405232389
159118,0.002934935537726849,0.00458009043044072,0.002345082746503524,0.0020784931274862167,0.0011872354281203812,0.0016791381349113982,0.0034155061521273233,0.0017327951180503565
159120,0.004644637625755843,0.007769242038337731,0.00536501831308045,0.01068513579656477,0.0013807306198581615,0.00227395063282515,0.00468176952855176,0.006646480788185194
159122,0.001857173895282449,0.011321912484690222,0.0030000251182872445,0.01773042551306858,0.001290133309695421,0.0015811767411089278,0.012423888063831046,0.01171781077511197
159124,0.0009307441121497763,0.005567076043597519,0.0019558522588026955,0.005848797415782203,0.000810089271940706,0.0017607357850281252,0.001871309369222432,0.004601995020279637
159126,0.00482096579438146,0.007955011384731314,0.005143988760987261,0.015918412529462245,0.0017104987732330518,0.004961457973158778,0.007744858842818891,0.01153733678376434
159128,0.002859573629076531,0.008637094875919848,0.0018282006174091953,0.004304860660360399,0.002252465128308248,0.002508717762468804,0.0025140006360808848,0.008157389900785239
159130,0.014247700668792496,0.014040636526145234,0.0038365663021844854,0.011575588291441952,0.005283756326988576,0.0057497874178871755,0.007118414183984678,0.0062889144242586625
159132,0.0022453569073167673,0.006464298578137184,0.0022481048080322807,0.0017310711450682081,0.0017893956465734467,0.002079789871629656,0.0016528779552552747,0.003279137557472611
159134,0.0018365579004160498,0.0037877131354807775,0.0012292009650079067,0.002051492595560811,0.0014264622599152177,0.0018881609849774744,0.0018121838519702532,0.0012479491958461986
159136,0.003171829154050357,0.019686822053605946,0.001978197969612197,0.015118914550234452,0.0012990669291781387,0.005212138601685901,0.00369319001179097,0.010496635701875479
159138,0.0030750453968133584,0.0045084126578732175,0.00198042612637285,0.00305824009275181,0.0016369387855159762,0.001830777146211382,0.0035921599919108704,0.005393239964264718
159140,0.0026858250233908892,0.005243209519437075,0.0016794373467350493,0.0022960314827902423,0.0013646748632259453,0.0028733488047910094,0.002743094575620733,0.004844440162742103
159142,0.0036881115238674433,0.014707622077226257,0.002395832416910229,0.003992242405144231,0.0012719833130682284,0.00264183996704305,0.004605309232423915,0.0069528665664498335
159144,0.0027553361644453572,0.01250252548491404,0.0029822910576451367,0.0060785154761360816,0.001356776327458023,0.0024362448062347775,0.007475598597238786,0.008019763568008154
159146,0.0019843342266026576,0.006799004247520168,0.0016977814263686858,0.007166160269070299,0.0012917579649149857,0.0017596486093316571,0.008493971236138487,0.0066943252460638925
159148,0.00258607525621507,0.007913844373173051,0.002546069073293078,0.003693265174295135,0.0009698747531098478,0.0017512317313193027,0.0019254214424142685,0.003058211250914558
159150,0.003057553281944403,0.01346771951300646,0.002452383967505023,0.004390511358124627,0.0022851406625207377,0.003582383237585876,0.004603016050615472,0.005040685056241279
159152,0.0011566413668446934,0.0034727043210292102,0.000845058141173919,0.0015448280883154641,0.0014235110837623882,0.0017442897649270345,0.0036895555047605916,0.004860659196670503
159154,0.0037761790641171467,0.011087814220567316,0.0035465200038693606,0.006520913214243473,0.0028245548328733605,0.004688917534312387,0.0034156864222376626,0.004430413145593504
159156,0.0020263277366875526,0.0037727089552828247,0.0018184565374901457,0.003850189534660764,0.0008718127741698251,0.00229665807614432,0.0106759805733605,0.006750416759587985
159158,0.0037936645890097737,0.0047354058337561455,0.001557609055260048,0.001942616224210117,0.0037595922751454958,0.0024642327750876852,0.0009673224578785611,0.0037441150946051494
159160,0.004629918931355059,0.007774675365773698,0.0035256603924008895,0.005785530047468568,0.0020502070661470584,0.003057954564554599,0.0037483018352438974,0.006049420241278691
159162,0.00203292343059526,0.010178471014153312,0.0014969127006205785,0.003628040846745728,0.0011421087641018263,0.003917120498741156,0.001499036796177633,0.0032058081508263975
159164,0.003614436521128264,0.010904500882992496,0.003008273317334567,0.0042112445410703025,0.0033847702954199615,0.0034943700629464503,0.0035599160114765938,0.004757166449788963
159166,0.0037306332204698617,0.007935409391404358,0.0015235497430948208,0.004112737270527911,0.004198109435583908,0.0034816423044232853,0.002347569693610399,0.005291211076321967
159168,0.0038855625205996974,0.03541802736152988,0.006821836494694589,0.007735354292616459,0.00852059075154643,0.0038969418602628064,0.002626626222222095,0.005157476479218881
159170,0.0031362701488497763,0.009349091361700923,0.0019232564757683118,0.006103343331539612,0.0016019269304102246,0.0019582794645773977,0.002509761276615896,0.010617025578680606
159172,0.002908694372153256,0.023768487395608995,0.004662430604913448,0.012522362421564515,0.0023499091529544103,0.005360677384701695,0.0029426864143512615,0.012189683117612093
159174,0.0028011287687343955,0.009568502923665234,0.002220097212258923,0.0043846217285051226,0.001664192382256291,0.002171312716076068,0.006876230528672034,0.006819473654317898
159176,0.006450609540105179,0.02184688343025787,0.003201335562270105,0.00614222786629709,0.0017547657793087895,0.0023502251902288857,0.010006493787845239,0.013220656775448703
159178,0.0030535670184489577,0.007132572500367973,0.0035866726770024254,0.004071807168761821,0.0019465217004486224,0.002889740629422058,0.0029116083476724702,0.006447218263262722
159180,0.0011645240315723143,0.006411372559418149,0.001490774112277174,0.0021921988948128135,0.0012614792287288928,0.0021026312013373016,0.002497034133470702,0.0016146663251493387
159182,0.005427634439192863,0.008086792129605114,0.003399556317632571,0.010198615397351896,0.006651206106860708,0.0065938786065180555,0.01902654454905761,0.009244748646069445
159184,0.004620250104437673,0.018700007621053283,0.002111911199379271,0.00630204052139588,0.0026548210680602674,0.0036073071984530497,0.004289413406866949,0.01623836487398478
159186,0.00418051836188682,0.004715437532643529,0.0022818092773713716,0.0039689391076516145,0.0011003002861740274,0.0039940682169883335,0.0021902953227770916,0.003676693183644733
159188,0.010022355579469233,0.029350636445242495,0.006058150529284545,0.01077656197510013,0.003938381240544908,0.005046832557470404,0.007360917574353643,0.013230632079121174
159190,0.017473854414341794,0.032537332055007306,0.0052454119758573725,0.013812320920486565,0.0023578287604769793,0.007115295359563456,0.004420251612815784,0.006400707836648145
159192,0.0030218397352135273,0.008611483015097898,0.002235441954177908,0.003576606189985579,0.002991150090375219,0.00224254223829079,0.0035245845694821393,0.0029040278187526664
159194,0.0019290206460270826,0.005673606042421397,0.0015588451873421172,0.003481698136997835,0.001895012881271363,0.005314404165295772,0.0008690537636774388,0.0025362539599766004
159196,0.005018951803671179,0.011160795382090749,0.0017331055863437778,0.010025402027351638,0.0026138849703285505,0.00329724982384505,0.02820347513215382,0.017917256802704395
159198,0.003193172274019107,0.007698943736006436,0.002288247799692167,0.00396928645865402,0.0019272909472525246,0.002637514008544173,0.0035171330795514266,0.008130867352079685
159200,0.003245959983895777,0.012288967738223244,0.0017450061546343681,0.005888848702170435,0.002638202800967271,0.004765557746035098,0.0018265781925267538,0.004388430239679941
159202,0.004049207345534711,0.010582100965401742,0.0023095351483606863,0.0035491094771678555,0.0016471271114594371,0.0037240916808747304,0.00311704817189723,0.002992620876347607
159204,0.0014657821771350138,0.004747391254405153,0.002932670368661905,0.001866937965561144,0.0017550401296750895,0.004229621057954214,0.0031735023565682696,0.0024030911338082106
159206,0.004024098878499471,0.009214483880413349,0.004727499103001576,0.009069252071160827,0.001258799477220754,0.003119157495863556,0.020740122584188336,0.01860606956995614
159208,0.0030996176803663733,0.01291040131030119,0.0017188475781560464,0.0028823366385766352,0.0074256199308467274,0.004525632254061274,0.007965423890120782,0.0029776967247985286
159210,0.0027157931445712102,0.008783310661810484,0.004629071326949286,0.00716511710390777,0.002645583874052504,0.003094632069162495,0.005299010592640707,0.005510561957901894
159212,0.0015662495717534558,0.005144201441492635,0.0016627255736380159,0.0020758105559740697,0.001352153795610836,0.002259892007733813,0.0022599160925884793,0.004006717216253952
159214,0.004271212126580659,0.004572063611819888,0.00196629390969566,0.0034613976420863057,0.001275070771720191,0.002367549695943008,0.0030606670023241578,0.003849266823685804
159216,0.005412600537413381,0.024128344723380657,0.0062025176445823504,0.006403148418348048,0.0029784887667370086,0.007067225739538552,0.0032813244940922554,0.011282876646261153
159218,0.006072853183355598,0.051841004106521815,0.008838632924208278,0.03603495564449588,0.003570049814384524,0.005312090610807785,0.021600243350409443,0.04238561772475813
159220,0.0028515029667511294,0.008299588717408435,0.0011037679382406296,0.006290765105658791,0.0038790785817879314,0.004016245655548423,0.0028530448711070605,0.0037158979625097205
159222,0.0015330345945630541,0.004390325735493583,0.0029165143534244514,0.010354347022290045,0.0011747717295076954,0.003262306180177324,0.005351885245424848,0.00699902287073112
159224,0.002387954042045115,0.02012329379291189,0.0034366156238419127,0.006669099506559972,0.002419003388549626,0.005491724688058364,0.0016238825650627953,0.0046955583917776544
159226,0.0026909065252052194,0.009952061249039412,0.0016957506494732488,0.00401751967668762,0.0023081582656649946,0.003895565267656234,0.004150640984335041,0.005348151152731795
159228,0.0008958424310273917,0.004705281126703653,0.00117461136373459,0.0016357998276329,0.0009655826270934011,0.0014276097482651823,0.0006567287266001642,0.00149745843152084
159230,0.0020541175405262013,0.005882444569899059,0.0013836606924542139,0.009649629961483941,0.0010833650909436998,0.003068612180745625,0.0026309722905476646,0.006987499996663482
159232,0.002947410609801096,0.008983393503807557,0.0013242336606487104,0.004266240081048311,0.0038473269950378836,0.0053487690518161934,0.005875411130180419,0.003918053171791058
159234,0.0025162593780978515,0.005104054192205609,0.002871397774495188,0.013028858952996103,0.0021089573605002215,0.0017955593448613222,0.022766787109748998,0.017140973169049722
159236,0.003311569234144829,0.03176030899177196,0.0024711798345709163,0.010034059030999964,0.0025250356696662757,0.0035124849253335283,0.007274799669945653,0.007885728139228831
159238,0.007592133339869245,0.01967077233263481,0.003963206258109031,0.008444678544052897,0.0039757095563098255,0.005133358206115324,0.0034193978208785364,0.006743097471883175
159240,0.0015916278140670898,0.009383916259404268,0.0018343397880076773,0.004342101746353466,0.001286305538836588,0.002749569815545652,0.0020878528734452756,0.0013264268992308481
159242,0.001826286525464807,0.006380947580751695,0.0016406389865501053,0.001681703367122589,0.0015353301221745497,0.0014343344936107588,0.001123440687498381,0.0017328239615850421
159244,0.0035402612458854815,0.007775264002667592,0.00517686840499515,0.01176780672993566,0.003086063423257679,0.00322951554022044,0.0020261982797498274,0.00744204961165057
159246,0.002185878931620311,0.010476786171285613,0.004618024088733685,0.007859557531784356,0.0019683692462094116,0.0022774270331633734,0.011644627549699749,0.007325591549911581
159248,0.002951023834216873,0.01711739084854358,0.0033398063817658002,0.0035476235764214104,0.0012001011841839132,0.0022620885073881963,0.0017990246828852308,0.0066581069445812435
159250,0.004444877052237395,0.012300148534657218,0.003349564344143699,0.005855845700347695,0.0026480872914781545,0.0037149515247359016,0.006123588132575186,0.004424262889385355
159252,0.001990085771869779,0.0062624355980498425,0.002204347394451203,0.005521274790887043,0.0022211649011861234,0.005688416854067457,0.004893860303590236,0.006382756991115457
159254,0.0030555530297027844,0.0060874318166384556,0.0021128141925983446,0.008733691123828324,0.0018773996993823872,0.0015088323576186724,0.002249179916445368,0.0037659797283256524
159256,0.005508720354934271,0.015918694538594957,0.0024793006825986202,0.007872527660212292,0.0024752697305692323,0.002236965415649772,0.003019563376537429,0.010470196706905632
159258,0.005031382571268672,0.019914295517708958,0.006902346018880456,0.007519928905288575,0.0025926478270391073,0.004122155521284976,0.0021222140862725697,0.005409656318909273
159260,0.004462194977883416,0.00828104847998562,0.0018697230131368148,0.004657034430521956,0.00150458423709178,0.0034329415998821805,0.008901452032120893,0.004083968145967065
159262,0.002627721091319493,0.011983474249873893,0.0035610683501330898,0.01736247677676972,0.00258692971892073,0.001878499728612551,0.009909385421057237,0.010017215561988257
159264,0.002790835657157445,0.009377011899230903,0.0023562364676267405,0.005937295018302535,0.00142581089903894,0.0017019422169251563,0.00410572027568451,0.012564380005656517
159266,0.001708654113976707,0.006813070200399951,0.001377523515509585,0.0019816305556291797,0.0015972780489226374,0.0036413960174854765,0.0031417063555574387,0.0023861881910143407
159268,0.003484238333035364,0.008720125738549633,0.002214811356102145,0.006751342356906775,0.002121031481924898,0.002526758155875497,0.003562051453051121,0.0026878966022143708
159270,0.002903589793774808,0.01345917645983108,0.004361625287149451,0.014592684025187319,0.0021133361469907186,0.0029372952615889236,0.004606036334764418,0.009142448977022488
159272,0.004774607152175037,0.010417798963083591,0.0064709243831340135,0.018650255583502195,0.002317256291171299,0.003315097094294339,0.020718226489337077,0.030729103341903263
159274,0.004515882736459753,0.010725281751629234,0.005678354810010555,0.011853979557361838,0.003441908726242296,0.004170662167674033,0.022454445197873873,0.008438699689685913
159276,0.008062530700701842,0.05584850351283421,0.004463989851100303,0.0346039732677037,0.0036899849976635424,0.006953168501164564,0.023635558051122496,0.0476405456141471
159278,0.002057836719552855,0.009850175755005353,0.001974783258291757,0.003930593465508503,0.00250534462171359,0.0030213249303862183,0.0025348058158592007,0.0039028532739848742
159280,0.0018496816259470084,0.0046733250256295045,0.002049265275201828,0.00610175671622587,0.0019175146332118947,0.002570583447570121,0.003063206623455328,0.005578857534374537
159282,0.0030484326558406633,0.010644371749979842,0.0023067925288453583,0.005254771904266653,0.001598139314716987,0.004209159952533403,0.0021426698577189374,0.007750969743407277
159284,0.0028649404671125117,0.012205882110640554,0.0033782077747679384,0.005422375029891013,0.0022206083788768455,0.0036223109402222647,0.0022130133009179986,0.0064304377629521015
159286,0.007665847789223301,0.013565118967775958,0.014945065691560677,0.01028894852357376,0.0033118607925111676,0.005564052309410039,0.0044053936629930845,0.003731390500933976
159288,0.0022608335377377747,0.008602183437589339,0.001829779462190706,0.002070029570874335,0.0020632053675282563,0.002959418443625031,0.0025480318883835396,0.0017212577919512584
159290,0.004770477096443848,0.013573810153971522,0.0020897192397631437,0.004413258034574596,0.002565162177952607,0.0033782246635544327,0.003678876015558663,0.004655693246530257
159292,0.004862708094812762,0.02527677159134023,0.0024503654103755768,0.011592460252066117,0.006441969167519324,0.00823124413153048,0.004131727258319451,0.018963175434927315
159294,0.001524390317513502,0.011552909115053467,0.002396018045356607,0.006553658741509594,0.0022158465592393567,0.002397862685591959,0.002121214376256342,0.0025955481552598775
159296,0.0020777836056176113,0.008862886819372362,0.0025097172326491446,0.008405805337234007,0.0017554880628743025,0.0038745133187901987,0.002853352506018203,0.009716758094076516
159298,0.0014041462032988866,0.009349732530339383,0.0017218856516377917,0.0035525138414663204,0.004108728462983768,0.001729927471215087,0.001832540173222888,0.002556367221699954
159300,0.0015687799295869415,0.006802002584685385,0.0019426428235052584,0.005695674868169187,0.0010480904804058278,0.0025856535712121126,0.0038664591147265087,0.007473451026364375
159302,0.0015854277380947246,0.021315973266609944,0.00270449875723279,0.006817073083152325,0.004251721218418381,0.002635650510665735,0.004105907419643062,0.0050763978092318585
159304,0.0018862762599383132,0.0152541871396219,0.0025681535701799346,0.0033387640363466975,0.004046391647669845,0.003588714808999263,0.005062754709905859,0.003659654530427048
159306,0.003869589227978365,0.006184441628926729,0.002176211370001957,0.0025198631327406767,0.0020608932250304607,0.0028736551359898194,0.0020554775948711385,0.0034259208396175134
159308,0.0013025218173135095,0.010686629956378424,0.002254462028008511,0.004952853918226197,0.0025844016005018844,0.0037227482398327766,0.002567935337782337,0.004560779726747788
159310,0.001665134434320606,0.003464441300511434,0.0026546356520241177,0.003011085468490951,0.0013183499811637717,0.0016313286072114352,0.008199870200336967,0.0024844162146379217
159312,0.00389106420628961,0.0036680026276911942,0.0015966396946616307,0.006603466614528097,0.001546923774959963,0.0020928235229372844,0.013715123583468769,0.006921488753446392
159314,0.0022612331627848287,0.003955715418275441,0.0018972709375200125,0.0022864611427358406,0.0016371054881739178,0.0012843505295583868,0.00460566721444261,0.0028113495704860103
159316,0.0021141308469943,0.02221933553054911,0.005532092233651087,0.009527574751722279,0.00405798589733003,0.006038959153036372,0.0035660577435481233,0.0065975890329008635
159318,0.0026128981007348534,0.022516554061496663,0.005422659227449778,0.009661042025281896,0.0030101202784354464,0.006161432789777932,0.0029948144818299355,0.009275162053581865
159320,0.0018636178181297702,0.01188092958663406,0.0025936012690676163,0.0036493438415805546,0.00442960086473243,0.003277281473804697,0.0012298606266037404,0.005264986746531586
159322,0.004722700275028524,0.012269247284131035,0.002686900877967316,0.005299354454347205,0.0024131566373047364,0.004064897396076683,0.0031366782330971704,0.0035959468216351653
159324,0.0015767545273597805,0.005266746057387195,0.0017159627973961783,0.0019575868125714657,0.0023980447441340758,0.002409262489545816,0.0011971304116551451,0.002937638095901321
159326,0.002231143548358183,0.01499717793082006,0.0028439101523082405,0.00807257015487256,0.003480032144954903,0.003713370007468131,0.002162448277637799,0.00817227502466622
159328,0.003153051820936628,0.009418088612591413,0.00391748889133009,0.0063468715642314155,0.002187877465642585,0.0030244680936528656,0.0020486592297842693,0.01023373697870561
159330,0.0026985857755935094,0.008904608529126057,0.0018021087367820071,0.004795196527281276,0.001414135934535779,0.002309411262232608,0.003006226750595309,0.006038641870610706
159332,0.005608814916656046,0.021850337078320514,0.005613607950103516,0.016557401059867027,0.0061291713621472454,0.003169787244765354,0.006614862406101318,0.012410639112264477
159334,0.0022210177758902466,0.009411489720277055,0.0018585724720247138,0.00402607851072162,0.0016472217578924475,0.0027994141025429325,0.0029952568876743246,0.0047811507487117155
159336,0.0021134070473434324,0.011941767782497559,0.0023609429171083662,0.0041309754003049926,0.0013415473769724656,0.003337830326011773,0.0014138053425514358,0.006637429733648281
159338,0.0013777505546210822,0.017698534353062456,0.004113627957336219,0.004159810339265713,0.002471176130816946,0.0024803870415707335,0.0015472467201596007,0.0031245034767484747
159340,0.003323218815581966,0.03765511300116153,0.0030078814372205276,0.005529171090214169,0.0018266734033014487,0.004248080315660874,0.0028304436355597318,0.004611538485577216
159342,0.002186508775446294,0.0070698804449170205,0.0012198476633452082,0.00349840642590582,0.0010699246604952695,0.0022931349127234407,0.009904643720255957,0.002413360504449638
159344,0.0032872770771206206,0.01079488496814296,0.0033886661049118416,0.008131719253189118,0.0013031737001765326,0.0025875637418737996,0.002562751837649882,0.006198178590635317
159346,0.0013882645458554443,0.005619413899143888,0.0016801586178422229,0.004047949166907705,0.0016655601018829153,0.002806693119135284,0.0029272517200489845,0.0065664640308684685
159348,0.01096355484154904,0.015214099928846148,0.009911373208987051,0.01417278449771886,0.0015170464886447022,0.003601658529286525,0.006890921591153065,0.009373651561555063
159350,0.012889173129805587,0.019459861166392978,0.0035575656766329566,0.003482864128942831,0.0019628148919485083,0.006098820334259125,0.002924599072145817,0.003607715766835773
159352,0.003249101503449703,0.022354860877116245,0.0030446747519456002,0.004122734353799951,0.0016658310372099638,0.003754839484063091,0.007097078804840784,0.006214499572844423
159354,0.004652694330165019,0.03051376686249796,0.006416165151451603,0.016156604714868905,0.001470521713803477,0.0035804267213847135,0.011876726472526189,0.02388643056236739
159356,0.0020164827286731773,0.017856998818326142,0.0024085143130072595,0.005064251911763906,0.002079110363957304,0.003581947567743937,0.005113871129443004,0.005364212849742422
159358,0.0032117079151119388,0.008104300795519714,0.004219975246764707,0.007768468442860554,0.002099533647099472,0.0023196735400815016,0.012701718331989353,0.013942563841047084
159360,0.002746822841231955,0.019595511002107324,0.009116157701876626,0.01803834544352867,0.0030398103590165704,0.0021008410351053414,0.0063116010726747,0.009992512376544804
159362,0.004895114424315672,0.008370961430721968,0.002684344820546594,0.004957563663518849,0.0014487330501494894,0.0031157517286457687,0.008141036641725385,0.005100923746546082
159364,0.0028400482540727467,0.006862009384241363,0.0018396451851607765,0.003646950665661619,0.001998196280376341,0.0026823112689658424,0.004090488099762146,0.004797511282081723
159366,0.0021680196003720648,0.010229073520782228,0.0015249823489693753,0.005591409139470649,0.0015379128173555051,0.001938589682799044,0.0025572453971736686,0.0046165437511200835
159368,0.004698231984097634,0.011270356892556288,0.003349739415859379,0.017249294563171702,0.002187632129180328,0.005081381545402108,0.0030555040202052824,0.008213471855075483
159370,0.00167645710514841,0.007369142905639059,0.0031260295982452058,0.0018636924390973975,0.0035350294593872317,0.0027360665222615627,0.0018245643816306029,0.0031693182900430217
159372,0.008643298750163675,0.04439375754957475,0.012486199032210266,0.016084627202780588,0.003244726125124997,0.004037212834526793,0.006215454632334749,0.011318782824812301
159374,0.007942601595258003,0.02052441020439577,0.003882282039507301,0.005441588820250587,0.001973706691025756,0.004905944277480367,0.003717793471136821,0.00856965034047108
159376,0.00206673697981824,0.01433874397680257,0.0013022381486043622,0.002077995192810725,0.0018158366274856896,0.003569266800831375,0.004034293413236745,0.0017722253483611894
159378,0.015172090451269549,0.03508347131790068,0.008215056027506551,0.015144976443783043,0.008757380965139172,0.007841941967981825,0.006973017363143763,0.027519756852012245
159380,0.0013438163530770653,0.0032387812574585784,0.0020235332582940746,0.0032321450139727453,0.00143556954807679,0.0013607819578034253,0.0020851659678738366,0.0018052691904868606
159382,0.004565103937372028,0.013321824271930405,0.0021028156922398566,0.008098607296017024,0.0029373937890717627,0.003156002823287443,0.004548732886378026,0.006048100231886844
159384,0.002808474371944536,0.007005096539963951,0.0024348670484958396,0.004846490826859784,0.002651268963443379,0.0026564724392646455,0.01193754577938494,0.005330187770502315
159386,0.0038447639544456624,0.007029417558758411,0.004315279318846343,0.004867934115449002,0.0035373213795764635,0.002355168608936753,0.0027452002212138282,0.006644010050884441
159388,0.0017245745931672302,0.013150895679478802,0.0026050300063765186,0.003101253058078124,0.0033959455803263122,0.003948429229026829,0.0028412073820216627,0.00677287057181003
159390,0.003936651412147718,0.006143582634545786,0.0019891652045546243,0.002579499296371371,0.0011867582348784739,0.0019601173496808233,0.0026163462902752954,0.004625584393300797
159392,0.0035486341148599637,0.010912561144859945,0.00645281303151557,0.005871173218877035,0.0018034886424141,0.003917906734775267,0.01055361945521227,0.016000107599325242
159394,0.0035806808421025155,0.006735755249170916,0.0020422831505276934,0.006625700358469155,0.0015232854027328463,0.002615048428313005,0.004102099498059175,0.0031769987461474636
159396,0.004323929999683396,0.014712904816192918,0.0028043986943516175,0.002851966886910029,0.002349726041651748,0.0033328923148086137,0.006678073485822333,0.003108045606099674
159398,0.0021780966431714927,0.01098004201747238,0.002214560657311182,0.0068327871995279565,0.0019287513417618474,0.0019795578513073786,0.0037324742191993665,0.00858549634694672
159400,0.0014717996876295741,0.004023892812961061,0.00274609385228676,0.0028699830332803433,0.0026114701169619586,0.0018641379444883782,0.0027822412939833147,0.001378630404145001
159402,0.0015893719490485264,0.010139932990222755,0.001964489455497223,0.010895889857587271,0.0024920160838350913,0.002024780225756695,0.008076114431653458,0.006920499500746635
159404,0.006009192985106049,0.025356819964806654,0.006084703457184482,0.01729084069167186,0.0029616963500720406,0.0048990967749587555,0.005787628202030826,0.01936750666062892
159406,0.0030449629485534424,0.007916342008486288,0.0026477031349342456,0.007956484037553224,0.003214352518659036,0.00342452243318149,0.022280495814863466,0.011045182775061557
159408,0.0020431000757675927,0.006961390353366126,0.002250279668753033,0.0035032331160939206,0.001053367474046496,0.002111314103980813,0.006748093251236265,0.003858164307739123
159410,0.0021054920617115253,0.018850483801124973,0.0030388081290420033,0.003786371103375652,0.004054682270493437,0.00434204970546781,0.001129235059361966,0.002070598424043238
159412,0.0024965937125403515,0.025582926164739783,0.0024590028505812184,0.01034874509895567,0.0020102264404936593,0.004305787557143725,0.005919744118400294,0.0137867082027745
159414,0.002659272995449005,0.01773249705092983,0.0016586782677403683,0.0041918332130388425,0.002615548329967299,0.0029305871693124375,0.0035167535322006144,0.004647078283282424
159416,0.007073803906965992,0.0199189556446564,0.00711389016345354,0.00769443489127003,0.004934000684906403,0.004676251100983964,0.0027930477447171143,0.010131422407786472
159418,0.0020530820126516552,0.01355227562233191,0.0041949615687295605,0.005791493383753343,0.002876770496638162,0.003938200759613653,0.004078006240144427,0.004920607916155062
159420,0.003038610988498114,0.007873956957649642,0.0021244151015231694,0.004704908050837064,0.0015424742602788838,0.003450461262772944,0.0022014631195169804,0.0032451772819171026
159422,0.004117909760008809,0.014703973691674088,0.006234566526084118,0.008980874059739963,0.0019693831881696516,0.0030929209531133234,0.0022786179577602983,0.007229229943990001
159424,0.002835163774188146,0.014168371189413387,0.0013537926330638023,0.006260004299719846,0.0015559360732473326,0.003821345825958611,0.00829222441155153,0.014873770716973544
159426,0.0020966799094260247,0.006340915920532986,0.001920609120602601,0.0037784892343578763,0.002611172764651004,0.002130438268404658,0.002581439369329766,0.003286814460268586
159428,0.0015074585610366231,0.008237648097186911,0.0021346657890757847,0.001961511920674633,0.002397930181439689,0.00266418588340539,0.0007968620366229917,0.0038547154698759384
159430,0.0014975002375133273,0.005694183764616556,0.0015303601068788475,0.0011364346210962495,0.0013425037660404066,0.001211595735237228,0.0017047035252804599,0.0021140900807299495
159432,0.0037804368283229778,0.009449380918776173,0.0018631244567410832,0.004701604164296436,0.0018898163570668786,0.001779671436595312,0.00493910358995292,0.004718538485198265
159434,0.0070974428569015036,0.008039386570379614,0.001241675792944666,0.00326515033722842,0.002063942182673806,0.002676875142202176,0.0024258156196346192,0.005182983582732226
159436,0.006174509541739204,0.00926205135026259,0.0020863827737152563,0.006423669104139995,0.001802027135796705,0.004970855309675892,0.00455750069259242,0.012324589821713028
159438,0.00062572750000435,0.0020211680929183157,0.0007511019844758417,0.0007552614088448019,0.0008110861493584344,0.0009796581044087121,0.0007633592296867366,0.0017066870203388262
159440,0.004597934260665293,0.015330432833513596,0.002654751200387842,0.009492360648745424,0.0030964597435913094,0.005851986458228764,0.0034537247280486683,0.008496367869324006
159442,0.001563415450300823,0.005940786034276613,0.0014837138403679534,0.004089921065118185,0.0017291308421736457,0.0020843189049648547,0.001721887506636613,0.0032906000751484893
159444,0.003025564263249972,0.009496504542259088,0.001638848988850583,0.006833807118341362,0.0018452133119822994,0.0026201224367150694,0.002216424231961389,0.005374275656010674
159446,0.0012506908921850052,0.009993053093465543,0.002709484639718665,0.004286375871946968,0.0018641717214364917,0.003668825730591699,0.0020484902815134376,0.0052126818905278705
159448,0.003977017540180372,0.007295270092350314,0.002275877768196169,0.005755317423962403,0.002929853142997152,0.0030704932582464317,0.024774008555855653,0.00779791714902367
159450,0.0019185441112909984,0.006404170333987658,0.001595440743516488,0.0034667132970534476,0.0013331189705745455,0.0020475805760722943,0.0010579247685709725,0.0029182472023298184
159452,0.001442376092676556,0.006542787085411561,0.0031182612580407665,0.003358456088815631,0.0020452125136769528,0.0012939228140751574,0.0032598286623498063,0.0022086489850261515
159454,0.0019453092590594606,0.006238744101808358,0.0011263753933482695,0.003444272580566121,0.0021914332511474705,0.0022187451513586837,0.002299099570458374,0.0026262149892215675
159456,0.0032544518219824875,0.010642954336390675,0.002371217707811471,0.0036687991046557844,0.002265433840321407,0.004171327162056981,0.0013706926297110678,0.004029414923347796
159458,0.004217711399988389,0.007507931816646052,0.001346577962935136,0.004055669136726614,0.001425682895277669,0.0023801326239208387,0.004200539921175528,0.007566451054628942
159460,0.002267023890144007,0.006156261622860593,0.0013374491957823254,0.0023390705885975027,0.0017835851904237643,0.0019210986050661877,0.0021894672585644065,0.004762840381698441
159462,0.003666432490154539,0.008218023554303011,0.0014760731508978303,0.004642847405409933,0.0011141979082746195,0.0027202714016799773,0.001863741329506896,0.0063469558510687585
159464,0.0028608606693586586,0.008034403774562549,0.002517502585817566,0.008408714198480605,0.0016062749873703291,0.005700383358245242,0.0018683646888800892,0.003541718113215256
159466,0.0026689735881846866,0.00909851287062452,0.0025819879146782854,0.0039284954873375355,0.0017621992194917363,0.0035118945740531538,0.003075541206073673,0.003938186732771465
159468,0.0015131232736997902,0.008055022260984368,0.0021297453783484244,0.006530185536633759,0.0013695359931000795,0.0024625505938563053,0.0014350050148233123,0.007572198123488916
159470,0.00244940622314406,0.02720172333158999,0.010807365576406325,0.010515773592434441,0.0038270221892846568,0.007205137089105529,0.002720197569296437,0.007371610633040648
159472,0.0033339423473046637,0.020665436856948105,0.0024435331348451883,0.009385099954155374,0.0020343624794492143,0.004531981949627506,0.004407734034934885,0.013640059939472815
159474,0.001193434284735409,0.004786041026811683,0.0019871632908136233,0.0021571446849613096,0.0015358568239440817,0.001926882109740069,0.0009252610242358773,0.0011687204203815332
159476,0.004486300017796874,0.021798635820419188,0.0026332703540761365,0.006361441309309157,0.0028914306522010436,0.0036028632192369875,0.004183898874299041,0.007014030402190452
159478,0.004532743369512815,0.007084958694991761,0.0020850043662851286,0.0024943207457461952,0.0021784082107290242,0.0020928265905398313,0.0018595908256344856,0.007066511722656266
159480,0.0038045387014671306,0.019138968822084657,0.0035985641063832757,0.00802509823417813,0.0015095478591300449,0.0030434736000196777,0.003125321054999755,0.007182459641854655
159482,0.0012937585316932232,0.004765282065886611,0.0013377778224077375,0.001629500688412,0.001027844144766546,0.002158396849290034,0.002328666212859931,0.0024487889908837573
159484,0.003129667717682874,0.004036190348950586,0.0018789702533164032,0.005729967728782592,0.001092016430016829,0.002465522256742139,0.018414891003178724,0.012888614862906211
159486,0.0016009197602864234,0.0035573128218753386,0.0014671168778197657,0.002966378151414928,0.0012353202579023503,0.0026129213324970757,0.008201188565202744,0.0029360512923860688
159488,0.005794150664808706,0.007227081323529783,0.0023666470911870713,0.003938168030354072,0.002843380540107354,0.0052780507126612974,0.012618828365230927,0.01346424214080244
159490,0.005573484181752519,0.013338992633110058,0.005484872635187765,0.006488345721981981,0.004443602535597668,0.011371817055752464,0.0015555954724512239,0.003991805552806815
159492,0.0037631239910042164,0.005853488960208486,0.001968137534149053,0.004533704515170323,0.0035099706470698155,0.0030612935642065353,0.0020885416395375334,0.002022332577230737
159494,0.00227809340050468,0.006185749477652047,0.001884039957460018,0.0031936341481336866,0.001728646633442077,0.004201584946802228,0.0025586731779558974,0.0034398135444335814
159496,0.0016113840297010823,0.0072458418433341,0.0011746231099005744,0.004350859854183264,0.0018082844514114016,0.00447999438518526,0.0014414832002445643,0.00592783195085872
159498,0.0036628129801555276,0.0065309032335250095,0.0019365553553157278,0.0037914534644261644,0.0019616059656633045,0.003475230254161868,0.0023382263895089933,0.004310306140331344
159500,0.0024622581474512822,0.008340949659132235,0.0020735334285013757,0.005285428854087615,0.001248100541370159,0.0018545320068569376,0.006907487126177669,0.004527354615198542
159502,0.002861603538928739,0.014228250569076062,0.0017339645590924158,0.005049941068915098,0.001351776565101881,0.0041499181250497785,0.002239588294945652,0.003396217817058178
159504,0.0037063732382256465,0.018042672576040752,0.003429726368213759,0.02788205610087524,0.001658822404328797,0.003526571785298152,0.01573289493915575,0.012676831909879616
159506,0.0034860038683892786,0.015963426444518314,0.005042150422635894,0.003915635912310478,0.0023695102820520675,0.002588722465056162,0.0010876034076865437,0.0033751515997560017
159508,0.002581392051032916,0.022633774047009503,0.0024093027173821557,0.008830576681486457,0.0038901421864762226,0.0035368339576070107,0.002077014442797301,0.012781302904522285
159510,0.0060024720502041,0.022482383124643235,0.009167429794022297,0.0022990988559637437,0.002599909095673661,0.0028408043011190487,0.0016324943048125068,0.0037197049128963183
159512,0.003677825861971018,0.010872514908616182,0.0021766802654277356,0.005532429167788566,0.00120536121056386,0.0024472967459086142,0.0027314055011773974,0.004544780082149424
159514,0.000906519096723471,0.005067621425255631,0.0016613988014086006,0.0022248671088771627,0.0018533953957968752,0.002897739649666123,0.0012693298496052052,0.0018628186312059786
159516,0.001135595627507771,0.004443896562190075,0.0011748238252034526,0.001786057045680814,0.002280733514035141,0.00455826525913583,0.001900852191346003,0.0018794376069282276
159518,0.00547982933591129,0.014856022646256628,0.0029341706982108917,0.00717499300350305,0.002914035495934511,0.005808735152087685,0.0044274420870676345,0.008611180184757927
159520,0.0037087272970244417,0.005198357152980171,0.0032537870945359565,0.005758989739882203,0.001391814873768507,0.00439368532219242,0.004592913849556235,0.0071717406626925495
159522,0.0021906049718394827,0.009822653243597712,0.004358959736585677,0.0052067782359808135,0.0024853718315718254,0.006092109928621747,0.0025689099040220875,0.0029733379078609318
159524,0.0031893286893991957,0.010666298326648338,0.00211781924972293,0.004357272664506695,0.003111801673618908,0.0028879742246710194,0.0035712919506158958,0.004072727647186858
159526,0.005510889386206808,0.04329246553807509,0.010544682957738749,0.02701792319968832,0.0026298824755144473,0.006719168644042706,0.03967624874950193,0.024021582164736266
159528,0.0024259712132712608,0.006155406987318202,0.0016599001375207229,0.005258526208010927,0.00142717794354498,0.0012253442514365137,0.0024029684156099407,0.006131510613038849
159530,0.004611102361530506,0.012138930912293455,0.0016541219288057768,0.0037232787677945467,0.003459474890515915,0.0035728424753279087,0.0016844479090481063,0.00670227310380711
159532,0.0021290656647274947,0.007771866508225145,0.0017647307065296047,0.0018521664643780245,0.0022624503235988414,0.0028767021627305045,0.0011532894219873496,0.0032136272771293856
159534,0.0016893915186791397,0.010366770655182656,0.0037319680699599567,0.003056851718636136,0.0035311017386130406,0.0035694590963748635,0.0014895994955025499,0.0023804775870218814
159536,0.005172439248081473,0.011367113981386956,0.002665905176627348,0.007236558684600214,0.0030332101843664194,0.004366111035826459,0.0032758122514336407,0.005825199585041185
159538,0.0017435837888593042,0.006447398933364434,0.001728242713357142,0.003577714878905139,0.00127484570646276,0.0026478116314137545,0.0030027480830183695,0.004300174906589405
159540,0.001157042264562383,0.0132117813881521,0.0025178237167146206,0.005894981733060911,0.0012619780953584958,0.0012745496402302714,0.001112179400217253,0.010226208749403165
159542,0.003305102513473379,0.008928879496350683,0.005051108066481902,0.002760670482340244,0.001426431869145317,0.003915080197317344,0.0024377318391355512,0.0017720892255282394
159544,0.010259549889992892,0.06729464273778163,0.005520022579143247,0.011734834455732701,0.006429877355679459,0.003922680871117024,0.003119676823495121,0.013608460191166794
159546,0.003203223991922466,0.011533074876932725,0.0030901698212937867,0.002744982008371158,0.0025829908925406736,0.0033892269216909826,0.0011845044800387061,0.0021799983867688694
159548,0.001974428011614418,0.007282568557166691,0.002199476558607541,0.004302940698004187,0.0011438016925071626,0.0019315470654834993,0.00165716687980412,0.003689947885593625
159550,0.0068199634178114366,0.025995784922550946,0.003396924728291728,0.005350940154849548,0.002315442209611232,0.003411657606386523,0.0028933792577229417,0.0035346471757674025
159552,0.0011198367779102214,0.0038256681415376748,0.0009501957986951665,0.0017351362567433193,0.001681991807084282,0.0019146814883921892,0.001189975175093727,0.00304675656973985
159554,0.002891974737142755,0.02160741847404868,0.002329566580828113,0.007019783472346441,0.0034281409108141148,0.006460288074723819,0.0015399427024773704,0.003894400004686452
159556,0.0016856706669911153,0.0070178933992091075,0.002356290716823542,0.004893947867899373,0.0018877569667319488,0.0023954458660161576,0.00790478513707088,0.006644027055372703
159558,0.002651944585831123,0.00784113045437801,0.0020814626128287106,0.006167068347334714,0.0014706085710053524,0.002870021351247809,0.00236138243014139,0.0025621378328316707
159560,0.002123442339387452,0.02357051884967465,0.0022940597891309006,0.0071923196798815425,0.0014620400988294424,0.002882047844163807,0.0025815094012049955,0.006169295435885458
159562,0.003230676205137187,0.006953031822086508,0.003621213296266537,0.010066963105153981,0.0014441029654022192,0.001714855288005579,0.007804175314625239,0.008543385336668374
159564,0.004913994610550532,0.014634300509388576,0.003259987760234395,0.006809043901224998,0.002519268872214264,0.004156332939103058,0.0036272716915131675,0.003970913577956703
159566,0.0017173093238365272,0.00851867481259655,0.001396331475560078,0.00390727452200057,0.0014876229054639062,0.0014451988946945354,0.005940152063033111,0.0060708664893121544
159568,0.0017907921169877522,0.005560319353524135,0.0016336287990170867,0.002012789761347611,0.0023477790745002475,0.0035767955639878224,0.002685892209724053,0.002128472680008875
159570,0.009428141762342968,0.036807196901653905,0.006404732004959224,0.008878313528599746,0.005594776895240239,0.00550069610956655,0.004866774960563314,0.017395419907729526
159572,0.002388638571387214,0.008770682224018778,0.0019582867181261593,0.003917417076731988,0.0011238437827415654,0.001698660159133239,0.008939313389527692,0.01514615010512893
159574,0.0022225454476543366,0.0061150881316649475,0.001946379040680457,0.0022086454835328895,0.0017870732908855658,0.0017700420546434975,0.002385091369915285,0.0033054499015034017
159576,0.003283666284246825,0.011423916088056707,0.001737454752057721,0.0031051254193672495,0.0027684160331511998,0.003677545274021768,0.0015167438306099706,0.0029460326650534996
159578,0.002433017046672925,0.005922826293896455,0.0010083341488536512,0.0013323059823433514,0.0015369995867403757,0.0019021556571679477,0.0020085718930724777,0.003382940450694441
159580,0.0048283165715715115,0.02098757971477827,0.0024338454723826786,0.008674617997241951,0.0034275768835340253,0.005350046374348827,0.002129097980470576,0.00937179634763613
159582,0.0026817857353054197,0.011778118839123553,0.002622419191764591,0.008801853743868604,0.002004814788869602,0.003343091199337289,0.0016471824475421948,0.006552340301595516
159584,0.0018609861336106454,0.00878896890233044,0.0031576617986722177,0.004493364194822158,0.0018355698146175214,0.0028397822320391786,0.002882579845093783,0.0022982990488584903
159586,0.00269244149993636,0.014706405898423647,0.003279735745550738,0.011320433214631942,0.0026508289535832064,0.0028851305312196374,0.0030052504948054892,0.004027190494722499
159588,0.005170092520602465,0.04744879331555296,0.006185733070091182,0.016631253867874563,0.0033798180289080215,0.005635472637678163,0.0021237012172625885,0.015047476137679594
159590,0.002782515218548165,0.008368373989888822,0.0029479740947371824,0.0050150529301353775,0.0013957343505799913,0.003108873906544629,0.008918575532508521,0.009264257098266171
159592,0.00225068295505082,0.006398371418620208,0.0016957307068082988,0.01311765612537763,0.0023057380815361267,0.003079439245085705,0.012040317605157336,0.010284521842214789
159594,0.001561962544365303,0.011234458173004447,0.003648748399344162,0.007763373394455153,0.001606211384697076,0.0038256063901374038,0.0045074662021873935,0.0031168834500051035
159596,0.0013148236299943689,0.0072021978625491645,0.0015432764268661359,0.002165161625301837,0.0019179978498474193,0.00239089420682638,0.0020943385104253004,0.003143671944714266
159598,0.0022195383666493568,0.030221936563577856,0.005581829623575951,0.008036908338098281,0.003751713698763162,0.0036372806644211497,0.00408164112332271,0.009562488301995131
159600,0.004355407919977239,0.018025183104125597,0.0020742659774213856,0.007537908859002462,0.0054059623813920155,0.006236622189201901,0.003979940608954069,0.008516895231737431
159602,0.005946124448543755,0.006612192775373116,0.0022624850538069396,0.003054715392011076,0.0027136976451667127,0.004040240340217105,0.002714656008687713,0.005322346854029547
159604,0.0015898745665171715,0.011686007235638896,0.0014278850789800762,0.005338803112797885,0.0010026791341855579,0.0028848123840924528,0.0017412394434246914,0.002842517294513583
159606,0.0028157513131615297,0.01121921094198819,0.002945325819920852,0.003976052505409777,0.0035966429434077796,0.0015072633058777068,0.004837923862661742,0.009305582282577662
159608,0.0042987747583867475,0.0206404759279053,0.0024934214474581773,0.00537682561056152,0.00440237168479829,0.0037120811587816466,0.003850199705437929,0.008966285466294188
159610,0.004809170936789009,0.007612158467706687,0.0019152380374649752,0.003678843930333256,0.005616468671712449,0.0037547810462325165,0.0035461637201630314,0.004120419267561681
159612,0.0016345220989723158,0.011515181227163274,0.0016509813878263224,0.005782839616176594,0.0018322394196870762,0.002510398837654082,0.0011966030377457693,0.0019900342543552885
159614,0.0019485198150193256,0.00482972899238604,0.001223520325183483,0.003806529311096832,0.001315996663685759,0.001429742706230211,0.005233669089184156,0.0037381042555755806
159616,0.001402230233768842,0.0064429869996287525,0.0029750741429532823,0.0029558037277297444,0.0014280292299823222,0.0017487831670151,0.001533373591855458,0.0032466884399302703
159618,0.0038384904915490653,0.01814655097106077,0.0036977536709775216,0.006404202531021197,0.0036318420471026513,0.0034775343437881134,0.0014923708258083312,0.0034599477493344466
159620,0.0019266714935808893,0.017529765549412213,0.0057092983687658805,0.012323790822334202,0.0035709486720114786,0.0021723425659941342,0.008537268372927953,0.010164979874788038
159622,0.007592957833949754,0.05673563803453874,0.004208348881547863,0.02313867924819135,0.003642009744193056,0.005318415519610709,0.006765927658858084,0.024525071667543585
159624,0.0017557824500969432,0.01586980145792527,0.0027282418568145422,0.002911143621535675,0.002141575004278043,0.0028384713621810165,0.0010325142453135872,0.003293317574921739
159626,0.006196740396774203,0.03824386837323246,0.006599063327554555,0.017911448997459667,0.0029544230122664633,0.004684160769940826,0.006406909756249635,0.012456957377815492
159628,0.005470197140539312,0.007508785298071752,0.0037627428203708263,0.0023369522725948944,0.019096678246583787,0.005422868814204451,0.001012734029798304,0.0026120945738426077
159630,0.003628007637659414,0.023343298178472915,0.002787000144000698,0.0034765014724911364,0.0035091284879094076,0.0036805134515950494,0.003811543301431977,0.005673607164826733
159632,0.0017784247819572219,0.004667202793776026,0.0012180351148254887,0.0016125312116068713,0.001474136739056997,0.0028999359219936682,0.0007179072351428152,0.0010052159701103847
159634,0.002574545695634145,0.005334171338334193,0.0016278210864726361,0.0050534106875235185,0.0016473605574194444,0.004725309879633821,0.004139985912552158,0.007317555000668996
159636,0.008369900776994454,0.021862532753588404,0.003138821319655316,0.004860718413326248,0.010798120963962043,0.0037514303062580745,0.0040209687635642255,0.005066919218281507
159638,0.005919088342305978,0.006106797814056153,0.004961523048714389,0.013185186795547033,0.0017896377044458595,0.0028315183376881464,0.003291266842406562,0.007866054475315354
159640,0.003247284934775385,0.009421828625736595,0.0036558919571421655,0.0078038857121476846,0.0017815908244858125,0.0021223300994572952,0.0035472153188803035,0.003457453224848042
159642,0.003496668151651075,0.007447957578854636,0.003705434363749982,0.004782247107883164,0.0022508886767896308,0.0021769514066588697,0.005633630409640544,0.008772641646842771
159644,0.002811297424671011,0.01836403774995632,0.005432518576387102,0.01028491626031447,0.002533107962350789,0.004850661952551294,0.02147139094649564,0.014046942499277515
159646,0.0021495391521746954,0.006758911127143996,0.0014013498569633853,0.0021349160552769503,0.0012094594593605734,0.002390627904119924,0.001830049734392658,0.0017853332220730267
159648,0.001591733634149009,0.006251438385845631,0.0016437430977239154,0.002799836313534476,0.0011277450985409804,0.0018413667566812841,0.0009297394766043278,0.0033437615400409015
159650,0.009547095293957142,0.04089014729166096,0.005397817388176629,0.008394282778825313,0.004782746899772983,0.011365418888709122,0.0031858629474097594,0.015967154425722052
159652,0.0031503455782877637,0.0072396317009509326,0.0014183366924409718,0.0051423783030921655,0.001862276503787355,0.001574364666534614,0.004044987956848767,0.007582105364679015
159654,0.004835717505763393,0.009959758554978215,0.003930048834095923,0.009074057701078608,0.003110102436906362,0.004839416470139357,0.004020399009555753,0.006111538110986692
159656,0.002191760072198845,0.011998486136008069,0.00182681733868173,0.005705595784706363,0.0018842624607473685,0.0068840185606294235,0.004064024350136641,0.006607414718725002
159658,0.002701814672156966,0.01382157794006661,0.005968352780218789,0.004411342748657232,0.005081278511404941,0.0035627349473724146,0.0010192772380375331,0.005353539082171788
159660,0.0013700822596630774,0.009397241463000805,0.00192919441124767,0.009139387355958428,0.0009484421900976536,0.003123506534221443,0.008116453614324337,0.0079213689646771
159662,0.0021745544779543935,0.006379353845577251,0.0051704803904200625,0.003584696254117073,0.0026541136043878866,0.0032039307678349283,0.0026972398109705864,0.003464871519138782
159664,0.004718369595203775,0.007338599874435525,0.0019163344180722769,0.001653763776424691,0.001822570129882975,0.0023132858868357836,0.0012802615527773842,0.0021757324466911143
159666,0.004555462832478208,0.008725577074110424,0.003042622824709476,0.007291923161583336,0.0025794572934947357,0.007026935344268959,0.01281008266819783,0.011190319065859156
159668,0.0011455601779675195,0.006825683138704852,0.0008973925087850422,0.0017584214858743508,0.0015361248809191985,0.0019794010582758897,0.0018966547051749855,0.001969876864439668
159670,0.0046463469328622,0.010754496027609584,0.0021585083088295764,0.0042155623240174855,0.002166851004910042,0.005325509713728638,0.004420574587990167,0.009346476485854238
159672,0.008394655495976622,0.01816941755908652,0.005201876304426811,0.019892503626010916,0.0013550520328169946,0.004377398097898999,0.009620974377285485,0.030495007588005052
159674,0.0028477929639492694,0.01866797235123152,0.002066557126773408,0.006439035725336106,0.0017614652373736939,0.004287301752370354,0.0022615952649080034,0.0030515334983394343
159676,0.0018284854282231283,0.0049577430766816755,0.001658363616569014,0.0031826823832537543,0.0015797312984744544,0.007477152461126346,0.005837603902492106,0.002522181380996358
159678,0.006409982613171439,0.040720859920002406,0.0019680116022167127,0.014860463666017731,0.0032908975475798435,0.0038346592046881872,0.009864234861334309,0.010112820494153019
159680,0.0031508051811732773,0.01187682878061569,0.002283287575552753,0.004943275607907305,0.0013401838021374207,0.0025178102579655054,0.00950863650665218,0.004889620626792601
159682,0.002203720232746287,0.012016653281554435,0.0037782977999529926,0.007482841031539955,0.0019855803468795674,0.005073944538925235,0.0014040719403524277,0.004877243543099985
159684,0.0012681478252227762,0.004284830684145258,0.0012205646784819862,0.002522784592029703,0.0012197430566074363,0.0016499271336439941,0.0015213917799122983,0.0009809061182898399
159686,0.00510597593752099,0.016384516544598604,0.004741796309766733,0.009443780356921394,0.004817573823282295,0.004755731796502127,0.01178776243316998,0.01497907185811087
159688,0.005043956766482227,0.03353861483651599,0.002713775270583918,0.008816140106748804,0.0056423833951981806,0.006234113549152875,0.002373674548245344,0.004631545413524896
159690,0.0021572609568920598,0.00954944976056199,0.0023872943651160328,0.0030176308445641897,0.002968245087809296,0.005269686827803766,0.0021102587800501116,0.005886040606558396
159692,0.0051539787997276765,0.010737661850335423,0.002544136327051527,0.005577438557509362,0.002902728695257109,0.0028646421774443237,0.0016435274270707456,0.001993085572594158
159694,0.002922968665450623,0.006534548923664618,0.0036926702342024442,0.011394389446973963,0.001787940807760402,0.0011425554887607575,0.0062784855048301225,0.00698530167332484
159696,0.0026580655524060526,0.014847618312243904,0.0038463029701270163,0.0035042046752318257,0.007980570859985825,0.0030005091287694935,0.002740041946953875,0.0034822098831812642
159698,0.008072204657922022,0.04777940849544393,0.0030972400583362397,0.01418084659019514,0.005229356855296352,0.00513866890451542,0.00469054311983208,0.023166291057812538
159700,0.0014377231321112266,0.006651419994887997,0.001246289472191242,0.00211568573950377,0.0019354273101480773,0.005059615758220781,0.001023061420080254,0.0036593525519395542
159702,0.0037140170130245537,0.0069876419965773096,0.005888190065888921,0.0142760131725162,0.0013777721256925113,0.0020943340778443176,0.011931615394758177,0.011664486626455306
159704,0.003551921467818353,0.007642997915540628,0.0014675332757649873,0.0036161791799027704,0.001084696620336223,0.003615023781572413,0.0017826894751555994,0.004106681820847058
159706,0.0062731544975491715,0.037986145955555495,0.004412285987394293,0.030923496410943052,0.006330363334563993,0.004339708188390079,0.0042978554549988335,0.024127492942548123
159708,0.005512006697902194,0.05196043111597248,0.005744820252200578,0.01683666301233644,0.006798941584410301,0.0058773815771485105,0.0051676359925503235,0.009759593130034772
159710,0.0005561529061618581,0.0028107033125621683,0.00100176985553381,0.0011330847691705254,0.0005059149871866758,0.0012291993977059518,0.0011707431802071705,0.00138814850967095
159712,0.007149452279065827,0.010546721229494127,0.0020258984653135498,0.0074921311679637115,0.0014687979578243415,0.0032866931515418557,0.006647885207403448,0.008958271378294358
159714,0.0046806031914208845,0.012268884165493654,0.0033188740618595447,0.007521413706950364,0.002813493893236499,0.003740590033719793,0.0022033141817695695,0.005901765867344588
159716,0.0035830231896354925,0.011934464009407897,0.0026774005800356826,0.014115992674427424,0.0024346086014672697,0.0033226093740191254,0.005643293433067742,0.009103181228756141
159718,0.0036826725494122498,0.007985603517116857,0.004190830880813012,0.0032994894394802743,0.001807635962742929,0.0024612700215365657,0.004378961857896491,0.003654374858519882
159720,0.005826601961879341,0.008725507477781724,0.0015240194472821017,0.009954381873421347,0.0018407385742641585,0.0037217141144734733,0.004327020017475869,0.010610166519519959
159722,0.003240792247287738,0.012321253385296826,0.004214070581671836,0.005989582317886877,0.002889295273119777,0.0027898253723824262,0.002287772382465969,0.004315322389189191
159724,0.006256428955875359,0.02151597462696575,0.0031611632774018045,0.009659586223920658,0.0026244974754627837,0.004388082776508817,0.019421835553893096,0.013461430829498022
159726,0.00758079103097864,0.009929334634437348,0.00352913272166,0.01285295316313384,0.0030431419068046583,0.0029387874838339295,0.030094701743351493,0.027198312233779554
159728,0.0027614256777270946,0.019689193067237376,0.0039870676179210585,0.0066106176673180195,0.0017661779521534055,0.004887356675173038,0.003671166934145431,0.00988332973811451
159730,0.0019891715181898917,0.007346540682696967,0.0015341599647698129,0.0023308559489293584,0.001396416113395041,0.001573895542855086,0.001943270422667523,0.001673246658954311
159732,0.0010745747437148623,0.0037651544840539147,0.0013246246543335283,0.0033620831345670954,0.001263175777646508,0.0021826106363143083,0.002328538938457747,0.00473546120620677
159734,0.004158788780213529,0.020636511321371565,0.0018997417389369359,0.012375416620522606,0.0017536614161484665,0.004032660928943166,0.005248414795039347,0.010926304224145866
159736,0.003169874076503279,0.007728569649577077,0.0017592201455587375,0.0020389723375702773,0.001763769021800879,0.0030439561698843015,0.002713144208120133,0.0028902076496004764
159738,0.0020140558173215167,0.005671764324842121,0.0011858177341130816,0.0038075811294008416,0.0016585650869773705,0.0014439070445954189,0.004855650981357373,0.0079866621746843
159740,0.004014657425908619,0.0324060485563058,0.002011999639319806,0.00621721105257983,0.002211503274587426,0.003437644300781584,0.003281518259823382,0.014104094432687342
159742,0.0022172226455601796,0.02601352353678288,0.0032909026765327726,0.007927232004477425,0.004146134940875845,0.005454204128911622,0.003958535957969078,0.02396419729815613
159744,0.005293933152118235,0.006547928774836065,0.0056075595115636645,0.0030504791337927634,0.0033725177926994393,0.003853595183998096,0.00332911597454634,0.005108722371890195
159746,0.0016785965682482168,0.004033113259618526,0.0018045819961210463,0.0034381855645866516,0.0015834095892234418,0.002725949390151708,0.001779263169598977,0.004152082090851439
159748,0.004384765788236822,0.008396323950352391,0.0016471074567903643,0.006962776676894045,0.0030515141543361324,0.0031520419679385153,0.003499622813762926,0.00551054315319327
159750,0.0025287760836324585,0.013464728012170524,0.00249348915893699,0.0030316268980308397,0.004681643100373167,0.004847357069764691,0.0017995208617629377,0.0021678003563213727
159752,0.005101607019293797,0.01063067352655711,0.0021906520487824516,0.003970475077327507,0.002934310743163762,0.0032012402912260512,0.0022977165168081015,0.003899402194890378
159754,0.0039925041514004556,0.036909184308346,0.005644906607919831,0.021902275997707443,0.0028253179235833287,0.0036021691787519045,0.004208181650169396,0.013370340167442374
159756,0.005668325232548677,0.017030756564688554,0.0016093204298435332,0.003844575930112351,0.002666540724677313,0.004627780805638082,0.005174740415157197,0.009141146763755936
159758,0.002971620862430635,0.008743958820392805,0.0022032669689677764,0.0027895235424935244,0.0020474093124014936,0.004560436575271831,0.0021222223237905707,0.0022866987770471386
159760,0.00349123888375559,0.019430516959634048,0.01006631872868674,0.006066746673937473,0.0031947992971260164,0.0034687890087026357,0.009019570309249048,0.007310593049437986
159762,0.00232901317910629,0.005194094933744842,0.0016139763141155422,0.005182472952781014,0.000914709015598314,0.0038363295619157217,0.0009368428369017391,0.004650101808936269
159764,0.0031299103064193062,0.010444924061739302,0.003497824749931766,0.004690035923239633,0.0015786065026510698,0.002394766195554246,0.003337386977711479,0.0024486617931849253
159766,0.0016390945164151405,0.007814756068925455,0.0021422870582493148,0.0033108018109795356,0.0026380294464060233,0.003746755647241265,0.0010179251684601237,0.002890200439739768
159768,0.003342236138594315,0.01653675693558032,0.0031242877505519573,0.012499681496594361,0.0018000970839687908,0.003988528981093475,0.006117613502818975,0.020052829828067553
159770,0.0055981724229390295,0.023912198973236265,0.0036783016659998197,0.007217546875140146,0.0019647361441670896,0.004673004150390625,0.003048215047097236,0.0054024788978503935
159772,0.005831581592123991,0.009314942416165872,0.003943737701278316,0.0020215620236070514,0.004359031555062565,0.004650106889611871,0.0012926495635741247,0.002656351477424726
159774,0.003647539211544315,0.0050584848716917485,0.0011105736084628948,0.0037158107616658415,0.0015547721895220606,0.0029381642986658907,0.0022732774117552174,0.00644839924542695
159776,0.007362056723517141,0.06459731412713499,0.0046336702078839664,0.017586287675626977,0.0046454490757797395,0.005958269156894291,0.003363525772477352,0.008274736102500901
159778,0.005254000682420268,0.007144541801375803,0.0029397783348485973,0.006617111954858368,0.005378302981695393,0.002933241723813096,0.003468522654586137,0.0033251802308921358
159780,0.0027767609230067297,0.004304093210588056,0.0013750734587947427,0.003149855901820653,0.0010261250313149534,0.0018092372785489946,0.0056158790488605725,0.0035847328330690514
159782,0.0026320944397529994,0.02230598404589501,0.003831780768731932,0.009586526036662102,0.004349770873332881,0.007222630540121067,0.0055587927477490084,0.009671059857054909
159784,0.006106125935545714,0.018648509602034125,0.009468825583454965,0.005929465784995147,0.0028307892939603008,0.006666848437662021,0.0032324775328934074,0.013327978767311066
159786,0.003174693213535709,0.01379746537961829,0.0025669537842272355,0.00524938101768152,0.0019540987125310494,0.002403519941638399,0.003495407347002391,0.009445545650945741
159788,0.002864092296421872,0.011525495653954332,0.0025736603966406424,0.003924644736358118,0.0015169907717629272,0.003864305146547689,0.004764303877174747,0.003581494980767777
159790,0.0025902234671738023,0.012114828680467093,0.0051130900730465,0.00801515638899769,0.00208153909512733,0.00298895497624109,0.001124941797075396,0.004721181751445036
159792,0.0023030173834608925,0.015421346956117299,0.0016633423627705618,0.0032240876184115447,0.0020908770713573693,0.002148107919528519,0.0035872112685857993,0.003883504454590972
159794,0.003974035425415912,0.02830762441750978,0.0040472770174639905,0.007852861236642639,0.013118255171564785,0.003920567278441978,0.0019404379991164178,0.003963239091247184
159796,0.0026039372139088357,0.013465720531105119,0.0021745405805222995,0.0029150821033758906,0.0027540171736326613,0.003194608108847641,0.002702846467522113,0.002149223438753012
159798,0.00572179739812434,0.02132019407778163,0.0028197964561554323,0.008630399020701562,0.0024894507737269894,0.005120763632461556,0.0024629728416778462,0.007154983309534624
159800,0.00421852240481102,0.01611161790778226,0.0034339365449733705,0.006506961188756044,0.006101076967647556,0.005230207090156702,0.0012921805587967072,0.004203000091589415
159802,0.0015431643275751888,0.007537630708398524,0.001603714557202665,0.003975098861659421,0.0013389607763036881,0.001966689394972812,0.0009212328321019925,0.004217605917024303
159804,0.0033688025243555075,0.006819674233722817,0.0015527539828169706,0.002918034290934346,0.002222711240406086,0.0038792488859401703,0.003262313840115008,0.006774467344441482
159806,0.005257284708573506,0.008146380551071752,0.0012857083807729652,0.006685543820822204,0.0019982019422271208,0.0024065270535642558,0.004620257194516475,0.009587906285876358
159808,0.004735888815478262,0.028552322529767915,0.0032646479865301586,0.009652705605706302,0.0031678525059562063,0.008704814893989443,0.016586347497650422,0.021491767693248898
159810,0.002816096468676324,0.01187643091829843,0.0028958613439035302,0.00676266279101001,0.002236682810284274,0.0031593371236680184,0.0022320083193361345,0.003911228573144854
159812,0.0034737405802754,0.009959322835085216,0.0027298123554966858,0.0035045623734576564,0.0018844558681724438,0.0018770956096161862,0.0066474028771562055,0.0019000343420296772
159814,0.001878667651051838,0.011048208597428888,0.0018854233776954832,0.0025271015999657337,0.003215125157737933,0.003622523045013537,0.009138015562761892,0.00556038046656071
159816,0.0055142029325888076,0.006617994425390572,0.0011080015465092657,0.003647030305560253,0.0017490807307107975,0.0028528387291794216,0.005391795556431378,0.004867086827229139
159818,0.0032078983403011213,0.017272693362485825,0.003535538907692995,0.005203102645746915,0.0026562416541395933,0.005060148919138252,0.002436398895175676,0.008777895766201915
159820,0.00462605667424093,0.01833518903012732,0.0066590334875735735,0.011433418379471816,0.0036079556381323763,0.005350376628447728,0.01054435856629038,0.03675541906206092
159822,0.0019608276050410295,0.007377765759939925,0.0012572553928072439,0.003412321294133991,0.002688164297327822,0.0022363861290983778,0.002413108691345492,0.0032607837333449435
159824,0.0014060794055048703,0.009769186188045786,0.0018215374802379447,0.011266448267302442,0.0014690792309036832,0.002215827269706816,0.0026627712480625926,0.006526237704874094
159826,0.0028395074880336324,0.020761596528711346,0.0035430577556639364,0.003203657916104344,0.0024267195268934533,0.0064613935940380784,0.0034281566152538634,0.005435128449001125
159828,0.0011916479044027373,0.004899130150540165,0.0017684017860121332,0.003466178565221814,0.002494081487549815,0.0023818696888753266,0.0016365119689398938,0.0028203685790373356
159830,0.002109419638433252,0.024483056986292162,0.003451120835516408,0.016617835514821877,0.0037643521864399454,0.006708455861127727,0.010196075383302139,0.01043937381125759
159832,0.004414758879748071,0.020603854208817163,0.00337816620255027,0.015593710203503142,0.0016444333993265309,0.002881266731778409,0.0147794420813257,0.015666803328358903
159834,0.004263888933737692,0.007895004182500998,0.0019307566861141018,0.0035978450067202794,0.0018764687846604122,0.004374764198125158,0.005179683169104443,0.0028619993237308794
159836,0.004760910310213973,0.01333859680535504,0.0037018872179748336,0.0111410239689127,0.0020171663136956397,0.0026789324696308153,0.004293600195617808,0.014293370463226707
159838,0.0030519175100727214,0.005545535434788251,0.0020129863132503645,0.001354141082433813,0.0023336146315738326,0.0022529442893992613,0.001399599409701635,0.002403915180004823
159840,0.0022693090334086202,0.009555259268641203,0.0022627607785905557,0.0023758969609046776,0.0024883657764323552,0.0029179654686850715,0.002456992650038195,0.004707930901886925
159842,0.0020370743003265274,0.007538383667471615,0.0023230701477674476,0.002434743521604457,0.004166233753171655,0.003717286501282724,0.002019771221385691,0.0036240770252911197
159844,0.0019022485932760347,0.007031657799395907,0.0015378704510116692,0.0018454184676441887,0.004938775810812368,0.003135154937461415,0.002351169816851295,0.0023452415021676942
159846,0.002036185960751627,0.006427629997476425,0.001232649878973327,0.003799221626539284,0.001194720029707011,0.0039046385125200006,0.0015565965159453216,0.0037827675465354482
159848,0.002509388408128435,0.005408516553658205,0.0027703552927162978,0.006197762130713491,0.0018787332074255425,0.0028648886242103183,0.00381979016939088,0.008214667060535918
159850,0.023801823953718326,0.03743261332083936,0.007930104624192025,0.05956096793014254,0.0029239677240975454,0.00892272737062072,0.04002536102659193,0.090289005414804
159852,0.004955949091141554,0.005369187388213403,0.0035343526144260423,0.005580297841312254,0.002191571371051984,0.0017654735080253753,0.005132467841041655,0.00448109056828927
159854,0.0047833837858348716,0.007306449057299602,0.0033466689940392508,0.005269080003629023,0.0028497797105520584,0.0019834634360554326,0.0026444151748359346,0.004362354544220681
159856,0.004227115323601538,0.0066135329765587,0.0023173732142467984,0.0052683823612609815,0.002259197498245824,0.004167168690623113,0.0009634386880869178,0.0037659564099330606
159858,0.003627359193394533,0.01271724734911267,0.002467472285622732,0.00736965586213284,0.002938832316941531,0.005242159711580152,0.005455628254957823,0.005949226125894436
159860,0.0022880214892304768,0.006013562453866861,0.002283479116577794,0.0034408177885287966,0.0019410183020008298,0.003849300568181127,0.0022613582300060053,0.0030788600249525566
159862,0.0023847566240542545,0.00723252063795915,0.002183486143642402,0.0017283926291078444,0.0014065353903414263,0.002368484018703043,0.005075671638891999,0.0046049441859929985
159864,0.0025203523563586266,0.0075687623248877345,0.0032285540527865614,0.004819902248333341,0.002781508405754529,0.005021076028825178,0.0075023421319220795,0.00472246167761009
159866,0.0042311087649543055,0.01321012689744766,0.0022477890018262614,0.0029890234086095285,0.0039734990641173695,0.0056226839274558515,0.0031240982674691914,0.004220176593030589
159868,0.0016493757744952126,0.017472711969176657,0.0019205647141574134,0.010104580432575505,0.002367465228039267,0.004680055756356438,0.0031431259788914506,0.004034619949738749
159870,0.013326466673222959,0.03767651357913793,0.009590824687396804,0.023875064259654133,0.0030916026101169974,0.006453902348746432,0.01388413559233559,0.014494587601712405
159872,0.007166929762408236,0.018190003367565488,0.002741604914586207,0.006146978386788682,0.0022322064976167955,0.0049022168401278154,0.003357226499210386,0.008771551655997245
159874,0.0036470649514372955,0.022901272266210526,0.0040837986432041284,0.008997193157871175,0.001894917203129079,0.0031552435992144995,0.005238108201881753,0.0045904066915660735
159876,0.005190092102680899,0.10805527315981411,0.010578777958505425,0.032125199972998786,0.008240180081105442,0.019885560309346184,0.00542412532233616,0.021924051981791814
159878,0.004039173907544047,0.007768842758443251,0.0022565574951922823,0.004157113041627414,0.0028806516752875044,0.0036934711959235728,0.004485372851698921,0.005017549976828128
159880,0.0022782210668461644,0.02100148433314164,0.006252534137331844,0.019955170103060027,0.0028099449628058437,0.004519072640001343,0.004478781658235287,0.023225642485519282
159882,0.0022058777215562403,0.010625829851549862,0.002169634091274908,0.0010686251260563773,0.001751030944433296,0.0027638082146958093,0.0015373948192914377,0.0014511331782807307
159884,0.012623945997710884,0.009593130538591232,0.0040134414433859456,0.009697701626088462,0.0018154737558395834,0.005184751672334065,0.003695538975085136,0.015080458502826632
159886,0.0011830356268421327,0.004509984634122555,0.0013739771129520073,0.001997406031324936,0.0016900705105828001,0.002642969410653395,0.0012381544913453585,0.003261525339273652
159888,0.0011812107004197103,0.003656584846203126,0.0008123980096496654,0.002737339887819934,0.0010660953243825239,0.0024981627264830664,0.0007810737075627551,0.003145583407409683
159890,0.006174072802213937,0.04552213209955824,0.010262592925320613,0.019881206644356775,0.012257966708345558,0.010496327316798004,0.008250968363505473,0.026662614801331808
159892,0.001583948328471918,0.005871337636396634,0.0014261282606166242,0.0020381555653328776,0.001595267843584658,0.0014725715416352841,0.0026421903789577428,0.0030317401227181323
159894,0.006709693487001511,0.02203385066269803,0.005555773485600712,0.007969811890669531,0.00358431620092782,0.002519445385330832,0.01478947249585133,0.007263970071463233
159896,0.0019769415799678752,0.015899779144447956,0.0019627534960531406,0.005687422273187304,0.0018203830529196635,0.005467712183884699,0.002016495776935523,0.008878890606217604
159898,0.00129762581665549,0.008995532456823663,0.0015702262591846955,0.005587342884254776,0.0012771254764343404,0.0017268027383803841,0.002217919094659196,0.012288809158503222
159900,0.0043010758900960955,0.018727424776060708,0.0021014441618390084,0.01019697067205888,0.0038627671637394556,0.004241697931263444,0.003260677371078727,0.014466542981139918
159902,0.00497594149388747,0.01165503838457399,0.003895130947354511,0.006874653930186492,0.001680400195826215,0.0042766129021034605,0.006886113095359525,0.00638768893620445
159904,0.0024271831061551397,0.03279501191678946,0.008545203496864107,0.01273447071364281,0.0028794485459288227,0.005200810225049146,0.005581256293826442,0.010726357394577113
159906,0.000631679520669174,0.003695491870740489,0.0010653697741607737,0.0021514076552958117,0.0007596717422480061,0.0017712876496505658,0.0028899064453020845,0.003224338916070227
159908,0.0025389404989279024,0.006533549178298126,0.0027380610863139143,0.0030607960193636125,0.0017695866267928295,0.0018143244254820723,0.0028245401819066013,0.0028566312603400257
159910,0.004692430295232308,0.011212931595788123,0.00225518977583139,0.010176942160101454,0.0019249601736783806,0.005088326531431042,0.026144459774446682,0.015067553149552604
159912,0.002582593691529189,0.007726604781808588,0.002137511839588338,0.0035269682337224634,0.0012852013728557043,0.001922378285948781,0.006782384080751491,0.004489441517480097
159914,0.0026011765962414973,0.0032774678689515557,0.001877861046058485,0.0031473370323566036,0.0009650094735030902,0.002227275073973925,0.005019193554146872,0.002841003256690358
159916,0.0028674434418896055,0.012302176393646447,0.0039789066033729115,0.005155209111507908,0.00534836692295948,0.0019718852730510883,0.0022392353628311046,0.008075451578033965
159918,0.004227190891736621,0.006541276909582339,0.0025589362435858437,0.004440266611292154,0.003630191234165317,0.002859673234858487,0.004769616721578274,0.00814388184677739
159920,0.00163091786800941,0.006948356964104951,0.0016823649213049269,0.0023427464127097203,0.002024928412474092,0.0042034203340444165,0.0014655933480724054,0.0010842817175682612
159922,0.002641311520894543,0.0034997215443723917,0.002769015068762093,0.0020875195963845905,0.0017542196393560833,0.0021630331549654797,0.0014236575438997812,0.001726457852840646
159924,0.002473039840001301,0.0092823992173377,0.0036056834461908327,0.005878212119549753,0.0016802878034028468,0.00320747172430913,0.002221290962296632,0.006680478689773617
159926,0.0049608754609844485,0.026822176427936606,0.0036516716181129866,0.010303798232365546,0.0015669077755908895,0.00241934859170069,0.009391909091777118,0.012183524300699633
159928,0.0026741789889245388,0.009062107009066844,0.00220056234558208,0.0040653116269454,0.0018474985126938487,0.0032690107863084794,0.0013979951904591476,0.0011936278488392654
159930,0.0014043807307596717,0.006465071353931373,0.0021719005270000175,0.0030365225130136175,0.002665200853218655,0.0032737256264268044,0.0011883108120083197,0.0018955260167890509
159932,0.0030223967731226598,0.010630134261708835,0.0034083814583769773,0.009535730377653096,0.002036030975098635,0.0036897252170933204,0.005190987451829054,0.010127574091757519
159934,0.002116439406673734,0.005040532712679513,0.0018471145590593374,0.0025885370974046418,0.0023493190328132685,0.002353595648966325,0.004762343687675363,0.0023284321600747365
159936,0.0027923244582585133,0.021603795719965513,0.004601511839465167,0.020559709201806164,0.0016951999682057878,0.003466565901717511,0.009597556214090197,0.02400547830219346
159938,0.0041523547867142185,0.016780205303785545,0.004864702340712235,0.013035612315741796,0.0013079653551608672,0.003839386518823318,0.009621535641302081,0.02127689188515891
159940,0.0016229405510381767,0.00803874793813808,0.0029645479065544406,0.0025806100370418528,0.0012141884429650723,0.003701636084788032,0.004306971744479304,0.004548808261563286
159942,0.003967552671436947,0.012506279644902085,0.0027489556990223513,0.010461601952888921,0.002080184376763841,0.004134093423468821,0.0030414915189125313,0.01600655073591284
159944,0.0033038052170081406,0.007391390384310859,0.003615186843276774,0.0034847427889064253,0.0015908024787201214,0.002848256184595624,0.001424085722973381,0.007364327613739674
159946,0.005878618843971006,0.025883491359979027,0.006663530933288309,0.017231794992994764,0.002448692394068655,0.004051590551061912,0.0049876601111700225,0.019570729725188807
159948,0.013837196661231843,0.03300718701439198,0.0052988587329780845,0.007379332464170274,0.005840030322599221,0.007598673392532673,0.002776237600940812,0.009971730450971883
159950,0.0024717558020859176,0.007064383665279783,0.0032876602664187043,0.0025966608268959135,0.0020387694748272983,0.005609824922290452,0.0033328884436306105,0.0052971851667087955
159952,0.009990920102325385,0.032636343025045145,0.005607144421859722,0.016063071326693157,0.0023712565283349196,0.004341002080768208,0.009612398137102629,0.02584767295904644
159954,0.006258679193308581,0.007957556714339786,0.005172477828872035,0.004309032481622843,0.003051664792237452,0.002702040070094114,0.002352088616665707,0.002847612854848261
159956,0.00607101394170062,0.028805367019428596,0.001586462073860595,0.020648466237852325,0.0028992815664624777,0.003017681186521251,0.007646350188569073,0.01751340207489549
159958,0.005831119604094381,0.02846244342590709,0.004462338315561143,0.013711471335229541,0.005457928820234992,0.0068237430636824414,0.0156018745101969,0.017662770326749788
159960,0.006096949239582594,0.028240203536894493,0.007380309178499411,0.012206744778581191,0.00333770635769616,0.006814943560641495,0.006617776226651495,0.010351857428363476
159962,0.003521933314008019,0.02853182535674037,0.003417368301573964,0.014599186576927048,0.0029435861614657416,0.004984373048447566,0.004380087030718904,0.010114693703795974
159964,0.002797297220215933,0.009582842454185558,0.0021989335909074065,0.004004602788945599,0.0024484538597138172,0.004859904995032027,0.0031362956011809495,0.0054754080148003426
159966,0.004189258647309624,0.02488004505679342,0.0042741595295048285,0.01984058422810997,0.0019894925299036026,0.003903431860693543,0.0022183257872968043,0.013037541683221576
159968,0.0030380865436469146,0.0076865433449671006,0.0025519597874495425,0.0025584346215339893,0.001991004557450618,0.0036564771692772086,0.001441089181987723,0.00409243823649158
159970,0.00409166899216018,0.030677263962136436,0.007067620343290726,0.0075780939546868376,0.0026089623802406786,0.004504536421340077,0.0013193800663962585,0.006605744502437894
159972,0.0039798719844219566,0.03894753824706587,0.0024516062524213567,0.017665546934964027,0.002876354911145476,0.008632474236609733,0.00883099396962539,0.024233808343696817
159974,0.009074069056702605,0.02616087522256394,0.006149950877841981,0.042230552838749214,0.004214294035990385,0.004131638181122332,0.0061428538440937985,0.024700178626119396
159976,0.0020514541250538643,0.006396297608976198,0.0016795457412686066,0.004817232519933379,0.000715714088346267,0.0012530750362039905,0.0032564264287438527,0.004683238871523665
159978,0.0032003015678561675,0.005094882712608995,0.0011670086345283437,0.00264273499965878,0.003159106378948451,0.002416189179914721,0.0024984699594252785,0.004879150211820671
159980,0.005171434054865254,0.015723898546093018,0.006303029493457901,0.006984392552879248,0.0034655535208232835,0.0035384545438704867,0.004229831356357183,0.012843670130849638
159982,0.003913680828076471,0.023794302457989858,0.002587468235538959,0.003749144391085091,0.0022181054177195514,0.0027146727010054494,0.003147530562852774,0.0037807872836046474
159984,0.0013640141023907454,0.014003267721978185,0.0017644214867564845,0.005643070674088202,0.0016736477583556703,0.003146201884733482,0.0052201864744036985,0.005668611316274552
159986,0.0012229095250732153,0.003471419749846563,0.0010679211152048312,0.002836279051177615,0.0010712249846234756,0.001598821761640501,0.001223703803459611,0.001320096249118885
159988,0.0023783344225041803,0.014594233920571187,0.0037320686598368985,0.009124404353574533,0.0025045615361671825,0.00503020517253483,0.004500403939733888,0.007023006171846868
159990,0.0023812922935120273,0.019057458244159386,0.0021921619176037965,0.007853187400276573,0.0029420753438030994,0.004558842750583603,0.0016368251431808645,0.004525713452318891
159992,0.0025200318122787224,0.00947323119750565,0.0028847659640913875,0.0079898731992325,0.0017248153207530953,0.0035574345820955783,0.00830162649013838,0.012766800566621994
159994,0.002089952892214919,0.009791128766814206,0.0023821838678941276,0.002116077465170299,0.0011891587773889128,0.003801655516221372,0.0007712562606049279,0.0022546198087659702
159996,0.0047992629412002,0.011193415150803576,0.0024966428531026374,0.003889145933050689,0.0014717508103557209,0.002971303667483452,0.0031793937580602005,0.005265694977084401
159998,0.0020792506731957122,0.006278506757839475,0.0018041015758862855,0.004955103617545531,0.0029290341265700987,0.00169873723563857,0.00272323368355476,0.0041171811514226775
