iteration,head_0,head_1,head_2,head_3,head_4,head_5,head_6,head_7
150000,0.003855154932822527,0.011196607845649575,0.004469439396619146,0.007157799424113931,0.005534678244259794,0.007526070654237993,0.005873735653481538,0.005186439577947732
150002,0.003567855456682034,0.010299140007932694,0.004015829210619382,0.005580313425247729,0.0049378553646156065,0.006910526628510161,0.005074036884098243,0.004923912576950906
150004,0.0029457075381094655,0.01390876483157305,0.004883593612337089,0.0050874283891479966,0.005122354705189791,0.008656194249097082,0.005676021715661506,0.004033350790695389
150006,0.010448020356634835,0.025988279912869672,0.009760879783857812,0.011117506807769795,0.009536294970339476,0.01865695944638901,0.010688492411086381,0.007344073324460576
150008,0.0077478136522382,0.02405738374953703,0.00973787415387145,0.010210684784116353,0.011889152819577531,0.016182317415802894,0.011394624859518088,0.0075736556561838975
150010,0.01106249130860043,0.030019054571088555,0.014241461818878032,0.01487386158295495,0.014986170689192058,0.01930596931143591,0.01509653296689889,0.013011301600045266
150012,0.005930672947503324,0.018708432436259415,0.006069331697557134,0.007873040658612496,0.0056916394437236395,0.011497344609445515,0.006900549806722944,0.007351396151486833
150014,0.005463653717579009,0.02437937375151833,0.007343949456633858,0.008005379361606169,0.011157332348741777,0.011868796500896173,0.008579857068426178,0.007940921750831942
150016,0.0045485931926859124,0.014778081642320195,0.00545611804759899,0.006109150262267937,0.006262591254950545,0.00950324501900468,0.007622995987408621,0.006007364564681927
150018,0.0050626730699934175,0.011261351147950904,0.0047269376628036874,0.005742257867129619,0.006014040858089098,0.007895548366290195,0.005797274855049217,0.00478777615591458
150020,0.0038019192075938874,0.021158991536218474,0.006097910350618463,0.007436149128467129,0.007130314982063679,0.012409747689597295,0.005963638433531537,0.006400939117547688
150022,0.00866112354658477,0.03175267194862741,0.010830222256848154,0.01380856995194879,0.012744011950368339,0.021545299900683546,0.011030729701296205,0.007373740963210418
150024,0.0065299603613411805,0.022000980838404738,0.0069405897179761755,0.007425345143818929,0.007892030701628139,0.013498641334532602,0.007277457482363303,0.008581438916510697
150026,0.009529075846442803,0.01030313119471793,0.010687668227902736,0.005548093507350638,0.0073281246843897585,0.011050843217073114,0.012071689042948641,0.007733993980781284
150028,0.00905580279545598,0.026187712025747212,0.011095130444270185,0.013613265275085107,0.016512215441721878,0.01348248821432968,0.013247014401773782,0.010770567052432511
150030,0.005538621049994141,0.009665543400727339,0.004506749923349818,0.009304642215877179,0.006962178613672487,0.007611135329832541,0.005760528887961913,0.005259056780320626
150032,0.004252564638164424,0.020464973737693848,0.005874032584896549,0.006544389050579247,0.007616660050885571,0.008548271391989326,0.007999182289565587,0.005289734878808405
150034,0.004683136897183582,0.014425974842391887,0.006345004338838278,0.006086090229005026,0.007803840955880548,0.012504018416686913,0.007374292468194599,0.005569752511065895
150036,0.008277264289500375,0.02377399208529618,0.011183152736667035,0.00791148497361066,0.010873670939929525,0.015207099828694004,0.0122890057314331,0.006967542206127497
150038,0.00552222594668722,0.026677366684801918,0.006537317292388212,0.006988566276888486,0.008888337125100065,0.015437378011989245,0.0061166380207853255,0.007710260224813803
150040,0.0034575237584990592,0.0161791216378413,0.005802027416180522,0.004288391668075209,0.004971932228725662,0.009204059259676711,0.005671727291540529,0.005622349842680174
150042,0.0066230467317263675,0.013741647933521117,0.007311244118391791,0.01409229142286389,0.00911943030119039,0.008166797391051583,0.010999302870694727,0.008325075455843711
150044,0.007677881552586863,0.02467574918291171,0.007186410424742162,0.00950543716946367,0.010073481287455055,0.016152850893652593,0.011113082826758935,0.011286636143925721
150046,0.00975041530153714,0.028831604261814414,0.012654122091872166,0.011413239686686227,0.013394344041357309,0.02411537983953793,0.013113580926367385,0.009930960602773153
150048,0.004581990559388238,0.018914898207098796,0.005818599421882675,0.005482938231971213,0.008340439327501115,0.0093668274141534,0.0071461326718736395,0.005907647919041248
150050,0.004805858527939799,0.02714838430320854,0.006588247191739394,0.007584249023950884,0.007374737781931151,0.015254674852241357,0.008102304825208018,0.005473201881793566
150052,0.007407621860583413,0.026162123701411133,0.009046654597931969,0.009544812452052298,0.009802656630180318,0.01984750709324601,0.011725575590652904,0.009512940914662649
150054,0.004876056226486236,0.018629309200106414,0.0061015064619172055,0.0068769237455584276,0.008550705987025398,0.012891007037070301,0.0061872860249572725,0.0060671772795229395
150056,0.0068359851707819885,0.019812334337571125,0.006109181708950695,0.007305609701231897,0.009629706516802783,0.012701256504161984,0.0071106944247057435,0.0064236380525018455
150058,0.005348749435423683,0.02974893474244311,0.010084170046753549,0.008215209996143058,0.012465008225626129,0.012199465739940685,0.00798113662191341,0.00690292293605449
150060,0.004130633495151637,0.01605893938872449,0.0059230006075453034,0.005758528374792071,0.006984619204768949,0.009917095887404026,0.005774012282703467,0.004496633068834521
150062,0.011505951900624645,0.026315169256705184,0.010224795348804605,0.013076700880383152,0.018502840249079222,0.018374479095379037,0.017068943263809366,0.012158914454318881
150064,0.010510937835050749,0.03265555039257961,0.01459323664975637,0.018486069156781193,0.010779756545518604,0.012705372945696125,0.016714489924361864,0.02061817889964268
150066,0.007822938513337485,0.030466718232162515,0.008331960581895947,0.008613522764538084,0.007448414113476132,0.015204775394582981,0.00808252207946314,0.008203978126530842
150068,0.004450725481528528,0.02212836006805241,0.006157746561656963,0.006754739205989901,0.010806572450698992,0.01311503311270329,0.008372211670561791,0.00584234562691055
150070,0.010273976608268731,0.029801548073209227,0.010687665146903724,0.012834186188320162,0.013671438469442743,0.01960165244247336,0.012294963132415626,0.010092148794873579
150072,0.004982733078952306,0.016512636699794747,0.005189757171768561,0.006811946061892338,0.008622085431583493,0.008794387211726262,0.0069164564485691415,0.005433113870936757
150074,0.00934783502308556,0.020708635841871548,0.007448549147524242,0.009196759819697642,0.00861788103165445,0.015187833526431105,0.012870651893349072,0.00566711254210045
150076,0.004492207585915509,0.017895542189027225,0.005638200180177799,0.007130707568275219,0.006220833938815673,0.012592224037378197,0.005048387752322248,0.005455878101490674
150078,0.004680954912404056,0.018464534852995707,0.007368464960606724,0.007215169625765461,0.007652149675065667,0.009468825583454965,0.009894658270263257,0.005534021985468485
150080,0.008571007759581528,0.02471055437583325,0.00844414587872766,0.010124827027340688,0.009180781776312374,0.01672102136216247,0.01012440420444799,0.008360389254691292
150082,0.009780777762458115,0.02955484738393821,0.01004707767994445,0.009055547552928866,0.008599831345464048,0.014643841571029326,0.010550277965080623,0.008555311584872494
150084,0.010036578785000083,0.04017209164808211,0.013214984475109992,0.034174775437263216,0.016391414351809352,0.02721200215422237,0.017561626792294227,0.01154070461502088
150086,0.007007243091459225,0.01751870319320248,0.009691435286605987,0.011177031575371699,0.008146649541013185,0.009875873787277778,0.006400974883008281,0.007007357849548923
150088,0.007690264503651401,0.023111976449744276,0.007924577450114934,0.010396329996660347,0.00998625572246703,0.01656201084714959,0.011725089911797382,0.00772036078112498
150090,0.005121607126163719,0.019334887833512227,0.005649429428002117,0.00541450604679522,0.006601281131821901,0.009895372726102858,0.0076694778068855385,0.00534379200108287
150092,0.010691818736750014,0.033181550815344574,0.01145356705222872,0.016332235105068982,0.013607184309237574,0.019904430297263076,0.016324359732821314,0.013872398673626885
150094,0.0032998626400116415,0.015165144064028857,0.005712842220985392,0.007582864434553471,0.006329489585079395,0.008760721024273721,0.006194191707873886,0.004430953715637509
150096,0.012325410353206445,0.03006618531052241,0.013194044688874307,0.010526185320701098,0.012443343394025419,0.015561256509792953,0.012370868371601118,0.013213432556689553
150098,0.008353684423134888,0.02272047593395521,0.010029791993937442,0.010142653589555961,0.01050238440135609,0.014997645093597856,0.009698718575013032,0.008773890823333075
150100,0.007367678327630467,0.022302499023286515,0.008296953967109,0.011212456652673675,0.011235429534046881,0.01536138177533758,0.00787792291256384,0.008005072717410577
150102,0.004413223387468579,0.014299943196542708,0.005031892045021857,0.0073337294926256735,0.005675764633050806,0.007081990164367946,0.006344562797409525,0.006408384063050276
150104,0.007275422451880564,0.01908216774579885,0.00951255722768446,0.012136739258284346,0.01150555390620639,0.013160815574089435,0.006986849804961004,0.007033416007264037
150106,0.0059104176309970335,0.020842375518498102,0.009093759029071613,0.005884624235912794,0.008468543827801212,0.01221632342807194,0.00686339812205361,0.005433570798101306
150108,0.006990160866380046,0.02381842970177872,0.00785596600800359,0.01064363843420324,0.011916865013073485,0.014871437373653651,0.009842452916054845,0.007785146704797852
150110,0.004544659535563378,0.016389613456810004,0.007515184725495561,0.006961507221950269,0.008121788107637917,0.009353323481001097,0.00691132686946766,0.005646327422616226
150112,0.0050536384361482,0.01403283327783772,0.005543587034367248,0.007693807496547189,0.008300072003969428,0.012020412196124541,0.00679174093696866,0.005275137912708561
150114,0.003900964670775553,0.018801377741191283,0.006692077237458405,0.006885779234360678,0.006746908391497053,0.01249042203341233,0.007042974403619562,0.005089787111918265
150116,0.005250626982380491,0.01702794085617776,0.007313468928913602,0.006393797565939829,0.008768531855876616,0.012556584323740516,0.006318518910703119,0.006279541114434517
150118,0.0067955717174844055,0.01995199592050856,0.006280357088248645,0.007223324539054943,0.007166389851283095,0.014418403398167356,0.010163283783595711,0.006863241341949211
150120,0.007044635220856188,0.02463450366764186,0.008817837338140289,0.008619155109725662,0.00994837051218056,0.014264627847762557,0.010101827502508043,0.009567591937482911
150122,0.010079042624531687,0.02512499479065866,0.010005132916440174,0.013515025861592866,0.013164231316991959,0.020500294149176312,0.012409005691793595,0.009406556520932308
150124,0.007360231059008238,0.02291987993886324,0.007418859592289773,0.008850738194357888,0.009023404451205475,0.015981754224878353,0.010794530431573135,0.007277983763911644
150126,0.006243657779112732,0.024689065172678548,0.008415658422773697,0.01301337705573774,0.010774840352139103,0.01243608885884534,0.01144002531677174,0.009656503626418678
150128,0.00991336119626851,0.02946458445097222,0.011891700616981693,0.01304463597310429,0.011056386028421239,0.01823526234212758,0.015115384045666369,0.01132558650262272
150130,0.007757748459713554,0.025365638185522954,0.010698691803205984,0.01045398578698098,0.009659271351737608,0.013402062603942222,0.008893406551383265,0.009777958792274666
150132,0.00838244478438327,0.017577617651988398,0.00701799326460506,0.008636942542662729,0.007551960195622043,0.01604748302910708,0.00857419618590699,0.005670215762690278
150134,0.004652025551115324,0.019822441054632378,0.006184755687510313,0.006440040171702188,0.008696072277208922,0.011306756528718653,0.007928296073594021,0.00557862046921187
150136,0.0065932288447215215,0.01832091032616745,0.007269612551132065,0.009245148385108815,0.008635499597898166,0.01049192950585387,0.009371194813026174,0.007453767543254275
150138,0.007495180568379889,0.027275773208510268,0.010070623435113113,0.010452739547730738,0.011582781429080369,0.011939981521935705,0.009739662311099073,0.008511310150841
150140,0.004483208506446401,0.015787631310449024,0.0051958391387732505,0.006182626573425998,0.006640462661773816,0.011130938100482268,0.006043449476927698,0.004366007651612769
150142,0.004262475248682174,0.016091287697136636,0.0059031362140472,0.006269050362606388,0.008134609868516718,0.012005409453488325,0.005882624002767012,0.004475859222200285
150144,0.006851127782340427,0.01738283615049241,0.008025168983473385,0.009413201393064563,0.009663165875899493,0.010881564359952967,0.009025486750013023,0.007274399324206593
150146,0.007765212934345067,0.021234623864224922,0.006983627941217263,0.0077584125815663985,0.011262312601289182,0.013905884643394595,0.010106389961925866,0.008674375123647105
150148,0.005286062620344589,0.028040703817655555,0.007810886381873994,0.01505250510503231,0.009334513234052544,0.01121602133839078,0.008759535544165198,0.008243138612784584
150150,0.005282734959083379,0.020256905846897988,0.007405027577472245,0.0074721152306125305,0.007682508316948999,0.016029596782481725,0.008136531854276152,0.007046455091026582
150152,0.0044971906543702644,0.01829192622523479,0.006075532425654784,0.0049978954474805826,0.007242206995386802,0.009078072356860645,0.005707243730968481,0.004385867035326341
150154,0.008956990810582488,0.03079146040488312,0.012813908021463982,0.007570021162855989,0.012506161329440602,0.015103646754575317,0.0110460488195665,0.008636434313240793
150156,0.0061200962631096645,0.02805172892844454,0.01032302454082501,0.015302477173495532,0.014068237157389751,0.014522170942534496,0.016295684763690588,0.0109080116099603
150158,0.004541924562353972,0.016630619717272532,0.005556719832722712,0.004386243030375603,0.005468714914414419,0.009546606090570009,0.004545345667894607,0.004208316981664295
150160,0.006228342769767858,0.02217903478619143,0.010273839163144283,0.014710616657481745,0.009263570104376895,0.01398642588712612,0.015223675527199776,0.013041067316009958
150162,0.006509069690612046,0.021031969683705576,0.007066520491065875,0.007936130190897617,0.008518348863092662,0.01317537573701838,0.008848058008780413,0.0088755884592564
150164,0.005872454366297186,0.02580945186736816,0.008721418484825494,0.009629547130374227,0.012059591463371933,0.012709513572837006,0.01327827434012363,0.008600201688812925
150166,0.006071024391150426,0.019299890932350516,0.0069594845392737525,0.005362991673121764,0.007396479791077548,0.011755448823479675,0.008385883137945138,0.006875520048515382
150168,0.0042647841617760585,0.011573537870825712,0.005304376973981562,0.00581885062573978,0.006229129536880151,0.00808650938982769,0.0069385725590987435,0.005292136785395807
150170,0.005295797055678231,0.01403473092707963,0.005984513762948007,0.007263695751896171,0.007401814528080808,0.008695455317291101,0.007413237737242895,0.0063478367413628
150172,0.00515583288217375,0.015641962122359132,0.007607516547726567,0.013308507014100857,0.011595682075982217,0.01030840909650671,0.009478231171646867,0.010095572646449336
150174,0.006094864377763409,0.018099253180313468,0.007028861614553572,0.008091678546391423,0.009309693835517996,0.013509353103317245,0.00750251766541471,0.006995537717222666
150176,0.006440120291630935,0.027713354406852853,0.008476473022371644,0.010259026159091855,0.008478230538602693,0.014102208025690288,0.0092117334384057,0.007766409211749592
150178,0.004556815655203439,0.021356767264242515,0.005524136256701562,0.006123434212842227,0.007293585077604803,0.011408731779758485,0.007017551365612329,0.004609199240222461
150180,0.0052459138250787185,0.02051734892171453,0.00809374291782744,0.008012681894437046,0.010867754696164411,0.016024767432690545,0.007902335688015683,0.005520544039987252
150182,0.004404380947463871,0.010552097886540546,0.004355199439594948,0.005265860417953905,0.004956662450020188,0.008090222920687451,0.004642406757471795,0.003878079106346688
150184,0.008160301227776223,0.0220004194388288,0.007413652149572736,0.00834004059925153,0.011456571743619082,0.014952528171531532,0.00810062561051006,0.008062198880352867
150186,0.005167206454721518,0.018109069545889867,0.008307715503475033,0.007745876503166882,0.009550250665704196,0.01391192125577373,0.008295507136382663,0.0074593558372006985
150188,0.005494183063711411,0.027406119496199643,0.005954631572624436,0.00721881414194514,0.008042081664025924,0.01569214210096348,0.007028516815261787,0.006083915404136997
150190,0.0076446459485959295,0.024115856530077195,0.011060643562675665,0.010550282556779145,0.011411192553613392,0.014873112855547321,0.012573745369293343,0.009140586869059497
150192,0.006481546646600833,0.02177570401603024,0.009167954840737735,0.010909063693136878,0.008899496550145936,0.014472915188724012,0.008169020816811923,0.007645466774413245
150194,0.005097112307661578,0.016490807293166654,0.005947643583303963,0.006229777569231543,0.007364706129489085,0.00993349708215746,0.006842845592463009,0.00568112977284102
150196,0.009977702722574533,0.036792538343466186,0.011176421914399493,0.01309505767791036,0.012062301474907111,0.016345880596645657,0.012632422422280465,0.012774843118086798
150198,0.005670122631272534,0.017137742609741657,0.007734025431727132,0.0064704209473076535,0.007605418984035828,0.013244469376162193,0.007672364688638744,0.006273919303655617
150200,0.006388494040923343,0.02014658645858014,0.0077735533384180044,0.00958473594599557,0.007127246387314878,0.018403641703934603,0.010342280893398448,0.007150026832025702
150202,0.004675217904335727,0.012759846206275904,0.005164307273620494,0.006053952712681332,0.00624453971458655,0.007630590613040555,0.006081564333835721,0.006558109606262852
150204,0.00403186136878203,0.020078269103782853,0.008433197784194713,0.0075534986637949,0.0069058982800671576,0.013864131743226926,0.007940802242978329,0.007514177167651737
150206,0.00453645307097178,0.017402071252100804,0.006265151616824893,0.008697641177024595,0.00581601949706112,0.008845341791350103,0.0075362516746955155,0.005697960256312806
150208,0.005766240573328085,0.024139525740489498,0.008158809831261493,0.011907498825705298,0.008271971128371247,0.012396267374193748,0.007449674478859303,0.01111552878982952
150210,0.00820813703236839,0.041863229691900594,0.01520789183061666,0.021274153271463092,0.01590056831403097,0.018771758651525694,0.02197462489046864,0.016644120126813045
150212,0.00439615497334267,0.01732493968762605,0.0053296655884180755,0.00663431739259096,0.008838495634794441,0.01053023860576574,0.00638068214278148,0.006650061378267458
150214,0.005868021186534955,0.03129790136089028,0.006561645796334725,0.009537463497467924,0.011332866528494856,0.012853661013689843,0.009538760166149851,0.0067847343504406354
150216,0.0033073589338229598,0.01428309301822056,0.0054469433178925275,0.006514603426953869,0.006094601468498162,0.008635603452660456,0.004997508839013287,0.005864547054637237
150218,0.006749203539631099,0.022671523902645596,0.008235078639551363,0.007552978053489368,0.009152104488983293,0.013499621251899185,0.00950387547242948,0.006833058185024221
150220,0.005343787643910025,0.01633148099785231,0.008703273150234614,0.00960501298213684,0.008431910159489908,0.012454587530809358,0.007068645111783456,0.007392156502229741
150222,0.0040964114330608314,0.014606111982576664,0.005316277101235001,0.006344324228998666,0.006118244052900401,0.009068231783758096,0.007178228406701237,0.005817959501717207
150224,0.010388514368756319,0.021870139149143597,0.006579782218995911,0.012538412150063183,0.009869104551190111,0.016935094890521363,0.01536930954438459,0.007131832538616101
150226,0.008729579329824766,0.01937109856687247,0.00792515846898928,0.008722085072819574,0.009178917196107028,0.009772503257408971,0.010298914685471283,0.009214601173078485
150228,0.006377856701429929,0.029883092457766658,0.009212521484608382,0.009163177184464077,0.011166770377553314,0.014582760165645858,0.009995497673998044,0.011073850733867074
150230,0.003330369213845552,0.010615041934505465,0.0043125672991256025,0.004870861205802157,0.005759408150673773,0.007722229264157443,0.004460834380005885,0.0039868577983173115
150232,0.009971676882742031,0.028537116356425196,0.011876312372855802,0.009944603188540013,0.012635469070523764,0.020187851061648,0.012394638217721132,0.008742714563163612
150234,0.0063931815674661,0.02827037113322306,0.008348436316759411,0.011680782245433508,0.009699464077933762,0.014758187624425156,0.0097089614736936,0.007646085680157955
150236,0.003770224877994943,0.017327571924624863,0.008108536339572814,0.009126125307137356,0.00853527484287847,0.010968919657168785,0.006972834449975318,0.005797011637334926
150238,0.005252886075237717,0.020109057566239708,0.011645942921362229,0.009719549131066929,0.01181727088052359,0.014122584710194508,0.009157344112547483,0.007025530157989124
150240,0.011487748705920675,0.03363358330048882,0.022733370369110384,0.02097022699541018,0.026240577230957962,0.020550330481589052,0.01808862579570225,0.013237130644797368
150242,0.004048187134459091,0.01855041046292527,0.0076395057149627466,0.00804901187802276,0.00854999775554749,0.010688074923670465,0.007597974579023392,0.0062769577438450685
150244,0.004782217224247098,0.017272916620161505,0.006166060847678845,0.010864812710133842,0.005990293885943743,0.00906604949797446,0.008548648889959765,0.0076953851815710905
150246,0.00805225011934163,0.021576190415455665,0.008984140649034522,0.009457594311502504,0.007625563109962208,0.014495149129933937,0.009363676538344523,0.008421790472957158
150248,0.007320580142402611,0.029633832313217034,0.009899486536857405,0.013100407418065174,0.010973616118033158,0.014335890971840792,0.0167947974785001,0.01349542828613104
150250,0.00846150790775152,0.02648763226716344,0.01676866039681446,0.016458117018772533,0.012670702177517923,0.018440236751653183,0.011191261718475565,0.010737008706642792
150252,0.0048003624073524875,0.01965400216588642,0.005260309296471144,0.006586412511438988,0.00612516825380377,0.010905090633184011,0.006328494983014965,0.005352107631806158
150254,0.004028092676176043,0.015615073678365343,0.004269917967204828,0.00485507367581578,0.0059387613497086655,0.009888155240279417,0.004646046283272531,0.004281370630314696
150256,0.007455189187788314,0.024829630582673623,0.00880382363614296,0.010922275076863885,0.012672728482212625,0.02151379330306491,0.01111787603632669,0.010395252799683341
150258,0.005223819627886428,0.01951608042088626,0.007049726445061744,0.009233476413171238,0.009925324481697972,0.012287068152612213,0.008065805116754865,0.006582238568171528
150260,0.0038618698012116703,0.016970285660194984,0.005286188294748806,0.0068591965406819,0.006526344842827436,0.010766967188548193,0.007657518439373234,0.004919640041489759
150262,0.007030385828679597,0.019816772752714096,0.008720579371648052,0.008683835827323405,0.011737299475683693,0.0168726379014148,0.008437555364564142,0.0070243274301522995
150264,0.005187136066608977,0.017981688352613823,0.005395929047630199,0.005705048773186283,0.007716479196935078,0.010979612628821356,0.005826266422457815,0.0051490312201076804
150266,0.004548076646154142,0.016869227578028223,0.005864729637794719,0.006090054966128078,0.006200061633359566,0.010371336402326181,0.006479383833803143,0.005585761343516404
150268,0.010687866953277059,0.026745898831226356,0.009379563214597875,0.010057898878600646,0.011777672501962988,0.016313361002408877,0.010162232248081493,0.008103379238356967
150270,0.0050816800312283306,0.021479317728323233,0.009705580337816822,0.009268168715812541,0.012406834604171912,0.013084306931370693,0.008343233414303208,0.008057758764404233
150272,0.008319357920151482,0.019081780764823586,0.00800016854183433,0.014578528164421733,0.011266481482224755,0.013960055321607712,0.01305722632161338,0.008782552364194951
150274,0.006511420219199648,0.02081564388302959,0.007033692192082663,0.007744398557068877,0.009569378968880216,0.015383387665047543,0.007739133127277142,0.006385640673675974
150276,0.005900607435999072,0.015242977420421022,0.006232302982361881,0.007356295400051671,0.006729364339044752,0.009920571547570811,0.007262792819908492,0.007678681962777711
150278,0.005902892356257405,0.01938600065278795,0.00707606123656751,0.006517407266131203,0.007856313368526324,0.013833039218945409,0.007918257924682814,0.006168628320415925
150280,0.0070009590265540655,0.023297768668115504,0.006068629380268087,0.007784356541296944,0.00889354707712986,0.013497858811224228,0.0068155475681802025,0.005884250452231621
150282,0.0040091190222649176,0.01886421828665963,0.007034854477210806,0.00818747169432843,0.006715976136952018,0.010377202487552362,0.00725535814774525,0.005214918817459058
150284,0.004451618239281141,0.020203385945354535,0.007280428553037288,0.007640175176107711,0.00881316439956864,0.010622656637040484,0.008827644740194707,0.007671620729541084
150286,0.005098453916391188,0.014340089394701216,0.004756571391829889,0.004721058887659224,0.00578169065046602,0.009998273327982199,0.005630041894111315,0.004338378173837976
150288,0.004023441944841721,0.018859998369841202,0.007175225251614459,0.007453458787699818,0.00807285131200347,0.009988833506598349,0.0067430803410852835,0.006875342125319206
150290,0.00412064022499653,0.009648710730312315,0.005093265072354747,0.007884141645531584,0.006884565037791612,0.007204842380568233,0.0065100218740801186,0.004139588986618037
150292,0.006510558109057207,0.016896543059718994,0.0066678388611643435,0.009152577775678461,0.007674229965720036,0.011668576366039796,0.007847202649813534,0.005729003358006857
150294,0.005410512317723715,0.01578161801175093,0.00528586761129568,0.006629492522459979,0.005872728426671581,0.009908606677899778,0.008459154570928717,0.006149964900728833
150296,0.00440812481691083,0.01537041981694487,0.005175260311836516,0.006557932218422602,0.007801679644216242,0.010248113864912478,0.006140059380200569,0.00512164018485356
150298,0.004801911164808104,0.016426803676839796,0.00476485827464318,0.005484713720977974,0.00799012494100243,0.011814651704648904,0.006314352596842321,0.006688153879857106
150300,0.0038311148231129494,0.013810103899928095,0.004828904709979709,0.0054721722847261844,0.005798621670217108,0.00888008132684548,0.007617021587551287,0.004988903037790371
150302,0.006010215312338085,0.01914329817742555,0.007490838842828806,0.009813586040189115,0.009807462400214517,0.012183122978827454,0.012097395435080094,0.006288693447933591
150304,0.0060622070944624795,0.01820666377639757,0.006130566692010897,0.006709628795642297,0.007025998537803224,0.011891866363258397,0.007804076585904207,0.005262972604615834
150306,0.004811857036492173,0.01880975178549793,0.009173992531364361,0.010548505644082662,0.009836080861280516,0.01754636957819944,0.010195670635404552,0.008857485311076552
150308,0.005658765215910633,0.024558602861660894,0.009368465790588809,0.011750266479837457,0.013415395510002703,0.015899576218292077,0.008059231532629108,0.006982896991678311
150310,0.007165876449989561,0.025594453539895534,0.009436361843989438,0.008264079940714153,0.008745119556723913,0.020429671000457228,0.008157062863217712,0.007153007065864581
150312,0.009818276366708789,0.02063793271318648,0.008976739773914277,0.008449176059209196,0.012221610830800922,0.017869944245722857,0.008918536129860266,0.008675925409516394
150314,0.003894603192425239,0.011906850045835304,0.005669707476425367,0.006739617919437002,0.006060319584551055,0.008831877588795722,0.005898255437632172,0.005206650283430536
150316,0.006363025673664036,0.020305956460106245,0.009308131050895563,0.009123390931620179,0.009360216232968954,0.014052845367373834,0.007860565525033059,0.006720911775019767
150318,0.006538507702504026,0.020052065970507016,0.0080753457917917,0.00707373372370057,0.009133341128182482,0.01303922446682787,0.010162917242182934,0.00537036231396254
150320,0.008949554609323729,0.019154375308901628,0.009376929651059795,0.007868329105776617,0.00926741558995503,0.011921729271300807,0.010337150373686266,0.00677987716619205
150322,0.006029749775771587,0.019387199872556105,0.008151761193669893,0.010301118112243712,0.007054487840139123,0.011318521246693969,0.008071951626418772,0.006669743260445671
150324,0.005384184973701578,0.022093196007632265,0.006416414615741994,0.0058304824092552665,0.005846274607899604,0.017711993363819012,0.006825475084465404,0.005631477610422486
150326,0.005498104792059033,0.020743753742122673,0.007220091649338178,0.006617711979930496,0.008850596605363636,0.011121733662950106,0.007921935276816117,0.00675939871107567
150328,0.005597053100395932,0.020870325500127684,0.006111724499295923,0.008568364754017788,0.010564736049830437,0.01544194582328573,0.008986722705742523,0.008762820218153833
150330,0.00395549705351167,0.014524194776737664,0.005312777021369064,0.006092822908312423,0.008744376843808688,0.008698898900406427,0.007768138789938428,0.005052867289443486
150332,0.007643819955671427,0.022108029305166532,0.008262803938273111,0.009826645557552638,0.01054358892163898,0.021655945316638503,0.0095963445985634,0.006838965771963024
150334,0.006391354001964944,0.0208984923919866,0.008928890760767638,0.01123614031263287,0.00815817185668899,0.012458371078111208,0.010596223430792195,0.0077590714815336526
150336,0.0047498300028375184,0.01664430083572288,0.006099537197821414,0.007056026095414447,0.008252131099285853,0.011342797461737997,0.007237348428085433,0.007129987835143015
150338,0.004439659943398289,0.023186553510529118,0.005859611539790421,0.008480963900003913,0.007327236889536126,0.00996368195032482,0.005965305966797507,0.005255963412853504
150340,0.007615477963913764,0.02400612475414321,0.010700100592177242,0.013014033212937426,0.007832902891174776,0.012391707001126184,0.00876997749938152,0.008757626392481621
150342,0.007158337750807542,0.023536928653705935,0.007551347700980537,0.009830186590044365,0.011219518720899713,0.016123517182748737,0.009896926237767056,0.007663108229977178
150344,0.007037858116609508,0.032968165782332415,0.009838309589431882,0.01266190271598,0.00944195007039994,0.0197484729272015,0.01092291047091859,0.009771841860718722
150346,0.010916059157135616,0.0447391287100487,0.013902112206261086,0.018609903211391776,0.01599947051936912,0.01942363813597936,0.015607023197352854,0.009686649232452604
150348,0.005568485918036936,0.02184791861499691,0.0072856284318343345,0.007728349571964943,0.007457645542854385,0.011784845646553244,0.01012822042579331,0.009476741340197714
150350,0.006850178103370519,0.023975520191099386,0.008698030297196235,0.007724445025427906,0.01289547054093726,0.01510592315424747,0.008798078150712207,0.00842172346636283
150352,0.0076499026018874705,0.02268027508995374,0.007714218771233627,0.008576697949689072,0.0076499130283791406,0.01577545987396789,0.013349764843885448,0.007091708239201966
150354,0.005283848395754243,0.02332514749403547,0.007509124896455666,0.0070680926295649815,0.008931583160203482,0.011906048444993766,0.0078113196654166495,0.006641261682858224
150356,0.0070865893313177275,0.020460011445244897,0.008271073966452713,0.010069152046043861,0.009414508383148723,0.01254458657568952,0.008859105169922776,0.007625146720124043
150358,0.005633334025848313,0.022054377441096173,0.008332417605834641,0.013235982008803271,0.010572610014381922,0.013810265004431166,0.00998593557030919,0.007718331500692399
150360,0.00533347810583451,0.02597420973933695,0.00810276892002637,0.01183995662193299,0.010564128007666318,0.012181552294898701,0.010304235373056692,0.008017423121092548
150362,0.0042419046476362965,0.013430657022625248,0.006512273968888371,0.005094260512884752,0.006534282718933193,0.007833596599399195,0.007362527239575256,0.005554568453641773
150364,0.009936088843176316,0.02436448545399017,0.009133131789349713,0.012819532395017319,0.010712166951996116,0.018243038400820533,0.010865502347995326,0.007188358429093322
150366,0.006061898483317174,0.02149399159293708,0.007481415463949981,0.007784819327699921,0.010759489498311015,0.014495441559480904,0.009308378327306466,0.008381427057824242
150368,0.006974600222184935,0.021275735560099207,0.007738562900603763,0.007991648795944217,0.009151873552327494,0.015462206382474086,0.01023750891679548,0.007405561016276485
150370,0.006153730624271825,0.018135383947021078,0.006937095564090223,0.008815420966465704,0.008794205549758571,0.011637847649738353,0.009647074372987119,0.006535927011311282
150372,0.006272055760503437,0.022857478232909623,0.0071449108474009315,0.009999973475950663,0.009136804823575206,0.016601799774758286,0.0098982619402182,0.007516249193304569
150374,0.005234981110940007,0.01677065181233761,0.006762197145843141,0.006272926717086291,0.008510977468734249,0.009671483363228539,0.007777179854678629,0.005550987448212086
150376,0.007641434728227703,0.02154313458776458,0.008211330156397745,0.007330863666258125,0.011861365774819055,0.014167143815850602,0.009488222013997794,0.007181134958216484
150378,0.006040063916732896,0.016457528233392082,0.007028019619579828,0.007003437896253795,0.0065993126908816535,0.0111794357235811,0.006119780353435411,0.00565503759571101
150380,0.004082192350659319,0.013703772321517482,0.005116680441875909,0.0074992499815698666,0.0072680931087721334,0.007484469128794802,0.006784270400725989,0.005974430312286394
150382,0.005607712384492258,0.02493145179056544,0.00982547126336325,0.007112155855143243,0.008829782741011594,0.015999021932217028,0.00880866471920072,0.00525714317181869
150384,0.00659040511235226,0.023308418881534898,0.00979257970089109,0.014417390682558429,0.009172282768478424,0.013546190951974568,0.010736889815010864,0.009277294728384844
150386,0.006383286768347818,0.02135652336825644,0.007854662483958386,0.00590058225397172,0.009114808992736256,0.015634802775803758,0.007479747748043941,0.006287542543109481
150388,0.006219572918369443,0.02122877882317553,0.006221207686112118,0.006211115752311258,0.00775008161786378,0.01469763030108201,0.006342871551020757,0.005279890163159495
150390,0.012974664205330555,0.03247871952186032,0.012848047736967239,0.013250063952528146,0.014827575917198743,0.023440093294741837,0.015351886660977476,0.009914330041418895
150392,0.006668795285855789,0.028258431415938645,0.009894978438155455,0.010574808814232173,0.01007693039215557,0.016303134634321204,0.01111012980678816,0.009048213703465535
150394,0.00518017864675735,0.020642205745961206,0.00826474507233943,0.008557255072603243,0.00782954556652471,0.015111364865668442,0.0082558296580309,0.006391847204463785
150396,0.0050456851064526465,0.015060040073831493,0.005301364695672106,0.005398197285577888,0.008744740532308504,0.007944045208239325,0.007384851813201587,0.0059404506684623826
150398,0.010950514982600856,0.038152688862674644,0.01583735411382592,0.016782471520858877,0.013293601996999804,0.02033915876522152,0.014049524630710408,0.015397812454542914
150400,0.005170404315358645,0.016373657730046398,0.006506110191267567,0.011000712559156023,0.007540284344822512,0.010476363687988766,0.008636777747288216,0.007122896883519303
150402,0.0070768672443657366,0.01979382672495067,0.010022955284325674,0.008598899994823661,0.01007929096100929,0.01474320805475099,0.011006689891275068,0.01016692401872299
150404,0.0038044449520422408,0.01250293869818031,0.004943198080092692,0.004560507015870741,0.007266218163049454,0.010533679388174733,0.0047618758112003,0.005372463523909465
150406,0.006898964234093585,0.021465434812669493,0.011683787599527096,0.009399032739736635,0.010395307493812567,0.0166208745356331,0.011624096163798336,0.00802843446950896
150408,0.005866996187823048,0.02122233544595531,0.00822820122784429,0.008556944926781718,0.008845933212882962,0.014648447345423643,0.008099574178093372,0.007518705249438762
150410,0.004628831051300075,0.017706920849569707,0.0071308208163061715,0.0074496191748762985,0.00909832240884173,0.012375066853054228,0.010087480297954698,0.005455404828763
150412,0.0048680827883487154,0.013152240559724027,0.004868816829084688,0.005798502526932703,0.0063412861381175745,0.010155024685957414,0.00557669074586209,0.004648214022031694
150414,0.008795621165360368,0.03767923825109065,0.012352105744320108,0.010192314095354371,0.015302764732930463,0.017001051686097668,0.011920185290517304,0.010698499142339557
150416,0.010938377422571366,0.025918993903113696,0.014250509308525672,0.01103885525975934,0.014249507842846454,0.02146231734185733,0.015034723768801384,0.01084155802443676
150418,0.006355546544821122,0.02709959137201512,0.007197465248354684,0.00933870605273146,0.010713894357539167,0.010896106063924604,0.00880147908384249,0.006784022476429785
150420,0.006751204003009603,0.03406682733036437,0.009001192189440899,0.012241983782344035,0.013749803136771155,0.01569248929845224,0.013025513539667577,0.012790381368233739
150422,0.005706813711117198,0.022687286233456838,0.007987481184335232,0.00611058524516489,0.008961294050280566,0.013191734093809027,0.00830626094434539,0.005825498699110421
150424,0.0047412196566135045,0.01674456052829698,0.006034855968185815,0.007001616108728792,0.007790747365207018,0.010316831728427955,0.008216032537248452,0.006378178013267066
150426,0.004973292990790634,0.016749809559346573,0.0070834825037877636,0.007137322760549181,0.005981523906988306,0.011461277333314757,0.007810125201590523,0.006414291340295364
150428,0.006111746633096438,0.01484758199789682,0.007553150293221345,0.006731486562408018,0.006309610025177825,0.0108662292872721,0.014252138766611466,0.005985074011807312
150430,0.005264911060587407,0.025514611422309486,0.0073507279662959335,0.009040656129506497,0.009535111964122989,0.014111552815165851,0.008046089730534556,0.006857846481873375
150432,0.006260813107968,0.019649222745546036,0.008284034682370989,0.008972202756801162,0.00954078611450826,0.01265033742565086,0.007487663962473745,0.008521966289230187
150434,0.007867558523009743,0.022520341998486737,0.008909269075645876,0.009066116182921746,0.008154063305969628,0.013038150807720195,0.010045197300906361,0.010168345434778736
150436,0.007241319348342046,0.019163178262434855,0.009930519573547514,0.008310470143587045,0.008045222278361186,0.01641510608934582,0.009008143486168907,0.006435787356129874
150438,0.005173047983995593,0.016551818017124242,0.005460075717977908,0.006941016772593622,0.006799128345903682,0.012086852720323782,0.008038647736636817,0.0046304877620271245
150440,0.007559564707229294,0.024819497481903596,0.008959994929989057,0.012997703898008695,0.011226494596372483,0.017917819284392955,0.012749511599276231,0.008686835453710684
150442,0.008356488900487735,0.018211107571952434,0.010402830826468146,0.009926120212122636,0.00861764448680824,0.011465476491952453,0.011646824165447933,0.008552742660429546
150444,0.0047251316497956,0.021218866674171943,0.005932555080899127,0.0074619364491806395,0.00944313162748145,0.011770514474346294,0.008551958553797201,0.006974356310814278
150446,0.004977010553746608,0.012199928228458001,0.004021765353004136,0.004970286953577541,0.006078518961436297,0.01037743473669478,0.006183116342663164,0.005058635366637587
150448,0.004349323723020826,0.014706277597202944,0.006136232475377534,0.006344037003330749,0.005887755569063735,0.01198593261853148,0.007830145506922348,0.005999856290955563
150450,0.003306265971083855,0.01565967186325512,0.004913091099239486,0.00528784712017899,0.005525979326767905,0.011754489163682047,0.005499184341407892,0.005575025042124315
150452,0.009575818621411492,0.03363300941647851,0.007820086689189987,0.016102899606924348,0.015247054543385596,0.016461806725376116,0.014110287193737359,0.010822499401573149
150454,0.005280526845750144,0.015513676842029922,0.0074660869575842725,0.007789292762044875,0.007187650952109659,0.009910721963969638,0.004980952455547971,0.0058484384464954076
150456,0.006538558309384046,0.04287161977210041,0.00967921068115718,0.010704201096568833,0.013362022701238152,0.02116630979193368,0.011783616271693553,0.010262783130010611
150458,0.005465509805226754,0.02062937513311902,0.008296568495187506,0.007897358475031035,0.008067097938067536,0.014910248430922979,0.008552334755129787,0.007279968296154904
150460,0.00799117990202497,0.023607869381089053,0.009253689677484411,0.008152322227906128,0.013117761938809203,0.014949534575102952,0.006260870881984959,0.00805978937371693
150462,0.007451414729964023,0.021905173838129066,0.009133969159075273,0.00933988401251562,0.010976477565440013,0.015969319867142673,0.011380982900181857,0.00914480573440507
150464,0.009147305311967335,0.025159893095114905,0.00926575738641433,0.012388638470085811,0.01142223428340916,0.015948443599127282,0.014449791937132306,0.008491653210074057
150466,0.009895218567473885,0.03077850814408123,0.009962694336051792,0.013704634056961373,0.013399902907238526,0.025293116191250853,0.010036014499803514,0.00860433128084126
150468,0.005626375163192421,0.024207774439667595,0.00840351030171238,0.009362275037617052,0.01031491719187727,0.012441169304474364,0.009560250243808355,0.010255957998515308
150470,0.009520292048709189,0.02998542345000388,0.011590620098351545,0.013485173673034867,0.009580463455011179,0.021066642504649957,0.011916653546100664,0.010091611391235489
150472,0.005422827115993345,0.016656575957804343,0.006425443949413856,0.006364227449896731,0.006718830304946133,0.011110503624856882,0.008102833304172385,0.007241766969266428
150474,0.005346589672694579,0.01940743036382231,0.006101663597744056,0.006754741655360164,0.00893425342988885,0.010883292933305866,0.006067841208103941,0.0053007115695289375
150476,0.0054263138594967675,0.030828057282992427,0.010753565772114948,0.007684245508954801,0.012179419287346394,0.01890785719889565,0.00809212759179534,0.007183053200370326
150478,0.003731747323171955,0.01626904202123658,0.007601999042048446,0.005378214464840048,0.006193318025866867,0.009974173910404227,0.005477904645330212,0.00448302392763722
150480,0.004359569720557899,0.014107320728755701,0.005543451679858313,0.005129593364529228,0.0077363831242627246,0.009948095555158132,0.006985584384481491,0.005246268911394347
150482,0.0052264618337588,0.019059503043209247,0.005248876843486849,0.004529225723277686,0.006248253004415005,0.012696813309819532,0.006889081104398065,0.004636561521922156
150484,0.008021922846418228,0.035791711645833724,0.013715345211888996,0.018184565459851365,0.013938314951143005,0.017874063866820444,0.014998712660849955,0.011612022712201908
150486,0.005827985168743943,0.016781517915129607,0.00682752006281323,0.009291184635363214,0.008951772174775607,0.01258911238642213,0.009900251577556196,0.006495260047761298
150488,0.00747352831810405,0.026782787647129602,0.010648798315927799,0.012935232813207576,0.010540330101535211,0.01835732615823127,0.011790226533561432,0.00949016565184918
150490,0.0044672022109217835,0.019816382588544457,0.008315514708900906,0.007968439097395807,0.009678202085233956,0.0137292799843714,0.009720480545223398,0.007218236831782798
150492,0.005005155295130459,0.021966616060532296,0.00817641241383621,0.009925976206305087,0.008245518539571395,0.01182904050588679,0.007840406065512617,0.0071478081267840055
150494,0.006639883462256968,0.02235307409421261,0.00927083144034585,0.013336337257634279,0.013229485439044453,0.012758415502958975,0.010702460598565944,0.0071768397323035416
150496,0.007750266585162757,0.013577615919132313,0.00837145360778302,0.010633233300662903,0.010191777040053973,0.013838428940560255,0.008627529570121917,0.0052599029418429755
150498,0.004708067908998581,0.013650926899291316,0.004840173227143085,0.005092395205041678,0.0075106150881221745,0.008533321464334387,0.006276969549631417,0.004716329847533063
150500,0.002866966296579898,0.01069433655005586,0.0036339190036347585,0.003965422330999557,0.0048489216902112275,0.007578440305593626,0.00456785393638115,0.003271523751662786
150502,0.0056787478230271304,0.023086747145272035,0.008581425112668184,0.009683656166047605,0.010335097613278776,0.016703911317620168,0.00844345576663219,0.0071509378481820485
150504,0.009868688582415075,0.033366547721591866,0.012169828818026085,0.009995871612433982,0.011487360609013564,0.019534349457350553,0.012238604146583898,0.012849316233661201
150506,0.0068724030190390195,0.019203270864478705,0.007364643469115473,0.007455961178259862,0.010031179912704025,0.011865124671774085,0.009602511495572452,0.00651582785223348
150508,0.004517834603364135,0.01532834989471099,0.00661287740005978,0.007092714673245182,0.006501836813947115,0.00954627850602302,0.005895788346246322,0.004590432940983158
150510,0.010230013964553086,0.0252762124900221,0.009859390046825178,0.010730171191714044,0.01172881747225768,0.01630520476781161,0.011941108299731662,0.010882839014061896
150512,0.012235178826118853,0.029002564346855886,0.011186819933521941,0.009971086153749698,0.018631212930447782,0.021568285168310775,0.013893887362295632,0.014152961931600316
150514,0.006335113697897354,0.017809925029027562,0.008395179771468975,0.008167352209119072,0.009133691455677495,0.019861616850235464,0.008447283231825031,0.007562276626017772
150516,0.007226194603943137,0.025121225238998512,0.008449332206391047,0.009790788166772535,0.011842766707197194,0.018512335619386144,0.011540677401487065,0.00945004289988649
150518,0.006317932606670296,0.015996281540552104,0.0069180861695992135,0.009331362040677915,0.007887689313632373,0.012630193359355835,0.008975400006417056,0.006645093523182988
150520,0.00863267498787229,0.023433888321104712,0.01120556085487806,0.011976878519988965,0.012275970901174438,0.01566355070148351,0.011545763688012523,0.00826542648748202
150522,0.0063586997435299275,0.02948303434860322,0.008900976848519315,0.009052056763441618,0.013690734466773657,0.016293820659961433,0.010100364318575084,0.007433124608544839
150524,0.004267148209979865,0.0210597696645074,0.005116654860437608,0.005489213869655174,0.0065890394365644145,0.009251585516596217,0.005787006990756405,0.005113334080165954
150526,0.004696131240359058,0.01854478907264423,0.007369057201431828,0.006267110865163739,0.008587225084259131,0.01342599305402642,0.006940401023609377,0.007743047939954062
150528,0.007578376742474691,0.02971789048272222,0.0094601217811352,0.013255059250477652,0.013878998543664034,0.02051747271850446,0.01142195080959163,0.012477776810593755
150530,0.012053146590487396,0.036317656343204385,0.014716621194001078,0.019442778075371203,0.01994905771130462,0.026326115743860123,0.020643160602320743,0.022008452113025934
150532,0.006136179948377285,0.02452156206809164,0.011226464598150854,0.012939492086161408,0.010909359406122088,0.017953892382482906,0.012192295820878718,0.011381326273879333
150534,0.0069553456072066755,0.024001738286776098,0.00857617493635715,0.012767985909212298,0.01198288375693779,0.01178480358793288,0.011070197398486192,0.006702443893624954
150536,0.011991545234192602,0.02499337480465358,0.014258460024215103,0.012331884576500196,0.013255117580258435,0.02102341721056633,0.01270122963443776,0.01085468035364251
150538,0.007199118894520018,0.024200801047379095,0.007597030322600062,0.00879172395570832,0.010977404923022738,0.016549383399766526,0.010042961686070273,0.008135211976696921
150540,0.006730367952517469,0.022102534910858118,0.009798256186023535,0.007547400102245805,0.008651212301204192,0.012495753426189415,0.008603989874707507,0.0057944036089399575
150542,0.005853704433435247,0.01784199197985803,0.007808826803181512,0.007076954992930817,0.007134767442620815,0.011417320173700896,0.006665120847944073,0.006323689038908675
150544,0.005592561328296108,0.01668285653395074,0.007004168672964717,0.0071575775435928635,0.00700349401256789,0.011792163371006359,0.007411280020140021,0.0060816770539737774
150546,0.013092573327952772,0.021268146326769433,0.011024880400624382,0.013454409020724256,0.011000876664014891,0.012681989816925088,0.016035355223721126,0.009975979167378635
150548,0.005539234328991116,0.018588382207895826,0.0053530135770155085,0.006172966386497392,0.006783065187508319,0.013466094032023312,0.0067777080713283255,0.007254294549427165
150550,0.007296564529644167,0.023332599027707568,0.009462865569292378,0.01140587659601705,0.011101415973973572,0.01859265696666146,0.008308927054216986,0.009287888539564415
150552,0.0047694973455501,0.023235940028826008,0.00953228352352925,0.008096380066092479,0.006989652571230076,0.012381154507083103,0.010112744070882806,0.009544742573442733
150554,0.0034103069292190785,0.014840848269996931,0.005729311271083726,0.0046965448158654,0.007195675276714442,0.010013293568615966,0.005949272099776914,0.005359948612749577
150556,0.0074920640984479925,0.026314274878452615,0.010783058356869157,0.009912705435146885,0.012687516350970762,0.019338887011244532,0.010304376046600672,0.0075824868412000535
150558,0.004542336312507944,0.02107985500106957,0.008646773560059495,0.008295808435945295,0.009320008339198937,0.015570920269639077,0.008307460165486502,0.007481731242529099
150560,0.005014330105750864,0.017790477688780726,0.0076174663674501986,0.008189619719055019,0.010254850373990543,0.01209354420606662,0.008868668860063877,0.007244605182456232
150562,0.0060253547655273465,0.023337051397614994,0.007222710322973891,0.006768357212095566,0.010901306550277434,0.013532273158833874,0.006224376762059558,0.007091252732056796
150564,0.006895200930615353,0.017466456759226645,0.008319476165975781,0.009087136988273292,0.013407835299166726,0.012073311571618783,0.010077986480674872,0.007781288299915312
150566,0.005436511627970653,0.020423831345173227,0.006457738434747284,0.005473708999456983,0.007860157299796278,0.010346586602701047,0.005046649422313865,0.005949303132248007
150568,0.008019997097699572,0.01744873712146955,0.010453537863588602,0.010270995312675668,0.01053263180157643,0.013453790249000841,0.008274955693778063,0.005946727712569988
150570,0.007900058795969278,0.033097897977896196,0.0123080510213463,0.014234998545436861,0.013351887781646532,0.015293123748884307,0.012499381622129102,0.01181935897819475
150572,0.007888319270238364,0.025705000941357525,0.010227272631341044,0.010095961927376829,0.011298669160830777,0.01535118323080753,0.00975880115875244,0.010007774254090551
150574,0.004189970456365322,0.017682108130490093,0.006313226577938702,0.007707570301757949,0.00687212384280067,0.01108302906503994,0.006424744014800476,0.004944389351579981
150576,0.005275527538360303,0.016377799445406405,0.006072935630634435,0.005809414316276795,0.008252730772690064,0.012359821134588778,0.0058036460917565424,0.007365419709280341
150578,0.007255506651564991,0.020651421245677426,0.007935112054557658,0.0075828086383800675,0.008921747731221785,0.012120783090395548,0.010312426290141952,0.00657278800466643
150580,0.008329478453536154,0.029018965207971092,0.009006365814256734,0.007698161881680932,0.010472191169785816,0.014150033525127448,0.015206258234403747,0.007759039979703175
150582,0.006421462236152975,0.01726409708116905,0.010332726966556793,0.010289731490886744,0.008459357408271195,0.01409890092430871,0.009052205625778242,0.010699095626010513
150584,0.006374094385210027,0.030637611107655838,0.00859094964075885,0.009720102979216882,0.009437648726719206,0.015172452037295392,0.008357558239922236,0.009950076816921616
150586,0.004067585522168571,0.016538477745570157,0.00534001935472489,0.004432772058320433,0.008899222434326726,0.010483057312847599,0.005508999064265885,0.005616811515896103
150588,0.005813805991260246,0.022508836063836135,0.007208574113846178,0.006335989021586885,0.008828673804540943,0.015137959264678535,0.006642446945517799,0.00805896532749989
150590,0.00795190038865995,0.020642514037977122,0.007444874086104392,0.009495957101544272,0.009988604158191416,0.014220025748370668,0.010758662582333933,0.009487343885932253
150592,0.005350327580164793,0.016087893016384136,0.00920128321602598,0.012011214433052864,0.010332572467391332,0.009159920988910386,0.010791960602559103,0.007563065804100155
150594,0.005571872347123252,0.012864571810130343,0.010056731767553784,0.012463151642410963,0.008628847271108464,0.007392579293331869,0.006958031422588606,0.006935129791121819
150596,0.005747936765064188,0.02148390413784207,0.00714302037438963,0.006351565174784801,0.00781274339595317,0.015579093488188533,0.007731162347310638,0.005738720705071643
150598,0.005841731736157263,0.020354564662803165,0.0061583031675299105,0.006870842916570974,0.006601778736246067,0.014472063687369863,0.007886899256557778,0.006736030418620642
150600,0.0065285431706776365,0.02011474638029953,0.007780660002901563,0.00808513730110949,0.00942816925312423,0.01645852993947816,0.008785123446956256,0.006108783390282646
150602,0.005476172161501758,0.021221106799744982,0.006960528788654052,0.010440741061135128,0.011069371169728726,0.013383476281716933,0.009576095675657703,0.006974820492750888
150604,0.006798921925454948,0.03297785804114994,0.011084839458165574,0.006886910684951397,0.011311023959237554,0.017537034518177785,0.011370712699218188,0.00809363567126914
150606,0.004541161367526636,0.019782469775659672,0.007609227042946254,0.007664009621377643,0.008404250689647563,0.011884147387780652,0.008051938567400774,0.006290593734832095
150608,0.00953116041145613,0.05491536696846655,0.01694054437202852,0.021797003405538362,0.02053713980421734,0.027563899123666857,0.021047203355736066,0.01676761842418628
150610,0.007358939934385467,0.02432232973820536,0.007142175347103985,0.008627810542039038,0.009813757275711765,0.012990073812070513,0.00686691194746758,0.00829121082003731
150612,0.005637318523305845,0.02641845352349126,0.008576332252674457,0.013507262710722723,0.012698492430217811,0.013820029340883055,0.010823164441717603,0.010450184837180798
150614,0.007553426139890684,0.03116913463103188,0.009611683744781496,0.010379139494585354,0.015012043112717921,0.01771654298390879,0.014560629924702584,0.00910964839874634
150616,0.004629369399078931,0.011927269877801905,0.00465000934112525,0.005725093694509076,0.0046556790121030645,0.00703435705741301,0.005831379043395091,0.004965148011074838
150618,0.006827809413201047,0.03136162426205047,0.007865841699860932,0.00823919266930423,0.008386757847498538,0.016616314187789527,0.010782880411316142,0.009251929504740852
150620,0.007872834399514694,0.03040528864575265,0.011565706583497537,0.009868587922249539,0.010768163983741141,0.021357847391778373,0.01383013008197409,0.008986479739300002
150622,0.007211312175904594,0.019304611116460757,0.007960194184976344,0.007378377573986905,0.009834529177116025,0.017458336111183748,0.009806507644757545,0.006589222082967139
150624,0.006096240672330888,0.028066570581231964,0.010396998524964174,0.007634884107621753,0.01658070968844272,0.01623690279037171,0.00976917293268148,0.00751422496053622
150626,0.008495671506100422,0.043150587057482426,0.018614538257472057,0.02354062770699472,0.022324864870032712,0.02419779222759133,0.019117251097597654,0.015024670790708683
150628,0.011847859113267356,0.034564146478955005,0.015780086788041103,0.01634196007730382,0.016687214261764893,0.0151237611917312,0.013645253538365987,0.009700005612783225
150630,0.004593605634628517,0.01714807132438012,0.005986171530010742,0.006388346355193031,0.006890087899358355,0.0121742725518042,0.006361976143935744,0.0076601487517358735
150632,0.006580849562440927,0.017047091486265487,0.006846895434652112,0.011483567825960661,0.008804764620596262,0.01055003001484428,0.009372478687240893,0.006702945296304164
150634,0.00657418340864796,0.023750139971223883,0.0077688178037905176,0.010473107649522417,0.01055556367137478,0.013414630936238459,0.011783645387725139,0.006611698413565625
150636,0.0053774123823458475,0.014977032987859795,0.005341060402321018,0.004407419443297478,0.0067331836038180826,0.00973796238146335,0.007108905225124362,0.006742678997190277
150638,0.007707183075217339,0.02323763000689283,0.008239667431155562,0.008194392767123304,0.010837164478163297,0.01296852735919174,0.011076513501296292,0.008017456477400542
150640,0.005648261316597791,0.02048278581813534,0.00774585420834506,0.009564165560247473,0.009613651674901524,0.014751745676433503,0.009070197200821362,0.008717259495497842
150642,0.005522621270692918,0.01585858916724825,0.0072871128169716415,0.007649589810441393,0.014407519463589757,0.011034440695791625,0.010458232394575051,0.008524639276376311
150644,0.005811035157786082,0.01863039122294219,0.006716572079153382,0.006166553470793312,0.006944454792476906,0.012430763565270064,0.008714477186003933,0.006333343072136621
150646,0.003998338233941523,0.016049989938343723,0.005050392179030361,0.006002483594977015,0.0061758784045515824,0.009991165861347684,0.006462299160276075,0.005393279359915459
150648,0.0047227279240460995,0.016760306230976463,0.007803299941745223,0.008477120579364561,0.0074299838192720125,0.009232688903014152,0.007981075385536995,0.00822020530514328
150650,0.003870721570417915,0.01121536642890164,0.005035438992906427,0.007126616142728859,0.006350169852581189,0.007315028791696543,0.005937373095599163,0.0036235132484740973
150652,0.017319609137630643,0.045443071849039285,0.01722608764051814,0.016267536744885014,0.020600966769279694,0.019180435276276775,0.02275500259262131,0.012926519844426443
150654,0.0038445061728680785,0.012085925495970484,0.005617999825574316,0.007019446386497208,0.007453061274340422,0.00877768356087305,0.005244030665431332,0.005716704886522317
150656,0.004774061454133838,0.019690832370010902,0.0065954154145089205,0.0077630202172294105,0.010551987676571395,0.012276078216647335,0.00946453261847996,0.0064158225935578295
150658,0.004237867311536692,0.01791931129986679,0.006507635535606904,0.006075998188649123,0.007244034451493742,0.009939105811375415,0.006594417073977843,0.00656948553472958
150660,0.005571394069758873,0.01601013668256912,0.00615466697464756,0.005916439239158855,0.006622556814899705,0.009504459459464876,0.0056892238208643975,0.005242823246975947
150662,0.006105907029907209,0.027322763755116775,0.010582672734607224,0.012914216211146246,0.009723642397383936,0.018198035112618527,0.011154112209970146,0.008873975516376975
150664,0.01246539253566109,0.02606010235238565,0.008783873471074843,0.007826022863872462,0.00793126045309478,0.01720065663159276,0.01221801659016114,0.008055010224605974
150666,0.006374503640942442,0.01705176894010041,0.007893979420148023,0.013242106357021166,0.009916245615787744,0.016576488675259293,0.011046019063405466,0.009805932157736175
150668,0.008460288024277285,0.02233643504518401,0.011361379453909637,0.010391640267253033,0.011635238790631774,0.015397609059260076,0.011144674813803823,0.010393455569877086
150670,0.006000771626415491,0.027486494253141425,0.00788338881153905,0.009615571587022809,0.010273293922862303,0.014840051362036144,0.007958843490176781,0.006609498243051404
150672,0.00682013077821253,0.020225084635932866,0.006857049343182098,0.008989094626267458,0.007746545362741275,0.012789326429502035,0.009575815705072321,0.006375800497326944
150674,0.006778786441064,0.023786593698776892,0.009700950766729,0.010947544664846598,0.007888590582828814,0.02098785171749662,0.010112896917712,0.007055036035561513
150676,0.005487785366488973,0.01891967765899616,0.0064865622098588815,0.008256428111810321,0.007004911959374027,0.012180955297094676,0.008323102779280112,0.006021632003262722
150678,0.005401264324389976,0.0090990956392068,0.006961692473098857,0.008481618490173481,0.009707905814859752,0.006283063997421456,0.006338267756093252,0.005920561596454377
150680,0.005687034578773231,0.025952523485589518,0.00792180795429026,0.00894089562518069,0.009748120047776754,0.013429657162560338,0.010341739901434721,0.00696264612036096
150682,0.0035858610731163143,0.011872233470964,0.00504658061516583,0.007358365995546734,0.006938602348850742,0.009166763519972643,0.006872267136090793,0.0047210742455450205
150684,0.005099097653350759,0.021113302758380748,0.008803194476968201,0.011247634352798352,0.008772640251164587,0.012549276817109212,0.010508131619591021,0.006941266307680716
150686,0.004353178815252934,0.018727392148925937,0.006509789833054891,0.0059895131238963395,0.006506203942500344,0.012770097436999583,0.005328336315316484,0.005355739506220092
150688,0.004248681520525821,0.014434337772359973,0.005990162409894362,0.009277682252817387,0.00624924481500444,0.0098041526816397,0.007041766432166696,0.005512119541617233
150690,0.005589235458499042,0.023056354408041102,0.008771779138891711,0.009047455394449122,0.00907031073322262,0.012962023819354462,0.009337670719107793,0.007760469439642093
150692,0.003951289320675011,0.0183520207500385,0.006418513172399776,0.005337789502226686,0.006447924207177158,0.010709085729714796,0.007059001699614653,0.005991608725794073
150694,0.006142814135599528,0.02280864430854046,0.006149253259403464,0.006271470436126025,0.009002661127201828,0.013973909492570658,0.008882895564088722,0.005290647452378894
150696,0.008088933608390081,0.01719703353857316,0.008649037827056283,0.01494804973129199,0.012087516215410155,0.010122906402898701,0.010786677933311006,0.00905561845327002
150698,0.006164450891339934,0.020663114871518395,0.008608130053726848,0.008999863321103307,0.009244668412751678,0.011349675026803618,0.00987176192513406,0.0081027488000332
150700,0.004796355382847617,0.017310785526788663,0.006183478409425902,0.007791381330593206,0.008592463447322507,0.011783344523800032,0.009312363955965575,0.005527889177923351
150702,0.0066287075549533725,0.02956360917239298,0.008969965726607576,0.010553325542051795,0.009800934984434184,0.020638275224556857,0.010213017295464477,0.008615182399900556
150704,0.00584774560994461,0.020685423318557383,0.007268126138439135,0.011639226942959324,0.007480803259158952,0.01194009387167072,0.00920964263344809,0.009529899171468514
150706,0.006700675104526432,0.01510652021103459,0.0061777557145937245,0.007424389849044977,0.007797951361400379,0.010823973678960819,0.008525624384014885,0.004814705182992762
150708,0.00473973509002712,0.011393204468057583,0.003421566966375203,0.0034260664961147658,0.005332984055535839,0.00671098005540488,0.004220863916946149,0.0034096847677961423
150710,0.007123613743314161,0.026316764671865167,0.007728572269567524,0.008375911127481095,0.010350482366877856,0.014960473678250763,0.010631249679328436,0.006409398045603754
150712,0.0050557890598673105,0.0359252190770043,0.009451868175776923,0.009005982584189776,0.012976269936171514,0.013850947659948043,0.009211292948136995,0.007149452279065827
150714,0.007138375231379224,0.027156054982155675,0.009226258350039152,0.010459451529856667,0.00950283392815049,0.017366729929690905,0.010941527303526266,0.009798999604382408
150716,0.004637698004439139,0.014182232493200664,0.006046717795274381,0.005523818402502434,0.006726212183721714,0.010610257079048113,0.005529441451972483,0.00451378011944592
150718,0.0046407408099327085,0.01866090010516075,0.005968999767048899,0.006883876381213128,0.008315408720607431,0.01288068877772336,0.00796680706390962,0.007200782846419396
150720,0.005586676827840087,0.02502439575743609,0.007611902351774058,0.006394420743525642,0.00947439150331264,0.014089045621190621,0.008676508363941127,0.00812629955860289
150722,0.00840946711396473,0.02920476328793975,0.009460156565182842,0.011689175978407684,0.011340372637060059,0.015895811045681052,0.01278960953977859,0.010255671277982437
150724,0.006146626736288019,0.022858622700289155,0.00816790704603193,0.007837934950585324,0.007099326033849218,0.013265552097309341,0.0080568639328229,0.007143676532881449
150726,0.004927435912130351,0.016561443218071625,0.004967871014961711,0.00875908089895816,0.00734049434841233,0.009969927066354245,0.007156083721657547,0.006835036541936512
150728,0.005672400643181641,0.017995726331521134,0.006528355347264814,0.00608391424185456,0.009047607053710216,0.013003066001737729,0.00885289861838473,0.007325258678086977
150730,0.005152338968952341,0.021453926619622088,0.0063316462076482005,0.009127030687797133,0.009794116274694176,0.013101812822672088,0.010171759643257339,0.006392053306797374
150732,0.007722159863057743,0.029126393328532396,0.009185232692075829,0.011491166797159613,0.011256670974546523,0.013157995099518871,0.012531935643324277,0.009919485152840635
150734,0.008891149859984404,0.033833263347705866,0.010675765022458927,0.013746467736641899,0.012002849503352009,0.02179793620655701,0.010606059513978972,0.009992905623763593
150736,0.005621826947305175,0.024363703944008108,0.008488680612452948,0.00938934310263756,0.008913950537704773,0.014342198651645655,0.008452865079491056,0.007437219549878693
150738,0.005179135168391691,0.014150868409169848,0.005388834031256673,0.00798398969872327,0.006922106142462303,0.01050969584372613,0.007430727529026626,0.00537777954075086
150740,0.005304758995464454,0.021131035145064203,0.007242488517668955,0.007762596152587842,0.00707201183622197,0.012205692788740452,0.008142253457339488,0.007442102316553623
150742,0.007002185937398986,0.022294323863963905,0.0076407183208054286,0.008000977580636892,0.006680572471053081,0.015036251282618596,0.009772049557491336,0.0078020758184058625
150744,0.010401052697803836,0.027995647683130898,0.012414786225525498,0.016315542179712317,0.016136670138312326,0.015966875753490095,0.014176212026273172,0.00967009857641582
150746,0.0046569327418755635,0.017518068121114005,0.006058880077270068,0.006870205585997324,0.005247903110912944,0.009327632832324184,0.005063393008275574,0.00569123699166596
150748,0.00640856060953926,0.019810660622002985,0.006400438411590992,0.006710372154773714,0.008425208162732511,0.011552939546295493,0.007116647897600581,0.006019173922482468
150750,0.00952981916482637,0.02742630209672825,0.011877298104324086,0.01174732526507688,0.011424604134732341,0.020166595576839086,0.011262061164627524,0.009558705903281783
150752,0.007532614528847015,0.019201119255885857,0.00773634118329114,0.007005187583988326,0.009463597603245555,0.014255179129035123,0.009699001804047092,0.007319263179169866
150754,0.010907574294455324,0.03903191323253452,0.013867579653891404,0.014543547736913576,0.01781743881656439,0.02252766833416886,0.01715712272516967,0.015267962038024996
150756,0.0054462581911334795,0.02281861940436536,0.008158533910927412,0.010225705459100176,0.008817446946462804,0.015808818025597526,0.007949992364084724,0.007347548434195383
150758,0.0073170209171103395,0.027275143200450325,0.010588354476372075,0.013462386919038727,0.010175913968865302,0.015605412977948652,0.010999685759401301,0.011426590348652399
150760,0.0055545062619908325,0.025354717676734362,0.006046078196599025,0.006094727105846687,0.0060252148086408774,0.012395426238287988,0.006423609389517859,0.0071300960444476424
150762,0.005525311399876609,0.019978946607523973,0.006247604011826502,0.006811922694570427,0.006991202430839616,0.011964223850409406,0.006612084935069484,0.00492095390740932
150764,0.007124573385779487,0.02158597987112132,0.007239929655952437,0.009059454575410797,0.012830798347551742,0.015314433445047515,0.00940021883221448,0.007629028695112228
150766,0.007902763552512015,0.03149415651701326,0.008740835108431932,0.008145724234252194,0.011904121786616761,0.014190897252581769,0.01081816241485628,0.008614168620297902
150768,0.005259748401516495,0.025065692588338573,0.007524425112429789,0.008234382250338124,0.007166690079725646,0.01397056991559037,0.007261652488125492,0.00738222055091603
150770,0.00552717903811667,0.017578087849125845,0.006567975903559509,0.0071342174167841055,0.00535290891516832,0.00895898080707469,0.007303509611809922,0.005843924351239815
150772,0.0065702319604634685,0.025656143801144005,0.009666012201689833,0.009519079504812566,0.008553744550203968,0.017826963595873657,0.01134250704040718,0.008085670579573767
150774,0.009055879368915554,0.02060825206102046,0.00810322766264826,0.01262498907068782,0.01038512015738352,0.016076932684542022,0.01261101915423618,0.010907659889326793
150776,0.006663322932470239,0.02455869159890356,0.008635708692789956,0.0074387809869458366,0.00977690675592996,0.01228456918233456,0.0073748580701318844,0.0058350755422620915
150778,0.00551355231469991,0.02522977183106989,0.006976209397438149,0.00708907202175979,0.00940281376071278,0.014769076427288752,0.008168750111003986,0.006613072494290828
150780,0.006825846875927688,0.017655669381690053,0.00735243490118892,0.008674454230673201,0.008864660096081833,0.013959506016036016,0.009269507203563343,0.00736128961001109
150782,0.017572667134438058,0.0533730373628174,0.014393301765400823,0.018722584035684386,0.017750979569442826,0.026042444049437563,0.014118455433320742,0.01583119260976673
150784,0.005346750931534194,0.027431726511635057,0.009809893030716887,0.009316430981494372,0.008568131648348187,0.015798076803097416,0.009152781634862939,0.00786815198735824
150786,0.006046823239608479,0.020104349899210172,0.006833511481866061,0.006888345225873005,0.00783336711837368,0.013300952926442955,0.008297306871790033,0.006542539997631602
150788,0.00581030592150672,0.015758548961999574,0.005908441653502905,0.005925104041524298,0.006007707588878475,0.009961717181552976,0.006540862334742992,0.005858556480884902
150790,0.005988989568988468,0.018798934130492606,0.005981062931685932,0.005949899661033875,0.007877630622386056,0.012303004442807186,0.00797935553805701,0.004976394542600071
150792,0.014584343725347004,0.051795082706817874,0.020498775099042632,0.028399960908674027,0.025805190866922345,0.01868474833555922,0.022715152991978016,0.020035252129828374
150794,0.003839292341023759,0.018647935765830903,0.006822467885392813,0.009048243469514328,0.006681258190539774,0.012192968785385006,0.007038281902606303,0.00516224503426721
150796,0.008938565293017453,0.030006539424036527,0.012024670068679966,0.011130967970803207,0.011556420183808314,0.01872629099979406,0.010971852291036477,0.008923859089976283
150798,0.007592720219253002,0.019948485248736603,0.008146941400122787,0.011325109179599002,0.01022168862179762,0.011789305903873226,0.01001170858541034,0.007873524584793623
150800,0.005193524693775098,0.01636387376883186,0.00686182793288026,0.009854740203671719,0.006894298929861764,0.009532597773986906,0.01080495840584611,0.00515242881593686
150802,0.0032131162358600834,0.00931663809566019,0.0046980226035344685,0.006417496081613516,0.00541504333386339,0.006081773506055266,0.00503562403938318,0.004262834242159619
150804,0.009626102366283362,0.025094614962785977,0.009912945779465332,0.009268742546528819,0.013061021980759202,0.015127153386558734,0.011404523930259869,0.007458484579234759
150806,0.005201044495223295,0.019063210292602273,0.006874127613887282,0.006977517533566735,0.00778601974404497,0.01231499361682964,0.005803106886527465,0.006137133640260695
150808,0.0065014547299180325,0.01646065197480895,0.006668292728452485,0.007518130281867708,0.0077760931250159815,0.012400891642721013,0.008348769891459773,0.006831614633316718
150810,0.004096818682566783,0.019068370593801953,0.007088706929854249,0.007601267596559547,0.008021842769100118,0.015476080426150896,0.007707334824999856,0.006697710161845338
150812,0.00791153003749795,0.023669025955991296,0.009875878229795632,0.007793476756532469,0.007936170015028277,0.01689780597655588,0.010907155662558454,0.008214003947106585
150814,0.006678197693345267,0.026067348268871138,0.009309515553550585,0.009575411796387323,0.009046117446323498,0.01895403286120345,0.008935530962685123,0.008825064642595193
150816,0.007919480519692712,0.03319266436133805,0.012229692389400748,0.012390257280190442,0.013215945476902968,0.01589380463881107,0.01431336773834091,0.008480697679781601
150818,0.003968179682325934,0.013150316393929773,0.006159967288454915,0.006089931702658868,0.00719486505907363,0.011945813008491735,0.005969471790239433,0.004430148327900563
150820,0.007198820516183313,0.025514597141073958,0.006707026752767797,0.008644893362898254,0.00972813775519299,0.01597957287125329,0.006860581291118217,0.006304802976178303
150822,0.010306154969095316,0.031285528279273445,0.010384611453135628,0.01336377625159152,0.0168541272024072,0.013465654823146045,0.013039833630635267,0.00935751619725611
150824,0.006232073592084275,0.021494188210429366,0.007687813245935482,0.00850426060619558,0.0057054066913387325,0.013346724498724039,0.00816609177588129,0.007901530327444561
150826,0.005222472392427735,0.018984530367461616,0.00698574006487368,0.006878865185903971,0.007481271110247656,0.014488402541040779,0.0075280938960207155,0.005272014933759783
150828,0.004068990276515416,0.015629407329172063,0.00607252223864313,0.005356658845986573,0.006456705069721791,0.009638954649532572,0.006484326564894227,0.00430136223108063
150830,0.009320316193781653,0.02894053583780143,0.010349615230631493,0.010690692442555383,0.013412323539853332,0.014988711866543769,0.011342081730632225,0.008588053614303703
150832,0.008312067718019789,0.028620825641234582,0.009567841178992842,0.009979171880666549,0.008930573462852254,0.018466575941477936,0.010519783607033928,0.010396863298186787
150834,0.006861184849076329,0.023390677054761833,0.006595674390334816,0.010295052829989437,0.008298266539008559,0.013519287708981198,0.00992370936578496,0.006139738285295737
150836,0.007906962007639073,0.020397122694364223,0.009727924646781239,0.008391379145052724,0.008180182916715462,0.012706945128727887,0.009285662749051404,0.00717660998276437
150838,0.006694517880412365,0.02033276261060113,0.007827152626394496,0.008558470898423265,0.008412227636881653,0.013079176907396184,0.006835409825692251,0.006991606120225535
150840,0.00719590785931562,0.031591107739829205,0.01414162933445895,0.009265737305273802,0.01261786923849173,0.02186255478642729,0.012109188923693781,0.00977811350827551
150842,0.007957406508652065,0.024441968237365552,0.008277913682428972,0.01046044212959224,0.008056686042480499,0.014437780666929578,0.008072267581715808,0.008607644792582081
150844,0.005570473165585954,0.020595474776147427,0.008071149716798232,0.006508264236245509,0.00815166567177844,0.011455503151104607,0.00637704512757159,0.006420549983757129
150846,0.005953899129953977,0.02059249383724393,0.006581215839539745,0.008840384158227188,0.0094531706033823,0.012098595177181759,0.007358484871909321,0.006847090251780097
150848,0.008667849342761047,0.02313261402143585,0.009493173674969546,0.010606547524582233,0.011653304262875752,0.019444190990498322,0.009361695435261608,0.008704998410905773
150850,0.00603286161091976,0.024774365059032855,0.0074390984349386735,0.009277959265983293,0.008543612596113803,0.014539454390959605,0.008085229752648415,0.007633949277953411
150852,0.008934985852073973,0.019593179008844608,0.010565391590958484,0.014469365937970713,0.011456820557387337,0.01306129616143853,0.010383758072799232,0.007134013522432703
150854,0.008369255965094746,0.023022264510373702,0.009412161938074315,0.008445042792738777,0.011648170217572196,0.014235126552018196,0.012350014159034972,0.009854860023596201
150856,0.0057246776594901405,0.02223461549920458,0.008857828905122267,0.007910200706774617,0.008996900580691192,0.01436491957224112,0.008519871389554068,0.008490847193387607
150858,0.004824357924175848,0.015065645440941688,0.0062448081932911514,0.004899057141603491,0.006330168899340072,0.00906480523021802,0.006982403902524803,0.005307161053580922
150860,0.007503499916453826,0.023465213576774113,0.006184849437886664,0.008154183062375475,0.010305401631132638,0.01650289552437645,0.007023099829732482,0.007512598796168002
150862,0.006124004425180074,0.020482794348638755,0.008111178580637812,0.007083235441780966,0.008241862875340511,0.014537851710088923,0.009276292943469822,0.006338902458372042
150864,0.012782450171606785,0.030381767896390466,0.011950272670446793,0.01596961362528848,0.014747369791361875,0.018238598760550673,0.01816895558704701,0.011862136657214473
150866,0.00872545876051678,0.02767652410843291,0.012091802340891356,0.01276901639378597,0.010292872728712377,0.018695260073119613,0.016513065622626222,0.011700370700163332
150868,0.007349585861549157,0.028117930097838695,0.00815597143960961,0.007663056052648054,0.008881758019300356,0.012536465018136989,0.008105694632902838,0.00735098092767178
150870,0.0045123616302294445,0.01598449337194552,0.007267305500484655,0.006844122673628716,0.007573560990103978,0.009909695443515665,0.008305509947327538,0.005813060675508019
150872,0.006997025906209375,0.022036664288179963,0.01019731375110805,0.014180931765379379,0.010757831061489975,0.015306305990790359,0.014139710296523555,0.01183468921866293
150874,0.006082977478317153,0.016751024551503457,0.006562879462948479,0.008783573210786821,0.007774746316361103,0.010689025451150691,0.00977275957305701,0.008050823448049249
150876,0.0054523785700194005,0.012877063144457745,0.005110762175644157,0.0057162046602832195,0.007656137608404168,0.010454107672558166,0.006342921395058321,0.005742659860653865
150878,0.005984578317035416,0.022986993386370225,0.008372942497386626,0.00873851567452949,0.007043128221084827,0.01280615670905072,0.008979363127716022,0.008079078188684419
150880,0.004728107709047136,0.013647704480584943,0.0049695526561974734,0.006901151406538908,0.006505298910737312,0.010404566548192273,0.005845113661042456,0.008379888307126715
150882,0.011851515292406134,0.03819793883379696,0.011267786392916757,0.014157296600150249,0.010924865046427534,0.017751412372595476,0.013500999429084892,0.011602350169966691
150884,0.010859565034578245,0.03551890427245241,0.012569299477148077,0.010689965236237109,0.011208767902147976,0.019164997681644147,0.012685047471070965,0.012427372919636748
150886,0.005856913059460789,0.02136719947636667,0.00810896840846903,0.01244381048239257,0.009395265478328918,0.012734297514271908,0.010121032432891752,0.0076787550855273445
150888,0.007300974369455704,0.025718548754438908,0.007789370354987002,0.007914454162842921,0.009129456646002121,0.019761944147905774,0.007921514851114475,0.006842711234673837
150890,0.009516212741758956,0.024915041023377604,0.00949806853807278,0.009543283915871337,0.010687829980974506,0.012115220675140093,0.008553624651087832,0.008702562798479363
150892,0.005858314686170429,0.017602938215421915,0.00600655381914722,0.00798651036287451,0.008623781870023217,0.013697365976227616,0.009334873157504697,0.006622283973038101
150894,0.007758659337639751,0.028949566117163705,0.008218866499867028,0.01102266814821068,0.011512897931358845,0.024032341093242815,0.009483529943430435,0.008348660968375887
150896,0.0067435722483688565,0.01944985978962621,0.007940549951573894,0.007338380315095927,0.007911352433509544,0.016472381076312104,0.007475191475522003,0.006208201308100181
150898,0.005041755757880184,0.015899354504157692,0.007176596096921062,0.0072139824135467046,0.00834380099909554,0.011079985929725089,0.008532063381161414,0.007317868576708131
150900,0.005714304225464206,0.02032559841205739,0.00798959082693984,0.008835731861479845,0.009018866976306994,0.012047221903658034,0.008082384095398576,0.00694634985415471
150902,0.00722464297556874,0.02105086129540723,0.009290398976881997,0.009785775691293408,0.01096739964889798,0.016363225675146476,0.01376964742854625,0.006674451274556681
150904,0.007718132514649645,0.024215194044864496,0.009136756395676182,0.008160194887230576,0.010572303579593267,0.019351396953324107,0.009262907516449703,0.007713518590727553
150906,0.008004959393868083,0.026374038228997643,0.01041043746098641,0.01086269267675416,0.01183879733596549,0.019952265337338737,0.010079274504882996,0.009318546818588624
150908,0.007431418608755402,0.027677481009291682,0.0070312567038719465,0.010533199174128649,0.009443849864968712,0.01652802012835597,0.010065094320721224,0.01036041002583371
150910,0.0047508683295669485,0.017319989583848505,0.005367592271924515,0.0065877972662678475,0.00790681625527001,0.01141873410599481,0.005686198552317168,0.005780582584582972
150912,0.005482574121206341,0.022722003306699046,0.006954524181847221,0.006603780239782475,0.009226850920819596,0.014548914163018623,0.007572244803856487,0.005196600709267196
150914,0.004865889313716787,0.017760355504574443,0.006500020212741653,0.007227680523421098,0.005976053276138205,0.01081805857343543,0.005488144130714245,0.006062905559218956
150916,0.007826187643291738,0.04008617030166395,0.011528928955706341,0.012375683508029311,0.01640510744075474,0.016961609717114356,0.017117359655433262,0.008366968650936002
150918,0.005891636879612472,0.018902095858980283,0.006401027339197896,0.005093302293273594,0.006352185103269348,0.011589578960125524,0.00423228845537893,0.004491848048715497
150920,0.004572222809638371,0.015881821437810695,0.006376021808930654,0.007888782489673396,0.006603528370263456,0.009209528232363928,0.008055078430869111,0.00623361823477353
150922,0.0078189113196514,0.025089242673465018,0.00923313133640491,0.008023400344650489,0.008999092905132011,0.01734314975775053,0.008720921691551808,0.008208126232156998
150924,0.008696789312178987,0.027078239567918994,0.009829542449897366,0.009692284667019158,0.011135612507160497,0.01312608328256909,0.010514413662006172,0.009699826567068082
150926,0.0055135124821986126,0.016999617831176872,0.005944793928649494,0.006144269418955128,0.009453440082365427,0.014308542234398092,0.005327664127394494,0.0058874411405707705
150928,0.005901045840813135,0.020339188517128015,0.007338133953003256,0.008178930927130956,0.00894177204391472,0.012890321844275299,0.009127622910761135,0.006355690287055182
150930,0.004723122187361151,0.01252909665145957,0.006867812154938646,0.006677591279327599,0.007751463022703797,0.013229660259881593,0.0074014850568469015,0.006240666256478955
150932,0.008811270393449588,0.024396310063414584,0.00970040920549664,0.011258161883665407,0.008508943025422655,0.018535670838591756,0.009226747863664786,0.009632435300056807
150934,0.006110361600382197,0.020756259203128735,0.006587902489396891,0.008289160759394898,0.0075780550393492185,0.013380128735007768,0.007492807039069016,0.006387833041457347
150936,0.00550628084329402,0.014066688939397276,0.00636368301099588,0.007487912821961595,0.007488464711642218,0.009909010137201302,0.008389133848896224,0.008118384195100248
150938,0.007997709688201127,0.027495265125342172,0.009479030535519684,0.016376304401186426,0.012699070073299623,0.01788769706113058,0.014736333428838011,0.011726101619630391
150940,0.005157216439588552,0.01769817356019865,0.006841497143828479,0.009318986988916811,0.007393636323982378,0.010012069407810964,0.006382474849067565,0.007014121504252069
150942,0.006485647744895795,0.020007846142121366,0.005528178343081669,0.006780588822683564,0.008278510224475844,0.014165317043254078,0.009077123977591306,0.0068323524022098625
150944,0.0054317047670560115,0.021456100541072942,0.007050070513026141,0.007424790449048813,0.00895504333847108,0.01180549739898279,0.008549791078738489,0.00643536418397922
150946,0.003694690689936886,0.01431502218036429,0.004721042505941908,0.005457076784015413,0.006537073922287251,0.008572421852131529,0.004527890037511695,0.004136917422475295
150948,0.003611632125923428,0.014958399624563301,0.006032411392465298,0.006018427116814495,0.00615793248393004,0.010355258330952077,0.007171977905930049,0.006111905065680823
150950,0.005870061177490948,0.01613015544314167,0.005643405373913224,0.006522339204027228,0.006540097093022723,0.011519670130283544,0.0054160181941684815,0.0056994349798442645
150952,0.0062489067424578715,0.02252846007913778,0.008131945001025542,0.007271908531576665,0.008114248092673526,0.013641699366928606,0.009160736766319566,0.006165942667863078
150954,0.004012993049112845,0.014187830029881943,0.004840246832693573,0.005421338156011757,0.005518790435141918,0.006854811185965426,0.005701471334305985,0.005213593173203357
150956,0.005787527309610907,0.020942844165544594,0.007326025187386398,0.008092935904920273,0.008258418600537498,0.017132932449817284,0.008699652188221885,0.007572583240824438
150958,0.00740185170622909,0.025916225537830684,0.008199190143622026,0.0112544181973942,0.010065001633528858,0.014781534489882953,0.00928750798228345,0.007020764812782687
150960,0.0106144232351158,0.026847816874582486,0.012295597616241105,0.011212196306065236,0.008890354606102768,0.01764520076587761,0.011330970958858322,0.00781089823445541
150962,0.005272600286624574,0.02244734510446733,0.009560662574688517,0.01301662570561768,0.012660853089130342,0.014836878464645986,0.00960915947905705,0.007231233161393791
150964,0.007663487825393445,0.02718277331101504,0.009346604699889127,0.014227248108460211,0.012513426269790406,0.01744778445353834,0.013590512955126366,0.010569889028833046
150966,0.007826496115027892,0.02513727377456143,0.00837591658249931,0.010400526887162587,0.009496905331142502,0.01800837399429356,0.011502098517119974,0.01039195318677244
150968,0.009053084647384857,0.023812869281436555,0.011159480940253985,0.008737626988026881,0.015516962132243128,0.01905928086657216,0.014667651882760424,0.008109777562240517
150970,0.0065730259981591765,0.01634167815331744,0.0074456738298247505,0.007488525317589423,0.007531932985040124,0.011365206018149943,0.00825180893611549,0.0062639214928170706
150972,0.005118600298097187,0.017661257345375825,0.007041415064477141,0.0072627305945954235,0.00580699767193793,0.01192039678882395,0.007243216442986977,0.006574563999074634
150974,0.00825748967594292,0.03591253882633816,0.009020947336237983,0.011748058515360038,0.011100852338606026,0.02033019168239414,0.011334449728227725,0.008938735760466443
150976,0.012688667793825381,0.030778110782311074,0.012489709268614924,0.010289943108787725,0.01916076075512141,0.01828921769913805,0.012304801124332132,0.008066060728486812
150978,0.012352978532588266,0.029574898934425997,0.009175432680649465,0.011539716944373224,0.009837283870183455,0.018767573586148112,0.012300915366325604,0.012467863241628407
150980,0.006003538834102651,0.023349308989894846,0.006374516727825075,0.007491154820216117,0.007556506122197215,0.012524348480937642,0.00896284296170169,0.00833891386923824
150982,0.005873988044705847,0.018378708987585535,0.007028950314289739,0.008246848688076236,0.006993159934727766,0.010694441336960792,0.006384771452233373,0.006857941499947062
150984,0.013335638609114575,0.027151188247779068,0.014593157445592697,0.011000367161500046,0.011603255445269411,0.020111948363777055,0.013274986332454441,0.009734060163146874
150986,0.006094630551102542,0.027601456532252655,0.00910117243704267,0.008634184158296476,0.010455079735465,0.013837598066253565,0.01139127841234272,0.007213684992951608
150988,0.004051915889760949,0.019948401063757615,0.006438675817786399,0.006341360894902837,0.006951539622464475,0.010720114170619743,0.0059937416105531605,0.006031857033438115
150990,0.007480661488990015,0.02360270903669659,0.011963454547464503,0.012451479631121254,0.0131432668791987,0.01865492414512815,0.010811855340406906,0.008796146635088542
150992,0.006232785303894595,0.025330146828256517,0.00784982044989141,0.008844910150200613,0.009639890972338527,0.013075129840957267,0.008028732214480583,0.00720188424555368
150994,0.007008541659031531,0.02310941212492512,0.009131502731030361,0.00928045544158268,0.008289955789223313,0.013296314971644796,0.01004845484436917,0.009399155535119663
150996,0.010422438303933967,0.019825063600285242,0.012371282718269205,0.01734540657331274,0.010759423034730986,0.011034265383820463,0.014762508988264644,0.014925916999076527
150998,0.012773020860894546,0.04787395877126088,0.016705548355641975,0.013803394381856293,0.013369213333452257,0.01935521540520213,0.015214438120964013,0.016311473050434566
151000,0.004572667167580313,0.020999458808763416,0.007667645727956973,0.008543337130507922,0.007508551586534795,0.011638868447466644,0.008099508465833127,0.006372718002304545
151002,0.005521509527195656,0.019700640338529363,0.006198179763781619,0.006736457248131877,0.006978792181864757,0.012039330036911489,0.0084371529528795,0.006614743636678355
151004,0.009329069158559244,0.039965688198911886,0.010358219981911054,0.01631566018822661,0.01617146897581656,0.02379759411547866,0.01413518521392737,0.01792896701898883
151006,0.008078305389872753,0.023378736696397562,0.011828461933399703,0.008174563864398687,0.014033398146061027,0.014250340319841792,0.019200830181383743,0.009402138987057107
151008,0.00624251571224832,0.02361883755826555,0.008431261595117034,0.012898085044298568,0.009881140353127427,0.012422986200300024,0.009740418209815138,0.0077376597569775996
151010,0.009400790957165894,0.022842620781224676,0.008551320546277774,0.010239319754256293,0.01111179632992837,0.016181252121416634,0.009628821865669046,0.008202351836940347
151012,0.003911631171163776,0.030529016925726404,0.008175620152772789,0.006177384445998024,0.009253619439371585,0.012844007882542918,0.006710451497671244,0.008188205200284848
151014,0.008727154201322529,0.02035427128412781,0.009298209639521604,0.010793912715826082,0.008433668523821547,0.014212362882171148,0.008541090874268298,0.006675609057762488
151016,0.0039345424707528664,0.014555964268192279,0.004483668473415969,0.004460554721730292,0.005228543323911039,0.009677145168283163,0.006374322805394128,0.005223094834539366
151018,0.008079694311270702,0.01645224492944042,0.006535645117926647,0.006951168150536091,0.008800060201181958,0.013175692165781294,0.007279691131902022,0.006425427226981972
151020,0.006975288423687553,0.020640133398273974,0.005009288668081036,0.006896349241899635,0.006283590802334038,0.011248260176395297,0.00446999927868319,0.006447376199901156
151022,0.00898506720876302,0.03028455510866479,0.00948567192633748,0.011668576366039796,0.012468119476999329,0.01719163282905356,0.012316265287805328,0.008681289328945019
151024,0.004859366908972762,0.012468959747825858,0.006391008533286835,0.006207935965606204,0.005695626511069918,0.008830485663571308,0.007980576184710486,0.0057479073920241874
151026,0.004978423528763598,0.016004586365499174,0.006906843144700636,0.009712506205662663,0.007563242046537688,0.008183784437025887,0.00876057876242542,0.006422452174953186
151028,0.0041175894320205075,0.01704510706994089,0.006803899005453085,0.009197620108325977,0.007188018583125455,0.014196182244221811,0.00925476908445605,0.005214186033855095
151030,0.006817524619112669,0.041514110834910634,0.014103745809508406,0.009432603027699271,0.013061595890194122,0.027882354683766986,0.010541020072583562,0.008309099557975097
151032,0.007352450233837404,0.02087671522057466,0.011341894469901526,0.012377316391772253,0.014628116346404818,0.016348574559332585,0.01212457958520674,0.008882561314976556
151034,0.0062610241612808815,0.020168241937073228,0.006463691172841957,0.007450685420393788,0.010743970418645665,0.012780913755135404,0.007653886038774482,0.006451368331712948
151036,0.0073529996642918705,0.02032952454246484,0.0069774403613332425,0.008507150717434409,0.008862708659762575,0.018671726845438608,0.007311998426303923,0.007409319996265262
151038,0.004758588984392853,0.01885026693786629,0.0056105124477492385,0.007033608461270768,0.006625348613218451,0.011845695517842536,0.006041695770369282,0.004948901139114392
151040,0.008037270363298044,0.021347051699823538,0.01013759533705727,0.008203669051620788,0.010572113592254517,0.017526352574237514,0.009588885360083899,0.008126134336011115
151042,0.008692495881491347,0.027817530075351593,0.011292706481826065,0.009685539060285464,0.010572890406104263,0.018467847629033196,0.01289150106391418,0.0076810782198057925
151044,0.004593945991804793,0.014115884679133883,0.006696908971570714,0.008196741363502513,0.006250690266609349,0.009851954965534093,0.008308802091983092,0.006522922881937954
151046,0.004143542795956245,0.01249437758144728,0.006345308204229794,0.006404671185894273,0.005506595980997453,0.007572816650036396,0.005670998994512788,0.005084665371644315
151048,0.0055555402434084855,0.01839487755887692,0.00644110927567354,0.00824192780975036,0.008017895452878898,0.0125241066768767,0.007170000578260505,0.006148311478857471
151050,0.005157920594980547,0.021733325393187508,0.010857662890551234,0.012444116338599598,0.011830846002316486,0.012816908995840814,0.014372328689173097,0.008285430326626653
151052,0.005210089420413733,0.017583600292937263,0.005509656049871803,0.007104415627313065,0.008460312695206584,0.011207691999432834,0.006993370529127185,0.006122173776303141
151054,0.00589248673018844,0.018228831844258275,0.007260980775560866,0.010531318186313143,0.008365446220002293,0.012274328207483087,0.008916854562250942,0.006339673634739251
151056,0.004594689367636795,0.022572117028296868,0.00652598491094164,0.006340357054843759,0.0062486216849083065,0.012500291252433515,0.0070978144507025664,0.005156459900664212
151058,0.003941642766382147,0.012927800680275825,0.006050069289054216,0.004929558469385142,0.004391158105921333,0.008933408364671047,0.004743433087544213,0.005226379961665251
151060,0.007430967733392857,0.03532375743011884,0.009370891889236788,0.01071180452297349,0.010908753976991648,0.01793746779974814,0.009983782494239757,0.008360585454419756
151062,0.013857084600227276,0.03420584439522423,0.01627383960391171,0.022728054902700023,0.014786873973071712,0.02082154358283206,0.019780231470294618,0.028635801938037275
151064,0.006487840408664847,0.019012418231385775,0.006609790204961996,0.007564979958756324,0.009682962591484101,0.01611561663350991,0.008430212177756857,0.006938378927269506
151066,0.005702706824921799,0.02150051540443365,0.008257335311612268,0.007039712118259767,0.009488622628067711,0.012511052723938099,0.0073737115331296565,0.007612292377752239
151068,0.006176285931084102,0.024203976969163543,0.008708078168953526,0.00951145126420272,0.01357381362614185,0.014726400618108093,0.00911081466758562,0.007808123658836763
151070,0.008162923616371387,0.02790520101419447,0.00984870872970589,0.012377314733967637,0.009478936234942614,0.015501824847881984,0.0092552249485372,0.009995044785815976
151072,0.008281169165283098,0.02253095170634567,0.00955944746255094,0.013802739625816907,0.010353255324278055,0.011871770741711585,0.013023777223502897,0.010471477532804307
151074,0.004919352624042972,0.024001715201166007,0.007375346910998781,0.007902799318799447,0.008895802667270358,0.012016093006952444,0.007459143487512032,0.007187005409742264
151076,0.006272612788096377,0.021874467364434658,0.0066552486860521065,0.00858328320969376,0.006619224891166786,0.013511724258037427,0.007079998951271316,0.008592460684780312
151078,0.006634972817165574,0.016669956069566894,0.005652593902955028,0.006116185852391931,0.008189088417412338,0.011933234993957653,0.008496686530257203,0.006198117587180585
151080,0.009580144041070382,0.028869367173874005,0.008488020258412554,0.007546470644026526,0.010199486719110473,0.018449295052930248,0.012985293410721577,0.008459520502222484
151082,0.005135894141236941,0.018492147697785066,0.009505939845290412,0.009408282198649032,0.008205385908173712,0.011571075682335286,0.008773533507904274,0.008373707445446021
151084,0.005608323897044409,0.021328724002317223,0.009787164313320107,0.010485016380371803,0.011156493431070169,0.012235663418859455,0.011836174154326251,0.009130308085685324
151086,0.005239954702146443,0.02021831234359084,0.006700276244344716,0.006140543957498024,0.008492913803493707,0.01234558151111309,0.0061093517553780785,0.006323917739138596
151088,0.004186074572789578,0.016316623305926647,0.006050661575529581,0.008155595985237518,0.006751306850019179,0.009140941609510345,0.0066496591668760985,0.0057515581319480535
151090,0.004087978197473474,0.01382594216305244,0.005413722094104401,0.0053110773674101,0.006687711523080397,0.009982725398018089,0.00550077678724481,0.0053156469583438
151092,0.004842080931954984,0.02558058096214233,0.008611885414335996,0.0070316290600838105,0.009400906540078025,0.011679551869016314,0.009967424619629961,0.007001222105089744
151094,0.00819153200820738,0.02021702412600135,0.008490163413654772,0.007902628436156578,0.008135847708846455,0.012337498158838722,0.008627996013693073,0.007868272269052012
151096,0.005845146699153203,0.022513522152615373,0.00869652111540603,0.009412226992683514,0.009836748862055211,0.017186463479914815,0.00794801814514795,0.00606269787197361
151098,0.005702790095952537,0.02630798081924013,0.007201693296614631,0.008000025931327537,0.008221288858056897,0.014869692937484802,0.007495199919348217,0.005883419483341756
151100,0.007291178796596187,0.017297252517526118,0.00822490482058763,0.012122907676079875,0.008846797957203167,0.010872987258071731,0.009698589435686245,0.010289240243434306
151102,0.01039092178540818,0.03140609984328435,0.007929267331180379,0.01143124994804623,0.014619933487372505,0.018521334547586754,0.012456993966694307,0.00966203068532323
151104,0.004514200603680019,0.01485953181421551,0.006924450735868115,0.007602911124617917,0.007129913599001947,0.00993752819628485,0.007264561908171319,0.005720088748065122
151106,0.010856003114872392,0.044335925228470074,0.014500829608293186,0.017255205412994634,0.016909275111246735,0.025128802419374985,0.012828570415046592,0.012744424088495576
151108,0.010841087909681468,0.03663708269959898,0.022108738309008835,0.01199166272158042,0.015679410446978403,0.01886746028923003,0.012849334813971547,0.010594280074784024
151110,0.005874419749052118,0.022299383652480742,0.005311330397704206,0.006470569578704621,0.006976391110250724,0.015372688518502153,0.00858761863104679,0.004288660997147586
151112,0.0043261800271037765,0.013630465521746515,0.004566821708595958,0.0058459020441878895,0.006460322807910979,0.008962557997094445,0.00636246821164832,0.0045379205125276045
151114,0.00680418170908581,0.024080432291226694,0.006370253494375255,0.008629539381255436,0.009754435589160393,0.016169577883662356,0.008601076449352762,0.006843765177509342
151116,0.0045856921007248475,0.014703225638812434,0.00543557337617373,0.005037054827763454,0.0056578897984858045,0.010033576910338182,0.0060480944376065104,0.0055881003210613844
151118,0.006465270246337695,0.028730621548661794,0.006179677822815144,0.008888959485140513,0.008924526331283156,0.017164052426876575,0.008614685875561412,0.005394147195048271
151120,0.0066899197968722235,0.018152814357723424,0.00938934887824644,0.010660688021016052,0.008148449197954655,0.011122838434464433,0.008766678927276728,0.0072310975775202735
151122,0.0037269753278976886,0.015157810332348198,0.004829014472169713,0.006167413560688451,0.006939098854132075,0.009820005441397939,0.004953485250807299,0.0053340690374553135
151124,0.010350561199246933,0.03299707900980686,0.009812264919790759,0.01130514357679907,0.012984782307970733,0.0181115561392744,0.010347788602683983,0.008313491536182716
151126,0.008713332394617856,0.037089271647810174,0.009348301817944327,0.008534059289294627,0.012890590843719851,0.019193170499971268,0.010375613244537674,0.007715759280203294
151128,0.006705876010155765,0.0378162175715977,0.009349007795273145,0.011609114906990792,0.012316195832038856,0.015382519029032204,0.012377377730621086,0.008816191874788049
151130,0.007310905202168039,0.03497396258411811,0.011159635206065,0.015181221358545827,0.011093816736039486,0.018990357645707556,0.013330495673837872,0.009750293175461389
151132,0.006142244216057746,0.02010866876137052,0.008513324253654142,0.007437758002254213,0.008820399585439453,0.018234187830845627,0.008531492181453049,0.006604440209139695
151134,0.005652025912477543,0.0187875476917867,0.007897815338480607,0.008875679709317519,0.008847002586840402,0.013844186147206339,0.008007787389274768,0.005801110342563476
151136,0.006503315993506897,0.018563807822147282,0.006698904109626369,0.008019885003023364,0.008854182940858435,0.01357135023291095,0.007700519332300149,0.008157263391648295
151138,0.005560619366198838,0.024247357257634272,0.007160705619980945,0.008634988641562424,0.00983407403964609,0.019961376064473235,0.008669390720756676,0.008048133573905825
151140,0.0036295991520332027,0.015910615026570873,0.005932673298023383,0.006817098919956521,0.007553743434542071,0.008137886789048532,0.00623640566378475,0.006766378723561894
151142,0.006996337879568382,0.021639721275372503,0.010986799358105037,0.011001495584781529,0.012604781556020461,0.014654754860331742,0.011336223423979996,0.01169523757658908
151144,0.00794925897822868,0.024346002379872722,0.010372262116682462,0.011462470632997379,0.011503519287275887,0.016714478365426055,0.010149290801393429,0.010793288825381497
151146,0.006379120574679986,0.01845242428595384,0.0074103884849968105,0.006030225352004814,0.007031434134125769,0.012752595892182805,0.007482590967367253,0.007279913625723999
151148,0.00554917018277834,0.020949844563774356,0.008496053334866582,0.009488597952318989,0.010173194923968565,0.010503070075064402,0.009478271791865611,0.007822117440430765
151150,0.007429001254649847,0.029520135804057768,0.008966882328374448,0.009893020455363166,0.010621819638632957,0.022993513997789705,0.014031781241077346,0.010233756575308783
151152,0.007040659841180352,0.01661912255039888,0.008688288236718356,0.007820335741834994,0.007894735407645792,0.010194187130017573,0.010010302632880441,0.00812238839816204
151154,0.00642457321743084,0.013841538805438314,0.006676251908191377,0.004424374890351024,0.0063772997800848885,0.009222118042311545,0.005629748958906555,0.005033776899290354
151156,0.009133960614292391,0.017796480538771142,0.007491206408993811,0.008949510909268321,0.009844725242471819,0.014947472210735668,0.008883725596434078,0.008778373237570358
151158,0.0049448241961878026,0.01758624420162591,0.006857354126034443,0.005844566836909815,0.006995194982552855,0.013543964179294987,0.008735273162241486,0.005766628695023146
151160,0.006586965186524074,0.01909534802502222,0.007956271371686086,0.009735846499872913,0.009784090903227849,0.01300640173369777,0.007088691874719777,0.005923390528940475
151162,0.010165974459974914,0.025448945753014707,0.011680973893666513,0.011674138338633677,0.014380969116731868,0.019038694006054735,0.01458242367028545,0.009922253202066855
151164,0.009007931344264863,0.022384555982753795,0.009387302979946277,0.010485100300903716,0.010411072993117332,0.018379504924298296,0.013828686142062452,0.009857740358745426
151166,0.006478624595772864,0.020787262195342215,0.007259486358313305,0.008239188611569581,0.009427223014548736,0.013132691027979926,0.006494932197487202,0.007023821640789407
151168,0.0041584956937692485,0.010685628703719863,0.004708328636993608,0.0035792810610164733,0.005123681499001942,0.008014045153616145,0.005919569852677553,0.00431164554359903
151170,0.003877025945225876,0.01717959566083871,0.005761657651849605,0.006065680091409453,0.00642386497004882,0.010354337924568802,0.006408768174062163,0.005526310536001999
151172,0.0058001797231463925,0.022873431266710265,0.007823923066874683,0.009532229694109384,0.008220987563732685,0.013993722653816987,0.008349791079926894,0.007201378426078486
151174,0.008726788094660931,0.0209069634002077,0.008385204962402248,0.008346714088116658,0.008731039859626366,0.013357882160798307,0.009898371646755388,0.011175316060189289
151176,0.006045811707135196,0.023773697995608467,0.009828006054024618,0.007582377846929111,0.009097098668375603,0.016708888161932833,0.008430384567781113,0.0068285297376036724
151178,0.0064198634491043904,0.029913707412385415,0.011594276484207244,0.016822276848987627,0.013888483338408975,0.018318223856504723,0.012465339297553835,0.009656926813759237
151180,0.007152074494655436,0.02385581956070859,0.007733589055565426,0.0068212494383295685,0.007843569080279222,0.014075390818400146,0.009278264989977247,0.008937455181128373
151182,0.009321659880313027,0.04273191168508195,0.014467121888885937,0.010113891948834386,0.019234633598674833,0.02923630789531395,0.016853109660193377,0.01566897442089399
151184,0.008145170151291348,0.030028065646675373,0.011367797137880553,0.012570559150308969,0.01332567711552124,0.018553162616542274,0.01446360022984905,0.01236872879584272
151186,0.005986041252104002,0.02390176185327797,0.006701605824450729,0.007584090704611468,0.007321197230793219,0.016313707392555443,0.006650219349814412,0.006629627196981014
151188,0.01204313828384379,0.028869964694628658,0.010663657636914792,0.009524286429405893,0.011701389400511408,0.019579707060429996,0.013975047435377752,0.012549662423993135
151190,0.005837845269426545,0.014757939622319027,0.006680095045939416,0.009488473122552465,0.007195168411350261,0.009052745793678485,0.009191648934504748,0.009046114611792666
151192,0.00837506971219093,0.022395686693826633,0.008823701249021598,0.010673260172642307,0.013574261539837984,0.015124745273913442,0.008734865105171963,0.010359536407152314
151194,0.007276591828747014,0.02549526877318442,0.010641520108301217,0.009893936429251904,0.009639438898306152,0.013747606863951711,0.01089643271066093,0.009074548838308383
151196,0.0071726480130763215,0.019097683150557154,0.00646535531571063,0.007921310610478294,0.006719059934884308,0.012389341710663582,0.006636780257451846,0.005612602069376971
151198,0.005390136914583066,0.02032078049748609,0.009710149342030905,0.010805869195608386,0.008570542859022423,0.012716529821826805,0.008414363936528668,0.007403285059130127
151200,0.0026132976252584705,0.010695812859958187,0.0036817556692301384,0.004299594496487424,0.004206137442693603,0.008343843194419387,0.005586271421634592,0.0037714039005466576
151202,0.011611931185449897,0.028300349277984083,0.013006870775653712,0.011624963727898896,0.015044529710441845,0.023908074540992752,0.014608386596449086,0.010660654172855999
151204,0.006698671165596137,0.02161645697041359,0.006415401271825383,0.007886417566134674,0.00848057280472525,0.01274766254852211,0.009294070455858838,0.00770716737704924
151206,0.007430370440941525,0.022092141739310733,0.00785420422916433,0.007845055138878954,0.009511422199012465,0.014192505546955447,0.009277931995073596,0.007985568895538586
151208,0.005273082875529633,0.021469460789180772,0.006964485215190885,0.007992338840989766,0.009778795746763491,0.01257321402627909,0.008910978060656882,0.006593583366276912
151210,0.006495650356495242,0.021305788473304554,0.0072546448428880694,0.00866624012943401,0.009203779063256867,0.011870838816131768,0.01129416335238359,0.008807378108613761
151212,0.005114825953346502,0.02236678647364787,0.007593618759953957,0.008827734343413773,0.007280063652048918,0.014952652076077266,0.007919853151470646,0.006081451614742273
151214,0.007136829284202284,0.018042556485230676,0.00829586815362543,0.013139153542358672,0.009856996194861412,0.015433081146101424,0.01114031148686584,0.006453441472543953
151216,0.007452315161382339,0.017591785593698228,0.005998101996965488,0.005358700651303394,0.008351578990900776,0.015635235048000462,0.00810055855283398,0.008152093506582025
151218,0.005305312516903138,0.02811994907284543,0.009068119683356635,0.008310062623669234,0.01103614379884399,0.011525610835658506,0.00806775643346308,0.00845913264271303
151220,0.016277075140154418,0.035802148735592176,0.011559249288710882,0.015542510162371903,0.022320055979466957,0.023686534761513167,0.017027971967707112,0.012793954327353418
151222,0.005192137347984849,0.017117542915363382,0.008853104720628835,0.012708606440627657,0.007574285913933887,0.012152998323106345,0.008716675173666921,0.009193424795346294
151224,0.008366852794115476,0.031063168083609094,0.00898116213971184,0.009877803414895858,0.0091710340857587,0.01793409119210665,0.010249150222902736,0.008886693525014033
151226,0.006346573596940852,0.02312879759722719,0.007520179592586607,0.007377777279216957,0.010788423717835949,0.016057474075880984,0.010371391033501765,0.007999975284911365
151228,0.00642809353522017,0.017218977265765156,0.007406435589731031,0.009715796013697542,0.008494429935183234,0.016831408121675828,0.008860983269581846,0.008519897522632158
151230,0.007343731094246186,0.019425818790619553,0.00734347570375965,0.008061958047279383,0.008622115871912195,0.017789972859480807,0.009067279661892691,0.006953549967152528
151232,0.021111219886480237,0.0564375449898904,0.01957107160178162,0.025747500941586177,0.032216280310004786,0.0281823531127543,0.028786174754174887,0.013521730778074892
151234,0.00470933071764984,0.01494288887858719,0.006327285917707093,0.008230508700326544,0.006454639784899463,0.008307867621588694,0.007307057907196546,0.005800160430606882
151236,0.00983721736285631,0.01972898214104646,0.010015112800849713,0.010391025075138283,0.013119956810410338,0.013007604945258822,0.012658207417706402,0.008932409830790855
151238,0.005222496083316985,0.01504883978043875,0.005864156792668496,0.006700599478748126,0.0068728551483376865,0.009529193669928271,0.008444206127947496,0.006002401627329734
151240,0.006335132674463451,0.025606965920275337,0.008837230661086493,0.01816284204076002,0.010061514214347922,0.015893755795278963,0.014213501610133017,0.009378420274759103
151242,0.004262483031578279,0.017539264444118352,0.004545950471690541,0.006002398163920342,0.006300081734047558,0.00937864972300334,0.005672219956567803,0.0063279236259941585
151244,0.005648232199352066,0.016220042319873507,0.008967513076557632,0.008748433583229132,0.010909213105512683,0.013460137655713078,0.007711784635627217,0.005831334665210797
151246,0.0037289100567572953,0.022593842639029305,0.004884595426608629,0.007827569222183028,0.0074937241571939595,0.012041624069750123,0.007653119511591422,0.0054966419894884044
151248,0.00699277115339797,0.020466431845200583,0.007780807216662744,0.01117968781176254,0.009304156389620177,0.01290256331418349,0.009492999452133388,0.008249465997383965
151250,0.004450770216701594,0.014346483668894516,0.005798904214898926,0.0051832260334908065,0.00644378601229989,0.010123898927677288,0.008472069742141208,0.0057599916894803815
151252,0.007902897345335447,0.03273443138802268,0.010383994950657893,0.01168825446951538,0.01434851485856875,0.017493222570630573,0.011899859304216387,0.011704589246141817
151254,0.0042880150118907445,0.013151724473023985,0.005733640976203491,0.007828917961170356,0.00769231884351762,0.008068234260971474,0.005732949332007076,0.0052022804114537635
151256,0.008732258221503031,0.026781724409886465,0.014151768906190354,0.010145029347846668,0.01297569450957431,0.015956163779905275,0.011796903387622848,0.009309135991177053
151258,0.012772524057314882,0.04001598279359886,0.023235308574298452,0.030764330190379496,0.022301301805047524,0.03904530934200623,0.03201958693183826,0.014495994133794321
151260,0.007240998540722965,0.02528260461873799,0.009628856958493692,0.01412800574514339,0.011167570313835862,0.018677632182457993,0.01068481387271647,0.007476107514974795
151262,0.006793992111240821,0.01860412241022602,0.009495017631312719,0.013890580192647883,0.009160415870522132,0.008836133863479256,0.009478109311512883,0.007402829909675612
151264,0.006970551348030318,0.01637313909909488,0.0064133903374688495,0.007028080831164241,0.007569767053247967,0.011334189555548768,0.009250777169628188,0.0075429319774383274
151266,0.006491733389580645,0.023081118859519245,0.00736446316218059,0.010714099496198282,0.010745366738955708,0.014947005830038051,0.007075965972738241,0.0071759346414018155
151268,0.0050029975511201585,0.015545731618994696,0.005917731047062669,0.006607114330682562,0.009932978770521572,0.012146899693100954,0.007556946541025289,0.006143507884817601
151270,0.005754841510630604,0.01630905617461398,0.005210415326237561,0.008347462861348964,0.007262303913915302,0.011295077111540763,0.006178531081202421,0.005405458411801511
151272,0.007644157382720673,0.02608021634215718,0.00854711966137267,0.006380686903952049,0.011183103886791612,0.016903152588988668,0.008924227899598458,0.008036882956563574
151274,0.005647917513908196,0.018975789074044735,0.008578903336947441,0.010409963105149134,0.008475976395843965,0.009068314085759754,0.010920379905848598,0.007354519010244198
151276,0.006094736412368462,0.026502432704209378,0.007816263108950672,0.007113025496360059,0.009201246052473522,0.01640811549575094,0.0073415999967361145,0.008264829062350154
151278,0.006526041488206014,0.01827108944386091,0.007769523116522237,0.009777525593984093,0.01082999740081464,0.014026662833057701,0.010089686436025369,0.006913161652472022
151280,0.0072484157046771025,0.02573320448073546,0.009514561496154705,0.011171039660387516,0.010471230510283869,0.015662431756546802,0.007154051869868505,0.00841261441958846
151282,0.0038911873674086217,0.01149021958356955,0.0052137631733553125,0.004944277238118966,0.005993821211760286,0.009613116938991306,0.00494206142450887,0.005070631283222993
151284,0.011037446260442119,0.03539755856085325,0.013429304889124583,0.014927508158262492,0.01357125302113188,0.020937656085507683,0.015000864334915376,0.011513572663275407
151286,0.009229225688841325,0.01986591376292446,0.009153765322973906,0.009530027182794498,0.009611252784747448,0.012266111436727067,0.008472173981036946,0.010538488249526523
151288,0.007674508014538839,0.02889770051046825,0.008345936760893125,0.0069415146057517085,0.010820913619069339,0.01590211664649588,0.00956184862191295,0.010137088230930624
151290,0.005162751454690417,0.014689751298941955,0.007986829968363252,0.01002367883272215,0.007840965517723397,0.012745848960221906,0.0063769856300535666,0.006951286175658267
151292,0.008134342421360685,0.028496658471922842,0.007648402564450818,0.010595781673601368,0.010779445576219793,0.016219662765885268,0.012735997609540972,0.0110235505193082
151294,0.008310504104031224,0.029795318031350604,0.009217502258479726,0.010589242290426848,0.011858826097414843,0.016332410304187306,0.014145604265748679,0.010018929251837116
151296,0.0061105246742987895,0.017807813180329646,0.006476693716886084,0.007281906050505216,0.008438138467909084,0.011528700159680272,0.006919338024850896,0.007603237252889139
151298,0.0035725169351957936,0.01246301190518384,0.004443847888197183,0.0063457640159594875,0.00602615289784425,0.005408168072486286,0.0054812159843865005,0.00569651159094825
151300,0.008057476532636665,0.038015490268264784,0.011999364295826931,0.012364905862911668,0.01472739157846853,0.02588111324286957,0.014818103964732432,0.011833757128692446
151302,0.0035863384760448924,0.014440188967710876,0.005618465578969334,0.003892810022835272,0.00632801015766149,0.009145928649458013,0.004909372432209347,0.0046106824471930374
151304,0.006993807927627105,0.022705299334568885,0.010575788004946185,0.009918781699461088,0.011696813656097982,0.019109142572482307,0.012268337847122501,0.009815760547052188
151306,0.00825168305053503,0.024125530200479695,0.01199039323557477,0.013976451431753967,0.008598725890358816,0.016568888369485002,0.009802168298845226,0.011599363333004986
151308,0.006511257892844791,0.024979237483368166,0.006890256117973392,0.0057794802890365204,0.008950806449760373,0.01524155901856622,0.0071678771789776,0.006400508747674005
151310,0.00819367517010594,0.0217659815492246,0.008288459373949009,0.008738050431758515,0.0072240350360033845,0.015355861990485664,0.00842713544914725,0.01002510213608332
151312,0.007496853874409348,0.016110229629934247,0.007335120500684411,0.004919020275427011,0.007062771865751438,0.013737855924333076,0.008159656464723997,0.00573464071837565
151314,0.005032134106942865,0.02446390435690038,0.00724768751814292,0.006818516328227275,0.008202135910197195,0.012411318075773947,0.00706699148791895,0.005157783612658173
151316,0.006060070181439281,0.020856287912757177,0.006993549973010937,0.0061802412762169134,0.007580618476377199,0.015673723743854007,0.007417401632046572,0.005475281213507266
151318,0.007883861147821636,0.011410460342199669,0.010967359075171823,0.008680917243768571,0.009503513758114812,0.008031012883714939,0.006622036601275028,0.006330873148415128
151320,0.00862422191964729,0.03286048882732562,0.010576534304365615,0.01943120657070896,0.01653161420199467,0.013654720822930955,0.015899316925644058,0.010700837391835416
151322,0.009953312955170157,0.028975990687300168,0.011770474057960778,0.010503958888102238,0.010589274491636047,0.01999180933564859,0.01139610419669751,0.009177224104333581
151324,0.011817462025316472,0.04984068965925936,0.012908938488501498,0.009897163425849564,0.013798426327149338,0.018975230750754912,0.0151620815520781,0.014793689691933176
151326,0.007623204151543439,0.027591203416271748,0.008334855278525899,0.011618528458313904,0.012738355397304224,0.02300144119747305,0.009945313501099007,0.009259962011976486
151328,0.011494970420522499,0.02816702571477947,0.009218294843462482,0.010933808485538654,0.009457995727642443,0.018391825959638064,0.015445454998154473,0.01116980965790404
151330,0.008565527701185405,0.03258635607155669,0.0172971035741023,0.012191877901169212,0.012960162814273923,0.020017446013037565,0.012807470354341766,0.011007490326761848
151332,0.006093076473952019,0.02466514671834208,0.008252986621924363,0.010907264599453514,0.009881095916159988,0.015841633745594663,0.0064006076956992786,0.007740365412986172
151334,0.008970959300541814,0.023719120744841726,0.008674692941780526,0.010023310341924996,0.011283302427390896,0.017133100189369088,0.008760351424810742,0.008483185766756884
151336,0.005884592229505936,0.023495609563870312,0.007938818543975268,0.011048631493806804,0.0115495827414685,0.016485549261745724,0.011985337170999921,0.010629484396604605
151338,0.006245561848562675,0.026151929465845436,0.010309666371277837,0.01611381203833062,0.010772285240803703,0.017087388422653227,0.013214549380620222,0.01198772720739788
151340,0.007564019611216999,0.02889660622308754,0.013378918756790148,0.012348474150067956,0.012165219897364077,0.022901894655270816,0.011789983833318196,0.0132132441401272
151342,0.004010682563837742,0.01161076866651456,0.0039711755631197665,0.005144470771858645,0.005446242795521583,0.009405320894188884,0.00474603917413724,0.005321775051886357
151344,0.01116284512129978,0.03386147849691046,0.01268495013062726,0.014511531522232168,0.013184516071619079,0.021582805497573965,0.012718633729660533,0.013340250715971003
151346,0.00909328158180589,0.030815892530004163,0.008549752499344143,0.00800719268210437,0.019611696938856227,0.016334832718744252,0.008539892808095362,0.008343279691477079
151348,0.007915570403920713,0.028441506095134628,0.009244288741952156,0.007294753367743434,0.00750621467121132,0.015214730366093276,0.0073916107352301474,0.007313637141408202
151350,0.006135484278647907,0.01842596573988775,0.0076616708095258446,0.006153355402728489,0.0065503502272568626,0.011622974804836872,0.006175304611250931,0.006315026361736253
151352,0.006111528791645837,0.021611812620841997,0.007713776410507356,0.0074392565188541315,0.006573613147740132,0.011504717980503898,0.007908039291804114,0.007281608504537351
151354,0.003945228540938539,0.009652339606170068,0.004195166177979104,0.005329131466126624,0.005533894507277426,0.007641502463030803,0.0038330145812892624,0.004735431469109708
151356,0.005295835009420324,0.021440553751191693,0.006797915670639976,0.006740362937916411,0.009987247482187378,0.01315286944727051,0.007420585971653404,0.0058719462296075164
151358,0.005331471576861313,0.014300566874002385,0.006430938445967094,0.008618522900692371,0.007668251177123331,0.009775484976021431,0.008515899627723533,0.006819087270404367
151360,0.0077659102044851935,0.030999366228855685,0.011451052281788776,0.01308333538783174,0.013519639428022368,0.01642918342180466,0.013097700862126305,0.011532514790000337
151362,0.00965589887998114,0.031467722870424986,0.012785058247797798,0.018075733609990152,0.013813946148104828,0.0169107167777236,0.016435406715586964,0.011649546905687702
151364,0.0037691754879621286,0.013497013988514661,0.005903480829183572,0.007976870605975961,0.008084494174597445,0.0072128623721745555,0.006186553474790912,0.004361156862672466
151366,0.008546667807396213,0.019855900954685035,0.0080883452765248,0.011537027877084383,0.008475118994784092,0.01616046884100797,0.01158768289323403,0.009985456096210987
151368,0.00407913774398555,0.009617835108603145,0.0040244467442232534,0.006512207831349315,0.004593917712389983,0.007221783349391997,0.005140967890185699,0.004359836355988245
151370,0.010772105837590973,0.029929966865003488,0.011838597912073257,0.01105066934129284,0.010949354873544037,0.020555611356521064,0.01062729220862707,0.015663058360787296
151372,0.012290822866564355,0.02609128715784359,0.010333437374644205,0.009716969611264281,0.010869002131475514,0.017257479989867486,0.0157937656056808,0.010755514409903688
151374,0.0057977218850313594,0.019206161891141216,0.0075379593147781865,0.009389000900982047,0.008661389810182607,0.013183042934307443,0.008447928303301433,0.00862802784858041
151376,0.004771869709647769,0.018534887757054586,0.006910053442807984,0.005258738001487018,0.005941406256270376,0.012567094365761255,0.005635231016842823,0.005105009163917151
151378,0.0032854438873466396,0.017107044093500612,0.0047966144160143664,0.005957335216453308,0.006765947270054307,0.011301960790204513,0.006085107964409531,0.004976635265967255
151380,0.004151840128781059,0.011383146558920088,0.006302285391221796,0.008130332585224664,0.006906944693632122,0.006676491767510839,0.007819148494730976,0.007293563443484585
151382,0.005237621824012939,0.01998769685714863,0.0062151057275561805,0.007192117484358995,0.007800367471312519,0.013401562339219242,0.006791291483673412,0.00592722849883881
151384,0.0041366126486544474,0.01579290793110033,0.005537066379082356,0.007013539958792059,0.007567661737711839,0.008837722351074717,0.008766179451416056,0.006462198538671693
151386,0.007645671336277415,0.026460584010838062,0.010324163094233008,0.014695048891424145,0.012604072227338448,0.013941969133427712,0.011326951924019169,0.009561885049589103
151388,0.006293341858756352,0.017594497320422287,0.0070063961559230226,0.00718472666225467,0.00653988379740339,0.011022880915315059,0.006735092419617672,0.006931099834932619
151390,0.005606862125005441,0.018821320759343507,0.010082767992925457,0.00873648903383839,0.009053789313263894,0.01309747575475756,0.012765593392161101,0.00668189765871402
151392,0.005730674985599871,0.02055175317481428,0.00741817551387669,0.007799268594970654,0.008278682412200311,0.013428158305621773,0.007691366128892929,0.006423461298452671
151394,0.007079696782820444,0.03398595496003609,0.00980055585911388,0.00693572420950006,0.012865597733989154,0.022937077888457225,0.008690364843957576,0.008740106508351497
151396,0.008279108143867342,0.030587172871324952,0.009711488534132118,0.009100618032503727,0.015042583252694364,0.01629531193441469,0.01015815580901741,0.011962095288740926
151398,0.006068238189747499,0.021023240042802094,0.006183691670538005,0.010040591937221288,0.009885588999169137,0.012827743428728278,0.007702318716582612,0.007323455435003012
151400,0.010435834298537172,0.03327062000662573,0.015463258856947881,0.010381245208048784,0.015942008406428565,0.017933149310977115,0.02096639914044851,0.015219838676018504
151402,0.010800468525635987,0.029682251465462883,0.011081342739986733,0.010013669330913244,0.021225652534187844,0.02356884426137995,0.013159528374563634,0.011792550110316435
151404,0.008552935592000266,0.019154049465186285,0.01302788947025868,0.011888405430797777,0.009613758331657118,0.013132330717866347,0.010214893737423625,0.007108096138568831
151406,0.009208574440983108,0.029593649927150745,0.014391676770685535,0.018627962817071797,0.015455705182034818,0.022724465180232523,0.017830839485114325,0.013836176522705523
151408,0.0054437182095883885,0.018778594581036145,0.008188744563860872,0.009007491511342502,0.0072141773222834105,0.01225489003836705,0.00877022031219804,0.005996560276688712
151410,0.011005068785912508,0.019716170780414766,0.009324556184983956,0.008471737827824066,0.011047019832076899,0.015134895832603024,0.009688155472620252,0.008561204754162555
151412,0.006263206826190526,0.018731523785922244,0.006533569654243232,0.005894757492957092,0.00667763633323748,0.012159358098959905,0.0072898543026065354,0.005855894732876232
151414,0.005714594846482124,0.016353463887392117,0.007011995111776637,0.009177473918340562,0.006517256894797763,0.011553825273161955,0.007482734044810313,0.005949396230146897
151416,0.005129020273332563,0.02907355643232279,0.008455229873106873,0.007377708163689656,0.010957776415607745,0.012990450847400803,0.009081142151563748,0.0070783928933351725
151418,0.008916187607800607,0.0303949481628516,0.008886838211912329,0.013400824034548953,0.010748902738910715,0.01713470740995504,0.010062878914652629,0.00809961843343926
151420,0.00524370586806816,0.027463168074488786,0.009548216432327061,0.010287029019341531,0.011288801898821144,0.016240772708372653,0.01132402453610798,0.010853720936419509
151422,0.006589709555627543,0.028056835451796047,0.007760368362391468,0.009390134377602666,0.008556031063109482,0.018988152291478322,0.010816934948144008,0.0074503368564684536
151424,0.009096623975879403,0.0177797227967611,0.009017067021734937,0.007898563563685457,0.00861558488556119,0.01225038378519333,0.012960843075022821,0.008567865442793199
151426,0.007816568750173225,0.022384328581202206,0.009724712136620683,0.006561441805885915,0.014152298936531915,0.0147079329066227,0.009366024142843321,0.007840081486822692
151428,0.0039102147143808,0.014783552762779095,0.0052141419178364234,0.005446805849196379,0.0071640046462597695,0.008306361442001142,0.00808003720705891,0.004683831364403146
151430,0.008144232825695819,0.02643001256279831,0.008093315276408442,0.006660834472725308,0.010054131789261123,0.01646844923940094,0.00843341809965198,0.0052895864033806195
151432,0.005731201790569129,0.02655145741663234,0.009562415444414052,0.009939162263199963,0.01062533371754526,0.017467717164837637,0.012733525698385206,0.009232718970967113
151434,0.009811309930594314,0.029239533618238056,0.008552975556669118,0.010169006592378516,0.00990906057019153,0.01577317287171831,0.011480361616256707,0.009175715300019371
151436,0.006158368652227575,0.022584906598904775,0.006949369323226762,0.007610905230786225,0.0075760380644995795,0.013843356853318278,0.009999720158150593,0.008040031908640943
151438,0.008169403314256307,0.022305503336934374,0.010609317734593893,0.010012548029374513,0.012497470839889502,0.015410841796033914,0.009262038443537401,0.009633110974907544
151440,0.005834668050532843,0.020484828924436593,0.009453290854281926,0.008799327739037688,0.00946243795859858,0.011563977518138702,0.008389711182070991,0.008018465204930048
151442,0.010437472295197703,0.02883688755735947,0.00781754499772186,0.01026456449757518,0.011058258490370898,0.016660399397792958,0.008582788985946943,0.009585814065342868
151444,0.0049080204438017305,0.02494327390074691,0.006760381282874484,0.007637474066966243,0.00883367156969772,0.01641494953873135,0.009072422565403748,0.007133257125016501
151446,0.006279452553172027,0.028662294863327276,0.00972096977589687,0.007772619253289259,0.011116985184683736,0.014298975632429711,0.009154528074049262,0.007823202109282557
151448,0.007403791509475399,0.0255935476554614,0.007210198668351764,0.010299755498627272,0.009494608170422192,0.016911674047209724,0.009005595120013032,0.0072812359448670705
151450,0.009758268289097816,0.030691051147320403,0.012747681055190141,0.008838490031167545,0.01153198191991578,0.022842120811535693,0.010830033067477984,0.008720001895981044
151452,0.005778443796623789,0.028497720005111526,0.007861033213575619,0.00897501037731474,0.011234413949436084,0.01705731500569052,0.007765563535191922,0.007259587928105882
151454,0.006829506238009486,0.018641420698849664,0.008612522911410958,0.009987324918952822,0.009546240652170968,0.01642042161654289,0.011613541787809878,0.010129138225565493
151456,0.006450996111325935,0.019753980660447645,0.006964978914848763,0.007867176550001354,0.008706569506094164,0.011308013063127342,0.006143657384728718,0.005731625959488673
151458,0.006046882335186743,0.034609944273999105,0.009108246130430653,0.01054310848176332,0.01184542629865093,0.016897434069762518,0.013650723201919845,0.011009516559159715
151460,0.004905325374728042,0.016761818701598097,0.007235069317774512,0.009890049019718683,0.008096524873658417,0.010268346641985338,0.008743577034403538,0.0066299208164446455
151462,0.00623913486494132,0.030570824433757915,0.009356028677154349,0.009232020261663365,0.01216283195195006,0.020348871793348877,0.00824892193096205,0.007729126407526543
151464,0.008196180151920418,0.029026047792619858,0.011953299460003786,0.011027172678451658,0.011964204291553537,0.020929696241553053,0.010888672286084644,0.00926850153546438
151466,0.005409494114218261,0.01661541525454968,0.006661645664408411,0.007409572681123022,0.007200610878956015,0.01054832199238881,0.006639567766658416,0.0060936417814808075
151468,0.005907138261964429,0.01897759547037503,0.007448234069982684,0.006782547297813635,0.008196665814670434,0.011677476158322486,0.007792403358143629,0.005906887450037035
151470,0.007120998008236734,0.020669875553721795,0.007858795304580612,0.00768803143906821,0.00888722170812728,0.015978322144968082,0.009181255803918431,0.00835583234635312
151472,0.006398125881086125,0.018030525098056138,0.0066344387650696945,0.008138523969989875,0.008463033571175282,0.01555298204608807,0.011062663710069087,0.008287835342213834
151474,0.005067388058023425,0.037802466156122705,0.01063880871285705,0.011571280854705046,0.01243044458232867,0.018850131910429724,0.01563692692940344,0.010319011338040751
151476,0.007483886448145738,0.025123936642344802,0.00845306510137167,0.007692347595767757,0.006474243953800196,0.014683707105344945,0.011478432996593624,0.006823167003135178
151478,0.004397316937217122,0.01845824220697012,0.007494322700552836,0.006705679551771704,0.006040793533060251,0.01222382166662378,0.008723014720320776,0.006832054333854531
151480,0.0062380791264172175,0.02345680061787281,0.009292738814516144,0.007777204822757844,0.008833002131629408,0.014774582105619771,0.010463895879468998,0.008728351409797108
151482,0.005851773296408291,0.027566991644489613,0.007344342772515944,0.00719932877451207,0.007856605262964111,0.011330200086348496,0.008191352637325844,0.0067821570527653585
151484,0.003924359086632245,0.019967873569282313,0.008260784479730887,0.010195893320986082,0.009602304148202734,0.01429700496772407,0.009557183538739855,0.00734881684324501
151486,0.0068630870325714355,0.024272028783699717,0.008073508703258847,0.008959203655312109,0.01034586058609227,0.014830978285898022,0.010139502349653606,0.00859051044082243
151488,0.006559498623918358,0.028568434413650756,0.008462368732380432,0.008046173938705492,0.00942342117686007,0.016737696762199272,0.007922882270206488,0.007950647391282928
151490,0.009130874784937737,0.01578753769490593,0.012128050108018373,0.017495575852536582,0.00946092183041003,0.008835908349036414,0.013672117981585963,0.012932600990673615
151492,0.007313425601766177,0.021043100442314833,0.01017890699160967,0.016131476445835347,0.011330244498044595,0.01336124414798473,0.01132150341642163,0.009950216538250567
151494,0.004408388975551958,0.016442162366786306,0.0056546745378032726,0.0059811608874513755,0.006639562909861674,0.012047673319418806,0.008176367949188412,0.00680756846345304
151496,0.006921442884276985,0.017990013748070632,0.007195542554631951,0.014166049511712908,0.009938740363968412,0.010548755106860819,0.010826593830808529,0.006620261480648537
151498,0.005905201765577461,0.01865014976411694,0.0064000164032087525,0.007319840690571733,0.007855996385233377,0.011905685863618454,0.01011156628994403,0.006917260750771925
151500,0.004624739212490125,0.016150676831383715,0.005753151668614009,0.006821374970271743,0.00782201596250176,0.01071811166276776,0.00633509116326203,0.0048688812942287996
151502,0.004319133986464829,0.014138411520179028,0.006313447984871212,0.007600740146163076,0.005668290454234948,0.008747389694703012,0.006666029629557535,0.0054045173662658486
151504,0.006950191686385887,0.028539054666509855,0.007998519935345172,0.010428054048085278,0.014511958747460918,0.01342146800024957,0.010224842058777439,0.007403733811726321
151506,0.005243092988815923,0.02002806884263819,0.008581645975480667,0.012620949286228589,0.008057992846634221,0.00991634800258595,0.010877265284627902,0.008674112823983615
151508,0.013373596881201044,0.04476330657241534,0.01499466523085946,0.01809797821048509,0.012014108465848494,0.02182497410442097,0.01801938583565832,0.015110705434119076
151510,0.01404089784891177,0.05076303057998666,0.02115467401209359,0.032633731862517834,0.02116503941152903,0.029345056134445713,0.02387100749473703,0.012716018995064582
151512,0.006152031114087464,0.023415278328517752,0.008099194659939857,0.011202956748320503,0.009830669709004702,0.01523904432304235,0.007819618902614123,0.010215365133960042
151514,0.00392758865414683,0.018414106433014332,0.00433190475018197,0.005911044285312528,0.0062009393110976085,0.007741154651746962,0.00619014397118095,0.004990125066633988
151516,0.008824745481474994,0.029906903879874713,0.009222113749353389,0.010114461416378617,0.017055477893208826,0.02500050857987568,0.011359535499232187,0.009477668300432784
151518,0.004830168086101205,0.01640930657850337,0.0070839390154811,0.008536074705080887,0.00936029408280753,0.011270372711923216,0.007342626562323318,0.006318817403205834
151520,0.005405894453686111,0.019920978847816295,0.007870486409488286,0.00887437838741878,0.009269036641655681,0.014248940420540146,0.007649511613579074,0.006340582496637881
151522,0.0063807856986422,0.020539446158604813,0.008468181815133369,0.009794222453152202,0.0070565768540975515,0.010967209265140776,0.009140934486140395,0.007181573138423991
151524,0.003847019218712458,0.01740914068159327,0.005789100877999831,0.005483218495157871,0.006349817186897033,0.00854799722898042,0.005219382268983941,0.004572088801163554
151526,0.01313660182060078,0.034930503341513486,0.01682802129796901,0.012406301820411303,0.012899437244176026,0.01975930064509157,0.013923627403844563,0.010684806171248395
151528,0.005034552931757974,0.01522806082940864,0.00633928448141724,0.006802910818033192,0.007707710281313285,0.010521247819621993,0.006842580576070567,0.005581904214271072
151530,0.005770922667512279,0.022832599910707962,0.007354319659020669,0.009553422579891502,0.010682534359347295,0.013801297116506683,0.008236919141904275,0.008342200377862652
151532,0.005623354361630695,0.015008976018539288,0.007540769579945428,0.006432933006843611,0.009489992908237932,0.010392080786375324,0.0072884205239965305,0.00558731726596623
151534,0.0052467092782892966,0.01685975712597121,0.007360445831317508,0.009282900267862715,0.006942792169528644,0.008864916843089654,0.007669087623587922,0.005120806285342783
151536,0.0057036982397678515,0.019749951353574602,0.006800509477614902,0.006694122861063134,0.006758897651455931,0.010078692565054281,0.005510191400439679,0.005478643598293476
151538,0.006962636173246717,0.024485141475720562,0.006603156629317264,0.008625857674218418,0.008820139285550477,0.015397431551747387,0.008328787603596233,0.006381147555604372
151540,0.004433533035817172,0.02237798855597739,0.006627229952421709,0.008927543305304264,0.006592675906919254,0.01193964284767196,0.007909151104801282,0.006955012557492646
151542,0.009861075386400131,0.03152309871802572,0.013016168388153615,0.012802718616268527,0.013834562256621885,0.01709666539546384,0.01441392159606375,0.014348593396030174
151544,0.004944484701411511,0.017354490268514988,0.006359697904537109,0.005734615893022765,0.008372988856880426,0.013058249681901168,0.006757501152985734,0.007790786822880813
151546,0.008740779382687913,0.024896420784497275,0.010991224691645707,0.012228533951068654,0.012506946221340576,0.018033550578210544,0.013517416571296403,0.008230266718199042
151548,0.005325532549751211,0.01907003323191625,0.008939643069113323,0.00883787084133858,0.008214672462791894,0.013600760613763363,0.008793740224199986,0.007007801922314594
151550,0.01022074404136758,0.037327071865196126,0.012843479303106309,0.013880220393895693,0.014489265284958253,0.018574183947711598,0.012009806739526008,0.009915793042794496
151552,0.0033065303049785305,0.011476710467503759,0.004534942717246082,0.006140102582701312,0.0058029195895203944,0.007261534396520164,0.004989189322253174,0.004265702841267649
151554,0.004196447029432504,0.015242098040290308,0.007160155856134942,0.005862948432265258,0.0075200167745875235,0.009507911450733708,0.0071278703694857,0.005816128592428527
151556,0.008286401514824071,0.02312523981312098,0.008554607297356576,0.007822959600849666,0.009544426667087491,0.014390119793605882,0.00806437724509923,0.009316386394718157
151558,0.0043501089538813265,0.015483423991337342,0.00501923683759764,0.0057265065224465506,0.008595365743168992,0.010988769013542177,0.0050229166130400515,0.006358601119968776
151560,0.006306637059879883,0.015892207869910635,0.005452436886344003,0.006174137199832563,0.007136013574998101,0.010795507356464507,0.006631090505621273,0.00534341620145562
151562,0.006910129002788645,0.02596416263397594,0.00998616190990781,0.009025155491306558,0.010273839163144283,0.012375937136711868,0.011477060071386769,0.007688905549191327
151564,0.00864024986116313,0.018120934538331746,0.00827753407595383,0.00963867815040148,0.011397009343888875,0.010902709945207256,0.009814303467964303,0.0060921378422131856
151566,0.006202760573220056,0.01914459295593307,0.008487892583775525,0.008811460624159884,0.00961042157048042,0.01363425834110732,0.008015739384825915,0.00952317542180664
151568,0.007401213280648022,0.01863185159681624,0.006292859563914954,0.006697810161560069,0.009258799139921559,0.012014678494211284,0.009300163895753999,0.005752142403097127
151570,0.006026970749117899,0.023777640786752707,0.007230185270490352,0.00634430286488219,0.009021939483515817,0.014902781957475464,0.008786867975356716,0.0071901171655724405
151572,0.005964247188501359,0.019080920363737874,0.009338683012694027,0.011125995900457042,0.009138475664684842,0.012337129066289698,0.00964433473654941,0.008476241170055021
151574,0.007417029464447611,0.019877252618486274,0.010004354891347822,0.009428610557993267,0.011495206869799546,0.01899527395204359,0.010868518994237242,0.009118861111295173
151576,0.004409324972114215,0.015868667661610658,0.005864113431029105,0.005266490847177785,0.006723493294487126,0.010191579972890219,0.005551525913244371,0.004773582707007729
151578,0.009080126875254335,0.031768286911656674,0.011085592524841259,0.00992792853903085,0.011923875391685934,0.016831415854539955,0.012939249697259625,0.009266177660991526
151580,0.009563763354593358,0.028390971572127777,0.01064331867338808,0.0162707602500598,0.016724990941689777,0.020791469010383645,0.0122115558637228,0.010865962118728811
151582,0.0076742756541472446,0.023508356522079277,0.008316373510751873,0.008911831911269152,0.009306391582924789,0.014717553977278364,0.009737834451585492,0.008182350203723987
151584,0.004506307779630847,0.015500925045866032,0.006337328217790095,0.004698829510383584,0.007210215117269492,0.01170888756087951,0.006375406667359584,0.004543982495278875
151586,0.005633571132258375,0.017482786471090472,0.005556770928874466,0.011809103315219005,0.007087720852317292,0.011916225737885533,0.008917252776905693,0.008068807137251222
151588,0.007902980800838455,0.019451435064511635,0.009934716430187729,0.009771249716080066,0.009312212969637967,0.014366394813021766,0.011054098549501623,0.009569883332567253
151590,0.003962398605734885,0.016274432698114794,0.006484698545651535,0.005724215416087697,0.00652288918435856,0.008229915242115249,0.006291057032372871,0.005689755461182111
151592,0.003373138717678581,0.014325696341987992,0.004533185804909634,0.005225645296048909,0.006355554860443258,0.010450398098627078,0.006035629260941422,0.004715201165205407
151594,0.0055481623226549814,0.018096278320570924,0.0069708175869843125,0.007502977159868307,0.007105005952308618,0.010562460193425105,0.006825303965307727,0.007277339262314053
151596,0.005087902428332569,0.03438789555831878,0.011268423849490006,0.011328631457630856,0.012132349978595747,0.018629768852584938,0.0103908519132348,0.008157960549935395
151598,0.003390767346314272,0.013400529063368971,0.005039869410256026,0.004829393471962595,0.005648131409465629,0.006301199483008446,0.007151003373019604,0.004366843621890271
151600,0.005114367712001633,0.015757666056664954,0.007413058119397853,0.00712775966097845,0.009308547972325165,0.010961872950290774,0.008181502393714624,0.0053185633123745135
151602,0.015116758090294447,0.040828309480108516,0.018632217716231025,0.016831671040052676,0.021309403557020268,0.024976552739354396,0.019526423635363166,0.009061716920945317
151604,0.005047434915612714,0.021594737973808842,0.008512889792209544,0.007357638697636004,0.008170484860765603,0.01751168253919766,0.008822683671746212,0.005294795126076279
151606,0.004221900817075408,0.013276016473826646,0.005293599223833212,0.005701464583358851,0.005714737906829193,0.011066903641605785,0.004740485038978781,0.004147391012383261
151608,0.008381432514638354,0.017466133787608307,0.010019029184314354,0.014541867562525346,0.010407856001205806,0.013730245538800867,0.01159895730694438,0.008201767491753609
151610,0.0035809572643503845,0.015880488163531936,0.005758090773513358,0.006436325306913793,0.0066270540583293625,0.009018507537062403,0.007897673643185499,0.005546103597776908
151612,0.0062031138257658824,0.02044960281792485,0.007888693815186143,0.008772950094444953,0.009546680343848701,0.016834203667805747,0.007862193246899685,0.006557998587741809
151614,0.00536516784341684,0.016334196627090458,0.00705009553647834,0.0064395845738212665,0.00904356371409959,0.011759641736016013,0.005777769843234859,0.004751498981008462
151616,0.005269934543258081,0.014414603214455646,0.007548655867890608,0.011648660733798444,0.009373133641217501,0.010781970590913126,0.008622863060463226,0.008414489690065585
151618,0.008937008620028886,0.0394805395552853,0.012036606258934768,0.015132716236369248,0.01286504166803959,0.016025820018015446,0.02067451184434166,0.012250792810582
151620,0.008122507921742239,0.028556890207803498,0.010041437070768211,0.010159707282834995,0.01475432844089597,0.020205525212703357,0.013002175639261537,0.00995030572259048
151622,0.007125489068202706,0.02270291932768842,0.007873354018950673,0.007438761708945807,0.012457527837810789,0.013212329482450935,0.008207953429741066,0.009773806966755283
151624,0.005453167517291746,0.016695942977113853,0.005429576630860078,0.00890527223799259,0.008224412916486623,0.010232549158105064,0.008984214094098775,0.0067138050793862925
151626,0.006392409526179199,0.020026196253652984,0.00981619606787465,0.007798859332668551,0.008797296853658987,0.011146000968864422,0.01002312684498552,0.008339512605179067
151628,0.0062241322348912664,0.01883399347874204,0.005966058677207509,0.007773768803431835,0.008408904132238604,0.010722700120007256,0.006519803817794989,0.0065443239556218225
151630,0.005964023936379237,0.010578762632191874,0.006921999523115174,0.012220798703626912,0.007048992044440594,0.006320229415671896,0.007268508525817063,0.006873761922406629
151632,0.009285501928069984,0.03401220004512795,0.013112195366421497,0.013982794075763971,0.013967702706992269,0.02598133802301228,0.015231117124070659,0.011651608873451347
151634,0.00500017010357201,0.018817661635722738,0.006261244650943354,0.006683003706375923,0.007797439499448944,0.011020930105609672,0.008442584951140475,0.005761996981247519
151636,0.005703604833784404,0.023277175759567337,0.00764380432216627,0.00672212367131686,0.009300097792555528,0.015713417836123122,0.0074748977363583435,0.0055918637607286215
151638,0.004998226236077541,0.020448256112903573,0.008991707067625754,0.007674934888020568,0.007344178038283522,0.01408988931678451,0.009221515606952446,0.008200065856798278
151640,0.010212580588114195,0.025669172602432733,0.00947949624217076,0.011721882424984786,0.015199766980817708,0.015031336473141421,0.016797601570389453,0.0099482085100156
151642,0.008051747360396044,0.01881872049637323,0.007170680687651476,0.00987997909985966,0.010055569206977533,0.013715751826166633,0.009339325264383413,0.008703228665516483
151644,0.009316881170082836,0.03649716762603483,0.009072527595732405,0.009844602527189272,0.0084511375917376,0.019037119086129373,0.012176977329927618,0.011063635452562226
151646,0.007475400188434955,0.028740068679326214,0.009580529088672185,0.015545324738408306,0.011329119957256495,0.01583546765872157,0.011148522926214322,0.008118718512307999
151648,0.005517624840607527,0.0182794694715549,0.005766780326288912,0.0050940690744596395,0.007119182366938981,0.014839630225696121,0.006760173001092662,0.0054518966470485375
151650,0.00572367540414126,0.020494751594981375,0.006347761946416064,0.009010772838818903,0.008978871749179496,0.010414491211523436,0.009450552800488232,0.007844873003346964
151652,0.005950195063044783,0.0201362282704034,0.00797582191307189,0.008316688778254644,0.008820069313117074,0.01443102238263766,0.009808212070763711,0.007271706491081498
151654,0.004401568898973807,0.017009939826737375,0.007781246237398287,0.009486957812734842,0.008762138126915175,0.01335898957194459,0.009052092206744078,0.006841017700057961
151656,0.01086917923270253,0.03531063496267084,0.01321673862947842,0.00824967983934699,0.012910105014470263,0.021484887003580866,0.01413556434340274,0.011046554680436194
151658,0.011043799993192494,0.026590374481102685,0.009755262705703205,0.012479894168394845,0.009684406955515534,0.014896803213916066,0.01178001748371621,0.008886265090135625
151660,0.00733659715539009,0.03202959744137446,0.010305652740727533,0.0156348474933401,0.017618382185619064,0.015409300920927793,0.012079101825880623,0.014140330469980589
151662,0.004875907431879656,0.017025471469197306,0.004531975930752774,0.005473077310831409,0.004965934486627133,0.010007063205094369,0.007003364321871486,0.004826689023143482
151664,0.008826612935895428,0.027232073820116165,0.011570255011046138,0.013950058595781079,0.011177096165751133,0.016696447441092666,0.016729207690657555,0.00997940707508449
151666,0.0053847688665143445,0.021301395102117704,0.007288382359678158,0.0074589929141097855,0.0083872682295274,0.013861526354679521,0.007816227539024168,0.006614715762376433
151668,0.005229060528590124,0.020765822219132923,0.0077904961536937045,0.008428248971271979,0.00887452297402952,0.014936364854332362,0.007858243142276289,0.006679685837991889
151670,0.003837675802242979,0.01366522607228049,0.005093907418146415,0.005642402423529147,0.006328153588166574,0.007846462141119004,0.005799336555627976,0.004915914717307013
151672,0.00426576220849384,0.014729411577187657,0.005282375391759908,0.005559922682524254,0.00679599183030094,0.00905153221067817,0.007221651653053718,0.004847294822184267
151674,0.0072999838217638335,0.025599321751318627,0.01065768343688106,0.01111880620523037,0.012344425874887044,0.016722574452220584,0.01169125433984064,0.008832828474014898
151676,0.0050175953642384585,0.014286377123899963,0.005917311509247514,0.007524267418734576,0.008125481521712496,0.010202281520319767,0.007111310142353722,0.0055697480627259766
151678,0.004299596450664467,0.013315105489073498,0.005267386272919339,0.005019153437944512,0.007043262031140252,0.008990383138332503,0.00547676322639834,0.004888059871386796
151680,0.004107000769329128,0.020244662002344427,0.005952773532730049,0.00777676854419479,0.006899084290594937,0.010862899235013268,0.0075143463809803634,0.0058369299231344485
151682,0.006126223725061664,0.0336230082242841,0.011809168087495436,0.012369587255600445,0.014263204111700178,0.022667821985589365,0.014187081024703618,0.010289991478899196
151684,0.008806622967903799,0.025841617006450157,0.011938296339339738,0.01142966318806149,0.011447193754393403,0.017968342964565842,0.0104967944761572,0.00783777268597774
151686,0.008173129092181819,0.027222430432871647,0.008349766570672268,0.007750707367197629,0.012923109674262356,0.01676589731067768,0.008267969511255302,0.010811937460024845
151688,0.008773533507904274,0.028905426971555848,0.011276935542746891,0.008265361460570164,0.011599937880047373,0.02245408346786193,0.01064009212512268,0.007024298705824217
151690,0.0056366136949401735,0.014852395851781053,0.004128281724442795,0.0066417049295672825,0.006364561494898224,0.009963049812056701,0.006491363608248868,0.005176818014285267
151692,0.006745428686956656,0.019352532913759157,0.009239633036103534,0.01228484169483629,0.010225601487497349,0.014605112505174989,0.011207116207610002,0.009357595477324454
151694,0.004979267834986922,0.015313745625466169,0.006409796503053455,0.009513670522610929,0.007578660832766815,0.009655693885486427,0.006425203865156881,0.0066377635889181
151696,0.0042681635210378155,0.018966417720722717,0.006086877260323087,0.008290740002749653,0.008555392903693226,0.012091546724949609,0.006893093879643042,0.005329790692212344
151698,0.008856064725620227,0.01684345034290402,0.009981386986056329,0.0071977623343946195,0.008388624774895215,0.013358887956878507,0.010319925631716631,0.007922720455001697
151700,0.007610361846844604,0.02508473945755285,0.010419313860499102,0.007723783668605544,0.009969392926805709,0.013962995698630687,0.008642739077352468,0.006977355721309808
151702,0.011272154043645566,0.022775808530255626,0.008563024809389086,0.008311430571714462,0.009003557535013584,0.018617095911545256,0.010939524481591578,0.009998545997547625
151704,0.004920503389467756,0.021679581901290712,0.006272736706496085,0.008279209832986967,0.008341717227303924,0.012713392768140486,0.007209137120188558,0.005288767116598203
151706,0.007604991449227327,0.02625975137569103,0.009400777954132744,0.009407798010116153,0.009736949258673855,0.01505139540604189,0.009895893020341051,0.007841420747103423
151708,0.00568380767612503,0.020790304466374643,0.006891203622938991,0.0063516031771931325,0.008576887011202905,0.013486554573556797,0.007351661900882656,0.005878794790917574
151710,0.004600338361569811,0.023206761260407882,0.007386610090588663,0.00788796855599877,0.008101942679524576,0.01240568938218467,0.008076370206687111,0.006116274420142398
151712,0.005517012759065132,0.01357069579604464,0.006678286587673776,0.008063000345205629,0.006822122032288158,0.009792073926096434,0.0077383072885697235,0.006002650995431902
151714,0.006715205603342378,0.039084350758315844,0.01659973777555024,0.01321909424448009,0.015402716536516758,0.02461196284951428,0.01715307876844463,0.01099645876321631
151716,0.005362597739634545,0.020772496593785883,0.011671839336603596,0.009405504426596212,0.009058074612418532,0.014968599958813888,0.01199182426767842,0.009153889356966483
151718,0.00637805781789158,0.01582588335260482,0.006350231599768996,0.008730342298694183,0.007914560215618371,0.010593319966247572,0.007995809499823148,0.005683343715645606
151720,0.007736287446587442,0.020458932950973896,0.007715723939701269,0.012834486676106815,0.00983993547876616,0.013600098517097037,0.011614866644155342,0.009231181272723044
151722,0.0063327643814128365,0.014411336601913627,0.007307329222956904,0.007932277015170408,0.007350711357873019,0.011826914281033718,0.008378683869469938,0.010159447444014147
151724,0.0076384481824176564,0.025640355170360785,0.00700518384244142,0.008949429148160881,0.010572387848717446,0.01903802373190988,0.009231622238266235,0.009661371573008504
151726,0.006749646701183443,0.02872126183282675,0.01176533042688549,0.014103598928951522,0.012468144435130724,0.022381439344416387,0.012051742985264013,0.011852438347824068
151728,0.009215523806047676,0.03325560743024014,0.009966886084179727,0.013645643446269284,0.011878725619930641,0.020080731143822028,0.012974945964865592,0.009703532563154482
151730,0.011267787974672538,0.02772442415113119,0.011027446515966821,0.01775477173976392,0.012678560044233012,0.030674043396272888,0.015875756430606458,0.011810358309695401
151732,0.006308682081823669,0.02377537065495461,0.009605053873122993,0.012264652579077273,0.013789663514698847,0.015186120210622711,0.008442613703765256,0.008210108189923349
151734,0.010426336148384507,0.023299328970111333,0.010373357851650111,0.011536371664182588,0.010520868765252767,0.015477776651680097,0.008447924194487977,0.0074721834988600855
151736,0.016055744488508106,0.037349456071765985,0.013888437680027232,0.010502882237947375,0.024404787408244033,0.021024424056182767,0.015605904411826244,0.00855367426441328
151738,0.008269798779242388,0.021370889473848687,0.00777264815522255,0.009878629821129303,0.008788368212732378,0.012035399785903289,0.007831135788492816,0.007966216540410187
151740,0.009890136452099851,0.017855724445292376,0.008760090617806249,0.009654329263311612,0.009743623016690073,0.012895905427004806,0.010053320485540418,0.008657123151449897
151742,0.004051868463481378,0.014701333908880232,0.0059724897258251475,0.0058197520489224885,0.00557073897431426,0.010493320036486564,0.005787078405684876,0.00598215086190651
151744,0.005579654466399353,0.02661444045793382,0.009743780402611313,0.009644656682195107,0.008034007087507844,0.012907687367559595,0.010101888907630752,0.008598964939003972
151746,0.004618686368562663,0.018697790665289427,0.005702939760279302,0.007695680607018085,0.0061436643925816825,0.012192514655709807,0.006617251352196762,0.006760718216079431
151748,0.006372381364284918,0.027912913140028195,0.013403692841704506,0.01635165745657119,0.010985877851156511,0.015618533565216808,0.013795839371582908,0.010781077828274699
151750,0.006105050075371432,0.01881641884114793,0.006651799168479189,0.007519698896907345,0.006965976316151645,0.008683017963527995,0.007666641048249767,0.006273293764325283
151752,0.004571729103915401,0.014644752208996303,0.006007467355416907,0.007407830910588997,0.007577029007663549,0.012809858359652593,0.005139559807274319,0.004188083040929991
151754,0.005209564550613666,0.025231963612245778,0.006900944681011156,0.010114071778958511,0.01155260800808211,0.011712336779288235,0.009814161751757533,0.007170593621754817
151756,0.004161624083772131,0.016043915551623655,0.004553239409411047,0.004908848318851966,0.005036509137266665,0.009194520685644969,0.006577239316891914,0.004164674795543499
151758,0.006629577452178792,0.01719892906822751,0.007205899817724293,0.007800029246036788,0.009679788301905967,0.013404809051085709,0.010191760492356261,0.00602230384265412
151760,0.0055728356377918176,0.02012376306546404,0.007523605640262554,0.0071288843987673545,0.007674226049575461,0.011562062717082933,0.009551101118108696,0.005035938097471215
151762,0.005624505366828514,0.020778407359991258,0.005950991650538251,0.009211890758911212,0.007637859538381031,0.010605169460659036,0.0072409947367226835,0.006144528725091691
151764,0.00982142602486058,0.02917506314956686,0.010982732523647842,0.012864695189254205,0.016495913054478173,0.014448803196099258,0.017566492805337397,0.010901763966196576
151766,0.004321231914783896,0.02113607381715732,0.006044740015337391,0.007189642083363312,0.005794486412478372,0.011157758902467174,0.0071775378400045775,0.0066422890663125345
151768,0.005319426202294919,0.017197553333217153,0.00576831938326855,0.005611768183327259,0.008626353136410359,0.011438621222758849,0.005855446606006787,0.005744570651447456
151770,0.006324177253734575,0.021705224703183257,0.007745285045523964,0.01023355759528699,0.013204426035295036,0.00958508753170495,0.008477153506652124,0.0068270041724396435
151772,0.005331330132990253,0.017591417985024727,0.006792901479413305,0.00693931111556001,0.0071237961081399015,0.012074344742046828,0.00837326292592172,0.007218616638502207
151774,0.009409351793597198,0.027934451992335463,0.011467435936997339,0.010107592909239571,0.014041383421320441,0.01943948701332432,0.014008739884737942,0.010584409597448607
151776,0.010973533386695655,0.03335376679785029,0.011382361195382329,0.012003056836093151,0.013294031518557015,0.018716227181503342,0.015368686996453107,0.009815886035111854
151778,0.005153384023382168,0.029673128152341244,0.006372206506348954,0.006032024842981321,0.00973436743079703,0.014597141321459839,0.007362736930922653,0.005257403557701823
151780,0.0066607092106460986,0.016606047051850092,0.0067987118221446985,0.008270521057057112,0.007802826076158453,0.014867200025068306,0.00909540461300673,0.005620375704866787
151782,0.005738131472139196,0.018127438266507534,0.007013559925618473,0.007753745955746405,0.008711520077948842,0.011293176787376069,0.008891997139557406,0.006573056200687155
151784,0.0046118157538149185,0.014405385735456522,0.007100880470719773,0.007938295441086929,0.006564925770366159,0.010466536111513103,0.007707794008009972,0.005584158869695932
151786,0.005715856542776232,0.021919696801853128,0.008638100309108554,0.010236560590382249,0.009328969849880464,0.013689866194479594,0.007680473570371993,0.009742261019667575
151788,0.006275300321645583,0.022638630065652032,0.006744308919195641,0.006793676457667042,0.010620273198056529,0.013648616677210734,0.007152137504308487,0.007154359402106403
151790,0.008091150431323302,0.024379625030555907,0.009107192366963668,0.010360959089756927,0.009884935638779846,0.0143648159867516,0.008830618689913194,0.009747993522414566
151792,0.005764773070884355,0.026366861111996265,0.008504073720993155,0.011296025749838512,0.010889476193685965,0.01611535558518895,0.010380944595653807,0.009326016737729648
151794,0.00451385019879158,0.01920402251047748,0.006501666196421008,0.008945163991871619,0.0066503833991760075,0.009953363500776524,0.00796971078945724,0.00779209687437743
151796,0.004912434147225975,0.014395422083451292,0.005934181530520277,0.0053373671021699765,0.006247675858711554,0.00887891166779925,0.007371024686284644,0.005736879734764833
151798,0.0074090519241468145,0.030010829595114252,0.012348694382025238,0.012684027093258499,0.012759053418411048,0.016073618864522965,0.018233560041153396,0.012485303234959
151800,0.008381845873471017,0.020779189224878758,0.008623925784388087,0.007391486467156705,0.0083464472606814,0.013539870100709672,0.009890763309133632,0.007169165311788961
151802,0.0048670909855188516,0.022330213142735866,0.007820833859022491,0.01111619963083954,0.0097763409782759,0.009953024550342138,0.012312680303148638,0.0067591647175971326
151804,0.009765339564182796,0.030513683567733096,0.011894451829705055,0.013066633891502255,0.017129706548893786,0.020641691931050588,0.01178544741657106,0.0103454271102415
151806,0.004742846072686158,0.02038633859804606,0.008041577886370499,0.006379701379517988,0.007034534526780212,0.009023544584781718,0.008682176534355657,0.006249551090711458
151808,0.009187462125191337,0.030379658903451068,0.014269511802287804,0.01759905554767105,0.015389407801658594,0.018771293167535674,0.01436645018067595,0.009380579219584684
151810,0.0062811825628728,0.01997170603472065,0.007962784223472463,0.0075265993857487334,0.009047122315486655,0.011651174590501745,0.007059288402225583,0.007201939886780417
151812,0.007121366445699329,0.01738087550657874,0.006334590667481876,0.006334365332234748,0.006776313310755455,0.011788299562454585,0.007962469088475865,0.007702088551055086
151814,0.006025605766659725,0.0167599859972265,0.008111701980624497,0.00660293383194116,0.008957853914446867,0.01208071830133961,0.008058644281936422,0.005581249614430073
151816,0.00859873694455815,0.02070521359920363,0.008836908478483674,0.009308146864986322,0.010713423934195276,0.01430813049098223,0.011168853736033546,0.009325078517310514
151818,0.0062451320239687025,0.02058248767198756,0.007205479869278053,0.00814249952061008,0.0113799051219452,0.01598723652195133,0.009591768885357566,0.009200008263184012
151820,0.00296406193777167,0.017144414751900428,0.004266855223205079,0.006302701799143273,0.005302360736252121,0.010395702511240223,0.007929534039370412,0.003901331372159478
151822,0.006513630463764797,0.019492214880930447,0.011903193469336992,0.014657522154017721,0.011949073789821796,0.01435509490110981,0.010366954236782855,0.008293233993995841
151824,0.004829137697246688,0.021501621011098315,0.007648306129195925,0.005655714438480841,0.007417246347189099,0.011563187543345066,0.006962357656932705,0.007761379164519022
151826,0.007233057965221834,0.034655833418427484,0.008546994298249067,0.005581272992334851,0.010670969577744549,0.017022916717133407,0.00788612908825398,0.007729472262561821
151828,0.008948503018244625,0.026220729641807106,0.009730495330871669,0.008846000484830974,0.00853497197884906,0.013679198108584922,0.011809156752334238,0.007970290799861834
151830,0.0047678488742166625,0.01429585399131078,0.005752652110674328,0.0064358351730669505,0.007014585759563596,0.010758661036726347,0.007439525136838709,0.006418332907476065
151832,0.0113359552982773,0.03301208727370253,0.014499194966212992,0.015921860732568627,0.02210105508589777,0.0214411821477265,0.01720239600814555,0.010680335167505328
151834,0.009925790633338372,0.03263906735956135,0.011254705907953133,0.007602227707183273,0.018352137832203574,0.02431899733937315,0.013772018583346757,0.00834145728448249
151836,0.006982449973248761,0.02592998246058209,0.009459444954270035,0.009959562256781851,0.013522780845800997,0.01733402194648548,0.010632219187629355,0.00953412108919438
151838,0.005128948772580522,0.025469226807964596,0.011327327786166075,0.014567754808472222,0.012878654369352427,0.014691506822144762,0.013201285863664092,0.010736398814984227
151840,0.008097568062721772,0.02255182952801449,0.008734599107231011,0.01053658078675307,0.01173490386663567,0.01872883184828944,0.00986719501590022,0.008878108537171914
151842,0.008766793334364975,0.02133153576961888,0.006672249207004877,0.009699251283823929,0.010020183664289972,0.012243065364327121,0.00879685800076363,0.009561522233030806
151844,0.0063004992519530845,0.02582594381710468,0.009033083301937472,0.00907800562795652,0.010330140015153921,0.017227081176072412,0.007621767876865582,0.007623564542421413
151846,0.005446658484680678,0.017818835147537238,0.006332403898917427,0.006995686030464299,0.008258441621198154,0.012016909738135129,0.006447984034708976,0.006021103577612763
151848,0.016961252634107638,0.03674460398891655,0.014642626229022737,0.02367689448725252,0.017724175916678186,0.029851149249399356,0.02286973092902045,0.01466220225287973
151850,0.00481007621019458,0.017744373027782423,0.007072970503170295,0.006484657747241107,0.009344099643364745,0.011739438618942055,0.0055644791397357896,0.005429884075747404
151852,0.006260274289666745,0.011097866408889878,0.008422636966969543,0.009614044700667401,0.008955978267882136,0.01313991022502492,0.008078932197862265,0.005454397816740064
151854,0.012005076383304891,0.034278496524802415,0.017116419976309638,0.021924916891704394,0.023327000024419897,0.027558768395810285,0.015017117285541559,0.02032038115453716
151856,0.008810144437545242,0.022485211836107633,0.009921172652184396,0.017654683362231305,0.010768938688956953,0.013599717949142054,0.009760819424059486,0.008603090087754062
151858,0.005061412506073781,0.019884286939092277,0.005982853920284692,0.006243998064592804,0.008263752126012547,0.011249306415328564,0.007392201343137117,0.005744962560939371
151860,0.00819820519084602,0.03536169355142249,0.010870770101394422,0.01291021506681056,0.011870030311030233,0.01529373555053054,0.01265672374960053,0.008159539360180768
151862,0.004148051269856845,0.017749510460479456,0.006709157656659137,0.00697053517479973,0.00661780895623304,0.010321525743109072,0.006707995747285089,0.0054791278049473036
151864,0.0056053960809392955,0.025792697152419386,0.007298146775610803,0.007767149873139145,0.009678187425796958,0.019082900550311033,0.00975324354337831,0.0067287959431718836
151866,0.006125357182308611,0.016467661398565703,0.006919630553886558,0.007507228150594791,0.007396487480328118,0.013190330720027399,0.007449893124523099,0.00671696043276665
151868,0.0038722648448490937,0.01871246006216154,0.005372427480981656,0.007807711530894379,0.0068234279506267925,0.013500807241864587,0.00787740711002649,0.005875046776472603
151870,0.007176065920225183,0.021123406794379074,0.008022624874684192,0.01026013702784706,0.008153416098366506,0.014487839349929033,0.00899973185329217,0.006620313615362472
151872,0.008166971106332577,0.025101149348032203,0.007306438867558995,0.01344501835762757,0.008305780193700096,0.012683354136273417,0.01023026415398981,0.0091107165274531
151874,0.006597069800853339,0.02304528690235319,0.0065519868905659084,0.007667573962937768,0.008699527101271087,0.009938086734955276,0.00913780617036597,0.005829828182925212
151876,0.005103410142442366,0.017815453813435633,0.006712412026541381,0.007486880017650022,0.007953112289154574,0.012023733794891633,0.0073641319658313,0.004992064199819346
151878,0.0074543053077796295,0.025142977270001587,0.009177458215645695,0.01002200203053527,0.009354842493448035,0.013010293678410945,0.009750903813488476,0.010879472223706055
151880,0.00400448774691281,0.01658587540470635,0.005189239767693421,0.005284365078885023,0.006333432012604112,0.009339073257164154,0.005426035054401979,0.005068186832693
151882,0.0048352864492360315,0.014601961223772497,0.007670643196024118,0.00676653439340319,0.005349591882899185,0.010898274467690483,0.006906103841445521,0.006961927459645578
151884,0.010845983498457779,0.02925929951445827,0.011656400999275007,0.010954830067264831,0.013425858379072564,0.01414688210415549,0.015068736611469014,0.009656291304083686
151886,0.009750822884458055,0.02982451893931448,0.00940344665393994,0.010278154774572335,0.01624279330020162,0.01963932317326411,0.009788480794379106,0.009364912310667828
151888,0.00571396630334059,0.016174239492827702,0.007735332012942742,0.011378716127880217,0.009740252027231833,0.012221451038940678,0.009095080600254102,0.005792986966085323
151890,0.008772052680511289,0.02669333504814464,0.007898084165758101,0.009281367009742247,0.009425706816886203,0.01497519484097709,0.008996550059705621,0.008948082962938975
151892,0.010732540686687886,0.03274734118665279,0.011437918411240366,0.010050510310839977,0.010071362160806396,0.021989966338040512,0.010385511944073278,0.009723899540866832
151894,0.00547962857875306,0.027020622421255247,0.0077899082556689425,0.009306716462944786,0.01066429623528814,0.014637878944567584,0.011147302030388107,0.006970944487714237
151896,0.0045662265941770475,0.014832257677498184,0.004099685261538477,0.003539069284970664,0.0040234466707916305,0.009182231025699261,0.005041587527465419,0.004122795588046069
151898,0.005040603594467008,0.018348980781812685,0.007067981133504431,0.008591180294278189,0.00645840064607045,0.010143804664483946,0.007056347785943606,0.006839594257779746
151900,0.00464043831162031,0.017571754545309126,0.006357970184923067,0.00661403225439422,0.0070960205961805856,0.01053916133292887,0.0059128155939502935,0.004888895438421914
151902,0.005548130134798213,0.01674875660178743,0.006507785795904164,0.005502020182444112,0.008799598914216666,0.01225756911157122,0.006895219490921145,0.005184804247575281
151904,0.0048384192998956466,0.016080802388956705,0.005143187240803704,0.0062521453112971415,0.006589213615859402,0.011706970473062184,0.0072774841773460275,0.006420067614705316
151906,0.004527821854634129,0.02083395201972227,0.008837440783339423,0.008818073816154959,0.010091264107359166,0.015702361767244932,0.010602867771819513,0.008297203714260848
151908,0.005944433174301322,0.01618997643598541,0.009600892201349132,0.0054000816428772525,0.010507682537687357,0.014206108686053653,0.010211639440225406,0.007333614644644548
151910,0.008202185843003917,0.02295385785617854,0.01103492124556743,0.01209704797989769,0.0119340537879431,0.020121636585878955,0.011134626602100406,0.010705096837583028
151912,0.00953103093776364,0.02337763396212389,0.009424561069013626,0.009139880257991173,0.011651542926260028,0.013755891416057653,0.011425500856288073,0.00845064581743693
151914,0.00782223209810362,0.02535064147935273,0.008601775737006323,0.007921846416195422,0.009155789890916088,0.012828715562333892,0.009272965052167459,0.007175419636075431
151916,0.00791417842895209,0.024603870314302334,0.008585924372722653,0.008820521339931775,0.01024884700357026,0.016380427379837137,0.00738842493427061,0.006492025140076907
151918,0.013147946411610434,0.024025850339307375,0.014972076814090407,0.011855395936155588,0.009708986434332767,0.014718315049098207,0.015067752523961753,0.015430919054628456
151920,0.008196757552583256,0.019591339376839878,0.009207078789646772,0.014880891816538233,0.009470659922998836,0.00940640332771242,0.010304103776094531,0.008631802775210196
151922,0.005469175540131543,0.025309129447212086,0.006553691312152277,0.007636407559926062,0.0077631068696339955,0.010953164440545615,0.00697510796973827,0.006636606664523426
151924,0.0063308826335184976,0.022950038147453222,0.008972636081328034,0.007499092551901898,0.008750107558520348,0.014811726933188274,0.009837195193797221,0.00973568329687563
151926,0.0032732938028212782,0.013466088844475088,0.005338599511973963,0.005108008803011765,0.005944804268903647,0.008305720440354714,0.004852062068178009,0.0037742966490977303
151928,0.005332974261818502,0.018680568907947226,0.008075560043128371,0.009155439139874544,0.007983100304173263,0.01307552003608331,0.010038943581198945,0.006319365842331559
151930,0.005023684414800167,0.017514892933340187,0.0062621124982342735,0.00599224543693655,0.006910774376176987,0.01136680577331678,0.00846993847164712,0.006085253264827062
151932,0.008726760254164356,0.04154365747331212,0.012477873352874147,0.011502165638144712,0.01650966885962668,0.014773926441425056,0.01167957119379942,0.01044078978438634
151934,0.006675445915040046,0.024437034315841544,0.00892833740468385,0.008195880667063504,0.009087730756598467,0.01411139350305235,0.01001965116332415,0.00821917045718884
151936,0.005831688557478787,0.02825186389312706,0.007748423569880425,0.008787827609645582,0.012633899640698054,0.014239520015593199,0.010156566910236864,0.005786475360139376
151938,0.011817688809279192,0.03212041940053312,0.012866752158508854,0.015204214984481601,0.017525413571149784,0.02290405504234294,0.015175761575562996,0.010725658297687568
151940,0.003992683989232582,0.022408742939244997,0.009817691675641227,0.008963397386021976,0.0077876752344829825,0.014624600373769836,0.00861710639395824,0.006016113007152379
151942,0.004159638308778801,0.017372224847456375,0.008493990462795864,0.00700676036935044,0.005905649502049082,0.011650032625814488,0.008525305180893172,0.0068592952704884524
151944,0.011194149824449495,0.03257934115960226,0.015091472852160559,0.018960659776283473,0.013990066982596583,0.0267603665921321,0.014240496235311761,0.01819827633358173
151946,0.006843222787434267,0.02413625218908866,0.011985903253648955,0.01516238430311484,0.010885186438274685,0.013614193706716016,0.011664370752896558,0.00951427370568525
151948,0.003862574532242924,0.012102063618662007,0.004677892834550557,0.0074534626471047805,0.005580497094698211,0.007197168168445955,0.006863058639834885,0.004168633829273682
151950,0.008498436524818909,0.02599210435347743,0.007813233368381134,0.007398457341665443,0.011304894831193346,0.0192352577250523,0.007018054432510967,0.009995962490958965
151952,0.012096269501731038,0.044893222144537503,0.019530184347759993,0.019704099850629042,0.014867839586165721,0.028659197000210135,0.01269145430029539,0.010348970965858018
151954,0.010269930669093208,0.0271054151596426,0.013931625361828459,0.012473880476168375,0.008807720729426871,0.013092709730895047,0.012024828568897528,0.010769654658872918
151956,0.007632060263454754,0.026386352429366378,0.007157674615897669,0.009689798243872616,0.010028019179318337,0.017269505243633354,0.008600947927243974,0.007745270620009903
151958,0.007824322441592813,0.030893290800007245,0.01418445788757211,0.01626758996053823,0.016463844844238906,0.015406017800573046,0.014897867186098923,0.014324071601339361
151960,0.005704687489833882,0.023053281845492046,0.006537385966949083,0.009825821328629525,0.007979543221381391,0.014853870488960086,0.0087992941918833,0.009978432078321442
151962,0.004063632982397536,0.01826369405432815,0.006649312861677414,0.006367763303148033,0.006741856768952781,0.013806172891068835,0.005623511919461643,0.0044554607038649885
151964,0.004189126515968589,0.020452377340518524,0.00804401139867933,0.009670712559604278,0.009713708977121593,0.010183211642564638,0.009448493002406133,0.0070046438229845465
151966,0.006799101314476141,0.027769445342260335,0.006812672928601993,0.008836619919920852,0.011662220759061148,0.01589758836202293,0.008984530476269015,0.0084226807287211
151968,0.007768535424986567,0.01765437053450203,0.009319756592734985,0.007907729217254078,0.01026759619705686,0.013253264814637511,0.013146010600408042,0.009138733497761342
151970,0.014403776154088332,0.05739766506942434,0.018564023031315324,0.0225743244931218,0.01743271843843619,0.03264161412290889,0.023378768594056965,0.016734438893849735
151972,0.007684993998823053,0.022534928754058825,0.008461905416868254,0.01019656590639162,0.012127004796639085,0.012534322847168378,0.010365101806101507,0.006390190167160137
151974,0.010025587037137351,0.028084527586714536,0.012553462053583653,0.015023479928303551,0.014649504214909792,0.023510636718811817,0.012770599245193692,0.012599152645443645
151976,0.0074388915146281764,0.02013416456421968,0.007947654150390948,0.008631636644461038,0.010195920404533487,0.013252058871040584,0.00810345838021953,0.006894868086705641
151978,0.004478410692322632,0.0167049436051947,0.005047314229379707,0.006311784567887335,0.007836981175387336,0.01017303260442276,0.006879803255571082,0.004834747655595217
151980,0.00438877870377713,0.0165144213617765,0.00638977087905368,0.008175935435740522,0.007067605310564995,0.009624285194511695,0.005842936769267448,0.005806728556102814
151982,0.004793612743711151,0.013302339830269239,0.0048173773138169285,0.0056884651805513275,0.007098252592376009,0.008590939972714873,0.00646053839529892,0.005522653384468834
151984,0.006225277321797229,0.018787662070142375,0.007805249523469782,0.006919422312243961,0.008343547829393005,0.012983121717971224,0.010165908353105602,0.006873124456462598
151986,0.006431216877174573,0.03027038769412016,0.007736951959916638,0.01184709031685216,0.011338835038970707,0.017995302553813985,0.010494660283829005,0.007228536928327645
151988,0.004610144175334396,0.0148536507415864,0.0061371266361334165,0.009680019941463947,0.006448016341691565,0.010553431166622718,0.007567770626162096,0.007510711942783965
151990,0.011605621526557863,0.035951044002047405,0.014857017958213925,0.013817259947140892,0.016368860707155486,0.022974912591094077,0.0122788339084417,0.011327744889434721
151992,0.0060812006151531595,0.019896375093267693,0.006528691264119646,0.005880162468317407,0.007720608240661342,0.011480304138494157,0.008351771001860409,0.005853184568281655
151994,0.005398958215386218,0.017481186649576097,0.005821011657506148,0.006008294333100572,0.005377906300729818,0.011069843072700147,0.006133436017125016,0.004941700026847906
151996,0.007925650627208292,0.026026036958629817,0.009412435168943745,0.009938070394505338,0.01462785141729267,0.012492535467272747,0.013148904972824005,0.008390700747307689
151998,0.006477932564476208,0.022326650525157143,0.009092079493307148,0.008691941564321015,0.0115348208351842,0.01616096136086842,0.009269261878639468,0.0074212778633225285
152000,0.0064827763599888955,0.028478027004950945,0.009109853201529072,0.01152858176262811,0.01142692803811679,0.014916457361160929,0.00861820057984719,0.007870326452188936
152002,0.006136920016176772,0.02673743349607549,0.0076985645709237716,0.006472669778958329,0.008249417274286408,0.014396822008017063,0.008950758517321022,0.005328564738340313
152004,0.00786897018537408,0.024619453487112475,0.008483307916110017,0.009055136336423575,0.009870558290277442,0.017967675825208085,0.007579633785068873,0.008019658147147057
152006,0.005820033971134286,0.027783327909688182,0.009249169180137962,0.008787646015440354,0.007984165453208902,0.014934445437816635,0.00966824062670485,0.006170265743641545
152008,0.010947812834469994,0.031450078417094574,0.017548090816036144,0.013220365507191412,0.020588277267752142,0.028005033052758144,0.0132195311270627,0.013057876772260502
152010,0.004613528120435417,0.02023310012145374,0.007131198316237486,0.009704096230112924,0.008290659951572243,0.012089485510522247,0.011588407936030054,0.0082215171968949
152012,0.005369317322564626,0.03300166992017872,0.007220698156734651,0.008993418288195942,0.00983120898425055,0.012533146733004819,0.011094392749069704,0.006290002818849283
152014,0.005997924273595467,0.025038890104111866,0.007891662696196455,0.006723162177436848,0.009211095589030605,0.014132841456264922,0.008726673948907193,0.007601153270782257
152016,0.005227227799800893,0.019538452524444416,0.00672965404682202,0.009127464887850545,0.009042893454554113,0.011372867435967215,0.008935218261541478,0.00944673757112846
152018,0.008618636336930108,0.026854267970520596,0.010987950515142453,0.010466912661346806,0.012950364630031574,0.021960949359073334,0.011777861709074466,0.010893528837359279
152020,0.008908247982579776,0.028688709176955207,0.011627584289362114,0.011727632979741165,0.013109891949714125,0.01663482070981459,0.014886854639777847,0.010822407940773937
152022,0.011169222241431742,0.03468967352182517,0.013377446862751496,0.015783812021643806,0.013208857839700272,0.02031326161342406,0.0192745277619919,0.012098321460289663
152024,0.009473194939094098,0.025177008489647656,0.010046289064291669,0.012272999274429763,0.01792697182253633,0.017311110980051447,0.010303960079222074,0.009569601995114196
152026,0.0057595913515342545,0.018979328049445465,0.0060369386465028985,0.0046325068352897625,0.007511225928639398,0.011763696403556345,0.00701232453176126,0.005172583926787988
152028,0.0066658933691963185,0.02904812866196793,0.00753075361206218,0.01075816026571369,0.012561682639773919,0.016293565780595154,0.011879180364190667,0.009151645469601455
152030,0.005559130493997755,0.028101795894969195,0.007992992945937694,0.00852409996781317,0.011963734883808863,0.013023071506135298,0.009625393312642283,0.0074252976344277855
152032,0.004319692208966386,0.0228717545845305,0.006675006413595419,0.007169241013693706,0.009175295654642923,0.01366984081126793,0.006821526348561813,0.005944079323982943
152034,0.007612034959485536,0.02727118120715577,0.007404321057094876,0.007456520896344243,0.009162649421846025,0.016379058081455122,0.009998440207274806,0.0077926940629078345
152036,0.005253567570040696,0.020560136529312878,0.00740212349414926,0.006891986662493688,0.007579170651984823,0.016741047492448757,0.00903808475204304,0.006238319219638522
152038,0.004246228405877739,0.017105617469169943,0.005337565236197828,0.005990160103309883,0.007607762192130885,0.010209698553773683,0.008358520022738958,0.006936896988516461
152040,0.00571589371986847,0.020491641436720442,0.007432402617869371,0.007718001604178293,0.007988747735588275,0.012814692390629434,0.008907319766935429,0.00865034053846614
152042,0.007017340407440342,0.04048471738349324,0.012468024636327846,0.011178298211012072,0.015302209893110208,0.021282139213570028,0.009339551353753583,0.009947777501504496
152044,0.005242618247818298,0.02170378019194974,0.006110850828660086,0.007498980287492296,0.007526286539921934,0.010155443642799133,0.008698191506674446,0.0061592550686362935
152046,0.005227656592916796,0.016152930435290536,0.00781615244722289,0.006676115543392813,0.008434302127258209,0.013706725709719203,0.008272132405839017,0.005598642928568376
152048,0.0068291368097215255,0.019487704794528327,0.007822921379754766,0.007682598437117827,0.00818136895862015,0.012744533432382577,0.008798335329424312,0.006449099270707193
152050,0.005924834496682019,0.017884197604645102,0.008475878992900088,0.00949108455815506,0.007631654110306307,0.012613812184145923,0.010091820961982911,0.007281898421045485
152052,0.006093796489551551,0.022364442103040005,0.009891024134933701,0.012291911560049551,0.009950747190958842,0.015624860301926058,0.010508023166959868,0.009340437016813974
152054,0.009600797296545949,0.01936221480520217,0.009405682180162245,0.013228402261177052,0.011525660427958384,0.012540439530334346,0.010467351723957075,0.0071408279405354436
152056,0.006247775973912406,0.016087431851307343,0.007261948356256431,0.009043305810023716,0.008044325470196734,0.013846341024819964,0.007099408899372328,0.005952445876313883
152058,0.006100249448144135,0.021035621976983387,0.005727714273320361,0.006744053160146424,0.007987310720329655,0.010392834247618943,0.008864779349694096,0.007831945466021617
152060,0.0076175157882405475,0.015368217784683447,0.007813052919758923,0.009958872254230755,0.009274662646997778,0.012405166581024807,0.009387025782928937,0.0064259707171567815
152062,0.008486647463201713,0.02730532284971887,0.00939592411680068,0.009859286474903028,0.012103522610706963,0.01503671174458715,0.009907185735917923,0.00810277965069961
152064,0.008867142139568074,0.022783306753212607,0.009293299040348535,0.00879440957025196,0.012727449516339251,0.01658623619057864,0.008759482548104103,0.007659154996111417
152066,0.00577082758071118,0.019791168512629298,0.007031961440064016,0.009411991351500115,0.010839440261207811,0.015159501868888592,0.008351416940815481,0.009404033327414185
152068,0.005779754436998852,0.019725671129393385,0.007115630968070941,0.010664323933963493,0.008162391835144833,0.012688046746728299,0.007342715943320366,0.006036400287767807
152070,0.003419623069751909,0.014272520193166438,0.004227707292070948,0.005940272652783796,0.006490523235299861,0.009921162262567285,0.005554476276854958,0.004614588894623017
152072,0.008157000955609561,0.022051000640445295,0.012639055508121055,0.011135192666655636,0.011444617513029165,0.01396191458988838,0.009959700557582496,0.00857292543520316
152074,0.007868778519664943,0.021754687569775832,0.007914247361974491,0.011041133332199193,0.010484785982092737,0.014674481589938893,0.007838797751585302,0.007882080368394606
152076,0.0036742671193599197,0.014128104930905216,0.0050063445194601375,0.006817547996040896,0.0060105468653779415,0.009309088546424427,0.006907132932650273,0.004849213268744157
152078,0.008092559223300322,0.023685759614594737,0.008977424519830635,0.01049740057748516,0.008347882189028655,0.011300405205894926,0.008907290233595155,0.008358063645806324
152080,0.013123280188610809,0.045299193480057065,0.01506408900114492,0.014835758592736392,0.017417320678077886,0.02649177461464447,0.015474921855585022,0.020881055965809914
152082,0.005294981625272366,0.021242085494069585,0.006184224839407337,0.006663161156300612,0.009279737702880875,0.01097807626692765,0.005972738471816952,0.004777856245330947
152084,0.004645925416753238,0.013130681209561068,0.004933320357289939,0.005788951221082306,0.006134093057499845,0.01051509208821605,0.004693087680708585,0.004524441429969939
152086,0.009084564689779917,0.03638612070333469,0.01056013864369576,0.01318911908662046,0.01236934529288547,0.016797817873702492,0.015308409555485847,0.01286011703707235
152088,0.007542985038364813,0.031179453355451026,0.010030747110527705,0.012993227830200349,0.011705925734342648,0.018113196582231206,0.012641719282445507,0.008316830107006012
152090,0.010471204588336447,0.02330335506351333,0.00804997312116168,0.007532786536236513,0.010203830339152786,0.014961363123176474,0.010541203660701604,0.008123308349504088
152092,0.009616943696455715,0.025528970846210086,0.009564191791344767,0.009245238649958909,0.015286742944980114,0.01601510337287948,0.010261712874184481,0.006204598535302586
152094,0.008054552848890673,0.02160711182046171,0.00905528947803097,0.011618322867491315,0.011282302091895569,0.01828406721625786,0.011372400241198344,0.007511420937925062
152096,0.005663042395983808,0.022274112690197967,0.009687498403113892,0.011800145401790696,0.012709696683080252,0.016701176680094854,0.010989418835505527,0.006815033360475786
152098,0.007676278246249391,0.027549082171269612,0.007211746214066617,0.009089139968641524,0.011109317795088336,0.01813295591548414,0.008055559895057629,0.008748316508517873
152100,0.005197672802922604,0.019651867230606967,0.007966435989155196,0.008317922727493432,0.009397521699870737,0.013788708121671489,0.009437786250310332,0.007989419008505527
152102,0.00655019344636637,0.020832683049763157,0.0063949009565300585,0.007174573956637842,0.00788489980817908,0.0128457963517708,0.006697755283575413,0.0069756841860391106
152104,0.006118797704992629,0.0217572019740766,0.0071348782055369875,0.008898866792914684,0.013563675045936974,0.014783960419899655,0.011542603238404503,0.005590348428406777
152106,0.006070125771335866,0.02206956074755717,0.007928846710961113,0.006429195101751495,0.007128397504738759,0.01587625585802166,0.008304481964867216,0.007942760957314887
152108,0.005724853542369068,0.015598634213910556,0.008003495592448007,0.009627965035710284,0.006040044229283836,0.0090038049740509,0.01029562888698271,0.008944770791701695
152110,0.004637363133511485,0.010817623064844961,0.005855475112294395,0.006121868306128653,0.005614320270872553,0.007958601547109423,0.0071018147214232386,0.004714908528013817
152112,0.006363155236563722,0.023475258150569056,0.00913343084555951,0.011492957504888324,0.010480735353058046,0.018041163424641127,0.009309770037202236,0.007446179156279931
152114,0.006446940682343583,0.01376187615853347,0.009017962731391549,0.008128559112495992,0.007806393584514959,0.008926964648745761,0.00740694343027265,0.007113872567959811
152116,0.00419058296919439,0.01381699545915721,0.006544329982919095,0.00609605219339443,0.0065758447969734846,0.009629058743476415,0.006992875824231304,0.005839881147551296
152118,0.004615894785998054,0.01862675884203302,0.006888937635920522,0.00944908107938236,0.009350947208954574,0.01306188370115624,0.008579615525050599,0.007097080060176675
152120,0.00469268752754376,0.01638641253387285,0.005603795254840671,0.007273113208633442,0.008049168293371933,0.010901969339730755,0.006707636942666406,0.009399224878749168
152122,0.006938287077218386,0.02164135655857624,0.007875747398514099,0.009884267485293918,0.00901180261992729,0.014844237636922664,0.009818047508282968,0.007538413424358625
152124,0.006965337075677758,0.02287309772826185,0.007624821423473316,0.010263885144251583,0.006901328425469588,0.014264410723421383,0.013550299862644444,0.01051203017589103
152126,0.009124811446215242,0.0317709322753581,0.011332216147824425,0.013562219053542046,0.014692037834392269,0.02631543999041619,0.01296446012272462,0.007647387418402651
152128,0.006948143322278499,0.025168823579080346,0.008674073965111495,0.01057911973818193,0.010350180684238153,0.014084654213331549,0.010313853300933984,0.0068929615037502945
152130,0.005377721625050791,0.01637801302872277,0.006882952868922987,0.007936775354116465,0.007744014340407335,0.010083373991424338,0.009693864701611155,0.007122446663704318
152132,0.00891782126835694,0.023945516221070884,0.011317549470825361,0.011055892476989015,0.010656845059636488,0.015480655813347122,0.013655539223439428,0.00999691748535625
152134,0.006218926592110263,0.019241958421517324,0.007431332543171243,0.007394615265817528,0.008146704684499684,0.010289826718672901,0.008450974578615211,0.006259278067447305
152136,0.010411171821626874,0.020318095628902633,0.010887389516265111,0.009073521155944286,0.011497617832648077,0.016901676374520003,0.011848279204547618,0.009707192286599275
152138,0.006854675477044658,0.02051872351391726,0.008238911335402277,0.009180661843556648,0.008719756996411976,0.012660995607795267,0.010622361764114407,0.009083300689783025
152140,0.006404041546662853,0.017074679046020558,0.00618694025587474,0.008324743714421823,0.009757969476293704,0.013403791176676505,0.007776168024140384,0.0068196163976408375
152142,0.006410737818489887,0.018403936842929847,0.0075989435743988865,0.008738946104769107,0.008917780460198588,0.01396927012486332,0.0058959130615789945,0.0075032301459665995
152144,0.004094838896078701,0.01944493486938459,0.00793593638155482,0.008986782035256491,0.008793009422423614,0.012646895178412498,0.007114979869644655,0.0074795505729042255
152146,0.005239784275524961,0.02011728674209312,0.008642552062011755,0.016166493253217062,0.009408328450145886,0.012621854958725864,0.014535113701871438,0.01152665229636135
152148,0.0040893674103941735,0.021862233108081774,0.006173319960423085,0.007400162117797926,0.00765459654467554,0.01232953162098177,0.007404983979957758,0.005061055251155189
152150,0.007243842944586243,0.03219890849206508,0.01025907445648283,0.010853824948858781,0.01312170806048929,0.017684168917586618,0.010790219175494054,0.0103210019465374
152152,0.005952768933981112,0.021111384433952773,0.009112609729629517,0.008144078178880187,0.008176719627433437,0.015755694573443613,0.006902513149057654,0.004719568267770369
152154,0.004399520742722984,0.015819263026814134,0.00590530596871397,0.005583791413317274,0.006598418152073349,0.011770908941912461,0.006070302239229497,0.0056261851517691586
152156,0.005304202247149503,0.02058831147753204,0.007153678806846253,0.0059135581101268375,0.007371692513917838,0.011694127293944645,0.008112701855743032,0.007099184159152172
152158,0.01187016830694021,0.032297060819726164,0.01611024476070555,0.02559667064048199,0.014641930225007871,0.02538993656188726,0.020421169489021063,0.02020082320982297
152160,0.008269400388090986,0.018358315455376584,0.008058387450089965,0.010866297633240984,0.009597150387359088,0.01474216771236514,0.012542226764407582,0.007677102074115594
152162,0.005350025665685543,0.019448218080256652,0.007065604847955598,0.007312752773125375,0.007004167425873009,0.01041315153149558,0.00822172121830228,0.005174441352405135
152164,0.011968113120532031,0.05800031825398144,0.0113786191671999,0.017134336806288397,0.018936348979030848,0.03731586788550367,0.01669665924121788,0.011214279163565044
152166,0.009010518231683529,0.030209089118443444,0.013853232849261099,0.01243514334905016,0.012761320756214056,0.02347593851987373,0.01011614593527188,0.009188624794043199
152168,0.006901816167694863,0.016967898098929624,0.0067905854053900705,0.0060108472349116315,0.007390747285875021,0.012882870491406406,0.007428893369159972,0.005997426892965285
152170,0.005015412778921979,0.015627123487612415,0.004415156903921025,0.004572470680113183,0.005787739298072303,0.009319608423548564,0.004885481732571861,0.004559724149505451
152172,0.0044159431038828245,0.015715330631947078,0.004826192116467676,0.00509269082398589,0.006073935493589033,0.009024422213742334,0.0050695214466123795,0.004360934468261357
152174,0.007994129367053182,0.026410863526493467,0.009424789634366937,0.009068622012078587,0.012497779020693989,0.01930649106976845,0.009228026099352471,0.006684457055713189
152176,0.010498640315301566,0.041135179936905075,0.017402059457811925,0.011779514505897204,0.012991923375629322,0.01744017978929069,0.01582047752418081,0.010754550113468986
152178,0.005951073266409479,0.021950686673095854,0.009529899171468514,0.008513410872292904,0.011541959674028712,0.013784115348030923,0.009714035015913558,0.011000371850119706
152180,0.010301068203606656,0.022014646717040343,0.01160793165814683,0.00893028760353709,0.012218803917552423,0.018691837322396765,0.012017407957785942,0.009047777140374968
152182,0.0063840308746174745,0.027614460083463577,0.009816151777180204,0.009705307288712162,0.01186347561775275,0.017501209392950523,0.009625596523284097,0.009327808409358207
152184,0.002861030835363876,0.01288969588159028,0.004015328749816582,0.0042530155327980546,0.004871939719797214,0.007635578105935403,0.006025076010028274,0.0036029392457753856
152186,0.007771235964501244,0.02407341252959072,0.008882684902150828,0.01090195844866143,0.014664555213884434,0.012256554526619334,0.011747352721172888,0.008999210232408184
152188,0.010989478195200242,0.03017550181774542,0.010894502455020216,0.01202613909525585,0.010519500863731546,0.0179460584281097,0.010968119064735937,0.007543417297743105
152190,0.00452595905642067,0.017608478282111983,0.007126211090061008,0.007499061582325661,0.005887158733772546,0.012330534329849707,0.0065164713831534216,0.006074784454612792
152192,0.004075125373166566,0.01748212840756569,0.006729188317111723,0.006721753493822702,0.006127861343302676,0.010497350195599664,0.0071242715253495015,0.005455992570535584
152194,0.007014716802149545,0.02662330449581507,0.0070892376335587315,0.010820302899028356,0.009431604469256671,0.015853684332430618,0.010041313135531527,0.006801557707659944
152196,0.004987018186009218,0.014261718162970283,0.005773062327641354,0.0046546938392682535,0.008049318025728225,0.009854223950846175,0.005980906204129666,0.004103235293779983
152198,0.006383280815672521,0.01978341291977248,0.00799729791714171,0.008258708392370695,0.010548181193839545,0.017453426043847253,0.009195559484199978,0.007983100304173263
152200,0.004586751688509028,0.02119964379275885,0.007012002598508538,0.008407413414858456,0.01063295364648198,0.012152055423835018,0.009021884284159898,0.005554515146491079
152202,0.004891910115896403,0.019907314759337602,0.006318774760988077,0.010328499861885554,0.009086996361774347,0.011524291079783089,0.011046958750999869,0.006730602669509977
152204,0.010719642067942792,0.030565509657592083,0.013555027007865539,0.010710268508878906,0.012419015400582156,0.01727725280534642,0.010497637221292211,0.011211431062322141
152206,0.00790994492613889,0.021855592961897097,0.008563514326946964,0.012035684233446808,0.012136333782941655,0.012917142535608994,0.011816026857271178,0.009635676415105154
152208,0.005496889459024823,0.023105552314128808,0.007357712831805918,0.009601946406243622,0.009718641265581474,0.016622250062431343,0.008119957828513158,0.007120052437621149
152210,0.007249226394385966,0.02587208122915663,0.008318493527927018,0.009727532239467429,0.008767523045919212,0.016500426225541043,0.009611169515617357,0.008214738640571762
152212,0.00579972692435643,0.01665006865661045,0.006027775929895951,0.008331405641106626,0.006397038897729468,0.010337639733375648,0.009692792259263838,0.00652365582582437
152214,0.00510239464901302,0.02064597819958025,0.005776786734666084,0.007108741896489301,0.00730418838270902,0.012695100721388464,0.007625310672265906,0.006075045774665888
152216,0.004654220098741002,0.014535528698347788,0.006771242106662412,0.006402366236968826,0.007794988321507823,0.010056525550106665,0.007032388797295619,0.005808966835743945
152218,0.0054972054326904995,0.02090050873268101,0.008267783885738622,0.009848149750828705,0.01114860788794797,0.012935044695950637,0.008438716115970246,0.00800573000977517
152220,0.003955561718843592,0.013340674106034678,0.005424520411737355,0.006792151106779443,0.005599131294183657,0.00874971169978167,0.00629215743240602,0.005523708761537627
152222,0.004224368202465634,0.018099926767408903,0.005181593355135183,0.005469354065362142,0.007849494356184872,0.012921366646286236,0.006803068136600254,0.005374131460712306
152224,0.006133578392336858,0.022234868802600838,0.007474954422414193,0.007356395088713663,0.010020872804191117,0.018906181156697954,0.00879562955039237,0.006385209627702615
152226,0.006707204925349153,0.019430010144838583,0.010427815146564434,0.010004946604994736,0.009804990756401288,0.011696115849105182,0.008015343158808419,0.006357574529763932
152228,0.006502504887212268,0.016817105364475005,0.008966027255521924,0.00882491625995302,0.008450929373574001,0.013455285350275015,0.010390520783086166,0.007860152015396693
152230,0.020773682116106196,0.038885706784569374,0.01882878320303427,0.04746628373813255,0.017653705289810695,0.02228333849008468,0.025399482481848423,0.02209072427533343
152232,0.008816355574723156,0.01684078552411372,0.01026002533451914,0.013542497106671603,0.010576163450028153,0.011989942894219896,0.009954540952392732,0.009084222406941012
152234,0.004283473021794715,0.013769240016157147,0.005030895318636708,0.006723801204005009,0.0073916325142784345,0.009576180250910282,0.005828246813504245,0.004809052100145428
152236,0.01335193427122322,0.042129860440476286,0.014001247013060658,0.016155949374596412,0.017414587244364066,0.02183811838094485,0.014472078028237911,0.014760665949700214
152238,0.005023329550022604,0.015755537458645108,0.007753694782874965,0.007925547153322166,0.009173772736559338,0.012446169329444423,0.008443202458752241,0.005261064768729062
152240,0.008385308665538105,0.028051604141413833,0.008753649777613559,0.009996825112610574,0.011360818786912752,0.018145145872489943,0.010762332167729705,0.009694169867047187
152242,0.00636460904650088,0.027077356835072175,0.009883716386775099,0.009948187702493672,0.009262408439892289,0.015421097144128704,0.010659187983684204,0.007204957480610119
152244,0.010605259998859362,0.048235728031337466,0.012879660561224748,0.013004330232889494,0.01702182799216545,0.027940290078323438,0.016604487861711315,0.011941386745789373
152246,0.006073784521781755,0.025245476175350667,0.007296293413801891,0.011760354363104852,0.009090223942963327,0.016612699394578323,0.010765250970443896,0.007644377561142557
152248,0.005514290348461515,0.0193196781601499,0.005871660769202203,0.006014147172722639,0.007064760655028701,0.014546581281484672,0.006832527304850233,0.005522832780382958
152250,0.007545961925812472,0.022210855837556664,0.008224699408295122,0.00817303883372672,0.01062969794346641,0.0142900445838825,0.009988590754794524,0.006578198890459852
152252,0.004239381693701638,0.014468830003082411,0.00479907816065861,0.004664496320075706,0.006020857295242765,0.009695488882517422,0.005620771174998096,0.0051053892611216956
152254,0.006291057032372871,0.021254049421174592,0.007592807214366282,0.012817214342325522,0.0092049256082396,0.012951739917529181,0.012619921445903515,0.008304757626311832
152256,0.005139222237909857,0.02487624222063034,0.009441935590992268,0.014451251824959321,0.011760462632601831,0.014554828082786964,0.012301870634035206,0.012962997634600237
152258,0.004099919020164544,0.01450466805980799,0.005739412697309876,0.006100832546764023,0.006669656856890305,0.013014609488991802,0.006508092332289606,0.005014688873386464
152260,0.0053165987057939845,0.018591287527508493,0.0077651223309188055,0.012727874835505304,0.009005380179976596,0.011874761593138106,0.010466435496105098,0.008641096182145702
152262,0.004148132846011843,0.019000416834646927,0.00544620100754184,0.00832623524316839,0.00819678453442002,0.009276895730203683,0.006655600008444118,0.005263826648872261
152264,0.012415398888252549,0.02788285730191209,0.010706962442610157,0.015231523549770698,0.012659359206457277,0.017045317179142927,0.015477632051781376,0.010491683768528104
152266,0.00907204360967745,0.030279882399560032,0.010569493779657657,0.010593646643661858,0.011329278563295908,0.01693286492846746,0.01506294778498335,0.009391841219233366
152268,0.004357999590221484,0.018536742023545827,0.008097121548122976,0.009871234863201295,0.006624703366895857,0.011032008366584911,0.009810661981391411,0.009900087002352231
152270,0.005588873405088179,0.02206931724224237,0.00854826312570367,0.01090704828243716,0.009568666176971219,0.014343728049155902,0.008940396846559617,0.008420394329418324
152272,0.006988971135897304,0.016079124452127225,0.008247461702083625,0.010546236127439101,0.010426358971633631,0.009140858978589572,0.0095555301988135,0.00717426725238135
152274,0.0062115479279647445,0.02243404103510116,0.008160497757696783,0.00858891808992035,0.01135764722874738,0.015464244657778181,0.01000574104906976,0.008379106708616968
152276,0.006036573949252999,0.01910916317123057,0.0065762061012014095,0.007603286627499983,0.006779283329706731,0.009134906261184739,0.009484523990785698,0.0063740884368224116
152278,0.01018682085309508,0.031576526695653806,0.0114628200199276,0.014404679297005174,0.010486467489960793,0.024726068193481332,0.012030435573273712,0.00951410510318973
152280,0.003287267679224437,0.015873736270543226,0.003611119015233824,0.005157304188854406,0.005789071399969148,0.010216517315043083,0.004100585984465832,0.003503637070759527
152282,0.00392909325130919,0.01969790473628863,0.007414885190976328,0.004827906552604733,0.007649355221053478,0.011929004734599014,0.005748317491642618,0.005724727267208074
152284,0.008232228362928196,0.022338109806896433,0.009961639844126291,0.011562641146546648,0.013731635438057888,0.01729341154999986,0.011170600253518126,0.011547880502527086
152286,0.00839741904897906,0.02693577176063755,0.009919378297556014,0.006882149327645026,0.008592797718205925,0.026413730838165117,0.00955706991256472,0.006838715617996094
152288,0.006825051599241627,0.027040348955754467,0.011029670202484576,0.00830274526719249,0.012329791394778633,0.014483648045344799,0.012401830871136499,0.006570465076218002
152290,0.004843102330573723,0.021317883458255915,0.00768895650781648,0.007591842505394519,0.00894607162669403,0.014543326703080839,0.008609032869401345,0.007979266355974346
152292,0.006479362243481612,0.015508422956841628,0.007384786506128338,0.008973482999863336,0.010445426626369214,0.011829949719811772,0.007988751731176968,0.007307981420413834
152294,0.009552110351337184,0.027083300847303926,0.009550107956510845,0.010813558224222142,0.010452213955650047,0.016047902092171995,0.011321294128537274,0.008128654498909482
152296,0.0050383504323134876,0.01547286990183161,0.006567293607195934,0.00979016743474781,0.008094177273654746,0.012517670544176573,0.00624426417665408,0.005013184245681368
152298,0.009862170416426785,0.03692877401897143,0.012399942493954763,0.013893374488106736,0.01323997673375743,0.018078402239795288,0.012605773645885998,0.012111999618278413
152300,0.008494317319300615,0.01842833644110442,0.008421008290135978,0.009880019090865666,0.011471615475582064,0.013282519305025886,0.00880702151035534,0.006376957071343503
152302,0.004474292208308306,0.017172131687402725,0.006989499338817817,0.007769058158164421,0.00702960371128164,0.012305166427054814,0.0077405961497243325,0.006712746541381875
152304,0.00836813271574166,0.02263812336531501,0.008367452532210218,0.007493450692752646,0.009407650588022287,0.017901207855264056,0.009800669448421007,0.00799734189218615
152306,0.006532376080671531,0.026639684724337975,0.010353911852434061,0.010707872176741517,0.009083949721493456,0.015158045160412748,0.012238221700120955,0.009101283319976838
152308,0.008026865725081545,0.03315959522517975,0.01165426460932295,0.013150348860923922,0.01584594396779182,0.022717888501990524,0.013563244661026153,0.010726124359749178
152310,0.004585833372023951,0.02202971460548242,0.0074868284437715205,0.008032261513712946,0.008343481134788,0.013663985852474525,0.007843360568220492,0.006166427095291249
152312,0.004865830065571564,0.02247577902194653,0.007609676794735842,0.007981026130361224,0.010028811554365413,0.011128628774377314,0.009523895242637082,0.007103393292680116
152314,0.006063932445077802,0.03262800920569853,0.009192511841437323,0.009566549822475567,0.00917315475618441,0.013677209632861898,0.009434063333685572,0.007702292561235835
152316,0.00581309475902736,0.021485398102649933,0.007976142635436612,0.008424327347231975,0.011260358110946278,0.01370266292063832,0.010114491388798719,0.009824489046018847
152318,0.003648197557274205,0.014443929842010483,0.004640532714397738,0.005229255564495938,0.005727820281810347,0.010025563164811013,0.007395778804525577,0.00472702064730246
152320,0.009523927235305374,0.02697016782267614,0.009375543030060385,0.016285608460588685,0.011304048799743782,0.017011467406153002,0.011943239878853484,0.011133081004668421
152322,0.010824082199665463,0.029224058903638772,0.01015974783601431,0.010148923011229272,0.014305362516965625,0.019596608213308997,0.011133505522269493,0.01172054986583021
152324,0.00886039976099462,0.03387505293273585,0.010129388678149776,0.019704380138790833,0.013160612147931128,0.01883508960966318,0.013210114908762671,0.009752596042867323
152326,0.005458393395131544,0.025136229542654043,0.009242601092155134,0.011577476955226873,0.008993175231258255,0.013742638378616556,0.012411927332678374,0.0072401096998186976
152328,0.005279152828743472,0.033857573950940356,0.014793017292498212,0.01789353290707041,0.015181195654509816,0.01719720940806213,0.019278483451128148,0.010114516865390721
152330,0.005230399992094625,0.0171725612808169,0.005659147461658742,0.004819001222827524,0.007032388797295619,0.00928285001863266,0.007873089579435943,0.005843345688703261
152332,0.004797508185737043,0.019807137241375727,0.006950785507556567,0.006842310634416704,0.008319901586063772,0.013500374392774683,0.006213867605804835,0.006490879786892612
152334,0.00533630790955919,0.026853794245212947,0.007738440992799411,0.007857694962049244,0.007610516540297818,0.016044055223176423,0.007701696231378341,0.006843636974279088
152336,0.007416838250932978,0.024583198551555663,0.008920110896322664,0.009541834103244051,0.0112875147694389,0.01728804274904494,0.007498089944349751,0.007743630133276946
152338,0.006167234516624376,0.023505176312117237,0.008079264362380378,0.008108649052088135,0.01162528505615179,0.011849534656849736,0.008273304764093103,0.007975884460080851
152340,0.006934748830733639,0.02560827741764715,0.00711502009107795,0.010727183068148571,0.010047446607362787,0.014269510022268728,0.008856838811367729,0.009949883586912955
152342,0.006671663754334256,0.022900735575188458,0.00898856624999228,0.009454171751663631,0.00788948263857453,0.013043786734805218,0.011076232782215811,0.00983700897468709
152344,0.0035108574951420307,0.015700386278272305,0.0050649528734005855,0.005060198738790156,0.005807317893840924,0.009429577124081767,0.005748315232100509,0.005247539333783691
152346,0.009672544367504088,0.03372586733723737,0.012514374750992374,0.015320106240492903,0.01603328719790298,0.020641263756843387,0.01150531894887763,0.010360590517617618
152348,0.003456148263069281,0.018147911961253982,0.008378543380114734,0.006925859418613678,0.0078510588755481,0.010952272415387876,0.007421810603375434,0.004530141363412676
152350,0.0059428386333527095,0.023278107883073496,0.009252104367832636,0.011665487669216879,0.010028502658674887,0.016101205391070517,0.009661655720893947,0.010108506777586124
152352,0.00546744003003341,0.009997377865565371,0.008093517700875685,0.00994222575784326,0.008761218949839,0.006806329219273766,0.007171661161847143,0.006578009145550345
152354,0.005139525622530394,0.027223959688349675,0.008413735182939475,0.00939379518012462,0.009561815108512173,0.015823442742908478,0.011655397129008094,0.00773893911676371
152356,0.007940329531837875,0.03269065733527676,0.010841756623831467,0.010809782310725657,0.012159195428318448,0.018198332618703184,0.012852182827637115,0.0070814848111089845
152358,0.0055200823632129414,0.019765773560625144,0.008397292057572836,0.0060937836940727075,0.009873307659802322,0.014611414286779478,0.007387953591405427,0.007998245406222404
152360,0.00777536649083288,0.027024776840556264,0.008798086536915273,0.011556724544270702,0.009726224272249562,0.014978889484816627,0.011233472639840036,0.01029874682940074
152362,0.010117153116767419,0.02938432358035592,0.007420900463868174,0.01074462222944611,0.009956971896649458,0.018211393119437425,0.01029447981290682,0.008409523139876252
152364,0.004306131746752095,0.013061537987780147,0.00504150076822274,0.006137578410527811,0.005835569559696163,0.007672084068250984,0.005910890769117438,0.004382572587119604
152366,0.00647191093440963,0.024501498703344282,0.008513350376689266,0.010035168101752368,0.012332801330206034,0.013190703804796478,0.010203276423482122,0.007731227858190692
152368,0.007987955296915539,0.023978838203792208,0.009518404933487545,0.013779073801007735,0.01224602841820488,0.011114276712167248,0.011806546571515641,0.009827410732905273
152370,0.008599300718145964,0.03181188571022475,0.011564201856670897,0.016759225936598066,0.012556237014607952,0.02198720430563217,0.01482955740926517,0.01180632960917466
152372,0.010769722700448847,0.02570316139015838,0.008185648858586525,0.008554865027389502,0.011985823316095434,0.01874943417249164,0.01143264721644549,0.00854753019759702
152374,0.005327701107504801,0.016612841520359467,0.005482404206986979,0.008732206700479639,0.007023779180288736,0.010951728173125785,0.007689494850273759,0.006250512373977779
152376,0.005693170690253879,0.02664206338889863,0.008593618228849353,0.008296670291479735,0.010604945418638323,0.016408585052058777,0.009921742605229156,0.006640689734305205
152378,0.003877689837623058,0.01820297644102653,0.0066633910493397175,0.007147428927689825,0.00751721425535834,0.012068486874458273,0.008184849409598238,0.00641192261409268
152380,0.0059441528504549646,0.013380711336625828,0.0058009003792225955,0.005583325985927312,0.006061457623879329,0.010581322280443006,0.005780727601481017,0.004697977663924213
152382,0.009154435401661998,0.026714968112685256,0.011561755081821667,0.013986559820287126,0.009785607648176653,0.015439094333663528,0.010683239750338913,0.009989095622287503
152384,0.005564772595081147,0.017573887907595953,0.004875732627130314,0.008216737605254432,0.007389093549667658,0.010988645612022785,0.008147627356860865,0.005937094086443884
152386,0.007968524228423368,0.025313017384419823,0.008521182219144663,0.011509839501223418,0.008699328353854396,0.01711462257067442,0.016258943559037897,0.010040141014791892
152388,0.005129017071795694,0.02265713523764945,0.008653387048662475,0.008583192094748837,0.009646739214951516,0.017873733164041283,0.009283576492159773,0.007198140337836334
152390,0.00531350475187603,0.020660039084319237,0.008204588195405371,0.006986542157745357,0.007226121135332164,0.013647210096678686,0.0076058140420789955,0.006243341051133167
152392,0.008518222335851533,0.026891509986409767,0.008771777743282139,0.010011674292710604,0.008829014039007044,0.013290396267280125,0.010307702575019562,0.007057920044369281
152394,0.006582564987652972,0.019227206858733803,0.0070436947340388745,0.007782176897155546,0.008181470045713013,0.012029585695518874,0.008173017279542505,0.006676507595942349
152396,0.006007873907165617,0.019831068834097465,0.007142456177750001,0.006349766128367129,0.006887442437006008,0.009599735854786628,0.007073831479058379,0.00523351601272376
152398,0.012309790206572802,0.029860299886719455,0.012675337084787408,0.01887555013639375,0.012869140612585872,0.019394449925095536,0.014673539342364927,0.013766169754438062
152400,0.00810413579671826,0.025929435376875754,0.011496157484339131,0.010120357846155281,0.01266799342225533,0.0167448381933879,0.01105015242137597,0.008592941373806229
152402,0.006043510872850766,0.019815845594678194,0.008578073868302172,0.008302667873634428,0.010730682116064705,0.010566419361092427,0.008955858402409866,0.008291410276925149
152404,0.005775423206424657,0.017831531936786327,0.007464169907534179,0.007034472037311057,0.009969924090606819,0.011293688275572367,0.007161956537458991,0.004939273243492137
152406,0.003911765375107734,0.010999963943947366,0.004189406212511182,0.007174457837382742,0.005081535567242668,0.008330166612076306,0.006658421864691955,0.005314683346534288
152408,0.005341239002272291,0.017046768524366707,0.0060349809882081495,0.00766179732841904,0.008068208830019297,0.013315299788914992,0.00676136515136877,0.006276056995087098
152410,0.005693165068561046,0.021555270492603862,0.008256185748956035,0.007255737660527617,0.009096201879482069,0.014505608459192132,0.006664639109323078,0.0072999507197880065
152412,0.005193835046486461,0.019108326870975967,0.007357076312648536,0.005598984113262873,0.007220558873033411,0.011428567177206084,0.006980974540443663,0.005527460429712916
152414,0.004633696580708113,0.01712974945489365,0.005782046432380172,0.004562177623776087,0.006422851037962696,0.010849016059112593,0.006735828627141283,0.0036961228221215614
152416,0.00449526123582894,0.017219552142514694,0.006505670290657628,0.006186772649253991,0.008707826484315229,0.010380829210233922,0.007188393803856441,0.005213348937330109
152418,0.010640259666088392,0.022919334006221703,0.011579952652775172,0.011362029082546465,0.01451417216203904,0.015984640320443555,0.010050062153428796,0.009024242437882857
152420,0.00781314116809484,0.029926672345120586,0.008682699992926202,0.015212462323445364,0.010925643810480778,0.018571474910459074,0.01308806731525497,0.009245717204302617
152422,0.0059346739858346376,0.019541443661101,0.006190222521267552,0.00907442392353297,0.007236563755046943,0.01076332927775342,0.00785496623369597,0.006450803422675178
152424,0.004759990142138071,0.01714005625231274,0.007182272739144013,0.00989237574188806,0.006882604249869362,0.014451436331369083,0.008785536866370514,0.006905126833023856
152426,0.00598046369034938,0.017931018196670756,0.006750977497477217,0.007089794705624541,0.0067466048491307,0.014198522370008959,0.008157746554165124,0.007898184811630182
152428,0.0041015450196196235,0.012046788487063476,0.004725540354235724,0.006725560822216148,0.006086342491995689,0.005939948785938454,0.005550243632258811,0.0049652456608609286
152430,0.006663771780396566,0.024377065767598793,0.010860950210809295,0.01019739049326418,0.010468357943837825,0.017676948763388545,0.010807291219634918,0.012090683221845089
152432,0.012703357468710819,0.041548116193156126,0.009263554328198476,0.015359444474577266,0.012610172436938127,0.019224673746820464,0.01103328867118969,0.011939212998792803
152434,0.00489922193397524,0.016620736217652032,0.006547929980627254,0.0070573479523636795,0.00821722387667756,0.010727974818632247,0.006375285308310774,0.006679853904024979
152436,0.011839392374959845,0.025852613110327605,0.012030579401709984,0.01671946449067563,0.017306390246869308,0.01630494979942143,0.01470278115264656,0.013326093393573046
152438,0.00673664926467149,0.019695006209076382,0.007344934043154672,0.008048668304343531,0.007598620136096912,0.012574139706586829,0.01275658431976101,0.00902774768222342
152440,0.004833534443682785,0.016659345407753712,0.007128533380469426,0.007467207174630064,0.007208663940350357,0.012824820498887002,0.006989961532746003,0.005572318387070396
152442,0.0041206899651494155,0.01911568941356112,0.004938196726007649,0.006577609119070793,0.006824725376850582,0.012901571461022776,0.00720853362884416,0.00511050757737852
152444,0.0063279354796122456,0.021617337700527095,0.0068464885470584935,0.008710414420918744,0.007049982931293164,0.011231334307894303,0.008158836750568277,0.006033595421987892
152446,0.004979001812973005,0.01451488487078123,0.007124650109658015,0.006268036925963172,0.006223469214239552,0.011695637226782907,0.006583025615578608,0.005541557999507951
152448,0.01754172344715088,0.020627594489106338,0.019883950742528356,0.026352151801178003,0.01290219432681372,0.014218186685351297,0.02251008802454013,0.014631506569453612
152450,0.010108282052031292,0.030021435016070797,0.00995175056458053,0.014796263437416579,0.012776161893587101,0.015002946805955597,0.010728132246187239,0.00974382452973327
152452,0.0047095413726561675,0.01726770765033714,0.006695845669754341,0.005793729859675578,0.006816488692326317,0.011020205831280772,0.006237813146184268,0.004835578653726635
152454,0.005433002937192066,0.01985036643353788,0.007074312746052636,0.006554670881890934,0.00783837558002537,0.012584421392480616,0.006966686479551676,0.006022705114004323
152456,0.00409702469939438,0.01612031586483398,0.0061153503171507695,0.007300686619884866,0.007611522736084508,0.010431252853056405,0.007626356884582686,0.00528357544127922
152458,0.007990856213396569,0.015874986651855716,0.007728044350463259,0.008493458991065739,0.01028050857699242,0.017039516306365465,0.011573860090653698,0.01052798328674115
152460,0.010589102752419421,0.04109767058873559,0.01389510811120065,0.018027339813898813,0.016987438332197513,0.01858947523157206,0.013467923569677132,0.01581302259513273
152462,0.007438324747645331,0.019348246288652726,0.00887067428361249,0.009075562383159763,0.01081451896397212,0.014896741377384837,0.010870959646245792,0.009786324052552475
152464,0.0052517435096138265,0.018882650651367072,0.006712573178635717,0.008869169843862823,0.009601409075741751,0.013928697083041508,0.008000973581991977,0.006894391725570381
152466,0.00560078386730134,0.024631617680043405,0.007294531919942671,0.008451938981629548,0.008234113168024637,0.013524723405283545,0.007519348722362373,0.006077629080558644
152468,0.006344511760009164,0.021780748593301036,0.008046603006228503,0.010604508083156328,0.011327424528065289,0.014700454033944377,0.008434125591727515,0.007481379375393837
152470,0.008910030010870429,0.02614882098077942,0.012470805115199823,0.007705821318597705,0.009632017037024598,0.014726604955745737,0.009898324206016051,0.0060817746681332
152472,0.008634047081408136,0.035115402887697655,0.01102700055375383,0.01290009390747976,0.011364975675387579,0.023860432056592495,0.013206782265307915,0.009806659635174297
152474,0.00727731892347766,0.027637706730004874,0.007741542730743456,0.007865183567915324,0.009832983525832839,0.015190331137375834,0.00897752617505887,0.0072623394701599175
152476,0.00977012145033923,0.02655553190340143,0.010881004779291159,0.008282171294023366,0.01106588943249559,0.014342366399549888,0.012706343790825303,0.009473469054406047
152478,0.005362232191031213,0.017559877246198008,0.006126010290942452,0.00755067178435187,0.006672109231576684,0.012237699142847447,0.0072817331170660915,0.006495063096421172
152480,0.006124203830851549,0.019051147624598253,0.006747912088258312,0.007225567599357385,0.007713877183876727,0.01152396635143682,0.007228294950793135,0.0058874308503256145
152482,0.009082262571293909,0.025604161813115534,0.010001597766319537,0.009106330630007875,0.011418296223460411,0.02011814483730867,0.010419230203652374,0.008792845939376015
152484,0.005117635527998099,0.01674255909387412,0.006572423170215558,0.00695540774422998,0.0068852599111162704,0.009194347796395663,0.007314501172434262,0.005237081550461875
152486,0.004833413234461625,0.016950689335510027,0.006355532289481547,0.006428426862639336,0.006123781701045994,0.010783120251318723,0.0046440415242803845,0.004172117332830405
152488,0.008710561837801889,0.024806277787693176,0.00953415600902141,0.012685433479955821,0.01261140738194838,0.019327284320347582,0.007789693882266635,0.010685755013008225
152490,0.004886973324321531,0.01736671421994984,0.007801121595312266,0.009911126949813331,0.008442246769180761,0.011703120648066057,0.007982244242141834,0.004944081304561421
152492,0.013099539311378694,0.041460030990791985,0.012721215119482432,0.015686736768859788,0.017100683210991896,0.025189503564402083,0.01134007748630822,0.011222265242703033
152494,0.0079980814905945,0.02263698891520982,0.013033164232206185,0.014214025689031351,0.013461776608414633,0.016233587712165765,0.017399716405025467,0.010753853188952611
152496,0.004733021024019346,0.015944548458946883,0.00633325768987536,0.005982178522439041,0.005943770288002748,0.013442378364196594,0.005760518709231555,0.005590170167516284
152498,0.005909157549213673,0.011856734516214884,0.005575396660540355,0.005508782289732006,0.007272954358374106,0.008909554598363068,0.006939378146159081,0.006307011009031527
152500,0.003975560166669334,0.016930045690969564,0.006365791949783706,0.007355602710310771,0.006805226534339903,0.009918756470583823,0.008179552193086137,0.006129761674631473
152502,0.011423871493153825,0.04543370154722148,0.016649191883439052,0.021984999223496837,0.015023593167790006,0.02611279050337978,0.020716806624678563,0.014788954222733575
152504,0.00682122359366133,0.018062401426291785,0.008231948499936914,0.007295384639691926,0.009171480747641125,0.0121638114249501,0.007556622702402704,0.0060612592423626155
152506,0.0086664163032657,0.023074975166857747,0.009861785669219358,0.011064981856637957,0.00912009485286891,0.013437218340338009,0.012757425839836856,0.009813448757616305
152508,0.008094942787138848,0.024213556996725893,0.007161747202930835,0.0077595348283444054,0.008047439787639554,0.013678462651991519,0.007504131120895041,0.006687115644103736
152510,0.004948839291186113,0.020548160221622647,0.006255652252296073,0.00617976333487974,0.006728709157957591,0.013687005275203612,0.007236687981546697,0.005231552089457969
152512,0.004893622632985706,0.021046157053206116,0.006387924745646423,0.008651944116873589,0.008469905558375013,0.013462539066617707,0.00616427890988569,0.005678102165967369
152514,0.0043689462093974285,0.015569140856541708,0.006657113596737985,0.006076985525844458,0.007637082094185177,0.008897031065289662,0.008218865148958143,0.00677932013699728
152516,0.006124114039591844,0.016554643931399937,0.008058712503583587,0.006880394062176498,0.007966969328704332,0.011659860178223846,0.006493458774797178,0.006561654245711646
152518,0.005813874162768684,0.022636796106358048,0.007566173674069754,0.00668638575899877,0.008578293307852869,0.015390210082564748,0.007650696338883434,0.007286382689191628
152520,0.007980922295623749,0.018883608954603837,0.008727454887822228,0.0052034831526249214,0.013291122934185273,0.013990562250487892,0.00905557874904478,0.006449733514449163
152522,0.006437977554087981,0.023408912489257583,0.007718845996232071,0.010298869318830839,0.009086229327298412,0.013554929854565911,0.009082398900844224,0.008919708395869697
152524,0.007826188961534086,0.018318728058767997,0.0068341692817386335,0.0113593195074424,0.011052372129673194,0.016619917848040622,0.011501687804639005,0.008443918576787945
152526,0.008013607617486151,0.015981531938508375,0.006862982103185422,0.008243379431141173,0.006416858650304447,0.011198101079425149,0.007048352759202681,0.005034054953093836
152528,0.011473091821434578,0.02382639202915815,0.011510992160325417,0.01105199615775293,0.010949259759801544,0.014238341128189669,0.013637059798716544,0.01124257151125635
152530,0.007410725850981459,0.029607868349135202,0.012013830806500758,0.007476896049576409,0.012723324457298235,0.020550458650131498,0.012795321284704786,0.01447685213953337
152532,0.00860414329929804,0.018219244541207935,0.009483595244212717,0.009732920815867852,0.013504235651760566,0.01869451845053849,0.009704209259051633,0.007588241293689235
152534,0.004770045870155448,0.018627812318064096,0.007111630577389727,0.007610009567620646,0.006433957296378745,0.012884570326613165,0.00704217282921743,0.005208665449858485
152536,0.00766122082811288,0.027036771578431207,0.008296443625921912,0.00897008427515189,0.01039106456840605,0.01758393225262367,0.008656009860976477,0.007287073384049103
152538,0.007193222012041867,0.019529109821553314,0.007976963767309053,0.010197285160966851,0.007976627058203845,0.012259529111649459,0.00995861945755494,0.005798586494453417
152540,0.005682281059133709,0.025936231141754584,0.008803209856146632,0.009108349945784688,0.008941338056279113,0.011220491014321488,0.00920957256269972,0.006550855556896273
152542,0.004806495917824505,0.021997983843304647,0.00752150029259685,0.00831621995589954,0.008365905524322592,0.013376828139899155,0.008125047669924834,0.008391218074292661
152544,0.009682930332806594,0.02548331179420793,0.009901062612279965,0.01113420206312643,0.011181343786656806,0.01708494199682864,0.01527426709817542,0.010644937511907815
152546,0.008581864080297097,0.01940529640857691,0.008723000803076753,0.008968307540398401,0.010707725691516734,0.017336725506000628,0.012002230780856715,0.005844914295114523
152548,0.005332493292543872,0.015445980945785254,0.006506583762098339,0.007186853818869077,0.007275330939394975,0.0113225419568872,0.0064840205887206626,0.004590614669775173
152550,0.006890608641584528,0.02060144157876942,0.008868188939274768,0.013011724836788086,0.009850504076031052,0.013793067152584548,0.010575807926354541,0.010420374049998016
152552,0.005649207667939804,0.020679984364552206,0.007497793175048395,0.008012553844738202,0.0069720119925187896,0.011726437251646793,0.00995603962789643,0.007125676488479948
152554,0.006486491402526495,0.02896947725549026,0.011005067222705556,0.01212171165088649,0.01399084073236967,0.017214926025570287,0.009931553111997005,0.011798005590092642
152556,0.0069818224283447194,0.02127582250074056,0.00837872888087171,0.008553033436699886,0.00932542099107364,0.011366646904809541,0.0069890583378340865,0.006952206805999062
152558,0.007727022622774138,0.023782323850348952,0.010517582894621624,0.00845358434729887,0.01191414536558938,0.01584890031636399,0.008210213505000008,0.006947072678416488
152560,0.005314554074932476,0.017542844462390628,0.007743087276651295,0.006301767266482017,0.008115103149791913,0.015293186402707326,0.007814919412396648,0.005964763906604276
152562,0.006361129927059617,0.02094634637505899,0.011085010464811695,0.00843804949543886,0.013668647419785351,0.016767915576043402,0.010945167141786227,0.006588867678680721
152564,0.0069610136453521765,0.01354134396706641,0.010181634317634691,0.014382044885179968,0.008224422376042151,0.01127863826701514,0.010863821782337801,0.011400650975794735
152566,0.007767832783725004,0.019217839722788455,0.008725723227304139,0.009440086661864966,0.009363995206952191,0.017396095991068172,0.010149518984763406,0.00688065733772536
152568,0.010265610745663845,0.027600807920441506,0.011804875689109873,0.012789948265119533,0.011401190349502599,0.016802723697765032,0.010230283747267643,0.00849741178086344
152570,0.004789478599409591,0.02006200569602634,0.006185608842122159,0.011057252512025606,0.009362143832527758,0.0149264850004025,0.006439273676382362,0.006673784164323848
152572,0.007759211927972631,0.035315255271722856,0.009228728951993725,0.007601510541690948,0.011484195388506757,0.013498265651263941,0.008251095597189284,0.007580208504899544
152574,0.005277282114344084,0.022581713345118715,0.008104573114288416,0.007704304037004006,0.008832075043812893,0.011619101873579007,0.008618664004418408,0.007708325159834717
152576,0.013738081229464127,0.06923228891322708,0.020815080617219373,0.026318292448072933,0.02441885904682639,0.04918394366079526,0.026746371603893815,0.02716224338722406
152578,0.006356031235879078,0.021888918418003556,0.007590819435527918,0.011079700461149644,0.008657984163656929,0.01535712873865358,0.007905120326468174,0.0075206292895502735
152580,0.005578319971315304,0.016085182821275135,0.006827246724674441,0.006176063429299328,0.007756287754164204,0.011169875802281348,0.007899244280764828,0.0057367149535415
152582,0.009416256479617469,0.02816084891178705,0.010731725612647625,0.012723911069168148,0.012599361720679936,0.018847034595659062,0.010104719736611978,0.010007872640217796
152584,0.006123107722842747,0.016023805422575643,0.00623408884179355,0.005572128178326141,0.006323314595647389,0.014496916310485553,0.007051933630464191,0.0061078843093334
152586,0.011388802294235667,0.0436662107652106,0.015458528561973994,0.016795712838135524,0.016064098728323595,0.025225085620530274,0.013783665734736827,0.012011866049981779
152588,0.007091097135172086,0.022764853538339347,0.009673118858191998,0.007786729781933455,0.00953293967272928,0.017061250340128176,0.008711322584376013,0.009681786650784174
152590,0.0046538409203691344,0.017726274864600988,0.00672197584343831,0.006338623659999598,0.006382317709364982,0.010145060866408928,0.006376231225597773,0.005409631111263913
152592,0.005842778444971941,0.016866955510766113,0.007140365821950434,0.006650972778389497,0.007713029137619509,0.011400453685944056,0.00795856831345887,0.005865639172487891
152594,0.005571781139158072,0.015655648076276174,0.00723724194330444,0.005718339787520732,0.007431227209850955,0.011162917542563433,0.007045944753203914,0.005689381174818708
152596,0.004898074702831823,0.01591173152382752,0.006292593600401242,0.007444028101719846,0.007919261718641268,0.01082377059167522,0.0069721762312813795,0.005594279803312396
152598,0.006920645776766821,0.023171775473508127,0.009385177907405229,0.010589453899269297,0.010452303838576427,0.018160006540043128,0.009031383888927158,0.010944613722646546
152600,0.0047264459177590035,0.024084960071605543,0.008978090936807348,0.009985621379460241,0.009629419914630122,0.012608022304361421,0.007461670001248422,0.006084932443818636
152602,0.011145160904185936,0.04490326911147613,0.022295285046105784,0.0353417676858534,0.020103175181335198,0.025299145454803273,0.025236087069819613,0.02277303805347608
152604,0.008172839458607195,0.027274025938424984,0.008564894703916304,0.011035486335400302,0.010615579281111565,0.01924524512418402,0.012942472129644722,0.008042005495038973
152606,0.007272102950552084,0.015534888864067398,0.006334362960306095,0.008389685249421908,0.007335657796907535,0.010939156668072825,0.007532112744075059,0.006294360885588601
152608,0.005645793336546356,0.021669288663433983,0.010959319156200742,0.010714233685706953,0.010016982905215743,0.018167895082147112,0.0101623193732428,0.008277780819172575
152610,0.004932059258637489,0.014902545476931428,0.008564435485243715,0.006087914312807863,0.007830592510424061,0.013775434034509149,0.007571099879690957,0.00716511710390777
152612,0.010107868563537181,0.031897304724282094,0.010438926201018717,0.012065856371869244,0.009402230015066737,0.02095546556985206,0.007753207992977629,0.008522238658859038
152614,0.006734784251670511,0.03012479898234588,0.009280339166028995,0.01121321246389112,0.012579844921706496,0.023323882171585097,0.013325118074647924,0.0074886800572904755
152616,0.006607715113595758,0.02168508052709317,0.00897602117174956,0.008873836549044833,0.007968449738749384,0.01785197327364174,0.00923723831134371,0.006081801395956321
152618,0.005113406537549603,0.018366448891925735,0.006391016872075994,0.0072003706337323,0.011886446083921032,0.018192925624181067,0.006349641451424193,0.006102906788050755
152620,0.008500928586270329,0.02812287771491473,0.012055337228607466,0.011353240816166732,0.012337908635960348,0.01819737980373959,0.009920906976541632,0.010709497458988304
152622,0.006923239333702702,0.022802685499583086,0.010106210200107102,0.00867919020654112,0.010894169615973448,0.017986804065906803,0.011383799989312715,0.008463915036891534
152624,0.004554474242233264,0.013067446398489446,0.0056772690418860905,0.008720077036311003,0.005875042207845793,0.009534828228155767,0.006370814865456431,0.004296181227264384
152626,0.007342985366474208,0.02459253552273588,0.012720904196026839,0.015706328057900842,0.01225462775568098,0.0208964675323422,0.013617399994942048,0.0102020166223602
152628,0.010858647326333681,0.03608352893161304,0.012567356630237336,0.013641354765719038,0.018215913915896387,0.02235035618234371,0.014857372137482339,0.013735353240425019
152630,0.0058296757250195785,0.022042703571996336,0.007260065315648712,0.007473572116933946,0.007340925873301707,0.01610887545467876,0.00858478943741492,0.007702776442339909
152632,0.013828549462335582,0.03572645656822715,0.014959535050906858,0.01784073804579145,0.01963700110319544,0.0183248758507768,0.024254054231890088,0.017019440695726695
152634,0.00827487707434399,0.01808060621171137,0.007659162820707055,0.012156282329256973,0.009557888618823507,0.012576312014387137,0.01145842834225258,0.006873921293511442
152636,0.007178357181496731,0.05044238316813576,0.020656775059181065,0.01658064828803618,0.01163240361553708,0.02800223523020251,0.014556117081321374,0.012251060000208425
152638,0.004949208287941043,0.017563917526154604,0.006958962443960104,0.006362061719562329,0.005418831415646752,0.011605764398075424,0.006452431193722019,0.005526812353517707
152640,0.005725261691253758,0.025942970194542392,0.011467321046348344,0.012709530371886935,0.00876037931883783,0.01599285543881579,0.010661164978075455,0.006956804657765048
152642,0.006402174275974781,0.019902983940145447,0.006914194986539002,0.009911155135949257,0.009307200918462544,0.01237762142971116,0.010775312121929836,0.008233287018143187
152644,0.005256387981187827,0.013748129270941212,0.006428141323566783,0.0070770452491653035,0.0074140062695953746,0.01252681668347777,0.007504555811215008,0.006714886901096284
152646,0.008063961085116811,0.027760501740520027,0.008147826424222127,0.010821136830694522,0.011024511154944572,0.014938018492310912,0.009663452979822795,0.007846101799259486
152648,0.010607868892660355,0.03473097770059774,0.01549323790544671,0.012613331874780143,0.015993989893914318,0.02462288123129852,0.013625323440650483,0.009406761743993075
152650,0.007495303124934516,0.028008344738140956,0.007371765439456945,0.008545881224243657,0.007903639187478717,0.013546466709925875,0.009877065898740378,0.005991829033249518
152652,0.0033773768120076847,0.01568306406349862,0.007358307196840608,0.0064992633704827885,0.00858782990725282,0.00899032662270921,0.007404072308397014,0.00744924105546918
152654,0.004082150459883138,0.014980850055912376,0.005208900972340169,0.00701945512565777,0.006305460849072242,0.010711981881090848,0.00657905821535959,0.004985593470237859
152656,0.0048840986721785384,0.013797019049249792,0.0056582260583724064,0.005530910828567548,0.005636127053452233,0.00937763959452248,0.00562953541170913,0.005141929514365984
152658,0.006870095661813735,0.03374649852408229,0.01389993893852215,0.014001035428937103,0.014692119112623914,0.017746203202540167,0.015222550343921226,0.012036751759090747
152660,0.007898374186522672,0.020041542254319644,0.009792178618932335,0.011713739832515169,0.008928172668398737,0.015493184117021608,0.009541151448491159,0.00733262316113642
152662,0.00434862994847679,0.016682221400295072,0.005649132628904319,0.006280174050436793,0.006851948012605524,0.011707423530115335,0.007467785342509581,0.004720417974166724
152664,0.011817316236775233,0.022526975009605543,0.014148055426858264,0.017389980273457617,0.013636570827931183,0.014487475254494842,0.01182455167303248,0.00974443937802777
152666,0.006970669537592622,0.027065779654677158,0.011831267412696411,0.009838410095058814,0.012344891103023559,0.01868813377016587,0.01160482370964383,0.008495188051771407
152668,0.007236472487277601,0.018084285140433032,0.01020650680656493,0.007805382488284218,0.008295448777190018,0.013348790380722841,0.00956799713878187,0.007506289550149925
152670,0.006331682964707319,0.0163587579902702,0.0062694633113871134,0.0066241381957455325,0.007882510330148307,0.0117100533688968,0.0074030594058207555,0.007244005281404009
152672,0.005804285224289496,0.018007590133930274,0.006948544524462363,0.008578901956766638,0.008140291807201772,0.013927014121552839,0.007658918956021887,0.00649057965863703
152674,0.008470891612891107,0.030276522005900697,0.009791681701574684,0.007823791262274116,0.010040408282161961,0.015955264062484042,0.012366387241440846,0.010937641840285617
152676,0.010650314537903549,0.028425545614837233,0.010091957184135636,0.012672396345010883,0.010401336884232393,0.023100433578804314,0.013650686641014043,0.010316053784638568
152678,0.0074936557906158385,0.020238123855379264,0.009419079224375404,0.011647610559213872,0.010326711440587444,0.016141455737685106,0.007935177096516866,0.005846906967978072
152680,0.004554301275110417,0.013872521529209259,0.005405819952821966,0.006477571571485763,0.006398693246794318,0.010867119355011445,0.0065719206333803015,0.0064693578031432275
152682,0.006090900401085841,0.018979713990150637,0.006560647601091318,0.008996527445682967,0.009522108101196525,0.011599477278354309,0.008624584484691278,0.005482067696336801
152684,0.00595078703856089,0.01183868384248754,0.007176506470437438,0.005454885353030348,0.008433070522539998,0.009646329422644762,0.006117941011837047,0.006129348686230662
152686,0.00360054792462329,0.017129776758739723,0.004944696360366985,0.005759369701480388,0.0053610636102805476,0.011438466634246025,0.005018223420407475,0.004188651053274539
152688,0.006093083452897441,0.019375615882444075,0.006904787558561554,0.010449558775077472,0.007426074496250712,0.009434934650359716,0.009920191599480044,0.007300088220794587
152690,0.0060768496170227615,0.01835670432795511,0.006496320513918796,0.005947149441023536,0.008235638476696006,0.009903678314358899,0.007941836679639158,0.005736871834241208
152692,0.006251818942413723,0.015236561103862067,0.007339040279523756,0.008718926311559239,0.007249579102964532,0.014717543130791322,0.00638766035353755,0.0057947847369810845
152694,0.01672126029440002,0.04242704950230802,0.016193742153313373,0.01020232065326443,0.017919562634789665,0.026857208091123574,0.015420989818117958,0.009296507017495736
152696,0.008508074337239047,0.025536123498469898,0.013824524722443832,0.011413656776746939,0.009935585317012718,0.015537106519216914,0.011629568785910038,0.009635182022067978
152698,0.005312883462421036,0.020481147994392046,0.006998911920782724,0.008177370454248711,0.008454576302054095,0.012861472315055744,0.007807719431008275,0.006707484392589669
152700,0.00448460943379253,0.016973966327544554,0.006042718541877934,0.008853358496075325,0.005932125836389857,0.011425116997815232,0.006348102682519896,0.0055705054181898195
152702,0.005385610865071888,0.026349863517501015,0.00717851373280376,0.007407226853901827,0.0089975592394001,0.013570924933947959,0.006887201291088607,0.007462816919657167
152704,0.0040959155125206426,0.015305502212825728,0.00639962063397892,0.005246590550100905,0.009753219997528595,0.010797526371426835,0.007605013540397165,0.004280935784438056
152706,0.012960592004139182,0.0403529025133631,0.011029214805781395,0.018404672679223077,0.01786004156783627,0.0273385939418882,0.011962484804629858,0.01377861727341051
152708,0.007559594505891776,0.0272465298047031,0.009687932535825894,0.011357964841061607,0.01379680026249025,0.01701570456295176,0.012541285572047534,0.009072225280348845
152710,0.008193282663227441,0.04227368574159929,0.015235404176765999,0.019647656191409624,0.011964546573839385,0.021623639168652176,0.016470843473315178,0.013731700045638784
152712,0.008747087271345821,0.03167723252293175,0.009225781730828553,0.011847581759785675,0.011418179986961485,0.013987144904246629,0.009711821878097604,0.010037541689225604
152714,0.006326882921606158,0.02314343951204112,0.009047867853916536,0.006672971016649321,0.009190854638760015,0.01583427883717925,0.00892611148131639,0.009508714971274979
152716,0.0045804958388961925,0.014453777694616088,0.00634795665164134,0.007663907869766506,0.006751890888963885,0.007389297214391244,0.007529839402909744,0.0056112692209007164
152718,0.004807266627191942,0.021194831840720463,0.007504231806267081,0.006581328263267905,0.007272081348315362,0.01573244636672322,0.007963796154798253,0.007587228850193528
152720,0.023288635353641007,0.10673277444042473,0.037782101503675,0.04554868311882476,0.030768695104663957,0.04262826013731158,0.03344577542120053,0.03352947899525649
152722,0.006239771646745995,0.02642338494185026,0.010472365008118212,0.009801772921660457,0.014038770257901456,0.0153328609549655,0.010688786659883098,0.007001875458946538
152724,0.006163181560911113,0.024860648462175172,0.010769459813730897,0.006895677319704918,0.008502408334734923,0.014780318882121668,0.011627283817601475,0.0059777167836099765
152726,0.005888304409823242,0.02981559506520548,0.011949663449135395,0.011409788638477247,0.010762176035303883,0.023175645348416873,0.012028616544640158,0.009189790393409558
152728,0.0064993162278759176,0.024521030049670323,0.01015128599150672,0.011890616794802078,0.008248187063757462,0.013543299998275415,0.01050319682788925,0.00873862153988375
152730,0.009647269030763406,0.03274186203057994,0.011407604942155258,0.013651363896215685,0.013287051794200144,0.017703153619575085,0.014938812562459214,0.009181175846596779
152732,0.006059570230657008,0.03256681410437423,0.006685007737306847,0.007139572574232922,0.008906318473376251,0.013292505889435313,0.009091329293948514,0.006040485467458334
152734,0.004824160241417852,0.018692142912400067,0.005066765418113628,0.007237992424169448,0.00802985114404381,0.00982778446837479,0.009404731290383106,0.00688785177640755
152736,0.005140473222999875,0.021447322590093743,0.00845600131127583,0.009949801836320271,0.011971372052626494,0.01594501509800139,0.007896680487544439,0.006824594890077196
152738,0.004550343036129556,0.017898859345738316,0.008328893677118865,0.01065765113182593,0.007951491127334231,0.011802447291793305,0.009955714013210049,0.007535400514236734
152740,0.005910068231224308,0.0224312244713174,0.008213689281462655,0.007184506890859588,0.007382431802839484,0.014742690592906504,0.009299290202881283,0.00806738836869969
152742,0.007982349416807644,0.023226310144096374,0.006421021624483325,0.007525614331215458,0.006981192421552651,0.014178115796430524,0.008982410539646823,0.00883968784680672
152744,0.004672847282060966,0.02574834259611891,0.006839636157860929,0.005869384185396065,0.007769030576326108,0.010590688326322928,0.006947631588934355,0.0071732512624783085
152746,0.007376695786309784,0.020755233038160847,0.009387380942344814,0.010217868386599216,0.009620424822132101,0.01763781837876821,0.01198194748028314,0.007427431854838185
152748,0.010607224312584373,0.018562561257733146,0.013030115932559705,0.01456068386729964,0.012745261842861455,0.011862534280031645,0.012946183254985366,0.008547459937342572
152750,0.010592856798453454,0.031032490067778307,0.01173304275695669,0.012987864359157497,0.016200770387950536,0.030901997304122242,0.012407974899446617,0.010300009564030654
152752,0.00814785198034329,0.025179978271996584,0.009643215285564999,0.008699432591726897,0.013274133062282978,0.01766818907434442,0.013572265082244295,0.008058304515680403
152754,0.005530352309488562,0.014893493321213924,0.008860218821128696,0.006481151963324605,0.006075725233107898,0.014332226552713545,0.005962524572931338,0.007332287577654917
152756,0.0033433255524573102,0.013714641940477945,0.005220282294172984,0.005909865469534703,0.006156018437351529,0.008161942190611227,0.005577164799213996,0.004534009534671535
152758,0.004159955462721909,0.010603992499223447,0.004716619458698057,0.00794388317706396,0.004444181658072921,0.007798597463067269,0.00620029864716104,0.0049847728253391566
152760,0.007031895213351069,0.020638750463790823,0.008805865062930573,0.008890184600611806,0.00912373110490533,0.016648492019669447,0.00948690701421473,0.00695450057124547
152762,0.0041519985555302785,0.016795481099160847,0.005812541482251243,0.007186090835748837,0.00644651475082908,0.009605062635488493,0.0064094553081877614,0.005349854548264921
152764,0.006468904764868333,0.016530755880239667,0.006418670757055767,0.008552989337611061,0.008683860822069678,0.00988607347761633,0.007574848758862773,0.007943026564295741
152766,0.006316209385648586,0.015777986624027074,0.006678145331209473,0.009047609888474861,0.007863030955155781,0.013610315019936758,0.007738205044938162,0.0074799178620175155
152768,0.005263953139798494,0.017900258863426055,0.00884552257924659,0.008756736734727488,0.010025852618684772,0.012063224519354654,0.007815862622600811,0.007298248615498437
152770,0.005353565249077763,0.02427949537857277,0.0073717475278876066,0.007506028766495698,0.009883587503047908,0.01502348358118355,0.008778983358771753,0.006577164390919599
152772,0.006618338701827264,0.02597166416075347,0.008968166425245505,0.007061823907943465,0.010269951810414568,0.01406256784285459,0.007211442512522703,0.005723833233808373
152774,0.006647847543706453,0.013996807608053496,0.010009570622451003,0.00991490870045958,0.009861602177040574,0.008678752921320587,0.00631170525027458,0.007915516048315974
152776,0.009534393174538691,0.02278138597505497,0.007905936469498664,0.008393235665394627,0.01047358801681586,0.017175834177951543,0.00793848662390051,0.008821058749110267
152778,0.005122289649783562,0.02180286894374306,0.006813478553762187,0.007540549604755142,0.008615154738001118,0.011381966934023657,0.007406467649856419,0.00784338432261894
152780,0.011453479341574146,0.028285320628129718,0.01085452044782742,0.008830026380324318,0.013750965118163094,0.014626090690887716,0.00838027298155769,0.007944603033118947
152782,0.0035681981415250363,0.012764611868388231,0.004535054103516123,0.006023522731291031,0.004344583378419253,0.006556709876290923,0.0050645000529994655,0.004891764206203186
152784,0.0067321223165551225,0.025945514366571,0.007854886994067778,0.007885468784892602,0.012023606346828197,0.015900076020231246,0.011303207552672279,0.006256314627739679
152786,0.0048566073489633155,0.017700921229256927,0.0053141304227191655,0.005797290739067984,0.007452483676733623,0.011841822948358782,0.005735753400726795,0.005589256625061267
152788,0.006321788498556913,0.022017808467591715,0.007488729058529098,0.008837970302495946,0.011525975581518688,0.01389872149090593,0.007439352912309849,0.007029969776788159
152790,0.007971806110111723,0.01552034801555019,0.010434578486670176,0.01771216391444974,0.008434623727740842,0.011433880452422829,0.012732486558387157,0.008190635173438432
152792,0.0042393894554857425,0.023290318150520628,0.008454344749397658,0.009507240181122478,0.009731170026351654,0.011544476400999537,0.007651907225536547,0.005985020983013956
152794,0.006659401933999443,0.025824851852740416,0.008187295064530586,0.006285085111304767,0.010166464258475116,0.017633975398866575,0.008830422651443293,0.005821922343900943
152796,0.008726164478181586,0.024590932503238072,0.011833217343807156,0.01417159241101218,0.013312516106180061,0.01655613558992486,0.013416555356493554,0.01033191813079043
152798,0.011672267564921734,0.03158277076273919,0.008454546158925214,0.016408417079924797,0.012897695813416599,0.01665434133339283,0.013584520438460146,0.010195959525276577
152800,0.005599310812925362,0.02461590440999828,0.00932759541448136,0.012911562822745859,0.011315173313733773,0.015496257626092247,0.00934859285026679,0.007075791741867343
152802,0.0076096079012586415,0.017253259809573374,0.007236791926988284,0.007134797650603597,0.00812214398189326,0.014790034270675767,0.007657558862174396,0.006027303920848104
152804,0.005016596888630931,0.021680828136855235,0.006536525753753075,0.006281613626259175,0.008700386049780073,0.021972164217602064,0.006351542610908645,0.0070276261229020864
152806,0.006017696540625617,0.02102371105143086,0.009105953810653544,0.014859306575669473,0.011053327753753062,0.013304577589615063,0.01150932474007349,0.008769744458057893
152808,0.00577319819246741,0.022662725052630117,0.00834345799590569,0.008059438881378667,0.00993174022384502,0.01483279667175591,0.0074480926087643895,0.008334866161792631
152810,0.006115807115956662,0.014862256609271762,0.00660547200712408,0.00770130784474099,0.006038233121231862,0.01026582211538779,0.005845194547617061,0.005214918817459058
152812,0.0056287639922275035,0.014479799824731965,0.0066683937251511005,0.005834416505479112,0.006339169398729361,0.010291197745321279,0.005742366268492172,0.005134527327872229
152814,0.006629703634479844,0.016322707212058418,0.006786088241478305,0.008392210458552596,0.006146394255267751,0.008908478637605077,0.00715295413451994,0.006093199769242885
152816,0.005500561279698835,0.024488783716066997,0.008343180331820632,0.0076998119284630295,0.010257815742860166,0.013132202646741808,0.008728564410140971,0.0062473896514441685
152818,0.005541035547112438,0.019902567701759688,0.008071978402051594,0.008793348968993975,0.007042204091014748,0.01012615702782882,0.008367023172070276,0.005560608254473964
152820,0.0059462232668408554,0.01873406091026575,0.008599642031235144,0.005900409415143193,0.007629977541193433,0.013292167445290437,0.007852070284948331,0.006671886491096457
152822,0.00896022907500621,0.03826788996660313,0.010790437426651034,0.0160147563960642,0.015599682015583705,0.015906638058368117,0.012348426129826784,0.008974667341301645
152824,0.006819020823318533,0.02520643503075437,0.008050196394471465,0.008764926638822834,0.010967839722595463,0.011482371831847082,0.009314555552475179,0.0077744664575907785
152826,0.005418482602324526,0.02447880434346761,0.007268391648873385,0.008757185741299855,0.009780575867657737,0.012566917297025582,0.009013834063955395,0.006837418094727765
152828,0.005384121556538057,0.018186169015521614,0.006876730975858225,0.006128101639033767,0.0065521545485350274,0.011411846788465851,0.0066794386142641216,0.006551840945447085
152830,0.004255874022135453,0.017525141343865736,0.005709007882459538,0.005899884046432158,0.007598965656782974,0.012043185706772874,0.005648673445662888,0.005834196834822392
152832,0.004737528676018121,0.0168296605399485,0.005960824064970893,0.006442393752808195,0.005542631821882971,0.008652344688178326,0.007329697590924278,0.004854620992601755
152834,0.006569608728288268,0.0239736466998155,0.01038039196604107,0.0124669830765472,0.008278868160021047,0.011214686290130838,0.013240950646494554,0.008940523653364674
152836,0.005975986464192007,0.01916534424747618,0.006739720678158534,0.00800442878371671,0.006554269152934333,0.01018640425740186,0.00877438214392795,0.004264923319789782
152838,0.00842975384777317,0.021637866860069188,0.009584935809280104,0.011218035107585289,0.01020238537329915,0.016973364503375166,0.008820788642971644,0.008168601965445943
152840,0.0059304595048864095,0.024331621690283578,0.007339308358655983,0.0074504809114195325,0.008591388851922288,0.014288062066493412,0.009614161587203407,0.00697206798278871
152842,0.007264591119620301,0.025192105124214104,0.011178255673575999,0.011311326655700837,0.008865165175699963,0.01469795005759611,0.010185205652327944,0.008383665864934109
152844,0.00516490482177745,0.018650906786327193,0.006489487250384285,0.0063444251155902465,0.007832565280033954,0.012899870504686162,0.00864687332567926,0.006055563249848461
152846,0.006816268475755616,0.026698404054936953,0.010098654160120901,0.01183371822486562,0.015003122024835003,0.02034589600226866,0.007196667571066406,0.007993393948151406
152848,0.004723020803794109,0.012477721881531956,0.00619640257446008,0.009818328044786995,0.007794455507727227,0.008044484513005712,0.007679073695857019,0.007026807934920554
152850,0.010022824004116748,0.02769046773964079,0.011284595648327844,0.00870680726824663,0.011032997544057288,0.016329630081224344,0.012714997372320846,0.00967693408498832
152852,0.0058074393987884165,0.012785427241298386,0.008538590178632843,0.01316579402180218,0.00766380350984136,0.010910915856313042,0.011715067165959603,0.008823890214122665
152854,0.006865282092310077,0.022364219260517793,0.007285096786532108,0.008682448675303656,0.011947956409042115,0.014501346396857129,0.00848403259552516,0.0065204487482800055
152856,0.005419266899608033,0.019467910691038037,0.006798385001225926,0.006421333275075158,0.007101918949438402,0.012338090704611615,0.006906580607020596,0.0054762350157680495
152858,0.007223448651867637,0.02184329351149672,0.005509026714385579,0.007412938803032232,0.009258928185006177,0.01782745303297717,0.011661509502330303,0.009943742822990709
152860,0.008157698102682298,0.02415216363837036,0.008746666395927305,0.011181433600409074,0.00979488903106418,0.015304294742019886,0.009629690431874005,0.01115628724787815
152862,0.008686072999574357,0.025877287388580195,0.008241577437530845,0.011112980721115273,0.011461875570711877,0.01536429626722674,0.009037071885580394,0.009544262164926431
152864,0.007035606889317647,0.023166522397222167,0.008872633614689873,0.01111574873547122,0.009381655898551777,0.01680859617687247,0.012374475077646052,0.007882065816048112
152866,0.007041103717515762,0.026725904861193195,0.012472033217125977,0.009154860272768739,0.013691860820853885,0.018458938637533118,0.010227788016141881,0.005932917770181734
152868,0.012925025616133345,0.04232026163391489,0.014663837035524319,0.01258043490206534,0.011249658860244871,0.018511690895056887,0.015026599649573313,0.012187784641142285
152870,0.007980477677591802,0.03071938698045451,0.009347284681155088,0.00993951731913989,0.011052857769534852,0.015531878381192465,0.010411226557618614,0.007189642083363312
152872,0.007302678064937729,0.02569161433485423,0.009157071757757373,0.010840375775061695,0.015412512243462795,0.02025301218288278,0.010805475754505134,0.010196696814854855
152874,0.006983391343482526,0.02376998986452694,0.009602334812109314,0.010342033884107815,0.008843176684532106,0.015494996281929796,0.008836992525552978,0.007128735938360942
152876,0.009391507636466123,0.027260979783944927,0.009196165358040853,0.010757562137833965,0.008627835456025912,0.015517181163957672,0.010204701883648193,0.008568413030736244
152878,0.007090822335166502,0.028761317765680028,0.01011558840993132,0.011959041312836982,0.011903237364435049,0.017251936705326765,0.011280882388062574,0.00721726836987463
152880,0.006819498265129065,0.030728439864052604,0.00921248143789044,0.009639086317179357,0.00820757138085626,0.018377731261507657,0.014188600354408332,0.007792394150389015
152882,0.00475367165938817,0.01649895621908848,0.006370562721148332,0.0069568394581134285,0.008838156618564463,0.012818368281221959,0.005869473231030264,0.006665929867370801
152884,0.00787270615002772,0.01856882698703899,0.007614950020711719,0.011902920346100965,0.008370045283702388,0.014092928245258707,0.01024760249359602,0.008582696493139252
152886,0.00679814664806605,0.030341309824799545,0.007493275265360921,0.009539719262875723,0.01271502089606713,0.01656555874927168,0.008627809157929711,0.007280747689969225
152888,0.0055009348287949345,0.0181601952987942,0.0073608344748899435,0.00512713900907702,0.0059696145521483945,0.011571112549111418,0.007669723144609897,0.005307833032489384
152890,0.010337427625586537,0.023522889528584168,0.008575461511167726,0.009506417835499548,0.008545169060214741,0.012766556433291498,0.012725371774671201,0.009249422837644128
152892,0.005331445464005435,0.022253394968123397,0.00880659360197461,0.007697553945472058,0.009176627419493821,0.012364934031474428,0.008710328196527561,0.006390249726245578
152894,0.005376529505112304,0.013458645742279673,0.006165664189211606,0.006542163951037738,0.005330559840842852,0.008593546398070251,0.006839527710855775,0.005624335502342481
152896,0.007063414309256333,0.02505229898821426,0.008522285429839238,0.008990101974863052,0.008639316324392576,0.01495926713743595,0.011810478144913594,0.006568468628103341
152898,0.004122994602486552,0.019277043467097466,0.008608803358938266,0.00909572436809164,0.00899557344249402,0.011348170133303137,0.008483749857071177,0.007082972080934502
152900,0.011898064803129993,0.04146336253812799,0.011925880130450262,0.012389310197097325,0.013711234034446074,0.021904124065574848,0.013604653581489323,0.013798825419018224
152902,0.0059647420405740115,0.019018114160058497,0.008320944115138007,0.008255621152080617,0.009869560498565522,0.01143251656743477,0.008684262131532172,0.0070693229029075155
152904,0.008367313500101725,0.029899013782198836,0.009834328206025589,0.009835279881408532,0.013250834113934185,0.013171243697250257,0.011274593715641323,0.009498377867260877
152906,0.01220293050229021,0.0343673454465423,0.01207176599189591,0.012604410159740065,0.018093860925960437,0.025019657949919782,0.013443135089738156,0.011536099581379633
152908,0.010109038638017653,0.01474020111321922,0.010113412409652689,0.01465733994476942,0.01098408024290709,0.0098292262970881,0.010791389398996154,0.008829294072292493
152910,0.006392520325535722,0.025036004102610088,0.008690259271315393,0.008629938049298014,0.011450239066983281,0.017710200648729746,0.008099576860232105,0.008440924227857638
152912,0.006729841076674126,0.022301270651098548,0.008512904915681185,0.011448083390224406,0.008285608011833256,0.02085999379024006,0.011992842522673408,0.008622331723057153
152914,0.007272526106717692,0.019835891304804898,0.011201642980225357,0.007729292783793584,0.008589137668131797,0.01564278214170045,0.01057556427349482,0.009632825784580357
152916,0.005083352138825825,0.016510423240166716,0.008333844526102974,0.007512837737011502,0.0067026708034632065,0.012599154318038652,0.007767354743162758,0.0051839941892640184
152918,0.004674665690220847,0.01726718679655992,0.006344048872031216,0.00782832597833455,0.00742648541480323,0.011267999930951511,0.00861512430996303,0.006252706167253486
152920,0.007313078989207078,0.02410308470317446,0.008253182911062362,0.012615592923053365,0.010481996990499065,0.015537962791907722,0.012934515941257274,0.009484518185978397
152922,0.00669153357840685,0.01897407307716592,0.008047786008647029,0.009083336194200486,0.011240906268818185,0.014166322640392137,0.00886848783578481,0.0066848201131544105
152924,0.007841555339190232,0.021334952795104778,0.008869161423850136,0.010432610439001844,0.010995897798626919,0.016310723228855295,0.011005218854296894,0.008528796101716418
152926,0.008399206589034203,0.02206272097305373,0.008643535646836453,0.01144234760005336,0.009776912649533342,0.014474872840510022,0.011876754079427565,0.007876866196788124
152928,0.006058082100168782,0.018734672782685147,0.008086244074531956,0.008417309823231856,0.008770637567359962,0.017125412320213806,0.010242804672218109,0.009154097507853898
152930,0.007498988029838394,0.025741504551215266,0.009780973764513201,0.010279775817569003,0.007699082329711615,0.015542486011997036,0.010930288935684596,0.008139460967019119
152932,0.0044280746922545355,0.016201161100881656,0.005215766801658361,0.005771629051130545,0.005729446620109047,0.009870109721887843,0.005768335227569976,0.003937959501408239
152934,0.01401250559334205,0.053926706984967154,0.013628395352142997,0.01333280634472822,0.01713161786827655,0.019307186758512396,0.01304758214228574,0.01011786207071147
152936,0.007575896691765005,0.024677200470099914,0.01284230565922062,0.016086585139195364,0.015441451422775698,0.014718978517308301,0.01704246136118659,0.01113706235432771
152938,0.009352154761267606,0.027123076786907063,0.009418542696781884,0.010941209333561241,0.014195022905851007,0.01517393697128,0.010870277603235223,0.008867951790228423
152940,0.006087122564089109,0.02473447608294066,0.007366935221879922,0.010516633908441486,0.01160492323460277,0.015033802912793937,0.010122701007321544,0.006917991975171844
152942,0.010184107870161663,0.03076142913122326,0.014923140866054452,0.01204690133818076,0.012872450669770219,0.019059363154064535,0.017934250835427434,0.011098403281462277
152944,0.006829375705539542,0.02250343067609273,0.008214965537840735,0.01217744761380235,0.007852535079782064,0.017134391421313788,0.010087022337519125,0.008572439787712938
152946,0.007099195458854846,0.017895661792700857,0.007316841194090706,0.007403795355999998,0.008600084228305216,0.017123883533143536,0.009612481411554796,0.00650897832313313
152948,0.007264970873801568,0.019594626580456742,0.008481120340640358,0.008627695661342694,0.008587650391356227,0.011801853181952149,0.010779864844337406,0.008047556084985141
152950,0.005068519939267768,0.01856825031709608,0.007155377834735299,0.007298521040690398,0.0068645869932396075,0.011800286228276002,0.005931566923633946,0.005845101129369701
152952,0.006168772273859924,0.017841773035814024,0.007362632084875698,0.008331942899673983,0.006651458883989714,0.013139882895249144,0.007769643955435335,0.007407239678628663
152954,0.006320604952252451,0.02291830532436734,0.00756581334616957,0.006673684344127517,0.008263809019006862,0.013882571202426475,0.007717953167585279,0.007862972816233216
152956,0.0031346931403110206,0.013277683670626317,0.005900731057639996,0.0051593483158853815,0.0075249395672847275,0.008596939348771981,0.00542119771934324,0.004479715124299732
152958,0.008314574426088406,0.022945600279911105,0.008738036502525193,0.010071060087511796,0.010650403730792846,0.014580958971006697,0.014339575487576361,0.00833430840352195
152960,0.007635876287505339,0.025639434157836982,0.010490128516425168,0.011798070331926758,0.011773701120567692,0.015122269552784395,0.010339570014256338,0.008359945088811438
152962,0.0065417830943497735,0.018065053049313384,0.007900887922863087,0.009431743395961478,0.009155945307143476,0.010631976422289746,0.007642320514742951,0.009197022760789653
152964,0.006355648708555928,0.020914112956633923,0.009336648401475023,0.008656794563876247,0.008659818636780836,0.011385170505210596,0.00826182600733999,0.006164910690273695
152966,0.009413529577840196,0.019891503242952746,0.011768956068769265,0.016723387637320508,0.012990588415708049,0.012301961535144346,0.01145246511185527,0.008456827597580707
152968,0.005455590833502777,0.02036771359917311,0.00634634804866302,0.007387135181226301,0.007361290888500349,0.013471449843919459,0.007777174598246006,0.007472764435622281
152970,0.005193681479799039,0.0160115960629037,0.008947330271047493,0.010079000736752664,0.008721236186490566,0.011105839202738332,0.008773046398200757,0.005542788244772778
152972,0.00868121852107695,0.03294325169037293,0.009284374784386318,0.011342743503395314,0.01095280419524386,0.01635232818717114,0.010401931104764783,0.007224074297994321
152974,0.010082081216641114,0.040785011732968,0.017351341717688706,0.020715957302913646,0.017399865789588853,0.023222204422893356,0.01875113181934318,0.011502101713354806
152976,0.004286837336203497,0.015035281046550608,0.005379249392611918,0.006426501090166292,0.005353543443318343,0.011146304595535172,0.0060456101059647716,0.004958052598248663
152978,0.00946095226773519,0.02765522371375173,0.01341756853723558,0.021015799670806246,0.014221562834300594,0.018204387797911892,0.013535516594580577,0.019525790638540208
152980,0.004731805268844147,0.01659923477468994,0.005375132128556892,0.005270157383968632,0.007004924430958903,0.010583281310221404,0.00670375172778237,0.005034359446676184
152982,0.0051605824797143485,0.015418739758786215,0.0078919181810711,0.00906584944460409,0.011026502964455398,0.009550729768651678,0.0076955472727071594,0.005960873535051869
152984,0.008224522377390464,0.025080916289610622,0.009515179242920946,0.009527701292934287,0.008116438847205976,0.016812421566997138,0.008213524523315086,0.00898426776568173
152986,0.005543994217319437,0.017024849289698274,0.005341541757791168,0.006107674688572651,0.006374579782993328,0.012697310317889787,0.006175250746309757,0.0055356438579137746
152988,0.0028143167525358642,0.0119349588891291,0.006283428978744121,0.00856404936495686,0.006371869881839631,0.006427130637887635,0.006421082521130883,0.005191487764478142
152990,0.00592286757847621,0.022333998735330818,0.007388585040566886,0.010244438007438683,0.008603994021300077,0.012934002449447368,0.011712086818854495,0.00685879298998554
152992,0.0049545896552017354,0.01644335850622647,0.00844763794961012,0.007125330580495748,0.009757023020613487,0.011553745187962372,0.008275767664607026,0.006352984404369488
152994,0.005967017473446967,0.019011542958665473,0.006250407524539592,0.006963773920507288,0.008082518060493149,0.01013115543163684,0.00812839655384151,0.005440474272475848
152996,0.006989246446721609,0.024063481176650692,0.010876241154447408,0.011693046067890123,0.009395831674920752,0.0183122626950194,0.010889325361565005,0.007845759944118458
152998,0.006230451511584967,0.020770679717622365,0.009944139567246657,0.014355052052763606,0.007916157721503447,0.015554924079935972,0.009873239550170831,0.005868620475582509
153000,0.013062028459347508,0.02705801878915204,0.01089875982146632,0.011855491662402573,0.010675030626081716,0.02019338584346997,0.011577246074648218,0.009324599352390273
153002,0.00671708500139806,0.020500050926690827,0.007402014521978251,0.010305572566849719,0.007111224694230034,0.011346797084411053,0.007815030065395412,0.004774277670382077
153004,0.009936027944053516,0.029350876415609406,0.012355686525432397,0.013268538555689935,0.018100921133171965,0.01971321651285529,0.014096988326267601,0.012268806590845005
153006,0.005504215532408596,0.019305770548211365,0.006670462500491026,0.005610653083146566,0.007709827136439584,0.011824337786016381,0.006526904622838947,0.005643781503286205
153008,0.007540083785531948,0.02131163540439318,0.009471563382391857,0.013060081954563652,0.010801233551379852,0.013014244002698627,0.015508640072583513,0.007352446400673784
153010,0.0034845233219258503,0.009618090849222105,0.005633736662332467,0.003842778612613229,0.0061302458454157716,0.005733530400593934,0.0036883504331891026,0.0033186937896024227
153012,0.004037254494091924,0.014028729498525516,0.005280334104452111,0.006189118176252784,0.005592048734470945,0.010282460715109798,0.006971566566824683,0.004190057266484415
153014,0.006473274009272112,0.021448130034195323,0.008146232608496895,0.009177575272421523,0.009432979309809186,0.012280481857518455,0.007626842278597723,0.0067463257920119535
153016,0.0039755404361719315,0.0162563481868796,0.0061998293172971786,0.006924215142704249,0.0050146941494768615,0.008010425168399005,0.007382664823618379,0.00441672046106506
153018,0.008073522092360896,0.03139033655050327,0.008457138664409725,0.009381469712381796,0.010345789349926804,0.017473665317390363,0.007923712593889631,0.007139775288902472
153020,0.007849774241869278,0.026176413433805834,0.012221701434897092,0.013640220049065954,0.013193067368047429,0.017540184083181254,0.012010876383113323,0.009320280229198952
153022,0.007345093677536774,0.022302365502931742,0.00739710519651432,0.008986639362232263,0.01085957901013046,0.016986175954400773,0.009112850127749539,0.008541656886479565
153024,0.0074223420787691285,0.025671774939528547,0.009507113775860054,0.008993955286097643,0.008660348354518066,0.015828654103833495,0.009873965077887625,0.007246587695988405
153026,0.006738972025410739,0.030773034188591675,0.015093770302748943,0.009178678783350103,0.015918608055528694,0.022413347210054946,0.015504786030223983,0.008540023627326088
153028,0.005134120522461372,0.015319753965453708,0.006330506791734969,0.005962942258465331,0.007138041604833667,0.011132485121393643,0.006901204635768876,0.006011178805380768
153030,0.0074577433422109984,0.024135710477095396,0.007160657703943807,0.008786816293483213,0.007391396789814486,0.012989275602173445,0.010147572002524363,0.006936173452815275
153032,0.009578711848594657,0.06535176394164921,0.015400490001316547,0.012977648296008448,0.01799873689602749,0.03454323911723045,0.015032668325423382,0.01336083076609601
153034,0.007005486910978187,0.02558784571941275,0.009199106416033997,0.008876545906333355,0.011182106427183536,0.014764801179055154,0.008130061177619163,0.006391795977231718
153036,0.004935073604530382,0.018156227555314652,0.007172109148555705,0.006799662841983578,0.008770083555140806,0.014446277761158088,0.006326895959514411,0.006474881830842494
153038,0.004850960848339414,0.015596600127478988,0.00658372323763623,0.007114929593012909,0.006502252553348464,0.01044463166606363,0.006795862846914469,0.0056078273195261374
153040,0.006389362324614789,0.02103477911192897,0.008001556061796089,0.007631503107404569,0.007042785573093069,0.012869690005282486,0.007806585805528954,0.005600800594996402
153042,0.011589691253215906,0.02970280844452966,0.009972730417673326,0.010546764078161408,0.012141758191931196,0.019101369397632517,0.010307619367444565,0.010290667160779476
153044,0.008190734969165447,0.03118335292026675,0.012177181228114842,0.013038268210446236,0.013335822733918923,0.018382676721453217,0.01415911576304657,0.010473318094790296
153046,0.005324600662315382,0.019239325127712315,0.00656749648099636,0.00590393651513943,0.005873878408032773,0.012629330927226512,0.006632780913008729,0.0053472401708667405
153048,0.0036917208742793944,0.012671420088132879,0.0053998922068532185,0.005600634434333784,0.0060555354201738965,0.008611097218470753,0.0063045142802045095,0.005226011545179932
153050,0.0050964463565300044,0.016914495630670823,0.007268490740134581,0.004877700401930918,0.007007990283271148,0.01046070883753547,0.006523459647973573,0.0045482123121500795
153052,0.004197821725016537,0.018240104072142493,0.004943063979362172,0.005539117881000699,0.0068196471614836995,0.009036153980108763,0.006641794795086975,0.00497806080399088
153054,0.006028574222547933,0.02422850581027447,0.007756424238345494,0.009710507625606601,0.008709520211277244,0.014494953580532988,0.00810397884819758,0.007786741616172543
153056,0.0041787351814939755,0.021975601245888043,0.0067789128085476436,0.0060838549655974905,0.00970751381152013,0.015265229758558763,0.0060499684525618935,0.00586572134220692
153058,0.0070487155594003426,0.021570202254672433,0.007285416025762326,0.006995366971992212,0.009641506236058639,0.013001018553428223,0.00730949228646921,0.0053877281808292765
153060,0.006434252526819562,0.021420798868576618,0.007883920687012713,0.00747659454614219,0.007957031665243086,0.015083441387510332,0.010321507576531497,0.006728810611150715
153062,0.004284138171440299,0.015984975666981427,0.005436301777740626,0.005624310916905684,0.006195258973525297,0.008419985490487003,0.006114416962432756,0.005452598633253702
153064,0.007156265241065052,0.02216588147107701,0.008753200861701116,0.00958346387232517,0.013524851643378577,0.018933240488030245,0.009639194577918175,0.010997787009401572
153066,0.005687808857006482,0.02073328605377256,0.007698045522140318,0.008103241076370615,0.011567653739526451,0.012748870557396152,0.010171286248266631,0.00726729914897839
153068,0.005775152558418262,0.019037888033672568,0.007312643186543122,0.0065674276484628535,0.007499055130338661,0.01728505695917093,0.007723220555411692,0.0063507861504677465
153070,0.006014339003677982,0.016353475320816324,0.0074123268406369736,0.008435165672637801,0.00959956649674304,0.01260399527306838,0.00950590933568507,0.007164905200554239
153072,0.0073988431422283285,0.028481311213740534,0.007801083427602329,0.009016411894183562,0.009845482250041337,0.01944087903209013,0.012156486054106852,0.0074850492537428814
153074,0.0037402428134534205,0.0158846158617989,0.005696449734338138,0.005078314341465051,0.005969319819760566,0.008817490322889088,0.005499024115002138,0.00475560951156645
153076,0.010007380714417702,0.03275405054138503,0.012340568626980408,0.011057675581455095,0.009607130665521046,0.019580140759956066,0.011502637088956158,0.009595484835868417
153078,0.005706573942685589,0.01986533409362523,0.00886070694220692,0.007364024552398485,0.009527763836602254,0.015604469223223782,0.008279658628428166,0.008247330436681688
153080,0.003780610450543398,0.01540103552454064,0.005440732564805872,0.006824411472099223,0.0073173841937832496,0.009616011411228698,0.006843740522948727,0.00473590624840009
153082,0.011695065148976946,0.04433921977289068,0.014950019214934551,0.01091903298615865,0.014344527579958355,0.02402992485963651,0.011232212357534854,0.010516971626474414
153084,0.006659197645613235,0.02003869449014517,0.009402988598949946,0.013679752328275063,0.01318060841740376,0.012351575793055014,0.011720628913836073,0.011360818786912752
153086,0.007258319626284815,0.029666701088928216,0.010002778067384421,0.010033578402953935,0.011238239609968004,0.017518076010137662,0.013048041713396907,0.007305460685543608
153088,0.00884420945647535,0.03004963575109798,0.01660587807204217,0.015652213909000956,0.01351957012341587,0.017878630268530538,0.0126791070316839,0.007543878042931773
153090,0.009555611769940242,0.026087363969637067,0.011917000027583668,0.01319662252479703,0.010105226032487202,0.014381533800800705,0.010444640803366545,0.009043987421636368
153092,0.004543958387949409,0.014115571318079612,0.006106236554249078,0.005036905711727435,0.00626777856581473,0.008631376376168343,0.007972141386973997,0.005852221282696191
153094,0.004573493468772227,0.029210564546780837,0.008114385006168734,0.007139620419671866,0.009310336527423857,0.010719450761321137,0.008606424096399223,0.005875620153237782
153096,0.003669899874327323,0.01562729858864409,0.005800187667142576,0.006027515628503011,0.00565985033430666,0.009406329621985066,0.006764759618245242,0.005146793504397229
153098,0.005667418787480338,0.01653861572084936,0.007349377635012866,0.006115345656026394,0.0065878662054643655,0.010636063853780797,0.0077706474801040315,0.005381699956412911
153100,0.005328472280812291,0.01920903661339346,0.0062438461713123505,0.00783356758437126,0.007961877396152117,0.012751221123079637,0.008595800922583996,0.006142336475829291
153102,0.00951572578383747,0.03108515928978073,0.010691356502132765,0.009538963915593834,0.017277150955551157,0.02158384754205045,0.010230331976954554,0.009701473262895777
153104,0.007791491816826701,0.020705179292438203,0.009215911468718474,0.006175253088258836,0.0058742415834311945,0.010539678397958108,0.006161694797207018,0.0047243900858697785
153106,0.005378782733867438,0.025226089095659043,0.007510447208187776,0.007413417357263974,0.00733547656890382,0.014373754288046714,0.007216450608195368,0.00673303932252628
153108,0.0046527573482981754,0.017454638730823868,0.005060781752943777,0.004644100421871189,0.006636090754884805,0.00984476368356102,0.005845546581621841,0.005356055758921896
153110,0.008419310039216088,0.02464213340522292,0.008784282671264743,0.006473318368561076,0.011645876990207304,0.01885273025052947,0.01723138421981596,0.009000372237812082
153112,0.008560616035282964,0.028522608811593964,0.010271928620096349,0.013884955571521529,0.011708376429607148,0.01975819888867769,0.012170034300219845,0.012332716934487786
153114,0.006082756663670585,0.0237582103114784,0.008262649524278187,0.007900184619135331,0.0099184804390815,0.016186400737191242,0.010231497059871641,0.007506600689050069
153116,0.00669787601543842,0.018090152964483686,0.008220462000750273,0.007287686514460212,0.008445378291899175,0.013058745200210053,0.008157655034818356,0.006272597445903472
153118,0.008884683482292266,0.029245389295058155,0.010655532950072433,0.012682026734809837,0.010234642964361607,0.01909169941982558,0.012067982686226664,0.007661407340544324
153120,0.0068790097853588805,0.026561117226294506,0.009037880757589711,0.011889593140051113,0.008883863236679501,0.01642739191236675,0.01197364166606768,0.011615995641979515
153122,0.012156970728957939,0.0426141889989573,0.018432596804496493,0.024093193490032583,0.018927081672526436,0.023292342135405875,0.019922594119103687,0.018676976440335835
153124,0.0062138946223255775,0.020966148853196254,0.007579933466957345,0.005512740202696931,0.007388157240418247,0.012628739801436029,0.007809860509180366,0.007136781448116525
153126,0.005729310143181898,0.01830291151520691,0.007225533399889628,0.009411624161916043,0.009161220259934544,0.011988449975222304,0.0077499727374361616,0.005622078336277314
153128,0.007579509243688998,0.01830424206775505,0.007231741295442795,0.0069470913084048735,0.007584474826523524,0.013569392177057493,0.007105131556535638,0.006112898810999801
153130,0.005667944920655865,0.02095561656659939,0.00684339782915494,0.009594423687824483,0.00916298319427572,0.014172110394909732,0.008665018059472951,0.005939082887451763
153132,0.005523633453222487,0.02213740930836483,0.006932998036608462,0.006108905679720389,0.007967880436311747,0.01524873081118644,0.009425115127786654,0.006000670047283718
153134,0.004897384343021616,0.016669821395336237,0.007008836067641022,0.013129443292604626,0.008919048371076821,0.011730418407325749,0.012223829904090877,0.009713331542650971
153136,0.005120364836617208,0.018463996251235848,0.0062978914701950495,0.00967869758073392,0.007213336955359806,0.009964437567788531,0.007912175525497611,0.0071590135244437025
153138,0.01373856153726738,0.025422304973986343,0.010702445182918296,0.009748145058701363,0.014979856075927112,0.01858069538045104,0.010900607998225953,0.010193934373127489
153140,0.008370207514417416,0.02753650943913244,0.011176774791074928,0.01004747050572874,0.01137187426129277,0.013143666631465989,0.011013577402434527,0.009565032662799178
153142,0.009575389924319,0.02426622067849693,0.019715856931284748,0.017185451581910094,0.01919032999314063,0.016666058432530884,0.015574628171743987,0.008385120362950582
153144,0.005149603289509808,0.020678347246569695,0.0064595383397208495,0.008420051122823902,0.005807891362927864,0.00936002305143463,0.0068580426887492885,0.006043117017628996
153146,0.0038546382195046025,0.01645131986507309,0.006049191923821695,0.004849247511638177,0.0066786884461302876,0.013344715581818045,0.007616038435959149,0.0056823675507167715
153148,0.004374428117500884,0.014903707887814477,0.0065494903674476745,0.005279315232783688,0.007059065549910537,0.011397025251893789,0.007887690637044253,0.00566046356188199
153150,0.0038546127779349876,0.018776099363384313,0.004729523843054528,0.007045426929304155,0.006434848984690156,0.011164358144771791,0.00596096212152375,0.004729673461491279
153152,0.008958154318193579,0.025680370751590686,0.009266123153853167,0.00990785021384838,0.012608231453177743,0.016853225728095333,0.010054439585241381,0.00953875434476914
153154,0.006157538425586806,0.02365668471779636,0.008282781550968343,0.007438602345102352,0.010065625037862846,0.017087244281244418,0.009341967944827057,0.006949487333076709
153156,0.006114335399237669,0.029751494651301336,0.008633455863256645,0.008559270468142588,0.009684370295197697,0.016170540469858885,0.007328502268615866,0.00773879492133589
153158,0.006531186228877994,0.023252669883476962,0.010284577755431679,0.008624548504613472,0.012302169782587635,0.01547239168825687,0.009600457103182747,0.00729873872989556
153160,0.007619801024592532,0.02900334596018106,0.011705822552801115,0.012138001692499678,0.01144141515188718,0.020274516836381373,0.008615106329783961,0.011519913230873868
153162,0.006520754379462146,0.01779747448580693,0.0068311379991370935,0.007584844682826608,0.007573750322855455,0.012964538169653095,0.009066394275984102,0.00682878093658662
153164,0.005946115256185769,0.028762470140329066,0.010490822947427036,0.008567484762242117,0.01173571905655596,0.016107358694669394,0.00966830802554558,0.008792345718635852
153166,0.004922357857750692,0.01853356101935688,0.007828948286060788,0.007597417369718196,0.006986136123611486,0.01096533360531865,0.006516478600502806,0.005638344518897276
153168,0.010096271860250694,0.05304876750156873,0.013583221365679243,0.01614746145701762,0.016702293617672836,0.022509180349558955,0.02147729112810226,0.013957525436648022
153170,0.007119740614270009,0.02030407517117383,0.009600814817397385,0.01700080299147899,0.014086442174757963,0.014374622544557403,0.01112184838062552,0.011846172335243432
153172,0.00494143396281288,0.017384521842576328,0.0054258330898306895,0.006313920411572804,0.00685006587293252,0.011749562234545152,0.007806132905002983,0.006433014277714089
153174,0.007088655491544138,0.024586002260553963,0.006904993103408474,0.0060394038256444404,0.008456209591912123,0.01464594599907798,0.006695832257082535,0.005208748258525908
153176,0.004138561286154641,0.013000707627245589,0.005981394832113074,0.008229035232996174,0.007725069738963308,0.00831899231481531,0.007137070984771177,0.006042728966948241
153178,0.010327517043885737,0.04761453619893019,0.011952277997862082,0.016214440553974363,0.022540619808385287,0.024027092985196896,0.01886148408690591,0.013027610538048018
153180,0.007018462641483758,0.025890947657068786,0.008949372761407837,0.01038961551841805,0.011317253032005148,0.015944134510662344,0.010668625359167017,0.00797927301133644
153182,0.0067822257743493375,0.020143016410623327,0.009439222345982934,0.009983703582307157,0.007679622138954623,0.01297750909871187,0.010633949355053574,0.007859657931883257
153184,0.006520800104428182,0.02774701705631344,0.012728511986999147,0.012383676547332245,0.012002382603105988,0.014389896353748988,0.011874518024372949,0.010307168539514022
153186,0.00756576798175429,0.022725592834721198,0.009537633762065845,0.008252748370658536,0.010405928476760418,0.015194397540326199,0.00954043097582713,0.008652509631998984
153188,0.010328192442292716,0.030464720730947414,0.017245321945111636,0.01884910080777047,0.019275305626959005,0.01802267043988537,0.019593179008844608,0.013003985282003028
153190,0.0036802942318878706,0.01237882338208629,0.004321477783797656,0.005984695898589243,0.004817063941224886,0.008316904848658047,0.00541665096822902,0.004277413956921272
153192,0.007713739765808969,0.024298756877474625,0.012614563627247277,0.008837037350820032,0.011834329346532835,0.019331514755394075,0.009524872497479464,0.00977409570962623
153194,0.005158092895640787,0.019784871693610206,0.007811643648197253,0.006462816655186998,0.007929921504035653,0.011467869973532052,0.008043781528944083,0.007364520706707234
153196,0.004230307212133022,0.01450890189198667,0.0052348161558649076,0.00553032793032987,0.0070847404548284865,0.012272583275390547,0.006095290163202982,0.005010377125463927
153198,0.008751362099591375,0.038217547132237906,0.01311823469112744,0.018410596292839365,0.01574424594924495,0.019392652848131187,0.014766869010919559,0.01574917496763306
153200,0.006430547696454847,0.02415736517027889,0.008143645175607617,0.009408222939084832,0.007060089698037508,0.011693352222206466,0.010708694054530954,0.007960175572261419
153202,0.009818698654418478,0.05272512985411115,0.01503630609914991,0.019249317717427772,0.01915601281864654,0.0223763568804467,0.01990550669015434,0.015445347587415503
153204,0.0048735790400616374,0.022142260569125938,0.0066590492952967595,0.006210287849097773,0.00903516105152935,0.013625473027414126,0.0076364961071263004,0.008410852785179168
153206,0.004472333826757213,0.01277981877782658,0.005620009292981953,0.005846397659072855,0.006079149817233065,0.008829047642766819,0.00581149066970732,0.004605971611227666
153208,0.0061909330118545824,0.01939896166069688,0.006922743396145015,0.006853431952401401,0.007151073938565011,0.011890828030632017,0.007798597463067269,0.005735535595381203
153210,0.005885071191617186,0.017151942955147215,0.007400744093859268,0.0067777203389885465,0.007140093846340401,0.017889961128791043,0.006758596289577812,0.006569259682871975
153212,0.006475098860082795,0.014412222092836713,0.007961245838716602,0.00988908728903276,0.007816674145083802,0.010414284399447526,0.007776633195200056,0.007464258737859775
153214,0.004956316254741078,0.019291412612736147,0.00875271849904774,0.0055178174374819755,0.008707560898392475,0.011372997743702706,0.008382678078934447,0.0058807680905741955
153216,0.007637601688181839,0.020277364332450754,0.010786775433509421,0.01355727377503868,0.01093839300720939,0.01693253917238935,0.012314803450610479,0.010405680708569287
153218,0.008700744652480275,0.03233714601516646,0.009558418902798016,0.008631635260044845,0.013103898895908073,0.014560646107471209,0.012166792815318461,0.008489265479683594
153220,0.009349525048643559,0.03581008329493174,0.013085225669758671,0.01534756478962529,0.014530872454221522,0.021021520257935578,0.014776906027092418,0.01143810168200421
153222,0.004268247243350898,0.012748613135664721,0.005038876125096403,0.0057442939510679025,0.005407748375789945,0.007331130320145596,0.007151283117048879,0.004438576781873316
153224,0.0099494153835194,0.024651444127109734,0.008892075827602819,0.014502184403441198,0.011876939208889326,0.017331208741922177,0.014765652195652346,0.011870020570172779
153226,0.0057634528177443745,0.024641370846128163,0.007559499927730862,0.009267366817145017,0.012149718045584346,0.013571360648479358,0.007390812619299858,0.007538218064999436
153228,0.00612773186551735,0.025293846111029694,0.00870155223058161,0.00809871993950223,0.008769507233543417,0.014520213686012085,0.011576901361402214,0.0075817044354133944
153230,0.009330609230361553,0.02671195785496483,0.009908952287752903,0.008452067755514214,0.012497537473254994,0.016713927394121697,0.010263679833004469,0.01384262751600951
153232,0.009011622969810118,0.024486512530563553,0.012524938826175003,0.012533778991774547,0.012186208721864988,0.01693843041214027,0.010703269935659121,0.011068659414839255
153234,0.00551642173967104,0.016843059695903273,0.006962023196042333,0.007831661942255208,0.00807882237077373,0.012219377134203901,0.00951081184027558,0.0063856537719858
153236,0.01180668419791453,0.04106621146993761,0.013096435510981996,0.015277677971015147,0.01462787845076563,0.023329963315635638,0.014630154758790204,0.013285986873144362
153238,0.012098490279324248,0.05521129463123575,0.015165265176310394,0.022657552431169847,0.019976162264559116,0.023753166762308098,0.0214897011862627,0.01625739315075614
153240,0.008148878293488482,0.023037971862098994,0.007445358813103431,0.010042138887138785,0.009216040214582444,0.01237278105373113,0.008243288785616587,0.007260081821349795
153242,0.005196780100000853,0.01566063033917353,0.005668933309338264,0.005974940560345365,0.007378660450563013,0.012745601662722594,0.008017475156963327,0.0062295411687698365
153244,0.005908999475710053,0.028376235152664187,0.010798762027378395,0.014571364671294385,0.013353098258857055,0.01683671328383074,0.013002243604788077,0.01137147859258314
153246,0.005139887772938556,0.02651546594355758,0.009718340122156555,0.011241470288734456,0.009995555775527132,0.01504147026443331,0.010202070805753971,0.007363285466922775
153248,0.006594331159718081,0.027966947791959962,0.0072523845835142375,0.006376896384296948,0.010290602161334483,0.01579215139905532,0.009067273986204327,0.006342343453605237
153250,0.007438697449126119,0.018485242552390924,0.007774157699063977,0.008060236195610637,0.00934770680061231,0.014967159743753344,0.007638386972799671,0.006171204521706386
153252,0.007941073128737486,0.02661480996596155,0.009838237166577779,0.013888374460853337,0.009011490001585243,0.013674397084063372,0.010864258219889289,0.009195425165815563
153254,0.007111663249602884,0.028276249226166783,0.00971079249513368,0.009983069320364857,0.008242858564400601,0.01687933180824075,0.009614333996140978,0.007397515312793035
153256,0.004261725205410516,0.025612460126325454,0.007441292481324746,0.005325025819047369,0.007968516247370216,0.015734061257408394,0.006533386576343725,0.004997331867919508
153258,0.005614734509529207,0.016969493670036195,0.006487308710673156,0.005973158818251001,0.009400702825672846,0.017274252279549707,0.009158981178500947,0.006684369338615603
153260,0.004858938954457825,0.019427683866646284,0.006434220254336376,0.006305996875202224,0.009247909542693444,0.012100104773271392,0.009011508390749379,0.006711434167817887
153262,0.008618597602521094,0.028426605822693185,0.01222610684640224,0.01871522013303406,0.01377595347201166,0.013643958527094435,0.018797352814900137,0.012583194455623392
153264,0.009130215535970487,0.03156633838171197,0.012937915751415341,0.00801218704136858,0.014717472628722972,0.018461238571326755,0.009741109426920913,0.008602878623916121
153266,0.006632634070800947,0.018378098915783347,0.007828406402305754,0.00783649045889323,0.009261149335228203,0.013781092408308382,0.011268105909838566,0.008010215783811392
153268,0.006638720282517108,0.02383842774219236,0.008337332765384398,0.006799574372216066,0.010611156555682177,0.016050918752617216,0.010001521764470889,0.006516539948133948
153270,0.007378364774270063,0.01840223477248859,0.009038291582103009,0.006918945103631613,0.008552337511214037,0.017125014517010095,0.00844540157168,0.007113012928911866
153272,0.006989616443111635,0.02399633655667288,0.009535397159400605,0.008604140534878901,0.01071756401407331,0.015831181360399293,0.012841414063452739,0.009705210401243447
153274,0.00770184269622215,0.018405113379430738,0.009390262890734968,0.013541037049459581,0.0124287766340212,0.01553254136810267,0.009877104402918668,0.007164786636949749
153276,0.012265725260082405,0.04173612816731542,0.014472158695753079,0.012089252856654298,0.011530737004156189,0.02026189435543757,0.01622074071081503,0.014730916267860161
153278,0.004880431594269874,0.02145627515801607,0.007188168922915905,0.006786515426427053,0.008096464537015235,0.011115781727505158,0.0060015369604684565,0.006497905970165085
153280,0.007277489262110193,0.024536339552171604,0.007432036497208083,0.010884493066767364,0.009939759473899523,0.012724563249527643,0.010277364694638358,0.00790638298115992
153282,0.006771077799518077,0.0248357593417039,0.01068805027522185,0.010558134291850652,0.010730478362297513,0.01501801206488218,0.010047772225043383,0.008753301239415257
153284,0.007415350976271162,0.02116822193806911,0.012134009407241741,0.012215318786188922,0.009543218409913179,0.014788503006330167,0.012180126431838245,0.007913104703323681
153286,0.007309568725664184,0.02258515293220853,0.007280532812142193,0.006066793099680723,0.009363634722504344,0.012727479775966055,0.010961055454199953,0.007824843093906575
153288,0.007252965795691291,0.022629806219059967,0.00773912132927107,0.00924821333818665,0.010909773411034662,0.014763930270440762,0.010398024149936624,0.00980688688517889
153290,0.005858654568842658,0.03174207826695885,0.010458069340618437,0.009076840041339018,0.008342518856586045,0.01708706507925961,0.011315718587234791,0.007778009079167314
153292,0.003908515304829052,0.014747588751158114,0.005974611142627373,0.009256807658153898,0.006391365914844516,0.008213151797865914,0.007276063055394799,0.005197975759243301
153294,0.010451232885788697,0.033465971846302844,0.011513849277097421,0.008441438993532169,0.009168494170680441,0.017680146531257046,0.011234450275932284,0.010623444520716285
153296,0.006844599760580161,0.024402305968168614,0.008702972880593463,0.009551792866737907,0.011429921268028886,0.014024589261119935,0.012965398398102401,0.006870352564650517
153298,0.007951596099202485,0.026297149259129293,0.009412137361947126,0.010052893182193268,0.011117907460316767,0.018617612343146073,0.014616207720525909,0.009234825281313752
153300,0.00484760398910411,0.024062103525104073,0.007212399194040708,0.009325740447059305,0.00804523564398757,0.011745858833160983,0.00946265973514221,0.005263403942358524
153302,0.008012705903869488,0.02299036880573624,0.008333552058706284,0.005890772222418628,0.010335090038894601,0.012982259203925262,0.012790479112363196,0.005582247115221373
153304,0.007379662722071301,0.027234218119913445,0.011653523031785407,0.009316794871108203,0.011108089624883244,0.01575932713636008,0.012581685104462503,0.010045691648796817
153306,0.00366834467349432,0.013710222039451603,0.004502934397196734,0.005234803218321871,0.004891038858884977,0.0066130785531639535,0.006020193629801052,0.004919475951228103
153308,0.004044521693459535,0.011867747812701668,0.004727810573255609,0.003788340904817611,0.006449439125739753,0.008914489378613277,0.005817053671350658,0.004193484090631527
153310,0.008063519512311823,0.018420266162655574,0.006760522181193329,0.00881285384694902,0.008065837235284035,0.012838416975054445,0.009709666257018634,0.007579286109608896
153312,0.004317976524233436,0.016820135495131616,0.004673340305677565,0.005466005549622288,0.005860869750419495,0.009483979797824171,0.005348561991709355,0.004059436463481669
153314,0.006989823246707216,0.020987130698274292,0.009013395501647814,0.009118515337107391,0.00839536818697284,0.014708079286720244,0.010281419652447,0.008762272032303287
153316,0.0049352410951917225,0.01958858217632553,0.007928300054036497,0.006868866794016493,0.008559740577428698,0.014378998170299306,0.00689269923003466,0.005632649576846838
153318,0.00570730001748837,0.022793375294213547,0.009393860171229618,0.00686811223720718,0.010078963337023517,0.015368106948303373,0.010315247115150195,0.007805507555232405
153320,0.00563998048683928,0.019360999771198317,0.0073390185780939365,0.010877646043347733,0.00808110880329288,0.011367147344366835,0.009077554149473921,0.009355936431739487
153322,0.004968352055037484,0.019706275273741802,0.006245288643272284,0.009639591051489538,0.008649043370301257,0.010324758134490575,0.008876581004348127,0.005402014518204545
153324,0.008214111988202655,0.022402493130798895,0.009555540395185302,0.012406003068168359,0.011627556973587083,0.016272809318522485,0.010204858434443631,0.010251551999154396
153326,0.005586767043859242,0.023499533796670136,0.00948181914304258,0.007415361241676577,0.009060641739698172,0.01673620851317481,0.010847496621846864,0.00963552429281972
153328,0.008043577054556161,0.033803827082216964,0.00707321362642338,0.00933692485368015,0.00950619264104674,0.016459673145119647,0.012763088308468618,0.01269828589242078
153330,0.006478737339208118,0.018610980604827354,0.007767841976956902,0.008031517665759103,0.0087114185492832,0.011542928229222815,0.008652962889081017,0.007422357484136777
153332,0.007881653064178096,0.024671007048490345,0.007154118669341847,0.006420945205569462,0.008322425787722632,0.014076806917944273,0.010378673442680564,0.007099971393281557
153334,0.005718374719037911,0.02259917375015963,0.007283046699698481,0.009115368097392329,0.00831063043749275,0.013595712750925915,0.0106158326063715,0.006657226666867411
153336,0.009385446415521637,0.026626149274957323,0.01504196918511358,0.014704963897189893,0.018838010054445187,0.022815549219288522,0.015653917894973057,0.01055487169360192
153338,0.007796875023357908,0.02112081667393384,0.006541683061045411,0.009861056149929548,0.010912417936008945,0.015209663343441981,0.009835136536053002,0.007204594475908321
153340,0.007769601924402458,0.02674921320187096,0.00764619513135939,0.009017198616100508,0.008432822844008037,0.017485359736583383,0.011639297678148142,0.006916556828878706
153342,0.0044655012887639955,0.02391183029442434,0.007890529611054298,0.011823214910918978,0.009522144453094405,0.013657153459734561,0.009004123114952023,0.009458771050078418
153344,0.006127286285755373,0.022552102533986762,0.007715383627898087,0.007421421637067438,0.008665077704474167,0.016272851137589583,0.007280317937486069,0.005928967808886354
153346,0.00982102582931127,0.02872441355821409,0.01008440497886115,0.009032977083940574,0.013509727208863787,0.016765422669353436,0.01211712989466257,0.010865519433895854
153348,0.00683321708356438,0.023888480284846914,0.0079826156848819,0.006659352077616143,0.00950519891157603,0.012955116549541457,0.009295130665720741,0.007311706637041004
153350,0.007078614796816263,0.032662212635454546,0.011175895760416665,0.009024116454292574,0.010889813626027645,0.01795155639153223,0.012822255615452471,0.008869108097195932
153352,0.008066691076296595,0.018646193962494673,0.007712281900929485,0.008104775679492526,0.008485355764298375,0.013873804525008693,0.007936617379628252,0.006011835041490665
153354,0.00909523550036756,0.02876673109443928,0.009283576492159773,0.012353033186389917,0.011945555683055886,0.0111546724744232,0.010863385353552746,0.008628285298088123
153356,0.0046935450195012,0.012784188859507106,0.006350470279221698,0.0060881212688315145,0.006622665953218088,0.008287937084915598,0.008128654498909482,0.00438567657679223
153358,0.008242897797945625,0.022301159387172698,0.012456539935774613,0.007868025097776732,0.013447836594742635,0.014344706049697342,0.015266851789857094,0.01143185855388773
153360,0.005008959622847309,0.021704241200950714,0.00815685157082685,0.006026954553504604,0.009804018415948745,0.015185099245229594,0.010144559576983847,0.0063403333243617355
153362,0.005323481852692602,0.0185302504681637,0.007359319589969937,0.008785489378510869,0.007914798836961057,0.012953932727897632,0.008696428011793822,0.005718291334302572
153364,0.0042399279466032724,0.014939144038351948,0.005254461896525564,0.0062021878795027185,0.006235271320314484,0.01010431980179588,0.006505904662082396,0.0052712121551348745
153366,0.005668490150521122,0.018779644173836596,0.00810284537622824,0.01389380129713036,0.01005797808321246,0.011913322375554147,0.011189831991686994,0.005805451192575362
153368,0.006818820253522928,0.023062853167576947,0.009138596746063377,0.014095509292231023,0.00948017813859009,0.015009516388582222,0.009829375508761728,0.007164197617415324
153370,0.0032055056909341406,0.010817018636843978,0.00394243145948181,0.004602427680693355,0.004038474078416121,0.007714314312345927,0.004470675766600485,0.0034436993577147273
153372,0.00457205958153134,0.012469006337927857,0.005125980330584534,0.004997356095919836,0.006778377901822064,0.009423256274312453,0.005917694365567494,0.003998799000815012
153374,0.00616550389132714,0.027406755948870876,0.008237365437228306,0.007172568507201937,0.012704521387165935,0.014946778107731762,0.008495457246234572,0.0072587436508003145
153376,0.004898315610228687,0.018111957218710728,0.0073009005216798095,0.006276748783264063,0.007214611446660024,0.013598982894605316,0.007209660925605599,0.006824833706440325
153378,0.005943565800209605,0.017780310932956844,0.006744333394000046,0.007974328842390799,0.007425892154784786,0.012733170906337188,0.006590474065192531,0.005094312627301145
153380,0.006836583949626496,0.025950002974206576,0.008821352651679215,0.012257324947453407,0.011125250892979333,0.013266964615902488,0.010897257126576465,0.009240588434558161
153382,0.006146537949047792,0.01776909828186035,0.007182441961764374,0.008938266626695113,0.007490030229008404,0.012133951957271683,0.009344595154071877,0.007258678903740767
153384,0.005570585494023783,0.02085365827373753,0.007188986344077941,0.006326177709311764,0.0064542243733135,0.011659815125153239,0.008437701822899213,0.006978539483546209
153386,0.005330115968948945,0.019570254438301626,0.0087071270704136,0.011261953632824062,0.008359938276543188,0.01301763047220078,0.010713726237846721,0.007762644729064627
153388,0.0030513013743464074,0.016797806285989703,0.0052550884024393785,0.006057605426712576,0.00551951774879772,0.009381450949536907,0.005258906574852951,0.004027383405533824
153390,0.005764357859297187,0.02033456448195725,0.00854303687805591,0.01263094529022979,0.009349402577889743,0.013273731330892824,0.010877928896996458,0.008402865562403328
153392,0.006962314139261849,0.019025500411235186,0.007621789992388273,0.011625381455493633,0.008336078330089869,0.016361788477881056,0.00939296620219765,0.009215858540124133
153394,0.011369853086142856,0.03841238817980064,0.01469086925889318,0.01992192108144253,0.014687759304497172,0.018575256244917293,0.01806583815933127,0.014983157310869188
153396,0.0062557771816360574,0.019076853275748817,0.008329264939767322,0.0063310011979101355,0.007639913379443863,0.012728501900043876,0.008539453538220165,0.007338539878243344
153398,0.004730411340449214,0.02020123408375185,0.006073822845216681,0.005723128653907006,0.007265901885073811,0.016573553469251046,0.007528638213865568,0.00672423986505799
153400,0.007330103282762401,0.017340402528284393,0.009133678638699516,0.0062394691419109805,0.009221591446900712,0.010952863455968631,0.010070189782853456,0.006795216719993391
153402,0.006436293029232765,0.021827805183712634,0.006650366386555584,0.005747855424521886,0.006169490895846508,0.011623458364173944,0.007826092730134404,0.005490524414321352
153404,0.009238714926109781,0.028058482816534003,0.012294348491821205,0.0115055027588285,0.0121909170420747,0.01609063746329653,0.01116818918183654,0.009199849614918654
153406,0.0042863173370300545,0.02459673727074474,0.009719015865133684,0.010002322033717592,0.008592553230185596,0.013384608888444838,0.008381522552327658,0.0078029129504388894
153408,0.007217445599876415,0.022033523302845914,0.009357761245825325,0.00999527122862448,0.01139918566208653,0.017599715808197525,0.011772934733989493,0.008485451849036318
153410,0.010452282510389432,0.024288161411277542,0.006914372172677707,0.008876033483219692,0.011587804801498403,0.014218805023703818,0.012751431456268003,0.009392066499258667
153412,0.0035377826889344682,0.014647608730383732,0.00591294621841687,0.006402216006380856,0.006067912013819843,0.009286802894870272,0.007334051071756997,0.00566542217163879
153414,0.003761052922255162,0.012976395547213748,0.005004538598778974,0.006231271347494849,0.005651047960247846,0.0072832158336604835,0.005436679730814797,0.003914747346652148
153416,0.00874621765911826,0.023699452685495226,0.008757530173397754,0.013323076384994303,0.010831605560485125,0.014720553184280283,0.016574558700085618,0.009823769769121748
153418,0.0070208646986067436,0.024071868134406538,0.010024080152267134,0.010150105968244283,0.010368155901942233,0.014793945243973872,0.008164595810964181,0.008116052221978143
153420,0.006919293402321225,0.0265591404405241,0.008083159768691672,0.00835545095745488,0.009795540883612341,0.0174923632877102,0.010820687309633037,0.009114614092599282
153422,0.010000705135377652,0.02225932159121502,0.011759451059413506,0.015457457722169166,0.010104152041233105,0.013505085895503477,0.011646946384413548,0.00831679205683944
153424,0.004670384590789389,0.020815437494672517,0.007538357791965433,0.007187134263241468,0.008859409523566342,0.0138317195544429,0.008445568639283751,0.007485839549010942
153426,0.006000570777599246,0.017979350554029105,0.005744864299955188,0.007619994836724153,0.008321075965057823,0.011464466517676408,0.006753299053176898,0.006772864440173443
153428,0.007451818631043494,0.03524094140227718,0.010106535270564487,0.00990313705514062,0.010805432383483249,0.02221541752469336,0.013233522038198553,0.008353478770906586
153430,0.005218680389318886,0.02311361207397966,0.006886670784930438,0.009722292082561035,0.007293160036649704,0.010692114572148859,0.008682500049328523,0.010101698702125239
153432,0.0035337644143724894,0.010874990195899825,0.004570300530194749,0.004666077969819549,0.004589753509089134,0.006888440454997424,0.007058293105912716,0.004135616940757814
153434,0.006295984169437441,0.022551028421667674,0.0070362555958389805,0.008632666680877199,0.009620283051142098,0.013846686452041512,0.009483741809009294,0.00698573632852395
153436,0.00702566754778311,0.024498891069040463,0.009071633438054505,0.009861528188741753,0.014846568845516828,0.015652545750200142,0.01199711509571344,0.010133670846479426
153438,0.009939799585708897,0.032183637143751165,0.012980469748456791,0.013045098896203255,0.015253403134921406,0.016840031368392516,0.010435490274680659,0.00970325954285678
153440,0.0064601814803531,0.04366939937041625,0.013180936884428007,0.011106233363490647,0.012588040703143177,0.022360261762274014,0.011543631057524317,0.01359921748432047
153442,0.007910041671696177,0.02279553505650256,0.00782059665838336,0.00998590281084294,0.010167935227345881,0.013611502385302288,0.009447230002388673,0.009430627669752889
153444,0.0068174237296716456,0.02649164364553891,0.009327157919118756,0.015208154610753033,0.010846837042265633,0.018542435241691857,0.010254856409929403,0.006960377119000549
153446,0.006038231963321261,0.02040812251521218,0.007355752236516688,0.006346326681139269,0.007387117250994335,0.013646917648442392,0.0069378179067119405,0.006386478992587152
153448,0.0047193799094805144,0.019708421529980535,0.005954071600625055,0.005559809350551781,0.00598137639295887,0.00900640965290217,0.005766564195760715,0.00618398110221513
153450,0.01246892480530648,0.03334360041813178,0.017653590457174184,0.019425266346534187,0.019447490762811492,0.02326182796124976,0.020630899014500992,0.014858523703356552
153452,0.004803827839797492,0.023529028559047482,0.006353542638525056,0.006076804314419926,0.008485830702732733,0.012772426381815416,0.007039632102358306,0.005704623337911274
153454,0.0056933562076744715,0.0165048902401852,0.006028040864640483,0.005467722100549688,0.007815732203273973,0.01146808859063242,0.007775592492763828,0.006953963751536785
153456,0.007197747163895096,0.02154077692633738,0.006981978066812111,0.0076707776195030775,0.008171457370926893,0.01156859452300929,0.007796303989082709,0.006166086589967146
153458,0.008224127781009116,0.02989472645828073,0.008087563994161384,0.010229665814463829,0.010678294803334654,0.01979942884194319,0.007698862672341988,0.007958580277565075
153460,0.007429972259310524,0.015925813276314926,0.008330495741426525,0.005851402837240782,0.007898166271552931,0.014005322082504046,0.007767847230234715,0.005171279748137858
153462,0.0071699084694500925,0.025047572689808284,0.010999599804213611,0.010428699248032969,0.010980590085729658,0.015672126876254078,0.012201516556482384,0.008539153354020224
153464,0.005039098257049235,0.020263794901192123,0.00740069794514242,0.005000375575064331,0.005908119800923706,0.015569635437648666,0.007913555394099492,0.005876299789421502
153466,0.007546281652560938,0.03190377205979922,0.009665641554987892,0.008740559267735648,0.010320794550990053,0.0239257360616405,0.012632199674615985,0.010136608142144121
153468,0.0043945901218303,0.01254387226709458,0.00651997467313864,0.00911545061301755,0.007220644975526547,0.008856935574464764,0.007083923965410577,0.004766580300996692
153470,0.007601761285924491,0.01854267873451776,0.008712475589032265,0.00883403430928903,0.008500567255929958,0.01391190543761045,0.00916829156339194,0.008089702894632789
153472,0.007109319837009187,0.022787467967191555,0.011395916490532232,0.01097208017575313,0.015890062690209428,0.018092113125966813,0.011547259208558813,0.011808470175571684
153474,0.005391865583864119,0.0210488463626044,0.007998737163184055,0.006302171827812453,0.008590554636534409,0.013184767591092827,0.008991752283581178,0.008397156874227818
153476,0.006968869432542546,0.017403199590884322,0.007895592060692458,0.008559890849688723,0.008327135391701435,0.012234964553477001,0.009906798628467328,0.006885740902689896
153478,0.010746560788349235,0.0274366331322915,0.010634659286854253,0.01534491399832505,0.014629810507651664,0.0188917145514369,0.012717114596636714,0.011472659282162567
153480,0.0037528980392998457,0.015838175488235073,0.006173595099456586,0.00679578914267176,0.006510537669202565,0.010334553779549671,0.007311914329237945,0.005612990567565257
153482,0.005061485654778375,0.0245326330940685,0.008355248007625216,0.0080720105328696,0.0069560664137411354,0.010311728709978818,0.008239763467267347,0.006725877333529917
153484,0.0034937794744389766,0.01364400030069235,0.005870603484311232,0.006242263765170231,0.005670988895190909,0.009403706753222052,0.00573307118472699,0.003897636294676099
153486,0.006650792923819593,0.027508723104112898,0.010788066191949552,0.010180867502176894,0.009629509111787948,0.015083360864049988,0.010490265874580018,0.00886970311947538
153488,0.006888801589606308,0.02353641657034533,0.010081436356499884,0.01473284064772451,0.015122956723750358,0.0172879056008155,0.014951571572835443,0.011570117166770366
153490,0.004015087973183784,0.0210480551170813,0.007831713371766691,0.007696844063250552,0.008568588207399586,0.012145986590741453,0.007405012190099536,0.007371162855037083
153492,0.009654155032015277,0.027251331279533275,0.00999565559136878,0.013492857776588318,0.011815069587087557,0.015405364917491726,0.01081093035417613,0.016332612165206095
153494,0.007173233593725181,0.025521747779594373,0.007725050093498886,0.007003977869224409,0.008086020301883379,0.019454041266186772,0.00857636123215344,0.007871747617356428
153496,0.006070501929676342,0.015300950941722569,0.006964123345699014,0.011292923422900003,0.010176178527729007,0.009408503339646046,0.009506651749981165,0.006563652072515913
153498,0.006369206936370553,0.017573279491077898,0.009544203934412687,0.01820784203316017,0.011495408173127553,0.013628176166919026,0.012363741038090348,0.010912986107090517
153500,0.007826310240305112,0.017953880402654443,0.01018608692849221,0.00912821230557409,0.007135353992386906,0.012400417063797298,0.009032950175480503,0.00845889965717661
153502,0.004178209259280197,0.02427549262087325,0.006355446757779826,0.008671645458326938,0.009731681575769147,0.01273301284891204,0.006847885578300572,0.006533207114313433
153504,0.008241527384964586,0.0250321799353026,0.00862921823869578,0.008581518979016212,0.010167705334490629,0.012087688235627392,0.012191662362701416,0.007912272284694988
153506,0.007927937837862942,0.0215497927252708,0.009664232283399576,0.008962666621682713,0.009694887318170198,0.015442680957778399,0.011101353172667194,0.009495784305231736
153508,0.027377259942993115,0.02814335748118979,0.026160185920752532,0.031079185275530108,0.020824609864789956,0.01073104640792405,0.01953145465911721,0.027345522630289887
153510,0.005826115148522604,0.019618859438708114,0.006274112873087212,0.006317979983763655,0.007725663043757436,0.01161477831804808,0.008085127921997393,0.007434566125419373
153512,0.004649117226396271,0.0175763809450038,0.006257318865216854,0.006057376954843541,0.006622575004556985,0.00990247570094166,0.006129327687192154,0.0059925811080586144
153514,0.00736768600189569,0.031165341179575146,0.008739819534629378,0.008285049191503246,0.011734511617021381,0.015418728656926783,0.00745456776449599,0.007947691346553099
153516,0.004448317072942354,0.016471348349967663,0.0054090721742172665,0.00556513053215113,0.006828421378684502,0.011385482142146408,0.0054868316626210945,0.005432407648719995
153518,0.012497599109276225,0.0290897841968063,0.013329453098627708,0.012561356971225957,0.016011369798030195,0.020260596266041597,0.015681440596054808,0.014720432053061394
153520,0.005015202777621575,0.018427337167903568,0.007251610516124052,0.008737854030594017,0.009036594512256357,0.012766305567680158,0.008133398999669916,0.006963943036231379
153522,0.008387258676779974,0.028004284958171866,0.009360568001479719,0.0096149988077881,0.01111595768584639,0.021950152407890222,0.010488597796955157,0.007967465443612876
153524,0.008713230855391885,0.023376991471914188,0.007093368517164578,0.0068774341040276354,0.007626023754465416,0.01642503903345105,0.007533446131648136,0.0074819555138119775
153526,0.01077154289238097,0.042677881425614794,0.01444313112735629,0.01636265383843516,0.01565853441043985,0.02342065074867805,0.013772983890668833,0.01647560951113647
153528,0.005778635229207518,0.01996413832228061,0.006032657911029027,0.008641632253045872,0.007969092223636176,0.012808230916619756,0.008901044329441499,0.007154745087124326
153530,0.006100425189504988,0.026064360288845734,0.008589781227988313,0.010160192424324477,0.008594669479018657,0.018759657943484775,0.011659224616167807,0.00891165748047179
153532,0.0063896958374632384,0.022568176994255618,0.010756868206686365,0.011130760451506794,0.00975848320162781,0.014365560739012295,0.011366240206490075,0.010958517354311192
153534,0.010230580663082078,0.03728043615494614,0.012894453579186171,0.017689678149523935,0.014999543017202799,0.031702077180334465,0.01865692688069487,0.0094629525421413
153536,0.004860783863733842,0.020054851377665273,0.006492716722995839,0.005564521379043619,0.00556656795437821,0.013863849261659178,0.007927596858037289,0.005991442632798716
153538,0.005659748319779334,0.018010401712231783,0.008481529288768608,0.01140088645301246,0.010299861358831208,0.012801985193733323,0.00938407648688605,0.009227502198094761
153540,0.005688101051168681,0.01970691118933221,0.006622503458715789,0.006686157906532486,0.00892701533324236,0.014419056493351123,0.007227556374257704,0.006724658989123944
153542,0.010461687303792155,0.031295360119387716,0.011876008704352403,0.012479121778070701,0.013706136053337481,0.02084257343526108,0.013350016212945237,0.013423864232848581
153544,0.004184223698988687,0.010823520998460623,0.004396641082405006,0.007619650139001843,0.005254450014877732,0.006040471569947192,0.005965637429750592,0.006466200049008108
153546,0.010738514209569283,0.0432528011283948,0.013428564093885598,0.012089528109360259,0.016682691013105932,0.028000255393877183,0.011622799697790287,0.010728714120802119
153548,0.006165345935596145,0.018321196733200873,0.009129739980218154,0.008568502687859914,0.008293252992104039,0.011116997753770841,0.009036618593101287,0.0083449389490578
153550,0.007601676837922844,0.03356281390889415,0.011989494192947925,0.011452860592316094,0.009224456422004756,0.018055284663415216,0.01549657111517977,0.00995172529380911
153552,0.013870336536128625,0.045224269146637575,0.01626219281617125,0.02270450448820882,0.019677740761508966,0.020763713614574186,0.019648809169186876,0.015088307965599235
153554,0.0043790565206807686,0.022985714677759894,0.006611800192426964,0.008666663227082871,0.009217447894693587,0.013909450216188779,0.009301355230618924,0.0070624149653180646
153556,0.004135852679825414,0.011843944026090902,0.004469368666682405,0.005335030051406342,0.006645415423789436,0.009893521419647444,0.006452005080871681,0.006108956925182041
153558,0.0057104795306699985,0.01722699512067849,0.006098440972213126,0.006956749971679166,0.006001553121894654,0.010317429584540072,0.007700149281507862,0.006538072732396927
153560,0.005496807705079654,0.02368498448035994,0.006557754832981433,0.008489497510058897,0.010579254612398614,0.011596134579133166,0.009548961952978496,0.006723974711680347
153562,0.004954442813713877,0.017014569419665726,0.007177314391349832,0.009986422501438108,0.008486065431548617,0.011128388266101519,0.00849852856248745,0.007484699886914692
153564,0.010594824564611971,0.027194360739479784,0.013708074291070071,0.01434246276581086,0.010993530654410444,0.01893475779344933,0.015066944059757503,0.01099574154362909
153566,0.007670356081858343,0.04328256943216169,0.014657558235191326,0.019326629700851194,0.012397812019572518,0.020828029056876085,0.0166461348944138,0.018192455313940314
153568,0.0072368705203787465,0.02343265654906035,0.007990608456159842,0.011100064215093575,0.01093180792821219,0.011218459663503433,0.009006419551965905,0.008620948108722937
153570,0.005840596294114597,0.024425821863177655,0.007354242986192583,0.009122485731510643,0.007231220489949897,0.013003864635235951,0.008395137446537915,0.007814594044426804
153572,0.005183672329358624,0.023806141534914227,0.008485186931005195,0.0070218286333210145,0.007886725899244107,0.015215993117877247,0.0074106719745294924,0.00673456780458942
153574,0.005077751554876608,0.0193669591937784,0.0075984512754614375,0.007520021943385802,0.007327081275863068,0.01007488269547796,0.006940315367144623,0.0064364042082525885
153576,0.011046817795312747,0.032615451267506756,0.015471181359014763,0.009206717049010715,0.01460587246505668,0.016199681727258053,0.011495280361286442,0.010592692698386197
153578,0.007795290915219022,0.02085605549935665,0.006867793631556651,0.009600845478925868,0.009391103301660486,0.01435168687199373,0.011005176647460368,0.005924551194456618
153580,0.007950749700198545,0.03640573603249564,0.011643317076018234,0.01084590590523149,0.010106960716296465,0.019014892115809312,0.011560162493879034,0.009976122047124003
153582,0.007044907873719808,0.025118211690600134,0.008147206364302662,0.011678947977600274,0.010848390578179823,0.014338636917081482,0.008560099027200785,0.008024496210340182
153584,0.017439809832385578,0.076419433096647,0.02512168342754806,0.02056230314810592,0.020286290045433475,0.040998694806637426,0.02610866826241698,0.018140417111834006
153586,0.004805318277552539,0.03354730977653397,0.007713871948880291,0.005464978832833367,0.010186419296809357,0.014875010152886559,0.006040640657418772,0.005637425929592377
153588,0.004970696670970887,0.02225049641209531,0.006408732386835647,0.007904104181286675,0.008093154411087378,0.012382514154992919,0.007000922869226989,0.006703407676952544
153590,0.006049224374771178,0.014137344902636961,0.005424029844556311,0.00648628738356033,0.008525792243226304,0.009019786833763865,0.0086909246674996,0.00641544781943898
153592,0.0071210055529356,0.026498900792099045,0.0087359904187565,0.013701864040272016,0.009997002409063482,0.011674165709069095,0.014473893998068255,0.008522334952193455
153594,0.006065516456467357,0.018354475516355828,0.008810124856339918,0.009874188664250882,0.007948277197588283,0.012461867420236139,0.009452930103877544,0.008875759728987909
153596,0.009697419883437919,0.04211681369027809,0.01080695351918376,0.014526586925868445,0.01606939112260708,0.01884284932890523,0.012067550533267912,0.014264579795511878
153598,0.008461588779539397,0.02107084288528327,0.009616604678417184,0.012346242135488128,0.01138047897686617,0.018660843109196357,0.008562067877448953,0.008426565036947276
153600,0.005585726819419767,0.018244829705110988,0.0075521803371847995,0.008211399021303356,0.007982795418342514,0.017992995851347837,0.007633152504534169,0.006628364222106831
153602,0.007713916446406621,0.02245498109954358,0.009067579056972142,0.015090555751399393,0.00994104457766043,0.010878387376381193,0.016142356903018573,0.011447864963888554
153604,0.007559271906104392,0.027736374611905035,0.007248584436045036,0.009571642878731856,0.00988511194024988,0.012828006711276041,0.009791975131961728,0.008162088929531741
153606,0.0033514330180770546,0.01276679046450685,0.005531487107969524,0.005532225232742827,0.005180900456390136,0.007634911450298043,0.006193594782894829,0.0039157058456820715
153608,0.008590607119090043,0.026113917434296363,0.010914916442613054,0.008368421699877837,0.011195992920875142,0.01960667645557046,0.009879850240501975,0.009116514813513277
153610,0.0038308109239504895,0.011168360830197344,0.003905996218720467,0.0037592112834241576,0.004791148339700124,0.008012829953176814,0.004636854761668696,0.0036671890920578765
153612,0.006061247641204803,0.023367204840462286,0.009586447251649588,0.008840974012896352,0.011092201781970845,0.015194469175608072,0.009927572205428226,0.006696196842669089
153614,0.005565687469549163,0.017013321583238872,0.007267142902798229,0.007532355874815488,0.007279787757372758,0.012294004828508287,0.008020759095367147,0.005974012224587766
153616,0.009760974004403844,0.02311813412856112,0.008912289096862702,0.009137877392000116,0.009276305860123069,0.019855770771201264,0.011306426957480797,0.008475685560544122
153618,0.004415805464326683,0.013545022046919597,0.005517979044349419,0.005766456697791578,0.00558984707689647,0.007933551127506044,0.0060060560808337105,0.005364445314660904
153620,0.008039247618946144,0.025782335887774233,0.008099131631284173,0.007462686905397087,0.009703635313723646,0.017137453903078637,0.009240057014928915,0.006603019802222443
153622,0.003493729710498883,0.016182340162684605,0.005006039819979657,0.006064432575778378,0.005602331842473385,0.008045262375273643,0.00589792013006929,0.005861500617644566
153624,0.004981874806091524,0.01964595602865793,0.0069200780361123315,0.007662205587229076,0.009103093081794855,0.01477336135025653,0.009636078667318637,0.007575191144809035
153626,0.0063637959385479115,0.02411874917078749,0.009891166405001428,0.013535941338354895,0.011906986629602268,0.01617579730223384,0.01030345487922446,0.009698135987359857
153628,0.004865425732597295,0.018852697514422312,0.006450542519647551,0.007919548149720124,0.007424162590385919,0.014595416648718107,0.008036674562320378,0.006362796267361581
153630,0.004354232824539894,0.017089281795975353,0.006866468657102998,0.00720404429457866,0.007050766181540491,0.011792236187546656,0.0063971330516259806,0.005453173019216495
153632,0.014014071994929156,0.04393645215584052,0.015773030641375252,0.01813556053747356,0.012212194778626895,0.02958251036230397,0.021738483698735545,0.014416753727710452
153634,0.005135943264478193,0.021600685738093484,0.009709835115155274,0.007565398590863914,0.007200198671191205,0.014087526325326005,0.008051061440661533,0.006935543027086766
153636,0.005833257874750197,0.024897333056348225,0.0111154015365591,0.008919104662217459,0.011075676059367157,0.0134681812366646,0.010306663260866655,0.0073061701157156045
153638,0.01177071817398545,0.04182800456025704,0.01430572075221992,0.017941978421593063,0.013808781827819916,0.020213413945398884,0.016835704001279206,0.01735966519067511
153640,0.007472649792211128,0.017824265843646714,0.008190632476265058,0.010221202014307151,0.007355726676373797,0.012100130999442849,0.00833908940550293,0.008853350083571299
153642,0.007003237126393336,0.02471299990361353,0.010252194733234354,0.007544331036468899,0.007537185678106795,0.01470721728107588,0.0092952082444262,0.007506085570470111
153644,0.004740060300002791,0.014848991027129665,0.005388725738220634,0.006733583442255275,0.005130474941603902,0.00894079417755439,0.007176568325274746,0.006049697241338414
153646,0.010620426762095792,0.030496568905746813,0.00907129565662168,0.011603919978339983,0.009518474715619618,0.021506895976477702,0.01648970893057844,0.009336734792349477
153648,0.008210975034115775,0.03423840534201106,0.011393552797747175,0.011777475210696109,0.011544096953224836,0.02871833249954414,0.013333995308515922,0.013098451233993169
153650,0.005402374848789082,0.02389959637871386,0.007545191761658077,0.010275890362820839,0.010355620742712512,0.016102060051320644,0.00994604315819303,0.00965773953517357
153652,0.006498537804358273,0.02510968215592957,0.009485928806382882,0.008686391031931306,0.010952400290889841,0.014761040703625605,0.013299272240274718,0.007573761994129902
153654,0.008477818925958724,0.02658488812650739,0.00957470752833528,0.010795496518703429,0.01154044208579763,0.013097801478924254,0.015508495328586724,0.010925273115329981
153656,0.008425106948672045,0.028097969135814305,0.010705190884854832,0.009085546125702726,0.011022772967042238,0.019368091463311865,0.012282082026104924,0.009295387826004975
153658,0.007479272212425558,0.0151196786005523,0.007406978056398117,0.008905490198629629,0.011564825208729923,0.011337689445422905,0.012546911557326235,0.007853761834480943
153660,0.004788469058236766,0.014661632085225307,0.00513728036116845,0.00685058756726975,0.006875906792291886,0.009791637466219305,0.005384730595416665,0.006034176483859177
153662,0.004908785677693039,0.01910207785681539,0.006381090419612434,0.007040137210361286,0.007560783909155655,0.013312399194434443,0.0076663200865292325,0.006306531740758958
153664,0.0068166018776461,0.021160426473593397,0.008195148166350918,0.008871196376478763,0.010536306995119427,0.01511495902050819,0.009393250707920908,0.009440710673302988
153666,0.0059112562325892015,0.02093582768844726,0.007499724861397772,0.00757825350861574,0.00893603101417284,0.016394940119114132,0.007499482257868062,0.006976926305571007
153668,0.007431883628442826,0.026560845231750285,0.012921241301866504,0.015038515288514853,0.013691428406997164,0.023505537273401877,0.012960388434937686,0.012195720070597105
153670,0.00589758712072902,0.021095387357750184,0.006949309697578343,0.007774984134580054,0.010179813553936379,0.014797639214310154,0.008576633089649788,0.0060129038125220635
153672,0.00683680449412144,0.02639110655699306,0.012299836189815727,0.012708530847738209,0.010921530692632742,0.019655619111845546,0.011363881182021807,0.013454450503136428
153674,0.00710141414135107,0.03426410226057275,0.006895400145869035,0.007052090048433046,0.010221843796281382,0.01932689071868854,0.011846075024790403,0.00652305526612823
153676,0.004456104259924709,0.020902512244447502,0.008915242094873987,0.008838892095905992,0.006813246086040614,0.012131723003443506,0.009984774131144347,0.0088670172574013
153678,0.0071263809088775165,0.02010163288803657,0.0064482365099503,0.005653801677753201,0.010713221886683721,0.012575675341664427,0.00824795158837427,0.006266457355153854
153680,0.011031207040134383,0.023961300100877603,0.010615193925451794,0.013018092915875246,0.01653750426967826,0.021805333321209597,0.012745219786262973,0.009467987501674324
153682,0.006442543258001143,0.01969950675553278,0.008858551175557672,0.007572339461710209,0.009757123110179011,0.013747986001146961,0.008963424190685743,0.005928249566817867
153684,0.006281632522526837,0.0200063918170843,0.011106870945092384,0.011332052762442812,0.012259047346264984,0.014365194611387688,0.009667806935436174,0.006581672793576354
153686,0.004730865369574566,0.022543684864075653,0.005423306655100157,0.007352613783082662,0.008515253341352447,0.014802437714039662,0.008369607677597202,0.00814958854540443
153688,0.005698262834673784,0.01725650515285171,0.009790521293823184,0.011921343673476636,0.011904669689633218,0.013150948653130323,0.009970226131235604,0.006457695326326451
153690,0.009420908739273592,0.02941202932363418,0.009265314172015648,0.010145802317186592,0.013705220192096468,0.022525020339086987,0.010956215066798558,0.012393758982235603
153692,0.004033400947554222,0.014167913578603475,0.004696900198994991,0.005469290148586714,0.006241466751122859,0.008794879105857023,0.00571302693233694,0.004936099529439852
153694,0.006548309810377406,0.024248433909060063,0.006137851584507248,0.005547355434552481,0.009936693388492623,0.014821265783578008,0.009263293306105425,0.005772581152573508
153696,0.0033393525690931375,0.018119610665067398,0.005116318044130763,0.005368529005542522,0.006614636987492872,0.010348429798945569,0.006966443950327472,0.003999622605281639
153698,0.005364233585845091,0.02576229406692221,0.010023613190141,0.01271486799210525,0.011552689690968398,0.015136406427032123,0.010215506705650634,0.007680340367864302
153700,0.006760278366769512,0.016826911762033214,0.0062650855668300864,0.006085424140337636,0.008966210683556908,0.012724216986740089,0.007630601026363204,0.0079077782457313
153702,0.005402839243922097,0.013909931752915716,0.0073629837056623515,0.009689874518778119,0.009524632541869915,0.009808408347510067,0.009723858397681084,0.006056913065827452
153704,0.007725525520750287,0.023665532307186377,0.009602701322592111,0.011621811733207643,0.010444106277868181,0.016231461379704548,0.009703374034772061,0.008774735289102331
153706,0.00669096922028789,0.027830683855001093,0.009401292303190312,0.01184472082913729,0.01108613537626818,0.018239117965285212,0.008317220126231872,0.008577011213331487
153708,0.005281503600112425,0.016908147398858597,0.008599317300001852,0.012725097780944772,0.008877085019492803,0.011280652901404287,0.009998049831111189,0.007111653196606227
153710,0.005370270586508907,0.019297853978550217,0.006917121946436788,0.007101281035740092,0.006616145911044813,0.011730983279441498,0.007486918698175471,0.005435398698890259
153712,0.005457714153679627,0.018568039144427395,0.00851620765368738,0.013213730600176776,0.009865914694551003,0.011882966448009624,0.009590156334244648,0.008474516782208674
153714,0.00489114515642175,0.021446746477107093,0.008992481406559172,0.00827063488983365,0.007925824411793292,0.01658305833933249,0.008767841170595148,0.00610212454117548
153716,0.0039051618253660575,0.014988691798972775,0.004822688615434778,0.0038036729418797766,0.006016976411613806,0.008732628620361504,0.0059090120756943865,0.004078779909149122
153718,0.006875953745950847,0.01873105064347791,0.008286637538429398,0.008246232990539115,0.009752170764454116,0.015412092310729264,0.00801653320041723,0.0062036830412287025
153720,0.008131606380445966,0.017595837449121632,0.008642514659186418,0.00826385101158067,0.011093852834509532,0.015640896129348825,0.00968566664618914,0.007175611498644818
153722,0.008116783864299038,0.028519327255480897,0.012345406009864668,0.010047966403235797,0.011332787212779749,0.018777528682180966,0.011588505786463088,0.007372568923662337
153724,0.004358955801343767,0.016047728425733432,0.005916078200052743,0.007991956515054577,0.006412397517583879,0.010802319191092702,0.0070363305927410025,0.006439328680767409
153726,0.004681019141140885,0.013946640920857123,0.005840851388833279,0.005677357740868638,0.0061320053546873865,0.009050742574775228,0.006315176750020024,0.005221139328068836
153728,0.0045070150199164605,0.015215169658077343,0.00575160898609145,0.00571040295975106,0.006674103107027429,0.008896932677884772,0.0055501148572446035,0.005204007715989223
153730,0.005346469819727029,0.02727270690963124,0.012128685193601996,0.00862894554905852,0.011446087337990685,0.01565983222877798,0.011220805124608546,0.007353867295112337
153732,0.006609944063003026,0.022707324683946206,0.008554469475402726,0.011954443158401773,0.009011378252452795,0.012229603403572042,0.010850571303253398,0.00881820814827372
153734,0.006842877641304812,0.02028682064180587,0.009795319664252844,0.00792181591191815,0.009044636464467182,0.012088928455702197,0.00829047000117239,0.008818532788451572
153736,0.007172275727463706,0.023658252408381708,0.007286611645185792,0.0108691714650746,0.010688384572227427,0.01449066617750816,0.009846943120353169,0.009640337204675442
153738,0.005038196008658957,0.021303839674535974,0.006712663522322693,0.005601673815363917,0.00928080427261424,0.020077677898804547,0.008599082391867796,0.005217962410952737
153740,0.004151261176732257,0.01898209541321827,0.005720764964281477,0.008682780526414524,0.008446809373353903,0.010641704569520849,0.006477174610739989,0.006154103519319387
153742,0.008173387746037486,0.025185823769208193,0.009814687287829083,0.008515379846541438,0.009506340833225269,0.018332005192193357,0.011304714215079947,0.009220671371983846
153744,0.007927815774203317,0.030284804053337666,0.01181816668260982,0.010400920484050724,0.013613388716417207,0.017889881405665164,0.012965400094833657,0.009271997937440268
153746,0.005464258426055801,0.0201504783404014,0.007932312848181466,0.01152090005368761,0.008126666278161443,0.011368628074492904,0.01048722894304377,0.009037165378568413
153748,0.0081499571353017,0.024243514920705644,0.010465444612618724,0.012470137838558826,0.010499728963176358,0.017733862268465295,0.011258179275552616,0.0074896188457463375
153750,0.011121277941042118,0.03560832752328125,0.01552508218867038,0.010977418974196462,0.015621129663081712,0.022612356389700494,0.013618125113543711,0.011006019236294018
153752,0.0060682741741056034,0.02767541352921321,0.009565345995237229,0.008919943421254795,0.009002193146532778,0.015452807965733728,0.010371998056244947,0.006517712826024591
153754,0.005088405189086542,0.0160721226563576,0.006002866887740765,0.007297169148841931,0.00662185471322041,0.011009529067346202,0.007682881861963475,0.006012386168851913
153756,0.008771374416768118,0.023413518060035665,0.010067149993138236,0.01072364447042512,0.010579712884626391,0.019444336440558097,0.01025622963219086,0.008666173544515099
153758,0.006224429665203923,0.026155361062345728,0.011898697089250732,0.011477789627232449,0.014325537609147843,0.01790141121393063,0.011624613485161639,0.008697749573912061
153760,0.006476396315157951,0.029861438021257847,0.00965200728460186,0.009611277619470115,0.010951144960038628,0.018104533958013258,0.011383796809557367,0.008492337049795573
153762,0.008510893611873849,0.024825423075669484,0.00931058239529442,0.00929218291480538,0.009500939829339361,0.018981027860265565,0.00775705155608325,0.006859418683745844
153764,0.009574017866503803,0.035322665198337155,0.01151059567745133,0.009950231402279464,0.010306861437542558,0.02092681623754178,0.013922693755030802,0.010007813012204159
153766,0.0069204523952386965,0.02390006171710013,0.007327461384303791,0.010454383441298953,0.010574085560060065,0.01694314724510182,0.010689929800968001,0.007857506075460707
153768,0.005325891407964356,0.018451387925836116,0.00748382586097307,0.009081842228288173,0.008824081980775278,0.014581523969138532,0.007619127253945257,0.00711410633843812
153770,0.008323854571244738,0.027284613776377364,0.010991974571697094,0.009724876717110364,0.012579788097133227,0.014261248370136315,0.010394218196176974,0.01027016322482499
153772,0.00550771949264206,0.02237205952794441,0.007948055342161864,0.007532480028196398,0.0061949505125780124,0.014183634435813774,0.008964145110097965,0.005701681740828468
153774,0.005876085042984869,0.014606583819827046,0.007155913549303838,0.009684977399000927,0.009042397506821231,0.01114286111381646,0.009630896838810854,0.00687841656649818
153776,0.006020856138999386,0.02178736856305452,0.00802038276274808,0.009424649312270938,0.009707622455847664,0.012420274163398803,0.007630841836431479,0.006499133630520015
153778,0.0070020737154772306,0.022295405195330353,0.009839449175966186,0.011987932777970445,0.009514102196263252,0.02727419820200283,0.007972596416849775,0.006386415878594731
153780,0.007602501850031196,0.026903739082977163,0.01179317311375444,0.014766573856182186,0.015444438314916376,0.016706781001911475,0.014214135835655617,0.007955877947324552
153782,0.006532707283396499,0.018101454413159468,0.007669965876220042,0.007063895221760819,0.008293292345397385,0.015389174885312384,0.007916334053608198,0.006333134360958503
153784,0.005370918155407134,0.01263456123477008,0.00584405421251688,0.006714864921909813,0.006550059581091006,0.009098834101729791,0.005492083581025098,0.005021895432580692
153786,0.005794582828302863,0.02651187007984479,0.008442597273687957,0.009481218440584804,0.008991801738662597,0.01510110317702923,0.009444342220960245,0.009318817248800626
153788,0.004860581280567766,0.038322297212411094,0.0071543052053715805,0.008822340760024139,0.009073027207781914,0.01796660523224447,0.007487457657225305,0.007888606464685977
153790,0.007469283017278505,0.025489834732739247,0.011181706195234398,0.019293854906383467,0.012781454522770241,0.01587144215542602,0.0141769607444866,0.010857524700456589
153792,0.0072404406313553715,0.026641776386927774,0.008711500606652045,0.008243383489907663,0.011968181587779236,0.017388946681912154,0.00986867525971663,0.009950458823305974
153794,0.00806575827734779,0.028416672802053178,0.01000340997435295,0.00858182542860858,0.010908943852699915,0.019846982273419522,0.007735141981735583,0.007604600310886556
153796,0.012584337811777146,0.03220674876331686,0.012687254514114565,0.013627673439213839,0.019902143059002952,0.020337722199057717,0.015318106995053038,0.013665785234729333
153798,0.006928828537810183,0.027977993289287406,0.008354557451835165,0.00792901654995909,0.01042767819788204,0.017275317710571336,0.010681192948596652,0.008439311579571174
153800,0.004180853653841021,0.015643274163622323,0.007277515957151204,0.006666040579111299,0.007728361361757585,0.01034788106711293,0.0065802572547091764,0.005856104548805308
153802,0.005884894007657737,0.025313154890105105,0.006064423292422072,0.006321683052998905,0.00849567974691845,0.013047839160687469,0.006934872920916213,0.005072111608073193
153804,0.010366986098217845,0.04617201389621872,0.014340903099815172,0.01794264508371257,0.014964691485670534,0.02425115812954548,0.013009984340983716,0.01385097045829653
153806,0.009116154856393666,0.024442797595068066,0.012846414491900549,0.01218595375494047,0.011504777117652909,0.016582356029232415,0.00957808329283183,0.008501866981918349
153808,0.002745380575404577,0.008428194251021426,0.0029645771146284,0.00361825389447569,0.003984012136096171,0.0063923106415428865,0.0038586016531683698,0.003324284506252051
153810,0.009489193082262093,0.023804205701950742,0.010950128272753601,0.009133704272664467,0.01059854894337603,0.01892951719618119,0.011986469349666073,0.009475250175354555
153812,0.00448714842378678,0.015479897527797493,0.006152903048040281,0.0061098153186167625,0.006910579893883773,0.009155106930652579,0.0065854910347420414,0.004723681352643894
153814,0.008182684487470449,0.03809185828140471,0.010717795413223152,0.0074918048517966795,0.009376669922361247,0.023469687712351694,0.009554372217695006,0.00911790775801663
153816,0.007320714012674978,0.0243020600137811,0.009213554147894598,0.008481995885922855,0.009092923504582018,0.01623166641283902,0.012809150029771177,0.00857784339078993
153818,0.006714867364039867,0.03085019020743207,0.011199796264826922,0.013181326944335048,0.012863992105181465,0.021290500626719222,0.011575213142274221,0.008256850562831153
153820,0.005888964196008539,0.01903376386040012,0.007093463898066865,0.008746461536390804,0.009560467335636924,0.012396459827446193,0.009924358068424732,0.00750310881536681
153822,0.005667102446239802,0.014287130526753566,0.01021248421257731,0.011293826046818944,0.008439874209309473,0.011278956355220748,0.009489731618368191,0.006899354112110956
153824,0.006318128038325321,0.02284281896892204,0.01027229863234802,0.010315773792593186,0.010617281992033656,0.012952577674676613,0.009428561362840648,0.006687203379218909
153826,0.004123873002445322,0.014378010067574165,0.004940135170361515,0.008489375316152403,0.00681355850389509,0.009977757795445408,0.006021561468082304,0.005311651852606902
153828,0.005860956449870225,0.020513618117839805,0.007920240379545584,0.008584008004888455,0.008118098218373115,0.014174954153219288,0.007390687076896052,0.0070218286333210145
153830,0.009345777806848199,0.04014679882128136,0.01674625740647273,0.01724636691458059,0.013255299432751722,0.024512504541860602,0.013031265807288916,0.014971633752403568
153832,0.011976294712489954,0.03208414671877691,0.012941070212069195,0.01353359232872725,0.016270703227736272,0.01847056529919655,0.017174357820587183,0.015295989371200136
153834,0.007090566361869277,0.025047516090134003,0.01012208183472385,0.007121738665237187,0.01130536222169326,0.023271747079416594,0.009758082818542901,0.008497463978123732
153836,0.006460918077388966,0.01630231651117975,0.007000153613049065,0.006935134754844141,0.0068627648401831665,0.012981215056952211,0.007310212104727265,0.005811552011828702
153838,0.007624645766167115,0.026162118880972196,0.011038639207360035,0.012285556848078194,0.015326008833040972,0.017479255927993487,0.014202879992103457,0.01147719736021241
153840,0.003605825716841926,0.010826114737936321,0.0046243602236329395,0.004065970069441427,0.005372537794566201,0.009211915072200094,0.004779390036383724,0.003980952184385933
153842,0.007025768717490222,0.018059281412201367,0.007266459504287559,0.007972273104813132,0.006341617207226202,0.014825757851390842,0.00823995148324741,0.006101721796711923
153844,0.012076303138830236,0.025299292403371476,0.011207550021993029,0.011822668885587417,0.01548222806358468,0.017268941282723382,0.013293418163893789,0.01167568884386938
153846,0.004076583756207397,0.018079832802630813,0.006239196069913966,0.007828187544597576,0.007861148156109943,0.009899099579854465,0.00657979914109319,0.005784446546642175
153848,0.006252581268581858,0.019288432396022737,0.009318427427775555,0.008029425193885942,0.008784575960540941,0.010566378004249977,0.008860130455819126,0.007018011989445905
153850,0.006429589394703117,0.020726545042421884,0.008135341002777408,0.007203878611903358,0.01041804231267296,0.012470593781264638,0.010066067562007286,0.007589975584605446
153852,0.005212608733153046,0.018126242552194194,0.006213879352110985,0.006506125816426123,0.006104274676496324,0.010866320933052231,0.006599924014115077,0.006108198747219129
153854,0.006344733714849726,0.01738569283763014,0.007295933206648508,0.007469935962910235,0.009370342311432689,0.01205749206834228,0.008288970826170194,0.0071469791929668625
153856,0.005925132716868342,0.015946569356355633,0.006617796834156364,0.009005855314015376,0.008499402258309807,0.01114617559302472,0.007000425403758337,0.006936456409111003
153858,0.007809593187567465,0.027571806426153422,0.007615632709354836,0.007496337800203756,0.009211052685156818,0.013913663066319693,0.009379254383078184,0.007357628472262567
153860,0.005635999523295132,0.011852767671549636,0.00963058535923822,0.012253883811887134,0.008357156378225261,0.0067102232355247815,0.008619175860962225,0.00882717013072748
153862,0.013244191564718344,0.01836756364422687,0.015533074367839517,0.023202947803710794,0.014449247408900023,0.010582277246485638,0.01548640752251007,0.013447739826340455
153864,0.005542323420098194,0.020657666001086206,0.0070535003911667005,0.007476783951435806,0.009903125192090523,0.014326609518779065,0.008164337296261204,0.006742898021798782
153866,0.0048277667773908295,0.01171213842337071,0.005666990270615457,0.006799206983089334,0.005997284952855786,0.008714427108501788,0.0070020849376289385,0.005514028102922064
153868,0.009599560656837147,0.03820057162240986,0.014916100658430909,0.011498624472459584,0.01589314713601997,0.020205537921560657,0.01221225900037931,0.013474296795337404
153870,0.005594958573361064,0.021640510412368252,0.009219691249358286,0.009016898638947168,0.011762455203517597,0.016358681755207494,0.007811335469298852,0.00683900890241973
153872,0.004797654747147606,0.02449065390886518,0.007756760204523039,0.006107583854026766,0.007280045852234629,0.011564517536719388,0.008088439086550103,0.005892917969868572
153874,0.007827356967880172,0.0225662071061985,0.012760359595844817,0.0124807048710176,0.012483202067134158,0.013507006401967614,0.011414073874428665,0.009623142057697598
153876,0.006297445658596468,0.02268004619124242,0.007386369323561459,0.007013101943688371,0.009558115881582785,0.015540979437245694,0.008316789338973729,0.006577503978177968
153878,0.004995460169104293,0.02250483896520805,0.00715064803038562,0.007763310373394783,0.008379786001583511,0.015658280820034287,0.00863814878188407,0.006835165896539375
153880,0.005147945979509461,0.018231226046058424,0.007341925578796593,0.009102884089898566,0.008386738742590438,0.014078995736266864,0.005981885785046048,0.00619455761716875
153882,0.00540111867236015,0.019806986246351244,0.007573367769393491,0.014602323153667385,0.00949018887800085,0.015073092224704487,0.008740497970394223,0.00800431279841285
153884,0.008989618779573272,0.02616697328792217,0.009771581138107388,0.010302538290490881,0.011757468437538998,0.01742335859030697,0.012384349798086947,0.009035566148469565
153886,0.007549153024595745,0.020980685250387987,0.010143776149452999,0.01555576597534053,0.014142850286016417,0.015752193343737453,0.01091991587095742,0.009391244817852362
153888,0.010263201284613166,0.032787596830886834,0.009472481387674814,0.012523402956961027,0.014153554031232085,0.02961594560524916,0.01366736697737242,0.009401061133333721
153890,0.014068638364763908,0.04046488948558058,0.015317822979992679,0.016795384541726577,0.015366926565650252,0.02136477740801812,0.01437587852578659,0.012039294066647166
153892,0.0066814847414784495,0.020127200336635065,0.006878944282853405,0.0061906797630086885,0.006341827244797038,0.0133127224222776,0.007564641691737428,0.0049612239146077375
153894,0.005631625217802139,0.02306884134497289,0.009710701453902681,0.0070645464835386584,0.011668605339597349,0.01824727729223241,0.0071637524003023145,0.0074081181988444045
153896,0.006394016806599234,0.022854693782330182,0.008807126391446651,0.007057630865862308,0.007935747884327216,0.015997646052867687,0.009108253241052466,0.006996820242527457
153898,0.008289920514054083,0.018887905236759872,0.010160952452543948,0.010540406593886553,0.010239375544464357,0.01705524826110505,0.009850909308624978,0.0064967625004550555
153900,0.007223560101016213,0.017902451949894038,0.007268779124955993,0.00927256614710359,0.008481751606988441,0.01253305164533458,0.007971513413853382,0.007278652448591494
153902,0.007639951150824942,0.02581810421669517,0.012694753180776674,0.0074302972260991695,0.008443427012573557,0.017754096664106322,0.01179821276458709,0.010727639903068686
153904,0.0063502446617125785,0.02397595396552732,0.0067441657424796575,0.008557437027434445,0.008233635861973676,0.01668741060388812,0.007306004536471955,0.005791596578769154
153906,0.006057824624585928,0.020665239783007827,0.010381058463473147,0.009376101417653049,0.008688061839024819,0.015908694141488988,0.00996310930656824,0.008005954001978621
153908,0.01148533079332742,0.03992674489106762,0.013171118856797115,0.014577758121404827,0.018291748875128633,0.023885242224214176,0.017047511730424958,0.014857679096263121
153910,0.005282947239513058,0.015342292967430504,0.005245699052258468,0.005560792710544382,0.008575326281111906,0.011951844663472821,0.007568744175569242,0.006856710018015522
153912,0.005319145809732417,0.01608987005305118,0.007209862102308728,0.008700126136938435,0.008341359296616668,0.009678722502440229,0.0061874888025068575,0.006977529980741137
153914,0.00473914625240468,0.013848297918195307,0.005400798901860293,0.004949179983725571,0.004793811863033126,0.009277953524735816,0.005369690756090728,0.00547316991211938
153916,0.008094320720886117,0.0222540573946981,0.0071660505250259465,0.007939149143267044,0.007339959428360798,0.014543740019743956,0.010153392488501167,0.007726312692796
153918,0.005936332872586769,0.02550321150800472,0.008938720263358457,0.009578644762773758,0.011726062893168354,0.01720200903811553,0.009911109148063924,0.006438547879652257
153920,0.004703506848674266,0.018975202013749026,0.007107410209948262,0.009486076840531155,0.00913001904736177,0.01223066466306566,0.008579317396200992,0.006273536894775056
153922,0.008805568621888193,0.024376660951036522,0.01098752097188177,0.009726984058231969,0.012379612557724906,0.020315211292116553,0.009334818448692772,0.00879769518503104
153924,0.0065626078532012855,0.029476945141668986,0.00816031199647771,0.008051080159330815,0.01181809378605353,0.014562419074138688,0.009479377275520895,0.008018325100089818
153926,0.014776784664238818,0.04232512970903657,0.01399594026084744,0.01074831413762084,0.016730880661537606,0.024334866621815943,0.016239549779641038,0.009491592661309056
153928,0.005810773899653177,0.02311675662220325,0.008177095567713843,0.006752096594230039,0.007497807368229081,0.013577003002119226,0.0076345924554544475,0.007489505362696713
153930,0.00661146214422903,0.025257206724387027,0.008801130992680761,0.010549832575073248,0.01155120502946616,0.014428720451584776,0.008374338792533687,0.007775294223466622
153932,0.005690128635818192,0.019151137617827496,0.009650907882652326,0.007457998138283239,0.008959158521268051,0.012489181369479907,0.009296626267800756,0.006314013951787878
153934,0.0036126100922506815,0.013734473076411347,0.005238757459857801,0.00739886621367708,0.008230300514371847,0.007743023026764162,0.005813932108865105,0.004710400403009685
153936,0.005576256771022692,0.01846515040748309,0.007160645094486995,0.007459153783184791,0.009956961488304439,0.011864412123544277,0.008184540695227449,0.005095196485854991
153938,0.005823244728220267,0.02530316536302113,0.00925372264648644,0.00827265013068712,0.010108881325728625,0.013603617719613936,0.009081570998606736,0.00777171281083483
153940,0.009274566498423065,0.02567780140811582,0.007947044411427129,0.011745484164797981,0.016181308986779053,0.015338718020756537,0.012014555994138698,0.00832086255900949
153942,0.004179812173106756,0.015665721568641544,0.006054385182906685,0.006938052489982249,0.006860865169877606,0.008393125087476305,0.009305780651343076,0.006532728962413081
153944,0.004290263484786616,0.018201030386226558,0.006427349254650494,0.006345396041675111,0.008921808253361585,0.011544503619012103,0.006276609478142403,0.005809533571611569
153946,0.005051239388621731,0.017412341662933706,0.0069276539605401255,0.007631806416470488,0.006961946109541373,0.018511082674849355,0.009684990597121024,0.005314126077655745
153948,0.009822594169940635,0.032955391061705086,0.010457238851873163,0.012270231032527557,0.015540658068850854,0.02321269089992506,0.013126803736309756,0.010872766619878016
153950,0.014693201037610015,0.04446748196836858,0.020381487961433686,0.044862671370804685,0.031123302473923253,0.03780673676627466,0.033146702078213686,0.03035614287888877
153952,0.008055965138567878,0.02101030017269445,0.00997911680389324,0.015507701104318594,0.010179664712575642,0.01324327583651641,0.012254744875275725,0.008921083408669261
153954,0.01093621749914725,0.02696048284256869,0.012902698723715966,0.012976368388017967,0.015107633771780427,0.019561037515637203,0.012458700398640055,0.013794295715270133
153956,0.004851318912708402,0.024422365946652258,0.006741691595220589,0.007025428989999638,0.007301795632823849,0.011552356554735133,0.006967442700337223,0.005610434317734558
153958,0.006596793853674898,0.02130953407119307,0.00711932066941845,0.009040049733162248,0.008860579300052018,0.014339878834418451,0.0117429649982293,0.00775218460313809
153960,0.007268220146363691,0.025663848965962188,0.00926960762990725,0.009297416499991551,0.00814296342049442,0.020011867942174355,0.00985366481547617,0.008841907172346064
153962,0.005219493153063803,0.01621044476351785,0.007794135828199877,0.014222151035978792,0.008137462015612107,0.00849515508947718,0.010081354067246417,0.007536056343349584
153964,0.008224729138862907,0.025818003655331268,0.012153088672517909,0.013751221983833661,0.011869984853729643,0.02118157468009607,0.013133845419733226,0.008436000520811726
153966,0.006249068120895096,0.025590019626792193,0.0076307468136263545,0.0071234779144779825,0.008167088264193156,0.0150830479226427,0.01135161343854657,0.008872153586636566
153968,0.006837569650924857,0.015076083528989592,0.010513159242364623,0.012968025071021572,0.008010535863267665,0.008796537952529215,0.006244697504003194,0.009395596239061776
153970,0.007940932373795784,0.028732707866901075,0.010060209390312602,0.012023874315334249,0.010495930392178165,0.01748115512673487,0.008559536540141188,0.008043980660094263
153972,0.006598544037495435,0.0343235526072414,0.009453237248364721,0.0103099250979804,0.011009208547309302,0.022551225340344594,0.012265979409839867,0.00835559942566988
153974,0.008998042648041216,0.021404820133640534,0.010340673112807508,0.008830810529665334,0.010895121486955484,0.010327038523851917,0.008097216749902714,0.007002488941079632
153976,0.011142941335067269,0.04984760941146171,0.016721036777094023,0.013787971476753036,0.019723025868447985,0.022315826365052693,0.015009258981368845,0.013698595501628275
153978,0.007729459161851304,0.027376826006625388,0.009137404485546563,0.01100289134626653,0.009322854029918892,0.01583147384525163,0.012001920609353789,0.006819580711670048
153980,0.008349499694450258,0.0209185351746497,0.008900269720074017,0.008912871497956054,0.008921657652138038,0.013045537999968604,0.010187357777798278,0.006688253808206923
153982,0.008735505745108618,0.02502818161158249,0.008456700157756514,0.008790986252034172,0.010648090987629644,0.0183180141104069,0.009967725134686134,0.007949108850875186
153984,0.007265499243956308,0.020053589479849032,0.0068976993723773306,0.008478879534834505,0.007577490778182261,0.010267393868510277,0.008949429148160881,0.008039171463381456
153986,0.00618484240658379,0.026499196726249785,0.012511569417699209,0.018853376794469634,0.012452964523574972,0.015316821571276229,0.011933376612379476,0.010802232461806727
153988,0.011571534116857407,0.024926021712762036,0.01121983439596358,0.012317155000421354,0.011655997193698087,0.02174510603236346,0.011827533329829498,0.010655906731555698
153990,0.010959487631922116,0.037481686583263674,0.014067017663490555,0.017479925758095982,0.02467228499247498,0.022649859641445724,0.01762507997288143,0.012169735118721603
153992,0.015954458479289224,0.034828269123465816,0.01633196088224853,0.013206987760448818,0.022312901487202774,0.033868416202015306,0.024457798351452453,0.012953829273275375
153994,0.010799286970288036,0.03220629949962395,0.01443221280003204,0.008963446763065264,0.010239384591539447,0.020550783345561152,0.018420921427601877,0.01041815029996368
153996,0.0024303294936489778,0.00796034973494475,0.002611098524397684,0.0031253464628636096,0.0023881309907602954,0.004972516440440666,0.0023550051788468473,0.0022270046842365887
153998,0.007207243228970539,0.028216569651468015,0.009349536575344042,0.007374577825737028,0.00969451171672514,0.018132923810370905,0.009121186363947376,0.006647837824060032
154000,0.006573524952816712,0.022301466476282172,0.008490001397592428,0.011298232002619812,0.008096465877827086,0.013100629139511932,0.010043055765046383,0.00808630303311042
154002,0.009843119654783017,0.028831943309350017,0.01102810373987545,0.012319706900909333,0.015219759627628504,0.018327909786979513,0.016510499827987246,0.01145095022971887
154004,0.00674233517243833,0.024037197027525714,0.009196213943128362,0.010853005282252193,0.010504302511469499,0.013921635305914004,0.009311055448457672,0.009239661683015044
154006,0.007186736337041977,0.02564214474976212,0.009867575427961128,0.00847098075833963,0.009835343426591037,0.015576647806612665,0.00943747501414155,0.009761087364100973
154008,0.008840315506586871,0.020135915324548392,0.009054593261347499,0.008668325199112425,0.0114687380712431,0.01322445040916187,0.008775222445689457,0.0066052661255034395
154010,0.004351866398108806,0.014770440073726354,0.0058420267185974595,0.007531801076897049,0.00751201243852645,0.012011498594653114,0.00761489150596617,0.004842718645364563
154012,0.008914378232549647,0.02739095536066216,0.013497808605857087,0.009140136686269784,0.018025931335757583,0.019958374010148328,0.01483470410045129,0.007712147114276924
154014,0.008400196714086983,0.027954768373421368,0.00938369396408234,0.008490962532441915,0.009299458328090537,0.02084666535973967,0.008335096072462855,0.006226664734501952
154016,0.006272468808254994,0.02935163207338576,0.010969793631581626,0.013749112960540266,0.013698422841539548,0.012959799789658888,0.01095900872747585,0.007285750534929969
154018,0.004338575454633509,0.02595947112865904,0.008453780267452027,0.006937378539193573,0.009927212908853955,0.01201929311838712,0.00939488994918336,0.008028999255025815
154020,0.007844345086214732,0.025078046745108162,0.006554530938875092,0.009564796573840795,0.01110595697912281,0.0183932729115599,0.010103296783584348,0.010343497798178447
154022,0.009024829901066234,0.02836636615052157,0.010391701027956168,0.011764176416442285,0.009279005637998827,0.01866397394501562,0.013742350150171279,0.010772794073560021
154024,0.00675673926465864,0.019450757563801213,0.008123809308418828,0.007404135136281964,0.0073661205345479375,0.013555974270782978,0.01041050739897914,0.006419500496051889
154026,0.008470333435900423,0.035017309422908705,0.009939327162868716,0.012874178560202731,0.013668671809746735,0.017422040780786574,0.013888286656683846,0.010910870717694365
154028,0.03411207439160813,0.11173109362586331,0.027852151174529105,0.047262584848795086,0.0377148415824371,0.06857809605662624,0.03641125770586506,0.033666630877693615
154030,0.006451149306840875,0.03793989547502008,0.009423183949088865,0.012407475287643743,0.013240336802955222,0.014597022499401646,0.012084839410908765,0.009447380630984492
154032,0.007482532963388133,0.029658750358053432,0.016699439723790954,0.012984286496974029,0.01502607723807281,0.022005887863990603,0.013814538118986697,0.01501875347367232
154034,0.008812653809195048,0.03747433623688323,0.01084261931106334,0.013182844469137367,0.01204249236014121,0.016027838513096526,0.012006745046023115,0.011008367399841179
154036,0.009233894523121011,0.0261156945670713,0.008989902761196655,0.0071813572035674955,0.009752568083102098,0.020811963444238524,0.008400650142556865,0.009272874652066554
154038,0.004375430484095111,0.021052028789868338,0.005907037478449562,0.006084715080767689,0.006432233859531067,0.010390320284826837,0.005831522420221502,0.004918009711978366
154040,0.009248528602936512,0.020895618843752795,0.009199879629350427,0.00733094532052192,0.0125465093017319,0.020802600430578133,0.011989285345764822,0.010401966059442325
154042,0.0045575892180673705,0.019011000546246493,0.005968976742004806,0.0055113351910565656,0.007638858423421324,0.01431857919786067,0.00641436533274331,0.005355401453312203
154044,0.0049743428487417085,0.011002683461285356,0.007270548942103439,0.010569585697411066,0.006377798390149403,0.006720136072140337,0.007914679525840074,0.00682097745641741
154046,0.006015694619243617,0.020916341247826153,0.006833307003711875,0.007420283038515274,0.00711601812179824,0.014117610882884657,0.007190003447657356,0.00650355633101235
154048,0.011481466494546455,0.05331759218513832,0.018367862532841173,0.012088915348684504,0.013709810272868106,0.026531327533645177,0.021878602047365803,0.013633424919513859
154050,0.005444330609810644,0.016252879147648835,0.006437829297491204,0.005282930993411095,0.007458250364944574,0.0100097286509504,0.00661899091202045,0.005374863381099937
154052,0.007390397564805085,0.019201577649914592,0.008022379294763349,0.006274353658742626,0.007580514685081641,0.013137279864388951,0.0065388137566247395,0.006542630395058646
154054,0.00910462434049819,0.030022297369752815,0.009175317064889,0.011897382148030877,0.011731527183444834,0.018656084253241056,0.011168990743740892,0.00858284282527344
154056,0.007022702724587049,0.02753767162876475,0.008807840997904715,0.010006475900654843,0.008860673278252629,0.01887094820907098,0.009806504693498974,0.006743560011651661
154058,0.0048506318559162764,0.031675980733049336,0.009320330579634162,0.00838699938999904,0.008792676868763005,0.013977425638811936,0.008404924170466954,0.008983483894016653
154060,0.004412096935664744,0.014270996376855083,0.005508388567303568,0.007940601737377373,0.007399377640027183,0.010497510502018637,0.008045343905970448,0.005101493137324775
154062,0.014963348065894166,0.029595346933995792,0.01575382046940832,0.02284814333292773,0.020274716281903915,0.02242146383502419,0.015605120727379962,0.0242520909897872
154064,0.0058102548085303685,0.01668736440563756,0.00655919570657254,0.008173203185315947,0.008475514079804791,0.01384714936634307,0.0075528109957758716,0.006621363627950461
154066,0.006342762369527577,0.022885390677246598,0.008104133113824796,0.007986033629904521,0.007921754903539802,0.013627831736556795,0.008316932027523871,0.006822465423773905
154068,0.007272584561690332,0.042477886447180646,0.012406552443122942,0.014825725192545214,0.012950915753737968,0.017528554201110325,0.016337628621720945,0.012402836515544247
154070,0.005336838037018288,0.01680743318999789,0.0072146468859612956,0.006484890539894261,0.006874626749039159,0.012353965631996255,0.006492291683297735,0.005917312655505436
154072,0.009848495783501221,0.02350975478591999,0.014295640192745263,0.016297507123255395,0.01057825993526157,0.011639386097436422,0.008180685626252293,0.011864256307192456
154074,0.0043106945360743,0.015821748298183502,0.007010162230529693,0.005445946984061756,0.006578186804715225,0.011777497850593621,0.006350971401920591,0.005651656229866353
154076,0.004500401940443821,0.01563132245708254,0.005077280112382232,0.008011844254536493,0.008347590836861818,0.00909724221555136,0.007841819248595672,0.0050794750545444245
154078,0.0076485472184730785,0.02215145458955825,0.01135080693755125,0.012312744788577135,0.011476036816589819,0.020101324436476498,0.015696962142854654,0.010140507692056266
154080,0.006638448321993673,0.026148088465461683,0.009408149226228846,0.014694010249614087,0.013513823657048063,0.016669428919252605,0.01360109427488343,0.012746733867523341
154082,0.012234804674343458,0.030115044174615413,0.012756404238070174,0.01235344060944854,0.015921345546544785,0.022332707144150143,0.017251357373876397,0.010089596629223374
154084,0.0037700510369456097,0.012180146166397565,0.005652588301331696,0.008036124200771155,0.006719477676004004,0.0074027042652483055,0.008092431877404549,0.004267863685071538
154086,0.007370589719037979,0.027973616698720116,0.00971348574650982,0.010434488679989473,0.009972568217286926,0.01637591920952275,0.009102882668193202,0.009218636781439804
154088,0.005535621684439607,0.020995883068147814,0.008732774832599655,0.006867552829863899,0.008316730904968372,0.011355473291692286,0.008164077439252238,0.005781518428758015
154090,0.008445203009873836,0.029499729164001787,0.008657331121491085,0.007204935978334659,0.00968697041697908,0.018444692769358007,0.010272490437239823,0.009239436805953682
154092,0.00963252743614107,0.03517374241330007,0.012674216443201658,0.0111070751007048,0.015260623733177658,0.020079481101199725,0.014765702895287502,0.010464081843339967
154094,0.014390947429948397,0.048349068791342376,0.014644294181608508,0.012479343171991397,0.01564406066927959,0.02688291413632271,0.01798773936090825,0.010132623843990496
154096,0.006443528839641444,0.019010700579064954,0.006017739310477888,0.005407433887895385,0.007501711002726674,0.012270962267037222,0.006800214562269424,0.005463333202611276
154098,0.007558003598576113,0.02143650866894853,0.006580207695474849,0.010556992095456297,0.010217722279793284,0.011826635552310505,0.009461545080640343,0.006744223257729942
154100,0.007579936061631598,0.027393875388415978,0.009974638231300625,0.011594513952635721,0.011267213804618204,0.02095379169949596,0.01062605104195985,0.009571609348171473
154102,0.008032472521737555,0.02775072054973382,0.008526831080839736,0.010707132051127388,0.010965199412844628,0.018685371623590408,0.011072536718088666,0.00782508694968076
154104,0.006299592084782424,0.022793874730148156,0.008314673615264001,0.005523368770717296,0.010234673114324133,0.012469648624633456,0.010870476465502321,0.007374105645170881
154106,0.006184739281267504,0.024169294216690673,0.009200202644905398,0.006461693046750705,0.009423858030933874,0.021565059578293244,0.009771620909128365,0.005191114138160258
154108,0.004822632735328236,0.017730302494511685,0.007279644090786519,0.0073948702626141505,0.006396046152612522,0.011386479090989055,0.007376484616472334,0.005935865605600166
154110,0.005486815105994192,0.02403782080344663,0.006893888161692507,0.010933866136710657,0.011053025396092986,0.013269120439290738,0.008409162390933533,0.00848465024445716
154112,0.00783649705444317,0.025621561201498944,0.00784875241922478,0.009402719840016838,0.009795443546786409,0.014514515049955046,0.010305430372437252,0.010057419174314186
154114,0.005968924935817965,0.019251616752185896,0.007958751764075567,0.009417557897490936,0.00785865395975116,0.011275796245130643,0.008256960239382494,0.007847563016950831
154116,0.006691482382952307,0.025743842773487735,0.010857301113851359,0.011416038475147217,0.007200538804968071,0.018597444304546684,0.010265838723101162,0.006042359461612412
154118,0.003472759642828352,0.012169284709555639,0.005512589736196338,0.008111683191614816,0.006479710091929436,0.007512199708854306,0.00691713186098597,0.005155640290291308
154120,0.009863201871929628,0.02974343490920095,0.009417913634025832,0.012844452032779119,0.010640656236199142,0.018878338587718924,0.014389134883746602,0.008770089137040638
154122,0.004550929072701104,0.019470405716291106,0.008287469073658349,0.0092227147732174,0.006783225958235883,0.013369137523696006,0.007130415644164556,0.005155792223587918
154124,0.014521298241221281,0.05720111279497875,0.021040619000700866,0.018981709448301354,0.021494515908248246,0.038769748946805516,0.01771988318150819,0.020787279382688872
154126,0.008722130997356248,0.02562247235202708,0.01100814851915205,0.013530076996271456,0.01275363416961689,0.019672640770457273,0.012692014995796308,0.010429959271514522
154128,0.009644870339999001,0.038412446589628724,0.010930898077961049,0.008414176674851115,0.014559078218774113,0.018403815552645364,0.00965514773220466,0.011655810576750858
154130,0.0063602029563194495,0.018550909732273135,0.0074156204455180785,0.005909278969427556,0.007819347461044457,0.013075637606935198,0.007110115171826692,0.005868884172457678
154132,0.0035626829158959122,0.014743958933366663,0.004963238258322511,0.005867545201611313,0.005723790394112138,0.009451986969681636,0.005603784100060238,0.00448133196602285
154134,0.008057431054994346,0.03395627659506317,0.008839935825798229,0.007137327796110038,0.01106653526043383,0.01636126622289269,0.009169284645872189,0.009875422136510714
154136,0.007983723407734011,0.025771306898437985,0.007303285484256072,0.010720226797957588,0.010792177323313779,0.012425331445772514,0.009374774011836673,0.007437552385681556
154138,0.005364671236097962,0.02124839719708782,0.00817679373684066,0.00912820803452874,0.011069672183086965,0.015233553920442289,0.008720953697414713,0.007729506324461122
154140,0.005695663622313829,0.012194986144786535,0.007793171567116508,0.006418077437019498,0.006851860436807522,0.009954667324444166,0.007622972569121311,0.005320614148880631
154142,0.00567730384773335,0.016205136777963425,0.006157823736599399,0.00787254617017319,0.0065776828390485265,0.008503051385347682,0.00834269579183694,0.004483598628755914
154144,0.006037635654113416,0.025051063126618978,0.01020713006138868,0.006287281418174084,0.00972696642263099,0.013719312139903794,0.008907235386093115,0.008266221733116419
154146,0.00640434920742039,0.016473800171612263,0.006205863906245723,0.006193118670822173,0.008522399606594677,0.013299084931113259,0.00955452224148079,0.007312799921093627
154148,0.007086425004848573,0.022099260753824845,0.008049622842328186,0.01060978740162316,0.008469516089510742,0.017155936032086316,0.00893468724555846,0.008179093990314856
154150,0.0034155562266807854,0.01099511965974026,0.003958455330384469,0.00464393591574247,0.004707519892513057,0.006702815978976651,0.006005030643248199,0.0034008201379012726
154152,0.006433832990851096,0.021296354158125474,0.006771440749304747,0.007427851800734742,0.008756742312378274,0.012721327725130627,0.008712656404885666,0.006477347305158754
154154,0.004391720963375312,0.01338413136043487,0.0055140646177500585,0.005708272692388994,0.004214462356142201,0.008764921058566133,0.005407866722034749,0.0045773206195166005
154156,0.006762262090128035,0.017166352225800097,0.005771673201542038,0.009017079756631574,0.007433463776411964,0.0095606844299303,0.008149338339493772,0.006319952212861191
154158,0.008011846922109989,0.018691283192229236,0.008919861795321005,0.0084119720644949,0.010343265929107004,0.016229198507425657,0.006715024882366416,0.00680221765476241
154160,0.008893194359609835,0.027314079547029246,0.010924667244778308,0.017939567363796982,0.015980160578821234,0.015056070312678083,0.012871390661312043,0.011580191578005383
154162,0.006127581393053028,0.015275029538862006,0.006708466845470662,0.007076276836022688,0.007695947279105164,0.012931326695042822,0.00859788993712135,0.007403799202525596
154164,0.009655562104460336,0.02262210021158584,0.009439500312603322,0.009339581595214419,0.012978481797877583,0.015533267512858606,0.008874033068823062,0.0070450279427092255
154166,0.006486328187096879,0.026490911194657407,0.009243956357313232,0.007818654384041113,0.010781285156337417,0.01349904645506772,0.010262257807060138,0.008210659076259896
154168,0.009680311693964827,0.019558107397626978,0.01005214617018546,0.009850693380730968,0.009726838565002005,0.01624151712231825,0.014278447116657711,0.009467301694179808
154170,0.00662016327395426,0.021670016919604018,0.007189150591958793,0.006655685105228182,0.011277546356556423,0.013302289989845839,0.008948570679081558,0.006884243578010596
154172,0.006425621925215674,0.02293377408202346,0.010405291581659037,0.008936946637666532,0.00828766170277856,0.015251019957964795,0.008223958864218839,0.009002480154382875
154174,0.008015839443449801,0.024573442890476693,0.010066276867355894,0.011933692408208296,0.013534703532229964,0.015673421526688713,0.010778724639776138,0.010804301669700644
154176,0.007536293069742905,0.022412642261962157,0.0073940591574006564,0.008372892047495084,0.00845005269365423,0.013595333981800073,0.008219864851889691,0.006454854080252537
154178,0.00952828164787789,0.029103875987052996,0.011698188380651564,0.016858669761639966,0.014294868749546774,0.015536343137645459,0.015231289992257757,0.0118809393319666
154180,0.007578218484438681,0.021748991135347673,0.006085834483844421,0.005560538250862557,0.006301505846330324,0.01425392843162343,0.007722832935932955,0.006583406461860619
154182,0.007050841255734019,0.02742879953141486,0.00721134381089783,0.00863985511023202,0.010209076726149569,0.016638595521528465,0.010038864451569263,0.007992198964586805
154184,0.010288460317722292,0.028063629894907516,0.012638745590343226,0.02134086903141963,0.012952124875445004,0.011939074602126176,0.014145558186662355,0.015855016481076456
154186,0.004093010212225023,0.010525413282067797,0.004791460868203368,0.006289634101339425,0.004896038177069295,0.008567577173047847,0.00625375018041141,0.005781469708608711
154188,0.004344441944642563,0.021499462264046088,0.006322174744852527,0.0062805968127719325,0.007510754559032995,0.015980205787543333,0.0074067100266495545,0.005858846184896349
154190,0.005791603382868438,0.0203864151916735,0.00612949451387923,0.0060558751784927645,0.009683996363919256,0.015070044509840008,0.007828699096311453,0.004491711228616302
154192,0.007680336450160974,0.024281478305354876,0.0070049194423236205,0.009735914133948365,0.010867902271950725,0.013763332339750356,0.007450668699428897,0.00716860386847018
154194,0.007526883796687978,0.02688090098061835,0.010503005935372178,0.007644631617107989,0.00961326304022242,0.015181195654509816,0.008609161451901493,0.007985251978425367
154196,0.003935814685598837,0.014661808908185359,0.0063182204252507645,0.005494187481772883,0.005710847753876758,0.00910749526438931,0.005105183772640631,0.005599442387495268
154198,0.004401259470290297,0.017529363077255278,0.005868330530012733,0.006896244058547885,0.006450842917629984,0.010303317237060627,0.006133988022039516,0.0053708122266265534
154200,0.005030924912483636,0.028347581640503217,0.008507022899000072,0.00940582669649448,0.008556472137522031,0.01097364421553948,0.008451148550659371,0.006989611459930212
154202,0.005603892301898894,0.024506177865541767,0.0064290756214258615,0.005664245679061486,0.007645144953325522,0.010675218456713209,0.006211581985924364,0.0056590880501819485
154204,0.006702718381819628,0.019114136033886675,0.0064045316608952185,0.005967712735227559,0.007565383037761109,0.012537277556093296,0.007357742229942232,0.007251441749539289
154206,0.00731103643571368,0.020034914659438963,0.007888296771354997,0.009279045829047095,0.009676994184858678,0.015767454220299237,0.009948047995409992,0.0093884623430745
154208,0.006465844175913615,0.025849992040144265,0.008925553987992885,0.008351967100437785,0.010767774322190116,0.015090647277169689,0.009353715472405766,0.008867181428521498
154210,0.009908366386189249,0.027445958895286005,0.011101284091435348,0.006894098493262446,0.008053319871450748,0.012995396970591822,0.014507548577897877,0.008625728967094626
154212,0.007941941587761514,0.023905328189016695,0.008759946966408416,0.011962611928342748,0.009726158141411256,0.015513589610250733,0.009682622411771258,0.009746532655326101
154214,0.00563831430831474,0.014097943724428186,0.00600852880779984,0.010661395767579629,0.007528303346163945,0.011813830538596248,0.009887326954007014,0.0069223627761181294
154216,0.005298002935996637,0.02064218433687892,0.007328586461019582,0.007705996600407217,0.008456526128579833,0.014344199198539409,0.00955996322014091,0.009632995435753466
154218,0.01061549791060884,0.03199381320651984,0.01204192657791503,0.01327967723283413,0.00887671156957226,0.017613030409538766,0.011430607902376766,0.009297953877064613
154220,0.01279103862042974,0.03229104643583369,0.013336178941587784,0.020168864100980954,0.010001997153328779,0.03052877739374993,0.020025854642131913,0.011421731040176297
154222,0.006375915912038899,0.016509228493166717,0.006126855885085769,0.009818545094200604,0.009205051418021748,0.013755398571800248,0.008083162448111247,0.007297670683561686
154224,0.0067917372528648046,0.018804937197401728,0.007643483838833731,0.006434119851572939,0.008066323035835987,0.01208526695893225,0.006967139212065376,0.007251014131722189
154226,0.008904415889446682,0.029312876318137393,0.009077646431898678,0.009119488644158347,0.009256178285497407,0.016678976633389908,0.011308247581693687,0.008778290865851857
154228,0.0072907411022754,0.022922393117604578,0.009018073106276114,0.00932906196226041,0.007149923511589273,0.01276179882493822,0.009333280908706776,0.006902052617463461
154230,0.007832102395335883,0.027322709566895975,0.009131059891518911,0.00904864602469685,0.01100963695074958,0.01885694116925052,0.01275074156989664,0.008977903151554723
154232,0.00478658637812629,0.020617198945886095,0.005698727403703752,0.009820960853681504,0.007419669489494574,0.01113631225892342,0.00712276483433355,0.006311050603040658
154234,0.005797431427041255,0.022625677357272167,0.007357158112765438,0.010012351211645731,0.009625473719474309,0.011897318759622522,0.00833497227401564,0.007684364376638664
154236,0.006559513106197734,0.021078323281395805,0.007796307936252467,0.008153989299641617,0.007998818457796375,0.01823288397203271,0.00868473149484772,0.005581201745539721
154238,0.004218642416919716,0.012220629033405983,0.0064681461410600605,0.007180455615910297,0.007582210464395445,0.00803727971461049,0.008269249977600757,0.00651626328463184
154240,0.0075374974566715935,0.024970034592969093,0.008570471124747459,0.010612937202063633,0.007741043211940968,0.01331706058839277,0.007216231617963809,0.0074463591749354685
154242,0.003922857262874724,0.01697002166142192,0.00611360601542188,0.004461712225556136,0.005685025522040255,0.007949725312057732,0.005076505040539969,0.004584192740920978
154244,0.005513115271515767,0.017009228534536902,0.006028112594699486,0.005589302300411048,0.008569978649465071,0.01631022843217611,0.007044263771087744,0.005952887352332292
154246,0.00848127266580434,0.021833947892144545,0.00835640989468317,0.009217835597831459,0.006495734424526667,0.014055585270522697,0.009128814532971541,0.008622537891096516
154248,0.00739418985381235,0.02850824584944811,0.010230360613384948,0.009957122074804536,0.011237775188699894,0.013676721685446092,0.011905793174122936,0.007178488482477485
154250,0.004200738871674936,0.014631582272697286,0.005727224842587086,0.006465192366416572,0.005596652891708909,0.011095626440362827,0.0056536840316794845,0.005477956480703705
154252,0.0055479325699985815,0.017441868259453708,0.007348061915909199,0.006405583502189283,0.009176351923231074,0.010838597867852906,0.007724744937159189,0.005858707034831545
154254,0.003502532865590227,0.015390764666843249,0.006013366013199795,0.009111386451042203,0.008859528741856304,0.008126854342683176,0.006730646679401708,0.005539971861354909
154256,0.007630550261482405,0.03654507710049715,0.011439171056346675,0.01632064358239038,0.012560192949441495,0.01829864197773734,0.012763143862094817,0.00891250151631301
154258,0.005232496278791354,0.01480646093182797,0.004497887185218874,0.007126916794853777,0.006539547592726791,0.008602010681925398,0.007420766964318093,0.006186824220280107
154260,0.007682651987033717,0.02391243861598813,0.010161778602414684,0.01052563801118428,0.011490297851003695,0.014419672026734498,0.011360355016169166,0.008179339261966734
154262,0.0063545914724172925,0.023858056703627506,0.008294580199518009,0.00636461261287824,0.0066412774694732946,0.013864779180781994,0.008720090951222448,0.007900258789049985
154264,0.0055584661213337605,0.022223853660009674,0.0070720707328409405,0.006214634662904395,0.007864608716154964,0.012037322324367716,0.007746022076027481,0.00623518307177684
154266,0.010578710522808843,0.043810543083605546,0.01351605488028712,0.021954386969245343,0.026812927979310786,0.02723442468536086,0.015443912393550363,0.014706422161998634
154268,0.005416709093176486,0.026902414374320394,0.008250662465258962,0.008181598090260478,0.011320441141866644,0.01266108782618236,0.009691646527998365,0.005958792517591016
154270,0.0075740187644429136,0.03556892157767977,0.011610197062524641,0.011885058717040542,0.012890000402079105,0.02464045859768138,0.011846050697239596,0.009928406629993225
154272,0.005371410683353839,0.014954042393162448,0.007351126574074718,0.00810176831597098,0.006561461118455236,0.014003997752150499,0.00970482285620472,0.006325275805996233
154274,0.0059008695612017825,0.015309124911031313,0.008311987563943468,0.00717587657615143,0.008770482665455825,0.012499896408840527,0.006360068670006103,0.007079394620817858
154276,0.004566050383304765,0.01593673703212417,0.005196631860729328,0.007790031883389226,0.006620049306604925,0.011774140914846909,0.005897226657297416,0.0050983666692197005
154278,0.008256095033048416,0.03134291740428652,0.011186383368468,0.01207289897074132,0.008870038529980917,0.021516127629786164,0.011845473330698797,0.011618950888915569
154280,0.011486055820983998,0.02582487579907977,0.01009584663955071,0.012748374223703396,0.011126960989420676,0.02330973383530144,0.010682931716473831,0.009409651001984765
154282,0.0108672793536011,0.03348432562427228,0.011773051145533897,0.009999311876214334,0.013498759061240984,0.01930930703008671,0.012892500989679867,0.007169224611580427
154284,0.005098796528359095,0.018859458123598793,0.008380079279144914,0.007437975187845558,0.013330327069802694,0.011818623506148151,0.007573694560223887,0.007801978419167632
154286,0.007128996374164365,0.02687579513493099,0.008571443701530734,0.012136259911645075,0.010445900266526031,0.012869957098891271,0.009897308704953645,0.01046246157431896
154288,0.005126280123420257,0.021616772453765032,0.0056433158211480206,0.010256206995913841,0.008484228868193222,0.011433590460721066,0.0064104359696371405,0.007084347881846975
154290,0.005765784575313904,0.01936338011253569,0.006523607683747379,0.008711639687820849,0.0083761552412851,0.012108078838384495,0.009255402709900606,0.007651234643724969
154292,0.005552262042745559,0.018403310180762134,0.008908183287194282,0.0075646455798211165,0.008243484959394642,0.015111286099476706,0.009249210739604108,0.008137417657000157
154294,0.004760715987984165,0.02036505540259359,0.008001963943570445,0.010160043726475942,0.01029199591535268,0.010915836525500433,0.009318008846749548,0.006094047748948839
154296,0.00887277116898183,0.0280562014788599,0.009271911846585823,0.011359051108741414,0.011700146656510535,0.023669576160406658,0.0169055472156856,0.010835264297057778
154298,0.004309074542614921,0.015619269166451455,0.006183647143188864,0.008883155383919095,0.006812734425026612,0.01086846306907674,0.00660776235373306,0.005846244984662408
154300,0.010541794213323519,0.043937995146748676,0.02087646546920041,0.012666988824416914,0.016712351589262875,0.0291739381713898,0.014641856298092115,0.012019394405030859
154302,0.007357416297367136,0.02139972336927287,0.007667145989433133,0.009191068923799728,0.007465944039385164,0.011927901312014377,0.00829519362778175,0.005247844819367353
154304,0.005842023301769805,0.02375772338811899,0.007567153601968579,0.007900430970551264,0.007107076051584615,0.011399952513757805,0.009491718963346385,0.007196031736365571
154306,0.006505234010480143,0.0210367069204489,0.0075466661102920884,0.010274675931217558,0.007480078956578817,0.01443110114558005,0.009045875095541556,0.008426218968931087
154308,0.012239177827482683,0.033766807434615354,0.00989395717996061,0.010161844695855182,0.010736269118738484,0.01762553497801833,0.010978514993453814,0.008909563037527768
154310,0.007489651085405891,0.021979140163816746,0.008253247890049886,0.00787013212608656,0.009351203699225152,0.012298148935203423,0.010023998097431708,0.0076781870876061475
154312,0.003979441449487808,0.014050690376543606,0.004500971756085159,0.006199255585670471,0.005613970803782564,0.008299704107583905,0.005909606581133764,0.00477066029632689
154314,0.005796296895239417,0.027511367640479456,0.00849198963380543,0.011094502617013335,0.008921456383328474,0.0186388857868105,0.007749933383252916,0.006727980673155776
154316,0.007428172868296168,0.02234193170568588,0.009486484666070771,0.010968140912874569,0.011525865197294094,0.016516612108748774,0.011166126355184824,0.008221618531714603
154318,0.00738500035585532,0.023090691429335175,0.008946335187667798,0.008508320369422728,0.00980163424647712,0.01938995946375499,0.011555535959306695,0.009212538647514146
154320,0.011814701914938885,0.04428808969152187,0.014012816044358056,0.016991082011785785,0.01231342106901151,0.02456823879437331,0.014391215567777005,0.013884074138768077
154322,0.010238823680441878,0.030692523494764368,0.014328774862877092,0.011322132877247038,0.01239233402340828,0.015136809753828528,0.017441238517435176,0.008105938801546364
154324,0.006922910773084823,0.023896629377120115,0.009851957923623866,0.01410462887861641,0.012606021256189814,0.011976190346168147,0.013750496825019276,0.007758768279069683
154326,0.00423563843147351,0.014291118727563001,0.0048133931734462565,0.005836578148688043,0.0040649239974249185,0.007623517704136162,0.005753184445798143,0.004885967099870436
154328,0.005006091481176478,0.0188103975920626,0.007256095604755208,0.007408391384361446,0.009486042008862938,0.013727844810691503,0.007694108119993326,0.006292660977293141
154330,0.0039010903152478793,0.02041082184068288,0.006683465398721333,0.0056498303991641685,0.00713844195762392,0.012539081250864337,0.0064063933118641,0.005624820516945184
154332,0.004728915145869872,0.020987229999587464,0.0052726716997339995,0.007859830991453765,0.007812987063116561,0.010983861603804712,0.005494831433229541,0.0054370576970269036
154334,0.0037121628685056335,0.016457562642637535,0.0062465157587135445,0.010689145618087759,0.0059854613596837525,0.01239120937568533,0.006190927149554215,0.0060713390399067535
154336,0.007926672136433277,0.020299675928253658,0.008118753421329006,0.008273948579970103,0.008725212392431347,0.011706835041339014,0.00853804354449128,0.008344089562795143
154338,0.011171809824457535,0.043225038183314135,0.011939955469898733,0.014645783698475023,0.017272967538780826,0.025731822859317077,0.014222716147537007,0.010780093820773884
154340,0.013732660446519829,0.03962779964375418,0.009572505946409626,0.011875042512215828,0.014236748018531253,0.0222958902454915,0.012952026515609616,0.008943806853656311
154342,0.004768281030154364,0.018942394453264066,0.007141031932242969,0.007230407006487971,0.00935654756608617,0.013167929640378662,0.006378908730315713,0.00460937021166874
154344,0.004175553183682956,0.018671132290830394,0.008243410548376462,0.0065769976217391335,0.006535835455528327,0.016032660778443564,0.005803509869123369,0.006758980955924587
154346,0.004304581046533862,0.017552323209302223,0.005418941107691089,0.005193913441544851,0.0071496878933863806,0.01091546599676363,0.005302294547647135,0.004621186041874559
154348,0.0038683986626110306,0.013960123985564066,0.005114723646522157,0.0049056823088183266,0.005008621097203625,0.007819891666607015,0.006426139144051712,0.005248939459093549
154350,0.006744244061178739,0.015451711392052092,0.006366644421596013,0.0051163319002791585,0.006627755222466336,0.011418398129918794,0.008092233487900169,0.0069312040431839805
154352,0.008693711551202077,0.021775418159484028,0.012821808474532903,0.010176615959303137,0.011368564521863078,0.014248074189466886,0.012150021908468922,0.013554544714554029
154354,0.004268918998608984,0.014701351976403265,0.006532031638744107,0.007759263119046844,0.009256945291471974,0.009676312575322366,0.006492426157629849,0.0062967243522962235
154356,0.007958633451479236,0.03233046342285295,0.009897193074559718,0.012617686790934945,0.008827696542000274,0.014219380730118358,0.009360912568027402,0.008676085026042779
154358,0.006038183331176283,0.025272000476328493,0.006675915868879001,0.0068332343284783215,0.01235232269639891,0.015590359120224662,0.008686300760146537,0.007229542888822993
154360,0.005527267664618363,0.018274791728799755,0.005756750935020705,0.00790531640893577,0.01004271529084022,0.012243531976183997,0.00525059458974525,0.005518839142626186
154362,0.012624620725389113,0.028140937711189418,0.012062078902098039,0.013194529083715933,0.013509872695752989,0.020014287962112576,0.01515508425842449,0.008600739253607215
154364,0.006181879068305529,0.028524868765985367,0.007827918591122085,0.009617561835242372,0.00971805073506632,0.01592814892995542,0.010730592587656018,0.012050825287577338
154366,0.006219966606275884,0.038643734567697985,0.010976143476515487,0.009611572716865746,0.013482865408236455,0.01855840769862116,0.013193106734036064,0.010165887319146805
154368,0.00980588641462049,0.050544743929279656,0.013059807786628908,0.012146073629594412,0.019357703198640053,0.03630074480377865,0.01602602752099358,0.010935377586523742
154370,0.005689129409536309,0.018343264870143372,0.009768720782862061,0.008374464246625246,0.010347538496052744,0.0128953334771984,0.01059350400924175,0.007307919001819707
154372,0.007226686093222634,0.018177585390958484,0.008480354618646546,0.0066076509157311225,0.008392741483307598,0.010045183859592799,0.008811498390795203,0.0068216617289431625
154374,0.004204957537680409,0.014327658281154676,0.006701830280343712,0.006009460976603487,0.009618975007271935,0.010217232754293981,0.007133642240819749,0.005044213934880304
154376,0.006082598609332079,0.020207088432139253,0.010479948202990252,0.010458127247485516,0.010914583291874946,0.01859032448032849,0.011677878725496527,0.008455112036626966
154378,0.006259893475837552,0.01713319381180156,0.00728725019701898,0.01250318529644745,0.009758324225007942,0.012623244500956032,0.009296861897158115,0.007107086101345639
154380,0.00798694982207021,0.024278408750465275,0.008065216288386579,0.008856441947963312,0.012480348624732907,0.014412697943640362,0.009291244961519285,0.007805424615986434
154382,0.0037370311067986273,0.018971018958895636,0.005219465162796588,0.006397108023307396,0.00609262285107276,0.010633048912877863,0.006165055770340766,0.004369901650538077
154384,0.0058159876777716946,0.02440427993650318,0.006994035978423518,0.010102573362729628,0.008660051599653829,0.014904732083951766,0.009399370790138306,0.006185431878018621
154386,0.005260361172659822,0.023749147923851632,0.006434532225064127,0.005715730366879834,0.008101076245292882,0.009814349230707953,0.00797560765815547,0.00562549331375678
154388,0.005778525353313191,0.03422356740543364,0.007515926227872394,0.009024430707134323,0.009005203422000285,0.017889510695463295,0.008840109553265307,0.006935214174642879
154390,0.007094735286330922,0.03375943660339353,0.013625690451499806,0.01416297788218307,0.01449293896029552,0.017912553843935974,0.015125707396382637,0.012574864902327398
154392,0.006138883629958569,0.026065389943782158,0.008545079525251131,0.01093792391446713,0.007444119383435643,0.01267746778251344,0.007701776002236649,0.006403346355966788
154394,0.008092973439512152,0.024514856258026407,0.0086241554963431,0.009004712750949884,0.00998674563965768,0.014778996444608838,0.008961859711887288,0.006859756841759657
154396,0.007731069322337858,0.031139945209229802,0.010234876627732759,0.008225392685062616,0.012458297896362547,0.013566155098472032,0.007944996178608443,0.008261920818054824
154398,0.012234562385276482,0.03631866161914221,0.011298032433204819,0.014439347382527112,0.013528612409178464,0.020961587845480523,0.012787648054361833,0.012454787088179986
154400,0.00703083687782069,0.027157656041572276,0.007549299326431225,0.010725453048401834,0.012331829969502772,0.013636816182282852,0.011937521358090786,0.009422901883368917
154402,0.005008620042624479,0.016244149294136756,0.0058390533175983195,0.007890749338496983,0.005160796573457083,0.009738715273171439,0.007461904269226105,0.005615123081511797
154404,0.005684121112929041,0.01986111704403748,0.007651445799947476,0.008037971726827797,0.009061932532251016,0.012534216077080496,0.006530167474301296,0.006286880879603274
154406,0.009786565808094727,0.029686420829420967,0.009626624304928166,0.011739763139964943,0.011939108794169206,0.018949318813794358,0.010539325017823453,0.010854563917252813
154408,0.0070286729733135545,0.015532463368908234,0.008692605635608752,0.00988652389024619,0.006969218985549475,0.011847299543785772,0.007466540184704107,0.006494880558821026
154410,0.007229517548908382,0.02665788493921384,0.009119003407103643,0.011172219329456334,0.011909972156192217,0.017892492430391593,0.009350242599294456,0.009514568763647147
154412,0.008487255597782684,0.029572843760551137,0.007949204507078145,0.00838219102908383,0.009199353669253618,0.012781868950569653,0.009101529255048979,0.0072337106419253505
154414,0.009455559827856952,0.043801186711261986,0.010981473894124127,0.013309369983784125,0.010746288916160474,0.0197776621859882,0.014162757986147023,0.009256667158530407
154416,0.006844307589078336,0.022774774079277416,0.007450264829515163,0.008986985452219765,0.008938818881547628,0.012662548274866625,0.010595892112035765,0.007773097455823275
154418,0.0032445393901930353,0.01282371183029657,0.005077900212453967,0.005563873356774496,0.006023936765169546,0.007032468772021128,0.007111643143616675,0.004837084372124656
154420,0.0064204090919131596,0.029899116846653584,0.00816804979838276,0.010608003950014988,0.00849889671814541,0.015525568642649257,0.009519293220972502,0.007082563254272645
154422,0.009015183771027502,0.026367524095345596,0.009026313507662032,0.010299962682678798,0.013976183662887331,0.016045361370365052,0.01113913350361262,0.008409002516035713
154424,0.004352689216280903,0.01395871904900231,0.005702430009378645,0.009373782847256429,0.006837443970057144,0.011524770982267507,0.0072991639333786495,0.004235909978183072
154426,0.005547837118602905,0.020312875086931692,0.005881917715955309,0.0052953329466323695,0.007171788615796482,0.012032478671464342,0.006765836957445259,0.004258006121836078
154428,0.0047215370415545355,0.020156333792400227,0.005696639803900505,0.0076013351531047935,0.009445448620656549,0.01021313626218845,0.006297896200376185,0.005561248307924205
154430,0.009698855052735988,0.03166499150407365,0.014734303911641045,0.01068362479891527,0.013260211637518504,0.01646368423742306,0.01252239910637215,0.009939028561770036
154432,0.00624882428712642,0.02600964465053668,0.011101403413698085,0.01643244200386107,0.012871030572676967,0.018538243357576256,0.01039993422636215,0.011479092349162778
154434,0.004239664033169943,0.016843554774057745,0.007144954932034375,0.011561282421035879,0.009476049413516263,0.00991911413001706,0.008622717771265054,0.00707321362642338
154436,0.004157416648110923,0.012267019140811186,0.005475509456891958,0.004823158435059094,0.007012219715472279,0.012092310303666531,0.005151172098921686,0.00432420240217507
154438,0.007178119832771168,0.03729751104305823,0.012049627916397798,0.01250473658860779,0.013522671678445342,0.015350490894015467,0.011449979163242807,0.009657284114096554
154440,0.006104408563175012,0.022399558118312513,0.008128964844493547,0.008977480994886378,0.008602447411594272,0.015224405447739287,0.010359399907560685,0.009735145177765026
154442,0.005228621980473358,0.02044558414277109,0.0073007872042671895,0.008495572616595837,0.007596510811765711,0.009177912171698444,0.007291555427806851,0.007477388260552831
154444,0.004038211776490108,0.017810990943713856,0.00543500431207633,0.006384047543094518,0.008273295276467474,0.010957169644463471,0.006213720777914711,0.004985002178266251
154446,0.010094735717869396,0.03396839245886074,0.012048244143485543,0.019710149497601748,0.0138204690361301,0.02018311724430455,0.017121262914072455,0.01481929754346073
154448,0.010029624853209518,0.02759540641886904,0.012374340811245554,0.008631182561903705,0.011891380502442539,0.01837225324446501,0.013486549382069057,0.009518928305713104
154450,0.006830863357018879,0.023557947164776216,0.009555770543310305,0.011300668158656046,0.011420176789304293,0.01671285630107011,0.009801787674397267,0.007722341877926198
154452,0.006591622122494256,0.027610141732936633,0.007941549845778495,0.008393495048555133,0.013171305262623056,0.015240582180958917,0.008581523120190448,0.007327726700735726
154454,0.004891639142483806,0.015850093438679602,0.0065817344473196315,0.005294970782205921,0.005152607442625801,0.010724701513266988,0.005749092540785483,0.0044106292006205194
154456,0.004008894471021984,0.011039218483050783,0.006265169308846907,0.007052623133900815,0.007150564866363285,0.008724751679526577,0.009443642789665196,0.005485936536828773
154458,0.005177668256335866,0.024710971325077935,0.009653866602148453,0.007998646540168741,0.00846470743560751,0.016065163936762383,0.007069574733766848,0.004765969223775868
154460,0.00828855705060777,0.02262722395518524,0.011157129305736868,0.012422198964971765,0.012897360741100705,0.014357896250488444,0.009255379772854566,0.0124617726033463
154462,0.005884269884118221,0.021608754632931104,0.008148166727437678,0.009732351902254133,0.008445486474681962,0.013636654352569055,0.007563405331804995,0.0064111577939327535
154464,0.007592513770158016,0.02667819419599482,0.01225574123924883,0.01435659998984229,0.015010723128421555,0.019060235412404758,0.013142344397167938,0.013604332042961575
154466,0.011125818290924683,0.04289201021801525,0.011955257791762541,0.016723083172337283,0.010947214134713557,0.021360273422942555,0.013795373815345124,0.011987095823088545
154468,0.005847686356092119,0.026318094221441157,0.008880588249831123,0.009500967426049556,0.00893131840837591,0.016709962980281157,0.008692700108062168,0.01035288234064874
154470,0.005015668163312059,0.02155498171113046,0.00561875822047414,0.005387915215806283,0.007671726447845695,0.01131941855150509,0.00838764897917571,0.006343286923984559
154472,0.007009472310755882,0.02226261203017632,0.008102950001089015,0.007979713602480842,0.008015244437351632,0.010374514354928588,0.007632633061903427,0.006897376368551145
154474,0.004667822777321362,0.017139221294151463,0.006142822310867269,0.0069682064254783516,0.00726356240397763,0.010531460401473292,0.006832827847009837,0.005780536134242453
154476,0.00625073032225304,0.04629835804126348,0.010071142334742211,0.013110709212926841,0.013655312854887747,0.019494407703702032,0.015766200596950775,0.0157882379458949
154478,0.006985067538019474,0.016912135251491378,0.008740502149751583,0.007282165454514156,0.01263470528033267,0.012145380611899848,0.010980644737160539,0.005881733722631566
154480,0.01211513702720901,0.02522589975920142,0.011495818773474886,0.011193448257895477,0.014633741700063096,0.023338057564580517,0.01584164874970284,0.014259554332966218
154482,0.0063931922905899885,0.026381642295550733,0.00829835477145352,0.012165528884715338,0.012870607939859335,0.015578634094572108,0.012346748791721096,0.010878960877755084
154484,0.005321729396005281,0.017129390606367645,0.008202142657864897,0.0077261895717273266,0.008452295167110657,0.008989199173146167,0.007204140416698701,0.006311450726972423
154486,0.0064607096700655675,0.02607678005373537,0.009312699006188085,0.010007815993600622,0.008864441232715736,0.015287314085989046,0.009821231094644611,0.010151871524691991
154488,0.007693706854357885,0.023822219806055367,0.01002010311701712,0.007916015861761994,0.011808845847176619,0.01605276513396703,0.008406395539872769,0.007575505005390559
154490,0.007710743047642021,0.023440353374071243,0.010030935154464127,0.012484820383598993,0.011787061918484776,0.017357458490679045,0.01251631183128965,0.008689495277885761
154492,0.005942342393359612,0.017093407843118635,0.008571071218796078,0.01106024551039142,0.009243536586976353,0.010404346155184818,0.009330748850631176,0.006402227929379001
154494,0.0058176264843636805,0.026124383642184057,0.008389027392465886,0.007926462522679145,0.008908176255101319,0.014171322779304996,0.00922201644256987,0.00698828848810612
154496,0.007478818599040482,0.03068140866680924,0.009596743109446193,0.007001323098636769,0.007350251439769417,0.017617484232951064,0.010621735172735625,0.007953493684837776
154498,0.005904931528760093,0.019890759276904646,0.007520943310057371,0.006919835079978454,0.007055381484712131,0.014415046901228301,0.007567504887868781,0.0075645431939506125
154500,0.004854999957615291,0.017556070408684343,0.006266661425920417,0.005877324458094579,0.006133817633094341,0.012450851114288675,0.006991427947238782,0.005773235555574852
154502,0.006998807204784185,0.016869560466151512,0.008403569039785508,0.009966868232424986,0.010397692905526279,0.013630983958581533,0.007770652734330419,0.006834506816809416
154504,0.0067043703094587515,0.022486784909043545,0.006897256326911239,0.0071041254978467805,0.008749310274712485,0.01595992856305717,0.008752878820420307,0.007838206714584628
154506,0.005378787105284,0.01815604283287997,0.008435391488149924,0.009174831772111924,0.011155878034972366,0.013252726164486583,0.008613553189747769,0.006934779853175199
154508,0.011173814895516776,0.030641904421205624,0.010989003322131374,0.01391750211343723,0.010627408955755924,0.02027983006060996,0.01734853495872901,0.011151619518492917
154510,0.0054793914253097875,0.02321642796074741,0.0066510943031242165,0.006751604376136422,0.008242874798959632,0.01647374661973644,0.0071965929886035895,0.005639647007634141
154512,0.016017732221513592,0.056778287864780674,0.018208059190444326,0.01695714644969204,0.017599051594052506,0.021197027307444438,0.020514053503095653,0.0123653018827099
154514,0.006553027852065407,0.019804838823858972,0.009018865561177813,0.010038323989607856,0.008485425768839372,0.015353618534117486,0.010583992614728255,0.010835745143469355
154516,0.006404412409963867,0.02027480115263658,0.008832827073557203,0.009089928436346817,0.010474400853866028,0.01326958561205377,0.009705382156632858,0.007232196223614873
154518,0.010409820192367969,0.018956400362890813,0.011315444363744709,0.009564022747126588,0.011102092669318608,0.019553677209277254,0.00995156326433122,0.009608030386488109
154520,0.009441133449151984,0.03004978040437223,0.010620724679498095,0.016115892817368582,0.014096017037992292,0.01652491681838697,0.012385484084587672,0.011130109608079641
154522,0.003573247751209374,0.015089272589323743,0.005416161853666834,0.005279200467003031,0.005920075459645346,0.009856232827301581,0.0050070488430196125,0.00509402972367351
154524,0.005255228831302361,0.021591619885624747,0.006325522311949661,0.005624516542213576,0.008019679498151577,0.011160948082747701,0.007402031188258329,0.005271083413307176
154526,0.006687553106855815,0.02204453100553483,0.006862952476209883,0.007197370434951722,0.008153611199825106,0.013615023062864273,0.006950539528345567,0.006815155144757945
154528,0.005792064936934127,0.02439859568244973,0.0058626586268478165,0.006031869763735431,0.007286087595660684,0.012350418220299864,0.0087982710343939,0.007631324769694692
154530,0.007092739772263601,0.028516272356825745,0.012234804674343458,0.01642058201220231,0.01427919496851815,0.014303943878122338,0.013545944679950461,0.010986144928006647
154532,0.008435673419637857,0.016505598565586865,0.013703835119136587,0.016299306755755083,0.015187765579590895,0.011745631124521205,0.011818574907479729,0.009124800058885052
154534,0.004943774314869254,0.015659992595121963,0.00535426850862919,0.009791995775471074,0.00907283701293693,0.00949728434580166,0.007438358161879821,0.006618846647146681
154536,0.005620793518358591,0.027136909772885964,0.008902701909896893,0.007473036234189545,0.00927235808851462,0.016046063540825495,0.007778777892547772,0.005589116258081228
154538,0.0085938917411022,0.02882269359286571,0.01107000142113379,0.007509356034348436,0.014533047790257436,0.01659182119574698,0.013745180160297521,0.009821203036666726
154540,0.005035412557973018,0.017560366952349193,0.004945212952976397,0.006182412159027928,0.007175072522813686,0.01209223165066775,0.008357672670104899,0.007245161983881809
154542,0.006404344437429765,0.036933877015346894,0.00815110331480634,0.0105094071256282,0.012053252927546831,0.014252321997528183,0.00970733322837486,0.007587311919936612
154544,0.007129381374935628,0.027306657441247495,0.010247819711711514,0.01099899187620107,0.01163327470399822,0.019536736265281185,0.01140821928457042,0.009576827701423485
154546,0.005778754168208666,0.02084228946802469,0.006925891661269112,0.00795838619428585,0.008308935203960532,0.01837781610447564,0.009197584381253288,0.00683125623242159
154548,0.0050496911668196365,0.029758974534051186,0.007326433328498416,0.010447021206908325,0.008435495501160128,0.013103225125562723,0.007103569118951436,0.008302652938077026
154550,0.004584565035515631,0.016241463949327795,0.00607382981312693,0.0060167995646912,0.010227732257510669,0.012168568017263903,0.005954617774230009,0.005369290025301565
154552,0.016127540093080484,0.03149787472125354,0.0100397020470544,0.014296315445330388,0.017204069019570944,0.01859183204623549,0.013818321427693014,0.016651960719479497
154554,0.010277258950106338,0.021479239108428638,0.009855880741373169,0.007840065653887729,0.008927654533409601,0.017237937613971077,0.011344765441930138,0.006738573250235413
154556,0.009901805472132763,0.02080047706492416,0.013718683815671151,0.010430849551381849,0.015523257125838796,0.02086427252976364,0.015566035959141411,0.01128438037017876
154558,0.0055833705235942,0.028010659044142905,0.009328958335864945,0.008482723254141844,0.014348770106104247,0.016439326964040823,0.008029710939766455,0.00922513194549257
154560,0.006726247624558257,0.022695604955398574,0.009828437414587443,0.012811799621204045,0.010888008346089606,0.015116653660709967,0.014087032881313855,0.009022412223377074
154562,0.004637117569181948,0.014498974269677112,0.007469025452886469,0.008402360169645684,0.0067401464012073475,0.008074257171099275,0.007023940281103924,0.003872269017530919
154564,0.004852147181794386,0.016073962699977073,0.008142588265652728,0.0073194505810350585,0.008494096209800406,0.010721288301109633,0.00814659708762605,0.005469227334188531
154566,0.005403292705598306,0.021838268120789373,0.006090218931732672,0.010231813588035321,0.006755692044535522,0.014178891180272934,0.009369217241788574,0.007643947629895287
154568,0.008398146878463353,0.03827556261016363,0.014691853604566207,0.014115527058324029,0.01315807885471193,0.02751486257790625,0.012654557917947395,0.010983836616617282
154570,0.005150263080033746,0.017623596301279187,0.005801087643640734,0.007908954974781501,0.007109042171349111,0.009850617954421603,0.006506355388226304,0.005237519374791333
154572,0.006748983188473778,0.027162287592653378,0.007682789127913203,0.009409448638303397,0.008340217508220116,0.019771811714286436,0.008300639476374272,0.007067031573482263
154574,0.007882639982455197,0.030016395400341622,0.00917025209689748,0.012885037166654456,0.012899697876579685,0.01910092043902112,0.011471431936520615,0.009294471259795378
154576,0.004813392139624284,0.02134418666186466,0.007435307494665866,0.007817368451814632,0.008303539590347242,0.012186692343875427,0.006793558550042045,0.004684968525419331
154578,0.005995153745226356,0.024487720396394685,0.006856890167785734,0.008617676302592747,0.012455645203091115,0.013140981232993065,0.008009726341342338,0.007458325004264188
154580,0.00797147084029981,0.024137275439439998,0.008405262970208105,0.009293530317988408,0.012245776124195695,0.012823406406425875,0.012605114478958512,0.007143210543902934
154582,0.0070077158509320725,0.02649430674765174,0.009122313520851189,0.009026406944983245,0.012030523831530415,0.016722239163647012,0.010417739647052005,0.006587487649061308
154584,0.013548013781417234,0.0321382615624588,0.01035127070407782,0.014278151542512774,0.01385101780877257,0.018913324317365587,0.018567080760484522,0.012035203617142054
154586,0.005627542127229823,0.0195107766308098,0.007694683242081057,0.008239354979509506,0.008164914920694655,0.011268551975692154,0.009818766575667104,0.008148321413066706
154588,0.0071629982113796675,0.032557704054029024,0.011483435289499022,0.011319816484280099,0.013231605648114597,0.018477925478382895,0.010814460078695243,0.009449357742614739
154590,0.009635952871178688,0.023579107768739727,0.009688528017461673,0.010281031345036828,0.009638931242045068,0.017634818364786975,0.010069324001617252,0.008786455921401037
154592,0.00936919416414389,0.026535012100596056,0.0074689906820337715,0.00912780513707695,0.008887353756358074,0.01607717452742552,0.008568866838537526,0.0070038955625309485
154594,0.008118746708049907,0.027943458441745728,0.007845370581504918,0.011572992832571183,0.0138906539542214,0.015468523619888652,0.011242923850654174,0.008378938935678593
154596,0.007700099593386023,0.028292247948812133,0.009580971027842944,0.009781468936347404,0.010663520686982564,0.013624627699052816,0.008914207997517076,0.008322458413190292
154598,0.01191836648253286,0.03910181614753072,0.013437408347083901,0.0132237632653181,0.014144652570621474,0.02826144742201908,0.014709615418092348,0.01359342979127659
154600,0.011539660918941985,0.03060933388004039,0.0116178699316285,0.00834149811292978,0.013699638461463215,0.018966573685760046,0.01424343398719885,0.007967598452916447
154602,0.0036492754285133433,0.016882336561266698,0.005294441654053961,0.004886460824388372,0.006182489488382181,0.009449793748913748,0.005250412113100289,0.004153537852727374
154604,0.011238083222142814,0.04367788212522683,0.013104727913062997,0.017402118429296287,0.019522205238360124,0.02199302024298877,0.023249211644273737,0.017251647038385665
154606,0.006387361430311211,0.030880751818378238,0.007624502639487718,0.008693219715732392,0.007839274027523269,0.01422191113352339,0.010561405051132733,0.007777793555397372
154608,0.007286687964649874,0.022410920093627107,0.008487770401419903,0.010724832682800278,0.008812176805251204,0.019192922772985677,0.007481282710047277,0.008068796429096858
154610,0.008495622061276187,0.021822605473094336,0.01002526028713846,0.01618060386334741,0.012424459427094414,0.01399430083649117,0.012581068352468527,0.010729090727107371
154612,0.004765463108667378,0.022920191258735123,0.007280113237360608,0.007076540072368742,0.008165329638016916,0.012892123686569834,0.009595252750333794,0.008313598870929306
154614,0.005335215081016864,0.03295890237521726,0.009601733224408326,0.009097048924569029,0.011209067649638138,0.016554410027032285,0.008662421620281302,0.00995360731079803
154616,0.009880473809107448,0.02280861730311856,0.01113177762897899,0.011080641580265616,0.013045987323099306,0.02780902601751123,0.010912831998951766,0.009135961626729527
154618,0.00783669756048605,0.03871684272462872,0.011958394389334492,0.015429928763648404,0.013405780380836063,0.024180410568146238,0.014665237319162694,0.011842085640340949
154620,0.008582420398170143,0.01761146814485337,0.00759938782617825,0.008054191771972308,0.009225031760362379,0.014527292755248888,0.011659803861899187,0.008016202327965127
154622,0.010500358053315895,0.026575097678005477,0.010330402027691754,0.013092293704142444,0.011332133661853483,0.02080008163227931,0.013922978593723434,0.012024091633449585
154624,0.006817557838970034,0.02509116397976996,0.008444065090338404,0.01246099245701715,0.01085069547924733,0.014475055704855022,0.008634861251009207,0.0073099993405967845
154626,0.007617566509744711,0.02954478061646193,0.009279828136429025,0.010883255624517807,0.01418724076348582,0.016731447331928884,0.012440260165858474,0.008482734233523692
154628,0.010694769569853158,0.04249372893522807,0.014640395828996455,0.012525249013146444,0.013666894883807013,0.01562663917071916,0.013945048378092517,0.010764389820650033
154630,0.007349164301682143,0.020076841780909627,0.008973379955972638,0.00932581959240597,0.010577461468655125,0.014348687998257725,0.009981486731128142,0.008550947123112884
154632,0.009642577300738253,0.04109518749008689,0.010233569654627184,0.010008222958385327,0.012532199208823924,0.021197422156408408,0.012510614375983664,0.009226740706939296
154634,0.006387250675672584,0.019287790851706177,0.0069338293570742615,0.008110060708500788,0.007551947246218271,0.012568723122544867,0.008133701372459223,0.006427988401482898
154636,0.005438422440197377,0.017096314687121472,0.007503151410040099,0.007446316741770653,0.007183850122815194,0.013824989018225375,0.006961103159204507,0.007847495694988993
154638,0.00953986189442807,0.037219684274518494,0.010886599678620934,0.009119120090495036,0.012834782102921771,0.020319506012435262,0.010247181640048508,0.01084108325513089
154640,0.006087523663833361,0.01521280049736179,0.0064031317249538255,0.00833728786531257,0.008092355470348034,0.013037317093421485,0.009043970416460434,0.006246229578019902
154642,0.008677524417034788,0.02400877529813905,0.008840515858038467,0.010804403896185255,0.011921124031934183,0.01400346521618584,0.010560392837888344,0.005892128710294209
154644,0.01250948604033969,0.048962026307315165,0.017452906333753626,0.013617457377725073,0.0191847940861658,0.027602991445520253,0.016522242841788604,0.014619794753500948
154646,0.006939467520794773,0.01912044059244189,0.007988883586164397,0.009401335647854836,0.007576825366147288,0.011694833098869817,0.0074381962320582695,0.007680131425081227
154648,0.006633242080923696,0.019354639089197656,0.008791240532759537,0.008165617791967839,0.008096657615064784,0.014231267050977492,0.00928876169667725,0.005243643283685595
154650,0.006560335001749851,0.01932464933721989,0.007955846048478321,0.011680619587242314,0.009462765551010222,0.014246096364241512,0.00836445269385444,0.008774235583788093
154652,0.005268197412658049,0.01807266052211909,0.005886652247859614,0.0066789551406892245,0.008723403015904962,0.010039923022811204,0.0066319848292817896,0.006044152652676049
154654,0.007105886461326927,0.02454525206885827,0.007833074337117774,0.009784829362031788,0.011005246992232876,0.014139198220691762,0.011050105429255774,0.007454841805115686
154656,0.0052951421039538205,0.02114875330486954,0.008620404378679114,0.010672042493808931,0.012114313684552513,0.013371992598565363,0.01061027703289441,0.0076491245449963885
154658,0.008381473440800813,0.02435726161609808,0.00804945840107707,0.011025127610933494,0.011504388733209803,0.014876774893409994,0.010597169865214973,0.007193052662476163
154660,0.006791548136875714,0.02793752537965677,0.009731793295246816,0.007051175340741844,0.009980639658240031,0.018161544751631675,0.009665788054811275,0.008375148806155863
154662,0.00653520301533228,0.02599341606687866,0.010637682140501925,0.010544334084119422,0.013436587873032702,0.017357627325758962,0.01005450383451123,0.010626978837925682
154664,0.009246684380379344,0.037028865040228176,0.017127951349507953,0.020249458162737932,0.014079683534184761,0.026862238903277103,0.015158226786491424,0.014544649337076054
154666,0.006519136059580433,0.02352918398793591,0.008617576705550134,0.009802237638203204,0.008511554855053005,0.013477844663007998,0.008499534140825382,0.009776939170770549
154668,0.00534431596406737,0.0257554541695848,0.007090433357960502,0.00719653231163081,0.009993415069165457,0.014533780722963963,0.007013178064989356,0.006486862245216551
154670,0.004147580063296241,0.017002233010376955,0.005718845741526701,0.007590741539631518,0.007936540384229085,0.012296509715421289,0.007325498447068535,0.006325220105797058
154672,0.006038612921899222,0.0338311474115125,0.010761061499104052,0.012875382403676527,0.012139814196587828,0.018812048945338944,0.010750061449954496,0.011235189453915106
154674,0.007284069163521423,0.021398014410506372,0.008056046723477428,0.006693151211827564,0.009649389903259531,0.01709993494963502,0.009435004125846413,0.006189056045118824
154676,0.0044653300194710255,0.016034619323337163,0.006794113707375482,0.006732832685063528,0.006594856334501964,0.009229888502629235,0.007317854554871828,0.006187512245212412
154678,0.0055529393694047635,0.02044031742107766,0.007197319868058827,0.009132627677107763,0.009169047785109408,0.014088094061923906,0.008466432196320428,0.007523043409936092
154680,0.004631458200874905,0.014785181613087561,0.005048940438818816,0.007095401775246479,0.005554883859517412,0.008546963990818723,0.007485089218733698,0.0057255458255858205
154682,0.005913382789603239,0.026096486438369704,0.010019976330299052,0.010784232834343266,0.011697875716387751,0.014072809846421785,0.008786006165061089,0.01055998551614068
154684,0.00973037773928187,0.04451103170671211,0.011823195467663972,0.013957028993440146,0.014388677296441665,0.01569927348665434,0.01572792735623807,0.015562567020893425
154686,0.004805467024151577,0.020192733656835493,0.006973169170452265,0.006808313539545863,0.0074970267632403775,0.010719368993689082,0.006972300655874231,0.006098864555142747
154688,0.004853650286684719,0.02373917807987258,0.008771354878694959,0.009898717078066221,0.010521007852958064,0.01767539159081566,0.011053150725191196,0.009452919962399386
154690,0.006326150449793622,0.025444196446152922,0.007225519466796337,0.00666604909543711,0.007473827183258008,0.015393628329324116,0.007270418072440388,0.008717562794073652
154692,0.007779253655926022,0.028928419933565985,0.014777770072559093,0.01162354029715118,0.013404262154438129,0.017720815478129204,0.010589000016232364,0.007536457357458171
154694,0.005123416979771422,0.02714999004709373,0.007795242236703859,0.009370074019461383,0.014470419912455734,0.01577526897218484,0.009228132026550817,0.006477053486167117
154696,0.007076400932547244,0.027309814298617008,0.009137643786077954,0.008091338084449673,0.011467680081537424,0.017400675622330164,0.009226863803004415,0.009229298697401023
154698,0.0077409357060647666,0.019005848014189475,0.008823113370535707,0.010680162691445227,0.00887292276066104,0.014512710894552472,0.009880448628996286,0.010564564509714991
154700,0.004333154319363652,0.019284641230843613,0.005566931508199424,0.0050183595923916635,0.006365843072704769,0.009570176336072544,0.005774696208150409,0.004660055089464932
154702,0.010021429204993604,0.026107604045112254,0.010230842917181848,0.009757816391703367,0.01307477543296276,0.01833040328956792,0.011212669665783326,0.008015388517519428
154704,0.007487531153144156,0.018376171801836927,0.006824889102585496,0.006798643017087935,0.010507222773299185,0.011199324753867812,0.006892626239652311,0.006461871523867624
154706,0.005500401033234681,0.011394303553813379,0.006766687613499522,0.00869714228211027,0.007271724280697944,0.008748547871202883,0.005786886833299754,0.005232064053694252
154708,0.012170511025590136,0.033138932671840315,0.01430676518507945,0.011925144606072857,0.016829629610115582,0.02540612769108308,0.015555888637499626,0.010582157681764182
154710,0.0075041763001451045,0.02124117335025577,0.007834960366325028,0.010416957907952773,0.009875168920435107,0.014751123095693652,0.012174090051759956,0.007981259095371007
154712,0.006882839134077001,0.02537541215957284,0.01017344441764717,0.014334998908473173,0.010415201383327855,0.015738125017961124,0.0078809413571721,0.008055125239256
154714,0.00654881264956253,0.021589469762147928,0.010358373156123868,0.010919954799680165,0.012311866809168459,0.013675489656957363,0.010440234041549312,0.0065555274622153825
154716,0.006729317888588826,0.03546637402596553,0.009351830530138161,0.009121365679705618,0.011501631871599971,0.018959744659640343,0.01092976081839453,0.006990787540004428
154718,0.006975135348807948,0.021902924356314912,0.0084337259987457,0.009404458171354213,0.01231050277896717,0.016649534129868693,0.009373766977507414,0.006334390237512422
154720,0.009107161082070547,0.026640521379520443,0.010365654028562155,0.016967486601275006,0.012320208050460357,0.01593828336207559,0.01313983165199617,0.013210606449308104
154722,0.006997564385438582,0.024291092236286227,0.006935075190293516,0.00929438075492528,0.008182689879199734,0.014116474232239717,0.008049149576925319,0.006960755053011747
154724,0.010151009745815509,0.03169383168518913,0.010752264718135507,0.012454748839560104,0.009540150071634168,0.02150461459473818,0.010766596102772752,0.011123745236719884
154726,0.007788924529622543,0.02956401398815367,0.010285832064838019,0.01007159395279228,0.010912501993264101,0.01719971466886605,0.009132661853769264,0.007655373576034352
154728,0.006284630302810845,0.026855171478825435,0.00687051189622695,0.010741618194814784,0.009743245001492762,0.015135319304747874,0.010454519041626975,0.008366938664387868
154730,0.005139052389162624,0.020720041069976824,0.006492340910347005,0.0075164106786227425,0.007062094388757212,0.010597938394923345,0.0083484812468409,0.00605339272727079
154732,0.008335228034457354,0.024095469492096733,0.008246854100903755,0.008243792077514078,0.008863488647357975,0.014073455067229956,0.008390292629884222,0.008023439052394998
154734,0.004119997456182356,0.01825501967234744,0.005482510127230222,0.007117380785561844,0.007104807499892785,0.011468200293604847,0.0071620107631669705,0.006181485416064059
154736,0.006673111001116949,0.021379843507393304,0.010679588294608744,0.01275643453209746,0.011446988090814403,0.012375134816962119,0.012471029763472308,0.010502486716502057
154738,0.009124132489071235,0.02559979381602795,0.008364015233972621,0.015922515068439447,0.013900970209308527,0.01673467406662632,0.014503899969952272,0.00930916187018399
154740,0.007089039401481978,0.0199546817508498,0.0077927164250373715,0.008089115874994557,0.008380026079578329,0.009398145747500308,0.01049326813796908,0.006231384270296625
154742,0.004816907775850865,0.020024968996201986,0.005923357270438467,0.009352553933532681,0.008432833791048644,0.012064920132731027,0.007172496573695286,0.007385315373667822
154744,0.006715360683415883,0.0268014172311537,0.008218336952092509,0.0098478983633834,0.009625002978793873,0.011330863098575394,0.008735600450396674,0.007953708971456308
154746,0.006334710452586878,0.018268656372706582,0.0058983687348332925,0.00643819396395906,0.006702974575872267,0.01167662112866591,0.008598772870755056,0.006076101564901626
154748,0.0072228901526072975,0.023043879899662167,0.007985973706375882,0.009291157345023615,0.008517382053778777,0.012407520102909741,0.010469072999176599,0.00849894067756285
154750,0.006225614754558573,0.025991542200723083,0.007928175333980436,0.007445106804524537,0.008698051143165353,0.015233346095488765,0.00933842093426862,0.007930749542446824
154752,0.013566684460246725,0.05301664120740757,0.020645108920342103,0.030437693281087697,0.025821226505044814,0.0314084607172147,0.019791235594656342,0.016337647668202004
154754,0.008081082012521057,0.018765381206439002,0.00787241131238492,0.012142689197516321,0.0100346665493794,0.012369762928643446,0.010852340878246602,0.00811304142466529
154756,0.006567011038195736,0.02212509729754708,0.010332817848958398,0.009823320788267476,0.009543650753391697,0.010931251731008729,0.010209739206602286,0.00719502179028475
154758,0.0074616506936120985,0.03343854325852136,0.012643999629204095,0.016116781918464662,0.016665085056296824,0.02463918615625804,0.01667846858458688,0.012321860427618958
154760,0.008088547638829768,0.03330066619972727,0.01593668436040563,0.014388814929358118,0.014927164067453147,0.02101593792355061,0.013386341507438948,0.01066525493814141
154762,0.004094661539719768,0.013242944878868956,0.005068435070311461,0.005657326025164056,0.006356780880256929,0.009782786508161723,0.005969349753186748,0.004777593599286867
154764,0.00821086566340079,0.02823949738127851,0.008865229714687894,0.009773144052831528,0.010530833438627207,0.017078826698512017,0.009311403416205843,0.007812067733371786
154766,0.009629887838747353,0.026413856770961752,0.008484311221037766,0.008619423494312883,0.010456033558980948,0.018814804087136316,0.009712216905445603,0.01030180928367841
154768,0.006310812665533128,0.02024560337893977,0.00885708703080823,0.00869824431700078,0.008379524102238634,0.015262111134617895,0.00999792467395455,0.007212990191709567
154770,0.00695461489663729,0.021035609009700806,0.009780180926190207,0.010261293240446057,0.010725747805509833,0.019473508087314295,0.010179781981435598,0.009141930360188122
154772,0.005478547641884157,0.014459005691883853,0.006481829770273784,0.0056993517333125965,0.0071851346376062275,0.008155473527078405,0.007758739402953518,0.006277974262723307
154774,0.005851760757598579,0.02071028273611919,0.006588666894133732,0.007033382265599075,0.00901042487663517,0.015530194049517831,0.007841452415725814,0.005651930690042883
154776,0.0053761219637140645,0.017621285854394708,0.00817287852516202,0.006651124684481369,0.006601157641657807,0.011712649636750838,0.008493130777811553,0.006672278419453337
154778,0.006128865717445697,0.018523439614688053,0.00924325865554737,0.007230246089168446,0.00808837609975882,0.010528445034090395,0.009228886417558757,0.00666509895035633
154780,0.013229788805351694,0.02762251332245924,0.012513896338582298,0.011067983739190768,0.012640291866582665,0.02410460696437,0.012477232518863568,0.0121807678131996
154782,0.005899308342439957,0.015214542887763083,0.005792430110675151,0.005704258691730024,0.00659267832672783,0.008815341219252704,0.007225012817984544,0.005722525567961656
154784,0.017657091040540474,0.05597360735238177,0.023501256176930108,0.021855672267579118,0.018864095489007582,0.04390058369395522,0.020778858434092662,0.022027932018198193
154786,0.006155406987318202,0.02132753145110655,0.00717918035747922,0.009063875986741687,0.00883000117610161,0.011591962898820862,0.008395355898940748,0.0067117283725013355
154788,0.007361350977620751,0.017949168646753444,0.010236631449501987,0.008233446565954816,0.008974495119931591,0.01442085660759812,0.01170785563540111,0.008031621829107716
154790,0.007700065596342398,0.04012647477638631,0.01367382903310621,0.01787780141931372,0.009971821219689814,0.02333724716595853,0.014194312767902562,0.015183081286902544
154792,0.004971667453423978,0.02081302110711314,0.005858785734255356,0.007190962496928188,0.006672100711380635,0.012371039081587876,0.008180056230958022,0.006264038249160164
154794,0.00876165970248094,0.03532707903873078,0.011238740374263978,0.011237238114845616,0.011818131044265323,0.021148471593480878,0.013958074703250889,0.007395914642103429
154796,0.007989869203363364,0.021794706688106125,0.00659146484846046,0.006923714210561371,0.010700450491780922,0.015426325113140571,0.010369793131062899,0.006939067822031575
154798,0.005037159527575774,0.018915558112642117,0.006092943874748402,0.006303997246968118,0.007447477911072531,0.014563242659262565,0.009265354333401421,0.008421413051536375
154800,0.002981038815981274,0.012865643369114332,0.0051627985648297625,0.004492582119132449,0.007767430913475926,0.008609234730530047,0.004543722340393741,0.0035432537788795404
154802,0.0067443713300346375,0.019298980086063233,0.006571299736999103,0.00754354283647013,0.00857094154152116,0.012150509739532966,0.007854847374403562,0.0058512934115456106
154804,0.007980395145068542,0.035290353982318834,0.014703133488689402,0.022097608260573942,0.01283420982206357,0.017006768277847195,0.012335723916927999,0.011617930965024392
154806,0.00555978490655229,0.02168229382592224,0.008138019869083024,0.007564897011354488,0.008883274761871895,0.014890203797780777,0.007911283513095724,0.008071752149352074
154808,0.004658045276031919,0.013185985869025585,0.0046311671599506,0.00510369756458845,0.006419740473730118,0.010385253789222448,0.0048052397733311936,0.005272101490361669
154810,0.007861800834248811,0.02156288889638347,0.010786848172039676,0.011757400575690191,0.009420456044342773,0.015344463608073733,0.0090230534142966,0.010584685546412287
154812,0.009084692514900405,0.027827387661369052,0.008523274528562885,0.008805189688010417,0.011025329449253718,0.015528394682520263,0.01017443340461549,0.00628406683563143
154814,0.005050817892968462,0.016652272227940523,0.006514417006871442,0.008003086338581378,0.007172154578975132,0.010627888240162753,0.008314674974023939,0.0059322543785712
154816,0.008301330515614824,0.025249790162238606,0.011284554492052346,0.010473263195820925,0.010730649700563255,0.016760672767336615,0.012471312656767763,0.010888196486281088
154818,0.011263237722601238,0.0332652983618722,0.01693643293823066,0.013483171665885862,0.016902718629489222,0.021912911173021854,0.02314865823045431,0.01068930121986883
154820,0.003463804134845941,0.012983213404219818,0.006032296815129179,0.006659865242486518,0.006152220456423274,0.00736160156468163,0.005662758695483883,0.004072588808035127
154822,0.012889618060264674,0.038317939243475374,0.01535698285682946,0.020404903994514223,0.017373061533763945,0.02143490732328246,0.018975066539585805,0.015641030308288784
154824,0.005806138112830761,0.022198652185526413,0.00850604986110981,0.011861868874174564,0.010971163968693853,0.014047346935107063,0.010033148534205338,0.007649433417116436
154826,0.007869235877562497,0.024807620252219387,0.010358993447436016,0.01251491485125289,0.009116354041273367,0.014274467805799385,0.011059954027828667,0.0068623290900957645
154828,0.006944701905782447,0.0176633921729632,0.0080167866960284,0.007200392129194322,0.00876349257128567,0.015413944127598056,0.008806202060930579,0.00695147626032977
154830,0.009008471603900114,0.033814973101444545,0.012377213608096016,0.009519681405439906,0.009520280417225857,0.01968188394568049,0.016731601529614615,0.01046803625313203
154832,0.0077210887686543495,0.028776886882466934,0.014913541987350565,0.015611722162100827,0.0136859296747876,0.014240990581556368,0.01465090020675991,0.009860524934809156
154834,0.0043867799121324325,0.018358230657433916,0.005805882641873872,0.008133622083050795,0.007073500617496231,0.011387557180480068,0.006054024596742258,0.005896894811814102
154836,0.0031034769839883986,0.012695626238691526,0.004827100025700526,0.0054866738237940305,0.0052969780229696894,0.00898270005654922,0.006863700576920595,0.004016256987684985
154838,0.006983103695845649,0.018461092796622447,0.007296988396898962,0.008379843292610767,0.011405300509735261,0.01494783839755437,0.008843847909369096,0.007212435893404978
154840,0.006012513266796304,0.024244071762265174,0.009430656611233212,0.00838122379276407,0.010849910078051472,0.014692435196773046,0.007452383339119406,0.006610025232927308
154842,0.005938264131693849,0.016239458631517323,0.006185107255085365,0.006807797145838068,0.008230291051436467,0.011039747672506373,0.006792816738038221,0.0055716053990862435
154844,0.005432828301215553,0.02441203225899713,0.0059789380652435775,0.0077597382852809815,0.008964640318114059,0.014426050012046387,0.0077637502132157366,0.006966526036669196
154846,0.012568350587325361,0.03552345954814484,0.014135651154138174,0.013249477341262583,0.01730045887617937,0.034270253521434535,0.018121732897402376,0.011771790051124997
154848,0.005835277016893237,0.023005165735598077,0.0069560291297285914,0.010637370153521397,0.010048094860609647,0.01113824180070161,0.009043978919046403,0.006695842011751607
154850,0.006928626359549439,0.016391525003245144,0.007455292117541923,0.006886323308288811,0.008741684948038397,0.012437621026599788,0.008396713098168862,0.006177337599018395
154852,0.00613920820517061,0.023184071269724882,0.008804332572456497,0.007490110185687238,0.008993695264059076,0.01599085045378623,0.009420564516578134,0.007582598431384258
154854,0.0057687800086247965,0.022072345658416204,0.005874141080939532,0.006823115306582805,0.007868851220176387,0.0137248961308567,0.0064697065815109145,0.006988337069602446
154856,0.0053286691619247595,0.023039944139571,0.006124272632392069,0.00693888163088574,0.007649583294020934,0.014996398734094862,0.00864642438492269,0.006124992156401277
154858,0.00487507921807856,0.021061235833983227,0.00695664060015222,0.006946229387100544,0.006206975614073906,0.01534864658499746,0.004898621185276453,0.005422538524874065
154860,0.0058097470985068456,0.01793057921881669,0.008066780745608071,0.006772241480362595,0.010431619636065648,0.012905344430009846,0.006734141034941965,0.005620537689537741
154862,0.00975928104829521,0.029335377366024318,0.011559406293347507,0.011932354374125431,0.010722231046368658,0.019327951380732067,0.008993575146451827,0.008250716606128528
154864,0.007046057326134891,0.02344108342902107,0.010043708356740011,0.016893494433507295,0.01273488101588166,0.012510509373621359,0.013834423795186845,0.006998227541106294
154866,0.012625630339187177,0.03697825529365506,0.012138904644107607,0.013337953167545324,0.014886856457893893,0.02248504648788696,0.014645473526490926,0.010220703366635497
154868,0.006789276494756857,0.0299524352713485,0.008853988043133976,0.012736041332577719,0.012547884675327359,0.016958640608605302,0.011636478082799828,0.010790616982449264
154870,0.006266360629130441,0.026472176506869838,0.00830017925205212,0.011475149287750952,0.011733188024734498,0.014484878292676806,0.009814434851611653,0.008579547893514727
154872,0.005975815980228616,0.017918313956436727,0.0055940368381632855,0.005927800974436792,0.0066561689515687306,0.012199014780931217,0.007585989347891342,0.00494323265323221
154874,0.006394417168806621,0.021320563962589967,0.007880622554604033,0.008487200686316199,0.009615843370892885,0.014321430479768082,0.0068624192015854235,0.005928819796977791
154876,0.009172408354987616,0.0308411141720768,0.010970491275430483,0.01068424089107034,0.012081126122263142,0.018147667059548178,0.011512619730116802,0.009211250043803576
154878,0.0062428006304904304,0.02375170616225919,0.00818171130943185,0.007867533410312655,0.009628374437760323,0.016527552697599646,0.007457807684242701,0.007633774817472683
154880,0.0050583439171882905,0.020513545554079693,0.006219575268708033,0.007813627201442908,0.007462054872010848,0.012665095458658238,0.007633359505394788,0.005311993952123117
154882,0.0056688749684532524,0.02473694623065037,0.007575638592651979,0.008071234056002352,0.008661607539187044,0.012255017056777229,0.00684997830916334,0.005936583160747411
154884,0.00561504938579227,0.025405016137370007,0.007930401867208003,0.009152366790941224,0.009676305246318018,0.012960671735845475,0.008529331430252862,0.007262535031061168
154886,0.006156373863946352,0.023546192837731184,0.009124012926907066,0.0100168307849407,0.012484299247608244,0.018110473246978565,0.011703694534919207,0.008242422943036731
154888,0.004108512600799197,0.023910452382527092,0.006938561387958231,0.00786597517977855,0.008478928930913732,0.012226587964097257,0.008449856816700185,0.007371130871414389
154890,0.0059469230617656965,0.019663220066670428,0.00957210793908203,0.011224671093103267,0.008161279862540172,0.010705304975542396,0.010473995193909735,0.010995079034771538
154892,0.004250326067107901,0.014123160236253263,0.004924369524962613,0.005927648388058204,0.00527572452124897,0.010527669854740518,0.005006856941570881,0.005543016781473453
154894,0.007347031138671467,0.025947420177146796,0.00886331889893427,0.008449704773916322,0.009565547113645823,0.01681546673407386,0.00827761677519434,0.007380776436911651
154896,0.006727292560143816,0.02187157596335343,0.009065428062811132,0.008181910792735059,0.009904916593124258,0.017020058888349787,0.007623962673655393,0.0055939131285778765
154898,0.010056216227900316,0.025685624456173173,0.01061234466004507,0.010801729129074289,0.011521543030675263,0.01678082685746407,0.010308956780785083,0.007943266942441518
154900,0.003520764778761412,0.015948372089852114,0.0054903709389151345,0.004533191824587723,0.0045649549314191185,0.009998131779673847,0.006359671761226038,0.005114075727061851
154902,0.0040495999145220285,0.01848155547358865,0.006302985721522214,0.008250761272479645,0.00705733293056654,0.012164099029377873,0.0073025328992809,0.005680467134112688
154904,0.007340667978203763,0.02312093911211921,0.008839322189216015,0.0074968925806908615,0.008472470242452346,0.013468106876140029,0.006676127718764635,0.005289233105266966
154906,0.004273204872640157,0.013421210780500348,0.005524009999931856,0.006222108016573635,0.006245586578646822,0.008494125050006796,0.005202034291209634,0.004418804313788327
154908,0.004472479320262457,0.020029578786698643,0.005162963452010116,0.005983711476915732,0.007347126932764958,0.011654494647930724,0.005922254058568832,0.005350520504707967
154910,0.009502273231991654,0.01972916632684374,0.012616891736705549,0.011222487820399474,0.015431498435861057,0.021195838443759607,0.010692550628662367,0.012469686896125154
154912,0.00856163768915863,0.02788620156966548,0.008207329736152291,0.009597030684710184,0.010154342961039342,0.01829477200587437,0.007465626019111993,0.009418857959122784
154914,0.00934396856569486,0.023222413333571446,0.010174909879020255,0.010909547730691083,0.009232982425601222,0.021124636940644814,0.012681775023025088,0.007741744640554771
154916,0.013509609434336767,0.036951502532073244,0.02155438665237619,0.01377205006022586,0.014748370505179631,0.025295016848511986,0.014040530585175903,0.015694005065807426
154918,0.00712277363757452,0.024952566012533595,0.009870805525397097,0.01560284052233435,0.008893693225084043,0.017189909626307065,0.01262956369726892,0.009464407947113396
154920,0.008029742986350508,0.022719366374773564,0.009612799903138347,0.011653030804626374,0.011457275127979338,0.015681160696368046,0.010712762274250276,0.008528663992374286
154922,0.0073874643329221445,0.024610265691138444,0.009096015705395644,0.010240628602421253,0.011882774774187033,0.01389042740144003,0.010566103825748796,0.008962679318106126
154924,0.008844692932177323,0.034172130984712945,0.009599042372263833,0.00978352344384087,0.012510592708793455,0.01997566101918924,0.01083858700848378,0.010136074056728228
154926,0.005959734624765789,0.019549743389323027,0.0062334829385429225,0.0063660261657805806,0.00753419758827456,0.012741537579531725,0.010763494694270515,0.0090271261453998
154928,0.006260368610671085,0.017859316700846728,0.006477305330609084,0.007196173311442566,0.007569584252545225,0.01462085959787146,0.007802003427022142,0.006252287879439378
154930,0.006202750011006453,0.02337170151583501,0.007821719439857822,0.010820563305466102,0.009161397116243253,0.014921533557555655,0.007796942127837048,0.006678640953137249
154932,0.007976050809702429,0.02516345753447724,0.008728426586092297,0.007090329214261226,0.008297191498280121,0.015183178601196667,0.00916086369998631,0.00740192862683231
154934,0.005527506959722095,0.033577027356447076,0.008054222530061106,0.011983803757781297,0.01058393282743797,0.01387013822800598,0.01167170571809728,0.010003260937892
154936,0.00516420340228857,0.01812810034005352,0.006262666725659338,0.007760674221544195,0.007012260893206668,0.012651116772545379,0.008582653698128218,0.007040711105056552
154938,0.004710684718403579,0.019969537066803156,0.007481430930500688,0.007182034062866771,0.008238386552306631,0.013060792079923333,0.006970380908004836,0.004548259544490174
154940,0.005665889886608044,0.025059644031222073,0.007382803101423585,0.012600313453076106,0.008824090379362437,0.012915984159202198,0.011027291601754863,0.009207439107542292
154942,0.009700987458416188,0.031063120810373768,0.009040360012863013,0.009798723769280038,0.017638756430224056,0.016223523037022014,0.012646474565905175,0.011989441980981619
154944,0.006604184694155357,0.026345432366930988,0.010250584918470251,0.007976906539568562,0.011971784545394826,0.014648988400124685,0.011412509001477389,0.006950232681592949
154946,0.005790486430099551,0.017131017156409634,0.0068185618550669624,0.008188834908996745,0.006587394523434265,0.011757621935300444,0.00841756547669098,0.006539295746139706
154948,0.005281976849508263,0.020051876063426954,0.008177402794144806,0.009704218066529047,0.00880183137588203,0.015792338657774962,0.011411982094851114,0.008202430111086623
154950,0.012745983544903083,0.02947219190378192,0.018726295078064448,0.020551334479201877,0.020928726158189415,0.01920090451461931,0.018819607672826644,0.010387556036341172
154952,0.005109195271857381,0.019525353376989907,0.006898017433343284,0.008072210013128966,0.008186829903568338,0.012753536566372736,0.006177187689877295,0.00708011304974937
154954,0.005584750165793517,0.020468478399486623,0.00792359719486413,0.00879620253704716,0.007746272569467083,0.010238289924470456,0.009566724718932884,0.006925117858252783
154956,0.008324904145923462,0.02951764731119,0.012051018311996453,0.013029267167045333,0.009855383689592101,0.017470352347231932,0.014268171479356662,0.012291105360545063
154958,0.009262531773652827,0.027263189192233916,0.009375156352789737,0.010012704590312893,0.01344145580981504,0.02122336441025241,0.013079021829312865,0.00759210347714423
154960,0.005422644962529921,0.02261223538946866,0.00796997019517165,0.007272515940659474,0.009279690333102941,0.01587733735182817,0.010120276897257696,0.007257019700173173
154962,0.00839623656401245,0.022287458244193203,0.008593727356953629,0.00892298636473754,0.010310692219039908,0.015471251790353302,0.009223275746493231,0.00778545436665784
154964,0.015364562242228763,0.056278915600233015,0.017138421470125564,0.02481562415989047,0.01663694254719772,0.030950607569551813,0.02437384594031755,0.019261686983808923
154966,0.0066167543770956905,0.026358760806122206,0.007753445481557597,0.008542132020697368,0.008948298627686535,0.014057936747864597,0.009202113698063619,0.009038043669641616
154968,0.008313973868647517,0.028601558877895172,0.012237133738553452,0.014636076151763655,0.016840572811815946,0.016220774871627208,0.012068699684340212,0.011808394070414119
154970,0.005550774289889093,0.022342221256794526,0.007913155074008638,0.008500810431777917,0.010108881325728625,0.012234684353622571,0.009515330412242451,0.008487714115462064
154972,0.012301368204872043,0.0536919626141561,0.01447875805985177,0.013816928899665959,0.017617440720407496,0.025264837542594343,0.016725973774428304,0.012540846694776064
154974,0.0069416971076654566,0.03309448227837297,0.009265354333401421,0.013023617372592833,0.010912299633753841,0.017764867637115822,0.015182258718158759,0.011797612287267834
154976,0.00565039491899505,0.02110121400740983,0.006418968024286764,0.008357176811637723,0.00752614563214854,0.009423573062061985,0.008628036153343288,0.007092729732650904
154978,0.006939761716369175,0.017791535070998954,0.008036526283446366,0.00804663642318243,0.008170020177591164,0.013952351946059594,0.008953891313090934,0.004995237947904352
154980,0.007606103844469914,0.02429542144866148,0.01047159952030885,0.012060501312521288,0.009755718959371384,0.01284722856798487,0.012907279369645863,0.008748715123241768
154982,0.005798222261366226,0.026057720946383256,0.010405607746719392,0.009546919121055153,0.011062362792015945,0.016844297404931874,0.009834174523636108,0.009375371332825344
154984,0.0037873903291355676,0.01845405580245285,0.005436824762807879,0.005822485163239577,0.006100485710294701,0.010756327295925738,0.006163495079221981,0.0049775330367651804
154986,0.004663197817137643,0.02078755867806792,0.007741292313791226,0.007987710248207103,0.009392790012996421,0.012052266464834815,0.008132498633984575,0.006485630944305321
154988,0.007227057254708458,0.025688504669522993,0.007925553786243322,0.010301169533390164,0.00837287159487965,0.014495208333223708,0.007515719533637333,0.006843427413892267
154990,0.004571967892946782,0.015560879167183295,0.005569565682318756,0.007668238128397897,0.0070332472997485795,0.010767192935523306,0.008106267495912256,0.005779035095661522
154992,0.009037574770226264,0.024551999392574686,0.009510893220308958,0.010170319955543627,0.012152932614654333,0.02391547112223691,0.009487692229392997,0.008247867684164911
154994,0.007232409119707628,0.022517291946313245,0.008032146662408701,0.008862031108468005,0.007392651040900644,0.011781968039453139,0.008660776855325736,0.011490178054018862
154996,0.009187003648239767,0.03995114031292801,0.014927799455169088,0.019600321437246215,0.01983966071096277,0.024336814614437152,0.017477490790140715,0.020621264408319462
154998,0.0077178916402403375,0.033902841015653884,0.016747371993691473,0.017100881970666615,0.01619616943380553,0.02506888701165977,0.013325783764650545,0.015235556837126296
