iteration,head_0,head_1,head_2,head_3,head_4,head_5,head_6,head_7
150000,0.0014895681518872217,0.0015553639204666375,0.001431016931904408,0.00170929414850364,0.0017740007557000143,0.0014462377208133148,0.001565060319370773,0.0014939951761397396
150002,0.0018216516393089327,0.001421018762945439,0.0017867429086302483,0.0017470008077329902,0.0014758576132303247,0.001407880864490521,0.0016287554949558913,0.0016271934877076788
150004,0.0017078805652631784,0.0017529735103217897,0.0018616515153003915,0.0019999048579295714,0.001823967709882135,0.0017712540978072205,0.002039520420215171,0.0016495352415726305
150006,0.002568909526393784,0.0030188252490553347,0.002602022528333539,0.0033409931572084967,0.0031535727072642405,0.0031368580823332715,0.0032037051477207396,0.0033043118561364992
150008,0.00237422851100956,0.0023330809023248827,0.0021414374346120923,0.00251333310955304,0.0027922575284817924,0.00242138293194695,0.002646125395009205,0.0023462739058571908
150010,0.0038511710765579826,0.004027949871332481,0.003812367173157194,0.00489878388441195,0.004382824141036468,0.004215931914476612,0.003822526825857153,0.004524075593764998
150012,0.0012036258905837732,0.0015045796130897099,0.0014087498671007254,0.0015125228277321767,0.0013785753534528156,0.0013826916908519366,0.001584120020825544,0.001667262099249181
150014,0.0018378682023683646,0.0021938300394519633,0.0019945883166521683,0.002056109985950641,0.0018575550395584367,0.0017909466133118196,0.00215642601403733,0.002110572303174685
150016,0.0013396986153840218,0.0014908819908426296,0.0013993162289494543,0.0014147980751789135,0.00129300425304181,0.0013196014505831855,0.001389976503996318,0.0013588191890088197
150018,0.0016819578896615367,0.0017197243297462084,0.0019162841903317546,0.002320617750062662,0.0017207039113689704,0.0018046013028821944,0.0021885567430324354,0.001786082235746403
150020,0.0014347888279908766,0.001437836701784559,0.0013929450067176052,0.0013892924272715934,0.0013682853124330624,0.0014888806881972055,0.0015805448710360381,0.001438218407857017
150022,0.0025683880481928156,0.0038700063631048054,0.0027348655349705014,0.003491410135430195,0.0036205363194152934,0.002575204287468047,0.0032105645942124283,0.0031685331412090734
150024,0.0020526995377443402,0.0023961270917456506,0.0022436640120116064,0.002179176792934126,0.0021717953193181594,0.0023803216417022655,0.0024110639285871566,0.002488169914833263
150026,0.0013929611349344229,0.0015522329040698057,0.0011754743525260875,0.001535948217648589,0.0013356814090039748,0.001219363439486379,0.0014656580962446597,0.0015450453831347688
150028,0.0021981800460549317,0.0022992346119368734,0.002126614508870653,0.001959816857701205,0.0018643579826750495,0.0021441796624383086,0.002328071576425339,0.0018569940935311835
150030,0.001122764279380739,0.0012115052273762306,0.0017563041661222828,0.0014042941766785472,0.0012828452862913148,0.0012350049907863814,0.0014019515294573376,0.0013843591825599688
150032,0.001852394452956166,0.0020216494573067068,0.0017308330809930883,0.0021113065723532692,0.0018715636740884722,0.0017307713977900013,0.0022229525642112336,0.001831753737306499
150034,0.0013953853212820277,0.001590584663935815,0.0012648970499926637,0.001315649644167971,0.0013990255525275913,0.0014909918871544026,0.0017503126955489279,0.0016067250197204785
150036,0.0018393035876523994,0.0022303672626323157,0.0019115442223595208,0.002228677566471285,0.0022320579510815564,0.0019004289534663293,0.0022756239921140203,0.0018109965643660214
150038,0.0025116073648776688,0.0021234742690945385,0.002564817289123278,0.002479707668313902,0.00229789080437115,0.0022172398361861717,0.0025539587588154777,0.0022894130301876064
150040,0.0015320732364499379,0.0017278558740309174,0.0014218502303892239,0.0013288147782746784,0.0015415073137359792,0.001371725300181717,0.0014445390218359583,0.0013671142651600215
150042,0.0009751006382192756,0.0011424494655900563,0.001221704528292858,0.0010314522664898323,0.0010700348185679331,0.0009821320440948217,0.0011879142909985152,0.0010993944518383203
150044,0.0026474424457673257,0.0032237238041378374,0.0029433036115078526,0.0026015117604308996,0.002953275429223315,0.003022065820881048,0.00297612230541712,0.002902291571038662
150046,0.0038711554548842703,0.0037015050818676176,0.003166989131200504,0.003586791368939815,0.0033764498397426124,0.0035159352995568632,0.0035259125621443094,0.00384610751515968
150048,0.001878054447562727,0.0020663915063151017,0.0016603011520823774,0.0017605954148349756,0.0018505347196300925,0.0018176073769016754,0.00215452247828396,0.0018088776019720698
150050,0.0021198989480165076,0.002114033214160607,0.0020340093059146996,0.0024963215868176875,0.002137677874667357,0.002347926007699508,0.002319992920662095,0.0022423277252860974
150052,0.0018212306358422886,0.001976263520735211,0.001691584568552798,0.0017949712230489467,0.001659555625465936,0.001715765894424473,0.001906109720872573,0.0017830868089596663
150054,0.001618748035898246,0.001646072879655458,0.0015744914926885678,0.0020121229603338314,0.0017928010890014973,0.0016146875816264311,0.001983881550958133,0.0018093450300339514
150056,0.0018577955626835618,0.0018374948320833001,0.0019428487279134071,0.001839785795781701,0.0017547395626489465,0.0017667231317928245,0.0021564035250643543,0.0017634908612041422
150058,0.0013913257087888736,0.001562128329407067,0.0012669607822758527,0.0014189310547117057,0.001351873538725512,0.0012309718705055261,0.0016766782814898878,0.0013422589045367084
150060,0.0015898430763284926,0.0018460970668210397,0.0020092260826212183,0.001984282451699626,0.0018487652981855618,0.00189239898015231,0.0019222263872978318,0.0017790504116001055
150062,0.001873612280023862,0.0023297589743431907,0.002453565902544433,0.002647566654887315,0.002427132084574915,0.0026828345386480934,0.002669688418949226,0.0023770476067233037
150064,0.0026741431572712693,0.0027625596434639604,0.0029889378682713824,0.002503796095144631,0.00264462590479303,0.003109526987499278,0.0027852497008989396,0.0026926467891136424
150066,0.003283161657327574,0.0035130479467807008,0.0036509764936032557,0.004132022273527269,0.0029961695293883595,0.003070737671380608,0.004481357901703342,0.003874651522223785
150068,0.00274370803714398,0.0032059967209088214,0.003373906839843413,0.00351219923680568,0.0034551776959768077,0.003017206842792497,0.0035448505499948713,0.0032696297774948008
150070,0.0026515474889913376,0.0028661449496290153,0.0031476559637590995,0.0027143772933836546,0.002816405663741986,0.002808022688771894,0.0037002690542634747,0.002797525384069535
150072,0.0019604706468784455,0.0020919697942913817,0.0021896945683917007,0.0024283207697084613,0.002164876659460413,0.0018312980899249376,0.00232716502785163,0.002194984942477385
150074,0.002772654975032332,0.0030871582785727686,0.002882209839248029,0.003091876447682884,0.0030055645949548376,0.0030088957195473776,0.0033548206435085604,0.0026778705494080596
150076,0.0025527434716545727,0.002397195075136707,0.0024480055792894806,0.0023891505760653686,0.002353180715189765,0.002404018926327689,0.0022002331214859283,0.002623797880430337
150078,0.0015737885439683907,0.0019163530090262615,0.0018841492670263055,0.0017035227766876299,0.0021071350898994035,0.0016289689913989158,0.0019160079495251225,0.0020903466568009677
150080,0.003345235147167225,0.003844498781409078,0.0031399818549365244,0.0033232978452196887,0.0035646812863925903,0.002861339299055965,0.0030369199496851906,0.0027222617561550866
150082,0.0022002967276189,0.0023873293126009387,0.002530222129792037,0.0023401632653128335,0.0024938470777407518,0.002426237275271817,0.00282311842698868,0.002329801050245328
150084,0.0036829940270346473,0.004809379679491466,0.003419830026416562,0.0038177643302721997,0.003561465398885591,0.0034669778268981016,0.004134295584768355,0.004208967569866218
150086,0.002030331874266267,0.001784500644333012,0.0020878225744314083,0.0017288653399299414,0.0019876356064192496,0.0016866010308130286,0.001961331756571996,0.0020108063946279314
150088,0.002525671423365461,0.0026805550613629436,0.0022454374028067076,0.002957791730461859,0.002483876277620825,0.0024446285755210795,0.0029196113879601526,0.0025505259794746937
150090,0.002139908950305136,0.002352117885358551,0.002173711679028578,0.0022991452983456284,0.002434100570625708,0.0023508324026091376,0.002612601809612994,0.002039927913053463
150092,0.002226755405770345,0.002730372940275283,0.0023482173605874485,0.002536845341856289,0.0025174311846411085,0.002565518411325185,0.0028349872385292074,0.0030329845028554403
150094,0.0016012125165803526,0.0014206581614757546,0.0014557409663341764,0.001680199235934765,0.0015069755083701453,0.0014600841624634597,0.0015933350379493533,0.0015156150055589124
150096,0.0020702936473405154,0.002472899787353322,0.002061044418610658,0.002207190153177954,0.00196749634790995,0.0022424596777948502,0.0021765203695406493,0.0023599937954286165
150098,0.002333015045158371,0.002458820709248466,0.0023893559760070904,0.0028951946196578704,0.0026112074104637367,0.002404242865282194,0.002257398149368761,0.0023109410948132236
150100,0.0021045581637013783,0.0020070849182353273,0.0019335279805394873,0.0018574824682155017,0.002062793187501813,0.0020016761663408378,0.0024174228047128127,0.0020592179520652204
150102,0.0017072330992574103,0.0019929980935411984,0.0018327286750299265,0.0018224985632647184,0.0017498202315648914,0.002028698267231857,0.002160571868348393,0.002025453479641337
150104,0.002043313931071822,0.0026126932086813076,0.002447174746980585,0.002522442938214367,0.002241234856184493,0.0027818781780436647,0.0025505478034527074,0.002200396332476387
150106,0.002122285821861747,0.002081024481321095,0.0019499918481005185,0.0021278570945698766,0.0020464755794202816,0.002036070981676366,0.0022836047974888474,0.001965587950060868
150108,0.0018043205737525714,0.0019227288190712954,0.001843679326860373,0.001695947321111016,0.0018743505556790968,0.0019276111790762634,0.00200202518820837,0.001982024263186055
150110,0.0013383874962603765,0.0014325415631514377,0.0013060822648853915,0.0013089315341241609,0.0012943294109129533,0.0011590911702663576,0.0013724607941379419,0.001259805240152026
150112,0.0019542442898524137,0.0018296529383139554,0.0018086681504142638,0.001957773727529602,0.0017392247790140036,0.0017876635826775122,0.0018528055733048193,0.0019582652872254247
150114,0.0017505231047671016,0.0016261799068252453,0.0017727297384348972,0.0017510745927771243,0.0017377746445754738,0.0017920932472925838,0.0017156069606110713,0.0019626069419912545
150116,0.001497159463605735,0.0016316668664489442,0.0015362206629392916,0.001472898354123231,0.0015286560921091152,0.0016854354397202176,0.0016258617442241885,0.0016756060936696238
150118,0.0025681807554879393,0.0023537167384524715,0.002531570371389194,0.0024272102689417707,0.0024650480019589166,0.002381307200194707,0.0023945066043934565,0.002373239337130295
150120,0.002103816867307984,0.0022415170434802456,0.0017828996192684882,0.0018217909245799163,0.0017777961208814835,0.0018520718740794445,0.0020155135950192804,0.0017786268190798232
150122,0.0022435214369743856,0.0026661967806745346,0.0023307876052664073,0.002725441380512353,0.0024702302829310435,0.002491858014516693,0.0028687426272790972,0.002956371255207882
150124,0.0024597133770912216,0.0027986722552192506,0.002038924564672584,0.0021920945919769036,0.0024261554367167038,0.002630377296925168,0.002708536495658942,0.0023637215155182384
150126,0.0015447068549905851,0.0016392833498777293,0.0019506479453169079,0.0018446183930542759,0.0015479249561667907,0.0018624613841660698,0.0016057981472963334,0.001586802178734692
150128,0.00303330169035311,0.0026638647793671005,0.002155161623884405,0.0024667558287009422,0.0026044466989196824,0.0022320780151352665,0.002598971967039676,0.0024223648527255254
150130,0.002105871217785771,0.001809880348940196,0.0022043012199946116,0.0020798897686171713,0.0021459812924007893,0.0022613249256489,0.0020736111220911457,0.0020901688450161715
150132,0.0013904520962272487,0.0015500459149253715,0.001664704869291933,0.0014572286507644888,0.0016016042914124284,0.0014665513105566325,0.0015093411798661749,0.0016111456705090177
150134,0.0017267813755285216,0.0018359062766638012,0.0017456006643430527,0.0015506508286312753,0.0019250186873463054,0.0017999621075768246,0.0020602590841916624,0.001623146762098196
150136,0.0023809036454967153,0.002440802600914227,0.0028783983622924225,0.0028449472702547635,0.002628759651969459,0.002965770306290416,0.0029574063938417883,0.0027832863669827734
150138,0.0019325095559639127,0.002098046471779927,0.002459078221381819,0.0021610092895264638,0.002065068474462764,0.0019870988582955246,0.002252094564863652,0.002138671808649628
150140,0.001536854710077265,0.0015809924696574967,0.001581364874970126,0.0014482884219192554,0.0016106083055026504,0.00157978608291387,0.0015717612776723483,0.0015987130250722098
150142,0.0017906798748584946,0.0020884432374269762,0.0018566887715704278,0.001816473883545236,0.0018221639682086122,0.0017189967769646458,0.0019081940662185048,0.0020290509793960965
150144,0.0015967254363234012,0.0016112108661273106,0.0015451180133819187,0.0018037572824178838,0.0018153128086348946,0.0016708696997502909,0.0019095358597722711,0.0015941509156496836
150146,0.0019062001511809812,0.0020562495169509365,0.0019419565542835304,0.0018523094766700887,0.0018539089609771603,0.0016849833845005713,0.0019079252433948923,0.0018989910114498715
150148,0.0023000660260648204,0.002414722279612272,0.0023213123030496607,0.0025421442093734314,0.0024772692216936676,0.0021649317791273687,0.002607595584986147,0.0021430295824382967
150150,0.0020809164001124453,0.002346015152106473,0.0019095293482331854,0.002054124294091686,0.0019478581569189052,0.0018618662628897692,0.0020378188794378943,0.0020409934417211506
150152,0.0016124480384132611,0.001828865210482325,0.0018890591739574442,0.002052186476444229,0.0019504353761599091,0.0020289650638085632,0.0020441738433796403,0.0018919264528785007
150154,0.0019450135188021772,0.00343255352743288,0.00309726576644577,0.0026666338319026317,0.0023433180341548288,0.0025642302013020313,0.0027387359802264616,0.002484900128270129
150156,0.0018532645298494632,0.0020060276116010828,0.002157657550796943,0.002161873525616864,0.0018687121950980434,0.001847527655090886,0.0020193178694241087,0.0016566194674730306
150158,0.0013089690026399925,0.0013678284065860163,0.0017041083325709666,0.001370590294295107,0.0013198461314836152,0.0012109150641812505,0.0015149259065450615,0.0014129910744673513
150160,0.0013662620580810053,0.002068772472470448,0.0016417823445798035,0.0015847600200635942,0.0015994820060427628,0.0014206039628744116,0.0016511315473067278,0.0012786079128555145
150162,0.0030103720877763807,0.003119321029469005,0.002463806721047637,0.002766045617079771,0.0024681385062513966,0.0022777054448024914,0.0029967731400409314,0.002715448368082518
150164,0.003053964745483931,0.003816063500929348,0.0033494901772103264,0.004045983121033159,0.002874009414203016,0.00347887805288849,0.002921519930920491,0.0031878258933706882
150166,0.0016752239713624523,0.001827734263715533,0.0015051799257650433,0.0017007104979330223,0.0016376755970243378,0.0015040343196801587,0.0014914389940071104,0.0014443994199831445
150168,0.0015909513620705612,0.0017176307531130974,0.0020899154251990404,0.0017879675863215067,0.001487379515766385,0.0016596263461693544,0.0019089856738868094,0.0018695893169297234
150170,0.00156995081485789,0.001479179727192026,0.0013473233670895923,0.0015375014502266998,0.0012938311576916744,0.0015475729231630014,0.0018720481581614573,0.0014607598206363287
150172,0.0019671288697005324,0.0019503103408899936,0.002005753651764197,0.0018817312914998774,0.0018032874128327686,0.0015917523611028717,0.0018987504333867755,0.0018565619627821661
150174,0.0018202536755845267,0.001782709293607354,0.001721690882322116,0.0016466067558496555,0.0017084597865025253,0.0017276040955565564,0.0020923006999735844,0.0015791426478008047
150176,0.0020124538402622877,0.0023733148337792276,0.002193025730828302,0.001932399507486915,0.0021214219863186085,0.00231177999608706,0.002430986640439281,0.002647008120118033
150178,0.001381044585653024,0.0017474583033057073,0.0015373796283358332,0.0016240909377671642,0.00163905771627193,0.0016058593532392168,0.0016069209393601014,0.001342652823107096
150180,0.003101042285041322,0.004779743389150826,0.003677766671029717,0.0038310493385113192,0.0033224603506543243,0.003681406217827865,0.003985305492983038,0.0033364392580727126
150182,0.001424091346239123,0.0015960276613458252,0.0014943223411272855,0.0014371107242314857,0.0016038345037706764,0.0015707527114214859,0.0017977428355531316,0.0013016913332828395
150184,0.0020323134249006364,0.0023459581343701075,0.0022423411320482978,0.002258971920731226,0.0022503104176188615,0.001882215473530957,0.002247058211019351,0.002070377043408067
150186,0.002281200014721263,0.0022046485897036505,0.0024743468186773226,0.002534664775219811,0.002593556495484109,0.003325941154602108,0.0024440771411067402,0.0028665282834166583
150188,0.0015859368526199291,0.0018776369839808155,0.001883802915360333,0.0016833050714372272,0.0017380268524436193,0.00187933327900347,0.002006255870136156,0.001965242119049082
150190,0.0022904986830112883,0.002607885884868877,0.002350841794969194,0.002409139979567612,0.0023559193031555403,0.002394900371782152,0.0026474543298471986,0.0022855577462968513
150192,0.0019813486492254034,0.002136445166358636,0.0018890125431742094,0.002504398222323234,0.002251544433384281,0.0020055764721128716,0.002387402848769149,0.00258165363200559
150194,0.0017449933940177353,0.0019347550977855676,0.0014399733250129026,0.0015648743368568696,0.001642032922367212,0.0014285692978316528,0.0016771890257677585,0.0016332891320365445
150196,0.0029454495521328283,0.00293629029490651,0.0030343194284358083,0.002950750236099267,0.003574727871422448,0.0029043819565877232,0.0029559309204434947,0.00296103384662022
150198,0.001886365894953182,0.0020330809854845477,0.0021937871160047084,0.0019225775599460843,0.002189991622942991,0.0018949791503963809,0.0020288781432488273,0.0022466358264461445
150200,0.0020199707927353594,0.002002866365902245,0.002553261100436424,0.0024242460177093528,0.0025124837943280576,0.0026771033524470994,0.0026673110242581566,0.0022269579214865415
150202,0.001745488602413317,0.0019874110668262196,0.0015926757662514945,0.0017519161768293628,0.0019572736593611584,0.0015319105120994436,0.0018561424010300615,0.0017522642195390153
150204,0.0020438390185704286,0.00173757773637645,0.0016540985962092969,0.001996720143288014,0.001980957993269042,0.0016703224646799075,0.002011705555677923,0.0018419608313033908
150206,0.0015217414039030985,0.0016629336892046709,0.0016832139790840112,0.0017690638816569848,0.001669778363761601,0.0015285494770564956,0.0015269763179018292,0.0014794568341321007
150208,0.002592002939784399,0.003190426560126816,0.002593330356849291,0.0032152831609794236,0.002791021046757658,0.0027109954205037923,0.00324925906524888,0.002350913322018977
150210,0.002574117769511608,0.003108061805501619,0.002394000952464559,0.002906225669008222,0.0025621970426220053,0.0025722854988377564,0.002767949943597872,0.0028686276997555993
150212,0.002886020635984643,0.0029789271185825528,0.0026285125025300587,0.003091158944433181,0.002829408372237774,0.0023050208230392943,0.003151556342303685,0.002224153757708472
150214,0.002604278259181317,0.0028828054603126235,0.0030478473100892245,0.0028916498024975784,0.003048827580014027,0.002904106514183394,0.002817900873175516,0.002925480333613742
150216,0.0014041866858072738,0.0014542699527532316,0.0013692434640281276,0.0013663532155710478,0.0014264901184053574,0.0012768504440465733,0.001397486000775508,0.001223322788668893
150218,0.002131975407842157,0.002154068424316549,0.0020094481773069856,0.0022574066451994668,0.0019742042193049564,0.002083996794080681,0.002069455711807555,0.0021564249760821497
150220,0.0012863063404842112,0.0013327011577608655,0.0013619502904354541,0.0013108571393374846,0.0013500042592886619,0.0013865838830123267,0.0014812579449912655,0.0014679660040748388
150222,0.00167858191602345,0.0018127344998271205,0.0016663501634051198,0.0017086531900481483,0.0017287054907680344,0.0013661083916134548,0.0017758910238283715,0.001780271193128749
150224,0.0021771311339344734,0.003330245384163044,0.002164711304669678,0.0034793786047317005,0.003297997276277123,0.002775023903475393,0.0033847360517178515,0.0031253060602433186
150226,0.0016321005757161805,0.0018978898666194427,0.0017678923732145219,0.002160531003073063,0.0017990019298257942,0.0015231365214486564,0.001882887225694907,0.0016837963401352685
150228,0.0026730340359100296,0.0027171126603207085,0.0030929023070829786,0.002973617426578881,0.0029786949263425205,0.0029081828688157785,0.0028127794233030606,0.003030728969868557
150230,0.0013374061448703234,0.0016416407614896489,0.0014054776857511803,0.001638050095865276,0.0014641778029145375,0.0013684269742504501,0.001692699865714964,0.0013954668688770516
150232,0.0031740706827145804,0.002852219552267346,0.0037033991834869995,0.0029469988508512707,0.0033602050151069207,0.0037491954857673537,0.0034112955429743824,0.0034133781052663736
150234,0.0018481762129514273,0.0021205281343041893,0.002182617945986634,0.0021954771512469606,0.0025827182632015694,0.00202340255007899,0.001940821356907263,0.0021333369045080236
150236,0.0011844826841089923,0.0013097716045521596,0.00133503696168559,0.0012747004621278674,0.001236870731757947,0.0010900400170654884,0.0014256001882109737,0.0012452454755340625
150238,0.0020334629722523895,0.0025912891052135567,0.002467890883750601,0.0023436231678966024,0.0023434810582215193,0.001958250120812688,0.002463408808009007,0.002128474398685812
150240,0.0035428528684156024,0.0037553887305823985,0.004295381346791027,0.00427317370196878,0.0035111462194804682,0.0037054262001456895,0.0037987366871173323,0.0035639001961920713
150242,0.0016713850414086379,0.0019562756918709567,0.0015257680226704734,0.0015516294427284638,0.0015691771610854138,0.001699892978682685,0.0017957614057182575,0.0017898258779291965
150244,0.001314643978565011,0.0015386541767095085,0.0013787358057731347,0.0014110251378545713,0.001362394938296943,0.0012804305747087796,0.0015692335330764196,0.0015445103734008786
150246,0.001716836652045084,0.00157689505943083,0.001523563411481868,0.0016222145642536129,0.001698848707940584,0.0014075149458827596,0.0016630230157926307,0.0018671469009029634
150248,0.0019082188014732382,0.002625718268801036,0.0022595739580151403,0.002696419161812416,0.0023826082606421967,0.002169962406430026,0.002825513167810323,0.0020923657936667284
150250,0.0031793773738193615,0.0029329358643457315,0.0027440120616228914,0.0029615106470153862,0.003206403409940828,0.002814145214782973,0.003425643926373026,0.0028340741013723747
150252,0.001776677938136198,0.0018248775540059686,0.0020495850280966565,0.001788443963177469,0.0018482825552727095,0.001997154636356413,0.002105657190413446,0.0022821242610461395
150254,0.0018815916724715387,0.0019032219591709337,0.001955839078742319,0.0022423732378785838,0.00251581016449004,0.0022437395362676776,0.002962027629587763,0.002212508266088445
150256,0.0017391315645278738,0.002312787093555771,0.001817505732360003,0.001821800782871641,0.002190996248911725,0.0021321205859248793,0.0021496600551387246,0.0021307525991110104
150258,0.0013103737848397246,0.0016247719953954576,0.0014958370977504742,0.0015020334460245227,0.0014639973444099397,0.0015495252908062085,0.0018330013978473808,0.0016441620950220642
150260,0.002408870102903596,0.002396107032859085,0.002482783214817888,0.0025568460365624213,0.002699109856067139,0.0021985982003387555,0.002292885884510723,0.0025591348708644546
150262,0.0025831063856964764,0.0031616207361430254,0.002564734277768821,0.0024823284616657393,0.0025068518464317485,0.0025222169280336854,0.002663832093214913,0.002478883714559524
150264,0.0018557074807935003,0.0018087898273014963,0.0017842145594251235,0.0017169944078982008,0.0016722316290094241,0.0017510262678572946,0.001961589466379421,0.0017477971813850829
150266,0.0017850892519612055,0.0020279311989699483,0.0018893768614841044,0.002106402230417706,0.0020413990618928374,0.001922616109222966,0.0019282278392760421,0.0017816100078647118
150268,0.0020054593576566138,0.0021983623941610464,0.002046194827001871,0.002192811506028569,0.002124796300974341,0.0020766945944894616,0.0023777207619464363,0.0023736386118713426
150270,0.0018779198080666332,0.0019089016879867415,0.0018082137994680642,0.002130966178388649,0.0018779127049178973,0.001974984898999846,0.002135586372774334,0.0023433248868222206
150272,0.0016531287724592808,0.002343262491852016,0.0021540293495548313,0.0021021474636300774,0.0018809217671163087,0.0019468343211227618,0.0020963435406464725,0.0018515633723838049
150274,0.0024928046456642594,0.0025916797676406866,0.0022529449966857684,0.0022746733461878055,0.00233488963852424,0.002162444812960365,0.002475108115898142,0.0028415326474571234
150276,0.002152727636446486,0.0024147603562649916,0.001954061825021114,0.001972440147274282,0.002118067154884287,0.0021075790397075966,0.00256147789740592,0.0024145154261195345
150278,0.0018009257033213544,0.0018333797346701403,0.0014317907048619904,0.001665161797027706,0.0016404675775495564,0.0016347522400595033,0.0020465830995519824,0.0015358366768159076
150280,0.0022651193014289334,0.002183481617705818,0.0018967290111931434,0.002423106375132336,0.002125965525865914,0.0021011869856640275,0.0022949984152788178,0.00221506487434292
150282,0.0017716463920237069,0.001901260207383404,0.0018850707627207641,0.0018996306790676348,0.002096494323314213,0.0016359128316713184,0.0020484993863324613,0.0019655499633142726
150284,0.003249748338095118,0.0029717081853942867,0.0028953269160192363,0.0029618788150776454,0.0029867183209171394,0.0032630224232390592,0.003682540978229343,0.0029313261282105096
150286,0.0018188057261406265,0.0019944325931620654,0.002499456211696019,0.002037760357454302,0.002180420374689407,0.0020462204410699597,0.0026283623849723825,0.0019521276948336053
150288,0.0017035135512971783,0.0017903945560695522,0.0015494798320064979,0.001510815453962755,0.0018052068279781341,0.001845131060886962,0.0017658523249593078,0.001762006874499511
150290,0.0016283129102847571,0.0014495561326739598,0.0015888640653184544,0.0016983233154067023,0.001791405727424325,0.0015117970615814574,0.0019135536405437414,0.001436925445711404
150292,0.0020013991706425843,0.002015373111717622,0.0019196509043402227,0.001918824777640049,0.0019451788019747007,0.0021459819826932236,0.002445168651067642,0.0017336211305864074
150294,0.0019299157351020946,0.0018612307359534008,0.001994701120156331,0.001822681458526501,0.0017401611016987367,0.0017925493538774179,0.0022975640206125553,0.0020181994394716934
150296,0.002235141480624883,0.0021046507922060087,0.002245432813112791,0.002167076790875591,0.002147601714391989,0.002505246169946851,0.0025611807656661517,0.0017755594792579071
150298,0.0027741816937668085,0.0026173441023918387,0.0021718571241822193,0.002496200977697996,0.0029785123507091726,0.002408372077533985,0.002750164073728689,0.00219858422628684
150300,0.001358033270039416,0.0015816217624243928,0.0015125741160002676,0.0014366139448812043,0.0013993728070652717,0.0014253765535657964,0.0016380407479497094,0.001404707426645016
150302,0.00175493962568668,0.002176094240927476,0.0017824894093360216,0.0016874765597533342,0.0018546953250728748,0.0018707527951713487,0.0019731963179927536,0.0017245786154695963
150304,0.0019358111561098568,0.0018791149426258258,0.0017959296932021918,0.0017720744844291897,0.0017370553936066901,0.0019137811391642945,0.002052036283132899,0.002105589497118976
150306,0.0034370231449563082,0.003171181310516205,0.0033208805649707074,0.003466242169390066,0.003353824714597886,0.003416216374238848,0.003906463275780647,0.003686452946382923
150308,0.0018627501374448574,0.002557388194998636,0.0018467562596791304,0.0026057419276904192,0.0021028539580330574,0.0025096130963326996,0.0025799605937054104,0.0022058269820380283
150310,0.0019328115503217114,0.0022081514506590155,0.0018778655661803173,0.0019189445566220181,0.001910394829086004,0.0017158896518699174,0.0024589012496143425,0.0019494960644968057
150312,0.002524275341459506,0.002864445984685285,0.0025525210015173855,0.0027503043452171833,0.0029942481684890887,0.002782353691814801,0.0033669856479969784,0.0029283660133372913
150314,0.001318756880347452,0.001588387144329531,0.0014994354841926238,0.0015132432612601776,0.0014276711182520524,0.0015417036042249116,0.0015618538907358342,0.0013662557239877415
150316,0.00293438823344995,0.002433959787089282,0.002327865592515868,0.002665565504950465,0.0022698915031702516,0.0025975800712067093,0.0026271386857384393,0.0024268208278447473
150318,0.0023176730672714307,0.0023764072350440785,0.0022779152425924654,0.002381306109460246,0.0023634310134055397,0.002849117914963062,0.002448176628819576,0.0023059867333410367
150320,0.002431522635307784,0.0023071589761978206,0.0024342659872935712,0.0023636856545659057,0.0022254368177310746,0.0025344059608498753,0.002619349448942876,0.0025812500987444503
150322,0.001508318991406965,0.0017526253971744815,0.0016873437315878675,0.0020535563580295624,0.0018445703940953018,0.0016452359626552143,0.0024857436544623163,0.0016626365588395253
150324,0.0017348926376507118,0.0019895157926284046,0.0018085439428133926,0.0017081918729253687,0.0018537200146093724,0.0016495083101589897,0.0022385133666011914,0.0019759210572539154
150326,0.0019414128787309526,0.0026125005108468408,0.0021998291391614466,0.0026704622531692618,0.0023436430058843133,0.001995166343528157,0.002589106868207805,0.0021685434720253444
150328,0.0019446635885401187,0.0025462912620930617,0.0026741238930407807,0.002335422134376444,0.0021679522995950024,0.0021269581079920302,0.002385578612662309,0.00212328990409473
150330,0.0017965770262407532,0.0019344149392443999,0.0016445995767122717,0.001905054642307391,0.002063461224117172,0.0017466209045884917,0.0019875206777648785,0.0019960320429481815
150332,0.0018520561627044518,0.002209354242339645,0.0020879737312498037,0.0021187512837963496,0.0024783299135491266,0.0020636717423590106,0.002441239545739063,0.002169386656627484
150334,0.002342354793097981,0.0023009737145497505,0.002263987567638917,0.002704415065241453,0.002385915599785682,0.0025407927791185614,0.0027385632524909997,0.0023618925916975148
150336,0.0018528318711663744,0.0021282774428255657,0.002419250012067664,0.0020219945206287893,0.0021755065577627186,0.0023765092964467827,0.0023176748607091208,0.002624844826786321
150338,0.001616644674786949,0.002003818113209599,0.002003124455829175,0.0020825025524780078,0.0018773380401249234,0.002036969047860604,0.002358885280522874,0.002199733740445145
150340,0.002043490749026891,0.0022807022021964635,0.001852121894410988,0.0021304121325410735,0.0022186517999456395,0.0018050684946844392,0.0020778654542814717,0.0020670303162626524
150342,0.002183673800065178,0.0024425060599725518,0.0022956969776402048,0.0019272317448955217,0.002806515103873433,0.002260882780405815,0.00299823510852143,0.0023946513466057695
150344,0.002317616036314765,0.0026596072708963275,0.002301163136696052,0.0028907456106850304,0.0029936794627671987,0.002340296263503419,0.0027018572724211154,0.0025641819091513085
150346,0.0024324922785080028,0.002245466353291828,0.0024873066547295153,0.002088165749152049,0.002111256590074509,0.0022127276565121617,0.002439367620957547,0.0023976660409431028
150348,0.0014982753397996817,0.0017479426474032445,0.0011836043468617247,0.0014581175861741458,0.0015793916561526178,0.0014946924608933015,0.0014291694616766493,0.0013715931253571179
150350,0.002025922275268821,0.0019852971637379785,0.0020287412219738427,0.0022366320700642484,0.0021850621509700435,0.0022392695618290853,0.0020753248223131515,0.0021059293421130665
150352,0.001631500440929537,0.0021575741453869896,0.0020069834474351206,0.0018843494605180755,0.0016929073962838187,0.002110251592565962,0.0021747313266558127,0.002055450909566048
150354,0.0017996387538088549,0.0021095332481666507,0.0019145334801686786,0.001826414524954148,0.0019000476574677766,0.0017489554704469695,0.0018275969810324089,0.0019513765596832489
150356,0.002034999008497851,0.0021043141264050075,0.001932686426152408,0.0019431025931831436,0.0019819284032374235,0.0021373375441403747,0.0019478147518656869,0.0020101930355454073
150358,0.002168255855183654,0.002079188841422455,0.002431529983146233,0.0023866136682535455,0.0021206334652308506,0.002127662916631634,0.002467281318960582,0.0020945458240679976
150360,0.001538000473712678,0.0018313271042686013,0.001750986673097421,0.0013710600756767222,0.0015283907265596502,0.0013627678714856067,0.0017306545436801546,0.001604731559830111
150362,0.0014400021633149823,0.0013570041205585165,0.001398874234376457,0.0014221516973924597,0.0013807870978444492,0.0013896054207768321,0.0016592943058098136,0.0015231737410875829
150364,0.0021011545409166527,0.0025671757499207276,0.002479740317658019,0.002453845283773015,0.0026186970551762695,0.0028883850427790514,0.002641517149091721,0.0029934169387072634
150366,0.0020557120276544355,0.002069282180019505,0.001972637366454491,0.002070189574116324,0.002001473167617132,0.0018350457103216145,0.0021731350846929676,0.0022333668794838335
150368,0.0021143888140651296,0.0024391402122460187,0.0021792098345745914,0.0021486673697546643,0.0024360675548165123,0.002312478241347629,0.002213949222152678,0.0024131723753951922
150370,0.0016199113298605156,0.0016686094708324856,0.0013901834544027825,0.0014136310969077442,0.0013813270192395422,0.00132995273475002,0.0015057173317210154,0.0012769148729852575
150372,0.0020103273251221992,0.002014081563808612,0.0025226218077534363,0.0019428635061614075,0.0019593897435448704,0.0018785404168223524,0.0020222535049685547,0.002349021833901302
150374,0.0018662693866551422,0.001911321742675831,0.0018156950302108399,0.0020106827798778287,0.002075809198148773,0.0019435673442430718,0.002276609675098351,0.001911399918541612
150376,0.0020577343118089453,0.0022314360101447633,0.0019441569847380435,0.002036406514496228,0.0022755283854670183,0.0020269643493554673,0.0023353483230104666,0.0021532780073666574
150378,0.0016101373998600454,0.0014939658021626556,0.0019678555976412326,0.0013901959552562598,0.0016393602739746133,0.001784904475371718,0.0020136375435542697,0.0014888599891167559
150380,0.0014558498440655487,0.001443411922498472,0.0014830506829979218,0.001653909517342067,0.001548707134436056,0.0011814619156119838,0.0016594078149562291,0.0013438646964836348
150382,0.0023863490598994425,0.002289006288631379,0.0022031372237991814,0.002549066618812504,0.002748627573272447,0.0025782022842513325,0.0025484531273294864,0.0021052284845924363
150384,0.0029755979978980523,0.003540247946590483,0.0030789815698428757,0.00342164802853219,0.003458042049565027,0.002816478813394918,0.003094241649364504,0.0029513460163084343
150386,0.0021688491508787267,0.002344685159308746,0.002195732353541549,0.0022616122723741056,0.002229461297606053,0.002169539002518095,0.00215199276588153,0.0023059534597326264
150388,0.002277776917201782,0.0023278864421305695,0.0018090620307811278,0.0021775260733116752,0.0023796888251310794,0.0021644859886010975,0.0021964282129776636,0.0022133042215308762
150390,0.0034556261721343517,0.003338453646039144,0.003424900022749991,0.0031784704249076534,0.0027385215335160723,0.003537088742174413,0.003434275356895,0.003132381328820044
150392,0.0015214914607968866,0.0016012101314922256,0.0015395015380055416,0.0017231587248769942,0.0017646405667939291,0.001478267205848885,0.0016212433345721422,0.001512621927880764
150394,0.001995753440983808,0.0017873303109761096,0.001829492638525887,0.0016977832683379296,0.0017232171794168277,0.0018899786303292476,0.001760326257355796,0.002022619059600439
150396,0.001515261155685066,0.00149189911793636,0.0014703917185077686,0.001760126825248523,0.0013539560230940856,0.0015636346376444316,0.0017653329491038594,0.0016156685256094733
150398,0.0037495942187293907,0.003238450534426285,0.003430805509050963,0.0029492877536325818,0.0028168180820422606,0.0029862342026112376,0.003378597526748628,0.0031764192401709246
150400,0.0022079623952926536,0.0019590955730675597,0.0020198174299821403,0.0022299197104996282,0.0017272318810432896,0.0018584555558976007,0.0021871233786586175,0.0018613914558352485
150402,0.002460335310568565,0.0024826499399877577,0.0024999035904165745,0.003012083934572765,0.003277437584711232,0.002839722279540116,0.0032837952222173478,0.0027403196366206917
150404,0.0015813396910485805,0.0019454870426329762,0.001779926666543044,0.0018350862443418242,0.0015840417350749952,0.0017748534803851967,0.0019162300494785095,0.0015639104112863539
150406,0.00235612471624963,0.00236026960746033,0.0023468621996925038,0.0031088905235301945,0.002907891577119806,0.002761473052160568,0.002782384346162861,0.002626241334660273
150408,0.002514562144196264,0.0026969639258223183,0.002901813140389342,0.002336161032420195,0.002400542087872673,0.002805609326529679,0.003069769571673056,0.002752938127593474
150410,0.0012905671470386793,0.0012515537091352252,0.0013741627068975526,0.00120881772667282,0.0013028875400922374,0.0013045987824079064,0.001287529143770963,0.0012253022618757825
150412,0.0016434099317870349,0.0018115571794739133,0.001910377244002115,0.00188582067517018,0.0020721043297245445,0.0018328827370052286,0.002168567412043354,0.0018116976639337978
150414,0.0031763831277800136,0.0031815976130157436,0.0032669910589571693,0.003210099386737275,0.0031086026405353767,0.003453180053310023,0.003861309118312742,0.002997024390500924
150416,0.002555158893898804,0.00342801222301016,0.0020384714228366546,0.0026687588112119798,0.002800311782508169,0.002605996752223838,0.002660586011864974,0.003432832465930305
150418,0.0022498534474947457,0.0026808559524150177,0.0024874482295235284,0.002194358416116385,0.0024309341095086895,0.0023172950260965663,0.0023706129468648585,0.0024516453565915364
150420,0.00250348406142914,0.0028181033758372664,0.002262668632192266,0.00261660125167075,0.002301516983852628,0.0018494429103100979,0.0027651440438419966,0.0021005565778517976
150422,0.0015312197588910476,0.0017421309050111994,0.0016676837789973004,0.0014743667412569494,0.0018701521619313155,0.0015879099980336542,0.0019065052879787547,0.0019047948203763237
150424,0.0015534721872909746,0.0019079418408657484,0.0017652114906674399,0.0019007245329011463,0.0015651145540708372,0.0017317721032281824,0.0017329325146737823,0.00185586667815546
150426,0.001627014367731272,0.0015332676876435164,0.0012812486491831643,0.0014026147182058524,0.001230061564635468,0.0013068820960217137,0.0015309649572364942,0.001180995613837832
150428,0.001959899317531835,0.0021435807820439218,0.0021232710217253814,0.002117646787608632,0.0018414338970187405,0.0020073646437879372,0.0022050432181042745,0.0020795880462607386
150430,0.0026567773521224414,0.0032736544353820923,0.0022434307418453536,0.0023360159082310705,0.002448915085776285,0.0024624714726348973,0.0028630835874141614,0.0024049688206686515
150432,0.002210903472157924,0.002464296390483192,0.0018063672002789494,0.002132908486826901,0.0026303188329746124,0.0020215519738776694,0.002361130085285504,0.0026017245742974288
150434,0.0019666775000987263,0.0021038120829697804,0.0023269662721636802,0.0023110861543857025,0.0019227951397432635,0.0017458599769884509,0.002288747147871098,0.002634949813066015
150436,0.002979171113173751,0.0025823123750673554,0.0028555816630105313,0.002966428064028595,0.0028670341158170687,0.0024796876335955176,0.003118194690267251,0.0023684546483600105
150438,0.0016712242170428132,0.001834218212024688,0.0014033012292871683,0.002093377772952168,0.0016059047359596873,0.0016884034418347543,0.001745740746813676,0.0017553557059313413
150440,0.0028125707899085,0.0030617148806835193,0.0031644676103465136,0.003631989323054974,0.0029229054243382624,0.002803529946643346,0.0031992631048321507,0.00310091159275995
150442,0.0016266252064650738,0.0014381212106818198,0.001432756170532068,0.0014711966388647607,0.0014161186157729683,0.0014038636795585951,0.0013548570384439712,0.0012253831119815595
150444,0.0024831700661998163,0.0027065961292711688,0.002469780753878284,0.002438647529736715,0.0029814387073351517,0.0020897669228761573,0.003027380858751108,0.002223356556230238
150446,0.0020702919523159086,0.0018718215420376882,0.0017914817265760608,0.0017453550666444162,0.0018770003848703892,0.0017194320543772457,0.0019534156913630363,0.0016676417911777458
150448,0.001207055328271825,0.0014521261521805023,0.0012006001560261326,0.0012454768526737325,0.0010729057997347358,0.001386764222432113,0.001248487764469397,0.0012081427569356068
150450,0.0015984499872425673,0.0018535654001277657,0.0018894387181254274,0.0019850800592742385,0.0016490326589542331,0.001942497678948607,0.002115714869210819,0.0018087958478787414
150452,0.0020213553391990047,0.0022585877212231154,0.0017914309551797652,0.0021028703577652963,0.0020531603349445288,0.0016759132259419746,0.0025663539963718396,0.0021150983903206466
150454,0.0022782239118193104,0.0021160901463095905,0.0019798316739019217,0.0020455602559545927,0.001989316734566496,0.002041860609042212,0.002272399354453017,0.0018094404244673457
150456,0.0022344462066118537,0.0026286251890095813,0.002200018544940896,0.0025048587213649803,0.002063360030263084,0.002184493455278158,0.002421199989620426,0.002213635473699696
150458,0.0020371297859478332,0.0023894364631436155,0.0022129747466090866,0.0025175638944419654,0.002194079213122327,0.002235035104442132,0.0022456202882738113,0.0020015214997128883
150460,0.0013195773626502177,0.0016174673969207576,0.0012846792432093107,0.0015887194372565805,0.001578109221341606,0.001552382026407173,0.001493662863874201,0.0014030400003966492
150462,0.002816218246804017,0.002849628970302845,0.002558916645107115,0.0024602273996582463,0.0024723055339928024,0.0028313006851155564,0.0030431764316496412,0.0028509817978639163
150464,0.0024759662908602764,0.002339545540067045,0.002065208986273215,0.0027940294694507456,0.002476185770284245,0.0021604454642987353,0.002173107993587442,0.0029446372531627546
150466,0.0038953997208740626,0.005503740167732085,0.005106218710028421,0.006169902893450541,0.0041184701248973,0.005161679757087478,0.006512892070488496,0.004387924843251234
150468,0.00170792890692667,0.0020524328728810937,0.0019284598075482023,0.0018633753103023398,0.0018036373570230607,0.0017344060713532367,0.001966540050829871,0.0017453438610779415
150470,0.003993962743573443,0.0037413264491897302,0.004001234250608832,0.003984382720177371,0.004194584212871499,0.003035842250479273,0.005764567160271794,0.003750231596794454
150472,0.002022677698844247,0.001917485270219857,0.0019080339418687253,0.0019289931584605263,0.002132074486187685,0.002394149689521896,0.002395618351382689,0.0018733916963845076
150474,0.0021349487596469263,0.002061096170707391,0.0019959721269060537,0.0021368997701199377,0.0018647427590123972,0.0019588376973855848,0.0018722386810492986,0.0018108063300876914
150476,0.002242315729795996,0.0022483955530428062,0.002816457066101577,0.002080618001788506,0.002508521474686498,0.0027003277461613018,0.0026241238121760407,0.002156730837683307
150478,0.0015860157786216078,0.0018056943605557763,0.0018037493716489689,0.0018137640169355596,0.0016081696102789866,0.0019015539020755257,0.0020297900628057364,0.001976604026418194
150480,0.0015597022089547524,0.0017413299162172408,0.001691559134624987,0.0017654763255219863,0.0016883287430985577,0.0019257591745480696,0.0018028492394606688,0.0017296523020542964
150482,0.001509373020287308,0.001640783242612534,0.001576520814205118,0.001603783182799537,0.0017389830479409008,0.0015916578356992006,0.001702949927331554,0.0016452921735977816
150484,0.0021383903141231203,0.001797330921496712,0.0020347607185407096,0.0023223914891606356,0.002096781575888551,0.0018459053179004231,0.002233783789300725,0.0016978044510560508
150486,0.0025067750009489936,0.0023268936727449813,0.0021418105034607393,0.0026247093188653953,0.0022001251329590993,0.002179744100496761,0.0024453502860562054,0.002184566932308965
150488,0.0030903321790579086,0.0031604306583204456,0.002750170325306611,0.0028660855172371047,0.0037466849589551376,0.0031116998476377195,0.003634325033800026,0.0031652644113955852
150490,0.0026323807484090467,0.003175246112379293,0.002364363436352393,0.002792363829090108,0.002545300322221458,0.0025352792309481093,0.0028273316788386543,0.002874924967027903
150492,0.0020642146717487903,0.0021544066259998745,0.002085018314806897,0.0020195837136652295,0.0022743400452274742,0.002022506809704741,0.0020955041010030234,0.0020661198895846056
150494,0.0018637178491644063,0.0023359417273841054,0.001815736937349266,0.0018041148672854335,0.00209291623369591,0.0016539007302857206,0.0020406019975671846,0.0023075007575252965
150496,0.0018538868258453078,0.0024699436756621257,0.0022461336783920066,0.0024832350393971248,0.0019450700363136258,0.0025997768921831726,0.0024924014220495394,0.0023984369779021103
150498,0.0014699066439407549,0.0016230489077640048,0.001760258736756684,0.0018427744021300985,0.0017132765715042186,0.0016570094705417038,0.0014702440165412917,0.0018414374139272965
150500,0.0011943935074676532,0.0012263843093871518,0.0011777420049035592,0.0012724148854875855,0.001093241665473324,0.001346359521493548,0.0013157709876904372,0.0012319748249681184
150502,0.0017340607375795347,0.0019327430918320149,0.0016776940495271675,0.0017678300331459007,0.001692441160044078,0.0017318493072054353,0.0021650267668665985,0.001935308656672588
150504,0.002499090068898424,0.0022403936907278293,0.002669616046159798,0.0034279690367969295,0.0022917251205635397,0.003161479976082085,0.0028417177274314143,0.0025085192357066632
150506,0.0018958663074029186,0.002135725131655067,0.0024236873502923167,0.0019762270870394283,0.002217568926731875,0.0019464783102884908,0.0023821965954901186,0.0021270158353675767
150508,0.0019162995195074473,0.00175984270089935,0.0018071969446060848,0.0017457491519406454,0.0014906360334088348,0.0018903446614682573,0.001980830988636273,0.0017830610108049982
150510,0.0031633247678902188,0.003433350649368949,0.0029250942868736113,0.0031057913934660064,0.0032361067010233807,0.003421619264431089,0.0032924663386579983,0.0037712030373465155
150512,0.002719820262602257,0.0024691957608559273,0.0021106263848458817,0.0018825367875723864,0.002175569110445752,0.0021370292721623607,0.0019520592242932566,0.0021197943214008724
150514,0.0027004771946990136,0.002857673881353273,0.0022559827548429695,0.0029300479333266433,0.002620681179188955,0.002226744858329091,0.0030935603387805544,0.0030181420600520342
150516,0.0023306430077664336,0.0024014708486942565,0.002353324202959195,0.0028319853872882522,0.002205257339780664,0.002152234367525596,0.002272853280376866,0.0024125202026523823
150518,0.002076559124765398,0.0021672162221850894,0.002323040342159924,0.002294904900946096,0.0022641159016773132,0.0020192475609009386,0.00217474626705233,0.0020883424542773726
150520,0.0018005093148611012,0.0018553124055537135,0.0017395177994822403,0.0021689692077162537,0.0022835820108913496,0.001869997830230577,0.0021575513043525923,0.0020653122570368915
150522,0.0022632676173195976,0.002204099037538945,0.002073280679949774,0.0021824390365711294,0.0019037654623793726,0.001980846242241263,0.002051306658118826,0.002324272945583919
150524,0.0019858778271208966,0.002016776157489686,0.0018955720791267172,0.002001381838215646,0.0018266132196135404,0.0018568027426573708,0.002111595522601553,0.002250841310470264
150526,0.001770569960371851,0.0017598089450752141,0.0016913685394683853,0.001967701582240855,0.001695061621677374,0.0016336935445143141,0.002109187979872376,0.001809854674645131
150528,0.002484196370751271,0.0023536538438231336,0.002156243683743009,0.002399578834371363,0.002270064732240451,0.002459381194095958,0.0022947642761089876,0.002132138819540566
150530,0.0024083015098220195,0.0022391676707391728,0.0021094028709907203,0.0022030232190685256,0.002265559378287263,0.001977137698896528,0.0020364898976816953,0.001956410804673292
150532,0.002903663264036141,0.002672167779169732,0.0023613969123212897,0.002507891241311802,0.0023963090843893142,0.0023175464523243067,0.0028217472932825505,0.003548731759047699
150534,0.0011546293124449353,0.0013770675580331848,0.0011601651541166685,0.0013503141646111771,0.0012575541994702816,0.0011475433697216847,0.001418517681930409,0.001377054286902324
150536,0.0035653085335276558,0.003569586405996486,0.003141646219725125,0.003467495509855159,0.003376474084010539,0.0036844008261986,0.0037706585831367434,0.003252494810511486
150538,0.0022211512067405043,0.0024725641217538397,0.0025383826567716566,0.00249891315294605,0.0025472470476246706,0.0024026367999641085,0.002813133880729346,0.0027165918831874164
150540,0.002359780613182108,0.002795141353978403,0.0024782290267924,0.002413786933051165,0.0025147575472872635,0.0021488469618136663,0.0028510748886594883,0.002488188868844665
150542,0.0020285284662194952,0.0022073420704643715,0.0017605654032257778,0.0017835713455538471,0.0017844153514934846,0.0016460272351418587,0.0020695434972606425,0.0019136282768528329
150544,0.0017547174034820423,0.0016993499178541566,0.0015649524422718525,0.0017660862099160846,0.001589618197915199,0.0015718100160109216,0.001706147799268365,0.0015597172155504269
150546,0.0013440031764778149,0.0014539687936383633,0.0015334185220199914,0.001534764981735215,0.0014756838778551412,0.0014192083541088168,0.0014351658954887686,0.0015655363788378285
150548,0.0024671995312358086,0.002225906416682355,0.002077812812839641,0.002362680209731849,0.0022607520582418467,0.0024876440627166208,0.002308262072461764,0.002123501049033971
150550,0.0033545837302057097,0.0021732632487504594,0.0021264001170823305,0.002979354929031397,0.003367449116771448,0.002795324523019796,0.0028963477041093477,0.0027501691531352096
150552,0.0017568225244879582,0.0019302063973363759,0.001936421585620407,0.0016750275902591844,0.001742034813947635,0.0016225557788219214,0.0020356833714641476,0.0015090847319934042
150554,0.001335112370595637,0.0013565792881282818,0.0013548984495775351,0.001381085010650429,0.001258452682630376,0.0012528967532161733,0.001328256165345057,0.0012639618335908431
150556,0.0025313300829685748,0.0022731307018691305,0.002236508393189132,0.0026036954160757464,0.002753209042100427,0.0027246001179897505,0.002211108418861907,0.002334446478333821
150558,0.0022005913548306527,0.00183449678972597,0.001616972420286411,0.001941614121738336,0.0016694675322350694,0.0016664973703176683,0.0018504068391881484,0.0019741952811181407
150560,0.0018029995095282386,0.0019006865285433605,0.0018963325129492947,0.0019614802428702532,0.0019778049736296627,0.001987931911801369,0.002084750239191635,0.0018332045975102407
150562,0.002022005576542432,0.0016667045051035334,0.001767574105790773,0.0017624237916430557,0.0017491240431391497,0.0015882763877437256,0.001881666329224277,0.0016136294185136735
150564,0.0017171277805351354,0.0018193780358927297,0.0017665142563605546,0.0018650036959902416,0.0019869430953376455,0.0019349550122280679,0.0019704522919453127,0.0015965521690898404
150566,0.001757263813886356,0.0019082581829332895,0.0020514389394267335,0.0020330682196159078,0.002017856708245183,0.0019647962500448646,0.0019020786453999433,0.0020713803008888393
150568,0.001896389292069936,0.002253478322312985,0.0017966363972559685,0.001981420284716942,0.0023429379071429057,0.001995998756147088,0.0022510201739601166,0.0018783156684071406
150570,0.002946782062020606,0.0028762901784153,0.002650436159590319,0.002675713039934635,0.0026757404032895643,0.0025067664211866347,0.0027870662240667837,0.002388668794890539
150572,0.0031339410719657956,0.00281360454934855,0.002941478883758744,0.002803747712720517,0.0030729758249186667,0.002385886121560446,0.0029217861295993824,0.002770090986492557
150574,0.002288811307903385,0.0021689660848084463,0.0026199878134756105,0.002474295303767582,0.0021545708950867493,0.0024203528258004564,0.0026244177024154075,0.002489430327946851
150576,0.0014760562622520568,0.00168311066255257,0.0014693074102694603,0.00164403158689376,0.001715560670593419,0.0016749879495073922,0.0017686728134977958,0.00184622896000608
150578,0.0014734325404275328,0.0014582845940404182,0.001514728718494729,0.0013719571043942086,0.0015480199327933541,0.0015393936684376386,0.0014663978101043945,0.0014664802656683684
150580,0.0029767328364005557,0.0026094921477332195,0.002761653548560297,0.0027636264728604504,0.002778908905074498,0.0025952574042249626,0.002560858012646064,0.002467832403717729
150582,0.0024040251365659154,0.00258804736450019,0.0019175991346322974,0.0025085781958422704,0.0019245492954850368,0.002329965042002835,0.002560395410316829,0.0020484322809191102
150584,0.0023152020109241805,0.00214805025194921,0.0019762529218072533,0.001980290186817682,0.002172047405352373,0.002225461069757087,0.002506831702356341,0.0021375073615531037
150586,0.0015626083605741053,0.0019795830448470775,0.0019187343747260194,0.0017640058980037399,0.0017409938418531112,0.0016766950609801157,0.0018278400163047742,0.001715461303464727
150588,0.0021011859610892275,0.001858291751026267,0.002244745824143912,0.0022948527907323962,0.002252303533439637,0.0019972295537318413,0.0023153357319394274,0.002099227772278889
150590,0.001988963173516503,0.0019104827557194781,0.0017543931466080936,0.00216167503046151,0.001893404836459181,0.0021478192440787525,0.0022441475303958264,0.0018903559992817925
150592,0.0017583421297545088,0.0020178356231923544,0.0021964784951001293,0.0020347005600945267,0.001876493636180157,0.001861047202335167,0.001807962568536825,0.0015945334952915946
150594,0.00126967336089856,0.0013250666931077237,0.0015159462696781034,0.0014588073022597237,0.0013141701899179736,0.0015279057875750568,0.0016240281843500487,0.0014674402303854195
150596,0.002334431359069314,0.0027265033535402022,0.002641829627372305,0.002777160219895658,0.002691672218404273,0.002647785178003584,0.0022581076062986316,0.0027078951867714474
150598,0.0018112400788226207,0.0020816750671276557,0.0017664957807173587,0.0019954269322491336,0.002067865727835072,0.0018428204586806718,0.0019201402666913503,0.0020063409698428125
150600,0.002456038443511291,0.0023247708204082868,0.0024014365280779076,0.0023429490869090325,0.002908227467866689,0.002380445234309525,0.002665496265361403,0.002987044888813975
150602,0.002221705689964326,0.0024935285957164433,0.0020914371967524353,0.0024856355592262624,0.0021592640250135547,0.0019916153148011873,0.0023121013406100094,0.002348522813133705
150604,0.0026603661925617694,0.002629732318840894,0.0025028619160428894,0.0027345581214923698,0.0026922238478308685,0.0025819545990129478,0.002905938893352167,0.0027565498523005605
150606,0.0015881430692543802,0.002182080543664658,0.0015076468857695563,0.001877517855553068,0.0019461016251325902,0.0016635058462558666,0.0023063846041146974,0.0017597392465738132
150608,0.0033045122955255857,0.003925156318055123,0.0034417636075695507,0.0037426727821421313,0.0035777799439615926,0.0038275877525773133,0.0033986045888237393,0.003874038437187713
150610,0.00191860089561674,0.0017744354094093584,0.0019283207557805326,0.0017347365442166862,0.0019485043575096506,0.0019147884230031331,0.001833551370822431,0.0018156797913713163
150612,0.0018665771047793461,0.0021656660816191803,0.002318276418855625,0.0020005586343855436,0.002388504206560574,0.001998855773406527,0.0022313603412982275,0.0019142342211076468
150614,0.0037783413073464445,0.0031780260293681195,0.00342178008345706,0.003951480404948748,0.00361406026948842,0.003038165392291861,0.0033621427522856906,0.0038964883949610396
150616,0.001084880910706701,0.0011287318717245753,0.0010280691685491533,0.0011725299009214402,0.0010838722905318066,0.0010471138205903063,0.0012174548015920217,0.001165170175459418
150618,0.0023209318115391397,0.0024515686241746715,0.002147090390372877,0.002055373894720214,0.0018172544919543704,0.001902145258863508,0.0020058347365876777,0.0019489977125331515
150620,0.002655332051348047,0.0027149087281073125,0.002564727863310981,0.002980744711584063,0.0027305419055858593,0.002197862177594212,0.0027523736674626154,0.002518693751613066
150622,0.0018130863111667228,0.001977486894173555,0.0017809798407325689,0.0016553202939782047,0.0015271556672207809,0.0014895790789817287,0.0019936364353715513,0.0015232199754910969
150624,0.0012887509231804817,0.001511289853014297,0.0012183669330770308,0.0012132926698971702,0.0012452086675163176,0.001271919008666647,0.0012423884266639235,0.0012766686141153644
150626,0.0031082051097419683,0.003709728304630136,0.0036163807999234493,0.003297877044954378,0.0033034814679675645,0.003131945587628651,0.0033935345690073865,0.003468315107314504
150628,0.002647509917026572,0.0029900288029727357,0.002645038576681316,0.0025654708617963706,0.00301141786326653,0.0027360400213200103,0.0022427613485138803,0.0028916946752462064
150630,0.00238696092072882,0.0025340196393473097,0.0023863869121898557,0.002488263942304947,0.002480039737007625,0.002231253351258289,0.002212965283330051,0.0021412636687184183
150632,0.0015708318492793083,0.001429602130958385,0.0011532203478586411,0.0013468412644658395,0.001257823446487727,0.0014672136229985089,0.0012718600201079427,0.0014452566761444935
150634,0.002032026256775732,0.002420110544415488,0.0021065800474177193,0.0020009152241626943,0.002051057292456415,0.0021274409116509574,0.0022259261015525333,0.00206256410359984
150636,0.0015066518774693588,0.0014688624911960435,0.0016593006792151588,0.001658741080178494,0.0017367175585383254,0.001500712969764742,0.0016382699303427728,0.0016005867899927667
150638,0.0018331908803810443,0.0016524705693188313,0.0018044629927916334,0.0020293406222979954,0.0020087515424819374,0.0020125394055593576,0.0022334292022109375,0.0018065293338104388
150640,0.0016326300740959199,0.0019796410568967554,0.0015592555751015175,0.0019711716944984664,0.0017965407093479963,0.001797731778961309,0.0019464845558120475,0.001965939757806512
150642,0.0013137369938631682,0.0013119004853530264,0.0012780293247617452,0.0010640533236428024,0.0011811722906651667,0.0013776352352191795,0.0014200510838894426,0.0013870691614493863
150644,0.0020370443720323927,0.0019209268375714045,0.0019650512148681187,0.001925870668618171,0.0018317122834866778,0.0017243898817201342,0.002122462248515866,0.0017642850380639175
150646,0.0017783518880210014,0.0016856917740116217,0.0015392556944449631,0.0019418918739155938,0.0015723730724475637,0.0016885366178610028,0.0019679461588664737,0.0015703777195753
150648,0.0016411402885468385,0.0016136300170934703,0.0014620076221066314,0.0015770965489672606,0.0015264755930957663,0.0013844490012184796,0.0016049109414419949,0.001449284109523108
150650,0.001497976578708704,0.0014311178346968628,0.0015825662327495493,0.001764983923867161,0.0015571074484700548,0.0015784135008412026,0.0016746010194217953,0.001545504329549377
150652,0.0027309296890598578,0.002458835856647759,0.0023470711880746453,0.002814678817120289,0.0028114613695828933,0.0023014665857781225,0.003071492027977421,0.0024798824190114394
150654,0.0014086464003500027,0.0017729807055042457,0.0015954190189140238,0.0016939645588100044,0.0015834519853028528,0.0014455801602992896,0.0016664228536092396,0.0013786965217557068
150656,0.0017247280627975675,0.0015638838935333604,0.001928779154819052,0.001430725235739061,0.0013141950387398627,0.0015020146769906262,0.0018435155346947646,0.0017471512234258496
150658,0.0012359807734165784,0.0011011572926689223,0.001281862376486101,0.0012039063634894376,0.0012357874718583184,0.0011378943690423804,0.0012988752000633874,0.001279591439995953
150660,0.0018939073784671884,0.0018820784223640974,0.0016914408540513737,0.0020507978197887994,0.0018047434164822906,0.0017443488879612806,0.0020403872745878987,0.0021721394238716357
150662,0.0025046264157473908,0.0025613161319229527,0.002411894463192135,0.002582777710316897,0.002757544704540829,0.002447017000609064,0.002345848792168606,0.0025635948940581077
150664,0.0018517403461374565,0.0022599918898803667,0.0030473467462584086,0.002666821590259494,0.0027227613051714755,0.0025681596113470567,0.00232308810304499,0.0027074245283253973
150666,0.0020551759596748043,0.002454075591487248,0.0021425622565749425,0.002088531424677742,0.0023752142598623127,0.0018831429626564727,0.002331042280426368,0.0022386896244706023
150668,0.0024188311626416464,0.0026008376539649186,0.0023792305309131567,0.0027387843293719266,0.002208729870293094,0.002264700541149134,0.0023045601193347753,0.0025215176328599598
150670,0.0019540032009449093,0.00188105069766209,0.002067447662178701,0.0021057997601532513,0.001816928953417618,0.0018620282962145268,0.0022227590123464896,0.0017385182755048079
150672,0.0020508184015466946,0.002539527312903689,0.002401293771550128,0.002327086674686285,0.001989851123299094,0.0021194783989955113,0.0023342780092961007,0.0022989545303247483
150674,0.0017399196163445652,0.002348358169576917,0.001913610676893343,0.002233877106370699,0.002036384324097376,0.0017545441922806188,0.0019762400044022327,0.0021125477604205245
150676,0.0018576735329838834,0.0021292540620866524,0.0023725824217884495,0.0018718615131598781,0.0022782253343065495,0.0021552947911486348,0.0021679679105069405,0.0017317032722176245
150678,0.001065194686736215,0.0011922781177356456,0.0011432302740246314,0.0011611167542491807,0.0010799514541398741,0.0011295032215530437,0.0012066771732230919,0.0011293504828824436
150680,0.001646272695206688,0.0016046679877215753,0.0017890880549825822,0.0020926660556930404,0.0017522451948060458,0.0016257908453740644,0.002173525145865454,0.0017308987949613552
150682,0.001310542085666333,0.0012397350741833457,0.0014335558020561884,0.0015137310857556013,0.0015517541758470893,0.00177976447396401,0.0016017650104743902,0.0013725146185085274
150684,0.0015674029940693779,0.0017300195090280829,0.001535655358608834,0.001477375585015095,0.0014000038838585388,0.0015045605391562772,0.001734253102555705,0.001623606356724372
150686,0.0018273657462209436,0.00212718833493121,0.0018145053232763164,0.002123995478251539,0.001934142637342165,0.0017369290121197617,0.0021067414570387216,0.0017797745322035846
150688,0.0019509661625897318,0.0017603165668198528,0.0017571092157526863,0.0020518550459383555,0.0016623118117429364,0.001798718160700652,0.002178911773259587,0.0017960670443657595
150690,0.0024463646922692206,0.0031112767681386183,0.002636714356836267,0.0030181428786864167,0.0025221795101065952,0.0023933892834376302,0.0028118722404824187,0.0024569693835108652
150692,0.0014871703372278944,0.0020683987042469237,0.0016477721520482547,0.0016499195677193712,0.002100481112833466,0.0016101921110757283,0.0021396501203311408,0.001738513926323515
150694,0.001582909180493211,0.0014894062630511767,0.0014134288509615317,0.0014330170487153598,0.0013297772148314208,0.0014296787563017888,0.001720021882933423,0.0013580689637360255
150696,0.0013247309538560459,0.0016079404517982537,0.001649455960961499,0.0015277100862479132,0.0014673234997099188,0.0014177988430008615,0.0021594939163632892,0.0015125462985266097
150698,0.0021474926084119605,0.0022452647629350175,0.0022660140392363193,0.0023033452699472573,0.002592708147066705,0.002285834873384296,0.0027058786993559014,0.0023065985811859258
150700,0.0020019878510825345,0.002405401815526745,0.001961018303955356,0.002443902183266511,0.002619892091973011,0.0024036167391579127,0.0022776773539674583,0.0022256269712178783
150702,0.002029822623162439,0.0020259112086524894,0.0019953320799787205,0.0019444155349824938,0.001926179991644364,0.0016505152103719056,0.0024019845919092675,0.0018106249827124637
150704,0.0016807975698263228,0.0015852067318831292,0.0016336977605446723,0.0015794493957321937,0.0016476880749039524,0.0015830559153793278,0.0017853713143950595,0.0015323584623416764
150706,0.0023829159417437934,0.0022079291363894527,0.002618480116983124,0.002203565292429724,0.0025920272164397518,0.002255091415105659,0.002827434683244215,0.0027508678115826385
150708,0.0016060253615708536,0.0017131433485195746,0.0014632445561744284,0.001622636511176126,0.0015016474050364437,0.0017849837990733253,0.0017400314993674115,0.0015679443139955535
150710,0.002617860234172875,0.002589234629814252,0.002295889038450627,0.0022878158593506726,0.002776031897443687,0.0026741312134401923,0.0028561112157063917,0.0027055810578071604
150712,0.0017024189823272723,0.0016728672436628345,0.0014812579449912655,0.001605361379725792,0.0015190181316349083,0.0015287600890621228,0.0016149411732071517,0.0018005709638747036
150714,0.003374934312884728,0.0035525182822349066,0.002847483243434548,0.002899468918840853,0.0033215959092825487,0.003274221427443727,0.0034168979259355248,0.0034796414198512565
150716,0.0010597450077681203,0.001438586035013692,0.0013409290716560746,0.0015044573686120444,0.0014970989240748467,0.0013867367545942338,0.0013863311501145642,0.0012710128083917027
150718,0.0020898844300124703,0.0022108232477444645,0.002271907830089806,0.0019057239523579406,0.002206789732664541,0.0019229865940108143,0.002606480572783454,0.0020011751881380407
150720,0.002594031949967379,0.002582722428263795,0.0027653313207570834,0.002755624796890302,0.00266788901436521,0.002319567323996241,0.003053415510200788,0.0027737857502491275
150722,0.002581499180277516,0.0021193809857609214,0.0027295834665941876,0.0024988189244790626,0.002775423075457986,0.002375211718073658,0.003102188761076055,0.002182314082787906
150724,0.0019182347493809093,0.0019765689145537224,0.0019266194954004195,0.002175446091023936,0.0020838206130197184,0.0022287690181203162,0.0019229640502658185,0.0017208844073040575
150726,0.0013344607119381013,0.0017268095497522395,0.0016226070991565283,0.0018392345689956097,0.001672904726149907,0.0015993526875162645,0.0015936187719476497,0.0015084926116917807
150728,0.002250535915720775,0.0019576764778928557,0.001995156359624453,0.0020501139568321336,0.002086758163246785,0.0016054231744000447,0.0020855089242011737,0.0017516913396602996
150730,0.002236701838015165,0.0030583814197202575,0.003073189772315965,0.0034307361212546628,0.00292638510452381,0.003241073038239506,0.0033835978722996374,0.003303921273767385
150732,0.0013032554659720003,0.0014504489677380494,0.0011886236582996923,0.0013478441238792827,0.0013770017559702197,0.001256996772736066,0.0013210273605363115,0.0013884735897835704
150734,0.0031468956546089194,0.0025387730647642576,0.0028360834353341607,0.0024090408767598603,0.0024597466335762874,0.002810624708016865,0.002980850473597099,0.0029164688861493815
150736,0.00207321961549628,0.002224374427526113,0.0023523202417968236,0.0021344647605517353,0.0019148340667341501,0.002114778021259159,0.0022161432778999984,0.0020753540122486758
150738,0.001867396415278444,0.0018343812715484464,0.0018599191997238501,0.0019064675511879514,0.001914632586363929,0.00213020683403059,0.0020236029710682946,0.002175512117964795
150740,0.0019501678713757103,0.002011174588638656,0.0020883090874190963,0.0021784280321868743,0.0021501796311440557,0.0021727419328989583,0.002250051709575873,0.001983072571661637
150742,0.00220637569965515,0.0021919773850620633,0.0022930096833789215,0.0023330125260502405,0.002382909758831042,0.001970536959635061,0.002333067226989796,0.0020849305419590736
150744,0.00219984416552145,0.0020427683696058185,0.0019091868569278692,0.0018698905428424784,0.0021704382645498926,0.0020511635831382963,0.00230759345441639,0.00215883889674863
150746,0.0016164691319021096,0.001904492421670248,0.001760596040079554,0.0016710405577713972,0.0017456538950197942,0.0015256105807304743,0.001604682910638644,0.0014759028376248318
150748,0.0024005431830037005,0.002591631976287312,0.0018694456391061959,0.002469243520346831,0.0026535340381104167,0.002084602941019323,0.0024736267704175696,0.0025908256584666334
150750,0.0019734879043612624,0.0018972592544594935,0.0019064330678953412,0.002097036776390837,0.0021071022572561326,0.0019044547048058386,0.0018106734890752652,0.001608121506558105
150752,0.002119823479378502,0.0019539073623548037,0.0015819003029600293,0.0019048117293997274,0.0017289963845806972,0.0018427107554831595,0.002272460443564897,0.0019287735921915683
150754,0.00223801847160221,0.0029387155900149203,0.0026889296003068802,0.0032325703023698,0.0030783159962757822,0.0023549509444507066,0.0028362492917399923,0.0030313819953422527
150756,0.0016414228139539078,0.0017376606600783134,0.001370585605162733,0.0016064905888988484,0.0016823129700804934,0.001695566567790019,0.001890818611067005,0.0018785223331191508
150758,0.002655333587059383,0.002762072119308956,0.002484269155825794,0.002845857387700615,0.002783130320680241,0.0027181613563007634,0.002827891490775336,0.0026618524554827966
150760,0.0018283207194882412,0.002214906379911563,0.0019128933844605456,0.0023154336052639973,0.002064353800435903,0.0018326132125357497,0.0021239934180103948,0.0018570274846268497
150762,0.001776974096677153,0.002264880663603641,0.0019060778430737835,0.002606327662375618,0.002076872850858502,0.0020400830469530368,0.0021378049888678974,0.0023092866633513953
150764,0.003297430368418619,0.003043949592865816,0.0030454645500671007,0.0031247920950633473,0.0028210286102956506,0.002931332985798077,0.0035543556662882697,0.003193891414288219
150766,0.0020643043770563474,0.0023377494105392277,0.0021827704076565896,0.002171298829006796,0.0021255855955502057,0.0022754971093790766,0.0020209982723967124,0.002407223012845572
150768,0.0023013682932487983,0.002572065579507843,0.00207942224419444,0.0028488606149525003,0.0027652572711769907,0.002931557273671573,0.002799002566168954,0.002886025439080564
150770,0.002080115395131088,0.0020626733990593143,0.002021225036307764,0.0023476678848650817,0.0022538426327267658,0.00200898797067596,0.002627351399507441,0.0021729166240491843
150772,0.0023774926123171364,0.0025182723622686615,0.001969498913826487,0.0022963220972258697,0.0022421417987951303,0.0021451240348958067,0.0021125826901604583,0.0020320880549862808
150774,0.002606085753578624,0.00279038145898082,0.002343536242431346,0.0022938071423417444,0.0029342356754247373,0.002681601694941596,0.003224089733670832,0.0021761859975611003
150776,0.002912457091198084,0.002490778442165942,0.0023699792459680596,0.0026932673435258736,0.0027389512151849843,0.0022285213995315717,0.002740179619987862,0.0023106470497472748
150778,0.0019519841714266684,0.0018312792785502158,0.0019724523904598446,0.0021097584234857636,0.0021411071475405663,0.0017818707233679398,0.0022202709882643834,0.0018871892128803497
150780,0.0020196543628736713,0.0026921739785162324,0.0021226987541134307,0.0021766733133105204,0.0021595074193983543,0.002107195967768982,0.002310704353042717,0.002226281850277234
150782,0.004631801985732986,0.0037700354829418026,0.0033099744655276653,0.0038440756322289382,0.0039026777979962596,0.0036962623362302716,0.00332341939807268,0.003224065619756092
150784,0.0026293766212829445,0.003314511560835745,0.0031163452224538535,0.0031665924962856473,0.0032419914198705962,0.002736844460013002,0.003182723155054426,0.0028881936443527767
150786,0.0022385433299494523,0.0025235667782257942,0.003182881200791146,0.0024035173847492125,0.0023660802418941224,0.002012850263547042,0.0027147018156359476,0.002280822113470471
150788,0.0018493368550167588,0.0021384016838000286,0.0020077255118634008,0.0018621517549084615,0.0019447210866564563,0.00163268125245275,0.002000015146057743,0.0017633585157761505
150790,0.0016262081493911978,0.0014844575219297718,0.0014068234923936829,0.001468711439643347,0.0016337143235737456,0.00134895489718595,0.0014351531940557383,0.001467478190260732
150792,0.002307456736101665,0.0029895207888235853,0.002842459299278191,0.0028002203127039937,0.002207991103178944,0.002523938827025951,0.002675759673341785,0.0026215298951798444
150794,0.0014678375490407292,0.0015957606777341482,0.0015230423112699981,0.001627156220323167,0.001462198499243783,0.001598966848792585,0.0014472627480364292,0.0015217597144957656
150796,0.002687684927781833,0.0026582096013611084,0.0021986551450595138,0.002670294002060425,0.0022056754668120654,0.0023430540337559536,0.002593517413773727,0.0024226226490817737
150798,0.001826318365714688,0.001966189180489089,0.001999121932974149,0.002114181891022318,0.0020280959419954336,0.001470521713803477,0.002236822701232613,0.0017901931126277498
150800,0.0014701231749958965,0.0017005412021642435,0.0016665083198519476,0.0019568039765133355,0.0016130296973462799,0.0015422431017621113,0.0018127668561623983,0.0018590074066038437
150802,0.0009777878061273532,0.000979151194554509,0.0010137308206275564,0.0010089583640591204,0.0009372299858922961,0.0009182194021525349,0.001019271767077612,0.0009370792220497887
150804,0.0018365901493757608,0.0019242218010824402,0.0020823311944362516,0.0018835733253619313,0.001980757705831185,0.0017363400170486987,0.0019177733635147853,0.0019187180567373924
150806,0.0015676413403192258,0.0014827350824910823,0.0018458512202566002,0.0015843857323423333,0.0015472408587848818,0.001500841123472721,0.0017091413671014438,0.0015452003102006812
150808,0.0022893805893509644,0.002563875566412799,0.0022951900899228495,0.002510636263975352,0.0021745753241858012,0.002397498589241223,0.002553167358678776,0.0021531310735734
150810,0.002383949692036383,0.0021372631435047224,0.0020120143440661153,0.002538747912575412,0.002133522049316286,0.0023356983072480575,0.002236425943838785,0.0021967808983360815
150812,0.0022865747923875995,0.0021161449841061164,0.0022384844609729115,0.002305234021392266,0.0020720368387862204,0.002229545729287699,0.002480234907305548,0.0023667181333537762
150814,0.002539423686312381,0.0026953738952218004,0.0020938581141374257,0.00221397551493209,0.0023793584563416292,0.0021240298157510495,0.002300033509839372,0.00233313380465644
150816,0.0019129276002638612,0.0020172024535727306,0.0017660830788237547,0.0016842060402746384,0.0018636084906138578,0.0017583933673593344,0.0017028724478587165,0.0017372920219221322
150818,0.0017186804708224784,0.0017763447500276919,0.0018670216670679807,0.0017888529669425474,0.0015894595746255291,0.0017156804087206101,0.0018064409828003059,0.0016647717476780954
150820,0.002643617159129877,0.003196267931729682,0.0028398433762993336,0.0027337820670050306,0.00289047642360174,0.002863987031527737,0.0028977191951500836,0.003103350390959214
150822,0.002163923096320089,0.0030793933519959182,0.0020694543560622614,0.0023479245636162105,0.0025425394147338687,0.0025714043666802966,0.0025468725327898595,0.002458935608979154
150824,0.0022577277285201897,0.0023819198688559973,0.0021743314295328275,0.0022105584124167965,0.0020238674213064606,0.0019518413116239586,0.002456604150401623,0.002131839866890195
150826,0.0017932374086516156,0.0019287516689731193,0.0016512677866140635,0.0019924320207600488,0.0018259706852192942,0.0017713265325581262,0.0018821239977879906,0.001663314407291186
150828,0.0011567194122822505,0.001622099933814583,0.0014124416391086414,0.0016227340529448853,0.0015293547165953214,0.001425305950547795,0.0017204282406436122,0.0015039236548109042
150830,0.0021371742777759467,0.002582066283056697,0.0024304382161073473,0.0029112147752954343,0.002577854250164227,0.0024954286272640402,0.002737179677699389,0.0025065579001729704
150832,0.003243498441431472,0.003715369777236577,0.0030159251962056377,0.0029152784134767323,0.0026821943506367824,0.00266642184219458,0.003207257794032428,0.0030247221414478886
150834,0.0019456891539737647,0.0019437171274495763,0.002168547982453417,0.0018811696149647616,0.0016868908084921724,0.0019985586549973178,0.0023933506466597976,0.0017856603255790443
150836,0.0014857854753315275,0.0014243677434331303,0.0016664167706861854,0.0016391409696447923,0.0015047715151468438,0.0014428396230101725,0.0015333114492711714,0.0013535741554273617
150838,0.0018879259498734285,0.002096124540185207,0.0020204774669713294,0.0021687433231849657,0.0025050164566806643,0.001982306217647223,0.0027775941000886123,0.002267642255520619
150840,0.002742775774422279,0.0031448170813437454,0.0026186063136788423,0.0027885441835229785,0.0033634225006018426,0.0030491813879741786,0.0032643636220800604,0.0029569274930945633
150842,0.0023073654735123045,0.002082542673038104,0.001962198005878657,0.002386213303673168,0.0018829318410065188,0.002226634463276325,0.0022068103828341012,0.002182467578048533
150844,0.001867311417541595,0.00211044018251233,0.0015979486964757955,0.002182622819108318,0.0019509582644322704,0.0021314975935644714,0.00219323333650491,0.0017323745879735952
150846,0.0016662382418393268,0.0015848673912610828,0.0016277266984681682,0.0018181877581433664,0.001563753959793468,0.0017204316400360048,0.0018746995858773957,0.0019123254468267487
150848,0.0025050559845119502,0.0024818032272134888,0.0024912908658785704,0.002567444537551325,0.0026144510475423766,0.0025255546004301355,0.0021897796382936013,0.00223643475245755
150850,0.0024963558343828046,0.0024398158458600744,0.0024971800803352956,0.002683012832452647,0.002240559089829175,0.0024883356719660604,0.0023531579454925122,0.0025745653538722935
150852,0.002061681386682515,0.0020350030417342624,0.001867582837543194,0.0019851135868643177,0.002165310702495482,0.002252838197680518,0.0021171047605644255,0.0018305453915252873
150854,0.0026405740822433993,0.002661086019306938,0.002726596334652831,0.0028700429052169185,0.0027544429858372826,0.002820738946781809,0.0029174644188794674,0.003044012485895975
150856,0.0018512802960835018,0.0017375407785100855,0.001731944186739165,0.0017253890503549224,0.0017307422613828255,0.0017095294945066591,0.0019534347906216,0.0016257806312603429
150858,0.0016004866373958843,0.00171598687094833,0.0014219614856931934,0.0015915312117267266,0.0018872778985612598,0.0017792480844178726,0.0017097744070895815,0.0020467752271957768
150860,0.002965729731396971,0.0031722445807683824,0.0021866328040590077,0.0033780908535577248,0.0032274589528729636,0.002396717225283687,0.002778039009720068,0.0031944830394349394
150862,0.0018591012100960397,0.002006619976048507,0.001666219081730702,0.002058067568796673,0.0018637696347739152,0.0017488174400775436,0.0021673660638161923,0.0017907646867044158
150864,0.0020112678118886507,0.0030103418373963464,0.0019521346077914364,0.0026787504552838876,0.0028649344852152425,0.00221155478010715,0.002571894033843114,0.0028247060964270987
150866,0.002004440506102656,0.0024744731992525915,0.002277379032876503,0.0024558397968861417,0.002136077385981816,0.001965844617958512,0.002559035367810658,0.002472887190219597
150868,0.002206072636718126,0.002357234391082097,0.0018625308372533511,0.0020010052097816505,0.0020064470967116055,0.0017782953334100071,0.0021421791218773217,0.0017554712058165528
150870,0.0014343048656067503,0.0019158885883483467,0.0014148684174630916,0.0018076913981169285,0.0015165558089936942,0.0017820078503941184,0.001979228692553084,0.0018877550244409541
150872,0.004519018547478881,0.004221356694872336,0.0037856664827255054,0.0032770682135480206,0.004211447612989583,0.0035042862693974858,0.0040407271955311685,0.0031716797749309494
150874,0.002321423584762672,0.0028063142020775533,0.001824080354035973,0.0021302848944426828,0.00250499706578311,0.002082251637742019,0.0024781296256728425,0.002346273184069561
150876,0.0013595155020724864,0.0014971882923839885,0.0014721710099117047,0.0015965057279239275,0.0015226951544686923,0.0014083030298265437,0.001600895017345741,0.0018032295139482901
150878,0.0016748705546479337,0.001688121187252714,0.0015995940465964864,0.001483506354603925,0.001457001695663443,0.001368058779008377,0.0016128112637403547,0.0016306097723306628
150880,0.001800524806052417,0.0017169314281757636,0.0017811244800181175,0.0017811829662662954,0.0014234377159694223,0.0018420442907958329,0.0018435750364759335,0.0016711276652223717
150882,0.0020719371305672057,0.0022392632156035402,0.002035918017471383,0.0020584434447536992,0.0026247429092352142,0.002331440508030136,0.002727476426873432,0.00222975751912359
150884,0.00248263249201576,0.0027379948100563767,0.002899994099419115,0.0025308720296171594,0.0024929143846735974,0.0026521717309169746,0.002930144322654593,0.0026880526595057935
150886,0.0020353546208662365,0.002376081452276857,0.0021334463385725005,0.001965191584687012,0.0022490470596884388,0.0019443524563361875,0.002257753925961739,0.001803236790806198
150888,0.002107174421006733,0.0020111144457529845,0.0020854527835863085,0.0016817479759235199,0.0021106736213027943,0.0017389106561713913,0.001995509139373755,0.0017709377226871603
150890,0.002465778639671401,0.0026846281663524124,0.0023201583612689897,0.002588672426508523,0.002278707938732985,0.002540022196578784,0.002756130135617499,0.0022667273317376196
150892,0.0020287563233583605,0.0021032380018804475,0.0019173867427117047,0.0020899419926847518,0.002159210708587281,0.0018971210076413336,0.0019899717694906727,0.0018721642115583498
150894,0.002669107924411787,0.0032064152228707954,0.0024798939208656723,0.0033942503164575144,0.0027836664779185144,0.002641426013074488,0.0029533211825017447,0.002307728745112536
150896,0.0024418712891090127,0.00262861754917193,0.002629512631686662,0.0021988336697920247,0.0024743616432111454,0.0026783725638873795,0.0029229312040721656,0.0023703296390849143
150898,0.0015644431711026169,0.00171743529829739,0.0016752419633745408,0.001831049086162953,0.0021251315100073165,0.0018273772120652176,0.002098174449850776,0.0016287043781653687
150900,0.0019276216467554314,0.0018096968292770216,0.0016562995536626574,0.001936797988611405,0.001973451165278528,0.0016433434838715316,0.0019010227341248603,0.0017704542783327781
150902,0.002081389870968453,0.002596908372760831,0.00288216464016168,0.0033894056294388047,0.0023039124220587542,0.0023543854976824097,0.0027552681150955355,0.0024198085343754006
150904,0.0028491708080587014,0.002692387376033223,0.002306957140266519,0.0021196011977414053,0.0023914771372858384,0.0022380734572335914,0.0028041572305306794,0.0024408938885978615
150906,0.00297453367377859,0.002561523901576393,0.00263001620644078,0.003328025010061589,0.002698937995415429,0.003004531271378133,0.0034148935305701317,0.0027195533271234945
150908,0.0024134311462411517,0.0023855898937036463,0.0022789206280944413,0.0022442558880106933,0.002501732634592871,0.0023060765375039344,0.0023620319995787953,0.002202060241605755
150910,0.001961306019518508,0.002272907981866315,0.0021549464896200576,0.0019725407410604717,0.0021475623530542998,0.002119034912480125,0.0023483390337484256,0.002232553946845975
150912,0.001646201957301155,0.0023180084521868954,0.0015106463333594555,0.0019160386057279766,0.002610722009312172,0.002012845583786463,0.002205954706767224,0.0023143384741031725
150914,0.002067366018956976,0.0029987369265294106,0.0019909377355756264,0.0025460089223244275,0.0028896845574955116,0.0024046538733691336,0.0023661364163827248,0.0022742274106585386
150916,0.0029271106343600195,0.0032911287818460644,0.0026323776902903995,0.0030954842811417027,0.0030305989474406353,0.0028465331148720546,0.0028738923841479386,0.00280743602867789
150918,0.0017311207438110987,0.002116090489043612,0.0015905035443691262,0.0016767701120912748,0.0019516609339034208,0.0018562412682363721,0.0021013058380359717,0.0017903478983640753
150920,0.001601955259785251,0.0015072193390530814,0.0014726839061430241,0.0018844565150366727,0.0015359660295178323,0.0014773509568408727,0.0017274201509265286,0.0016273840389074423
150922,0.002845630440864222,0.002588163728725959,0.002309016710639933,0.0026110368486821495,0.0025184914653719886,0.002233989441579931,0.002918031876104843,0.0025278398777640043
150924,0.0027069147591100157,0.0031239945747643105,0.003583102574431729,0.003680227337277353,0.0034108860689274767,0.002932968547775819,0.0031136186122522475,0.0028149274535583246
150926,0.0014355074439843657,0.0015754027808692062,0.0016789009216255923,0.0018588056728646857,0.0017300464700631957,0.0018493189124280107,0.0018865963023088211,0.0018944343086246818
150928,0.0016629801751908563,0.0016675718126531042,0.001717610990983387,0.002182704966835494,0.001683331360292764,0.001695398141803986,0.0017787072600705806,0.0016551638817946662
150930,0.0019892682177503757,0.0021357399374593578,0.0024370535516796826,0.0019239090405298587,0.0019159463117318781,0.0020677295300055576,0.0021779179191616788,0.0019634592766816367
150932,0.0017930108817731938,0.0018828710608573829,0.0018653972273359326,0.0016747296862471561,0.0016805761219478854,0.001975711751827147,0.0018456153125793323,0.0018587266527595597
150934,0.0019233211717878534,0.0022390890504792177,0.002154172510145713,0.0022571255832848913,0.0020521908641966263,0.0021047420554937274,0.0024574879208199563,0.0022410556764729805
150936,0.0013593122206535663,0.001503827151433726,0.0015647788445827815,0.0017490558029376185,0.0014610229510521183,0.0014327962173155684,0.0016226620218171561,0.001504479331792874
150938,0.002597202253874775,0.0025357144216837796,0.0024507246468430943,0.002514649943881078,0.002561547657990104,0.0025123848289361345,0.002424764392459103,0.002074597855497906
150940,0.0016955671813790318,0.0018644499907960604,0.0019613601335190106,0.0018250099601657827,0.0018062804364950141,0.0018931227937116907,0.0019526652961339291,0.002070000757388224
150942,0.0017378227862897694,0.0021812251523895126,0.001970387138750654,0.0019183163297414318,0.0018334894787930406,0.00167156658730018,0.0020826184951519,0.0019280112609037503
150944,0.0018574876059630624,0.0018916075789299214,0.0017639520753300886,0.0019007073172048194,0.0019149397014551206,0.0020558501938695017,0.001868911244724325,0.0021308138171977214
150946,0.0015022988238380108,0.0018759611396333004,0.001668583905874002,0.0019358186957370155,0.0015709239824310828,0.00191153998763266,0.0019533406124239705,0.0020086987821567176
150948,0.002216733617707911,0.0023728321114929174,0.0021897085141640155,0.002810294106963207,0.0025630566044574504,0.0030110960982982077,0.003023557706773039,0.0024005760370506835
150950,0.001967842377198714,0.001798501714890835,0.001606808045182595,0.0019380569747580317,0.00204644895261398,0.0017719176680221077,0.0018607640447503848,0.0016945466295759243
150952,0.0024085570941640017,0.002619187772780196,0.0022426350324570438,0.0024013572995065235,0.002126029079911343,0.001906094757790966,0.0028101211120113434,0.0023975638910612163
150954,0.0012406875294255215,0.0014994227899800538,0.0011854375337950196,0.0015495153191414368,0.0014403134657215433,0.00120132078929093,0.0014455433345329644,0.001325889949519446
150956,0.002146033409791817,0.0022143257496436974,0.0019321620623709151,0.00266595326326792,0.002264382153229827,0.0019247784273979107,0.002605514117499777,0.0018661200430691999
150958,0.0021188150728735367,0.0023758188810835273,0.0021398420872676405,0.002247005587364903,0.0020552688460945406,0.002223067786019328,0.0025251607173695234,0.0024078887277019373
150960,0.0027396234889659615,0.002646026514435809,0.0030192108817752583,0.002096250754007656,0.002119548373263891,0.0028740014257275792,0.0031349355065706797,0.002830910200102968
150962,0.0019796851466230003,0.002335868627992968,0.0024008217194393527,0.0023578689183845203,0.002448932414860272,0.0023230690704530016,0.002668250001334249,0.0027183213973325238
150964,0.0018611278788705499,0.0024163785252611647,0.0016767569932799736,0.001946645299313099,0.002133954314562772,0.001720011685980849,0.001966531460410051,0.0021661054051878015
150966,0.0022391398185609562,0.002032458863983122,0.0021889004299387033,0.0024520895428282174,0.0021497522891146398,0.002263371473100198,0.0024855961849132857,0.0023364066374709364
150968,0.0019038382821002925,0.0018688529459205544,0.001499351241786906,0.0016667583440056616,0.0016269251119606226,0.001385859314233573,0.0015981348469718548,0.0018662143476986248
150970,0.0020319893126421462,0.0018968000737685925,0.00201162334977667,0.002608594010412038,0.00223199247953354,0.0020460360907605946,0.0025492396585755778,0.001936797988611405
150972,0.0011772311899707066,0.0012713028848578833,0.0011792597631208324,0.0012253648552729146,0.0011598697780107609,0.001275709362833513,0.0013064255967452088,0.0013450164552193528
150974,0.0020863582707675854,0.002145532970918143,0.0021834172106550837,0.0018409786455786392,0.0017163322524196278,0.0016639437663192869,0.0020668148846960666,0.0019382003132575876
150976,0.0025315523774775,0.002754733135688761,0.0025735088299684433,0.002736493672788734,0.002512401260790789,0.0024845068288004285,0.002601108958014478,0.002610103045540768
150978,0.002074214738898142,0.0024384054381210163,0.002144439111246968,0.0019421909886033206,0.002203661823454564,0.002123446116006955,0.0021694182358600878,0.002015632340675713
150980,0.0016619703906312205,0.001817377410185339,0.0015963265189881254,0.0019517550716008913,0.0014241928480945298,0.001541207782740417,0.0017369824209341328,0.0016331268390958886
150982,0.0016354906685320802,0.0018982534168626858,0.0015666709596298123,0.0016016054841030414,0.0016598907274654184,0.001558008693152202,0.0017375494744432812,0.0019736381740792647
150984,0.0025424218266589943,0.00233319714429131,0.0018991562756562885,0.0019426067010499537,0.002122984020048513,0.001972912033751731,0.0022250533721003413,0.002045364478807224
150986,0.0019726856800389575,0.0022118385967898058,0.00239726073761716,0.0023843091200920347,0.0019383853163184583,0.0017654888477563468,0.0023517623372729113,0.0020229883334726417
150988,0.0018243861654487908,0.001816127458933503,0.001906972148993949,0.0017458789670266178,0.002077757455139509,0.001955528042208457,0.0018507892116501612,0.001906433718520617
150990,0.002197606153008916,0.002623370459642685,0.0028805433073776504,0.0023098251837938566,0.0027841940378559166,0.002551166439178021,0.0023383218631978786,0.00245469422788247
150992,0.0018191196750350636,0.002344568270755909,0.0021155914977078055,0.0020989734625248696,0.002446028990063867,0.001679240718819433,0.002194846365992223,0.0018990926367215
150994,0.001333271858552934,0.0018026651276203953,0.0017742298445212606,0.0016380814568091179,0.0015465715628215637,0.0013772707802112288,0.0016133241572840462,0.0017657637219861133
150996,0.0016107883142914142,0.0017333186810761791,0.0014057047821159352,0.0022103580449064353,0.0013782243274042122,0.0015439965350358964,0.0016948907669052243,0.002048679126346542
150998,0.0027413954268800667,0.0024573361211147754,0.002464538284425735,0.002602569835293292,0.0025235772580983196,0.002001222850031903,0.002415533303981532,0.0023460866056910223
151000,0.0015052758944031908,0.0017692929648938233,0.001675201710193086,0.0017276273215849486,0.0016385588436210186,0.0015904729393557832,0.0017718718789401372,0.0018255768783392856
151002,0.0019083929291844465,0.0017584033650278053,0.0017058871447459684,0.001646306250898455,0.0020290469520622967,0.0016552078340841825,0.0017010736980458407,0.0014944741278922896
151004,0.002818924930987357,0.0028346274401702815,0.003127349010586658,0.0026399661365392874,0.0025263963850543636,0.002339336166291686,0.0029060826810580753,0.0030351534442952938
151006,0.0016519078838262424,0.001603552248590781,0.0013781322215891123,0.0017403674808398467,0.0012572733571914463,0.001376543673419231,0.001479944914937692,0.001735843004041629
151008,0.0023116753937695855,0.002445799428711981,0.0025998680666444868,0.002081286538922422,0.0020668314820119355,0.0021305796111815156,0.0023518656746981392,0.002381723879032474
151010,0.001716627968549267,0.002324474459923176,0.0016485725044690924,0.00211907881317476,0.0021319867604524673,0.0017999459866130524,0.0025726501624304815,0.0021646433619740973
151012,0.0018106833172410047,0.002027031102207255,0.0019020039097317337,0.002346886021732511,0.0018757513890136496,0.002085241497500556,0.002393377254973364,0.0017043722346538198
151014,0.0023908592332583384,0.0020021515369577636,0.0017520746005864757,0.0018444430398842915,0.0018900767750244102,0.0022112951563507816,0.0019998528802890464,0.002258654289857498
151016,0.0015096344138935264,0.0017201439397119267,0.0016867405616252662,0.0015110511960756412,0.0016316129954150466,0.0013458866113802564,0.0016323633575263674,0.0015692116924990174
151018,0.0021609618394827224,0.00191223812941467,0.0018076711245101351,0.001997686080638994,0.0019355967745951497,0.0015485092258371719,0.0019003155999786636,0.0017932516064951415
151020,0.0020638284534237883,0.0023992894215813104,0.0020817002224344933,0.0019366484722427857,0.0019594289899306366,0.002122967885362717,0.0021264660826353504,0.0023124864819160096
151022,0.0027376720171639612,0.0030826273774577917,0.0030494603347675092,0.0029630491575913798,0.0027618606764257536,0.00321439560488912,0.0029031674581716516,0.0032620027687677577
151024,0.0017273309691765437,0.0018637004802391083,0.0015993607325255482,0.0017405735613786888,0.0021693963732899585,0.0018597675399859709,0.0017978132826366178,0.0016159012291039887
151026,0.0016785492540025704,0.0017072312521690947,0.0017811854818253897,0.00197008519917663,0.0018435817544792954,0.001666698117494883,0.0020876006153267568,0.0020001797509139885
151028,0.0015766024639207732,0.0015151616791031636,0.001902018206876424,0.0016068644917756197,0.001522006482275684,0.001844245617549714,0.0017759757987154817,0.0014497941384092883
151030,0.0028352804097510204,0.003409050482626755,0.002880379359802135,0.0031618008800777947,0.0028407491031032933,0.002671450305977499,0.003248054727595165,0.0027274052204987603
151032,0.0028471643960081977,0.0022620449212960025,0.0021566163100412844,0.0022225008392196544,0.0024623339378360143,0.0020160889586693376,0.002374437262106177,0.0023602544048026974
151034,0.0017157313295512872,0.0021630567180315335,0.002349652726897633,0.0021902283745061646,0.0020936293571336556,0.0018140689623792478,0.002379212359966465,0.001929862383938788
151036,0.0021702699207395426,0.002288695107616548,0.0020544849506143326,0.0021028672828106304,0.0021640686648922852,0.0019674371921754585,0.0022820701606088983,0.002225491297104934
151038,0.001664887876067278,0.0017994706086866957,0.0015545427551347246,0.0016754517756647491,0.0016084020719380754,0.001734535774320159,0.0021159996654987467,0.0018027707851558383
151040,0.0018710238206019053,0.001882591096880104,0.0021501295363077905,0.001987613351189188,0.0018644818402899777,0.0019747243241996504,0.0021327099496076946,0.002096506604494286
151042,0.002675195089580029,0.0023658519266424177,0.002266368720631684,0.0024684672082203735,0.0023901649151645415,0.0025103484420020555,0.0022714795653581282,0.002564553166749306
151044,0.0016928653986723052,0.0018058719780662674,0.0014601775437492748,0.002122081944939902,0.0016310087377220533,0.0015415067286861373,0.0015929035370787492,0.0015133391967656756
151046,0.0012035948725456352,0.0012931481251011179,0.001341145162167559,0.001232133044593367,0.0011523769501151637,0.0012449715317597865,0.0013823587009133137,0.0013467707200984919
151048,0.0026214001948532545,0.0026951425867750706,0.0022834752002310332,0.002317315828319677,0.0027642148053519527,0.0020322260967742395,0.0027073663773205525,0.0024414077817636604
151050,0.002388421550401143,0.002769986287068718,0.002834391025014274,0.0024260735995418475,0.0025147922947122425,0.002696423030680975,0.0026691494961928047,0.002504393002333849
151052,0.001675964163210475,0.002032837433060833,0.001884212978502442,0.0019723997781208175,0.0022092376254920915,0.001979973896740553,0.0020790661998013604,0.0022485534746752855
151054,0.0024687348499741746,0.002417478120087191,0.002590381971696809,0.0026662637210572715,0.002578514778348376,0.0024592123399274635,0.002500853611365983,0.002579900043713723
151056,0.002079112062588054,0.0023316056367679444,0.0018807889635801822,0.0022273981436589235,0.00240020625947536,0.002001032205861897,0.0025032201341118054,0.002178899948610327
151058,0.0011127410179290337,0.0013600839465868209,0.0011799197069119055,0.001302530153069803,0.00117739045621236,0.0011817974230132894,0.001488953136111873,0.0012041866105241272
151060,0.0031877224103740165,0.0034833064831408245,0.003970386816744886,0.003461749203546083,0.00372553995894033,0.003570059608162035,0.004498997548908257,0.003945820088342489
151062,0.0023376136029193972,0.0020848403896007867,0.002225620292861663,0.0025887414191777675,0.0020487816457581687,0.002201257921195021,0.0022459927903926147,0.002246217012721999
151064,0.0021434835063750685,0.002373004869617168,0.0022452682933362667,0.002427800179378284,0.00240108895437853,0.001816264945224147,0.0028213796295920718,0.002458655199242765
151066,0.0018968656212512564,0.0015782785249920384,0.0017254051433912704,0.0017853026855463444,0.0016856431362933938,0.001520228690204739,0.001843089773088169,0.0017351213597983084
151068,0.002509840780686848,0.002740463167132612,0.0025561020280426977,0.002824138681012736,0.0024990301030003575,0.0023509086257651607,0.0024287914783961556,0.0022390238284411
151070,0.0016794043710638556,0.0017945094429061698,0.0018908915067408771,0.0019511725076180042,0.0017988534064452555,0.002058585083175926,0.001985573042957489,0.0018435462451715928
151072,0.00204767969650832,0.0021722460288950973,0.0016869513987349954,0.0017062016559905718,0.0018462065506375525,0.0017874689079100392,0.001874723780487253,0.0016947604077452993
151074,0.0018007960707736026,0.0021036179801217636,0.001626450925391612,0.0017251885126584737,0.001942337763509841,0.0019824591448658474,0.0022794193133033464,0.0021084790536930603
151076,0.001976413564858129,0.002179396959327784,0.002068830082543549,0.002209139921854286,0.0020111181211257545,0.002101007688877235,0.002275578143322632,0.001909639394735374
151078,0.0023924504251371936,0.0023115199275745013,0.0021648946859409435,0.00223633222120935,0.0023677284248437847,0.0024396403046014203,0.0024111561218471828,0.0018892457028457793
151080,0.002273534964772672,0.0027683666391278283,0.003404242624336154,0.0023011270386668614,0.0026722428825771832,0.0023034961699343187,0.0030498326951327592,0.0026632806888295946
151082,0.0020044435082318263,0.0017515288796180611,0.001944225645070588,0.0018080268794585935,0.0016489291866694927,0.0018671565592137812,0.0018178367228394166,0.0015751724206401058
151084,0.0021942484778172955,0.0024389131820845567,0.002044686239056903,0.002746092290550353,0.0024812850998379293,0.002344330173457365,0.0026147756362809305,0.002212969138737586
151086,0.0019968077039883014,0.001958752621920079,0.00160499451699736,0.0017588842239491115,0.0016160285193146523,0.001784966486210307,0.0021059693457925605,0.0016863605373027557
151088,0.001475459496722356,0.001382888123853343,0.001274571451663542,0.0013163658951223511,0.0012311195688596982,0.0011680496113941757,0.0014132347420759417,0.001376665581731551
151090,0.0015824921348342458,0.001888936769378971,0.0017245458183717255,0.0018002447103132035,0.001931717014898915,0.0017040975677682368,0.00204842755997664,0.0018578585058848796
151092,0.00276661265300239,0.0027692922622727517,0.0035816880513204197,0.0028353645157952606,0.00332346879297675,0.0031187655320020213,0.002921177233080177,0.0024216329765248817
151094,0.0026701919759376663,0.002553125947205359,0.002458344144171898,0.0031147607574171787,0.00236112175849712,0.002042362613411411,0.0025930382124717127,0.0024314495249200263
151096,0.0024943683754970053,0.0023613661377420853,0.002764553653742896,0.0026511761248450144,0.0020512746007908533,0.0026061857868298205,0.002583461211968077,0.0025850311466669162
151098,0.0017628964407801484,0.0017861464712176783,0.0015214934951346543,0.0018798365345196744,0.002092626519393362,0.0018939991401101808,0.001941186369715242,0.0018531455356580878
151100,0.0013782157528590688,0.001565211530414834,0.001809710775176901,0.0017279890484152155,0.0013885671510616149,0.0014619680237835248,0.0018124756595405828,0.0016574638243720963
151102,0.0027141766116983157,0.0033108288193352126,0.002572936998897435,0.0027728173969872177,0.0025887493799295336,0.0024381953653179883,0.002315401697615904,0.002607701734707535
151104,0.0012354545990551774,0.0014827993475075019,0.0014750983476198437,0.0015377664368081967,0.0014703942897875827,0.0012763515741554543,0.0016884092586089694,0.0013099266534200016
151106,0.0025061628904037847,0.0028990047613936115,0.0025276769304689722,0.0030639249995536577,0.002463137757398537,0.002755319347573837,0.0029243029304011486,0.002950173536054257
151108,0.003652746400019391,0.003611359447379725,0.0028144448163863883,0.003844287665861215,0.0038221841144272517,0.0031302758745577197,0.003982562885202157,0.0029282845708280547
151110,0.002019930274935536,0.002221729921651608,0.0018921137714467684,0.0018059058561947783,0.002035453108801946,0.001776670715065487,0.0018052150585013416,0.001836230318119761
151112,0.00116731000929704,0.0015159451093202936,0.001256284186251913,0.0014527142050191344,0.0011688701944656682,0.0012854209393525218,0.0014737071063974927,0.0012842303766582575
151114,0.0018783389176196957,0.0018713799540118203,0.001967402822771691,0.002094526387978135,0.002126004001715087,0.0018528867124292803,0.0021779113127726735,0.002277244634764364
151116,0.002140078525166622,0.001973995335857792,0.0017787644496937288,0.002198841705322252,0.002179274875167128,0.002330441945563644,0.00239578829018422,0.001800594359161245
151118,0.0026324468806593476,0.0029234069411294833,0.0026656932158848484,0.002755902101647445,0.002611059310741126,0.0024397657957171553,0.003087032018811442,0.0027792203724965603
151120,0.003073448336445017,0.0032578011425194037,0.0031423875175569244,0.003673000427701481,0.0028271232987403666,0.0029715132335662725,0.0040930521586851065,0.0047861513316598825
151122,0.0018194152184856094,0.0016646629189898676,0.0017659443742185227,0.002009977580297806,0.0020454126640517267,0.00184277216328467,0.0020061026952122862,0.0018337412008296305
151124,0.002365881643242043,0.003008286802714588,0.002415360469312733,0.002673488597599985,0.0023023666855186975,0.002394960168920615,0.002762110493144343,0.0021380778321078986
151126,0.0017813785562859202,0.002251266564751511,0.0020928497680539615,0.0020328495263541996,0.0023061881690206315,0.0017204844855678303,0.002157179981466195,0.0020342223488878514
151128,0.0024847407992384524,0.002778683072651944,0.0023382656595827833,0.0020547395904829124,0.0021575973326213305,0.0021149394019994716,0.0022419968026504145,0.00218542959629886
151130,0.0029781724252400665,0.0033886687072027244,0.002702787978359558,0.002577645819258123,0.0022619042438471043,0.00277829780408502,0.0027927772395792833,0.0029019126764029957
151132,0.001739209243092843,0.0018027951437693673,0.001924398291609633,0.0017673955627937193,0.0019459971063930936,0.0018247604294838876,0.0018250624783624492,0.0019794749789525667
151134,0.001819374540112939,0.002043632882529192,0.002427506867096696,0.0022055886890726267,0.0022458875686540147,0.0020610271680561315,0.002491724124427677,0.0018821773314315338
151136,0.001974363785896563,0.0018061841754652003,0.0017145421396972532,0.0016538419485091632,0.0019369573479366409,0.001657411955732338,0.002069158814189065,0.001689369163575108
151138,0.002072932624610724,0.0023708545517644453,0.002041076918761542,0.001870095454762577,0.0020847764336379276,0.0017957623529052946,0.0018255211693966183,0.0018915978575853587
151140,0.001306562134187686,0.0014908817031612648,0.001486602928327821,0.0016681520702804264,0.0018783395634332095,0.0015529501072126944,0.0018150401352763496,0.001530717755758984
151142,0.002381320652606933,0.0020077078182229174,0.0023037042912957967,0.002160702085701738,0.002199807123889466,0.0017305256057922325,0.0027183470354113504,0.002005953196786203
151144,0.001385562550917152,0.0015161490490248758,0.0015470931558070333,0.0015389873644302554,0.0014385696447932889,0.0014114267809406528,0.0014792923435314048,0.0014720438003147512
151146,0.001681753170137426,0.0019407422534407776,0.001956964815942888,0.0018092268204874529,0.0015553727355819419,0.002066392861056754,0.0018291054622404795,0.0017307686081233786
151148,0.0015136852854597121,0.0017671459309510085,0.0018843161481009313,0.0015804083231198002,0.001786310528815227,0.0016971401748124837,0.0018068719914976633,0.0016457857227197281
151150,0.0029619562630346513,0.003647593658937645,0.003122866559313389,0.003161765269823258,0.0030502190687568126,0.0033179942079295532,0.003123539429953928,0.003258568352957139
151152,0.001595622283647749,0.0016009644769293119,0.001530466785056639,0.0015899200198866148,0.0013466813118690468,0.001406584010732806,0.0017655959146731792,0.0016038392778562477
151154,0.001493901583591098,0.0015908583463064563,0.0013409964616519776,0.0012848306632387008,0.0014143273033174197,0.0013415520161652594,0.0013736123137714357,0.0016085263770962421
151156,0.001488853376940824,0.0017934428095961602,0.001686905496935967,0.001510053038168438,0.002064711629809826,0.0014758911021141158,0.0016645243043594271,0.0016945981559357698
151158,0.0015550363097319164,0.0017625376470573745,0.0016647273645991612,0.001708877404036413,0.0016474800083168817,0.0017346133501825595,0.0016446261658731448,0.0020258484983975422
151160,0.002257443106654447,0.0021907514351010016,0.0018623700681886235,0.0024399435496536004,0.0023469585714173125,0.0022928252349880968,0.002254484315090066,0.0021449773795735455
151162,0.002345558668777628,0.002633367849008472,0.0019462725423263216,0.002302982701086323,0.002451424016345405,0.0023665180581420447,0.0026350033565384484,0.0027831924242262135
151164,0.002209051325082881,0.0032002396093694513,0.003060538400185886,0.0024221613389757146,0.002384873418583011,0.003299854936117619,0.002751174577242388,0.002965358889732761
151166,0.002153176017495595,0.0020463741288451326,0.002052764012482458,0.002105763518946549,0.001919947648316489,0.0022223097656360324,0.0020680835859271524,0.002167243970244495
151168,0.0012412219040849326,0.0013719104660205872,0.0013129877117216276,0.0013366934532632602,0.0011459513321127185,0.0011641635301682524,0.0013024398056495912,0.0013215508656125863
151170,0.0016534498947208404,0.001823927617039589,0.0014593500276777333,0.0019205918150886486,0.0016943819345010547,0.0015131055947753685,0.0019782039344388297,0.001567596501522106
151172,0.0030331256553988717,0.002759834759232374,0.003072192378433272,0.003020885927027664,0.0025729729018209163,0.0026776754627749894,0.0029290970307149916,0.002632636872149874
151174,0.002236664134997471,0.0022627147051568763,0.002173382733010057,0.002096964104078128,0.002615432113811225,0.0021895230390246573,0.00210459029291489,0.0023192931829068564
151176,0.001724644210600923,0.002059107057753043,0.0018068647073086197,0.0019434494268755764,0.0016474337394807442,0.0017197478117205733,0.001852109709909025,0.00180409746189171
151178,0.002216624523443969,0.002578589310609003,0.003033104728506278,0.002476996667973866,0.0028364738801526374,0.0025229365287594008,0.00277647197089205,0.0022000489484730462
151180,0.002325120011183582,0.0023472433668410148,0.0024105078796358287,0.0023855720623924825,0.002685184478657343,0.002026551109935451,0.002650523231529159,0.0024961235511568175
151182,0.0022911997699603948,0.002367904260061074,0.0022699933809417067,0.002806292888752948,0.0024398887138976783,0.002044333517985511,0.002677793824765795,0.002520784767831588
151184,0.0019549930118104714,0.0022220913055372993,0.0019405906156181457,0.002013911038192484,0.0018113130095146618,0.0018534261884559644,0.0020169836114947715,0.001860983562317911
151186,0.0020493330688268335,0.0021229606762676045,0.0020150329617185797,0.0021942910567682716,0.0021935711092580107,0.0019031533766602493,0.0019720712150486097,0.0019100473758544428
151188,0.0026925857041337903,0.002748329933283125,0.0024475643433308353,0.0023668772571774355,0.0021619195999664914,0.0019845177674372577,0.0025816983027294876,0.0027362719089101817
151190,0.001292118691876079,0.001413197490380061,0.001626613787764089,0.0014819875302288232,0.0014349076440645647,0.0014789556534871573,0.0016517213526273111,0.0015671103957309307
151192,0.0033461267939971645,0.0027756672242893604,0.0028805065187351847,0.002527085494650416,0.0028502995762406252,0.002512871085184068,0.0027108507241638963,0.003030555060373752
151194,0.00221522056908402,0.0023815111719299176,0.0022759453020302495,0.0026031875251144587,0.0023819998670196463,0.0021520349328596616,0.0029395981676963445,0.00204365544920343
151196,0.0019225697194624886,0.00174359032213868,0.0015000388097489298,0.0017795529431974821,0.0014038781958959495,0.0015552231758425017,0.0018614409589565728,0.0015772690531730277
151198,0.002044858399549168,0.002401548618657934,0.00171008835214094,0.002459538968984154,0.0027557792879462917,0.0017676997177589748,0.0026129335196923287,0.0020294268814788907
151200,0.001633478534179611,0.001815150598848972,0.0015362443168857182,0.0017653648795926125,0.0017977197747001128,0.001657951611280295,0.0016262009384999804,0.0018693564070040858
151202,0.003085748869363636,0.004350591527655434,0.002589335855639599,0.003799530240468363,0.0037942359430265804,0.0033963246306223382,0.0040049111474624866,0.004310076241775873
151204,0.0015264252340409096,0.0018712742384763836,0.0016004279184316794,0.0014999337744814462,0.0018769535803722648,0.0014991441078531786,0.0018270380293805705,0.0018219531127694616
151206,0.00262395435567421,0.002476645151440318,0.0023258827896293632,0.0025013883103580797,0.002520828908805242,0.002227062347250952,0.0026304808523145568,0.0023810145287406215
151208,0.002549623752599539,0.003087871177206561,0.0022851983609967347,0.0030831684773326984,0.002932529555919619,0.00284357005058479,0.002911330954772154,0.003074223267887588
151210,0.0017688990511848801,0.0020482636792031883,0.0019162326586587147,0.0023283052515781777,0.0019639102768482936,0.0020651219699620166,0.001969985660094667,0.0019840318839897814
151212,0.002317970070009834,0.002688243874491514,0.002450084383365747,0.002381868598012052,0.0025433810189779416,0.002544236667456637,0.0029020069963782286,0.0025855387788232265
151214,0.002337382702998228,0.002591958179999132,0.002518756196511332,0.0028720545660072677,0.002837171510048489,0.0024286783866542955,0.003035788883679405,0.002798422761183028
151216,0.002210142274666538,0.0026790593434578014,0.0021100393961682867,0.0023738280976349224,0.002374557797353072,0.001972382902613534,0.002214333462831952,0.0022805054406749847
151218,0.0019607741582200605,0.001832958016018807,0.0018259299336287477,0.0019512034438578518,0.0018219559749788061,0.0019574575926322724,0.0017348203310716404,0.0018188225668409747
151220,0.003645521794701845,0.005026890383328875,0.004524658934121684,0.003741769427068109,0.004508546730454255,0.00398344594700234,0.004081633507316218,0.004627274986588825
151222,0.001519401461735903,0.001680087461013946,0.0014770551484177968,0.0013254198347261714,0.001473509473520776,0.0013591408167824698,0.0016119921198810006,0.001754069543781489
151224,0.003239959277427984,0.003245779580547614,0.003424202413979241,0.003449004036248496,0.002817790528108058,0.0032122243339211126,0.003538184198792496,0.0035171516376886203
151226,0.003053336875608048,0.003563261954251176,0.003293242323084089,0.0032160816859405778,0.002661951246909988,0.003304637787382783,0.002978266756679171,0.002876220251901762
151228,0.0023096776573225952,0.0024178587509807864,0.0022745585713519617,0.002312303043172703,0.0021950491708457864,0.0021827697114724792,0.0025897218209478684,0.0021770657777031577
151230,0.0022454130421772356,0.002879371384692464,0.0021574703234775866,0.0025089633195938266,0.002297847231860717,0.002183691208305305,0.002804896253073688,0.0024760115206214905
151232,0.0023905386541373114,0.0026869437467005874,0.0026038839870070607,0.0036303734920617586,0.002621989975742492,0.0024714494753159816,0.003540883680832066,0.0026578792548792723
151234,0.001789728795566825,0.0020653434080692007,0.002007431406944052,0.001986991251676909,0.001715572397338827,0.001980221555692774,0.002252308483743415,0.002328047131086919
151236,0.002403325256681091,0.0021632594350041168,0.0016441823363300134,0.0022641509991885855,0.0016526956097663442,0.0018436159844960193,0.002154732057792208,0.0019293622935543514
151238,0.0014154432719293286,0.0015721077793608984,0.001422380698809525,0.0014730215972931365,0.0014254946979850441,0.001170199732540858,0.0014910629479204657,0.0015127708739761658
151240,0.002668255004523515,0.0028496301634817756,0.0031087035850030365,0.0030794442065213007,0.0028100658179442406,0.003113007918715882,0.0030015491079466022,0.00267511878863097
151242,0.0015896199802443167,0.001911780397244378,0.001935837053151493,0.002201633367972855,0.002218300170525725,0.0019143157163556968,0.002107028042744666,0.001924437839671056
151244,0.0016709102054073832,0.00189316979937737,0.001941142382540173,0.0018247960756796605,0.0016289449347622331,0.0018409009643323287,0.002214383248279328,0.00180091368840124
151246,0.0020443186956076304,0.0020148978461854844,0.002342058035029959,0.0021030049746508794,0.0020103470346664043,0.002268571558594737,0.0025125633415088583,0.002128826398345454
151248,0.0019397137269351467,0.002029988785750503,0.0019335263424589133,0.0021640728240662904,0.001878655056608558,0.0016558914430725574,0.002096397098574912,0.00203070890221925
151250,0.001596802248517007,0.0016804432602235547,0.0017654268631304149,0.0014883905611121073,0.001414686540002208,0.0014856634224092446,0.001733134122287719,0.0015400684269196163
151252,0.0021968322321297556,0.0020851122133871414,0.0019634721522492904,0.0019676635750757315,0.002059701120970203,0.001825166880415674,0.002186685412763359,0.0018291497544065671
151254,0.0012765765060897133,0.0013760030295085907,0.0015188729434678638,0.001544670251660843,0.0013473455190844558,0.001310891398311878,0.001565307035890362,0.001493665167471514
151256,0.0017526525337849819,0.002051908032521102,0.0018272310252451934,0.0019527568241198973,0.0018163462328692065,0.0019669947090511647,0.002124487561128721,0.0019802401224497945
151258,0.0032600898571786274,0.003396431880077891,0.0030656998567207966,0.0036920151311121835,0.0029851822254622906,0.002875198223083686,0.0031701584902328467,0.0029212847518602647
151260,0.002274055444015502,0.002964913017820661,0.00287397466441576,0.002351837130217374,0.0024411022370438573,0.002535969550858233,0.0029676139164258736,0.0026805272876556097
151262,0.0014399326126074558,0.0015795056558248893,0.0014044566771826,0.0015511616648238857,0.0014275970803128701,0.0013854657630259087,0.0015703018408447372,0.0013573387091847522
151264,0.00199751991345766,0.0018828794665642357,0.0016606691202349921,0.0017438049938407613,0.0019732012823931028,0.0017043137930372737,0.001990345363813484,0.001632892898527763
151266,0.0018063852499410893,0.0017859118913889915,0.0019544264338203915,0.0017742216849393616,0.0018159845803120689,0.0016396779443594856,0.0017383126273140537,0.0025659286386538055
151268,0.0025106448503576934,0.0028323045732175367,0.002216018415144419,0.002362383977521587,0.0026657497635709237,0.002359214586850636,0.002324980619128683,0.002613484258237264
151270,0.0016260519169941784,0.0018537626790765677,0.001971450229499419,0.0021319427262539575,0.0019491756645685504,0.001743030371203061,0.0021869080486569548,0.001936914064508466
151272,0.0024891950216483633,0.002279204110783306,0.0018771853490449075,0.0023532316763399397,0.0024664324209711236,0.0023250107964356698,0.0026771704296052606,0.002467508925420303
151274,0.0013810443087715202,0.001550671366085235,0.0015376583358863716,0.0016969814921914544,0.0014542671114837896,0.0012896998128519993,0.0016870851295360811,0.001494488241284897
151276,0.002379573974854568,0.0023143513775774616,0.002218759540284998,0.002274092394977126,0.002234655411428324,0.002584722045828658,0.00237377872896799,0.002795044060175514
151278,0.0026391370236922423,0.0029938050218215745,0.002990983024783858,0.0027543921525308296,0.0029551880564646638,0.002963347660314364,0.0033824338852674884,0.002700156233894649
151280,0.0026218060912717306,0.0030179341305143353,0.00281791867096938,0.0026384683927327957,0.0026188815931550563,0.002745845932192792,0.002959864307562468,0.002393411153450098
151282,0.0012028324714589284,0.001329466958730277,0.001188947335724555,0.001352736592791226,0.001290976428744997,0.0014793980864392098,0.0012814148024762467,0.0013682872416303504
151284,0.003897686530777378,0.003088587884740923,0.0035575301253332747,0.003360306509989766,0.003239868522414646,0.0032451492693874734,0.0031254793351781635,0.002486778293047609
151286,0.0020116694650754163,0.0019581894557490487,0.0016024890916772755,0.0018373725128567053,0.0018025711772630265,0.0020289966107270296,0.001962219788326003,0.0020226663060103484
151288,0.0021642579113557853,0.0023609403829673165,0.002004222357400387,0.0024101585527347424,0.0023743962372531208,0.002322731165149472,0.0023695922476498765,0.002499844359793793
151290,0.002598192231577215,0.0021753310675359933,0.0021448655798250865,0.0018906650487787863,0.0016254826335964645,0.002052065308827525,0.0018355819445919352,0.0019576962572843137
151292,0.002176315294282763,0.002737810800181928,0.002459341658792802,0.0023032730399491635,0.0024227286319322833,0.0026050315274722124,0.002382208595826052,0.0025640766489298944
151294,0.0019998505479748574,0.0025159465687085852,0.002325362160923841,0.002322525417636237,0.002134086480830036,0.001877057842224597,0.002538396921150668,0.002325905067658063
151296,0.001779384167635914,0.0019257130738376121,0.0020811991845554184,0.0019632767122784167,0.002004940558390636,0.001710753616512628,0.0019627832036245435,0.0018509055658455648
151298,0.0010844919806665132,0.001078596903817522,0.001177644844381709,0.0012344224809422016,0.0010203127030348341,0.0011759035385927735,0.0011845867935348503,0.001197836594095128
151300,0.0030820226263066908,0.002898018800864946,0.0027359835123879628,0.0028006000010139115,0.0033358376421516317,0.0027609237686080507,0.0029315814779118515,0.003093157969774621
151302,0.0014585995735707513,0.0018269571397559053,0.0018741999214457739,0.001788982484045798,0.0015197377866016937,0.0018859656279914816,0.0020514392768845036,0.0018774810524126995
151304,0.0021128532342001294,0.00230761707631566,0.002069021218178202,0.0022189785384832406,0.0023231531017299384,0.0021838134161043105,0.0023460952668055146,0.002335485145001981
151306,0.0018326785983081711,0.0021386025530759772,0.0019353778161291246,0.002262320973638446,0.0019663735321889947,0.0021784179475742432,0.0020194467715623082,0.002219024515439108
151308,0.0017016127314400387,0.001927869608216018,0.0017570189585725537,0.001518329710910607,0.001465364031247876,0.0015791145208619017,0.0017115154861413462,0.0019244250927308443
151310,0.0022071688011673363,0.0024066531521672735,0.0018642225482779495,0.0021944599806114073,0.0021048319534756055,0.002186200461131174,0.0024012700400578707,0.0020452360999124175
151312,0.0018018557164884014,0.0013983565262588038,0.0013558263894331152,0.0014458359706828738,0.001502940563243238,0.0014577665309758459,0.0014977179264214074,0.0015165320169655688
151314,0.0018343739321186187,0.0021620616367654805,0.0017356548965047486,0.0020746833743958693,0.0017361956555340813,0.0017777958067358157,0.0016880700655735326,0.0018748937923486336
151316,0.001863972924370183,0.002319808107870705,0.0018013392939517647,0.002082943899894843,0.002042352848821205,0.002188105738482729,0.0021528074911805195,0.002217562962187003
151318,0.0010069924328642982,0.001361956614540652,0.0014954351428792118,0.0014132932814471394,0.0011864633419955695,0.0013289861604707381,0.0013485025985516957,0.0012284372849303976
151320,0.0020571989939948687,0.002157946886622908,0.002480032687273648,0.002577468792003268,0.0023067037842550153,0.0020977772186641652,0.0024667761811550393,0.0022560478695306113
151322,0.002414498951443536,0.0024628097802166377,0.0022275560294620633,0.002559869519554017,0.0028242305406324247,0.002659924275640657,0.002970386699729391,0.0026106881280929667
151324,0.0028518391658464287,0.0032034470649206087,0.0027172346093818356,0.0022563550536641858,0.0026922257807593386,0.0024101099050278935,0.0027335378196314958,0.0027689570441538636
151326,0.003252828374543229,0.003525818771642611,0.0034425307605125965,0.003955551409842217,0.0034961055632765636,0.0038339136598814078,0.003397835397418461,0.003302164795077056
151328,0.0025746685608538794,0.0029681411733074037,0.0028621340482653523,0.0033098638748505493,0.0023518273745484763,0.002266089229373769,0.002344089923893622,0.0025754753856127716
151330,0.0026995054660173268,0.0028889620793396548,0.0027409292771885113,0.0029605769489277206,0.0027418526431515766,0.002830433725939732,0.003574847701966144,0.0029986961267491896
151332,0.0021924950725785847,0.0018169280006646998,0.0018576144463589572,0.0021868958539093125,0.0016230555113379147,0.001950242231258184,0.0020293376015816933,0.0019772881075030974
151334,0.0020672992827491243,0.002910280599694781,0.0022057769429467827,0.002179573309152319,0.002666679616630266,0.00221030375107846,0.0025998988383860167,0.002573319850344827
151336,0.0022514412028318415,0.0029456383902896205,0.002578207202292626,0.0026267171025673997,0.002597864116801865,0.0023881958007777038,0.0027325402973323865,0.002897322552240636
151338,0.0022589917512699925,0.002422214875097417,0.0023789572472010523,0.0025270596513447124,0.00243371498781543,0.0021899888336046752,0.0026185193863238615,0.0023213948666458983
151340,0.004071789102561008,0.004357481194504409,0.0034375285396393146,0.004674510831601586,0.004267059631522019,0.003936176477115083,0.00383685750734776,0.003955898174534733
151342,0.0014479853312071023,0.0017312270735104912,0.0013338883961667852,0.001967475858113535,0.0017814977393924014,0.0016300736830327095,0.0017155264163824097,0.001683606182827424
151344,0.0029820957589878905,0.0028825590441351606,0.0030829529417992912,0.00279015161887676,0.0028402515509507453,0.0025850978178981188,0.003247105768289238,0.002864793713035621
151346,0.0035416795373937604,0.0038858880904522053,0.0033459350087918782,0.003930180551098061,0.004447034113565229,0.00396650432229273,0.004199431293028022,0.0034011199441019713
151348,0.0027002046284521075,0.0025809476587528857,0.0020715084803838574,0.002762299625227463,0.0025489609169773164,0.002311930455625222,0.0026679224950715424,0.0028801238508100457
151350,0.0020022395500519097,0.0019782324331790863,0.001819093935290353,0.0023342567711095996,0.002172928779758332,0.0019019905874407272,0.0022163765281440484,0.0017988006347203905
151352,0.0018931766071428463,0.0020158076223465576,0.0019633645270078492,0.002154848264684317,0.0020177482720041967,0.0019249091792516992,0.0020111124410056164,0.0021101184551919894
151354,0.0013209520796658852,0.0012569172636381354,0.0012927676986951853,0.0012927023352853895,0.0014543270628575855,0.001278358560494755,0.0014119676199565584,0.0013815671104925459
151356,0.0020418074156825505,0.0022839818609735746,0.0023739006995482925,0.0026274682620830575,0.0023121303594422216,0.002040072951292063,0.0020286251109836867,0.0023548030685034554
151358,0.001676455274784383,0.0018982780876049127,0.0017256864741688194,0.0017192191971469178,0.002054188791201353,0.0019606174510613528,0.0018931574805947649,0.0018090829459818658
151360,0.0028005089207860934,0.0036400163328790397,0.0025575144180314258,0.002877095393511775,0.002765741158053739,0.002354714851323117,0.002760975053640813,0.002730592518332353
151362,0.001765701732535041,0.0024302288540812983,0.002144395293657786,0.0022319439044893863,0.002099899975172362,0.00196976774111679,0.0021567190733745023,0.002404160667880184
151364,0.0014308419106373038,0.0015555628543140743,0.001658055366258404,0.001536136561493484,0.001354468737017625,0.0014486868260519259,0.0019092112730667715,0.0016258265950247625
151366,0.002310675701306178,0.0023429155476906716,0.0020408827026367066,0.002352350957374197,0.0022547015314631214,0.001775908292622752,0.002039256295074454,0.002108427394329704
151368,0.0011694115498619428,0.0012342295630327627,0.0012142613964441495,0.0013645488082012491,0.001158088929785528,0.0011514923971561175,0.001453464848060318,0.0012878641462101825
151370,0.00202541625999543,0.002278042548334247,0.002327602464024539,0.002303791190110316,0.0021768008864287425,0.0020872581678311186,0.002334477076995134,0.001997169952683342
151372,0.00263316292057425,0.0025613398873731846,0.002128172609652937,0.0027052997085830754,0.0030639571676177035,0.002495761002465083,0.002764594395294806,0.002108384972544286
151374,0.002507975566351864,0.002300947267549605,0.002180697315583624,0.002157393842935562,0.002451348025165112,0.002220993548086858,0.002086066628675401,0.0024000387190916683
151376,0.0017151635279078065,0.0019709788486577673,0.001497214526813409,0.0019872831912179922,0.0021367000140260495,0.0015422747021574118,0.002079367544552971,0.00173798926858372
151378,0.0020237708899395607,0.0024316266082547444,0.0017807760979639126,0.002162954150327648,0.0022336468104153934,0.002283569193480217,0.0023755650397406236,0.002224612678885088
151380,0.0007953595846044298,0.0008593361590807924,0.0008659738357136605,0.0009399856691649257,0.0008466166647791429,0.0009264564434434443,0.0009210411895526106,0.0008930956120632751
151382,0.0023030717316246396,0.0027727636481325035,0.0024736071308368995,0.002198501081596152,0.0024689151368989665,0.0023469730092993135,0.002706033727479573,0.002501244476299083
151384,0.001519092180271922,0.0017631889456777433,0.001654163443053136,0.001941430277796044,0.0019128448311315355,0.001843952223326062,0.00184659329138942,0.0015472112590121517
151386,0.0032628819772267392,0.0031360006108284294,0.0031352563121202076,0.003098147785076444,0.003550793696529775,0.003078215959760655,0.0041476654734973195,0.003099728849154104
151388,0.001929326949303825,0.0022999191688937715,0.0017273820626058228,0.0022328841718810694,0.001965249055188703,0.0017511737388936077,0.0019587859264365154,0.0016592123631171823
151390,0.0030569069179986613,0.0031025581017690845,0.0024225504060452346,0.002718389765811402,0.002457527071869414,0.002255179515079933,0.003076769745688504,0.0032629024055497724
151392,0.002336050478348506,0.0025244707472310696,0.0019471634053316311,0.0023307505562258357,0.0020424030188603975,0.0019748057726714507,0.002163705099210489,0.002558605340874945
151394,0.0028372858057174183,0.002970445985659223,0.002570759860454963,0.0029577957825050044,0.003003489959008468,0.002543228092139263,0.0028695208429501684,0.0028170490178434093
151396,0.0020939805093798253,0.002095634389024173,0.001796774722894412,0.0020815190396331062,0.0022516024132255424,0.002105557702159269,0.0019749021224225866,0.0019320199297924306
151398,0.0022243378827235954,0.0019600451107571054,0.0026306077199979155,0.002177626204479033,0.0021928369752042404,0.0020511872036638318,0.002164692585657338,0.0022650146963770212
151400,0.0024848403328599084,0.002608703985871097,0.0022486771308314335,0.00239300949015675,0.002332602649284754,0.002046838934668449,0.0024890087918463255,0.0022008618840167055
151402,0.0031593237226552745,0.0028230135219121794,0.0025075804448886907,0.002565032747588583,0.0026676769747703416,0.00230093940495725,0.002645339767015989,0.0024812843575739013
151404,0.0016903694695270671,0.0021302680442767397,0.001899833641809734,0.0019397321028086362,0.0022194723769626418,0.0020183443726615735,0.0021723630543594302,0.002028915059089212
151406,0.0034655890481519874,0.0032771629002455033,0.0033393796936521114,0.002983664024915067,0.002669721141011161,0.0025686410396952852,0.0029751103114401684,0.002540121704808565
151408,0.001549993115255735,0.0016726076204026108,0.0018035804017675489,0.0015824977662148992,0.0017075852956872084,0.0017331257475841633,0.0016234730645830475,0.0016212883341553685
151410,0.002946514727073579,0.002781835344500827,0.0023287420758105887,0.0022632353622549367,0.002359733562370528,0.0022970712103716068,0.002395664664578759,0.002064154756459269
151412,0.0018282764373607346,0.002007837016976488,0.0016818976947172715,0.0020495023891460434,0.0020456751656659083,0.002026692317693757,0.001965647408314189,0.0016704530986306892
151414,0.0018657087353812912,0.0020073936856244146,0.0018118257854360942,0.002137193566304277,0.002079374679248014,0.0020111258060069442,0.0025150022788835713,0.0023102702982742557
151416,0.0018847408226121964,0.002172558914117509,0.0020838141509216257,0.0020610116087943636,0.0017486666411148932,0.001714925634612785,0.0020977035097971553,0.0018330473321077762
151418,0.0019763970034170214,0.002253010774816211,0.00166904288754878,0.0017131741867126848,0.0018267313589009349,0.0017579019545053282,0.0020588670223659206,0.0019202189491797222
151420,0.0021874275764821732,0.002098359769015082,0.0017420289055221222,0.002081782148203537,0.001896953235991719,0.0016567456220744625,0.00210694049182171,0.001797753576274888
151422,0.002288627028450785,0.0025862961525575795,0.0022861365976820786,0.0022449255043247712,0.0024155856682478577,0.0023022079577730836,0.002389171334169063,0.002642317528698479
151424,0.0023293026370441172,0.0019259458717196948,0.0020728617280311307,0.002334113865824619,0.0021168356584272546,0.0019457092013619448,0.0024405927929507243,0.0026019887036113354
151426,0.0016062095930907128,0.0019897125342540622,0.0017571704295539364,0.0018320270253804338,0.00156819066762659,0.0015128525945989346,0.0019364950272340864,0.0017070514736881037
151428,0.001679621161500569,0.0018736674279627025,0.002045903309759789,0.001843831608915894,0.002033166652218879,0.002040981660824684,0.0017422546766938801,0.001803898729894074
151430,0.002657976820192434,0.0028295011101576173,0.0022453501994244007,0.0024230788685655202,0.0024326043565909977,0.0022241129982392277,0.0025356247543308896,0.002416775185691958
151432,0.002387580141118409,0.002743337298379292,0.0023376020756638027,0.0022947064569944914,0.0021201850549614765,0.001944182609026568,0.002225217501062249,0.0023627149765879096
151434,0.0024973532116106534,0.002636668830076086,0.0022844522548065016,0.0024496108782479653,0.0020942161047204366,0.0021240909371869066,0.0023031014088531615,0.002665399331447507
151436,0.0020992072903860404,0.0020498771448416164,0.002137571776819183,0.0019156769433815862,0.0018406151881745908,0.0019526590407024091,0.0025821825127450015,0.0023669098800343513
151438,0.0017044731256971174,0.0018161954076276743,0.001713173261562853,0.0019142348730627479,0.0018793203593381325,0.0018413578047287715,0.001748114597911743,0.0015426793913917436
151440,0.0027896667817609716,0.0030879978681542936,0.002822447464004965,0.0031448317050131736,0.003049910461658603,0.0026915980020805197,0.003341859257378843,0.003781225261011656
151442,0.0029917968004389284,0.0025947427465028566,0.0018832386664145023,0.0024002960547675617,0.00223294930443535,0.002085589904116114,0.0021254210612209473,0.002071358259840894
151444,0.0023314732455068793,0.0025200927776691945,0.0022322318425429533,0.002477662318769669,0.002347242644904282,0.002536034460769665,0.0023990635238533287,0.0030059342656998944
151446,0.0020686748760594953,0.0020972619662009695,0.0019509849207777763,0.002725977787187084,0.0026575592993118846,0.0022056124827990603,0.0028155354534542543,0.0020993769517459043
151448,0.002147397660843056,0.002181586011008818,0.0020294765568584783,0.002075788151913463,0.0019345214403887617,0.002046753654519687,0.0021768245243652395,0.0021149654427807807
151450,0.002812889275055977,0.0035340788827094155,0.002692691636755132,0.003058229792080036,0.003515537262915258,0.003106973631831003,0.0036788873132065497,0.0034312698580233475
151452,0.0024460861057173933,0.0029438347681370325,0.002250554648829964,0.003422339274958844,0.0029035540626721895,0.002496034214332213,0.0029448167660396513,0.002995695248269717
151454,0.002202492051870175,0.0029282886026087973,0.002613935251961408,0.0025146988882005505,0.0025965180757490103,0.002112709056043341,0.0024767319158609663,0.0022205360536527025
151456,0.002061611359355453,0.002132799410642386,0.0017032721624590241,0.0018738206209401032,0.0018249548964437978,0.002041145250028867,0.0021506453683104443,0.001902151107906258
151458,0.002191124938578773,0.0021252015775310995,0.0018783708855218961,0.002005152073589214,0.0017203463472055397,0.0016933657252471424,0.002086757822896468,0.001771181350976661
151460,0.0015902697057668252,0.00169223243208462,0.001745513504753507,0.0018711288844908275,0.0017458244876857876,0.0017993697885932414,0.002002495932551099,0.001953052823190582
151462,0.002015852782026928,0.002097811343578171,0.0020595337467388536,0.002314256036088702,0.002106000801944133,0.0019216433482131118,0.0020099789164187976,0.00207044688043162
151464,0.003193591622320524,0.0031291775670714422,0.003010728971976198,0.0025051439909922757,0.0030538025224269433,0.002984253350208965,0.003140521284632547,0.0034344666009001323
151466,0.0013973358799473368,0.0016767820105924175,0.001375708705158074,0.001776893066755214,0.0016583842485182743,0.0014184744678866767,0.0015730171955557481,0.0014397983222949051
151468,0.0023393797700404506,0.0021761992051145956,0.002810517665403689,0.0025354169122540626,0.002196403421309681,0.0019452938142896503,0.0024158899781190346,0.0022908855870090866
151470,0.0025153598699684393,0.0027019684219642542,0.0020062829016120887,0.002902140251040755,0.0015863549454073894,0.0021865836799461885,0.002491049521874747,0.0022228861725132193
151472,0.002384300388725072,0.0018716742327963415,0.0023282822430426564,0.002393396937930628,0.0022361599317247127,0.0020579840830221713,0.002355605052917223,0.00218155051539487
151474,0.002313327813721122,0.0026304113056658945,0.0025973154063339,0.0025696270702431218,0.002446369851429042,0.0023274439470713504,0.002443812312621141,0.002509593314409253
151476,0.001802334888702184,0.002352932423011822,0.0016527228700803503,0.0018321462963433732,0.0019297023348734954,0.0017814417637165847,0.0018976032707493928,0.0018342000238382727
151478,0.0020085461818253325,0.002066891436136642,0.001985814743511727,0.0021183750849540633,0.0018965210229033996,0.0018418166203149205,0.001965871706153033,0.001975656777873036
151480,0.0033551516456826885,0.003278631998823292,0.002697925522126221,0.003214899143807237,0.0033701445255879398,0.0029891513140652,0.0037250229118177547,0.002869980239271888
151482,0.0025774097842692356,0.0030519175100727214,0.003149802378434041,0.0030106071465838685,0.003144474897185612,0.0027602512349340774,0.002907841355888119,0.002760649734520962
151484,0.0013955489755181905,0.0015685541852106244,0.001268835635927168,0.0017782205570271992,0.0015586139819001588,0.0014744906180341882,0.0016310186673473837,0.0014289720217419838
151486,0.0025840326963222915,0.0026533881969612594,0.0024296919000774825,0.0028206689074272845,0.0025478607700069184,0.002598229829384957,0.002846443675787791,0.0025646041035771866
151488,0.0028007171063402225,0.002711488503249773,0.0029842916095255134,0.002236199744451564,0.002462199734194606,0.0024444878562191463,0.003237793378520204,0.0028025556259372864
151490,0.0009268230677784844,0.0011601798731536578,0.0010555836477132985,0.0012554870578767585,0.0011830981562899745,0.001120082626787644,0.001230436832262552,0.0012060304868301147
151492,0.0016226281077147547,0.0017810046805399882,0.0018145983145989725,0.0016268752259635116,0.0019356262759340215,0.0020730391413681937,0.001743949982495177,0.001807169388969021
151494,0.001645659683849346,0.001678874362107799,0.0015958981848989695,0.0016842097094562636,0.0015990508653069974,0.001624729049714127,0.0018535115111185108,0.0016684006960693415
151496,0.0017378883222112784,0.001682528420098528,0.0017830934158341721,0.0020245750530998308,0.0017422770680206728,0.0017740311954173027,0.002098415400490161,0.001962254112427786
151498,0.0022975425929812193,0.003033937346263116,0.0024205892542732976,0.0028853394373645203,0.002277359121794831,0.0019887614850012114,0.0024445298505606505,0.0025717530986241327
151500,0.001743030371203061,0.002268261414906672,0.0019218824325357847,0.002376072735987833,0.001814366634160805,0.002051584723767333,0.0023541519633952235,0.0021884431161776213
151502,0.0018581642451725444,0.0018646156754800192,0.0016432646542230978,0.001986853426467816,0.0021157450272364514,0.002204019986020836,0.001796579236846077,0.0018067703308824457
151504,0.003383048355330376,0.003032007603926981,0.0024591458344063732,0.003218906893831752,0.0032155957991542167,0.0029469741785859704,0.0030170603317314915,0.0026361500823136735
151506,0.0017426509000335738,0.0017485476266898559,0.0017471677290617493,0.0018693589840746427,0.0018955675377446135,0.0016795545961878627,0.0018954929301031598,0.001610518304880293
151508,0.003179863037441902,0.0038047096592743745,0.0034849714993259173,0.003218078432105864,0.0034290845497498973,0.0034422282603687737,0.003092537684897201,0.003633076473588695
151510,0.006097903368909252,0.0053296862576393544,0.007102455170713506,0.005950693929780704,0.008044918881628726,0.006672044721656223,0.007288961195907939,0.005843380999966341
151512,0.002281222789431381,0.002556587222331666,0.003051268038115007,0.0026406280656923187,0.003099707693746137,0.002917242682859547,0.0028357144420682184,0.0027220335727491524
151514,0.0016902904388747114,0.001842601055551063,0.0016686429490504612,0.0017633081444712873,0.0018565048199841727,0.001816047763720366,0.002113010089183298,0.002177267411784811
151516,0.0031842722565622594,0.003451252144846484,0.003418623666139098,0.0025473500816353273,0.0031186935498084406,0.002823140991731546,0.003302902955945264,0.002829301368834136
151518,0.001931328991058981,0.002021070621095744,0.0023458148713434573,0.002286387752925556,0.0024553960094736565,0.0021096297504033523,0.0028798723514622676,0.0019078796820812816
151520,0.0019537479659190865,0.0019842638660017564,0.002382407514888177,0.0025751509769594977,0.002138800330670501,0.002052933136894808,0.002524308282898638,0.0023080805910714736
151522,0.0019037245018983656,0.001752121692493669,0.001963040348553824,0.001961088251210122,0.0016688273896182798,0.0016047927454430067,0.0020064120545105896,0.0017057015905553308
151524,0.001617919893398545,0.0015462771067484976,0.0014865635728398274,0.001505907571552459,0.0016169472540066843,0.0014711972104164556,0.0014535162612796526,0.0013601584109036585
151526,0.0031030602743792463,0.002796968586045223,0.0033127985826843093,0.0027212266498956167,0.0027517135101779028,0.0025748715784255083,0.0032247196887586066,0.0025409512662349365
151528,0.0015990666558912126,0.0019187754963651132,0.0018574265956695785,0.0015015042042429982,0.001635991183429178,0.0016728751667551833,0.0018902805224776387,0.0015999537352091725
151530,0.0022731811439593574,0.0019134265340225998,0.0019896324406277893,0.002646098566764024,0.0024145245787415975,0.002037921799447409,0.0021587793544376593,0.001970218803757584
151532,0.0021782054806452344,0.0021307539747886933,0.0021663325394206817,0.001930292814653678,0.0022628394589233047,0.0019805610758629744,0.002389967493700143,0.002289428715949296
151534,0.0015903163532640097,0.002066150708041406,0.002178132458397819,0.0020873967093093665,0.0018838692080334202,0.0017792263995820706,0.0020386554320452888,0.0019827457748895633
151536,0.0010750393294572391,0.001234135334527764,0.0009857643544965017,0.0010976187064252324,0.0013039317458997252,0.0009924373260031955,0.0013347456909519467,0.0010196868881293814
151538,0.0030311297189972303,0.002887436121178588,0.002510741541502881,0.002987459435871545,0.003084933587195471,0.0026943044669105465,0.003277610334719905,0.0039049527753701185
151540,0.0020273192590392203,0.0024637689992879214,0.0018732227200418117,0.0022981572485441526,0.0021253283202510437,0.0020590478928019795,0.002115589098853121,0.0019159534864504751
151542,0.002905230851040344,0.0026348771477949923,0.002449979278979511,0.002759244153496765,0.0026275339506848377,0.002587745284567969,0.003128235718730457,0.0026343601059565375
151544,0.002408225458730373,0.0022648335048672946,0.0022032358437677063,0.0026319262550124206,0.0026355499135260474,0.0021473189422683975,0.0030308290521228187,0.0023725109287548035
151546,0.003540111851907446,0.003426533141071053,0.004069610992860684,0.0033481587617404523,0.0038326607911738503,0.0036082845790874757,0.0038689950809855933,0.0037059840671274658
151548,0.0020406191624309233,0.0026882338307068765,0.002454271952111675,0.0024099486029865447,0.002146848387199418,0.002103832929054597,0.002795762971357141,0.0025762350657610456
151550,0.00314105366199037,0.003371361337094536,0.002769658084844695,0.0028338329498220904,0.0030159603846540706,0.00295911162767859,0.0033289397231006795,0.002807307729624911
151552,0.001509198481013399,0.0014993754756611466,0.0018978012565252222,0.001706520197413186,0.0018316803962521583,0.0017467990179680926,0.0019967873950617193,0.0016533311364391873
151554,0.0014903248040810807,0.0018705468805311348,0.0019219964274280188,0.0018016381332432024,0.001784712468946792,0.0017007602743355221,0.0018563908580410265,0.001591721744076749
151556,0.0015018994665672164,0.0017455847886843068,0.001693481926861043,0.0016888421771890094,0.0019342216061973283,0.0016015559878158059,0.0018457260624743649,0.0015717494624313405
151558,0.002059618616458758,0.0017460399195299292,0.0015059035237713486,0.001523348505003741,0.0017330804625006468,0.0017284239139997576,0.0016632372270786316,0.0015967968894668033
151560,0.0018901609936259472,0.0021363229137506684,0.001815157899720754,0.0018152896353646059,0.0018649116742077698,0.0017236718596819328,0.002007253485596161,0.0018801838136463106
151562,0.0024075648154021773,0.0023668402848780468,0.002654261384722592,0.002262721438937146,0.00214462542725459,0.0020710683462034224,0.0023470603594324957,0.002400316861233487
151564,0.0015538613085244735,0.0015846918026840712,0.0016734295250599024,0.001567946969200984,0.0017784483471268292,0.0015478490355885915,0.0014947045589665114,0.0017320741077020557
151566,0.0026059187822004143,0.0023348928786805084,0.0023129863177543536,0.00225664314626485,0.002150306080015929,0.0020756920873878926,0.002523786485821425,0.0021775681420286436
151568,0.0015584589720780834,0.001804907059785657,0.0018186598825820216,0.0019026564341557833,0.0016423940295290512,0.0016298649268723514,0.0017480666253613109,0.0020371287771116103
151570,0.002133211987921657,0.0020614378184968946,0.0018474578418206655,0.001706216120512194,0.00218333087188273,0.0020575308557992944,0.002208463059573243,0.0017147170672960343
151572,0.00201701506513019,0.0021109015959824284,0.0017716686578262003,0.0017673679990644203,0.0017747772070077078,0.0020581003551711913,0.002110040422899362,0.002190386680922529
151574,0.002737964401218429,0.003144826691179825,0.0023844782934825393,0.0032443238029094545,0.002819566594633019,0.0020300972147019453,0.0026546571492037097,0.0022822488368596933
151576,0.0014460804706385583,0.0016301398621276914,0.0016704439632232587,0.0014839259327886212,0.0014932465178377208,0.0013866107944582456,0.001656634326779885,0.0016402542341378834
151578,0.0018002317492996772,0.002249327618190647,0.0023950484075250383,0.002129289473469742,0.0021749231235521777,0.001817149046035374,0.002057474417127017,0.002238709013259857
151580,0.003191276287729805,0.0029988544314472065,0.002788816057421442,0.002921714846767287,0.002926870796491912,0.002575462529869413,0.0030737771333782526,0.0028632625903936143
151582,0.002435965325602807,0.002679257180070019,0.002517199044358487,0.0024450747045826754,0.0025002168911051476,0.0024368391236007647,0.0024800434473979532,0.002633314704488257
151584,0.0023667420559560087,0.0022674524442129057,0.0020874733005520896,0.0018782598063040723,0.00197327839688044,0.002041197761533678,0.0024800560627458307,0.0023531268632264735
151586,0.001781183280711085,0.002052930773831077,0.0016474074300401598,0.001737325561097569,0.001935101185717214,0.0016826839805309662,0.0020676427993970847,0.0017139597290539849
151588,0.002867692004044478,0.0026532922510225654,0.002368476766749561,0.0026460671395640706,0.0027970978307539363,0.0025683306548396345,0.003155629896411938,0.0031145204197038368
151590,0.0019430592411478487,0.0016952416880007398,0.002138045448287551,0.0019836406317530475,0.0020013775051206384,0.0021627362020313345,0.002455605345128342,0.001767429391300715
151592,0.0012811403753067996,0.0015103807983630896,0.0014052640140427286,0.0013120858865969254,0.0013733961082023627,0.0012782544044762645,0.001539083235649663,0.00127828237434581
151594,0.002184966028190641,0.0023187435142491553,0.0023424954262081382,0.0023366007538216937,0.0025945567839203015,0.002512999192778642,0.0030268967352320986,0.002529060089101823
151596,0.002600781799005303,0.0026062968526125024,0.0023425253563635895,0.002717719714108738,0.0026185899193743034,0.0027599314382911744,0.0027349080053645225,0.0030214350957500358
151598,0.001315131632429592,0.0013098522288181869,0.0014334996654383758,0.0013177294726025718,0.0012801917078553715,0.0015243778089979593,0.0017840764034191686,0.0014923060658890291
151600,0.0012491554770621693,0.0014455832763471954,0.0015659847957755352,0.0013829005918630927,0.0014301267175940158,0.0013545490801334381,0.0016605349225056742,0.0015642807994007413
151602,0.003170779798225498,0.003537507938144016,0.0031241611502288436,0.002793038294535144,0.002587087364711374,0.0023603445355596803,0.003446693234946188,0.0031152963530112765
151604,0.002161088258637381,0.0028382887695599934,0.0024748753407366625,0.002456410650636412,0.002259836046361166,0.002367048710928424,0.002333115810598807,0.0022918399710112475
151606,0.001953353125480284,0.0020227202547134504,0.0021560364524081527,0.0021391631764098307,0.0020839607409795097,0.0020453510005187386,0.0021894679558157742,0.0020177486066794703
151608,0.0019315372420464355,0.0017485697468655609,0.0023001607174811256,0.0018088874252626536,0.0016138913077756861,0.0017204872669340926,0.0020595976524609427,0.0017470232295374033
151610,0.0012060969847974001,0.001337405599926511,0.001048455458027689,0.001126358889924975,0.0012260550534520243,0.00106293540568686,0.0012746041691633764,0.001103248185050143
151612,0.0023593680297363667,0.002392615878253679,0.0025407555992075365,0.002227312346148161,0.0025353505096316203,0.0023548450083982347,0.00218271366901579,0.0021588423585361532
151614,0.0015080027388015976,0.0014774824049374052,0.0015180620500056113,0.001698264056474233,0.0016174724908997323,0.0015036832689148266,0.0019141445783383976,0.0017377119060518198
151616,0.0020575768184036836,0.0023939207530274675,0.0023887139484324443,0.0027387176544522163,0.002227180840056478,0.002054887518500914,0.0026380849345530866,0.002268706055411407
151618,0.0020616719143175116,0.002481453225500696,0.0025420848560884224,0.0025579202367665005,0.0026569609227090063,0.0023537684283459065,0.0028014458167149314,0.0028259321934070436
151620,0.0031794517334052252,0.0031788480595219687,0.002793302118121732,0.003119626886267435,0.003741848272587625,0.003014504736329693,0.003724677778960253,0.0031778798644686024
151622,0.0022140410722753523,0.0021445105314266133,0.002683813683960326,0.002500759718906176,0.0021349312025329553,0.0024325150613846436,0.0024524965029085882,0.0027150663440234646
151624,0.0019056862233007288,0.0020532700561859962,0.0019481172819944131,0.0020381101565217913,0.002068322463742389,0.0018334448150908594,0.0019207191593737655,0.0018191981664920226
151626,0.001927950738910847,0.0020757620139955635,0.001739449436189991,0.0017220303445464463,0.0019289172414369699,0.0019381248712813104,0.0019399559016814033,0.002031117528577875
151628,0.0016934150874509252,0.0018716281394104417,0.0016877284579353558,0.0016968774470724757,0.001741688721498394,0.0017428869760118815,0.001859555483771716,0.0016541792004221012
151630,0.000923607006653393,0.0011432076016331671,0.0012745687917226634,0.001264641619457052,0.0010757100048330998,0.0010049509468235684,0.0011727694750157114,0.0012541362933140565
151632,0.001780261762212701,0.0018411161102363516,0.0018056563686394966,0.002032936531941809,0.0019312569571673516,0.0017983671142838414,0.0021140760353013377,0.0019022765395427244
151634,0.001417120013358364,0.0013754301623772336,0.001534718864328044,0.001644838584727637,0.0012561365703605554,0.0015738118942438956,0.001514457605881328,0.0015579310552893966
151636,0.002155089334806695,0.002160336032546298,0.0018973689468331778,0.002098723946719616,0.0018178576887022957,0.0018967965043837354,0.002056322156028259,0.001949286847597334
151638,0.0024760396967471454,0.002185906102213586,0.0023692313920303937,0.002736657760458394,0.002438242088258713,0.002614868216339175,0.0025341134039961327,0.0023333698931198854
151640,0.0019868713600799115,0.0021808998136487734,0.0020860353217511257,0.0021978855803124336,0.002065113844018765,0.002304292588939383,0.002712316098502976,0.002079413070912431
151642,0.002823607349940596,0.0032554881501706406,0.0026168013421826175,0.0025509222120985303,0.0023268595298455708,0.002927523017228331,0.003234639110908155,0.002872585244517778
151644,0.0026376192348999267,0.0029200123718189364,0.0029635739808231976,0.0032074881807797745,0.002572717051718465,0.002544950757441003,0.0032286810574516794,0.002546388637228114
151646,0.002947328093915305,0.0025495477591255256,0.0023798022243257805,0.0026971012862291865,0.0028359711477455307,0.002900388918882238,0.002834677421818102,0.0028101783814400566
151648,0.002285660687431093,0.0022725119437447816,0.0020414121905218963,0.002079581250964191,0.0019497033187205887,0.0018455980282133938,0.002423632330720085,0.002177738854794109
151650,0.001491931924979109,0.0016194981327658647,0.0018991247807440687,0.0016499144229005364,0.001642070963558409,0.0014670344043601347,0.0016495618706022785,0.001435264121802185
151652,0.0019230006430781543,0.0028076705274457936,0.0023235535280475283,0.0025706552208185768,0.0025044384909956308,0.0026384427514462155,0.002580636909709902,0.002487763350090058
151654,0.0012754797177044197,0.0013480200114264346,0.0015148710985785213,0.0013655461231307925,0.0013688787425190085,0.0012826379474209504,0.0014155545566125888,0.0013488208140621794
151656,0.0021895753338514595,0.0024164799764003903,0.00208501083022844,0.0023886629686581534,0.0019911797624173055,0.0018551169695846803,0.002334831676108609,0.0027675242644662618
151658,0.0025842682768564273,0.002404074818760496,0.002767437643163506,0.002310339772946937,0.002382209686767181,0.0021511920173536425,0.0022581246006458944,0.0024434160175188513
151660,0.002703767271042948,0.0030198266351755265,0.002825806244829643,0.0029596543419972005,0.0027208477172946943,0.0028000807452782106,0.003141401088641374,0.002778222010253517
151662,0.001645485897159793,0.0021797687979659003,0.0021766152635651626,0.001881962385300709,0.002025856546718219,0.001912117582532194,0.002180134058562669,0.0020944905848907652
151664,0.0021260758013289666,0.0025418478255112703,0.0024698566599499205,0.0027628200655591684,0.00323194466369614,0.002226435126275794,0.003365775677932961,0.002276991493535052
151666,0.0028324207534303897,0.002820676821435067,0.00194434358598361,0.0027935249996959843,0.0024006552527329333,0.0025442528273323384,0.0028928262246152997,0.0025266989824788144
151668,0.002502044186462618,0.0033280465009373345,0.0034213159412705,0.0027109170590038922,0.002931158724884378,0.002575564620480378,0.0028089264863174895,0.0024609085345597137
151670,0.0013585017184782888,0.0013284144768699324,0.0012084732250894487,0.0016021124178147161,0.0013440744677773037,0.0013531246458688972,0.0014841199575333364,0.0014217254947697239
151672,0.0012785367810173032,0.0012991453434809674,0.0014736702101075944,0.001212943379453657,0.0014379443428538252,0.0012727136274901657,0.0013114452688825495,0.0013198242067167382
151674,0.0020811815099648495,0.0021227255291622754,0.00166292548586279,0.0024118801928879052,0.002407265782532489,0.002157427065085926,0.0021663640964165176,0.0019858452891342027
151676,0.0017291825818568918,0.001894923041048227,0.0014628085349303183,0.0018065752518552913,0.001923083304908993,0.0015260619748341947,0.0023607112298345556,0.0016876225543436263
151678,0.0017409378844244205,0.0017935781724088273,0.0015807984333542913,0.0015374018305270298,0.0016074938338933031,0.0014488362771767488,0.001916307673349285,0.0018026417188848343
151680,0.0017737318305748873,0.0018955211510818387,0.0017214624288632852,0.00190698744087886,0.00183256792161135,0.0019573774915970926,0.0018363474908869026,0.0017176455747849873
151682,0.0020878984925999516,0.0020792217956047687,0.0021074442765023904,0.001981976167074309,0.0020620900722934238,0.0017092645773767595,0.0019405610764720166,0.0020387644286190554
151684,0.002319390063378002,0.0029353242516232947,0.0025566855475924744,0.002600110446527984,0.002446099002892735,0.0022313814580565694,0.002579538272319548,0.003035370586319752
151686,0.002273769439515627,0.0023469585714173125,0.002135650759088961,0.0021216924093686723,0.002375704850533636,0.002051485171399803,0.0020624341709698513,0.002138747267491428
151688,0.0055165434826500714,0.003813089916740467,0.004012979833661667,0.0036164179882300918,0.004141813551328255,0.005024344538873626,0.004186614488075391,0.004152399916822702
151690,0.0015281856739003535,0.002108497870174697,0.0018602180389122452,0.0018338997722498057,0.001923537159813693,0.0014932853858621448,0.0021578413252522216,0.001963773584651732
151692,0.00253971880238546,0.0028962799400163025,0.002495115998900843,0.0025156618057437102,0.0029233022031450867,0.0026011659564621065,0.003721421858047816,0.0027481416706399836
151694,0.0016886939866476158,0.0016105347499889705,0.0017570070910188917,0.001725878683628293,0.0017016394702108611,0.0014122347184249012,0.001865988728646531,0.0015733443305854383
151696,0.002314915939790066,0.0025668567716232715,0.002727851929414507,0.0023424384512599344,0.002325966512451441,0.0027041636095953003,0.0029953555669828824,0.0027319354847367278
151698,0.0018793087316772983,0.0019561082902852522,0.001994350075486262,0.0017215270373028974,0.001663089252702754,0.0017846869737884324,0.0019407527567128074,0.0018804855687139105
151700,0.0014899175512023272,0.0018707096133843693,0.0017717360832927298,0.001763754002445786,0.0016812512017152503,0.0016825647881999611,0.0019027926074982049,0.002055057743630906
151702,0.00243799964888837,0.0028815866830882997,0.0026483545305780454,0.0028743601192165458,0.002647167202606396,0.002297348677461619,0.003100442782791882,0.0025171930634298456
151704,0.002349450124091726,0.002170635773136864,0.0020242777052992406,0.002631291788232751,0.002221774522349007,0.0022009698906227393,0.0026034703564834505,0.0023607970252026572
151706,0.0023338626223032982,0.0022519853110412047,0.00211201220723517,0.0023444820492771884,0.0021997505136959333,0.002074560865727007,0.00224027167312936,0.002400556689640246
151708,0.0018390115453379569,0.002010282561431556,0.0019921882550783115,0.001882386471251954,0.0020750023890094837,0.002080169085170225,0.0018826327992016584,0.0020458918517027858
151710,0.002194448462870105,0.0023758940555860253,0.002077219199388358,0.002137328588439749,0.002034995983573165,0.002288352583444342,0.002398913904395672,0.002618845752625623
151712,0.0015803946982717726,0.0014165055602777393,0.0015161435369606124,0.0015439965350358964,0.0015578134258498744,0.0015062797015241713,0.001599579445344515,0.0013824479006083884
151714,0.003573894458782867,0.0043692909441548355,0.0042709774300014325,0.00390841189873653,0.003768734092469264,0.00374823523768332,0.0037976319123258495,0.004584226034944017
151716,0.0015463008379903442,0.001722413748311849,0.0013480935976462605,0.0016824223741812722,0.0016989847520962886,0.0014738827276277733,0.0017124535706909555,0.0015839198622452089
151718,0.001990360654007761,0.0020295275754487196,0.0017301983234949692,0.001912698523148182,0.0019141074179512968,0.001739613821102104,0.001859826339531745,0.002062100560619451
151720,0.0019303612297351253,0.002070337379215262,0.0021653810825818104,0.002336594631290448,0.0020057212850289746,0.00235692258512743,0.0026153867711587453,0.001921901050381758
151722,0.0011150212487937156,0.001282739346576689,0.0010712340072525223,0.0012218899538875144,0.0009270072578171501,0.0010907237208269138,0.0012734425562495183,0.0012290805468853083
151724,0.0027806711057988404,0.0025971718777953456,0.0023801079067658493,0.002828215200668241,0.002595253229067618,0.00242602442450425,0.0028198316681283947,0.0028648890230000834
151726,0.0027756825330143564,0.002486794640950196,0.0023728295709791875,0.0022134458331815043,0.0027707439320358157,0.0023489608075327184,0.002785426647244016,0.002381507899587146
151728,0.002551011773213943,0.002457469084105393,0.002562069949837445,0.0026204275446761877,0.002237352000776918,0.0026217938834023485,0.0024122497707870227,0.002725937720180052
151730,0.0032906731598016936,0.0037821480286437947,0.00315939407828926,0.003798040100089564,0.003267471017753945,0.003397472331100451,0.0037180392458453643,0.003349738553425921
151732,0.003120721435452334,0.0036763362928356053,0.0033729500542883373,0.00402792622839071,0.0035826075487671027,0.0031482913667426615,0.004014531853968606,0.0034911156203683152
151734,0.0018118054886585022,0.0020675977408536467,0.001637866157912074,0.0017325448406836502,0.001920703486003164,0.0017438693979281994,0.001673609353140662,0.0020114001324691433
151736,0.0029796099219218247,0.002465626214158745,0.0025759760283357164,0.0027483853977811196,0.0021792543542336618,0.0023303876350789926,0.0034465143354550087,0.0021536728519468
151738,0.0027824063545168892,0.002558333624693765,0.0021494365600405324,0.002492960512978218,0.0026054863550020735,0.002540940374782044,0.00225715744080901,0.0023172666921842527
151740,0.0016947886262441703,0.0017086079178547792,0.0017244997173180426,0.0016414913360657396,0.0016473699318902413,0.0017155720887397502,0.0016687275591346223,0.0016522316131284548
151742,0.0014971459141758375,0.0013465131668167901,0.0015009987253988971,0.001670380625085413,0.0015680039091473669,0.0015457398332968803,0.0015962982394271408,0.001564137294585169
151744,0.0012465498820724008,0.0016000052928968334,0.001447962083276133,0.0014264785810178537,0.0014506844927666962,0.0013764201119990105,0.0014458249219262559,0.0014860505628271903
151746,0.0019589966417710714,0.0019491845459365664,0.0020875260642255894,0.0021978066402989077,0.0015716321985719817,0.0017530820688036602,0.0018992189415676514,0.0022655505124975633
151748,0.0025229833082303227,0.0029238911772758863,0.0031540593250840715,0.003311775467484415,0.00241329388982138,0.002666573812182771,0.0028948342276308298,0.0028524774018390403
151750,0.0018214579843905399,0.001953691651790601,0.0019336052987318914,0.0020973418091277396,0.0021149239831913663,0.001631639178432176,0.0020823750532636964,0.0018680423324882178
151752,0.0016195958800041682,0.0014575278717161716,0.0016739501386142802,0.0017821792665965314,0.0013083512449476586,0.0014420538160287016,0.0018171614325961927,0.0014514797437945592
151754,0.0019164348755280752,0.0021723974333589524,0.002006374342769457,0.0020066126335314127,0.0018529136522942857,0.0019616399544068047,0.002060707538490192,0.001841526616639888
151756,0.001597626458368931,0.0017280509917379089,0.0017043322481763573,0.0015459328777334136,0.0015508688259748826,0.0015856164213584045,0.0018111468565107508,0.0015050382908948223
151758,0.001866429680169604,0.0018434038914707518,0.001611544939599932,0.0018330677475193596,0.0017605663410846933,0.0016281208015559573,0.0020440081117768655,0.0017469055166694503
151760,0.0019415290928331275,0.002007984916259656,0.0016143738382584788,0.0018482838365241477,0.0015598066681282163,0.0017635083824841247,0.001950022116957939,0.0016756673958768925
151762,0.002214489833090527,0.0027077191696811553,0.0029487844262700152,0.002403250014701444,0.002493930050112017,0.002964878534128579,0.003084018695751492,0.0029675814464014266
151764,0.002509778446402544,0.0027673639573305153,0.0030606620560381104,0.0027475187313120153,0.0023630148513389404,0.002553944827305546,0.0032424517201095626,0.0027470508897755597
151766,0.0018929720553409468,0.002084671316660014,0.0019503271217065216,0.0020823158949539455,0.002073267788490263,0.0017982941287369436,0.002205954706767224,0.0018353945728805249
151768,0.0015075355095062748,0.0016446847836461137,0.0017694079821795605,0.00168008562866917,0.0016155190890870252,0.001689096320732164,0.0019103479357088227,0.001959565201024527
151770,0.0017358799438476624,0.0018972050585103345,0.0015892783854210557,0.001613948177966465,0.0017853067780553844,0.001926191109424838,0.0019006751597922117,0.0016918288052796826
151772,0.0018734297493603336,0.002131405408059575,0.0021849242363373295,0.0023818522350929072,0.002013858544505101,0.001689283725567814,0.0022573213336252312,0.002085423862958402
151774,0.0019149527429807578,0.0021085597940979778,0.0021907186548029145,0.0022712256795412444,0.001833684729363752,0.0017975498239342635,0.002185346700720514,0.001969813704814652
151776,0.003141548500225133,0.0038095178112247524,0.004193422333660435,0.003401169044057864,0.004242976159688716,0.003271477727342431,0.003436743162686398,0.0039022854349257674
151778,0.002115127515983986,0.0021776693172184114,0.002072353954001349,0.0022817754668564977,0.0020992397200958607,0.001997735699033068,0.002434680288813121,0.002057641707660318
151780,0.0015105452709424233,0.001866706830375764,0.0015418715288080392,0.002019873349787607,0.001647029444029613,0.0017123379532222316,0.0020846148471447834,0.0019101691599882203
151782,0.0019332269129868629,0.0020836529418227223,0.0020021942097315226,0.002068501038155049,0.0020816230573130756,0.0019082077356815663,0.0022552736318130068,0.0019420373241741395
151784,0.0012727511056081497,0.0015703059742692288,0.0015406395143805623,0.001563551262153462,0.0013897504039822733,0.0015201017448102233,0.0015129746000615146,0.0016731616296186136
151786,0.002967786416409268,0.0026341646987690925,0.0025435775385943687,0.002724312337230528,0.0026670686102967522,0.0026721650831696003,0.0028068521929813933,0.0024752652823884086
151788,0.0022121161240429843,0.0021508837844464446,0.002040343187098337,0.002264049961634221,0.002346609188214055,0.0020078964431218815,0.002331490513719073,0.0021735501554338704
151790,0.0026061831243229805,0.0024034023261434445,0.002113736561207627,0.002305618590330419,0.0020922018685533145,0.0022703952347225137,0.002403952806053336,0.002914017397151414
151792,0.002238101655255287,0.0026553143906996035,0.0025679519503031406,0.00244483818848297,0.0028850136751421562,0.0025233201332232197,0.002648933914439225,0.0021004172588767744
151794,0.0013281356050916099,0.001368947106872298,0.0014082093651668348,0.0017511222948035782,0.0014862157159617612,0.0016809823754295738,0.0016497246754801353,0.0015483429923870418
151796,0.0014504642904716314,0.0012234325002522528,0.0008811106459343798,0.0010717417742529683,0.0012198466224600524,0.0010009055389405136,0.0011889439959705955,0.0010240060577482168
151798,0.0023164070734369435,0.003034463895417297,0.0020027806730532755,0.0023863064764315656,0.0026348702637686433,0.002572891648194242,0.0028287168489228437,0.0028058425650201585
151800,0.0021975481740688224,0.0024029070576858658,0.0025082334008210694,0.002519695206835204,0.002708482210223906,0.002632130370826005,0.002790111082991098,0.002504593602981109
151802,0.001743966161860469,0.0019471798438335797,0.0018724388855948654,0.0017939858693596933,0.001888409633076918,0.0018315541255292805,0.002066694979536765,0.0016770819277811544
151804,0.003398231491889017,0.0028786757808446084,0.0033465060708093436,0.004005519412366765,0.003273284424934589,0.0036051980470131056,0.003257573208265488,0.0030772999985027027
151806,0.001433675413390137,0.0013734905407256637,0.0015087339604848982,0.0014774818321661304,0.0016153436073251815,0.0013598484769045266,0.0016234322374542587,0.0012948454546862914
151808,0.0024286739805358254,0.0025153434284415216,0.0028028360709381334,0.002525715607102852,0.002473036875883017,0.0026282523778809463,0.0029111894492812734,0.0026838105961105724
151810,0.0024581575944543493,0.0022031040012571723,0.0020753835418109295,0.0025120472409063815,0.00208919067483887,0.002032762522628462,0.0022669901893481725,0.001850158462485263
151812,0.001816488490625004,0.0017177088763951215,0.0013225331574551746,0.0015550671594952853,0.0014266277264530225,0.001390968339193624,0.001729728529157093,0.0013953380080700684
151814,0.001583405438588828,0.0019648405044106476,0.0021684282842210495,0.0020124431447280516,0.0018533120002963699,0.0018764339282606457,0.002093675380265836,0.0019101252000269242
151816,0.0026644216283888827,0.002601176976234021,0.002634556667660118,0.003310861829697309,0.0032254491427772397,0.0027880834839194707,0.0029858714449744334,0.0028892151767069413
151818,0.0028291091640981897,0.002619442872585101,0.003489216758788674,0.0030008425718541787,0.0035576696652042106,0.003515828388500966,0.0029384700267483105,0.0029662324739113816
151820,0.00190979437684341,0.002007039523086576,0.001870745383336661,0.0021593962802890637,0.001877116914466237,0.001823930162603793,0.002010872212680148,0.0021650569276430165
151822,0.0028506126322378478,0.0033191234465529545,0.0028792070706860212,0.003264039257395282,0.002916309552301266,0.0029873881708231687,0.0034188793845441184,0.0030780398663732833
151824,0.002464410678343576,0.002398214404106605,0.002050259694086398,0.0028397461016494013,0.0022488378889175126,0.0025044481853540024,0.00194592282748568,0.002568199256682613
151826,0.0015755657287622876,0.0019516764039285844,0.0016097753725652503,0.0018062414884667533,0.0017609027359278967,0.0017072842024303814,0.00195003988357062,0.0019123941944008127
151828,0.0021779711183436135,0.002468868120988399,0.0021419977397216933,0.00211517480278213,0.0023304879840859716,0.002299206388654565,0.0022135990172207493,0.002276980827780939
151830,0.0015381085866601613,0.0020781833548373513,0.0016377096680147418,0.001876001154929599,0.0018605943533667735,0.0016933329197084263,0.0017596129801583787,0.0018182157153530248
151832,0.003964333919749541,0.004899137451463753,0.004365306640473854,0.003890522320521686,0.003601225265789987,0.004332488317757621,0.004626256336738521,0.005072792948448646
151834,0.0026449481462893637,0.0029939403676471216,0.0029767523484098973,0.0025790312295895235,0.0022161709866850288,0.0022662562836246597,0.002229067655994621,0.0024885757694415173
151836,0.002795132294160077,0.003162376537189107,0.002956805545714994,0.0026408857389765977,0.0023492684751707515,0.002787215300426249,0.0029875563577014402,0.0027357754086632102
151838,0.0016841155350597603,0.0017821537895384432,0.0018198369655973018,0.0016528731087334242,0.001657340068959512,0.001637711778618725,0.0019526198621750007,0.0018957070255345432
151840,0.0025324828964996687,0.0036626961933467067,0.0027680502926176326,0.003688649985733372,0.0035843282445577884,0.003367290444299967,0.003679662825218158,0.0030545140301596746
151842,0.0022305298280622665,0.0022478306841486884,0.0023849039821093876,0.002219801282108913,0.002097297110549859,0.002314305498721192,0.00270432362547203,0.0028142811797611383
151844,0.002100075468906018,0.0021442528033328717,0.0021117043976098954,0.0023520694656442576,0.0021932514806611986,0.0023595124298392833,0.002204616055427336,0.00239829722954199
151846,0.0019678612163427506,0.00211369956668718,0.0016723364392170481,0.002012552106813184,0.0015167957707342694,0.0016784811837092933,0.0018350345396073303,0.001742924612790478
151848,0.00281526386151211,0.003389145810748284,0.0028721579825783383,0.0031020082486237777,0.0031119442327915,0.0026571948115762384,0.0030817599792726386,0.003103038692571905
151850,0.0017963035532739813,0.0026497392520441615,0.002170509075031038,0.0022781542104886032,0.002202726331022087,0.002111384628054172,0.0023443023962267523,0.0024629118316556037
151852,0.0016166201101919797,0.001829512396768429,0.0014732944090962846,0.0017878485020220852,0.0017688554946052731,0.001509057236054337,0.0018245204632633266,0.0018304991698556705
151854,0.003951717393333942,0.00461934768310851,0.00427954267138464,0.004117712780725924,0.004548265574168264,0.004367810650809434,0.003963953011105803,0.004052729767965113
151856,0.0018469819938440324,0.0021333262365575423,0.002011455601481915,0.002234167282090374,0.002329922604985768,0.002078610656922067,0.0025920222852349323,0.002403234674248203
151858,0.0028576615344605566,0.0029947423136538753,0.002230980960564788,0.0028038159636121357,0.0027038071747825243,0.002758657132897968,0.0033857109812947123,0.0026841078097920162
151860,0.0018292956992951304,0.0022377907818827425,0.0017104091049616188,0.001543533421806631,0.0016898558033112132,0.0014181660958667713,0.0018427606492439491,0.0020320951081026634
151862,0.0021962651492209023,0.0020481223963090406,0.0017062151972430245,0.0016620281017015875,0.0018468100503983426,0.0018398417219540747,0.0018268813471657014,0.001847627893881723
151864,0.002738359729283213,0.003007498980306389,0.0027433548591240253,0.0029476427930497234,0.0031743196037631455,0.003162611172293786,0.0030810254542358445,0.0032941518162345057
151866,0.002081652971375414,0.0026509900689109522,0.002178985504149314,0.0022582024922224164,0.0019953161050813156,0.0018951559164901571,0.002422287479824148,0.0021518870046227795
151868,0.0018823463879134167,0.0020550411936560847,0.0023516658669704565,0.0019147323471640498,0.001983434567843237,0.002265679954749411,0.002329984102822716,0.0019187869191208407
151870,0.0015728913152577295,0.0019391654440445993,0.0016929359059081883,0.002049350607658665,0.002076008463760326,0.0013405779617073343,0.002016548974134294,0.0016782153259669585
151872,0.0020961644506317795,0.0022363160137357646,0.0020397041402710064,0.0019833970726628736,0.002138267661348628,0.0018652051222203259,0.0020854527835863085,0.0019329284893977589
151874,0.0016689016556954567,0.001910728961057595,0.0015886588557947334,0.0017303129927471184,0.0018996361995107791,0.0014877821109133965,0.0019640284831146243,0.0016688983075990316
151876,0.001146145799153564,0.0013118721500724462,0.0012252099395331784,0.0012808670441272346,0.001595703236019222,0.0015027366473907566,0.00144637316114965,0.0013480982481439835
151878,0.0026608600301099156,0.00240207551594053,0.002067860984551695,0.0030017156519618476,0.002357672473497621,0.002242993878154076,0.0023800559284615913,0.002370452609268492
151880,0.0017313665780683968,0.0017683616819747089,0.001281670587588657,0.001721280975280473,0.0015329287020585808,0.0015255017439166352,0.001635729315090595,0.0018791491779648895
151882,0.0013115183896173083,0.0011764268428016283,0.0010702517393129107,0.0011342806310266074,0.0012810523728173373,0.001122931552204387,0.0012350544777295497,0.0011711908800689091
151884,0.0017191055139227501,0.0016088999190921882,0.0015246701726039924,0.0018293246977719863,0.001435540471902641,0.0018287552862261691,0.0019326461383421117,0.0016530906033963705
151886,0.0031451195893140854,0.0028930306002583756,0.0028135369698214507,0.00345876369107595,0.0025929179448281325,0.0031288304002794476,0.003458882000145991,0.0028146404751174803
151888,0.0018614920700127519,0.0016592369457125167,0.00155411742093442,0.002063019238443889,0.001600090826846659,0.0016131960758785646,0.0016381604635945651,0.0016121315211989895
151890,0.0024195860705872457,0.0024789018912608207,0.002207383026019194,0.0028345976893986435,0.0026001902292117768,0.002066401666888318,0.0028655055851679045,0.002382781737969575
151892,0.0029256838444970956,0.0024938686578659386,0.002807381945335044,0.0027986292925783474,0.0028614779935765,0.0025655761506311464,0.0027806754275303547,0.002666142151789508
151894,0.0016833487844147843,0.0018008738497423682,0.0018014281525696868,0.0020870552996626324,0.0016401712542388897,0.0016696191389047876,0.0018684757971778598,0.00203138381257352
151896,0.0014633890559779261,0.0016693947756553223,0.0014552458088079728,0.0015243635551707158,0.0012441067823163454,0.001496420964954004,0.0017951053808425016,0.001443008017851924
151898,0.0016479448496010823,0.002104030801133361,0.0019274446813760115,0.0021224684270140792,0.00195583018222667,0.0018981203274659603,0.002170076940816168,0.002089962088715605
151900,0.0014941820820324608,0.0017259152077309242,0.0014196917281442817,0.0017045183430788313,0.0014486006186622546,0.001452722724283595,0.0016440675365325674,0.0016222931874722152
151902,0.0018460288811723707,0.0019068003635214353,0.0018686249129257343,0.0017909639551519363,0.0017806280144694875,0.0018648470029149072,0.0023287205032818253,0.0019357160925053685
151904,0.001551330103698234,0.0014936913710159733,0.001220352544983927,0.0014310022759287527,0.0014295908626987264,0.001245907323920284,0.0015903139763049357,0.001298718390130793
151906,0.002213155253768098,0.002220960893430504,0.0019284018959675464,0.0018009652263676484,0.0023953083926975816,0.0018337960778894158,0.002228188683714785,0.002259104362051359
151908,0.001643666674991509,0.0016745717499336288,0.0015577428503177893,0.0016055942354255143,0.00169689678264974,0.00175752399135011,0.0018473268654367742,0.0017159800809549847
151910,0.0027547554254603313,0.0025396733699140223,0.0022632332355554535,0.002513519500038988,0.0026945457949401064,0.0024001416517066,0.002750539571730673,0.0027640745712848164
151912,0.004461031439856322,0.0037625165951316597,0.002982673129134708,0.0035166099369715043,0.0034554312741347376,0.003216844390961038,0.003754235952749832,0.0029062401286596984
151914,0.00222693541928555,0.0024573634521024706,0.0019755289498282758,0.0021830861385923606,0.002090993246918471,0.0017926111819195484,0.002228729271596175,0.0021960951084532
151916,0.0026460606241923146,0.0024196271175020018,0.0019275735610888578,0.002394224788909105,0.002605168047619247,0.0019284761669092904,0.0025886398258967575,0.002060028788395188
151918,0.0020214092704162884,0.0017109147908034444,0.0016069663370785747,0.0017383586019867892,0.001682404343651689,0.0014395125168157469,0.0018672232022392543,0.0014461113533315584
151920,0.0019636576971679975,0.0019736871619198265,0.0016942065139136653,0.0021861520385982325,0.0019501007512832264,0.001956995798067643,0.00223081661918402,0.0020372548835754234
151922,0.0025809094291768947,0.002507048441935389,0.002615175304315334,0.0022839341477265546,0.002044990809711378,0.002214561007928953,0.0023641982384643573,0.0022481450802170344
151924,0.0016145390885992233,0.0017240269850267304,0.0013585720201734208,0.0018002393362287622,0.001377979271884891,0.001436449029736997,0.0015457887523704361,0.0017029019636405351
151926,0.0014706265713384514,0.00150528687896051,0.0011751783108971403,0.0012988803019153977,0.0013367975118306341,0.001123828047184583,0.0013898626183981438,0.0013398805160320798
151928,0.001780165253940924,0.001966523530808409,0.0018974137333884755,0.0021344516802566105,0.0020617639324985865,0.0018956012738558514,0.0023438947752769806,0.002154874550011121
151930,0.0015473961889660992,0.0016096815092101618,0.0017052886686963475,0.0017559126376829465,0.0015725571363696261,0.00177232070018718,0.0022721947829412864,0.0017252869232198403
151932,0.002555430064804534,0.00231484603787685,0.0023513815259426085,0.002566766555321523,0.002425887544374783,0.002300831474365564,0.002373661480441505,0.002373829186655421
151934,0.0020155216227843997,0.0027749457994348387,0.0022721042203690534,0.00230230519574276,0.0021370657814259175,0.0022805122008757867,0.002688608553841343,0.0023792857710172033
151936,0.002301557016758951,0.0028270377304299293,0.00257624565442921,0.0021269704780779858,0.002594227380846706,0.002303648862866936,0.0023770385254101717,0.0027654414174682618
151938,0.0026046828279031736,0.002748750618133622,0.002835423232074988,0.0028599473589263763,0.002779157527727172,0.0027883718593182394,0.0038376338007756333,0.002672958150985727
151940,0.002541658885122422,0.002372943169565156,0.002424584257371132,0.002469515276938561,0.0024388108931794883,0.0023713062335811858,0.0025134193936683508,0.0023220144994420266
151942,0.0027196881531588724,0.0026568080747912948,0.002146028922839216,0.0028669407648396206,0.0023512128081992906,0.002630980698132959,0.002840195167103099,0.002293764322230954
151944,0.003291701132275296,0.0038975014030429578,0.003765751119749139,0.0034364749844352366,0.0030709709463661167,0.003823506678360747,0.004426470461791843,0.0038849560031559843
151946,0.0024935077611525913,0.003124350218761729,0.0022909758098741406,0.0026170689037350314,0.0028297515893998537,0.002609443811831591,0.0025282609429089775,0.003014210621854599
151948,0.0013734767345985888,0.0014977133129824433,0.0013391461712919384,0.0014385405382527083,0.0014550917643463418,0.0013523453074890668,0.0013957310103798748,0.0013392830446501969
151950,0.0024225188688137417,0.003190836469075045,0.0028149337783168193,0.0027703643122906213,0.0023985099551652317,0.002782741992700802,0.0026014448778705207,0.0025403526465128667
151952,0.0029612325087866598,0.0031325844070785452,0.0032266979530328754,0.0034164436957474648,0.0033183499982276793,0.003087160762397248,0.0033789734421783013,0.0030316949966835566
151954,0.0023008715013095454,0.0018571687579687635,0.0021448248633565564,0.0018638703132041329,0.0018765956259586686,0.0022767461875103923,0.0021105948941682606,0.0017190767847898858
151956,0.003398272318727927,0.0033853346912610244,0.00322389386360368,0.003722688233908214,0.0036002680649589586,0.003611016934732106,0.004158041189973594,0.003244647610919374
151958,0.002330760627780537,0.003101225673774799,0.002888520386916449,0.002845274339376369,0.0024498793397068064,0.0024232457441370064,0.002666754642874025,0.0027159267125159148
151960,0.0018112673483877823,0.0019069119581276994,0.0019078907469217143,0.0024193262370353352,0.0019081458980246269,0.0020531130713131868,0.002426371596250823,0.0023012535617150665
151962,0.0017648102066792348,0.001701736592111272,0.0018261604408010973,0.0019819005412650276,0.0017864588484057947,0.0015566767661943093,0.0019534713429112532,0.001541785517513286
151964,0.0017842321833549946,0.001971663940714255,0.0019413836616083563,0.001850783442115811,0.001880783470590855,0.001899723878212578,0.001974805441576702,0.002054651781849215
151966,0.003768914306781515,0.0033875797357603293,0.0036354601521617624,0.0036212931030055323,0.0046165316015880364,0.004449720490571574,0.004150989476837064,0.0032808998513198517
151968,0.0018327439852470206,0.0016981133039544738,0.001828865210482325,0.0017065832936864617,0.0016880299646783309,0.0017152591835589842,0.0019339358841997112,0.0017080770152627794
151970,0.003454433657649761,0.004079765896282395,0.003995904807684525,0.0039049527753701185,0.0036171595540214346,0.0032967877891545427,0.003401317215099786,0.003749989779125787
151972,0.0018455234503031992,0.0019575156092202506,0.002264064851237438,0.0020527322813329724,0.0023258748845480515,0.0019677574369148104,0.0022043337519477846,0.001895625927357758
151974,0.002782152084733147,0.002691417104077942,0.0026542226159769755,0.003216738325182225,0.003312666503608744,0.0031467205331892623,0.0036661884271232403,0.0032147576251102677
151976,0.001784851908651644,0.0017301409902937964,0.0021159335197663692,0.0016539349696370054,0.0017947988770999346,0.0019771658586629215,0.002063037850974503,0.0018234853522267613
151978,0.0015112988319805482,0.0013826301871951024,0.0015034140132989121,0.0013377391262970328,0.0013698770867077853,0.0014363219611688294,0.0015965343070230148,0.0012827091932511442
151980,0.0016421775416231577,0.0021643442188088446,0.0018423496855144439,0.0018234729441313352,0.0018318749127001072,0.001898474485415358,0.002039474996202495,0.0019770227428717035
151982,0.0021770125895793774,0.0017404430112046843,0.0019152875993588975,0.0022676592857085454,0.0019137286633542777,0.0019989070718696156,0.0021885316472769617,0.001784994501612458
151984,0.002052171963142793,0.0021302267788456675,0.0022312100632538995,0.0017726205733039624,0.0019307615968369718,0.001728638269587593,0.001957979443194105,0.0018236966144833389
151986,0.0030892359328084235,0.0029198271750487947,0.0028551934882754676,0.0031133404877548565,0.003726699238948472,0.003310953573645803,0.0032462749589347167,0.0031513187716427637
151988,0.002195498097525006,0.0021736734686040315,0.0019574688003152207,0.0022239141254962874,0.002024540188191537,0.0024286196387366538,0.002645895443035076,0.002388118611418799
151990,0.0028147452245058796,0.0031720137847888324,0.0027827879774946496,0.002975225320561714,0.0026471154523566853,0.002733345779518892,0.00311757189996055,0.0030745120333134507
151992,0.002119701360246362,0.0017958965402599253,0.001672694768687144,0.0018838488350390037,0.0018293543338154805,0.001974551500079136,0.0021377154229132445,0.0018108082323810143
151994,0.0015097076544776655,0.0015836482598632906,0.001452748566205267,0.0014907603041025702,0.0015037546314724537,0.0015082423122956407,0.001885421113090438,0.0013482301067702235
151996,0.0024477637608397718,0.0028627084567829503,0.0026027108521745057,0.0025977129783087,0.0030025496661179596,0.0024404470369374653,0.0026603123920177496,0.0033526882935364655
151998,0.0023590220665144074,0.0022696721364972583,0.002070916446340068,0.002232080831150021,0.0021723019368097424,0.002220032969518171,0.002396437468126733,0.0023067578180563514
152000,0.002354004474023841,0.0034198958181628214,0.0026878981473138636,0.002523348951516624,0.0029686903982845264,0.0028197501665928743,0.0029237143176621405,0.002967334680020764
152002,0.0020598329963666395,0.002477061931172711,0.0022280205767123556,0.0022245648870290596,0.0023043122597630333,0.002351430299865634,0.002869018382912883,0.002253675682940326
152004,0.0025252266120157074,0.0029253824091171055,0.0024516590062338,0.0025337511069917357,0.00287736315749193,0.002466395419150072,0.0025413351109639937,0.0026666126710268717
152006,0.0017149805553353659,0.002275170855732478,0.0018598395133279239,0.0018027761630173972,0.0020590965770426184,0.0019379182333870149,0.002094493312734272,0.0019363838817615525
152008,0.0034346805559835047,0.0033553044214240796,0.0037348975654267896,0.0039713483465944055,0.0038270553752186576,0.0030366165323569977,0.0034667970856799984,0.004280029114072603
152010,0.0014587853904536457,0.0016721630775980018,0.0014446959049899816,0.0016979923383397821,0.0017256957594039002,0.001645779677579784,0.0016688706098392375,0.0019655469904539397
152012,0.002117875138554784,0.001930594635762839,0.001752224610785058,0.0016709077689630036,0.0018743315244675873,0.0015766299768012054,0.0016999221614435456,0.0019505640350554604
152014,0.0021579718064051456,0.0020527498347045064,0.002173397668773447,0.0019411548564645664,0.0018708069342352474,0.0021711787077110523,0.002218481245668938,0.002044552491191745
152016,0.002049875795524736,0.0019622765552720356,0.0018736216325411365,0.002034198490208361,0.0017276205086004387,0.0017378917388097964,0.0020881473640770865,0.0018976493583192089
152018,0.0034251184761041054,0.002680945065698395,0.002746932178393502,0.0026101940202401114,0.0032429086587437844,0.002698049748877232,0.002972727725146354,0.003166455818126801
152020,0.0026343998766044235,0.0026138129770143653,0.0024294183040632356,0.0024308231719259027,0.0025999683603984552,0.002543955193202996,0.0026148701212958536,0.002654540451275056
152022,0.0023380898475072187,0.0026321582749135874,0.0018768661059437447,0.0019566550081839967,0.0018741367020291833,0.002093460269080319,0.0024790521298130447,0.0022456591259146924
152024,0.0026330371382272816,0.002598698115782741,0.002723541626338033,0.0021657146234702745,0.002197851698805542,0.002557805308044614,0.002889586432933078,0.0024412196670293845
152026,0.0020085224741978186,0.002108974468329264,0.0020132132958389365,0.0016808293373391653,0.0019679098019198538,0.0024611805713670165,0.0023061734993402028,0.0019169055602966112
152028,0.0020546291545438106,0.002420813597081628,0.0020148965084305775,0.002283202844353807,0.002158731582712084,0.00213063807550129,0.0020280888958227467,0.002163736290492546
152030,0.0020734207923446407,0.001970426164392705,0.0017987876789062884,0.0018654686659323044,0.001756332267928165,0.0016555494693598766,0.0024839891619391624,0.002223356204916885
152032,0.0017814839026266682,0.0017396927534796824,0.0017761619965881437,0.001766294746913255,0.0017051714473831497,0.0017540074479061168,0.0019248284394575293,0.0017027568468428456
152034,0.0030163425607918626,0.0029346029514632083,0.0028535256325685904,0.0025184088332186882,0.0025496651356606836,0.0029130232570145353,0.00295382003770156,0.0024970039766145646
152036,0.002312226015400834,0.0020038327880280704,0.00196353587042343,0.0020601586452351356,0.0020337697299057655,0.002118131619460742,0.0024935806825068796,0.002057389929543421
152038,0.001681744003883004,0.0018677476953807975,0.001592363276905609,0.0017472913680967178,0.0017680753272995148,0.0016920663171221678,0.002023787313516545,0.0017849309164097438
152040,0.0016172091127373278,0.0022577440133984134,0.0016553202939782047,0.0020363950830635386,0.002021400895956482,0.001759132021623755,0.0020707099663966333,0.0018535006051048075
152042,0.003044264886683301,0.0035442898649373777,0.003304790693650972,0.003051231409626279,0.0034725493345257874,0.0027753202378461156,0.002805241926507898,0.0037509840189910992
152044,0.0018824165340359245,0.001731142753480866,0.00198087277038983,0.002079530286593967,0.0019529919094241205,0.001656809004444218,0.0019863277419127773,0.0018555040005594492
152046,0.0020404216025813465,0.001982431279163102,0.0020014188363717267,0.0019992795051229084,0.002335005565513859,0.0022738550613367187,0.0021442672936581447,0.0021072688171619586
152048,0.001641883780995071,0.001673952882108587,0.0016043023979287613,0.002057012798126326,0.0017694462176365278,0.0016558990226772097,0.0020220293636106224,0.0019617686523174666
152050,0.0013783371819679063,0.0015412112927007393,0.0016259518721126742,0.0016887922693177432,0.0012919486324314278,0.0014941152668730556,0.0016331518298769027,0.001398350118201122
152052,0.0026740183262897177,0.0028580737757835095,0.0027776518224512103,0.0029245035799044944,0.0027027043128430434,0.0025169848567807712,0.0026114979113209813,0.002963427966602483
152054,0.0011806220754789903,0.0013428529438646586,0.0011510274982310525,0.001292845654758415,0.0012219641801545222,0.0010919694045197353,0.0012732163054798296,0.001148721077935344
152056,0.002481828838063971,0.002683343193340626,0.003108753019311364,0.0027200071640892803,0.0023035455174480607,0.003428630819028014,0.0029869377953792853,0.003020978884964942
152058,0.0017912385980312223,0.0019292755698133157,0.0016583199258060066,0.0021786106024863777,0.002104195872524875,0.0018906971213997203,0.0020985143785572924,0.001879664037556461
152060,0.0018558018429217782,0.0020745574721865584,0.002041219304910538,0.0017954040183067038,0.0018690906561400628,0.00173991619775328,0.0021582736240804423,0.0019034761477832035
152062,0.0023315092210211136,0.002421703739284242,0.002702621810615702,0.002171707474592069,0.0025746693169566154,0.0021927357971605194,0.002843289958713635,0.002272965170490915
152064,0.003210613143214261,0.00318495002814978,0.002603662721004041,0.0029005016720562993,0.0027148722364045974,0.0023881805084471353,0.00303151654701872,0.0027211889497780195
152066,0.0023402605806910892,0.002375199372262396,0.0029471270674010785,0.0028410231129181313,0.002423406757003088,0.002813249271911511,0.002903766043666281,0.002672517115262854
152068,0.002019139087294841,0.002102413580807108,0.0021059009636648224,0.0021202842020399265,0.0022495869913631422,0.0018787596886495894,0.0025372780399060546,0.001931661019178979
152070,0.0012140316393464273,0.0012789092460679385,0.0013546491696004997,0.0014694182221602348,0.001297387498087943,0.0012991875055741314,0.00132638076992464,0.0013196220202280617
152072,0.0022477992457510393,0.0022121704401257963,0.001982649565742803,0.0024093385570101433,0.0020175826111510364,0.0019429436380847265,0.002240575312671078,0.002125295689650253
152074,0.0023209404260962074,0.0030655418599858653,0.0028475385068361114,0.0024878837551989413,0.0027443723075499943,0.0022788473594011066,0.0024537253361187755,0.0027953414615353722
152076,0.0020721643602766987,0.0024265191334139763,0.0024793956553109814,0.002524928220969516,0.002614825545491431,0.002096487841594788,0.0030393548167934187,0.0026278681350646593
152078,0.002070585540925443,0.0019750266190522586,0.0017446582111152603,0.0020816363146550915,0.001805261276403236,0.0021559845596430677,0.00201967445292163,0.002076559124765398
152080,0.0033499498529415833,0.0032902880854644018,0.0033676246552505895,0.0039117672390676095,0.003669712113495552,0.0032927190045395904,0.003516975779212006,0.0031356839393146263
152082,0.0019107501302465663,0.0018990192584569798,0.0018161795316507523,0.0017760109651883266,0.0017774059733522002,0.0018006537965187253,0.0017980647552315876,0.0016873651551319174
152084,0.001411551903736985,0.0015997659888007526,0.0015975886377275206,0.0017032423359809729,0.0017252649508071038,0.0013940255255051742,0.0017716943734341767,0.0017229069796178553
152086,0.002630571417185701,0.002525358029473748,0.0021816075869152685,0.002944570139393324,0.0025055691288105586,0.002194280237487481,0.0025221185194803653,0.002241150556176033
152088,0.0028834507525692943,0.002959796615147836,0.003159191807952988,0.0026303008735908406,0.0030785495589300688,0.0032088348006845124,0.002946138213851826,0.0030790018275578396
152090,0.002264299900746336,0.002902424832234518,0.0024443360902029476,0.0024450076536853965,0.0029571957051486297,0.002304830884489531,0.002664512775656158,0.0028353450760798538
152092,0.003132498504588868,0.0028261603338256003,0.0032482487824323503,0.003573075840171358,0.0030689592925604026,0.002719141487309576,0.003451681106066362,0.0028218949195664284
152094,0.0020647976218113456,0.0022616799485498107,0.0021168034358785143,0.0022804214727001892,0.0024419220971964167,0.0017552227296883244,0.0023990511162086947,0.0018700029852576489
152096,0.0017591729583544963,0.0018425348533819413,0.0017198865440246763,0.0018471971745706028,0.0018964450986625053,0.001919398575746245,0.001966064632350717,0.0018608768552359628
152098,0.0024691020943584108,0.002760839208067481,0.002450516625802701,0.002686303840890983,0.0027167010053583684,0.0022030183232259054,0.002862860738517839,0.0021898978324164653
152100,0.001763826909496835,0.001662433626159976,0.0015328277721116251,0.0018986319356246867,0.0018921591441212748,0.0017510088086954007,0.0018372492396354634,0.001602104067668586
152102,0.002106780784472184,0.0020697468683972403,0.0019820305654784237,0.0018699875201977495,0.002000455662503564,0.001742186881609556,0.0022180299752362492,0.0017125466841298037
152104,0.002198936036557575,0.0022134647618146652,0.00208598359778224,0.0022292671108054135,0.0019556314986492046,0.0021483938516544954,0.0020266906406131296,0.001993443491679972
152106,0.0027838418015322525,0.0023352842340875757,0.0021109830673973207,0.0022694499409334767,0.002230550589009131,0.0021057207820752155,0.0023316466500407224,0.002246201828809413
152108,0.0014524231451571584,0.0016509450599456188,0.0016928583480294718,0.0017125778252818358,0.0017980003058051253,0.001798100455656107,0.0018202756090105604,0.0016891480703749157
152110,0.0015526741273298589,0.001630992489309438,0.00150200919067979,0.0016275060696679944,0.0015670251580058997,0.0015053160749524258,0.0015386457013519955,0.0014771284534562806
152112,0.002656824588299203,0.002616343241484742,0.002336924539108068,0.002729886318247887,0.00251806897133168,0.0021026920141109517,0.0026824316627794276,0.0023363580196105738
152114,0.0010067616900647641,0.001322539118420174,0.001288864867796724,0.001294134815399417,0.001143786573777561,0.0011399315404823085,0.0014045803737303686,0.001208341912974975
152116,0.001343967941246374,0.0015758647349244925,0.0015133003584605481,0.0016308667172979657,0.0014256463238298545,0.0013275774064209905,0.0014203722965705629,0.0013270356098355057
152118,0.0017685719199148076,0.002075933780468553,0.0017713230832506893,0.0017839064694272905,0.0019445804641946701,0.0016555779658204012,0.001993679682652308,0.002005562791900284
152120,0.002238498561256075,0.0021665260463741426,0.0023605371098507494,0.002578348692566179,0.002538494145222503,0.002156176220028186,0.002471463920771022,0.0024691835433859333
152122,0.002485946107189607,0.0029082672456871017,0.0026306096306791815,0.0026528735632497386,0.003229523161564496,0.0027472894917921625,0.0030672272308529674,0.0034740449010173813
152124,0.0021481559188824134,0.002527164149002614,0.0023144363263477713,0.0024383730620378685,0.0023895428102173183,0.002445090177997225,0.0020627167119929984,0.002362982255335544
152126,0.0026191511675493495,0.002709719665500168,0.0024945548056918287,0.0029940912084669563,0.0025862302236735607,0.0025179826074440137,0.003037141260922596,0.002886501765943239
152128,0.0025147298989700723,0.0034756866185148283,0.002543902582920199,0.002336030672520764,0.0033369802423079964,0.002727076438091558,0.0026626566786625144,0.002641364746047481
152130,0.0025048579755833217,0.0024327513481543633,0.0022771408167155394,0.0024220487683758313,0.0019360507923119746,0.002498279286575325,0.0025193182354291133,0.0025127437278094633
152132,0.0020848192976322816,0.0023381928841104127,0.001987284187635399,0.002181396704404648,0.0019157985807396472,0.0018874746975872242,0.001997930182437782,0.0019874871298535823
152134,0.0018719759489743831,0.00214561441768292,0.0015798213231364017,0.0018394844482381295,0.0017443404862058642,0.001634904069750323,0.0018441656277155133,0.002013089941416135
152136,0.0024035403968008517,0.0022553376747729836,0.0016155154955082573,0.002052990863588358,0.002474897579928817,0.0019525405186302525,0.0020168564610001938,0.002513092567718367
152138,0.0020271904413467073,0.002194550378479057,0.00186929326933033,0.001957027439639672,0.0020285653788785357,0.0018455893860607753,0.0022136593107905528,0.0020946638064783946
152140,0.002638763467847763,0.0024455647198166203,0.002472601910782579,0.0023512818119408863,0.0021987700848097452,0.002435531059222576,0.0024854275475161836,0.002512762028230711
152142,0.0021831888343909617,0.002347539009264432,0.0017358948440487354,0.002170576415481698,0.0023675301195564963,0.002194072233275071,0.0021425398400100187,0.002263317595401229
152144,0.0018652479186509613,0.0021025830300453047,0.00218430611185344,0.002311656407986265,0.001819998113230581,0.0020565437976075712,0.002229787071993408,0.0018748331420714998
152146,0.0016024363009861653,0.0015566764722335785,0.001852775106503446,0.0014702505872641325,0.001446996041645443,0.0012112676927387156,0.0015921724088685668,0.0014528786312345693
152148,0.0026598935349595454,0.0028715802312288125,0.0026028165223144217,0.0029248122228986567,0.002729960282001065,0.002743012629847233,0.0026480485678490595,0.002620237994265473
152150,0.0022491979372119553,0.0021431427139981946,0.0020765462231173704,0.0023526805300699977,0.0020738384435730617,0.002105116700057766,0.0019505712743009967,0.002160782088202487
152152,0.002288766039342749,0.0022998834379311384,0.0024085669667925913,0.0022296122203622204,0.0025824058931061544,0.0025683918240937964,0.0025780479358006453,0.0022691766482086373
152154,0.0017145757670613548,0.0016928678510732542,0.0018658348906659544,0.0016940013569512052,0.0013942572588492852,0.0014964673679746104,0.0017282123593065912,0.001906242114175019
152156,0.0021027767434864675,0.002501394645113786,0.002025350539653928,0.002312235330319004,0.002005705268596794,0.002079749098038486,0.0018954322719290234,0.001908334343273324
152158,0.002622209729957317,0.0027290085617973775,0.00244199352395226,0.0025914461252130594,0.002438490794279602,0.002018104382191535,0.0026147794461275353,0.002985613741657289
152160,0.0017065540538050428,0.002388151016233589,0.002163028996790675,0.002555498236420428,0.002062375634950389,0.0019078377010667419,0.002031179984543441,0.002126854338131992
152162,0.0022335235682211657,0.002161626880305134,0.00252138257417768,0.0021191535825920843,0.0019872509738564498,0.001946626561998857,0.0021365601903158282,0.0020276104557798297
152164,0.0024165177006523764,0.002622725578108401,0.0024016274852591835,0.0023223606107569683,0.002374045543682271,0.002609947364482293,0.0022908189016854763,0.002204339348867157
152166,0.0023269598028625854,0.0028727761250735284,0.0025932973475040755,0.0022133841404203825,0.002636544111721109,0.0021522208872483267,0.0023689245957010524,0.002608494311480261
152168,0.00144264973070031,0.0013871193866501486,0.0013882159655229792,0.0015875852113822475,0.0015425415628496225,0.0014079155299873275,0.0016516047759762703,0.0015524198952277107
152170,0.0016845157944290895,0.0016910327259020974,0.0020332009194179573,0.0018951789453405254,0.002048293015403116,0.0022512785841594246,0.0018983926788118666,0.001872422765670026
152172,0.0015167621111109586,0.0017840782916200976,0.0019873758591054808,0.001831248989251577,0.002029730984887179,0.0017425280473193916,0.0019760681075698394,0.001706456486750066
152174,0.002383572830988792,0.002381303200836238,0.0023622141412691505,0.0023499055412226633,0.002378532089654384,0.0020900509892654018,0.0020647539484844324,0.0022693147122167107
152176,0.0023753101225987283,0.0023571323826878654,0.0024064908693577497,0.0024743256937933555,0.002527649960388803,0.0023375087779847897,0.0022536155542352554,0.002302040298596833
152178,0.0031454200225394247,0.0034324758282733847,0.0033406348631616206,0.003107318753306443,0.0033718138583935797,0.0027515911806679783,0.0030708392378073768,0.0027776215868531434
152180,0.0019608513594174953,0.00234534650034314,0.002283073970502439,0.0023052483303596105,0.002545830729250298,0.002080347830420104,0.002739109527454389,0.002774101639478277
152182,0.0018006224969369239,0.0020699610968000354,0.0017165835168989063,0.0017400945905469284,0.001662714028922166,0.001821536844264282,0.0018691399394188957,0.0018348267705192711
152184,0.0016622729292776889,0.0016190586064896012,0.001829429221661752,0.0015901469993755968,0.001560349912216319,0.0014377138094268105,0.0017241624867412458,0.0016309762409777578
152186,0.0017864547545765053,0.002250718301759713,0.0018414805762603792,0.0017275923277617622,0.0016995526340329997,0.0014806300261052119,0.0020962278987905064,0.001813374701373563
152188,0.0022074453351988432,0.00241056348164527,0.002311048545911243,0.002513366353041127,0.002315972124803181,0.0018367466087437223,0.002598195269773798,0.0023267973544721793
152190,0.0019457913638679103,0.0018199831741953082,0.001886338389397224,0.00224649774779323,0.0017038103138782845,0.002361227835638316,0.001962956502271851,0.002414508104034374
152192,0.0011393329229500981,0.0013123870903408719,0.0011065536710741647,0.0012651559514481742,0.0012828503565636695,0.0011239177163570174,0.0013694858115292363,0.001392216831604523
152194,0.001790430180267491,0.002285091512541651,0.001909353866436217,0.0017407066032595342,0.0016918913229094223,0.00202852880178761,0.002115471213955722,0.002093174607600848
152196,0.0013196244561176768,0.0015976723202196924,0.0011721709682943615,0.0016258662505592852,0.0015013327187297087,0.001293909949825492,0.0017660232754930366,0.0014169772554167986
152198,0.002392282062420259,0.002244860550345021,0.002784786128128394,0.0026658116974390828,0.002896698967378486,0.0026930144734704786,0.002822899118220479,0.002350363892153498
152200,0.002080637033389024,0.0020266299307616364,0.002176684436703394,0.0025410199955967633,0.0024369340151375596,0.0024312915514537736,0.0026329507362889,0.0021753463574920723
152202,0.0016016916571749557,0.001712921321722627,0.0017870080938749006,0.0015970967123744018,0.0016471540234272997,0.0015311850649704084,0.001823191705291674,0.0014058187562087654
152204,0.0020263069428073793,0.002432436056704415,0.0018666897694319534,0.0024008505596526675,0.002264105620639667,0.0022626356725900104,0.002362576634989344,0.0021511028625162965
152206,0.0016775790011747255,0.0018625514161945689,0.0016768463852665505,0.0019904464131423882,0.0020870113915750915,0.00181289025699366,0.0017948528526885582,0.0021196907264434822
152208,0.0021013983949409593,0.0026165337943082623,0.0026373743477138417,0.0022659431062879154,0.002141952912615777,0.0022276791069089086,0.0023174815321205244,0.0021100914175237323
152210,0.0025672667284282746,0.002600917067831221,0.0021817464408658976,0.002293819631616012,0.002446545266099831,0.0026503843773974106,0.0022549067291786073,0.002265610800209608
152212,0.0019621593918373176,0.0018323006527643515,0.0016908709590035542,0.0020423555424989304,0.001835187740938951,0.0020016448325326786,0.001990934411133516,0.0018961118935776344
152214,0.0017838344072709234,0.0016565400167998234,0.0018027179560010792,0.0019573089290498974,0.0018849750124210751,0.001758486159312081,0.001945729906149954,0.0018858795615819823
152216,0.0019800736878421987,0.00183921795358645,0.001778916855101953,0.0019288717573842096,0.0020303946538739043,0.002088167111012673,0.002035265210674153,0.0018319836550837465
152218,0.002029534959771484,0.0018659604065336538,0.002055295530217771,0.002208180859998979,0.0016659992045610222,0.0019641163146551094,0.00205402805683165,0.002080166366670577
152220,0.0013721845123167015,0.0014824668484658826,0.00151067007917427,0.001490417133975852,0.0013448765568722237,0.0014089425490949048,0.0014964149124391396,0.0013904526518732224
152222,0.0018409722519985294,0.0014907165786382098,0.0017547308238058529,0.0015783377242153396,0.0018942066658045875,0.0019000781857214794,0.00196407702135476,0.0018397305096010813
152224,0.002233911264427013,0.002401017033130337,0.002179366698832466,0.0023806913385560208,0.002187339764629384,0.0025813299700852,0.002475279738990699,0.0023677026845660004
152226,0.0018228805862364889,0.00202938022745304,0.0019171714265051737,0.0022857422583497655,0.0017882161639468652,0.0019906535058015346,0.0024514262296984057,0.002110055481650497
152228,0.0027241007891767866,0.002777695801796709,0.0027539123874300575,0.002365979129495044,0.0029194906150851185,0.002646458076548522,0.0029225602285426616,0.0026104916974915154
152230,0.0026936783793580915,0.0031689877775043507,0.0028829170711051066,0.0032719200855959585,0.002852387869416939,0.0029870330799380285,0.002888277330332159,0.0034131517563290026
152232,0.0015155807789304365,0.0016954723831930224,0.0019682479344852594,0.0019334349386625066,0.0015263379081693756,0.0016043295545955516,0.0018825817220031876,0.0016654673625291494
152234,0.0016696946403760848,0.0016130515415203744,0.0016858254548768464,0.0016983303774209674,0.0015842350806666433,0.0014079412498252536,0.0016851873829688696,0.0014855115094225685
152236,0.0028600314315854747,0.003486857326791562,0.0028683180453867863,0.003067828878070014,0.0030171507752903143,0.0032180023542318636,0.0031205170772841268,0.0038296106631524746
152238,0.0018756836259351678,0.0018709867588909135,0.0019875927569081853,0.0021018847791116763,0.0017712487671697752,0.0019313361945220292,0.001965230558843581,0.0018796743742302002
152240,0.0028277892704476337,0.0022973526056874333,0.002436269445427866,0.002743025897175136,0.002378931809356166,0.002353468779443313,0.0027256063034136885,0.0022146420013777757
152242,0.002403937098055531,0.0021115246526420273,0.0028692382785955872,0.00217141930081112,0.002314186144139599,0.0024401316152150715,0.00285263856373974,0.0026677181505840863
152244,0.003288385268689409,0.0028612755325883032,0.00222608991116946,0.00251934179531578,0.0031924460582139075,0.0023744387143198598,0.0022100378960901446,0.0030032335380121428
152246,0.0023161632389998577,0.002592932361622502,0.0025938505663403166,0.0025529008252527796,0.0026558200459732145,0.002296942659871362,0.0029757743876751702,0.0026864691200645524
152248,0.0016111585300907644,0.0015520996393805775,0.0015298661129786867,0.0017152854121873506,0.0015038381307037746,0.0013589510215803458,0.0014383286063015532,0.0013477875031138314
152250,0.002790195303510379,0.0026249188804803314,0.002621870946054386,0.00279551872814926,0.0025474290507182668,0.0023568108174807506,0.0027055609055857133,0.0021671669698171275
152252,0.0017064297101596626,0.0018601386674532705,0.002023084846174472,0.002041034843427006,0.0021054715492814374,0.001995531105936657,0.0020247671507184345,0.0019993544623414655
152254,0.0022330443644626996,0.002320421427568553,0.0023149596738314543,0.002685377908165712,0.0021595448126388583,0.002126204287874481,0.0026321521589365293,0.0022731854066968538
152256,0.001844649432713577,0.0019089016879867415,0.0018060024264358182,0.0018997576512893577,0.0016482872469847504,0.0018221105376219904,0.0020249378000505858,0.0016982566875600874
152258,0.0015701261753325313,0.0018254349017970406,0.0015910845011862934,0.0016498935410711457,0.0016593301184367887,0.0018083449660566547,0.0020162371615584235,0.0016553424226551372
152260,0.002122280673334101,0.0020666299476848615,0.0019806018600288106,0.0020666465442581577,0.0022288952948273377,0.0022797095860172117,0.002357255733543076,0.002149803070462808
152262,0.0010221162655268956,0.001234193965174768,0.0010006083247739994,0.0011547799532183323,0.000994377257343082,0.001179050994225328,0.0014419944010874014,0.0011294175864690198
152264,0.0019685636172007137,0.0019157861885533145,0.0014318955819883072,0.002079143317517698,0.001894335726579044,0.0015910960916853956,0.001771095749938445,0.0017823566674568664
152266,0.002244523087183495,0.0023952883372381356,0.0019941594262558177,0.0018769135549195348,0.0020306588760155564,0.0019778560012565644,0.0023728346520080074,0.0022192435267135574
152268,0.0016188628476170863,0.0018383927095442232,0.0016864832296864668,0.001557014839404014,0.0016977719095435106,0.0016935297577073266,0.0015489502128183258,0.0017276966909192254
152270,0.0034076872737588554,0.0034533188449651503,0.0027623849913112203,0.0029533657214317888,0.0033794897103478494,0.002754373383428557,0.003560669989755516,0.0026616767880958125
152272,0.0016950557934553162,0.0018826285966211942,0.0018929107892024094,0.0017559713329452636,0.0018848178060546505,0.0019367920865400734,0.0020860274950567637,0.0017122362130784219
152274,0.0021880332474966263,0.0023996160614952466,0.0021250597263401533,0.0021673643295084255,0.0021556137175282736,0.0023048355344924,0.0022798949291203408,0.002170933267880551
152276,0.0012786454776583245,0.0012725509629053638,0.001382038492178786,0.0014300278219904344,0.001354062670562206,0.0013763662111033886,0.0012911916689629793,0.001204618937427293
152278,0.001730953350901565,0.0019772112460026,0.0017322099252782414,0.0017357461553239167,0.0017447574866322757,0.0016512017855366268,0.0017333909563547328,0.0017066168429116235
152280,0.0015966944737910854,0.0015594109187527933,0.0014471490901293294,0.0016832509659503447,0.0017821289417189329,0.0018613927416222809,0.0018660617878163976,0.0015762942177378059
152282,0.0016618665132295402,0.001492038118669825,0.0016560712359692809,0.0015744078282420443,0.0017758671616324856,0.0016014379154239422,0.001801744709441222,0.001324180249210119
152284,0.0029310792604003155,0.003320603207291273,0.0032808089514630018,0.0031507508132966877,0.0026392507032074186,0.002873939914838586,0.002863534095569664,0.002591531843451955
152286,0.0038227617578901474,0.0029488430916369546,0.002775063544640091,0.002825873971546003,0.0025120371584269052,0.003539841886808795,0.0031655507142239886,0.002633954003640762
152288,0.002477083438551589,0.0022989245225924493,0.0026440400962858407,0.0027127860177362934,0.0025710839924100726,0.0027661263387566137,0.003060537988003889,0.002326344541550021
152290,0.0020009618831199477,0.001996016398117098,0.0019135275670670304,0.0017830600669736102,0.0018494967401420231,0.0017870118733792767,0.001989232993583348,0.0018131002701204935
152292,0.0021270361088579492,0.0018829942386694581,0.0019528016011821775,0.002090742843203,0.0019089651655314205,0.0018082508678043396,0.002079908117304241,0.0017643848704196469
152294,0.002834461234526353,0.0023694555182170035,0.0024398000211270365,0.003087625255138851,0.0027510424900590302,0.002412352233039039,0.0027684148570979034,0.0024133433016828576
152296,0.0012923096538506318,0.001512938664449806,0.0013886118505890416,0.0014198865606934868,0.0013413893763127849,0.0012749324313843374,0.0014484965493428842,0.0011365926105450092
152298,0.002562292458564444,0.0021851993733838088,0.0024129227680084325,0.0021176481590490376,0.0023489947510955123,0.002151944378055007,0.002470382480371569,0.0023201020174932196
152300,0.001680895927907558,0.0020793172622873973,0.0019096188828687938,0.002890019795609655,0.0022661686769120948,0.002105173788424841,0.0025790202568276716,0.002018290147625612
152302,0.0021834544621848195,0.0024652103976419704,0.0022346187822683966,0.0025151072742566477,0.002317046841257886,0.0020909946097008025,0.002598248438501552,0.0023465059663357324
152304,0.0023444838530575773,0.002282044178390008,0.0019481597038578102,0.0030763523535554255,0.0019831608279968216,0.0021036224225163963,0.002131413319423958,0.0021434555658995103
152306,0.002061682401580056,0.0025744765143543985,0.0024180188520404045,0.0019194439479702924,0.00266972499067869,0.0021203857530077835,0.002347162871579267,0.002264219776918708
152308,0.0025072737714995075,0.003639142083546043,0.003339415859902106,0.003491184735642472,0.002992756602996152,0.0032523392947836904,0.003294200993161134,0.003266740233825574
152310,0.0022352052370999687,0.002317519910252655,0.00211208719429036,0.0025194887666196153,0.001899234202334732,0.0023891804386289572,0.002555280919025807,0.0024138096281612342
152312,0.0020041856668889246,0.002195523233190555,0.0018947067197183642,0.002034649140451608,0.002039640207444751,0.0021501319546657904,0.0022778935511866966,0.002128496397811888
152314,0.0025907475365016808,0.002479656468638902,0.0023297467472292027,0.002488265057265862,0.002425779290706878,0.0024695408243080724,0.0020919929670606408,0.0019751276098923243
152316,0.002686827113650203,0.0024047609239078588,0.0025442445594825447,0.002528536302513054,0.0028265944597754555,0.002775453691603605,0.002480229341506268,0.002330132636033433
152318,0.001415487280714403,0.0013794430137892832,0.0013249449216937853,0.0014711534870324172,0.0013984994576221738,0.0012835266605615292,0.0017854783528470503,0.0014217212808240731
152320,0.0030062238910372324,0.003720195233470669,0.0029857212184660753,0.0030738015047052786,0.0030889046537375814,0.002711647183787136,0.0029222948001326188,0.003404685608989988
152322,0.0023536563740506194,0.002459511256400884,0.002307609560243687,0.002185609324884874,0.0023421020247110236,0.0024730591068134467,0.0024840879378218578,0.0024832313266200945
152324,0.003683540706851521,0.0027453657408536003,0.0032175349177002155,0.0036357683312249756,0.0032342217370402576,0.0032344382596143917,0.0034566314075124144,0.0027808168678697953
152326,0.0019170331085327647,0.0018924579691805832,0.0021569128425485418,0.0018832522461987994,0.0018496873937637326,0.0018180781552468162,0.0019090165993929237,0.0019619534567003744
152328,0.0016553736455604678,0.0015511205835588293,0.001493373200668613,0.0014800968296748707,0.0015574817347499548,0.0014230945147397783,0.0015129340276277686,0.0013995174627192686
152330,0.001824698367741684,0.0016493334126206488,0.0018071269473642904,0.0017378414219711008,0.0016374624352449296,0.0018053917027140987,0.0017475564126057663,0.0019515016291258291
152332,0.0018381758062113868,0.001868132499306674,0.001853499001281969,0.0017336816236546704,0.0018345245529240023,0.0019280675308520068,0.0020217345478565907,0.0019676044168273066
152334,0.002021339595438945,0.002295182237173121,0.0021965926795573104,0.002245760458431667,0.0022236260217470966,0.0023890391393660004,0.0025561566477705355,0.001900402319964814
152336,0.0031166130825974747,0.0033090349322507095,0.002644996809909872,0.0026554019266634143,0.002471451327295038,0.0028677725995438635,0.002831110394638847,0.002494694725943214
152338,0.002137301721450449,0.002598632788626945,0.0028199543182900882,0.0026034228366984685,0.0025194891405978664,0.002523710504089005,0.0029261195024780223,0.0028392597533901665
152340,0.0018438738395072513,0.0017786290186139753,0.0019613347262428804,0.0018978418286559467,0.0020172881197597636,0.0023582925870535704,0.002077469810741528,0.0017670873624198308
152342,0.002357454693336161,0.0025447797425572904,0.0023315117393175044,0.0023726354071682554,0.002505724648759769,0.002054069590530505,0.002333339301715545,0.0018737145139796768
152344,0.0017317314865655242,0.0017235827747425075,0.0014926016703734057,0.001933092603142228,0.001957360021218657,0.0018208252593068242,0.001974879276392727,0.0018566175012880853
152346,0.00374796611658125,0.0032854045981025592,0.0027364161128708986,0.0030596304305680194,0.0033220111534702085,0.0028782312780300523,0.0034328067105706683,0.002921332672852897
152348,0.0016865312675711785,0.0016732957270451099,0.001848445918412392,0.0017916674740259403,0.0015592126215938779,0.001930261389950838,0.0019141259980997583,0.0021325551176354512
152350,0.0023869303440249845,0.0021582424721968696,0.00214313960973872,0.0023421964957501817,0.0022874049836505567,0.0021126939878263334,0.0023795979623415647,0.0021994391706519623
152352,0.0011269695971084653,0.00117731069392292,0.0014128983742618534,0.0013937843541116934,0.0013364831692550538,0.00107690870100631,0.0015319300502297933,0.0011226868887082575
152354,0.0018661187556504727,0.0018461809400971974,0.001963776886339544,0.001814767799793518,0.0016634903484060715,0.0015870963127757737,0.0017656062458632077,0.0018292023321343637
152356,0.00243883480945796,0.0022429614150221155,0.001954705100872825,0.0019405771588681398,0.002198631039535562,0.0019786596074988783,0.002345726461834785,0.0019181949387948038
152358,0.0019521777317570987,0.0018590970338628332,0.0015583307344847613,0.002089875574287095,0.0019256032190496791,0.0018191031507335809,0.0020692110069762126,0.0018121457918452016
152360,0.0023324651920939576,0.002170001972512603,0.0021719842088568364,0.001916902950658328,0.002049134075799222,0.0017756078275800308,0.001954217940614067,0.0017442303317288244
152362,0.0018923224902538949,0.0020867516965955013,0.002022318169881354,0.0023196459093117877,0.0018695725649709033,0.002211501522709547,0.002051099133539014,0.00178442888490761
152364,0.0012827244032914131,0.0014043838020825206,0.001405379366816853,0.001673067155112895,0.0014461391197040374,0.0013272291346982379,0.0016664928080223351,0.0014816341866442095
152366,0.0026025230839090696,0.0027793020717590267,0.002377913680444488,0.0029270880609653105,0.0024128561594217862,0.002257093018048162,0.0034481447232160983,0.002496487615248358
152368,0.0026316908054030558,0.002770889041494709,0.002585969547580849,0.0025018373526144444,0.0029394139666299446,0.0022372748220438887,0.002416093228238894,0.0026675876974619067
152370,0.0019070245320884638,0.002324641856372489,0.00196690053497367,0.0020259856573810048,0.0020112948771078415,0.0018329605678768651,0.0021588544748143423,0.0018483091413310504
152372,0.0025805687820913553,0.0027089894124900926,0.0027214322561635584,0.0025544953391237885,0.0026904860393883873,0.002706996551546048,0.0027856869651943783,0.0027985413975606527
152374,0.002479578928108586,0.002527877337654749,0.002092658216569454,0.002387763993319858,0.0020499462979263333,0.002464749488997109,0.0026196331569106612,0.0020464647938576164
152376,0.002228890018570198,0.0027320067502239476,0.002326870311786744,0.0023385715451146455,0.002201922141185142,0.0023481245733814604,0.0023573497862170584,0.002188861737671355
152378,0.002941217446419453,0.002124898990276694,0.002382385695207115,0.0024332213834799554,0.0023104994970320064,0.0021554065164686165,0.0023036263340832225,0.002222532100201749
152380,0.001685905910675578,0.0018166596518703337,0.001493499600939155,0.0016710819792132292,0.0016509305289052478,0.0015314253065668026,0.0015840405489421366,0.0014846573230214433
152382,0.0022491597756740256,0.0024414836187161004,0.002618515955010503,0.0026357729128163726,0.0025412337010260466,0.0024705913428848536,0.0026822510730722393,0.0025998251384697912
152384,0.0013936564054422562,0.0016857327648347464,0.0012332149636124085,0.001520871632363932,0.001531296728319878,0.0014125491654484734,0.0015247853802913824,0.0013536287046537337
152386,0.0023488900323820894,0.0027643519091358343,0.0029847963298488267,0.0033194913168090867,0.0028058626926539265,0.002302343448006852,0.003075108197108989,0.0027292662299872733
152388,0.0024981720362946686,0.002509445885548814,0.0025366389507548576,0.002575997960926904,0.002158412771905205,0.0026334726102806294,0.0025702355503922636,0.0025247166997278137
152390,0.002273605305926074,0.0022568636521658747,0.0024719499052929805,0.0021983438795447757,0.002250354597391549,0.0020910498027584268,0.002577346238234135,0.002238119984064646
152392,0.00311147126476842,0.0028711742030316234,0.0022429049579608673,0.0030128768557915464,0.002801561756650417,0.002810088330463048,0.0026682134397089247,0.0023488784773567084
152394,0.002550530118497832,0.002755266550752547,0.0021589638690366897,0.003367672648094247,0.00312689695448487,0.0028942101089684535,0.003504932881618475,0.002979382176554815
152396,0.0018855929034202745,0.0017810628503870524,0.0019289892316812912,0.0020463933402228296,0.001836345255949015,0.0019109826733643281,0.0020363261589287363,0.001741091769517214
152398,0.002790353122018044,0.0023931534581512898,0.0021340586016674323,0.00249995946900583,0.0023892733051107534,0.0024055710046975154,0.002600644633928409,0.002495402946338779
152400,0.0025025935488544176,0.0032544241944896246,0.002820073805851267,0.0039317781457646195,0.002760595320799253,0.00253537076796663,0.0026407302911818503,0.002476375227406305
152402,0.0018245993894033946,0.0020280258163458825,0.0019742323581733445,0.0022262554845249444,0.002381439544496558,0.002372964945962508,0.002350808560548645,0.002355236224371185
152404,0.0018561411170576886,0.0024305686128034965,0.0019045489976671354,0.0018322748199351008,0.001780966949255225,0.0022182096357254016,0.0026195912098723184,0.0019549966355386084
152406,0.0014516364356433886,0.0019066975562202076,0.0019655886107031867,0.0017052942068108146,0.0019143453810566285,0.001660303580781397,0.002168023069512595,0.002059065811240282
152408,0.002222818376723057,0.0023188195741746243,0.002183759449275735,0.0022976447322542587,0.002187876071646555,0.002089876596100604,0.00240362988916,0.0020334602844453015
152410,0.0033186354167780707,0.002742708270547803,0.0027810585034378082,0.0033471366660799973,0.0025833797928998536,0.0030891369613252895,0.004251286909312535,0.002646629791331359
152412,0.0022926290214399098,0.0030616979779966164,0.002756684027561143,0.003013525910227202,0.002587969284434166,0.0032635927502235873,0.00326501282552627,0.002676586809383777
152414,0.002354788245009287,0.0029880992304578413,0.002561403235779039,0.0025558929717173218,0.0027858765094812554,0.0032960507397229583,0.0034647829296331617,0.003624909988238445
152416,0.0025929388112540114,0.0024673490446636692,0.00217980114838362,0.002440447405002724,0.0022228875776182516,0.002287244990866688,0.002449586909190185,0.00227332572403717
152418,0.0021976613384936533,0.0019624739258117807,0.0022167592254321994,0.0023917915849006044,0.002110210179205263,0.0019099102919422628,0.0023551035254781305,0.001898145971157561
152420,0.0026327286209983924,0.0025173982881047247,0.0025231367479390393,0.002601511000396975,0.0024909937429516,0.00263307919278101,0.002747132114830686,0.002347726728402444
152422,0.002399361316950177,0.0029137789006601494,0.0026924658558702547,0.003141623251329953,0.0022073627232180315,0.0027311407233621687,0.0029741789413787606,0.0027372779081661497
152424,0.0018267953658786112,0.002140757925976358,0.0017315873167617207,0.00197094643295892,0.0018788507596494974,0.0021632968607146474,0.0024976302341342405,0.0018779049560436883
152426,0.0018469243582777128,0.0020251097977143223,0.0022480878514308245,0.0019343589044347326,0.0016415076366905895,0.001940631314365518,0.0018652196021606976,0.0018364860596920551
152428,0.0011730118805266532,0.001277029091916862,0.0013195600411264469,0.0011543014811988273,0.0010524139785141884,0.001117661220043864,0.0014078347376766942,0.0012123733603573023
152430,0.002339179772717373,0.002523840759187712,0.0025203800355666633,0.0026025025590437623,0.002909826429062845,0.0026565327292100843,0.0031912240971370687,0.00271761795116178
152432,0.002298003666237003,0.0026549013018511425,0.002499941215264659,0.002532640374328779,0.0024771349824775357,0.0027924386344348046,0.0027153680010331277,0.0025584542181667502
152434,0.0019322472134243457,0.0023203098109870895,0.002014281857035463,0.002384327674299913,0.002166765341116497,0.002169764928481324,0.002861135248860558,0.0024598039091609097
152436,0.001813031110375951,0.0022022735191175175,0.0019687550225029465,0.001986104936410271,0.002059245676109836,0.002106830371759308,0.0023002328986623244,0.0025566561628336815
152438,0.0017338959947672677,0.0018358261486545319,0.0021449214793351074,0.0019363937175154305,0.0018658574188441662,0.0017899075174082762,0.0019339906022603076,0.001923896948939477
152440,0.0020771336282421893,0.0021680053769249086,0.002006093685104751,0.0021745523933367483,0.0022007507343542315,0.0020726629526990475,0.0024665190063170167,0.002080342393188994
152442,0.0023488831715823416,0.002795169321336291,0.00272846251670128,0.002516849545765712,0.002853521254591096,0.002423806194699632,0.0025979738658499785,0.0025342071703796792
152444,0.0017886078111515463,0.0020981771800921423,0.0022166118953424047,0.0018948935272158351,0.0016200672669892807,0.001935404038047095,0.001764669048197734,0.0022927164246198117
152446,0.001569433942226764,0.0018331927943959908,0.0015289459523705334,0.00161936111169525,0.0016937753613446294,0.0014776510909086937,0.0018783670106101713,0.0016057414208786036
152448,0.0016246173335374842,0.0024258236927666155,0.001945672721765393,0.002679176579087006,0.002014765076176206,0.0017768629165582084,0.002567028526705442,0.002316201606214832
152450,0.0026868692093929974,0.0030561741252835284,0.0038300256379320136,0.0031092656637966704,0.0030212811105210235,0.003948919884977364,0.0035715533164655394,0.003717619480274728
152452,0.002223339693220583,0.002163859671545032,0.002336894644754617,0.0023523856481497823,0.002245802475023831,0.0026415799496151693,0.0026888133105043566,0.0026797022427328537
152454,0.0022664105748671504,0.0022355384763455555,0.0020027019839583687,0.0021258779259009236,0.0023214390208238372,0.0022965166835087203,0.002636479840837161,0.0023559471491242517
152456,0.0017543622517033342,0.0018210649824102476,0.001922509282938023,0.002069863133385752,0.0019365937165955055,0.0017591763958115791,0.0019469082886767186,0.00170895070795396
152458,0.0019761356730630397,0.001973658033941353,0.002150646059352612,0.0024022263294734003,0.002308567421156607,0.0020868834140480713,0.0024462880425355493,0.002224603542167039
152460,0.002441750529978984,0.0029387220523447027,0.002932764783683206,0.002792663843942403,0.0026227599189136003,0.0028039035468980927,0.0029716606652968047,0.0024758654522241685
152462,0.002707781976885093,0.0024053320221595897,0.0027082379324983585,0.0022776542413849854,0.0025907160605088825,0.002497138753111694,0.0024357877166382297,0.002470738366650696
152464,0.001572278533368776,0.0015540874617414602,0.0017054877387918804,0.0017913363520127984,0.0015010353849085334,0.0013215340728414682,0.0016756771555357514,0.0016067599618298095
152466,0.001931210790697746,0.00176801423712597,0.0019759296681576277,0.0020249760211223933,0.0018221935461916333,0.0017552979574136374,0.0019979867975365023,0.0017440595058180325
152468,0.0019780823200288844,0.0024405305884631773,0.0016625745840728734,0.0019346603878274277,0.0022735797271989377,0.0018788707826475903,0.0019450963238080293,0.0018714170196169194
152470,0.0022189258936988754,0.001858715410198164,0.0018559376130500432,0.0018803217650464887,0.00197782220366384,0.0017092528722097017,0.0020323275319278494,0.002076665055601501
152472,0.0026140940993877454,0.0027308755690303027,0.002251300148471691,0.0022496612016976864,0.00262248672495026,0.0024613291630371514,0.002893008158658464,0.0022487071621253435
152474,0.003369483222487313,0.003354610916553258,0.0025308143073401457,0.002627578634679717,0.0030885431657204365,0.0024119581312176536,0.0029018247795931235,0.0027442731692595285
152476,0.0027312968628446926,0.0029583091988252264,0.0023851597773950767,0.0033793563084181244,0.0019596944905098668,0.0024863930182640465,0.004002634100717162,0.0028170245002372973
152478,0.0013112116199778256,0.001465621871320058,0.0012758695678510984,0.001282826072718582,0.001602104067668586,0.0013788038625082155,0.0014818478512280825,0.0014748969017181063
152480,0.0014367144799898868,0.0018427587302406595,0.0015479050231706482,0.0017574412197199352,0.001595095845720318,0.0018069109463230704,0.002032967437849642,0.0020640491451848764
152482,0.0027348939784089255,0.002666599974541717,0.0024598630330444765,0.0024019981026002363,0.002831299892225303,0.0023635961844870185,0.002751301587139779,0.0024643082259962062
152484,0.0018264922183739568,0.0015568869552213954,0.0015071279363910867,0.001738233726252203,0.0016282368471010195,0.0016596551812233518,0.0016695415081236092,0.00151449587913223
152486,0.001664755027955614,0.0016353671335923026,0.001441098515609307,0.0015142392836300922,0.0015177494217546994,0.0015440193704812644,0.0018309607751954005,0.0015440407422690067
152488,0.0039021788533466634,0.0033597485230327934,0.0033017811895244,0.0028797536028047355,0.0029134720468518283,0.0028489246406080415,0.0032213218761631968,0.003370250928353205
152490,0.0027768021470203075,0.0028688419935560955,0.002542252775086254,0.0031410699471854375,0.002301298953599887,0.00257185549353367,0.0027117340914770693,0.0027097262587796322
152492,0.0023445462642863873,0.0023329232785255366,0.002379695367318871,0.0025479476447723415,0.0023058046258851578,0.002244835486832353,0.002290208437316643,0.002743203058098845
152494,0.0017372997855913536,0.0019833665458751093,0.0017572794302376238,0.001789405731991281,0.0020201542999248034,0.0018946502900978879,0.0020828945945119415,0.0022455694467787973
152496,0.0017670391302405802,0.0020265933711239997,0.0021942631360980513,0.002346170691353358,0.002133385426812906,0.0017412391325256765,0.002255062402639396,0.0020242170315987185
152498,0.0011234918820802187,0.001347592211628515,0.0010885648432656936,0.0012238367295530767,0.0012942693688633988,0.0011511121791887846,0.001431484835182198,0.0012017959936090478
152500,0.0016907327892384943,0.0017364623409644175,0.001757333775680936,0.002061846818279811,0.0017516642104920127,0.0020665903194018315,0.0020281325151836477,0.00225739567142115
152502,0.0027937175670848108,0.0032960682773768846,0.003121419466861633,0.003047252972232864,0.002709751080609557,0.0025443317483928585,0.0030106607003956842,0.002462451507667718
152504,0.0019875017447504306,0.002315641548130812,0.002134517426356078,0.002095509558011646,0.0020120544481928015,0.002251054816327036,0.00213116394652281,0.002533656223961067
152506,0.0025747838678036317,0.0026842147335437994,0.0029100989271890754,0.002878188108721924,0.002770636082872535,0.0025237176156312074,0.003091915805061976,0.0027121581744230655
152508,0.0021710353302834134,0.0019098757775282138,0.0018737303169535924,0.0017624356774759292,0.0020560434316690412,0.001992491883644698,0.002180394629821336,0.002089120522406951
152510,0.0018889490744218446,0.00181512806146783,0.0016264953962265155,0.001444785111304192,0.0016278938332350834,0.001572359186842301,0.001907636263709378,0.00160194631363976
152512,0.0021202526393966498,0.0019038620138280837,0.0014487058260518465,0.0019281038450336269,0.0015285637504408728,0.0016256163086059289,0.0018829615848412473,0.001840425961585082
152514,0.0016873761730075293,0.0018849669255138896,0.0014492097968974438,0.0018882224979571843,0.0018670293934555104,0.0015517221849927765,0.0018093199933733595,0.0015767276050883267
152516,0.0028440067035830907,0.0022488884140741683,0.0021640457895066995,0.002429041905194565,0.002142085671176519,0.002517000929877833,0.0021129826905132987,0.0025509120519032202
152518,0.0025585518255900747,0.002946739999439854,0.003274163873379088,0.002747843275843889,0.0031334034588925835,0.003304450621219923,0.003271865961159706,0.0024604177235767466
152520,0.0016230735211532205,0.0021734261510691355,0.0016236751063865157,0.0016061510678322954,0.0019412661387742253,0.0017973675622457025,0.001931625981334284,0.0017001783661175218
152522,0.001851222914058273,0.0022459984399516575,0.0022264098142792954,0.002115156299189472,0.001636604802837685,0.0017773679660990638,0.002268317125654562,0.0017843977266590039
152524,0.001878565282056377,0.002045763456258301,0.002025697930678874,0.002221582075297379,0.0023496801746519247,0.0018256325881319674,0.0023961967514401494,0.002227796209464686
152526,0.0016153510935538323,0.0017583227596349449,0.0017577326469765536,0.0014770385404977576,0.0015606580672312825,0.0015392024942606497,0.0015618724410879636,0.0014899221526189083
152528,0.0024525618115234793,0.0022752554377652445,0.002237367507166979,0.0018555393039010881,0.00244558056323374,0.0019618379529410396,0.002235266528712254,0.002388565016190114
152530,0.003795651893179333,0.004151743153898657,0.0042656366618958885,0.003750321025680639,0.003229193334957095,0.004177773905492066,0.003550099362655601,0.0036884536009700875
152532,0.0030930978860204683,0.0033402270686782587,0.0032753274163788287,0.0022528862922834847,0.003283039989126435,0.0027188077645254882,0.003186677999205148,0.0032258596027071734
152534,0.0022850986356942743,0.0030508762481540885,0.002586956245520536,0.0025206721726914183,0.00242793601209447,0.0023122288815275033,0.0028334446697919763,0.0023767530177716406
152536,0.003403350221679924,0.0031759162046549605,0.00285815861754192,0.0035236937778926475,0.0029709824283976616,0.003060171981346241,0.0030167227150375148,0.0031897313743528694
152538,0.0015035226371268445,0.0019126711521200712,0.001917729316139663,0.001959086339374194,0.001792555662812459,0.0017934929784344522,0.0020450231548299613,0.0019919677813649006
152540,0.0019461824811772832,0.0020811563577922826,0.002430082306028647,0.00218989225386107,0.001949561858294993,0.0023707090794718028,0.0021132063373498072,0.0024692694365429646
152542,0.0028043426675061767,0.0029775166190777608,0.0026544644454509214,0.002877087800386549,0.0027655989261821667,0.0027391220054632376,0.0030919166336410703,0.003372799473533805
152544,0.0019608160578266642,0.0018850089776206863,0.0018023975178965146,0.001942106275409694,0.002029694732953724,0.001714846031980466,0.0017257660184922946,0.0018400926012427377
152546,0.002224484063734891,0.0022029871997821804,0.0022908295998003703,0.0024159764041522536,0.0024988096134621746,0.0023605660690702163,0.00293702593464841,0.001804511100048034
152548,0.0016917776274916335,0.0019442742665177898,0.0016388345111408853,0.002076684408642296,0.0018558859363638214,0.002241184417076783,0.0015871052173595107,0.0021410568137519292
152550,0.001785471111909409,0.002051523304733141,0.0021268251318398157,0.001980795176055372,0.001945766057631207,0.0018308507879791908,0.00227278188526725,0.0019382485312897796
152552,0.0020397213013580995,0.0022989452421962042,0.0021805459700764557,0.0027524479352259434,0.0023617339976039903,0.0023393891394940525,0.0026829916066890697,0.0021095496739234054
152554,0.002598598606140104,0.003286283964673134,0.002670251651357758,0.0029939212070582144,0.003301537166338575,0.00259152691271837,0.002874130440964087,0.0025212740809033157
152556,0.001959550029578816,0.001725514701825595,0.001590491361755722,0.0018224308148274831,0.0018274163873045618,0.0018097142616602668,0.0016266582608254337,0.0016143720421055857
152558,0.0017742000307552908,0.0021438708974113596,0.0019007917723110612,0.0019662050383601054,0.001826080844138503,0.0016477833423335225,0.0020780916502584207,0.0020073235849982773
152560,0.0016429031493656737,0.0020225158565958523,0.0018284984905486135,0.00195535309502759,0.0023176199818300547,0.0020851268427041353,0.0021731955193061148,0.0019079099477503775
152562,0.002149336042849337,0.002220665959023607,0.0019298093608138972,0.0021023233928679913,0.0024443791883256433,0.0022262772802023184,0.002563946491428659,0.0020004180067813154
152564,0.001565689381739635,0.001638358592042588,0.0015361879565479186,0.001742264939367466,0.0015681242830069136,0.001796438076635598,0.0016737337144812209,0.0018532885857431985
152566,0.00392871777550341,0.0038935566230056257,0.0035652765025497857,0.0038441994332907847,0.0038935538335816006,0.003309514969087657,0.0034643369293763104,0.0038463163702948666
152568,0.003152073340390027,0.003064481365891783,0.0024628116289557855,0.0024028891617722398,0.00248521694452776,0.0028784211468857596,0.003312148075806931,0.0028794645380242484
152570,0.002668398944438724,0.0022679186491815356,0.0023280902700060224,0.002518317229022307,0.002510255118056262,0.00250720885763972,0.00305248636927985,0.002824618584819763
152572,0.0021250374015233664,0.0024687733501199127,0.0025105552540473225,0.002028987884959088,0.00219071272647732,0.0020206211422788556,0.002283381208916302,0.0018367424576948427
152574,0.002645432886581922,0.0026027674880618884,0.0029801203471679916,0.0028487922156681528,0.002844550282085301,0.0029643832081639593,0.0030815225725292633,0.0028788616667485695
152576,0.004482613876961639,0.004880859453167352,0.0037714528589027907,0.0037723931955311457,0.0033432320687022538,0.0032902030387873538,0.00364620425261121,0.0038165283719921034
152578,0.003176782055117011,0.003029433382001692,0.002283285083436226,0.0029938751403613267,0.003219324123852743,0.0030239727311399817,0.003487873694433277,0.0029711018249681254
152580,0.00176305723726089,0.0021437843092001613,0.00200281801757142,0.0017922093187050653,0.0021354934102891243,0.0017466221501050705,0.001956800351110566,0.0018000623120490028
152582,0.003336757731947207,0.0032770835680546867,0.0032362067279424617,0.0032405479436064533,0.003969219803634572,0.0032212292682343296,0.003285097552211194,0.0038478640156425353
152584,0.0014282443438349418,0.0015095869387327238,0.00166948427560544,0.0014485294427836332,0.0014945579451399738,0.001499134011160877,0.0016330467494474754,0.0017441267150142409
152586,0.003508615650128777,0.0024387832976192764,0.002879969911113847,0.003183117015687964,0.0029009655480250474,0.0028097885658964206,0.002731456121926934,0.0028704181169053045
152588,0.002573906087759481,0.0031614963141426977,0.002317574787946919,0.002340874435058385,0.002516861506813864,0.0021481579908090437,0.002570132432299657,0.002596892046519819
152590,0.001613028500409508,0.0018655841934039352,0.0015832824043906513,0.002074341309379557,0.0020922938839386257,0.0016877927363021517,0.001984760067612737,0.0018037231080205718
152592,0.0020692160907244267,0.0020006519445284893,0.0018180381271864499,0.002379072446001121,0.001995147041336867,0.0018541611183271606,0.002232660263967859,0.002253761986718894
152594,0.0014502529006432813,0.001475556516572718,0.0012915247376916877,0.0016526120128719374,0.0013723153356065693,0.0014409647365881822,0.0013596223682645903,0.0012237327338182613
152596,0.0014652528019371142,0.0016926548053669693,0.0016159886844274163,0.001998528677909006,0.0016659167923754326,0.0015973191413937299,0.0016345431845233988,0.0018243479773994015
152598,0.0023464041903429322,0.002643293849555542,0.0027703949005215694,0.0029301277871342096,0.002737900465238141,0.002232909168586872,0.0028134567448867692,0.0025191907147798093
152600,0.001952612289899902,0.0023971673512483,0.00196929424704706,0.0022094323388261033,0.002151105972537662,0.0023015734589463405,0.001995474192818314,0.002171061019837564
152602,0.0025601379244347827,0.003412605938033275,0.002487548932157191,0.0025046678048841337,0.0024507980464450047,0.00202263480834243,0.0029760784081323127,0.0026213364902796243
152604,0.0025594763619643524,0.0032031417647047228,0.002297774730976157,0.002690149056092231,0.0024302549320174283,0.002236646516873844,0.002464851950516614,0.0024191950428842923
152606,0.0021731587027176147,0.0021514995811655613,0.0018513902540691213,0.002120475641366318,0.0021145433277747205,0.001909749770003924,0.002176414354853551,0.0020728379830362714
152608,0.0012487541961982984,0.0012771297366074436,0.001358602777737028,0.0012845075378181137,0.0011246564366764744,0.0011134579076511747,0.0012317324155981663,0.0011371322185023264
152610,0.00213158771714185,0.0021654247673486143,0.0022334214558359516,0.0020320447289684657,0.0019867259008937155,0.0024098300988040777,0.002223141908943696,0.001990878560921061
152612,0.00250907714574157,0.002388100770659554,0.002014984466761016,0.0024517025377791685,0.0023842872917046037,0.001977168177711444,0.002422836450774804,0.0028423075611189313
152614,0.0029211808572764952,0.0030616101672276685,0.002499223039325718,0.0024250696468248872,0.002236427000872121,0.002176094240927476,0.0030727693190507055,0.0026195504071663406
152616,0.0017834895360557823,0.002196456496600732,0.0014140482398450893,0.0016858774603068089,0.001467300953244044,0.001905154803678366,0.001721022258177607,0.0016181491624554095
152618,0.002459831253868741,0.002616325329876115,0.0023716422111689367,0.0023743189081840144,0.002387220830618597,0.002318707278591306,0.0024108455253979977,0.0024832829344696578
152620,0.0022107917188974313,0.0026953000146892614,0.0021288783070075312,0.002566597828669581,0.002335590644695143,0.0022166353976713626,0.0025529667043955456,0.0025093163756673698
152622,0.00227334313079397,0.0027519542688484583,0.0018105767940280876,0.0022877057424691843,0.002078910949529847,0.002205363004961436,0.002336405557068544,0.0023298780105707184
152624,0.001604325973483478,0.001780180028653336,0.0017541516118758788,0.0018982423800035925,0.0018609064243618884,0.0017431628848014885,0.0019990216630217383,0.0017817996458389107
152626,0.0024147226457325033,0.002730552417425383,0.0026776184032058087,0.002665006613270293,0.002826365905735387,0.002383770715700964,0.0022189869617066926,0.0027214027167890564
152628,0.0016959338206652547,0.0018451557040188998,0.001628997258174003,0.0014754981325637573,0.0016273807327189665,0.0014887461467462254,0.001668090905698319,0.0018059625315314382
152630,0.001938597555880564,0.0018458531408694356,0.002187949605543263,0.0018758349651628592,0.0017843105479542626,0.002163205376216004,0.0018275711813821177,0.0015695269198892081
152632,0.003579449555206074,0.0029537050381236996,0.0024326642551169564,0.0025016767361902975,0.0025887383865136476,0.0024127943094145454,0.0024122709949319643,0.0028022211613576986
152634,0.0017467635191223962,0.00198512454148482,0.0016578439158333597,0.001820135428086067,0.0018978970074497031,0.0016795973444022755,0.0019765112787730743,0.0018484446371047764
152636,0.0032456760100672,0.004423775255686602,0.0036616181451398777,0.0047263363030793926,0.0041032142944494865,0.005203626115019233,0.004961956546773116,0.004066840473516464
152638,0.0016166761297237292,0.0016106014282899483,0.001548176767860024,0.001581890523993934,0.0016089459424666885,0.0014385340387741558,0.001797290174895494,0.0016094624057228502
152640,0.0019554822454859178,0.001959453725249638,0.0018224266799871103,0.001789253508238886,0.001958404755034851,0.0016510967314965624,0.002034297622258499,0.0018195070642963579
152642,0.0016498771988620597,0.0021676650688468163,0.001837931765330883,0.002488001190148817,0.0017591054598776884,0.0021001044909498834,0.002154693322857837,0.0024430503201605808
152644,0.001934732157444552,0.0016061648032563713,0.0016091222718763731,0.0018390323134456765,0.0018760189037863584,0.0017487629149087885,0.0018017339568034973,0.001771956557844026
152646,0.0026070454672827564,0.0031064620068650545,0.00262689772237458,0.003026140497815036,0.0028722673905528517,0.0027508541345311333,0.002932663912989464,0.0033352958899737772
152648,0.002723741876251698,0.0026647000747229838,0.003059682770141736,0.002785239870711234,0.0022215876940712698,0.002604174840641363,0.0026112329190661754,0.002982308553461946
152650,0.002894354407881272,0.002845399131334858,0.0035557763336666742,0.0038016977797283996,0.003090338391812178,0.0035991532048902514,0.0037352877963039988,0.0030951539107244713
152652,0.0013402980888079785,0.0014293133958159926,0.0015322146795094943,0.0017636335370153078,0.0015523150965981447,0.0013318170576815391,0.001513667313380998,0.0015058277734426723
152654,0.001491832066067511,0.0014921987114294155,0.0015237425602650095,0.001577111047242355,0.0016108684543301305,0.001556438961034648,0.001930583505281247,0.0014081123486393704
152656,0.0018836719503371319,0.0018726926223534002,0.0018275017461908544,0.001975255424952138,0.0022057181564877487,0.0021027893847089946,0.0019551478468247258,0.002101044572162661
152658,0.002050388230546832,0.0024862477584713383,0.001960789664321505,0.001938185552755392,0.002078131049014789,0.0022175755929974006,0.0024765190861870817,0.0021009147990742744
152660,0.0018051264230845576,0.0017817571886992317,0.0016864006183636843,0.0017180670928460678,0.0016751413313276786,0.0015002624547802434,0.0018971378825698992,0.0018491548699381966
152662,0.001706156108535764,0.002342325224622202,0.0015015835990007803,0.001848306899125976,0.0017488669808250062,0.001521241247622998,0.0020737051027453074,0.001781136114302806
152664,0.0017070102244814422,0.0017017399729868377,0.0015526315581482764,0.001846099627808906,0.0018133045845927231,0.0017859896631284983,0.0015892869991002284,0.0016270384101082502
152666,0.0030577691637723725,0.002795943009068283,0.0029670014805152634,0.0033255239462372105,0.0029746466399684923,0.0036497268765851715,0.0030402573082746187,0.0025609601904324486
152668,0.001455084659171213,0.0017592173330586297,0.0014705871421810124,0.0016528067726798157,0.0016258974946543742,0.0015382403727157712,0.0018319048882842331,0.0015244956237952523
152670,0.0036585521438770585,0.0035089157571902008,0.0030938972548941873,0.003414711104491097,0.0035038342055635496,0.002680206357475401,0.003560966979530511,0.00328082431473066
152672,0.002032693659995713,0.0018818511999386806,0.002032730946447181,0.002073146339339138,0.0017984960274393252,0.002018392908033753,0.002155699506524847,0.0021600908600736407
152674,0.0020545747819760707,0.0025414774638830157,0.002090435565529472,0.002254878071695346,0.002161918560690035,0.0018875365230833219,0.002314578986439844,0.00194944770676303
152676,0.001973263834372574,0.0022963935040785227,0.00238990375234871,0.0024186508816638336,0.002357810309661146,0.002488302594429115,0.0028496846522524516,0.002418637690636563
152678,0.0024930181739591384,0.002236890005489267,0.002297395102163202,0.002098043400354188,0.002145930211068736,0.0030277957354446633,0.0021293967408154146,0.002323340920719341
152680,0.0012955852520937783,0.0012221462393863375,0.0010568277567713502,0.0010679104022002367,0.0009303769402890794,0.0011768786951422833,0.0011428559564388707,0.001134898752657279
152682,0.002579729372248832,0.0024846917759486914,0.002352804125782662,0.002960216563818785,0.002581482145443348,0.0025028876353206386,0.002920705301390561,0.0027962479439286453
152684,0.0018307121131544424,0.001630595331059817,0.0015572815021663994,0.0013710305568018916,0.0016110565520271458,0.001913852194513288,0.0017139646643217349,0.0018659143835586534
152686,0.0015104384206596766,0.001720488812138543,0.0016968802092910545,0.0015970178088804549,0.0017244471195530103,0.0015264633671216998,0.0021242114657411687,0.0015273711332502438
152688,0.0014227673737158414,0.001656471181306643,0.0013063911268818007,0.0014876277907029944,0.0013700077999596744,0.0014027757262553703,0.0013705122350773369,0.0012408930243357347
152690,0.0015262136186536268,0.002085991764682063,0.0017760998248808613,0.0018089007342795421,0.0018590719765620989,0.0018815674335845994,0.00185236687553271,0.0016840253380252662
152692,0.0015273594860492623,0.0016320623491969943,0.0016425051474123903,0.0017528075595994036,0.0015385781915790986,0.0016082798631359557,0.0017890284936830647,0.0016226521176621184
152694,0.004674620862462009,0.005060905780286673,0.004076970038338568,0.004005507152307963,0.004446591928003452,0.003946578307290116,0.004871289685014268,0.004937510873823436
152696,0.0016952361662336962,0.001839308380662763,0.0017708094875007602,0.0019557563748771045,0.0017055065079782938,0.001541155718798315,0.001915144458532192,0.0018074322846395319
152698,0.0018268838947902571,0.0016712382279488042,0.001513691372800885,0.0018121759227445744,0.0017522040268849737,0.0016330774602835163,0.0017512513741328034,0.0016541213227622281
152700,0.001594495711278024,0.0019710046490983846,0.0020187243030651697,0.0017992873015266891,0.0015829299304682826,0.0016545434589843588,0.00195239566320482,0.0019336446136598712
152702,0.0022538872008764366,0.002671484964303708,0.002399671902722514,0.0027031823082736134,0.002674962721897059,0.0025444892183568296,0.002481968029779416,0.00244643507841881
152704,0.0015828012828151966,0.0018038458842148941,0.0015097392092690148,0.001869448538379892,0.001604323884503281,0.0016917025477063974,0.0016338390007053644,0.0016299088427640523
152706,0.0035091103923068495,0.005083320266351166,0.004433224469924613,0.004365792025620208,0.0041720951954805074,0.0036564812240281186,0.0048575108445982895,0.0031534392391178306
152708,0.0025225222686917764,0.002708965369720373,0.0024888143917207867,0.002717153050789456,0.0028902605221871186,0.0024088686401986387,0.0030480184243266706,0.0022822431418911965
152710,0.0027324413729857278,0.002413622213675526,0.0027813618396935885,0.0029803497477312035,0.0025607479193052868,0.0024859472216311046,0.0025382876870594373,0.002806760221696847
152712,0.0032338226087458427,0.0030594969048645254,0.002999685191600543,0.0031009028800391136,0.003408533266313407,0.002864181613606631,0.0031103642112935287,0.0031051366290635457
152714,0.002694570160389889,0.0024923117799025146,0.0027670833330342703,0.00310298722856496,0.0026478840914313656,0.0024113712463084275,0.00286257969816206,0.0028411013471308366
152716,0.0012110991506265045,0.0012280620612727944,0.0011042652833537364,0.0011686549609129515,0.0011571570729727032,0.0012005753727733492,0.0014535094440049079,0.0013060079495764848
152718,0.002718996185233205,0.00247416410994461,0.0029795737260942534,0.0024771843019878587,0.0025216283761957947,0.0025072375837843636,0.002722652450118726,0.002838838946877198
152720,0.004441991522032895,0.004478099571468219,0.0042029228079077385,0.004708214120279275,0.003682487627010511,0.003583974081076191,0.0031532241898019203,0.0037655298332564535
152722,0.0020478492856749325,0.0022866645740467068,0.001773437197394992,0.0018584841421934173,0.0017855510778611028,0.0018130396759608175,0.002082691938515291,0.001618341880906593
152724,0.0020477424065946104,0.002491833467731089,0.0025559916603046795,0.002701880509070387,0.002302980198244653,0.0023050587401463596,0.0025215281084767782,0.002277938712098637
152726,0.0026857501154814584,0.0031030731404924072,0.002760208176779258,0.0026598393549415317,0.0029257128604867066,0.002950013284154507,0.003104441666155325,0.0024322501251711343
152728,0.001982413365600469,0.0024451465458499855,0.002318835360353211,0.001912986582509879,0.002041206176901733,0.0023454908315678896,0.001987426677896531,0.0021300950760183707
152730,0.0019475339460101188,0.0024021883517697518,0.0023148876204262536,0.002103667188447178,0.0023146037194155533,0.002040562619623154,0.0026228148646695454,0.0025432262134597594
152732,0.0022207266998655606,0.002173143073128117,0.002243849295746836,0.0026572612547903773,0.0025109942912439204,0.0026325424489626187,0.002208938217952705,0.0021773146928518727
152734,0.0014069182288056897,0.0018131072496175293,0.0016753462579580103,0.001824330474677005,0.0015020637654808433,0.0015938344147828354,0.0018345344456085488,0.002021034111636691
152736,0.0018015597052948445,0.0020394958575380984,0.0019096348365332805,0.0019710304497078668,0.0017225210471691899,0.001995936177712432,0.0019633750913181647,0.001624893928185378
152738,0.0021496970175806235,0.0021174215345488023,0.002069869573815844,0.0021590912683331354,0.002095287190664999,0.00189692889836085,0.002076388011429897,0.002455183729342336
152740,0.003005185552869119,0.0028501329117630037,0.0026177294810584423,0.0024919305398168334,0.0028538719014255115,0.0029522891880835594,0.00280132278103995,0.0028568885127810972
152742,0.0021135714585347604,0.0020334498692096137,0.001918048752645396,0.002110883795714502,0.0021621295389323697,0.0017781115371349326,0.001976028694898893,0.0019929621711401446
152744,0.0024894920372844354,0.002330405978284489,0.002008044010724186,0.0021407975696368653,0.0019818358624412724,0.0020177499453808423,0.0021713425734253833,0.002001154857013354
152746,0.001676110269011391,0.0019199071670392698,0.0015743918642539129,0.0018967205746287519,0.0018094058793488715,0.0016195047291124448,0.001926704197198481,0.001908887039472465
152748,0.0011530300884282085,0.0013336962910520805,0.001372890590465095,0.0014986935400005397,0.0014642325413416618,0.001322942598592794,0.0013815801264161487,0.001449849458392674
152750,0.003134616385996339,0.0031927588471278856,0.002799476781714161,0.0032684122992838877,0.003269333267866617,0.0026681868845802037,0.0031315353097549764,0.003069955748717712
152752,0.002222191402481158,0.0022059771027172076,0.002352889054543006,0.002059583451103686,0.00268017472837756,0.00225388578600777,0.0022877844989332985,0.002057750196671551
152754,0.0019167457232294183,0.0020386389482491968,0.002007483816799438,0.0020802893805580425,0.0023492363352379947,0.0018130165172038915,0.0022420066805844407,0.0023808785607931093
152756,0.0017919494248872653,0.0020750482069520487,0.0019224534208332061,0.002236732141605524,0.0018324030291007182,0.001964106738940652,0.0020964581622706646,0.0018766966502120064
152758,0.0015000959458617708,0.001647806025460774,0.0015387699115132492,0.0018734723175539703,0.0017461068555403442,0.0016156643329073989,0.001649151565325191,0.0018192852399678966
152760,0.001762274283799839,0.001795391706123306,0.001903667287995861,0.00211128397755124,0.0019857393765133763,0.0020522522932227144,0.0022858434225589974,0.0020668030295112466
152762,0.001353626511698805,0.001938848190663825,0.0016831210551963155,0.001954384931916478,0.001675197745890769,0.001678405483838255,0.0018988530262165626,0.0018360684534438065
152764,0.0017421377465472038,0.0021379865379240887,0.002155583968516797,0.0024643355957289087,0.002098981654813717,0.0018864516488559802,0.0024769343720860842,0.0025100572770282575
152766,0.0020697858490061893,0.002294781407838356,0.002488349423366343,0.002290577130950544,0.002728127054935081,0.0022026623401064788,0.0032791972884949616,0.002157164409443149
152768,0.0018858400881713866,0.0017762731547766308,0.0017918579618862035,0.0017755532003033286,0.0020423740615813785,0.0019232976458366663,0.0020882845731624716,0.0018044652082433027
152770,0.001978770302549171,0.001855815644386541,0.0019297596113837662,0.002101583856423339,0.0020723237676578826,0.001982600798549561,0.0020715712151800347,0.001712959558645366
152772,0.0020315967180082467,0.0020356000047919154,0.0018926047975122012,0.0020538700300110208,0.0021861802559802884,0.0023871247278342,0.0023675449831018214,0.0018609289227672493
152774,0.00125878467403652,0.0014882773115501013,0.0012837637027127702,0.0013736407558726516,0.001400460834324102,0.0013343581051684789,0.0013741036027035136,0.001361930493331498
152776,0.0027591740990904473,0.0031820784027364463,0.003267160552358428,0.0029124237180839924,0.003177514046940458,0.0032054133106318577,0.002986363269845707,0.0031068797753947136
152778,0.0026814678162969674,0.0028101049186925048,0.002420728550871998,0.0028584203204756187,0.002475631900034081,0.0024961481190638596,0.00308742860733352,0.0023737471478105926
152780,0.002728088139591911,0.0027898415071647836,0.002339611128959973,0.0023963761936412475,0.0026145885762264426,0.002377992884655067,0.002995240169440097,0.0021853944177311485
152782,0.0012477546974226789,0.0012855502305875732,0.0013916617225329109,0.0013127085744030348,0.0013290464592120715,0.0014218586586689647,0.0013161891116766355,0.0012160737341935235
152784,0.002489754124619395,0.0025081673551286127,0.002389393487942773,0.0021809488738731148,0.0025632353993593343,0.0021894128732997814,0.0022120667145081457,0.0024981213911290517
152786,0.0019816365256286744,0.0021659888951488515,0.002019250908898096,0.0020900925449601204,0.0023222909555769555,0.001828338559921372,0.002246968503951688,0.0020680192098687794
152788,0.0036581114160050276,0.004281490558062595,0.003270779305402663,0.004248260964025141,0.004118179418899359,0.0038015163239407124,0.0036772850281009545,0.004448345894449146
152790,0.0021859169008296014,0.002421597412212373,0.002525249825107212,0.002156293157804648,0.002117878224462688,0.002356205003378742,0.00270700197857604,0.002622922086864543
152792,0.0015313920681352955,0.0018673552040129326,0.0015856802083341753,0.0014966849817992789,0.0017942067771517523,0.0016324316902825015,0.0019106237682116195,0.0018257592912824944
152794,0.002456862654344874,0.0028274612269912347,0.0024818704095808664,0.0026124860397548494,0.0029378513174364157,0.002192929084142717,0.0025568170276197982,0.0023781651038667917
152796,0.002096027665126121,0.0028293164284500794,0.0025048109915626476,0.0028485480528273183,0.0030386775227167484,0.002523779748478741,0.0030967259185510493,0.0027018479777893845
152798,0.003003093082743616,0.0031195960918429244,0.0030338679912842587,0.003127018610609378,0.0034728017930663185,0.0035142523017540755,0.0029168841402658074,0.003011877849393843
152800,0.0015817731787584055,0.0019242574253702238,0.001568453269449377,0.0021464441583969457,0.0017275477343767776,0.0015934031437014884,0.0020090530910544246,0.0016058399463505513
152802,0.002472300718016643,0.002405195361640189,0.002369328221946354,0.0023191141387688546,0.002511235852736826,0.002501318255947474,0.0028241109650415513,0.002528848020185173
152804,0.0024109464944870873,0.0023819835036496123,0.0024426820725337445,0.002765705893612372,0.0023808065793338162,0.0028603828766480266,0.0030378902478191,0.0027807469330301537
152806,0.001684635361647091,0.0024974969337441255,0.001661511471419408,0.001770754620563031,0.0018782627124045576,0.0017400305669940247,0.001610082689573869,0.0016063475497043456
152808,0.0024503783188274536,0.0022485322768184823,0.002391587173381518,0.002484187458366441,0.002186973204027623,0.002608739376390737,0.0028409178757016207,0.002352149322305555
152810,0.0015390469913010296,0.0016190403191718716,0.0013973252965939764,0.0015677720254714395,0.0014374547638919127,0.0014539264633948168,0.0016933648054613532,0.0013970690802702634
152812,0.001788363932472295,0.001946573309071789,0.0017616625562695415,0.0019456687780457088,0.0017375684192302288,0.0017503918702744259,0.0020002407297359387,0.0018369809909588586
152814,0.0015988301032285879,0.0018854136722548653,0.0017608530250010634,0.0020791657396771607,0.0020105464739639395,0.0017428729789664837,0.002144491899960743,0.0018870642796536968
152816,0.002015696899641206,0.0019868361571400706,0.00210879518172781,0.00230711281081776,0.0021536137266799926,0.0019248088268076918,0.0024176319807480695,0.0021562938497535905
152818,0.0015814096139605965,0.001668948833774886,0.0015876974282425516,0.0017638979405622118,0.001613700650288985,0.0015566635379889032,0.0016132813631647563,0.0018458067263389527
152820,0.0016387343753996308,0.001676603232433918,0.0017630037418978756,0.0016010652407203452,0.0017579594334538179,0.0018745076475049083,0.0018412065839624875,0.0016855990876446653
152822,0.002170174818050319,0.002294555845190463,0.002488467612643541,0.0022444256652992683,0.0021375183844175027,0.0020648998666000923,0.002364884789460897,0.001940713697813623
152824,0.0023977141980707217,0.00274071552472778,0.0023451119715745122,0.0026707313889604567,0.002280940604561535,0.0022914012720674087,0.0024477372205178316,0.002277368010659822
152826,0.0021595773588709566,0.002007973898743798,0.0019807716327757824,0.0021812150613045866,0.0021859942336334287,0.002156629804076715,0.002200191533357612,0.0019543012706877555
152828,0.0017860016281617958,0.0023467705220604623,0.0019514302074006423,0.0024367133399927354,0.0019188104174681087,0.0020615826045172897,0.002456180233376473,0.002111756097102957
152830,0.0016241011465716881,0.0019564852834810242,0.0017858643475563568,0.0018616614808575904,0.0018552523937422905,0.0016852320379540237,0.001700581758640754,0.0020216350523908494
152832,0.001567945789109404,0.0016447533738098152,0.00174395589417764,0.0018661519068242094,0.0018424648147006284,0.0015553063289947128,0.0019919049336270117,0.0016781139942301793
152834,0.001610361632055357,0.0017423573047899016,0.0019676903453016426,0.0017904509874851066,0.0018387335834927493,0.001526642104092757,0.0018433600668311817,0.0020068843156107463
152836,0.0013790868969468933,0.0016994482029764196,0.0014226529956504752,0.001738588795132126,0.001449937121450695,0.0013280685390309466,0.0015224791463817056,0.0013307818561019702
152838,0.0024371304244202308,0.0022455983981151256,0.002098732479846946,0.0023348943187506827,0.002613563103150987,0.00226961534426412,0.002309621440950718,0.0023132966372829827
152840,0.0024257785567919493,0.002475007294739165,0.002178984112988905,0.002556870148016588,0.0022358143157774762,0.0021646367757490736,0.0022754004391934424,0.002200635393332498
152842,0.0024073619243267785,0.0024490990721597883,0.0017185544507021394,0.0021645809665602617,0.0021692887971686142,0.0022668621286085072,0.0026401529537141283,0.001970792296650592
152844,0.0017449697403151831,0.0019851252054021856,0.0018631154520554194,0.0021639716186334784,0.002206868833837819,0.0019286047539035511,0.0020642891439422023,0.001828300967681662
152846,0.0023931352341151207,0.002553479837896555,0.002093989032858623,0.0023230080230425415,0.002243239829296542,0.0026211373707952235,0.0025406988909782435,0.002181538683587725
152848,0.0013803253411395766,0.0013309517342152827,0.0014393002306150593,0.0014094048718136382,0.0012581603761333687,0.001372858291293133,0.0013708620018384465,0.0012035354224230327
152850,0.002068707407940684,0.0023390860832184363,0.0026157601929477914,0.002409118769201149,0.002458874279528414,0.002237215264936157,0.002643543225220535,0.0025400165640957623
152852,0.0014809482697258347,0.0015545615557793213,0.0014293621266286416,0.001779980103701076,0.0013538044209406852,0.0014748196462860547,0.001879123016970144,0.0018838468947595666
152854,0.0027505118285455765,0.0029174998330350754,0.002316538677649485,0.002628448711593734,0.002670136921141486,0.002313421344296032,0.002891503167193346,0.002783665298630389
152856,0.002625844258004273,0.0025216822522114435,0.0024986617568389935,0.0028335041593885585,0.0025432972280276106,0.003169565346838335,0.0027365716235623477,0.002795736182871489
152858,0.002321114156409232,0.002088388078780326,0.0021075106314507597,0.002335349763221084,0.0024505265840555485,0.002189599389681496,0.0026160143636353578,0.0017927152825626541
152860,0.002352735461097058,0.00231353458690943,0.0025079184788909803,0.0021260788932055963,0.0022751491773973648,0.002234488117230038,0.002201388659735848,0.002206428545323838
152862,0.002802994640987558,0.0031960109910831452,0.0033342361795353354,0.002847816819886495,0.0031011941404843757,0.003106226972505302,0.0034764294276440483,0.002793180836477893
152864,0.0019449694882867213,0.0021660509640950704,0.0020585593918354267,0.00205069828651544,0.0021415584543099803,0.001979383158409301,0.0022273999018219137,0.001956277669097839
152866,0.002696506985812308,0.002249960175729218,0.002145425988109975,0.002403965956974688,0.002230287389580768,0.0024909684567121643,0.0026970150002693233,0.00261187181693906
152868,0.0020136823445824348,0.0027698968823853948,0.001905121633062612,0.00282424123128866,0.002422333316701844,0.0021627303116892455,0.0028410358209403214,0.0024015946240179553
152870,0.002413171643389847,0.002698344653738763,0.0022138349380190214,0.002540392452159923,0.0021371642891079845,0.002124128709300399,0.002106870383995707,0.0022857166114411687
152872,0.0031816430007023527,0.0027609777940758168,0.003338275425670681,0.0027573866428805133,0.002639745639526639,0.002788575265396123,0.0028278990187019654,0.0030283078111870143
152874,0.002027925159637914,0.0023290926434074155,0.00208617382264098,0.0022999298882366848,0.0018890413635209158,0.002104254999049593,0.0023089755388678995,0.0021522637477633527
152876,0.0024356682111448813,0.002920505990157418,0.0022600691052510197,0.002833636625133709,0.003272349687549969,0.002583870977638028,0.0030589945611139147,0.0029129496684315997
152878,0.002043262739491958,0.0026482280024942018,0.002037047398479111,0.00198272056123229,0.0021937065048117793,0.0019292055377242434,0.0021218959243741176,0.002007100606384038
152880,0.0020925965265875673,0.0022500036452389183,0.0020352867227214078,0.002209441444335894,0.0020263854234943285,0.0018148306446298529,0.002560183539584371,0.0024778677800277316
152882,0.0021260706482062464,0.0020253233800282544,0.0016786240413420167,0.0025054635868460157,0.0019046423173831872,0.0017780091180330665,0.0019688614730012516,0.001783132742721405
152884,0.0022546074266683314,0.0022195169549945604,0.002058872093391395,0.0029446380617670492,0.002269873399693992,0.0020203304478771944,0.0025838217434463046,0.0026192533577918398
152886,0.0027096696344056093,0.0030202258439613466,0.0030999532668479907,0.0031914513818681045,0.0038142507743197385,0.0032112320696115054,0.003902747615556326,0.003197973268382462
152888,0.0016508372895845391,0.0017204498731979712,0.0014493388524851186,0.001526908773485991,0.001468008252736519,0.0012755018031857107,0.001856405624743443,0.001393204459879685
152890,0.0024105265355017225,0.0020205129666887173,0.001959888102892951,0.0020309308379760083,0.002136604272173992,0.0020538963673922966,0.0025860093301466325,0.002355790562893978
152892,0.0013308579601561399,0.001669876398902606,0.0015079712021623948,0.0016375640396243535,0.0014649299756426398,0.001439868435192615,0.0015409340181494202,0.0015004924658319624
152894,0.001611920327562244,0.0014007092749213218,0.001369547573593144,0.001410696588735938,0.0014567716301506217,0.0014968781093041006,0.0015228297675263236,0.0015030188405663752
152896,0.002531941510078975,0.002735731762444127,0.003274601296956947,0.002945064616008075,0.0027054682838407867,0.003169388337426318,0.003379215979359751,0.002790780553155528
152898,0.0020460478862355386,0.0026146594372927906,0.0020765849281816906,0.0027369532086174986,0.0022408623961536756,0.002231547228080402,0.002390583096777546,0.0027786701121130936
152900,0.003831766932707939,0.0037659934450609,0.003172076308688654,0.003891026096451436,0.0030038966618895074,0.0033782818259142783,0.0037524023734656353,0.003983188259642445
152902,0.001972712153486836,0.0024982178408203826,0.001551058962681262,0.001987564190824076,0.0020784571220233833,0.001867333310713093,0.0021470883189611684,0.002038171710809833
152904,0.002580145654021773,0.0024516800341354283,0.002020052499286662,0.0021932542720765197,0.0020528345645340895,0.0020536053149420447,0.0022670487224696473,0.0020528538062131313
152906,0.0024489257781825646,0.003274217590490347,0.002675976273501926,0.002341235287783905,0.0022750553575967697,0.0021288700565818552,0.0023373236290315097,0.0027393629925838298
152908,0.0013627995016479155,0.0016319112534795566,0.0013557218671798044,0.001510218361524318,0.0014104215212418364,0.0014491473984543646,0.0016240263828344453,0.001583903257064423
152910,0.0023986325594666097,0.0026357729128163726,0.002414425365243611,0.0026340029484001187,0.0025961281876924064,0.002566050920669319,0.002712858197211357,0.002332509451427947
152912,0.0027316001989353134,0.002748874056380579,0.0025988697933854304,0.0025190639452513097,0.002557497462517558,0.0023593318399268842,0.002509728056978036,0.002684228629927843
152914,0.0020698980474163214,0.0021417894700642842,0.0020785556282754275,0.002007326923095576,0.0019379126575964772,0.0019062918848364863,0.0020647553026891807,0.0018774823437448518
152916,0.0021859012254279997,0.0021535117288584843,0.0018998602713260482,0.0017269841731446522,0.0018065135001371774,0.0019026658588841006,0.0019840979261288028,0.0020228026870405813
152918,0.001690130238996057,0.001480568101591695,0.0019248797596974065,0.001666979488051945,0.0020946395959440256,0.0018268096959526137,0.0018493298061322272,0.0016107150536868176
152920,0.0024243424979841915,0.0025022659367506805,0.002296032553817051,0.0024660494655531218,0.0022372536774178386,0.002310769536405091,0.0024436867174794236,0.002044344634804185
152922,0.00196749304309686,0.0019021277117892144,0.002006169103666036,0.0021507061804462158,0.001941655159520883,0.0022704161803735468,0.001968052587495217,0.002033038656705566
152924,0.003035537245013098,0.003300154966634841,0.0030755209597461836,0.003101642260185722,0.0028845514765225705,0.0031771818474296,0.002790789999517221,0.002926898609119155
152926,0.002582672447738743,0.002613146419344195,0.0023514584805850586,0.002522039569519477,0.0025548512076727925,0.0025834642415395598,0.002494819764381484,0.0024082115649106672
152928,0.002265533490229968,0.0023640747060960643,0.0022614259023806677,0.0021883580722409507,0.0020992154831311893,0.0021549565197570703,0.0024123888272278293,0.001822709132174083
152930,0.0028724299091643785,0.002877501840152244,0.002769648674315006,0.002548377527419446,0.0027485912462685835,0.0026692672846637816,0.00298259744529851,0.0028769930869823046
152932,0.0016941108337845123,0.0018043705780193542,0.0017252937316014766,0.0019562196708578505,0.0016789366399290323,0.00154761395742177,0.002157235349114439,0.001882645406971195
152934,0.0031994409465243567,0.003638603202724147,0.004033727447936786,0.0030187753069164103,0.0030111218552166807,0.0031276835948057524,0.0027289322756640783,0.0029442584342609934
152936,0.0018186945159259782,0.0017293359465434671,0.002168750609599146,0.001714103163170444,0.002013837146000799,0.0017967636692800687,0.001965772934246615,0.0016994779962154483
152938,0.0020451754498674313,0.0024499110545319613,0.0024198602119414186,0.002380764045346609,0.0020251128152823927,0.002037989741531368,0.0022368854245391617,0.002267038789523071
152940,0.0024023661922589895,0.0027549705068366515,0.00246084089730704,0.0025534700491008366,0.002483739631614759,0.002401673126244966,0.002822381757463091,0.002816206385182332
152942,0.0017994383712336554,0.0016985747935706202,0.0015750538463956687,0.0017025576287688082,0.0014717299448661209,0.001472583835761876,0.001760405345630156,0.0017366203749397263
152944,0.0019634711618195105,0.0021813709537732984,0.001824792892969454,0.0023182136408037707,0.00195331822073902,0.00173801225370597,0.0027023479742211004,0.0023621833613651777
152946,0.0022513054511872493,0.0019960277156483436,0.0014771754154524613,0.0015413092807062961,0.0017443165257552545,0.0017149345823109924,0.0020819385255157474,0.0015958981848989695
152948,0.0015279107385152285,0.001926467429276768,0.0015787266907208442,0.001998081712883959,0.0017222999595152416,0.0016424538153143736,0.0019033409251296846,0.0019461933278476368
152950,0.0019284104026989213,0.0019520101764232273,0.0016677957491002676,0.0017245260165013598,0.0017940568739525237,0.0016622340472671887,0.0021539328744485525,0.002122024627771016
152952,0.0019612545459181258,0.0019021920514573076,0.0016851219308405968,0.0019120768580927483,0.002024365197705935,0.0018142216033872338,0.0020762511937362366,0.001892436901564945
152954,0.002160296554682986,0.0020910344712804646,0.0018603427230038522,0.0018879631789767704,0.0017413432852484423,0.001967271957405148,0.0018536882571668217,0.002020539759134757
152956,0.0012861067379388441,0.0014168538555253823,0.0011403174554419082,0.0011357397486329163,0.001374345827493198,0.0012888020104019487,0.0013997672133891914,0.0013808646185298756
152958,0.002519235963673039,0.0022427151263038625,0.0024657094556630593,0.0024106959048025983,0.002391260351722657,0.002336313363651199,0.0030054845366611765,0.0023395498645811252
152960,0.001920199360027755,0.002153323990030709,0.0024783020953045437,0.00199411284667729,0.002578638873266939,0.0023722260560445907,0.0023733928724428838,0.0023204878245576405
152962,0.002174772326006283,0.00233656041729291,0.0021803278330345677,0.0021533844942840524,0.002204599963293377,0.002491550816487567,0.0022914690358286777,0.002011248766102827
152964,0.0021419698089313877,0.002033822818463593,0.002109111333459604,0.0024407635833121333,0.0021171143594279074,0.001998216263414898,0.0023864189412854536,0.001825404342545911
152966,0.0016700161496219779,0.00227890213297334,0.0018817888212174783,0.0016461965159867559,0.001574116645999768,0.001757543669420658,0.002072216590956036,0.0019293014231020061
152968,0.0021319595830418536,0.0021944264745388242,0.0016339540451770912,0.0020889315253570656,0.0021294465935463164,0.0016937624828088915,0.0021702803335693077,0.0021728492473064437
152970,0.0013073340953862062,0.0017154628464105676,0.0013890508326164785,0.0015576025861940984,0.0013713103091828188,0.0013465549970439472,0.0015742274990088317,0.001483968984521633
152972,0.0023935095697427133,0.0024924014220495394,0.001992418718018918,0.0022024689742994874,0.0022448436059831073,0.001979061969004603,0.0023172254469253084,0.0023385214635460727
152974,0.0023526566786395003,0.0021792296596791078,0.0022207087935194464,0.0023535949260533734,0.0026433620340528124,0.0023425469927396136,0.0025776397669439177,0.0022131496456678917
152976,0.0016623023948541538,0.0014203060294422226,0.0012100710385078983,0.0012795072218421688,0.0014814592512744085,0.001400872125606037,0.0018080436701831126,0.0015273638537444262
152978,0.0023937118762540482,0.002043329086596782,0.0020717346692187277,0.002391148501501919,0.0026637882556315162,0.0022404395363490176,0.0023037543562563073,0.0019626845093378975
152980,0.0019108885470645043,0.002175816202335326,0.0020071923999723934,0.0016585587149848952,0.0022142675505654186,0.0015912984864358132,0.002216452644037706,0.0020721982762273022
152982,0.0013292757155614204,0.0015852678407846238,0.0015347816191977476,0.001330906341721949,0.0013718842495313993,0.0013135576867198129,0.0016985600544100615,0.0014323780098444289
152984,0.0023990591446809706,0.002950467342508256,0.0027141762235397687,0.003091716120737789,0.0029419524907193934,0.00287680406446901,0.0026730278726272566,0.0030659828584387455
152986,0.002365337351711419,0.002472259226724019,0.0022829141292595723,0.002165662614364919,0.001966045141089237,0.0019738232056654703,0.002380313644644083,0.002463205426208717
152988,0.0010663437172798162,0.0012035214647809905,0.0013190085183045902,0.001026853568717248,0.0013661072900929133,0.0012293245237895989,0.0012015534727077282,0.0011688717228221096
152990,0.0019657907724675155,0.002212568544801688,0.002221426859478015,0.0025544881843489464,0.002421216120529701,0.0019621818341398894,0.002140093690725431,0.002195717690354218
152992,0.0019403050799563643,0.0021859388464862683,0.0019289558542191637,0.0023215668190224165,0.002012470886328721,0.001969300529067866,0.0020490200807567055,0.0021009725134529256
152994,0.002273182564871412,0.0024573435078532185,0.002644048907836316,0.0020469339921058705,0.0023049567939155274,0.0025031981407967058,0.0025473801649511657,0.002301060919248657
152996,0.0022027847279147,0.0022099857077262502,0.001971487280768583,0.002174325176003633,0.0018894814678095534,0.0019177244220180967,0.002280147875914476,0.0018458153690004142
152998,0.0016960599291950818,0.00200333920999185,0.002243965763724598,0.0021540383401765784,0.0025719752717157235,0.002040165832315269,0.0026123558017304843,0.002381863870940748
153000,0.0038124209970211848,0.004120218402307252,0.0035380565640497214,0.0035761592872172177,0.003516209653133595,0.0034872906948815174,0.004435729025367208,0.0038263423702200733
153002,0.0023195770125248455,0.0018879758045821232,0.0018536824831155846,0.0020386752799698288,0.0020706797920289205,0.00198411817042167,0.002176713288136123,0.00201866739491309
153004,0.0021241819342121687,0.0022770985079839795,0.002192779059210795,0.002912752632540108,0.0024713953978334896,0.002235974965739476,0.002537829004609693,0.002355812260444401
153006,0.0019946418896000934,0.002384073742584869,0.0026212857560531516,0.0023149965971552278,0.0023108859375531865,0.0025935895064785885,0.0028196053657991854,0.002482475834247891
153008,0.002316206984821767,0.0024088072069914507,0.002543169477665655,0.0023921669086490738,0.002232089983210242,0.0024604384194368834,0.002461360212609398,0.002542247140130627
153010,0.0007265772031238606,0.0008429638478766321,0.0007920622001000854,0.0007526745777477473,0.00080586295073104,0.0007983211717442519,0.000991863529710424,0.0007961316556699162
153012,0.0014092762081478055,0.0014380214739717762,0.0013304437629715893,0.0016087932310738934,0.001572046333820687,0.001557547893718883,0.0014823096487860538,0.0016564132635635276
153014,0.0017938741583114481,0.0022792702711376678,0.0018538508966372547,0.002144804850318774,0.002366238619420591,0.0018654210400494003,0.0022082176219493377,0.002075097079981672
153016,0.0016713225992113223,0.0016214236366638574,0.0014920058860390384,0.001644736754916401,0.0015425594129082065,0.001688532637811671,0.0020126443592278914,0.0017253856460683892
153018,0.002507838632159809,0.003256939626953073,0.0027071353301649226,0.0028476430714300532,0.002731273110665511,0.0030815047880717317,0.003095710617852243,0.002572805105044776
153020,0.002326362868836418,0.002466029116097182,0.0027108255093791223,0.0024808115579481177,0.0026909467204228182,0.0023244823626242805,0.0029509408630335465,0.0022691432863277683
153022,0.0018898678562098703,0.0021446965054938844,0.0014752050851853937,0.0018185864864017631,0.0016789784644082872,0.0015462718331639286,0.0015662469179856253,0.0017684939016948814
153024,0.0018306684396419831,0.002062421989995622,0.0019762747821273074,0.0022485213246316166,0.0021524797850815958,0.001917667650664312,0.0023541935359889937,0.0020075729485067445
153026,0.0037622871776934463,0.002902027867388371,0.0026714056355775645,0.0033973103472431654,0.0031586223030741767,0.0027673686606522474,0.0033571906683388525,0.002686097635219445
153028,0.0016046870890678577,0.0018559064785628743,0.0015548688449273929,0.0018340947255839901,0.0017929537790662003,0.0014608361374080087,0.0021607602691917638,0.001862353670134001
153030,0.001469480484282748,0.0014737205493465938,0.0013257033042402139,0.0013130195687373197,0.0014919454507947294,0.001313947101235835,0.0013575385488060476,0.0015104534779233347
153032,0.0028249025075038348,0.0038803148799557707,0.0036328025376358847,0.0035104341425409857,0.003024669691996884,0.004106338057908943,0.0033563040231078395,0.0029050858796764722
153034,0.002606128353055459,0.002502712075921912,0.002721290002227761,0.002694373306176223,0.0024780580432655214,0.0022560892744674654,0.0024600932534358244,0.0025947715902758933
153036,0.002088640043966264,0.0022839811488318956,0.001904944077617765,0.0022825688343177664,0.0022113228348109026,0.0024266879625363252,0.0024388050061135425,0.002236864634132252
153038,0.0020297121875479385,0.00180536859285442,0.002109815232531398,0.0021776727940708285,0.0020827269605751125,0.0017556937879331103,0.0020155677827440877,0.0017053449732791354
153040,0.0014831135201984896,0.0015972000342362597,0.0013194739764910285,0.0013841116418950167,0.001749625446899064,0.0015525208810072272,0.0016584215683995845,0.0015626142509850421
153042,0.002370160605631458,0.0022784077719756463,0.00231019652734267,0.002356417300711358,0.0025685371983920208,0.0020501615232832032,0.002352680168683785,0.0022382542801303723
153044,0.0036606430337133983,0.003275437002166426,0.0029579550299985713,0.0034442004331895065,0.0028231342618865174,0.0027644232044471556,0.003408264016161025,0.0028476518183652294
153046,0.001696944354777019,0.001803937019762003,0.0016717914010767748,0.001521258974011508,0.0016099616127371874,0.001662710079423313,0.0019397685266722697,0.0016377250453034758
153048,0.0018297335688935434,0.0017504981667176983,0.0018170524958288775,0.0017192704793966979,0.0015958710996858555,0.001737197927630399,0.0018983193140714172,0.001628288257200572
153050,0.00147327639244349,0.0018067332777245287,0.001539756756664623,0.0017004410420291688,0.0016156424710490058,0.0015983564546573903,0.0015843599312517775,0.0015093200495902709
153052,0.0014613812338030302,0.0017148682464827036,0.0014726310113750835,0.0016196027763931142,0.0014652505203544136,0.0015753749829774955,0.001532166267335669,0.0013837856870592274
153054,0.0019776379787257575,0.001653214805931294,0.0018196106716956845,0.001976184360678604,0.0018692021081418014,0.0019358783576523125,0.0021620287253845683,0.0016125294164793247
153056,0.0019843285844329955,0.001667346370087197,0.0017286779206327069,0.0019339797896480437,0.0018956071128286567,0.001520179596277163,0.0017802218382781398,0.0016485979156649067
153058,0.0021922875018468013,0.0020686274341912836,0.0018383805702862355,0.00215022039840701,0.002273548819762286,0.0021835902414784614,0.002707678074003683,0.002243849295746836
153060,0.002661903580778502,0.0025298642332888394,0.002144625082217466,0.00214957127748773,0.002445467449729302,0.002533958505730516,0.0024758079899492996,0.0026717595432113606
153062,0.0017885775617299121,0.0018326074714016816,0.001916690271110133,0.0019578073533896984,0.0019546161624212216,0.0018872976427373178,0.0018677728110806507,0.0017123687841655855
153064,0.002067306057949525,0.0018459552548906327,0.0015140722907785453,0.0016229519568389805,0.0022216811072282017,0.0020684186964339824,0.0020325747487322104,0.0018411736551052216
153066,0.0021655076309343713,0.0022155723050482218,0.0021532686726000727,0.002324854163972115,0.0025155186829378118,0.0023409450893464717,0.002471826182139092,0.002229452854525818
153068,0.002131554350557119,0.0018536568207744436,0.002051962707291813,0.0017575471052855424,0.0018397365814531441,0.0019667254102275766,0.0018168632140522917,0.002104091975904235
153070,0.0017944955557017833,0.00172355741070164,0.0016008231744690793,0.0015658668626789135,0.0016244821981346164,0.0014594189072343472,0.0017052249810263348,0.0018009538436858513
153072,0.0019085566490260053,0.002264905838769163,0.0020111826077580247,0.0017245603604426757,0.0017765312812736411,0.0018136853254981933,0.0019189967775118527,0.0016927893751239598
153074,0.0015521466042570098,0.0016814390873903934,0.0016276485448667999,0.0019272673970347487,0.0018528216085640509,0.0015783223323104778,0.0021270958990362576,0.0016016206909472835
153076,0.0024812858421020684,0.003124341473174766,0.002772019064316622,0.002897138878472663,0.0028585485871710503,0.0024684035390128006,0.002525343801777616,0.0025503333304774944
153078,0.0018019468017477364,0.002076594774264376,0.0017236121601451604,0.0020609158868021282,0.0019833565915385876,0.0015626062989329004,0.0020011595231639867,0.0015610059922643998
153080,0.001749394835872678,0.002029820273437233,0.0022673751028179506,0.0026231903427388487,0.002042773084022509,0.001725323750535246,0.002050553545828296,0.0019371521293481408
153082,0.002983464611716613,0.003309760144189211,0.00261808782099672,0.0028848648071289062,0.0031062477348998835,0.00272268977160596,0.003113997363792864,0.002865609282605208
153084,0.00165657549644517,0.0019446386181943276,0.0020261999566267286,0.00227596733960346,0.00191299961738306,0.0019455793881382327,0.0021402215660966256,0.002088633914903007
153086,0.0026079745379881253,0.002811089636302333,0.0025639264965110625,0.0031151470635860795,0.002676640774238029,0.0030024655654594667,0.002386068452762624,0.002790586906264006
153088,0.00321605633441803,0.002983466239552479,0.0024516272800967492,0.0030479094207114393,0.0034785695656492366,0.0028549765200481247,0.0035210954682708545,0.0029344475626418842
153090,0.0022987734152024736,0.0018938409094074182,0.0022732820298188017,0.002023161253696115,0.0021941709991466496,0.0019670693890451313,0.002173316738390843,0.0021526754378320967
153092,0.0016921791027763172,0.002101515887084751,0.0019306453780707639,0.001563527104299356,0.0021504577544687736,0.002476222103965142,0.0020341773199479413,0.0019826289971936056
153094,0.002105820616083387,0.0019366927363557856,0.002149829325000463,0.0019277538036494152,0.0021178549087697562,0.0019979514962631534,0.0020129411856893015,0.002188273029956736
153096,0.001732829854379725,0.001860991276201443,0.001633454745390131,0.001808161841072145,0.0016441959313082816,0.0014565759892240515,0.0020355220181600964,0.00181417907905157
153098,0.0017833812986802755,0.0019639915020008974,0.0017115225755305469,0.001773162040265286,0.0015104627439690432,0.0016221692517373598,0.0019430408495214047,0.001994163418816433
153100,0.002577416214566433,0.0025590704198020925,0.0017640421974798315,0.0020389349939193974,0.0019317215993797654,0.002021432718996033,0.002186759971878685,0.0023551288356051803
153102,0.0025669477444785344,0.002177608472750406,0.0022552771700743574,0.0019508884980690283,0.0022013533529558066,0.002236540809589252,0.0022614227136072973,0.002066304126416618
153104,0.0012838651463562556,0.0013825819825824676,0.0012977342481124143,0.0016139128584669177,0.0012419139274522095,0.0014697361155364824,0.001606487901256115,0.001420157495605423
153106,0.0018009813518951034,0.0020524676395964475,0.0019879820733061937,0.0020057066032970333,0.0020017735027133554,0.002196077650841455,0.002128138238682978,0.0020040252332338554
153108,0.0020404545846509775,0.0019752567494821793,0.0017090692911492372,0.001943446799231252,0.0018236361616841834,0.0016070765486815436,0.0020092023709814694,0.0019265812330365173
153110,0.0013752375753790652,0.0016000905288149903,0.0015412493175270825,0.0013162615536101985,0.0012590117538815448,0.001010709704986082,0.0013247637665598916,0.0013098398249234422
153112,0.0038292657901095734,0.003810067363092584,0.0033178740418124963,0.003416903587672007,0.003145045214458811,0.0026176467613867604,0.0031978649862054453,0.0029064526093528636
153114,0.0020012235166358416,0.0022040832970793844,0.001903658836014968,0.002043845081552545,0.001901362867993639,0.0019352893184674258,0.002219011178563171,0.0019631156136706296
153116,0.0027501976760435642,0.0026363096032933075,0.003122062623916122,0.002719401020463988,0.003192960926174715,0.002788443070273275,0.003409766124141067,0.002580086994102837
153118,0.002471981392218617,0.0025972930034701275,0.001999121266720319,0.002363807003330068,0.0023384421988501547,0.002239059083478878,0.002349603610263762,0.0022770775315317238
153120,0.0015979701404603835,0.0016070427978434054,0.0015557650335021322,0.0014651156249346209,0.0015797437359395122,0.0017121304681930877,0.0017890209304143867,0.0016119619070853602
153122,0.0022191747335465056,0.00286779374607532,0.0024547905738597914,0.0028647773629499884,0.0024080009687621473,0.0023369094118209782,0.002548872896480925,0.002240170464521185
153124,0.0018927720526169672,0.001810912542994425,0.001887138073909403,0.0018056712487590915,0.0016895976213317093,0.0016307764532933616,0.001906590522449625,0.0018346253957324393
153126,0.0016247335544792296,0.002190709587955253,0.0021756695441345203,0.0018526022522359492,0.0018779052789131279,0.001775011996144396,0.002020071586710928,0.0018411691793609464
153128,0.0020562471519792874,0.001996747443376426,0.002214882185464076,0.002123506199041683,0.0023085867522343456,0.0020579594094130016,0.002165310702495482,0.0023273911092864946
153130,0.0015451590150817318,0.001786475853593053,0.0016193587131285714,0.0016056730519488221,0.0018598083461294213,0.0018010366851362175,0.0018572220579438081,0.0016220183146094108
153132,0.002904497196571043,0.0027184674583082824,0.0021195926222944556,0.00299956358985215,0.002507778188283405,0.0022835350138930566,0.00242224457689956,0.002799941181330645
153134,0.0018049463099595459,0.0017570661168792162,0.0018371805788831713,0.001961850493184661,0.0017007750230391139,0.0016646379922491406,0.0018077718601148263,0.0018476477498115124
153136,0.0023441259966162087,0.002764257503022949,0.0024284456022011375,0.002728413869575022,0.002537718281423587,0.0022995468658850715,0.0025224257251622723,0.0027773855977750728
153138,0.0021813427674456515,0.0025816782387124704,0.0022041238726005496,0.0022961300183023253,0.00216928081582074,0.002312171917593142,0.0023183230545301137,0.0021507977457951993
153140,0.0031521498898269412,0.002535985684458064,0.0033795659412041434,0.002751535683831685,0.0023761678896750404,0.002164890179313775,0.0024963022296021903,0.002943604351841822
153142,0.001567651075142798,0.0022371676903013005,0.0019193515719933552,0.002563555661512007,0.001878611137854591,0.0022793374995781074,0.00216990340504708,0.0024229031969748155
153144,0.0018625710306037352,0.002166475067897411,0.0018725140053597045,0.0019290641684079901,0.001838938698133355,0.001571185336361039,0.0018637435810543584,0.0017010340575697308
153146,0.0016190499125059987,0.0017333568347908251,0.001992006687604256,0.0018468388671773056,0.0019073495836452597,0.0017946770404508872,0.0020535647988349087,0.0018908215268669815
153148,0.0014343031725871924,0.001563095240499024,0.0015194212103539773,0.0014839999821560923,0.0013555907399723233,0.0013497765070289436,0.0014236403955864146,0.001494541815177719
153150,0.0016065989923630952,0.002007556924683143,0.001609621127224417,0.0019087340472380282,0.001969237709310692,0.001691424613777373,0.00186600321162822,0.002006335963927755
153152,0.001900604024664132,0.0020721396018080207,0.0020765930766622476,0.002088793613986617,0.0021603602735183053,0.002208882540893367,0.0023569808211002657,0.002143094425771999
153154,0.002213831432417379,0.002321232971586054,0.0022281004091633805,0.0026577194667383314,0.002360668875733954,0.0021420932575042517,0.0027990254285071986,0.002522173149086593
153156,0.003011091601069771,0.003104902475166274,0.0024513118744345364,0.0032687581797644777,0.003539305976746343,0.003208178546654575,0.003542087919681039,0.0031025049817540312
153158,0.0017408073205880115,0.002114257259170152,0.001820383370805756,0.0018318270798291098,0.001781242396824645,0.0017406537589131355,0.0019335348604854752,0.001816374810989077
153160,0.0023411559771081003,0.0027837498149119316,0.0025420427832933967,0.003392575438202608,0.002770483136749269,0.0023176999689096395,0.002695865168491643,0.00331090941635305
153162,0.0017931613722683842,0.002066004407082059,0.0022313561179585495,0.002263416135363086,0.002082492692399518,0.002016481390392247,0.001954719265331528,0.002253528545882233
153164,0.0021459074317518034,0.0024856682475720704,0.0021803100903100697,0.0022281496457493,0.0023432239011590555,0.002053546229086045,0.0023558759071687363,0.001990192465100904
153166,0.0015579748733908355,0.0016749495289186817,0.0013480257560032904,0.0017462634596837057,0.0015085808725005118,0.00149085005838058,0.0018849940975908114,0.0015941628147913556
153168,0.0021221574537690913,0.0022636617856855445,0.0019993651230377912,0.002210548253705605,0.001985296499791858,0.0022063826990451063,0.0021403173889594923,0.0022050418186503884
153170,0.0023104726372145112,0.002276417000481923,0.002269906056997631,0.002295167245597307,0.0024802835155513514,0.0020083879110193714,0.002608808255402162,0.0020693489482252053
153172,0.0016874205509262996,0.0019032060323165845,0.0020793549739295814,0.0018980476171810562,0.001773083607137238,0.001589462247986187,0.001530067198217147,0.0016763451497207177
153174,0.002630225597691896,0.00257037757723233,0.0024062131006708093,0.002195733750038134,0.0027075733977435235,0.0022567992335977838,0.0029002801803526546,0.002632543978069571
153176,0.0014035599703283858,0.001489691802927462,0.0013962167731144254,0.0014444699279865386,0.0014779690142421864,0.0014497739965235873,0.001412268877493142,0.0013382065146495675
153178,0.003387111414768343,0.0034034106388203395,0.0030571182455375046,0.003494109775059165,0.0028475615665435328,0.0027980688376963436,0.0030631249763937163,0.0028814403031596214
153180,0.0027015741806019206,0.0024996417144168698,0.002663957455312449,0.0033101184933653216,0.0028589867870307817,0.0025642867942448633,0.003463666448107486,0.0027990435607728875
153182,0.001601014560310754,0.0020068395902692604,0.0019161387292904314,0.0021260414472954597,0.0019372239451677237,0.0018639494425688602,0.002174738623122119,0.0022423580669631016
153184,0.0021568837766175464,0.0021511719746323266,0.002353454321595061,0.0020614696168600594,0.0021806823547593363,0.002295492074035066,0.0021893271132933517,0.0018607945771653839
153186,0.0021713977753443775,0.0024901478391792242,0.002340516493749334,0.00254921934490783,0.0023187779563250133,0.0023959195775052344,0.0024148548169495992,0.0022767920480672027
153188,0.0019301484595364432,0.0019585610440126106,0.002032725907717539,0.001956782224147094,0.0017993963365570687,0.002099530233195035,0.0018721110199715896,0.0021623304801621362
153190,0.0017975302390462744,0.0017173929975342617,0.0017065223519008438,0.002107385789243979,0.0019996406452671422,0.0016487933464057747,0.0018621269985402145,0.001717874083652371
153192,0.0024585454780462618,0.0019676044168273066,0.0017272551045695167,0.0020150807883517197,0.0020997302926792916,0.00202154426910206,0.002200725568782605,0.002020666690762063
153194,0.0019354541879599424,0.0024314410750465726,0.0024649984334993574,0.0024761505491133345,0.0024695759984388332,0.0022350678624008524,0.002750133206666852,0.0024584545997170665
153196,0.002416195772084531,0.0027324242366666973,0.002221985240358715,0.0025167112482106374,0.0023393981486017484,0.002291321383446357,0.002956929518819776,0.002263570684371677
153198,0.0025881118003932,0.002704668082490258,0.002507634543721951,0.0027295998154832635,0.002572737458792995,0.0023301196886402753,0.0023557677805735727,0.0021714227726705865
153200,0.0017288730847475758,0.0018504613240492157,0.001963649773362386,0.0017383660573964121,0.002035936507344696,0.0014945242451393087,0.0019096133479395427,0.0017987358561164513
153202,0.0018832603294269834,0.0024915589982719283,0.00240081368801838,0.0024733336670412914,0.002301427268514511,0.0019257738876569258,0.002385021507969723,0.0019723130851054954
153204,0.0021329714563672747,0.00192863289310502,0.0016322498741267039,0.0015314083957407854,0.0017768443868765443,0.0017813798141343012,0.001748064444806477,0.0017790293564781123
153206,0.0016074293109503146,0.0018148398492679463,0.0019470933780907501,0.0018090157642514648,0.0019656900206155847,0.0016852965746286253,0.001970862748764693,0.001876318388065512
153208,0.0027717197682301103,0.00300179974211702,0.0031194566865523493,0.0031033703136253976,0.0031174163161013096,0.0033609211266397154,0.003514002757643908,0.0034188693647332347
153210,0.002603479480331794,0.002221775224725775,0.002260321658313025,0.0025245894168791083,0.002182696960844943,0.0023099028877372613,0.0025987436933544578,0.002016700205223834
153212,0.0011353161991883298,0.0016648754118314818,0.0013716303764899213,0.0016563717210939105,0.0017381532738637434,0.0012882024011773435,0.0016860429652779119,0.0015695443350591948
153214,0.0020960293706535765,0.0018778252081422253,0.001843730833322399,0.0017794570827252137,0.001869265244276011,0.0017935387305024891,0.002060080527739372,0.0016892230934539842
153216,0.0017862302309691463,0.0019882737534021033,0.0020502006563800773,0.0016404355902416429,0.0018116006244248695,0.0015501424233121952,0.001702182896722873,0.0017057514399434481
153218,0.002023891554507898,0.001672400728498627,0.0018536488013292662,0.0021776390687194974,0.001902499142135819,0.00162519697801157,0.0021054971898346597,0.0019210532132896696
153220,0.0028921293980222473,0.0032392591396658427,0.002668324279933923,0.003483584397957762,0.0027306622089585814,0.003023361880881481,0.003346727181868181,0.002933548002767919
153222,0.0011066428962913794,0.001383000615041985,0.0012130201878977065,0.0012569172636381354,0.001202465312929668,0.0012450664359320435,0.0012604071978174064,0.0012524803694380915
153224,0.0014681975227842786,0.0016241777136283414,0.0015263408189915145,0.0018013620617873816,0.001682136036340376,0.0017296498231523239,0.0017219428478943422,0.00163319217684256
153226,0.002691160842313925,0.002797338990450149,0.002031922814048015,0.0024040857781372355,0.002606646801374693,0.0023424568418320413,0.0023729595018538024,0.002511430379787419
153228,0.0014748259410973935,0.001781768196057243,0.0014546791245296925,0.001578314932382932,0.0014104198423771225,0.0015068505636355867,0.0016289864325715886,0.0016461451262387433
153230,0.0023387718767515914,0.0028026242567504855,0.0024796301269830595,0.0023796444838730807,0.002646200514819244,0.00257986939055134,0.002871067211196454,0.002549758060667165
153232,0.0023913437856754177,0.0024593483095692314,0.0024328042662043053,0.0024677765152199133,0.0026182719562692913,0.001990275561498722,0.0026083862430344024,0.0024143038223343183
153234,0.001890782649718814,0.00225436863572194,0.0019232894771372688,0.002039736443553722,0.00209755541348855,0.002065721979604987,0.001975259398543594,0.002404117925786445
153236,0.003062452048120612,0.002936165947786687,0.003521585341698122,0.003252172310723736,0.003793410820662757,0.0027939392837703636,0.002593689299612914,0.003455571862925888
153238,0.003706761068911338,0.00443083667198696,0.004319468915637226,0.0035767594711442335,0.0037033193838880707,0.0035641857556909518,0.0042239314188786126,0.0042956401522256105
153240,0.0019349428859758572,0.002089331323796309,0.001812654879094433,0.002046238303607062,0.0021421294651625816,0.001983020149655401,0.002093701289807237,0.0020113814202036284
153242,0.0019146994192923567,0.001877379038575988,0.0019288161301350137,0.0022631162686226475,0.001978414697418898,0.0018187955582083526,0.002332755224312477,0.0023923571325102366
153244,0.0024002989749678655,0.002276651623789372,0.002510336123141832,0.002506843639576442,0.0026008099163929987,0.002465760881116774,0.0025541308349225217,0.0024172077767859457
153246,0.0013080057739083828,0.0015011445001139045,0.0013819908518345608,0.001339088915587594,0.0014663521609621505,0.0013284598268493847,0.0015675543182391977,0.00154848166623546
153248,0.001895150078212296,0.002038137738109694,0.002058070610820431,0.0018959736885686973,0.0022345560907489764,0.0025342270490758545,0.0022778551469838787,0.0026163394304990484
153250,0.002225706057777055,0.0022557421217595103,0.0024321560597507924,0.002149279395021131,0.0024030436531812804,0.0021871003817450774,0.0026929035082491476,0.002253931769466755
153252,0.0019227611625073499,0.0021534560632696653,0.0018748357229143725,0.002038051294001031,0.002024428555456606,0.0018279317559686398,0.002443019386292114,0.0022217787366112796
153254,0.0025896732893477964,0.0023008171791128046,0.002428057530528216,0.0025583113905825045,0.00235686507328893,0.0025173762325927385,0.0026192747112286363,0.002234486708463379
153256,0.001835370314210008,0.002175352264989494,0.0018831875809978277,0.0022784451139195583,0.002230225814416009,0.0020471065843006286,0.002194585281628872,0.002282672776027006
153258,0.0021105514237275275,0.0019135777586678504,0.0019923402327501893,0.001996024054090606,0.0019767189702692006,0.0017711838594631907,0.0018990764024700568,0.0018250927164548264
153260,0.0019224759615848463,0.0019183975855048413,0.002082741921544798,0.0019742591730462916,0.0018198465007616266,0.002069095777025076,0.002282367720949377,0.0021539273418914734
153262,0.0023548974337919137,0.002420864918792953,0.0021999185991777304,0.0022210107533249396,0.0021879900322877704,0.0019038230028469716,0.0021591134251162103,0.0022724199541780538
153264,0.0031300090952479653,0.0025298458706954907,0.002575951070673113,0.0024243102153971435,0.0025595494877441727,0.00245138749616515,0.002550381115780667,0.0025901567298781125
153266,0.0020822427982031405,0.002221842653412409,0.002109090803406946,0.0018277068704714156,0.002065804267632254,0.0018068976446281582,0.0020305272663959095,0.002150024166315545
153268,0.0021035817576944282,0.0023221340557250253,0.0021635914262185807,0.0021662330150162834,0.0022614049982406237,0.0021448717908457843,0.002149045212531897,0.002016442915005412
153270,0.0017804459839611125,0.0017986571753809827,0.001622383816599418,0.0016558756775504474,0.0017140158681439172,0.0017221935951261674,0.00174791866222547,0.0016230531100367568
153272,0.0016014110813964422,0.0018236485703349153,0.001790784234700915,0.001789987897864942,0.0019509625425989108,0.0017995338202171501,0.0017874478030300983,0.0018948439055761629
153274,0.0018630865085703108,0.0016686298620707252,0.0017096379316246108,0.001971991808140894,0.0017588323542617884,0.0018289760939484007,0.0019618052824945664,0.0018308651339504767
153276,0.002715439050102797,0.0025527020636189612,0.0031317350249970843,0.002871332698331855,0.0024792027438941405,0.0028703746070588704,0.002534945735051475,0.0026223466994821365
153278,0.0023953313654179326,0.0023117739061612325,0.0022606007936796235,0.002786582835012874,0.0021760858995112514,0.0025115356739631306,0.0027004384770643597,0.0020994523969269374
153280,0.0013600427310516694,0.0015951038800161715,0.0015787631032804367,0.001477008474673136,0.0016179543576442385,0.0014819209882822038,0.001713667943977773,0.0015146089620169528
153282,0.0014502982985020868,0.0017676661999144333,0.0019421640640546745,0.002016954165760476,0.0019765225408710507,0.0017668352469373816,0.0018331235714908467,0.0018488966459174194
153284,0.0016654284431760757,0.0021640565339909323,0.002553892866873922,0.0020783874897017385,0.0018683518069723265,0.0017264330868025368,0.002340621025642753,0.002062522484108778
153286,0.002183638635631771,0.0024250630425607517,0.0024932261310357667,0.0019800438497077355,0.0022391355878654956,0.0018763913264339127,0.0028901531753200566,0.002520458959548444
153288,0.0024293595471971963,0.00255470057245738,0.0024674060385985186,0.00243080590703304,0.0022011369740235764,0.0024596076968643743,0.002991385620036438,0.002504640584962914
153290,0.002090013180754538,0.002194294546864539,0.0022742355827889416,0.001967512211051417,0.002228547778698131,0.0021700495217030907,0.0019034208879453868,0.0021016456787360666
153292,0.0016361732078319507,0.0022441461185874895,0.001792339903537013,0.0017415242385792618,0.0018653833902884664,0.001811511198158977,0.002266674832988161,0.001885892503773745
153294,0.0022473598376776677,0.0028775306162237696,0.002842319080365918,0.0027461204018736224,0.0021718946241913173,0.0020505329653994764,0.002827145483328533,0.0019526620038003012
153296,0.0020158561272085596,0.0029280519417795997,0.0024424898582982163,0.002738380003286578,0.0023818853246097144,0.0022997237239214124,0.0029193537421798865,0.0024873527311231047
153298,0.0032948210815542667,0.0026011203576540437,0.0021641334791413502,0.002468169228593775,0.002860456196707384,0.002381274841845249,0.003277234555952871,0.002756416853807231
153300,0.001979173006769766,0.0020627370150872043,0.0018737248342816232,0.0017820257779411902,0.0016705094341951665,0.0018813635099315107,0.0020400615095731572,0.0017338686935128994
153302,0.0021632656726000565,0.0026346469202371964,0.0021213832087916273,0.002119552489433296,0.0019450361914261638,0.0019523446358689217,0.002324552409880401,0.0020519053325512987
153304,0.0027729711922084427,0.0026029632477203024,0.0025854467194417335,0.0026004102078083235,0.0027126168266013023,0.0023522649542628976,0.0028139515494097905,0.0025483835452816544
153306,0.0010150200469428855,0.0011412611340146928,0.001010940899745863,0.0011143274833994021,0.0010241753424358735,0.0010710686797028718,0.0011799657742468522,0.0012567569323419653
153308,0.001202039313927608,0.0014804502765797395,0.0014980028200435452,0.0012638715094753922,0.001440560891719636,0.001274687427784471,0.0016253624809752787,0.001218032254519788
153310,0.0014527221563318538,0.0014531470152514547,0.0017113653794777056,0.0018984524104439515,0.0018510712887407355,0.001713730246950665,0.001947525726003152,0.0018502363388057802
153312,0.0012551071973402467,0.0013531802823330136,0.0013260342830739985,0.0015576690417841293,0.00141669232197085,0.0013518445010609614,0.0015856870321331318,0.0013755058745881232
153314,0.002739187905418883,0.002611351326299985,0.0022697867879829664,0.0032832649703419398,0.002610973650865059,0.002805793627545086,0.0030833360293530815,0.002084119240903362
153316,0.00287451910188552,0.002650538574750297,0.002177430464102584,0.002676789951344072,0.0029363855756501384,0.003205827977844855,0.0027157434457092955,0.002938536263197858
153318,0.002006219161015968,0.0019365238796776318,0.0017276034761979364,0.0017983421536920674,0.0018280110744086642,0.001850446260507399,0.0019581271431565878,0.001980701998542403
153320,0.0014733367343647968,0.001673162543901055,0.0018024006810160031,0.0018151391714269632,0.001631613597321127,0.0016107694756911095,0.0016395940739744597,0.001568834523803242
153322,0.0018947946089043072,0.002334612433478933,0.0019079092968732475,0.0023340022803565313,0.001975319334032846,0.002218871494744437,0.0019579992241160055,0.0020847189421469015
153324,0.002565160291189153,0.0022823410251506804,0.0020039361803175226,0.0023412284381725407,0.001761235723434007,0.0021576973506271108,0.0022078909764827875,0.002154003069383459
153326,0.0022087911479964917,0.002121601122503494,0.002109334775327376,0.002228137688242704,0.0022992921308079423,0.002048103851183536,0.0023552995017264156,0.0018851108750555512
153328,0.0016362256472041287,0.0016230212929641136,0.0016637945448903096,0.0016648596035995361,0.0015146547762846657,0.0016481423589453925,0.0018442049824971551,0.0016784033471731186
153330,0.0023394932858378376,0.0023280467715976055,0.002050589646174217,0.002288307319420327,0.0023484054679026034,0.002061849863095336,0.002554729945975831,0.002239675033768443
153332,0.002714427756096552,0.002388548266155033,0.0022693675964582383,0.0023925732389077498,0.0024666366760179997,0.0022983151222180087,0.0031759875845649987,0.0022218770705322854
153334,0.0016526468446543263,0.002104284049958563,0.0023126914259919418,0.0026091176513479836,0.0018394432265802507,0.0020782981582362497,0.002493556499286523,0.0021760640033697265
153336,0.0027788743423003,0.0032352429735545,0.002634204850339286,0.0028126913063610814,0.002417032318153281,0.0025448767129288563,0.0031767547592903705,0.0025470567786151227
153338,0.0017428316102497399,0.002026779526842548,0.0019142273755857891,0.001966566152605209,0.0019966026218676824,0.0016970787880057348,0.0018818130615303602,0.0018604208133644051
153340,0.0028997156555117393,0.0032560914048365697,0.002383692142846741,0.0028220358211762525,0.002961386172461569,0.0030379403478251327,0.003473120562522816,0.0032361270453562657
153342,0.002020359248462944,0.0021330605787808765,0.0017812480569295297,0.00190601311244544,0.0022971536988372065,0.0018534948313458366,0.0020283902145175198,0.0020227638163030637
153344,0.0017629755867696467,0.0021476869985277564,0.0019430388789951625,0.0017710553018158853,0.001972175439041171,0.001828364683569783,0.001680087461013946,0.001994873159960664
153346,0.0028108680301741767,0.0033878906667441644,0.003020412150424312,0.003088794093301317,0.0030642945300505264,0.0029208474406262064,0.0031313510270181283,0.0029635638408305326
153348,0.0021992766939754743,0.002420470488759874,0.0025012265904875847,0.002804207337364209,0.003277581756009132,0.00289482099898436,0.0031979092257839042,0.0025578689895420365
153350,0.00260935855904898,0.0028740549487250022,0.0027685720584367246,0.002628878837922566,0.0029358026109011087,0.002445161282650654,0.0025019029422423955,0.002647708118822756
153352,0.0019159720755566045,0.0021540933216947084,0.0021751865106068996,0.0021854811456025747,0.0021886090263184693,0.0022334834272119825,0.002459450289267251,0.002149996874181173
153354,0.0025939951414799683,0.002299182452588866,0.0024309726811156396,0.002131315976265938,0.0023277915411907962,0.0022704456464529704,0.0022098347502233495,0.0020936702665595025
153356,0.0012233386848168326,0.0014097251579636705,0.0011903288544959367,0.0014825950813843747,0.0012604939592814196,0.001214278791369497,0.0015861406993523813,0.0013140481099880308
153358,0.0018006471571907628,0.001985540507467798,0.0013727989391044831,0.0017976746011290207,0.0018263931913944376,0.0015231455355382284,0.001731160423317002,0.0020159772246524654
153360,0.0014465530969276635,0.0016013347547252366,0.001564836611165854,0.0015273230888324246,0.00139652636915856,0.0013716135444339361,0.001481343111364844,0.0015466908181817202
153362,0.0014782611901589804,0.0015619283872614909,0.0017433588648486792,0.001766228677553286,0.001459141691144708,0.0015124556037484638,0.0017023636482949162,0.0016350366252446819
153364,0.0019701834179448735,0.0020025679493136522,0.0018721068291514126,0.001823466899177062,0.0018401168911010846,0.00216603917439441,0.0023882038110656367,0.0022014533313048507
153366,0.0013690582025872727,0.0013860448767888528,0.0013728483531628144,0.0015033556585010294,0.0013246740071528595,0.0014275976433317794,0.0013704024594441422,0.0013226350376132623
153368,0.0023758076231686354,0.002729175538738693,0.0023323173041944895,0.002871862910875503,0.0028277076539930945,0.002617890349784338,0.002580481731442999,0.002544848899532548
153370,0.0012881117498376171,0.0016452018134654467,0.001347729515929777,0.0015083597912757402,0.0013840428999262328,0.0014642142950856002,0.0014858759413206024,0.0014641182190189284
153372,0.0015775270873628205,0.001543622701821748,0.0014658885771154928,0.0016361771256870328,0.0013817742648088022,0.0015795589557843354,0.001771746118820694,0.0015320286176229297
153374,0.0043962883542514875,0.0028986373130510806,0.0036754735018142,0.004076892019290457,0.005193717991952562,0.003938393397440232,0.004505384549450042,0.0037069084952543463
153376,0.002433380154692133,0.0023183628745926527,0.0026027074312345994,0.0024713002080858915,0.001951730714076838,0.0022826165333014736,0.0024892474348848226,0.0025628842279354913
153378,0.002401699415649619,0.0024926476672804676,0.0018447406332234295,0.0025140622756245623,0.0020353304194173916,0.002019681149626487,0.0019332678620383043,0.0018318790582450006
153380,0.001896034030981264,0.0016756146332133626,0.0020472801951178093,0.00183186024388661,0.0015342011126497912,0.0017945804578594626,0.0018406941420093248,0.0018127586084416697
153382,0.001620488934575573,0.001732213336290478,0.0015257089446132355,0.0017471484205897614,0.0014857650849651183,0.001615861096288862,0.001609136019999069,0.001736821265441224
153384,0.0020501982948895048,0.0028442606054977088,0.0020222417782816415,0.002441273413356773,0.002172304714861531,0.0020351879026927477,0.0026550778972405653,0.0020268160881592584
153386,0.0014570602813780559,0.0019370599840591446,0.001726777660263426,0.002057044562342583,0.0019431154018315772,0.0018052774211522321,0.0022468936317071725,0.0017023811706411984
153388,0.0017168304777950838,0.0017540199294008435,0.0019136696696691602,0.0023794155150991397,0.002083645799791714,0.0021779224393283503,0.0021719605972153055,0.001866122296053041
153390,0.002031031905024419,0.0023797226265314664,0.002112635085311801,0.002571097215009824,0.0020431179246798714,0.002267279314845397,0.0023159567069284126,0.00207420761306093
153392,0.0024564926286141514,0.0022285935029566772,0.0019872160996872723,0.0021626492336779407,0.0024535729145603313,0.002073818425210941,0.0022330992889563195,0.0021433200054366136
153394,0.0025410132352904485,0.0027004837767245077,0.002130501545369881,0.0028257092108902176,0.002661545714018901,0.002577892835394238,0.002520112226905971,0.002611674199535244
153396,0.002540207320996371,0.0024675655510970756,0.0018381777228269197,0.0020869725894635677,0.0020880768887061724,0.0021951549402611376,0.002070767942484189,0.0019668142933224747
153398,0.0021993207193208436,0.00255748879638773,0.002471039834601299,0.0026192228530331207,0.0024249382970385064,0.002216145031615435,0.0026101647102266257,0.0028657819828862424
153400,0.0013115267541117248,0.0014340765991517485,0.0011545201989627274,0.0011953652225505373,0.0012607312459734232,0.001244888986473791,0.001457583623501027,0.0013287634472478743
153402,0.002004566931043797,0.0017819751407160411,0.0019799954461011127,0.001843421805342027,0.0017643726650584668,0.002211263974495614,0.0020339884726581353,0.0016256370362344175
153404,0.0020973315727701447,0.0023554152110885074,0.0022137690331725524,0.0024518822017205455,0.0022914590495272252,0.0018410061380996212,0.0025678688882364714,0.0023286518313972437
153406,0.0016407548737645966,0.0020150965077187083,0.0017647269506613217,0.0019198719095003813,0.0018295299243309554,0.0018046987877780168,0.0018841175733936982,0.0018697346111054003
153408,0.0018616682317340733,0.0020930873449735016,0.002021848451395414,0.001853593628016681,0.0019096406970798285,0.001859877749732286,0.00205511448690765,0.002126808295362506
153410,0.002705243130478374,0.0027831279623313915,0.0026529545351184347,0.003145115410928115,0.002986893004017832,0.002711163009294637,0.0030680228372792634,0.0026139897242760807
153412,0.0014330585093811354,0.0015094346758757343,0.0015054337289970854,0.0016898025114651105,0.001724733013544491,0.0016855079332411954,0.0018112686167446462,0.001559559208547237
153414,0.0015634531588571005,0.001625245336445369,0.0016099134822222944,0.0017380768613500935,0.0016727767389007747,0.0018180841912624063,0.0018347048592649018,0.001654243745812925
153416,0.0016350971807926329,0.0015498804789661064,0.001592430767251296,0.0019627396325967578,0.002063109594605317,0.001749312567509223,0.0018789915688022796,0.0014819350422757976
153418,0.0022157062736451044,0.00251609755193595,0.0021597200112069004,0.0025125286094863086,0.002099000428869291,0.0023152690501997975,0.002228792584810846,0.002153504468088707
153420,0.003180322687521678,0.003114287575399999,0.0028636022729000704,0.002597767661075015,0.0027376291354821447,0.0024663750682668018,0.002860545058691058,0.0023772056243487466
153422,0.001999671630211877,0.0023588364293441466,0.0017400830910841436,0.0020299699872175503,0.0018587163738449514,0.001861214342915432,0.0022131822428497205,0.0022068632337081256
153424,0.0019640284831146243,0.0021801761524644636,0.0022812839970281495,0.0020850883983297153,0.0018055047215555092,0.0019983275041557946,0.0024659810177169034,0.002103652494234179
153426,0.0021490662815255718,0.002181595058956598,0.002094438756201647,0.002175016245384978,0.0020911997135044658,0.00194901415877613,0.002455447696460014,0.002193412687806831
153428,0.0038336105723522085,0.0036684728319653775,0.0035047612986188192,0.0041250453049795355,0.004172609182143072,0.0034052899230446187,0.003769667685849021,0.0038044444924890813
153430,0.0015801062207117106,0.0015410135711651507,0.0014465754834214195,0.0015184414851914796,0.0016249645071370195,0.0015783995885899765,0.0015411709283983388,0.0014039449161808992
153432,0.0013385259663576538,0.0012686464163191996,0.0013180012990466339,0.0014088980828498437,0.0013481879769645794,0.0013473933789543424,0.001459847875596998,0.0012702450093428214
153434,0.0022995783068167075,0.0023848897918763573,0.0022832484138788495,0.0023895657552730487,0.0025549186183699973,0.0021273690889900415,0.00313561843745315,0.0021494185980332065
153436,0.0035766743640488485,0.00347519379901412,0.004137706244585537,0.00262146809638876,0.003260149414467728,0.003814484531577955,0.003478147724900238,0.003496664627072446
153438,0.0026809878868938597,0.0028696553452774026,0.0027197635328599645,0.0023588125467297605,0.0022165501584747865,0.002331795236233669,0.0031099898357569433,0.0026571395068754194
153440,0.002028297601934917,0.0021500027471574867,0.0020355371447606935,0.0016910498834512566,0.001726657535512502,0.0016867191420466554,0.002264489225511035,0.0016490480893099346
153442,0.0021275364479783065,0.002077816209041572,0.00210548214735784,0.0022316595046936727,0.0021144631580943263,0.0019328885266265555,0.0020123010973593924,0.002097365352845007
153444,0.0023275535784021,0.002239218087147901,0.0022111252354233835,0.0017248840147389283,0.0019068355008294985,0.002199572301176192,0.0021221056271099187,0.0019997256045598683
153446,0.002397347559388599,0.0024841506949480063,0.0021341295045864683,0.002588294120412518,0.002210698534952593,0.0023271463379859747,0.002447299325979202,0.002369981784955455
153448,0.0015313882778107551,0.001638112516501311,0.0016225536780068023,0.0017678024660288671,0.0015934804707740113,0.0016191041753371854,0.001712333636912311,0.001774486567102121
153450,0.0016935886273684725,0.0017381585544653522,0.0018846564014008,0.0015447510723912844,0.0017043765409178319,0.0015023652441508717,0.0017687925108594293,0.0018696904745836435
153452,0.0021142620553704777,0.0020853867767996054,0.0021322172593801897,0.002155985943442032,0.002002375907491208,0.0021718612908339097,0.002165778422159051,0.0020382917948012086
153454,0.0020737200312762744,0.0024355843751946993,0.0026787840040736755,0.002153161151377106,0.0023413463249868927,0.002068076131805943,0.0024014127958802423,0.0023429086956218287
153456,0.0019955966735176744,0.002151396596676902,0.0018871241564613062,0.0022580516670239192,0.002321890638070659,0.00237504541542867,0.002482688177247186,0.002393064525511704
153458,0.0027224304703082347,0.0025549363185328744,0.0024513941361776898,0.003143182787203061,0.0022621923361123564,0.002335367045783132,0.002826863032483695,0.0024791029522797103
153460,0.002025941390404587,0.0021191542685561476,0.0023794438630164866,0.00221943832947602,0.001991216666153997,0.0019453851693512214,0.0022852464436164954,0.00218275439545014
153462,0.002375238951594305,0.0022980015232643702,0.002392343648960696,0.0023369267001530775,0.002309405175427562,0.0022696313170078725,0.002669461679817575,0.0024689406811640446
153464,0.0025254823363131257,0.0022515104943113956,0.0019597159292296246,0.0022623301874859086,0.0024155329377998497,0.0018325736626834677,0.0018728183686675948,0.0019088915967819947
153466,0.0021477018457365937,0.00249616673119514,0.001931191145558897,0.00258232524789527,0.0022464370086555108,0.0018935102026454431,0.002648282830959428,0.0020986078979101652
153468,0.0010418359406466765,0.0013643082739390189,0.0012893033073159282,0.001240958114394633,0.001302402430698582,0.001147718031263692,0.0013666054980721598,0.0010724943783669283
153470,0.0019753378777938174,0.002012365602954827,0.0014151181326804707,0.0019017023824707963,0.001616082132456731,0.001675384988059761,0.0018260824360547545,0.0019045324149603027
153472,0.003419606949179879,0.0028792530461521637,0.0028766701939295647,0.003225029823570813,0.0025675313680230266,0.0026594624156231483,0.0028997321049963887,0.0030934298042579883
153474,0.0018399177829126062,0.0016920935937428383,0.001779072095363432,0.0018746850691864214,0.0018502574906820307,0.0016746519367451113,0.0017649059848281468,0.0017045414134026077
153476,0.0015887051826910525,0.0014264884300042718,0.0014588829988559926,0.0013884674820352633,0.001696690542171711,0.0014394915984389384,0.001507315661946118,0.0015359187260921559
153478,0.0045061317284412206,0.003927400949951476,0.0050522953230292544,0.004251264562911639,0.004876579626951261,0.003867919985550694,0.004626890825863095,0.0035760937913509455
153480,0.0013525110762148268,0.001393502874791397,0.001470744290518411,0.001409503611174756,0.0014595968061712483,0.0012826966517068272,0.0014217583637601283,0.0013653055009804765
153482,0.0023959243185035645,0.002231347671291184,0.0023169295677864105,0.002604922770249374,0.002390858868951684,0.002350571230265844,0.002175244541297028,0.0026141535255647247
153484,0.0014906015146909507,0.0017234259537240448,0.0014209325402072537,0.0016158116797011651,0.001679026395291508,0.0014034804195726114,0.0017838101770911857,0.0016766676036761852
153486,0.002404844227682071,0.0024769766442102187,0.002667967521180259,0.0022239805325435236,0.0027539542234733677,0.002373528263493796,0.003177123892783351,0.0024396255844474357
153488,0.0024499324437159964,0.0026212331150439333,0.002206774332600983,0.0027190991395121267,0.002739965896760857,0.002090609641349994,0.0025399940342261257,0.0023535475754968282
153490,0.001792872701094128,0.0018535253040641436,0.0018154823271925857,0.0018391371143012258,0.0018685556683719629,0.0016042131704990248,0.0020535452161930673,0.0019235979392659974
153492,0.002104852804612603,0.0022954574483709106,0.002058914014107849,0.0020850877179015015,0.0023257157078149376,0.0022630872045809186,0.0021178531943856355,0.002202093106647554
153494,0.002210067668251617,0.0023283077681436476,0.0018312958580618682,0.0021592048230481,0.001724955185626445,0.0021957379395305537,0.0021408368689321833,0.002082701799065459
153496,0.002011071678025847,0.0019417237756620548,0.001829241526932146,0.0016952475165423753,0.001525259639581833,0.001671187057967885,0.001775436413771883,0.0018081856024410592
153498,0.0018601920100285718,0.0018621800481022494,0.0020704790872228124,0.0018317817986199941,0.0019540901493280693,0.0018783453757598295,0.001981115842821249,0.002014634651459346
153500,0.0019103860365339426,0.002344925800163225,0.0019583394716121832,0.001850501707463828,0.0020153289608340064,0.001790849815855644,0.002066529014857821,0.0018537049378097997
153502,0.0019104801504568059,0.0018077474679027011,0.0018653753455170202,0.002190716911176907,0.0018924796851532838,0.0021572277360206726,0.0019315185775848343,0.0018315687931170915
153504,0.0028191207453814315,0.003441413062433299,0.0028545609195301247,0.0026029005278049994,0.003239922805634343,0.002921261798246713,0.0035244408144627926,0.002564492043223565
153506,0.001660370370700548,0.0017687213813106922,0.0016268806352515292,0.0017873652746958207,0.00186709539033382,0.0015888239726911113,0.0016616144266024119,0.0017981364723727161
153508,0.0013195957668937913,0.0016484173189163093,0.001251444852358452,0.0018146640129765856,0.002026773153802744,0.0015878331031286136,0.0025423489459584087,0.002137126056835928
153510,0.0019710102722937523,0.002092960203854466,0.0018541755553356243,0.001556328148271613,0.0017126546002225324,0.0015620034744902173,0.0017015236037212222,0.001822962976121778
153512,0.0017165316573675704,0.002003549973715657,0.001770139228527992,0.001837673048582858,0.001794453263183074,0.0015014401125515442,0.002049793150712423,0.0018183644004882288
153514,0.002283175075647473,0.0028967438792864564,0.002450286116345693,0.0029026953779274223,0.002388589777219119,0.002580924569569168,0.0025572484113345895,0.002523798089043794
153516,0.00137077234916462,0.0016891275541495165,0.0015429726267349175,0.0013881143659755374,0.0017192667722204652,0.0014589632507756023,0.0017976512248185778,0.00160268326153018
153518,0.0031940830021982697,0.0024763144223738515,0.0024125754619080397,0.002649922579324185,0.002524005080040817,0.0024043674426899586,0.002554082637966762,0.0026519411326869774
153520,0.0018046883428418092,0.0023191568360419468,0.002448067878965246,0.0023157896234842767,0.0023224166228965615,0.0025593757214910223,0.0022393591150816766,0.0023567352220959514
153522,0.0028550306618063126,0.002772864869036662,0.002828932817042551,0.003419375601372343,0.0031272602633549695,0.0031990414417757407,0.002591945283183572,0.0026735294329994913
153524,0.00207764232706964,0.001830648993939088,0.001611988829364766,0.0017452149996489141,0.0018169089456587934,0.0016815768768908002,0.0016820981450047512,0.0018601942594310833
153526,0.0024007607539889286,0.002835745388968261,0.002803258539893827,0.002293754687761107,0.002538077859093338,0.001946605194996176,0.002340462786891165,0.002466661468419895
153528,0.002139804520349245,0.002243939646400017,0.0031806756406583953,0.002731826057027542,0.0029235378662484934,0.0021516582097469567,0.0025752020189245273,0.002447464453325665
153530,0.002941346749370022,0.002775285697396282,0.0032026113190976174,0.002821567613954523,0.0024969872228842865,0.002726186684993262,0.0031379043145624147,0.0024794802419143697
153532,0.002237090867144076,0.0024378315303330567,0.002054010835665032,0.0025638197325159595,0.002494731939436612,0.0020798024435675494,0.002586500764789737,0.002121324528429183
153534,0.004901540793884829,0.005531801857856566,0.004796580359461622,0.005001334497847731,0.004812123723705819,0.0045227436740363225,0.004938628156669955,0.005204572081098036
153536,0.0018810862432011022,0.0017719631440658024,0.0018797205665882638,0.0022583441167123297,0.0021175243883409522,0.002038141101730742,0.0019177593335552162,0.001760912115426741
153538,0.002473713481951023,0.0022191698197896598,0.0021203047864990637,0.0021825277942167376,0.002141118869192715,0.002228644503644586,0.002367120121616273,0.002074182503065458
153540,0.001888258758709363,0.0021228346907243983,0.00206812661679856,0.002248258480148771,0.0022291534873062346,0.0021356576453832737,0.0022442216509571816,0.0019588073601859435
153542,0.0032357926434981032,0.0038210243529040455,0.0033464246106815754,0.0033101690753136737,0.0031565402785514035,0.003580339787419895,0.0033537138252496407,0.0034512377006978984
153544,0.0011371153852204885,0.0011222485583429198,0.0010612311113295109,0.0012263610878288228,0.0011985589770289184,0.0011875643083325699,0.0013158253103232043,0.0010676618268883886
153546,0.002801139809904818,0.002802246403271147,0.0029007368156195312,0.0030777104281873996,0.0027902330850909096,0.0025216220158708197,0.0029471982550808296,0.002433257033046546
153548,0.002400559244954137,0.0031064433200623243,0.002281575100209432,0.0022100855316447565,0.0027944197657456815,0.0022929397562299614,0.0026132332574705514,0.0025743672627510095
153550,0.0018341993856579308,0.001646690805401363,0.0015955160367764898,0.0015792575267414982,0.0016123983748672632,0.001468808808469113,0.0016625247620588035,0.001591026549324026
153552,0.003082275357088951,0.0034755671439121727,0.0039217896400783325,0.0033565103497616017,0.0029494852121090404,0.0028515809472611786,0.0030656511784416113,0.0028326023641337544
153554,0.001355029269037425,0.0014529314540660115,0.001543305988976354,0.0016174320389348296,0.0016686907321796784,0.0016628197557118224,0.001599342854754618,0.001630363978585514
153556,0.0017317255956387362,0.0017213669095159784,0.0018031162499659303,0.0017168076331666171,0.001769287010422227,0.00173319956974205,0.0017581909206879076,0.0014898332890176391
153558,0.001717843203187519,0.0016750318592912011,0.0015004511952989574,0.0016378396234532216,0.0015757171506915052,0.0015292649760765276,0.001592917513103656,0.001624566281724707
153560,0.001985654714850904,0.0018765978852572918,0.002094254974110976,0.0019951343951242345,0.002097305981985445,0.0018811583047334685,0.0023406019213637747,0.0019577691122380086
153562,0.0016146935693917147,0.001615033992104442,0.001617125818988152,0.0015278219140429372,0.0018226245214525982,0.0016856617959639664,0.0017355388088209495,0.0016988784959242609
153564,0.003826785282769196,0.0032186000124126424,0.0030235146900817883,0.0031755794702506557,0.004519604567049251,0.002978132985382978,0.003666946357361811,0.0031800176509456796
153566,0.00213976591982247,0.002430317005414198,0.0021955961972569688,0.0015788827052113513,0.0020171515901348247,0.001894798176405088,0.0018980479417774476,0.0019230950672111252
153568,0.0018283420643023934,0.0020223503351970984,0.0017977943281286546,0.0018596913911359536,0.0018236603426836084,0.0015683196053248999,0.001536234388046523,0.001777969533526394
153570,0.0023367613830954093,0.0026539324351496085,0.0023773411241043707,0.002498668460571063,0.0021740469030585713,0.0023820464120239415,0.002679709185077553,0.0024497801400091973
153572,0.0021290158164558037,0.002511520738484721,0.002243862707056954,0.002110183140949365,0.0019234734404511983,0.002064418457942155,0.0020802723894731145,0.0021219858447365514
153574,0.0015015766699201377,0.0015547163716595064,0.0014610417469885922,0.001538077905572699,0.0014711974961923446,0.001262955471608207,0.0015995448793809791,0.0016489316070367327
153576,0.002404767135104402,0.003389283743303828,0.0030614382596497874,0.002755186378768981,0.0028184791324727954,0.002675242103837905,0.0028119789137976,0.003383900385700578
153578,0.0027023251228719403,0.0023653090879494215,0.0019319318364177107,0.002129750192084112,0.002188302655155072,0.0017904077968804999,0.002360459282828631,0.0019345745282079024
153580,0.002411622602860375,0.0023595616499317296,0.002449597603063014,0.0026089353604954457,0.00273282890181982,0.002343960425106331,0.0024886660877437294,0.0025096194414944706
153582,0.0018491913943941563,0.0020587727024304336,0.002228831276662513,0.0018344808339600949,0.0021647865281835266,0.002054609566827806,0.00265266173747615,0.002555453792943363
153584,0.006621407279237046,0.008486232900875246,0.009462303154518514,0.010094307535267133,0.007943919036280056,0.010500008386810089,0.008075035132401931,0.008139981245471939
153586,0.0016040941049845353,0.001537316820373738,0.0012886450073503752,0.0012497314435318124,0.001593550364165433,0.0015100585391503163,0.0016258689543633409,0.0013888614593116078
153588,0.0024539039669241453,0.002404610761538528,0.0019817363586194237,0.002374549446921073,0.0022362462518025344,0.001980148284161945,0.0021807842981367287,0.0020815754672023346
153590,0.002017359063447799,0.0019403700620880399,0.0014393135157103748,0.0022139110102582654,0.0021613823273582966,0.0019588620992166406,0.0020536772320165486,0.0018910071707601978
153592,0.0019735769401335035,0.0021689393666891044,0.0021058561739729087,0.002087376285215284,0.0018773683853921114,0.001791572864613969,0.0021284534308745884,0.0019204762293156957
153594,0.001932211842758949,0.001930627372659366,0.0018552610584893353,0.002180571367921269,0.0023767933365128613,0.001698862527075795,0.0024730731864543998,0.0017873618098074306
153596,0.003318730272878337,0.002703326799813832,0.003795684942820357,0.0029456214067387215,0.003473428808057913,0.002798848839077897,0.0035464317077336105,0.003223337168214005
153598,0.0030057075588455634,0.0034674099578873574,0.0025290735778849133,0.00291830516065196,0.0030404364258382888,0.0030150308238719448,0.0028548479354299078,0.0028844038208717393
153600,0.0019005098295110656,0.0025681698058326874,0.0023908960283733904,0.0026590609143343352,0.002104866477545389,0.00204808328305163,0.002447317017928441,0.002647851503470078
153602,0.0014887173993611974,0.0016818830280920238,0.0017998363027565412,0.0018152163072235883,0.0016817183385035156,0.0014897657084412957,0.0017990028778670647,0.001806056253592439
153604,0.00246882628831048,0.0024597399822612886,0.0023802431257125556,0.0025611264693427144,0.002484695861204367,0.0025299185719656614,0.0024296823515007754,0.002276404914154151
153606,0.0012022795587849494,0.0013030881715959813,0.0011630635578881027,0.0015162282497913626,0.0011402590860148387,0.001250509617227738,0.0013810229889790748,0.0011175615888072699
153608,0.0025185729771499826,0.0028414142947533194,0.002385618278377258,0.0025306291507121714,0.002263511841695945,0.0024245039141435193,0.0028807164570779364,0.002302512190758846
153610,0.0010852598471420422,0.0014265449919845796,0.0009307884367724985,0.0012315927860762216,0.0015114688580855629,0.0010305063522891983,0.0013837324735882645,0.0013187352351928944
153612,0.0014706997166824554,0.0016350992897125188,0.0014937912921353935,0.0014461779364062372,0.0015008134140992585,0.0014408649013228914,0.0018867503465347518,0.0016928905358662427
153614,0.001921800776381724,0.0016839641888673068,0.0016366952279967123,0.0017116625169140282,0.001684631080394683,0.0015720011366657932,0.0018729986124133152,0.0018110777340325651
153616,0.002307887663058672,0.0027670025973949297,0.0020233214460783078,0.002821141788878434,0.0026583555749504356,0.002291624539615969,0.002693161399580646,0.0025378665384412913
153618,0.0016754215838428316,0.0017481261238823237,0.0015381705341693946,0.00195871503102385,0.0015448116893266306,0.0014573142612266943,0.0016926823932639362,0.0016206023083349536
153620,0.0025916198388709066,0.0028450549665164915,0.002531265608141098,0.0026552652483347594,0.0026798765754443427,0.002364832977650236,0.0028779558793882304,0.0024464627172360864
153622,0.0014771450618818044,0.001517208131429984,0.001519140675847519,0.0016898257882600465,0.0015213807367499138,0.0012666006677753,0.0017928256956385585,0.0013469757960547085
153624,0.0017384639111296535,0.001537277383471869,0.0017892531930825545,0.0018783192203608579,0.0017644011443002233,0.0016999510372640025,0.0016446763232844802,0.0015790801767288087
153626,0.0024675933090190783,0.002603596571137956,0.0024380563028364582,0.002316482019246849,0.0023736763632209446,0.0023379097190395215,0.002894598922583924,0.0022997687434165442
153628,0.002151549691959201,0.002038396408668375,0.0019136481583859055,0.002268986417792773,0.0019353722439944404,0.001972762453527191,0.002052416333479093,0.0021364479213872856
153630,0.002421855534390227,0.0025243037908715543,0.0023280302351191967,0.0024217917358675956,0.0021724356325663607,0.002582640263565708,0.003019632567820507,0.0024330012440039323
153632,0.0022331295681326524,0.00209004145195113,0.0022159503734381497,0.0022456471215171053,0.002103559545982861,0.0021663859437021232,0.002167579042084436,0.002197534203354237
153634,0.001809861647892444,0.002588514353364657,0.0019481527979415963,0.002266632976312702,0.002103732116979451,0.0019102274484206205,0.002272802841924451,0.0025092096351650994
153636,0.0018122120801544739,0.0014911607671293098,0.0017766443352797978,0.0019184618734124914,0.0017011406884273605,0.002066927341282998,0.0016150217159036778,0.001871959831042394
153638,0.0030642025577659743,0.003251862997887281,0.003047373069051243,0.003458492902375987,0.0030003654723431833,0.00276397546946644,0.003519488144671637,0.0031299424021968836
153640,0.0015930061284755853,0.0017455440103623238,0.001616124664185259,0.0017122257309323263,0.0018984296863427397,0.001578639657523695,0.0018063890498814517,0.0016977937061825182
153642,0.0014904021769140408,0.0018612670580398089,0.0015391279570873412,0.0016527752710931432,0.0015144903700738954,0.0015421169960010972,0.0015277817254579773,0.001636584909637931
153644,0.001959622919017759,0.0020189395570363033,0.002003144796956638,0.0019294104015266655,0.0017989611642874742,0.0022083527685113347,0.0020534537192245517,0.0021576565125454167
153646,0.0029141481118477724,0.0030131684513101803,0.0021857667676252746,0.0024524577609208453,0.0023775765323252873,0.0023368265727836818,0.003012651114112863,0.002379055002470501
153648,0.0036110711088537806,0.003940459406970298,0.0038321428202384156,0.004132951448678535,0.004208775191595626,0.0035250450476014827,0.0032149616664922664,0.003914749211322344
153650,0.002486485897593274,0.0026016789705932825,0.0021226929185482746,0.0025573629507658624,0.0027276725410383396,0.0022426554968281304,0.002594649005347671,0.002431082520034669
153652,0.0019728233439077064,0.002037363506405057,0.0019297386644471365,0.0020820350744408245,0.001982242195639264,0.0016878153870659163,0.0019092894057604198,0.0023288725917405273
153654,0.002970088654772121,0.002322079842134228,0.0025681690506849097,0.002006089680619008,0.002393620381619721,0.002682167340164035,0.0026267312311656493,0.002361490323448623
153656,0.0029707627287326593,0.0033641756871034684,0.0033756074054985263,0.002922789014143126,0.003098903426980437,0.0033436977772363097,0.0031465479242435285,0.0036754283322988496
153658,0.0014477911316623931,0.001617270535761009,0.0013915199748151807,0.0016345214965299976,0.0013822686730833311,0.001405362049633499,0.0017939296978328745,0.0015560551012978735
153660,0.0012556058585835306,0.001398090464911475,0.001399159878626724,0.0015870906732189938,0.001313566327747262,0.0013819684168405733,0.0015638120020895624,0.001333173378103028
153662,0.0018705346355730873,0.0017442978553883354,0.0016976856453449068,0.0016635888065617,0.0019571658745248938,0.001742245036028045,0.001940337899078784,0.002065730106744615
153664,0.003132095279031688,0.002587621728722747,0.002423952920209152,0.0026322194350749673,0.0026570058562245397,0.002704602986569604,0.0026725544767037257,0.002649731198062222
153666,0.0030457688202938926,0.002786080217791531,0.002137916948949728,0.0025763114559262945,0.002847498748939137,0.002754012481670509,0.002442926217609609,0.002931735984000261
153668,0.0033371864045629446,0.0030338339296618333,0.003320582599133426,0.0031321486517619235,0.0029817405759470367,0.0036657183692776485,0.003379575903254564,0.003228110402761622
153670,0.0017541151022584245,0.0023800359369572366,0.001883552953967485,0.0019719305997406705,0.0018560201046549096,0.0017688316797237619,0.001994722416751041,0.0018733629956668857
153672,0.0020699017761166005,0.0026086453827428024,0.002333013965540434,0.0025777941031757123,0.0022183068378902604,0.0023762819313368766,0.002740658187438072,0.0022463031735698996
153674,0.001880953433858537,0.0019073310364148832,0.0019026772335872938,0.0019161289451136293,0.001656936379379817,0.0019611242151427177,0.0018223175855087842,0.0019156091151110305
153676,0.0019999678317451086,0.0023971326966132356,0.0019011929596886162,0.0022932576479345462,0.001918188738822671,0.002163721734532942,0.0024639890469571046,0.001998037751811177
153678,0.0029949730917808726,0.002447120935731073,0.00256116228976927,0.002669819693373876,0.0027273137819819326,0.002152141043394673,0.0027813881662886453,0.0024796100925779246
153680,0.0018533832071066514,0.0017567653764110625,0.0013199351858037695,0.001745146524496699,0.0014723508279081005,0.0015439259804318622,0.001719719386193086,0.0015747874402462086
153682,0.0023463247921649,0.0022048889309878167,0.0022105023646459276,0.0018594137984031534,0.001903455343985408,0.0017203410937307595,0.002408751259573627,0.0019267045242360586
153684,0.0030924709779368703,0.002475756830549583,0.003506311432147413,0.0036161746995217042,0.0028962747274265954,0.0032835091712011405,0.0033571133951824095,0.0032906928201393293
153686,0.0022631690805907656,0.002151486794366844,0.0022369375771714856,0.002298485146084772,0.0020831016810416575,0.0020906024874063484,0.002400632984598028,0.0019521777317570987
153688,0.0026058434756753984,0.002365298579670716,0.002523026345726598,0.0024522858239822143,0.0023871582179788575,0.0021755006500557977,0.0023690272215764474,0.0025841474552732585
153690,0.0019810826806288123,0.0021075879328625313,0.0019073043545925206,0.0021241053592269687,0.0020939184589770093,0.0018748712096840064,0.0022769733617679228,0.0018786863813276128
153692,0.0017740613215802004,0.0017723263460994176,0.0021560122357067307,0.0018631170600334063,0.0020267885832847693,0.0017735479565184065,0.002186662418152477,0.0018119656460098416
153694,0.0019043981302094976,0.0022242201683333462,0.0018749205691129256,0.001878624700944409,0.0020618353156636737,0.001985234089352264,0.0023020310042368847,0.002072105347184286
153696,0.001247561793121188,0.0012502506381584788,0.001191323859561777,0.0013048423376317425,0.0011382080481570633,0.0012473054876958045,0.0012765320505148114,0.0013859819117192362
153698,0.001801794994261155,0.0018831019013166306,0.0017787559654607876,0.0017690206364174288,0.001698023960914466,0.0018230021040166605,0.001904694343304536,0.0016846093684126512
153700,0.0019183554889306564,0.0023601454538557803,0.0019363999468391402,0.002150289150853038,0.00225269391695182,0.0020854949740384404,0.002411035758775937,0.0022988337861171715
153702,0.0013185423305995259,0.0014456300174687936,0.0012062923493514482,0.00147720118759688,0.0012371131220834664,0.001339663163921978,0.001512816080856405,0.0016849255820823444
153704,0.004499961107828909,0.003554905152807708,0.003220197139373937,0.0032100837678333966,0.0033289539090199938,0.0035410211204234404,0.0034170795393591163,0.0035897802863962824
153706,0.002935712991259401,0.0031701127650409777,0.0038817667607651263,0.0028556011719755997,0.002926125547914049,0.002781866388962287,0.003098154005681933,0.00293263405559685
153708,0.0016458555448907314,0.002189844487771389,0.0018045778815787422,0.0018111446369611373,0.0016687080803640258,0.001445442774252792,0.00198102962169823,0.0015889745453978726
153710,0.0014646148835729123,0.0016907082807787882,0.0014969423918193142,0.0016798355229841327,0.0017306266480568433,0.0014611622147247538,0.0016549959591109081,0.0016390987394088175
153712,0.0018792496249575713,0.002075002049619204,0.002156740525961709,0.0022397367392379963,0.00210433907634755,0.0021615198433894284,0.002497606775986441,0.0019143770019249828
153714,0.002013254749122076,0.0020695390909966083,0.0018645754600743608,0.0019451383841685571,0.0017610640667882344,0.001815437248451568,0.0019093789347706669,0.0017771930123317153
153716,0.001199317958593904,0.001370260971206641,0.0012640643461009488,0.001321411651347193,0.001372977551662713,0.001220634178986879,0.001562995973282813,0.0014130174007598861
153718,0.0019784156916105022,0.001801541995994374,0.0018628012664713284,0.002134904350615932,0.0017921424510193434,0.0023229139397806936,0.002106603642929805,0.0017781837977851739
153720,0.0022474085801850313,0.0021447972591909364,0.0021238440531896746,0.002201288333289822,0.002389382926300032,0.0022989241653587206,0.0024217114389214617,0.002476481638009398
153722,0.002521934803706785,0.003152818795761958,0.003194761817034722,0.003148025910986743,0.002702212416783603,0.002469249444036814,0.003545178376120464,0.002951637452443659
153724,0.001972970940794641,0.0020837879625214134,0.0019098367049830145,0.001992984788910468,0.0023899948116823944,0.0020688233048462568,0.0020591706187618325,0.0019421272893629382
153726,0.0014526449159293353,0.0015872934067380357,0.0016038374875733258,0.001716710082139139,0.0018976240425425672,0.0015815020567933186,0.0019254067306518352,0.0016278709869693153
153728,0.0018324432149863373,0.0019047434434195237,0.0018839571688929052,0.0020112634681049985,0.0017710123457883586,0.0017867888894596146,0.0017518803141778339,0.0018348420894973572
153730,0.0018088303871734018,0.0020065879360725014,0.0018385569129187318,0.0020816944434992046,0.0020192234554033406,0.0015542193430961998,0.002292824164709606,0.0016629233590737535
153732,0.0025760800198979528,0.002364906528851185,0.0030561947197194073,0.002915789333453059,0.0029547397099208977,0.0031688657271045223,0.0037027657978423584,0.002864525737028903
153734,0.0019426776327344797,0.00232571858229004,0.0018246121195858583,0.0023339166133232864,0.002124744785536592,0.00205561609100903,0.0021282011377687926,0.002026133888201734
153736,0.002551511538046572,0.002778946610164215,0.0022812341768290723,0.002445208072287111,0.002132559590480254,0.002299486485607752,0.0027898013670608762,0.002187703916550987
153738,0.0023014951803626005,0.0028710935597469622,0.002202344147717375,0.002388684817066236,0.002630207256519315,0.0021707364400214146,0.002156318414012981,0.0023291775027098893
153740,0.0024063881661726683,0.002230239184950966,0.0025378057337734905,0.002609913868920191,0.0026011898959963364,0.0021665936718096024,0.002646547766164256,0.0023242057760786694
153742,0.0024718035863286053,0.002399008419559104,0.0024419920512250975,0.0021883343717661458,0.002249110660837786,0.002081732856572552,0.002099595097853957,0.0022667691892842706
153744,0.002351001467960856,0.00230073748389259,0.002363583506677591,0.0028770686177990307,0.0020324528179129775,0.0023515740955604297,0.0024223560519540804,0.002210406034199877
153746,0.0015793282918799556,0.0016639294821047118,0.0014707865791410146,0.001570647000527503,0.001513451946609179,0.0015151613890887483,0.0016369454172859982,0.001584100449206552
153748,0.0023426991714071144,0.0026588119603389165,0.0024602798765861605,0.0023107193952755095,0.0029656680580905093,0.0024399258843763594,0.0027592136268863587,0.0023496776465625896
153750,0.0034227991276108427,0.0032732997705743477,0.003644652282017505,0.004043780655327789,0.003252812227100624,0.003467690747785357,0.004356459248487321,0.0038734012882627594
153752,0.0025494698857998627,0.0029048726458225232,0.0021285617083871694,0.0032953060741078843,0.002602388913569134,0.0026852609230196833,0.0026462879004296586,0.0024175755646039243
153754,0.0015730437906293915,0.0017682927542228694,0.00198327131707933,0.0018779146421389475,0.001998412102480529,0.0017842280920778025,0.001794874001239899,0.0017254419719683889
153756,0.0026441213163506255,0.002402493277380416,0.0023186749896298015,0.0020516171209909034,0.002396092444630682,0.0021249250923009028,0.002369735509510376,0.0021834401881966198
153758,0.001998930056459472,0.0021396880305338956,0.0024177451813604117,0.0025726758599071836,0.0021242121525233554,0.0027008043697935996,0.0022505062256696906,0.002405461012788837
153760,0.002304624142948755,0.002641673385921861,0.0019200181651088943,0.0018872290240778966,0.0018077845314588004,0.0018844743038464729,0.002176866933925936,0.002226783883986505
153762,0.002258091320109179,0.0024526127307078482,0.0019662179229273935,0.0023650018210241847,0.0020967918109038863,0.0020489209278841264,0.002309441696378159,0.0020569857649439666
153764,0.002461015351567633,0.002447020686213941,0.0020953990549719276,0.002450672640755283,0.0018989101677285292,0.00228013222197844,0.0023191460719864665,0.0019147564727151067
153766,0.0021298787896084637,0.002490620783934583,0.0017578672801593087,0.0021520698419000284,0.002118014349525979,0.00214162844731991,0.0020019388466332444,0.0019351716524880352
153768,0.002107660789030588,0.002520137286610158,0.0017839155953063845,0.0024905612915591124,0.002253488932879577,0.002457144439134362,0.002508722613785,0.0024729935258560737
153770,0.001743456859003345,0.0021311632586177437,0.002065256050333822,0.0020771604539277094,0.0015551450197826,0.001845174266486685,0.002113251547642983,0.0021094870510686287
153772,0.0020892335841884435,0.002099213776307965,0.0019510820040692517,0.0020372380691547343,0.0018816792569509438,0.0020777900583583003,0.00236195668260214,0.0019603835566574107
153774,0.001541165078543294,0.0018846932748008,0.0018701260636389133,0.0018205814192363695,0.0019307265671504453,0.0018266186329205514,0.0017791946582491058,0.0017796202042177356
153776,0.002561807854493614,0.0029187483193462427,0.0027909683025929,0.0024767504554641523,0.0022866948579403634,0.0025050940210213923,0.002581565805946498,0.0031507432854738227
153778,0.00253369185176823,0.002633763199897443,0.002151406964131297,0.0020768371989726836,0.001902548213948363,0.0017673589156098068,0.002422067835524691,0.0019148947085325663
153780,0.002105173788424841,0.002681110565725453,0.0026576541700824713,0.0028609144683682808,0.002814385131945374,0.0026285556668961263,0.003124383951854673,0.0024453967090626444
153782,0.002426973884379402,0.0025833067061779152,0.002039120369821179,0.0022754448645752184,0.0019723008423522814,0.0020016814997794175,0.0023126692113351055,0.0020180471480779616
153784,0.0010698829871276377,0.0010175729122405969,0.0009927570341784625,0.0008705216948224348,0.0009837847062668659,0.0010085125439482923,0.0010745112434753512,0.0010401524978376764
153786,0.001979475973410541,0.0022734074297998813,0.0020410190232134084,0.002313501617254979,0.0022094855713029743,0.0022704907334747393,0.001809361193033432,0.002077384234433488
153788,0.0015534075831994537,0.0018449585635711557,0.0015788797447128383,0.0017241819771519062,0.0015865255810779133,0.001496589863876574,0.001927253005305829,0.0016244410580280033
153790,0.001989965454585532,0.002305503395153355,0.002375324284303329,0.0023447349460586353,0.002146806616277322,0.0020066950707445935,0.002324887573665002,0.0022162835773276296
153792,0.0014812284097499712,0.001976923028680924,0.0018447111928124316,0.0018537597919918714,0.0017652575066452597,0.0016957282523345635,0.0019054250573958958,0.001553197922811736
153794,0.001898228746280775,0.0021532634866273798,0.0019758789965708262,0.0018968711376752267,0.0019366225697742406,0.0019144053631321573,0.0018667937458280992,0.002020076609732302
153796,0.003166378675928394,0.0033194775803304655,0.003209948264883744,0.0031361887855330672,0.0029485671672004887,0.003102950705980226,0.0030196084121937444,0.003135691449125899
153798,0.002940651375400019,0.003181384127128886,0.002684742049329003,0.002114029103353912,0.002554087909486649,0.002103379122886398,0.002944980919991083,0.003007185596240039
153800,0.0014585990044713726,0.0017006450522900757,0.0017278840570190135,0.0016392275433292497,0.00176750394044968,0.0015763853276756223,0.0015369741744125087,0.0016675748551671227
153802,0.0019403930358292826,0.0021842629334672403,0.002016558676843694,0.0019032612890355072,0.002249330445065603,0.0021380950576441737,0.001992845758176154,0.0019686816328415985
153804,0.0026233933563022532,0.0034045708388552587,0.0027103231777240305,0.0026707225330605683,0.0026597379129873616,0.002604590808572352,0.002705031161607044,0.002369998107049756
153806,0.002433977798332876,0.0022823695006748412,0.0023758573760908203,0.0025679836652647975,0.002273609213799835,0.0021216272042645784,0.0023504328834370036,0.0021950826816719005
153808,0.000823953443023915,0.001012785244784556,0.000948016027257307,0.0009974155304349197,0.0008881256848892495,0.0008136704430701386,0.0013064080924608673,0.000950302940895268
153810,0.0021888115428070898,0.0024203015095175667,0.0023240089426904142,0.0025004605415945985,0.0022816388037490004,0.0018932638124594114,0.0022142188181906303,0.002376632426820971
153812,0.0017458637127255039,0.002414035120857305,0.0015262264257703273,0.0019443945086533715,0.002065344762467239,0.0017669805634792923,0.002169867310478857,0.0019759578193199318
153814,0.0023722910127750435,0.0027974359301199403,0.0022382214988292404,0.0026384144313640473,0.0024722721927155633,0.002294418442998547,0.0024267955024087073,0.002241827117252862
153816,0.002329161681366765,0.002040709699867596,0.001915200214345783,0.0023671853709022472,0.0022474633278344314,0.002679554141521559,0.00233144878231574,0.0020867782439646376
153818,0.002131055258899353,0.0024799239742235996,0.002342367413845692,0.002283640757819297,0.0020827082594385704,0.0021031969990859545,0.0021962323276976253,0.0025105000037861785
153820,0.0017691788914965395,0.002058650664429909,0.0018108015743587558,0.0019955464160368447,0.0020561400539742536,0.0016622021522074704,0.002260077251903747,0.0019045805375244584
153822,0.001519227505188972,0.0015293678282552042,0.0016648869640484426,0.0016950459775250254,0.0017612923188066315,0.0016133430108174057,0.0015682915749395954,0.0014926707545118156
153824,0.0020915288545820254,0.002491786606021576,0.0022913135373176102,0.002678957150018327,0.00255419108175671,0.002471186501335057,0.0026499459751028187,0.0023706027895711856
153826,0.0013609048153147146,0.0013779441472019371,0.0015568593211685716,0.001519839736981457,0.0014305355787258694,0.0015921070050079061,0.001639355447311544,0.0016145980658591186
153828,0.0017280163033404211,0.001777596015713423,0.0018782100800441293,0.001771677438744526,0.0018289878834801265,0.00172819160720096,0.002060217487963159,0.0019276105248472591
153830,0.00262994666593476,0.002850732767565811,0.0027147243310572527,0.002598195269773798,0.0026220613185492514,0.0027362699602340307,0.0026367315729404345,0.0025100501847588053
153832,0.0027856633709211764,0.0028050126589863056,0.0024354714931025395,0.0034845637842563365,0.002492245572214849,0.002848918675454462,0.0028646270241056287,0.002635032805680171
153834,0.003184325231147478,0.003034821794342682,0.0029106427558329845,0.003087771399564121,0.0035401849969331073,0.0031876807652517908,0.0028136851716004246,0.0026781107547668714
153836,0.001949761220281912,0.002032618080400006,0.0017669379700807064,0.0017562607648860529,0.0021913429175036137,0.0018038306951808636,0.0019423561518085025,0.001995599336183318
153838,0.0019972588551320364,0.0019855308796699195,0.001800845393827244,0.002029822287487326,0.0018491875496975951,0.0017401576828702248,0.00208595569432847,0.0020093636796867376
153840,0.0014344425678763373,0.001690139121773307,0.0015925624816044565,0.00160213567905082,0.0016160494852419799,0.0015419218494533565,0.0016141633958111634,0.001944617590659059
153842,0.0018635634615550428,0.0019282988351358027,0.0019276723499786486,0.0018674479299998215,0.002124735512824119,0.0019240142716503983,0.002179941336301075,0.001804189869669695
153844,0.0020172663684071696,0.0023344043605044718,0.001977369277519847,0.0024753127298565852,0.002209239026276802,0.0018984767578461709,0.002185878583280468,0.0020346343532236105
153846,0.002010710175251465,0.0019955527397910178,0.002059178394910044,0.001841556031628111,0.002040134871739277,0.0017941824766288944,0.0019943873413220126,0.0021960629865012127
153848,0.0022763583465441745,0.0019952428876197775,0.0022281665269897055,0.0024842661849855535,0.0019491963877920626,0.002026682926051182,0.002269656518562313,0.0021626339884096707
153850,0.0019798598528464467,0.0023766927219138895,0.0018581799824342188,0.0022351929084288985,0.002319100145630415,0.0019627799027721743,0.002285161676078895,0.001822303909171874
153852,0.00127743595515796,0.0013776368944569267,0.0013237426955514803,0.0014812636800237144,0.0015332671041593665,0.0013791591127301217,0.0014241113089221713,0.001283325405466107
153854,0.0017516589094146995,0.00239375744196324,0.0019106348410064117,0.0021876701136132187,0.001842857240367049,0.0020772066352604673,0.002016075577186749,0.0019766017077005454
153856,0.0013973291957194989,0.0015984231782600333,0.001659918957711351,0.0016159850903263995,0.0015319781670521948,0.001438205692923536,0.0015010619416833126,0.001612962968798995
153858,0.0018765649641832582,0.0017370758883351045,0.001796687873983363,0.0017547124098862832,0.001747934548493646,0.001732558796194772,0.001950239269996823,0.0018966086296852286
153860,0.0006914389139306559,0.000753324831564154,0.0007516403320696231,0.0009087794615310202,0.0008131752239559954,0.0006909618459943791,0.0007990575054511208,0.0006801785070992411
153862,0.0008692182825821605,0.0011023782437371565,0.0010480596061657743,0.0011912266547021155,0.001021214880437063,0.0009763578525867761,0.0013549362960676437,0.0012880764528336308
153864,0.0021847553316689527,0.002434458980509771,0.002159909067435406,0.0026212792712626,0.0027924134367331016,0.0025057391940377927,0.002341476112067975,0.002901518555900262
153866,0.0015204689423346102,0.0015409214419415257,0.0015837372100438452,0.0014605089575356889,0.0015448113964883353,0.0013730206191802652,0.0014349578813188657,0.001469750968538533
153868,0.0026205987943020426,0.0025111074167407654,0.0025036898449220524,0.002293058918439783,0.0023431618681877403,0.002628330299332904,0.002573565147238277,0.0023787962642758537
153870,0.0026969639258223183,0.0026276206456197215,0.0021446671769514425,0.002392664713526893,0.002185373868005769,0.002344864105453759,0.0023051835826365524,0.0026605998469500514
153872,0.001914411882979597,0.0019021020412152284,0.0016258262946058921,0.0014473452307586232,0.0018022131128281466,0.0017364461964444744,0.0018432657016751453,0.0017459726734811998
153874,0.0025753226312073135,0.0029261654479484506,0.002705341948786702,0.0028074103686327595,0.0033444754664613413,0.0026759728047470177,0.0033178096680020475,0.002686757984659574
153876,0.00191254505241302,0.0019969445422349935,0.001832495202142903,0.0018417958364915776,0.0018143548918475028,0.002001542499357037,0.0024882940463373387,0.0019608365129153427
153878,0.0027915559952133157,0.0029303217799567793,0.0027660612910996307,0.002882778258009658,0.0025078632576516213,0.002637973958842521,0.0034053399226524755,0.0026614665330024906
153880,0.0027265862194758572,0.002618649015364141,0.002324314253515647,0.0026708311151075886,0.0025110540271623544,0.002553326607746334,0.002602098159687538,0.002391036289576945
153882,0.0017669730469598854,0.001786188980620551,0.001710461796341503,0.001757371880458436,0.0016619105544215529,0.0017199498869149843,0.001965526510810514,0.0016917803855562852
153884,0.002243261707956537,0.0032015109321460594,0.0025966680404888726,0.0028642824958517027,0.002635023626709254,0.002224923689899738,0.002438931947548198,0.00250284104252331
153886,0.0018921802101907886,0.0022465712008706284,0.0020578735599255382,0.002103809349064678,0.0021148044036767844,0.0020902693315897475,0.0019976760904328317,0.0022703913296118206
153888,0.0034736944722348895,0.0036211487341548804,0.0028896108637908174,0.0038492816157751353,0.0026964323159768405,0.0036109685813138365,0.0034559699943648298,0.00345976631497541
153890,0.003456730843967526,0.004057816934622205,0.0037544961683205896,0.003238207590957734,0.0035830927627800713,0.003063717148441336,0.004176006717653502,0.0029725445200568523
153892,0.0019871045044022595,0.001993217626359789,0.0017986745545118255,0.0018460484083890893,0.0020642488610889687,0.001800770777161953,0.002052282333026234,0.0019231185919233035
153894,0.002270627772367695,0.0020412805695098207,0.0017876358613513887,0.002310324015713086,0.0021678034783898514,0.0017407554072801507,0.002244540383318727,0.002199570554030361
153896,0.002440566659607915,0.0024017410408345846,0.0021707794845051698,0.0029177561896387566,0.002171750181489962,0.0026842490885587017,0.0024626707570207934,0.0025384671174944473
153898,0.0027500671751795047,0.0025848390928690096,0.002548090182769039,0.0025868891713810016,0.0024077059302719667,0.002743680328433362,0.0025299410571060776,0.0028382304205476633
153900,0.002246694096204538,0.0019680896068232645,0.0019121335466307787,0.00194475920016203,0.0023199326314085056,0.002109519217883396,0.0017676806094161363,0.0018492881539069472
153902,0.0026548586894954568,0.002724108566533323,0.002308336886393661,0.0028391386690751613,0.002886970926279153,0.002325841108442861,0.0030644104253431254,0.0030585993910382664
153904,0.0018007261976038663,0.0019017452706661248,0.001998245238998289,0.0021276570742469053,0.0018311316604382455,0.001833262975634034,0.001763273416847802,0.0017201377595177925
153906,0.002618649015364141,0.002461108494933653,0.0024603194194297573,0.0021662149829646538,0.0020231967769825943,0.0024455392967661638,0.002208759633642865,0.002696954639611185
153908,0.0025535532544625067,0.0033022435739751277,0.002451187931096277,0.0032436584133189172,0.002681108636791288,0.0025236319035004673,0.003845429699176464,0.003138166004220899
153910,0.0017917699703745016,0.0017517714810739854,0.001570366500036613,0.0017398260724671571,0.001656154313892877,0.0015389441064430631,0.0019076678291192334,0.0017290366593481071
153912,0.002340330144405281,0.002229948560776629,0.0021212613878930503,0.002661951246909988,0.0023640772419186856,0.002194994018168084,0.0026157243737836566,0.0024802879682389034
153914,0.002066705140856051,0.0019329540395827266,0.0017493122558903118,0.0021147512963805154,0.0021414105418102736,0.00177394866359383,0.0020601660850738807,0.0021884431161776213
153916,0.003323854944921101,0.0031771608493083026,0.0028351403680206833,0.0027240385707241743,0.002952872977602175,0.003193780253827383,0.003595643015537109,0.0024964935715278275
153918,0.0024459173400993017,0.003027446859960037,0.0027226190165036274,0.002804160386853438,0.0026273819515638813,0.002506241591472405,0.003303256223363707,0.0027604050727214613
153920,0.0016781295600511031,0.0020798255488497924,0.001796669241217741,0.002043784788963665,0.001763560946846321,0.0017168307865073201,0.0021526353386641106,0.0019427988106912736
153922,0.002406904628229914,0.0023053975039888513,0.0021471718666926792,0.0023509100707658354,0.0021206660600215366,0.002249796196968426,0.0024004979177961183,0.002465175994465288
153924,0.0016776470531718601,0.0018139988321772549,0.002012285054677543,0.0016076246760585722,0.0019012014061936672,0.0016804667778933524,0.0018167676241503394,0.0018260591941463705
153926,0.0034820467709935216,0.004073559780736424,0.00348433420762663,0.0036023614642011342,0.0036171846476075326,0.0034966245351155667,0.003926149703276316,0.003587070258099845
153928,0.002428968464912931,0.0031344687200122318,0.0029319949824504477,0.003373432973864665,0.0025148625375517875,0.002851594076737643,0.002707811829947296,0.0030626775863090844
153930,0.0022862516642586095,0.0025689061277403002,0.002209041870196382,0.002373865487481655,0.0023977003346056236,0.0021560364524081527,0.0026713424815114767,0.0022932116218454812
153932,0.0024898058002043033,0.0024891195624259788,0.0028463935905143622,0.0029578261729170663,0.0027803014137441906,0.002544633538784438,0.0029740180388104914,0.0031773674738397872
153934,0.0015561329863134632,0.001355391043773635,0.0014746399637000224,0.0014141241670391352,0.001400105917582009,0.0015950895968375317,0.0014560968950614456,0.0015382798219677613
153936,0.0019260256540063608,0.0019033399499837622,0.0020564877103474016,0.001906510818401888,0.0016903749833624554,0.0017998543197600553,0.0017811357998621796,0.001870627762708077
153938,0.0029074906228970937,0.0028488260175374425,0.002582611865932505,0.0027892571429771196,0.0028185479579812545,0.002737774544728247,0.003346830197116915,0.0029931409747386284
153940,0.0022764966288551514,0.00328004766125857,0.0025698049610847207,0.0027133432992393486,0.0025926265824166017,0.0026729265646849854,0.0031913587834080936,0.002758374211274131
153942,0.0015831211330672446,0.001606074329695853,0.001854623451337467,0.0020152272818505512,0.0019366225697742406,0.0018520064638958417,0.0020546953482060287,0.0015495414215083297
153944,0.0022830195028134548,0.002131503785199676,0.0020975888541335252,0.002424430542495873,0.0018611381644509373,0.0020747882392597866,0.002056687060105214,0.0023361134974499015
153946,0.002182033210879633,0.002171525540967792,0.0017604872491939205,0.0021334556302732843,0.0016365198054658775,0.0020095937979282136,0.0021328238407126165,0.002125560176469643
153948,0.0038891556905112368,0.004155947718429198,0.0034729576633557024,0.0034108895500060132,0.003936631778438893,0.003925511084062805,0.003969919239811048,0.004201600401021466
153950,0.002451968531294535,0.0024778403352512246,0.0025908757178206288,0.0023916702486671687,0.0024347258751614836,0.002198257944799456,0.0023533032397376474,0.0022601884728921107
153952,0.0022859210782946726,0.0021663689513593543,0.0019203257118141637,0.002726626680296329,0.0023266460525542265,0.002167150668100304,0.0024411467791196767,0.002012577509441074
153954,0.0027273861544687694,0.002551091551665899,0.002582498276960943,0.002778188629878456,0.0024320770609007614,0.0026085453022989397,0.0027709145340893415,0.0028669527328287203
153956,0.0016647893794763946,0.0016439161881881686,0.0019331427230995374,0.0019204399870353939,0.0019322861870323949,0.0018018851291850546,0.001955227902225909,0.002036431394784169
153958,0.002330768541160211,0.0024091348598154344,0.0028008661530237178,0.002704365083142035,0.0025537851824448815,0.002232793692017232,0.002872754960180482,0.002485697221512817
153960,0.0021188730325988475,0.0018434499558870332,0.002150745225054776,0.002257670377894941,0.0019213095695687216,0.001822271149782853,0.0021714377016979203,0.0019498026730641188
153962,0.0014249954305434187,0.001584687353775538,0.0015104725891737503,0.0015365100712681073,0.0015677513750850386,0.001367056690121382,0.0015151202073235837,0.0015751555656748906
153964,0.00265599475203665,0.0028051192021081306,0.0023833174845468014,0.0025663589030995443,0.0024761509198611975,0.002282790247245592,0.002479367089108564,0.002119892773259302
153966,0.0021862342527128598,0.002243914235094957,0.00206797855182185,0.0024952790098181077,0.0027971786102132384,0.002169744452371669,0.0032216508776521935,0.0021511743935764965
153968,0.001117439297535619,0.0013141839647793502,0.001341673183805847,0.0015053655064357074,0.001161807155888886,0.0012705915658007272,0.0014461192865536376,0.0014452858505507038
153970,0.001957088745913396,0.0019093274960282347,0.002197859732541288,0.0018824853884134157,0.001845105137769934,0.0018497896137853603,0.002012411392528224,0.0019985180194428964
153972,0.0037388272147037688,0.004967547533858918,0.0038267995706975505,0.004030977686828641,0.0032938751494109852,0.003783855491388488,0.0033234395855108595,0.0033655751179834242
153974,0.001257434249824621,0.0014790917576140844,0.0014148325454821503,0.0015766296809625047,0.0015850382435374094,0.0015539288590604716,0.0019263529748627661,0.0016483174958131924
153976,0.002102106813066787,0.002447205707145683,0.002035785901365453,0.002309139870131871,0.0023266359898932998,0.001956306668540242,0.002374835185264601,0.0022372113884654987
153978,0.0023408232474137064,0.0024792012599892527,0.00216656696830643,0.0025558304448197178,0.0027047587531137673,0.0021937424481477397,0.002463839265542958,0.0024720254742514047
153980,0.0019792658168438365,0.002141248499014703,0.0016479947551326646,0.0018378177360753867,0.0019034559941023682,0.001992731344176102,0.001939434818114108,0.001951170862080201
153982,0.0021639168577764073,0.0028281070311644285,0.0023280564778188073,0.0021924005307410455,0.002433383830013014,0.0025754666890769884,0.002763287289643271,0.0026683296680590912
153984,0.0017622664645264852,0.0019271987097214116,0.0018664908381438444,0.0017900966507672506,0.001483284822889397,0.0017567413307767593,0.0020421875277509965,0.0020043314302675835
153986,0.0018274093803203467,0.001817321508872427,0.001472942961264545,0.0018531355929201632,0.0016815777934695714,0.0016456080002403284,0.001897470528693393,0.00194993229809938
153988,0.002921666117196034,0.0030217926350972896,0.002665957110217901,0.0028716229516954073,0.002918097479328155,0.0024734811429284603,0.0028997654053154603,0.002814782381361028
153990,0.0023018626365802763,0.0030274259526669317,0.0026223711178232634,0.002894956894701331,0.002765859099652046,0.002839900947795307,0.0030070756909630347,0.003112377749112716
153992,0.0027206988720141073,0.0032705462305990807,0.002748779914935065,0.0027189864726659962,0.0024612271443929523,0.001972680716287256,0.002884353802876785,0.0025415777518423277
153994,0.002666928938683269,0.002689142096474764,0.0024122091524251404,0.002345038007241451,0.002045032925801507,0.0022659147334194163,0.0026139638212864386,0.0025737280550248848
153996,0.0013204611818515843,0.0009685730264181874,0.00105155997071954,0.0011314619454749764,0.0010076330245203935,0.0009374223927642901,0.0012855120302277673,0.0010375414477157424
153998,0.0025803239085769314,0.00246982481628516,0.002315672740366148,0.0022922762149280573,0.0023832469211332447,0.0019543483710804943,0.002401474864952624,0.001940656258970011
154000,0.001655393955763751,0.002024114793442236,0.0017071250462714765,0.0020111067608934996,0.0014985210613987499,0.0015715867120056348,0.0020354198310417737,0.0021034068009271323
154002,0.002203807323487031,0.002276530400237578,0.0019685725426297346,0.0021242849520647505,0.00214993365382643,0.001629716639911294,0.002379569976951823,0.0020473691945849387
154004,0.002026027577312073,0.002893649381511057,0.0023071589761978206,0.0021253180158237323,0.0022117495955245037,0.0023055048261316907,0.0026172678686280926,0.002292857343458979
154006,0.0031187563781509553,0.002773767699979293,0.0027968803230820627,0.0032886544413210927,0.0028822342389021177,0.002775227607124467,0.003250007429778781,0.0027804169153169966
154008,0.0020040846029440035,0.0022057104583189796,0.002148461884201716,0.0022462763364072963,0.0019722631216758657,0.002128015880282788,0.002507829304353573,0.00199743333610182
154010,0.0013932625829249923,0.0016757845136590316,0.0014264901184053574,0.0018496297160011665,0.001683691171422419,0.0017264064635096887,0.0018557045921947651,0.0016010825318671373
154012,0.002198427370601108,0.003183311222750229,0.0027348799514892996,0.002605967085443306,0.00283000168337412,0.002760907326179299,0.00274047213791441,0.0028309240747435016
154014,0.0025813004440427556,0.0025543100713416728,0.0028114325307338484,0.0027388619228441713,0.0028827226537014305,0.0031970400794568143,0.0031736056084961106,0.00268843355102423
154016,0.00252329281213598,0.002919629101525212,0.002573967323371562,0.002421201822675592,0.0027940491608409307,0.002505333806841606,0.002599661786709062,0.0025854289139068953
154018,0.001922311319137171,0.002340032793795521,0.0022145708252378077,0.002694880732836913,0.0022282519892505986,0.0022253985068288046,0.002256683848790575,0.0020217027224413014
154020,0.003245582628263799,0.0026322026159597556,0.0028227336526223112,0.0030053374935934546,0.002604955853499971,0.0026947028186601885,0.002991736486777974,0.0027954608204372594
154022,0.0023420955344042316,0.002810860919961758,0.0022741485325894623,0.0020349112865947344,0.0021268192906054445,0.0025973921083957685,0.002698401546688489,0.0029092637889394646
154024,0.0016936048780280544,0.0018211629109759486,0.001789969299873309,0.0017833023252259578,0.0017241284561295839,0.0018661177900867187,0.0019159805548279452,0.0016663160999219745
154026,0.0023164375536439824,0.0027976436073423733,0.002439269738238617,0.002839278412514204,0.0027618665497298883,0.0024991910069105533,0.0030562886312266446,0.002647508766941087
154028,0.003377582919345659,0.004473893520825278,0.003912844682185446,0.0048537561771591076,0.004279298973017598,0.004372209915036118,0.003656633053541483,0.004383068796476375
154030,0.0018980122363407848,0.0021101013427236026,0.0024055651578882564,0.002285521770876167,0.0018863315939378206,0.0017810681957720065,0.0020107800008892784,0.00200462964463112
154032,0.002345502739092231,0.0024152967563972894,0.0021326263396446166,0.002041869362446269,0.0020941724623258495,0.002078829419980069,0.0022770977969162193,0.00218639903396102
154034,0.0019353243895209454,0.0018514963682241814,0.0017045115758134721,0.0016075930105712843,0.001731784815411308,0.0016933746165226499,0.001540764682354659,0.001967861877366986
154036,0.002314033819189376,0.0024260486449828728,0.0018566553835201033,0.00200898797067596,0.0021238402762163155,0.001999960501408715,0.002515470478000728,0.0025561219924272738
154038,0.0017906754609140624,0.0015362332199499035,0.0018676095620500655,0.0016429816683431048,0.0015339845817679554,0.001617671462000883,0.0018372977819647307,0.0016358736564959925
154040,0.002276526845343421,0.002264495607382566,0.0020228727223292747,0.0022414782416737555,0.0020729309285061476,0.0019343762718620483,0.0022638159885849524,0.002151360656361734
154042,0.0015317976599639321,0.0018113859416749728,0.0016177607632506114,0.0016585480950246367,0.001683697897230163,0.0014862128436549243,0.001827750508643311,0.0016698590446462824
154044,0.0008714898596554749,0.0010521792972398997,0.0011042449813603167,0.001365730871457027,0.0010175610288157971,0.0010227097058035511,0.0012005743401433677,0.0011186829454615937
154046,0.0017995474108412068,0.0018560040555609114,0.0017249536384176256,0.0019408413792021545,0.0019712305755543863,0.001500676314192484,0.002115102159512841,0.0019176392653025426
154048,0.0032796866767143135,0.004216770809478909,0.0033612437904829845,0.0033769940579215924,0.0024252626420701168,0.0029552508357956336,0.0026139733444294766,0.003630240613931704
154050,0.0013572464804747497,0.0015202289807037112,0.00169555951152435,0.0015033354368056001,0.0015550977157530316,0.0017335566058102186,0.0016489331197671597,0.0015198560028854141
154052,0.0017600042957639644,0.0018074807482178074,0.002225403778951751,0.0016588964474530954,0.0019384886463386236,0.0017555670423894387,0.0020118081483253697,0.0018393994490462223
154054,0.0024277102381842774,0.002578515156682004,0.0026264662308126546,0.0028347055862740778,0.0024636244018841347,0.0025041786146127315,0.002335780406113097,0.002359121220744123
154056,0.0023480252894909764,0.002750377022102693,0.002755287278333185,0.0028175959463716677,0.002439964159224539,0.0025294887502441826,0.002985177747627535,0.003035802430591872
154058,0.001550951275800641,0.0018199443965600942,0.0014760874633851367,0.0019187079396192908,0.0013899273381779431,0.0015167589192695147,0.001574413149589407,0.0016896665291830093
154060,0.0017541846892932395,0.0015975395013423516,0.002065281783428255,0.0020843916979896293,0.0018452037105926161,0.0016971088674023194,0.0018214570304509042,0.0018298776247860915
154062,0.0032019008943970917,0.0031406022865907435,0.0028726671067409587,0.0028702704242713484,0.003343979544492337,0.0033895318554686416,0.0032317955698459855,0.0025182147838537366
154064,0.0020781144063911072,0.0015948786298347617,0.0015281492668406949,0.0018729086506761305,0.001603352954398632,0.0017383033081977417,0.0018542365122132254,0.0017282727579349816
154066,0.0017381818513329123,0.00234773683656897,0.0019311557845607674,0.0021074258067541596,0.0019443800531180472,0.0022143106739054425,0.0019883093013001313,0.0021007088778995375
154068,0.002136601861435619,0.0023428722716345995,0.00211557367767691,0.002232532120465272,0.0020158748602769894,0.0018455919466964787,0.0021003192603070847,0.0023253125802769198
154070,0.001620794872855283,0.0017165776517935744,0.0013932439500463772,0.0017286791597351941,0.001618174338086656,0.0017234952386591673,0.0018581562159830783,0.001483957791010973
154072,0.0009691081548000892,0.0011293354599645339,0.0010051047127641738,0.00117655717591926,0.0010331770322002942,0.0010055195379216203,0.0012229785711941887,0.0010659496107723876
154074,0.0019183231825706942,0.0019019376236720925,0.0014965149246117804,0.001465705160791711,0.0017248283168076611,0.001625970198422269,0.0018425249391498255,0.0016496478112095758
154076,0.001569683069524777,0.0018978768833261134,0.0017777502559077757,0.0019291253623604648,0.001993616475246332,0.0020156908785540772,0.002166246539104258,0.0018544104052331534
154078,0.002298657319517672,0.0021958636261616565,0.001961688793116881,0.002326666896706797,0.0019929947673793524,0.0021449756542466503,0.0019296401499104832,0.0017850804378691937
154080,0.0017298874959579408,0.001877597596927974,0.001705011774438825,0.0014529996139770601,0.0016795255887807614,0.0014446047191597616,0.0018595211061001593,0.0016907765985527679
154082,0.002943846895560265,0.002612179871308587,0.0029052665924587107,0.002857201532145359,0.002531503269418922,0.0022705379510719187,0.0026106698551671276,0.002575097667002757
154084,0.001060517409037287,0.0011913755494752515,0.0012771981666115928,0.0012861703311784073,0.0011407067070130644,0.001096405575450335,0.0011762147474764367,0.0011651940818977469
154086,0.001954124402252566,0.002142951978674257,0.0017116514200316152,0.002213225355620199,0.0018716339413438754,0.002077783265999958,0.0020816890045086134,0.0018485769344602776
154088,0.0021681746736646468,0.002506761944794711,0.0019993114866976303,0.0027074536040620073,0.0028046516112319037,0.002463325975135114,0.002548628779210929,0.0024235545707897016
154090,0.0031803394943698132,0.00340422393180001,0.0035504771535489615,0.003374348711984665,0.0035119144429602983,0.0037784782427775637,0.0038303853009264005,0.0036436731360831587
154092,0.0026558730331392028,0.002857244145522256,0.0023625820671746706,0.0028936545917377376,0.0029643901043102105,0.002876008479646197,0.002622012484865488,0.002775972621705383
154094,0.0029814256890864504,0.0038483978383221373,0.003582370751285105,0.003700016616364543,0.003721971382347755,0.0037585799943196663,0.00417208653305523,0.003802917091168659
154096,0.0018081092497974766,0.0019451433131468243,0.0019193456965647115,0.002179664443415899,0.0020368251287621875,0.0020353438646489863,0.002259646207879565,0.002280425030633859
154098,0.0016059569865964907,0.0018594796605447966,0.0014557580226288863,0.0021624046229049704,0.001948385303851552,0.0016883712966842546,0.002279480140981116,0.0018398762368160432
154100,0.002639457016729088,0.0029679215787227348,0.0024508109560363867,0.002155821620419829,0.0029628950452229574,0.0022186591697226365,0.0028838524464572246,0.0020436567964715047
154102,0.0022742025390476567,0.0026118805747234047,0.0020922212938550566,0.0023917934067894248,0.002199091862215008,0.0022656987507811005,0.002651619232789726,0.002201822851406965
154104,0.0015424344646669669,0.0017784021595412813,0.0016278712875770346,0.0016284388844452075,0.0015660225353043705,0.0017056840511290444,0.001727071178520126,0.0016589398423472318
154106,0.003061957295082074,0.0027572884434869938,0.0030386311129688842,0.0031336578705026957,0.002574644365624948,0.0030119825266988892,0.0037996510258204858,0.0030408805451244275
154108,0.0015390075322131574,0.0018690510367203594,0.0019500658756127637,0.0021315712058095487,0.0018726104058920529,0.0019109758336589011,0.00219628784509851,0.0019159877296106576
154110,0.002485614757663568,0.00287782158236273,0.003182741649565571,0.002869583104763207,0.002453910241264845,0.002664044364510121,0.002714471620220371,0.0028535487165054635
154112,0.002756263909506465,0.0024814246474476193,0.002449072524599638,0.0025624617979511655,0.002349103805478203,0.002350587846607924,0.0027766435343968277,0.002476898403983796
154114,0.0020568114051856684,0.0021300273348965337,0.002034767440210042,0.0020770613016241196,0.002058356909118153,0.0019349281378824856,0.002218106470414441,0.0023765260042161174
154116,0.002255664626484022,0.002785696796171036,0.0019139063017645785,0.002443395393374681,0.0021777652793639746,0.002346490808069257,0.0022569535565395427,0.002121339627392263
154118,0.0011244473119810389,0.0012950964097570156,0.0012010873537682404,0.0011840252722803563,0.0012322167351145469,0.0012656740989038795,0.0011484511489002897,0.0011736458255251492
154120,0.0023292386311313806,0.0025132501885521408,0.0021697753400995584,0.0027352360905299467,0.002499398848794257,0.002214568370908554,0.0030170341401847822,0.0026772255568643377
154122,0.0021314738590461624,0.0019336272495174,0.001572701026905321,0.001884213301913698,0.0017227183373629829,0.0018522363665574582,0.001712630858390407,0.0017527205321914985
154124,0.003104390605639884,0.003102763946122647,0.0033235405236214377,0.003500842058062281,0.0029609085712517663,0.0032540748230829863,0.003370338733526046,0.0035124381193074733
154126,0.002757452370941507,0.0034089056233030934,0.00291191148487914,0.003126192478737924,0.0027558485169890817,0.0032795782998893547,0.002999658259457194,0.003402404480814747
154128,0.002212453244956558,0.0026455332889377403,0.002594676330529788,0.0025243359838206386,0.0026636179077449557,0.0021658321663489133,0.0029135404139291055,0.0028127920679999058
154130,0.002255228696135314,0.0019127698842495017,0.002089055819751773,0.0024991302948729754,0.0023723461722611333,0.002293015748539032,0.0023677048597953304,0.002363676236583123
154132,0.0013091949033277595,0.0014177455405786632,0.0015298326000570128,0.0014733647608906747,0.0014442649215363895,0.00124757495119443,0.001626720464032394,0.001295949999814694
154134,0.0021931827426193706,0.0022305755726495513,0.002097645157862496,0.0024247798014738337,0.0021194190589769596,0.0024656421224265174,0.002175751560907782,0.0020497911267787355
154136,0.0020246313739704647,0.002341210773431579,0.0025502426525109284,0.002369592610332663,0.0023262105030031344,0.002085155761272439,0.0019146078095746422,0.0021695851584792175
154138,0.0024028380309576575,0.002559710820478678,0.002145676884257597,0.0024793837836224603,0.0023904366561972173,0.002259929197636845,0.0026255602138933742,0.0025186529945819963
154140,0.0017509233847652489,0.0018209304938985454,0.0013749273093402459,0.0016280597740814806,0.0019491197453087722,0.0014425537988005943,0.0019481202416443133,0.0017907747759796089
154142,0.0016690562805347225,0.0017632521424365694,0.001911923412300634,0.00180906044630115,0.0017063306078251572,0.002281701084605514,0.002075297669069054,0.001786010759398382
154144,0.0019168680469170557,0.002382548981577637,0.0017656322305050764,0.0021829033808573733,0.0022839993084793897,0.002064227873539659,0.002384370967732377,0.0018592024048729727
154146,0.0021684095491445593,0.0022413219796164757,0.002202696258672754,0.002381437726555413,0.0024100243155174145,0.0023123965530291862,0.002292750316097006,0.0020193603899344575
154148,0.0023652261094186944,0.0025168715989703494,0.0026097783663398127,0.0025414237524188366,0.00273562654531162,0.0027071457968530638,0.002605741167038822,0.0026604795597746783
154150,0.0011738022964303957,0.0013468765373423341,0.0011419279838002089,0.0014164637789415568,0.0012290277841869313,0.001356237110373082,0.0012876943669820756,0.001406005370825858
154152,0.0015726165236574219,0.0021439036702980557,0.002129079759861874,0.0022872692210401113,0.0022641024299775575,0.00236445907987283,0.0021316358755596593,0.0021076973886136607
154154,0.0011615163953584418,0.0012785207966068413,0.0013078810167188731,0.0011630701643024072,0.0014554581306814307,0.0012842712280136809,0.0013932511807008968,0.0011770238787876114
154156,0.0018501869848980418,0.0023924624512722398,0.002052338700441872,0.0027918658085224757,0.002645603801654739,0.0018525092542038962,0.00220725981045522,0.0020062044774619286
154158,0.0020313542619122688,0.002079431077744387,0.001656454503318694,0.0017252315282503816,0.0018266769060863025,0.0015192463814611146,0.0019693636804652415,0.0016767746884328721
154160,0.0020986505625406743,0.0022232378138975495,0.001916800523758866,0.002068024292152748,0.0016742876052822653,0.0019393967568183262,0.00191479820375684,0.0019750454925540617
154162,0.0017557783915687214,0.0021611897429905103,0.002130584081954115,0.0021194176869632347,0.002220818690467974,0.0017697063550717318,0.002234755086527651,0.0019354538601806248
154164,0.002941960573080285,0.002553906421718169,0.0023833251229171126,0.002796760933879164,0.002386937988182583,0.0027063383706794064,0.0025701906012257775,0.0027714063680230883
154166,0.0019378303336226588,0.002457902716184193,0.002271629062804925,0.0022928933765662407,0.0023550315731455523,0.0020374798671996125,0.0028880478975032986,0.0022797277286754625
154168,0.0021414064044711356,0.0025838751436296215,0.002090443400488917,0.001905752249395945,0.0017927850001377976,0.0018478415108555968,0.0020544299045473086,0.00212183140254002
154170,0.0016531160493893499,0.001867617933621668,0.0022733822074295085,0.0023010837928858635,0.002023164269812097,0.002350338607643457,0.0023841719667161976,0.0020271387812344083
154172,0.002102229449155113,0.001679555512215325,0.0017827382350363852,0.0021515569494328646,0.0019364287985743633,0.001595035142805623,0.002040256359694903,0.0018479846763678337
154174,0.002129132359189892,0.0021649986863325754,0.0022290553442616684,0.0019343467800505554,0.0017765228023681884,0.002303167200017456,0.0020651091038925845,0.0018116891015196451
154176,0.0024440340456469145,0.0031667333701129174,0.00290551237086234,0.003534136462934448,0.00330086978758172,0.002868407827471678,0.0029290663850215642,0.003386058244452317
154178,0.0031916441593351497,0.0028863048260375224,0.002622489777318174,0.0027857742648740302,0.0021867317507556217,0.002626528088488636,0.002635677285893326,0.0029934540337999693
154180,0.001985556111189793,0.0022295601531931997,0.0022211778933915044,0.0019458265299505811,0.002025490028995783,0.0021178768529477865,0.0023307724978550853,0.0023487246537889916
154182,0.0018538624452733021,0.0022516466056790585,0.0016084430084428863,0.001759526409021106,0.0019556143655463792,0.0017632343095730918,0.0020584265431194404,0.0019567598127446933
154184,0.0017698276546047748,0.0019426050591281468,0.0016097063199583261,0.001962736331781026,0.0019625471996755905,0.001955710245990838,0.0019455941767679286,0.001825160832654285
154186,0.001195606860537879,0.0014101727803472741,0.001359939145430547,0.001491190976651069,0.0013015770918807373,0.0011827107053346553,0.0015184879380508165,0.0012518120322964205
154188,0.001625660768029294,0.0017730528618243313,0.0016890448780860212,0.0022272599542185745,0.001827087392039184,0.001893398352481937,0.0020865430673805557,0.002180918254661282
154190,0.0020542661215314784,0.00216551248491742,0.0024249537066057952,0.0022008800597002193,0.0020703285650017916,0.001987424020688744,0.0020918031585982627,0.0017576389378277796
154192,0.0023857249043648943,0.00228293228466471,0.0027822228232282087,0.0027936888193844656,0.0024366471393977296,0.002559350467450594,0.0023687284160268107,0.0023183628745926527
154194,0.0023756826984194235,0.0025217907542673945,0.002121123099675659,0.0020867533983448677,0.0025696599285973676,0.002120449223597609,0.0023989562352811356,0.0019903350595852493
154196,0.0013451730297708853,0.0013214568816369981,0.0012060361791913637,0.0012211030337053869,0.001318488222448233,0.0011016236324438294,0.0012870038685620089,0.0012431243816435483
154198,0.0015653497784821196,0.0015857167009949436,0.0016386794830083873,0.0016129946871291795,0.0015803511583902807,0.001661530604442199,0.0018789586267387026,0.001536644417393998
154200,0.0018203391849051093,0.0020403950151886563,0.0021338799728359975,0.002284302692090956,0.0019214206081698132,0.0018680713144425543,0.002330524311678475,0.0022028812418412175
154202,0.001814507544884228,0.002139143534399604,0.0019162365724323532,0.00198186040710141,0.002215447458378886,0.0020638220223990894,0.0020775608223999598,0.001974862390281676
154204,0.002351138386450638,0.002561295770196148,0.001924784964885129,0.001979031144147561,0.0020682658772541856,0.0018773922743920007,0.002467027818432721,0.0020574477188631257
154206,0.0020305621828181075,0.0020103901287521625,0.0021804784751529166,0.002000879563754998,0.001966776294727579,0.002076704101302687,0.0020189897734548268,0.002155625132901129
154208,0.002188238177038962,0.002668885443901217,0.002684200837195727,0.002675874138882206,0.002171987681167886,0.002459432553515717,0.002434585441165718,0.0023648065284831987
154210,0.0014393861608264502,0.0017403242769647442,0.0014674328097152856,0.0014972260585034564,0.0014713103798392885,0.0013057877086525421,0.0014555365828421984,0.0016312762463712716
154212,0.0022382521652004744,0.00237968809822188,0.002445423605133057,0.002350955227260698,0.00240806531660831,0.002955096926364323,0.0025050291353850285,0.0024619594337817047
154214,0.00201631645066791,0.0020838155113624968,0.002044044828158287,0.002074518107320192,0.002353150717040231,0.002240236055902012,0.0021189409390842823,0.001759979602838302
154216,0.0015183192594998701,0.0019181437077468028,0.00185400969353601,0.0020381384108336814,0.0019513120517480331,0.0018498504985259429,0.0021238358125248574,0.0016910508026081322
154218,0.0021386838681925063,0.0022849451342135674,0.0018484962100870916,0.0019257706180723227,0.0018347632612714243,0.0017784458335012993,0.0019260089780639422,0.0018602135400798275
154220,0.0019607850454763653,0.002272337555838125,0.0020668724675059758,0.0021998427677183546,0.0020883982932895645,0.002002186541933973,0.002405262595207347,0.0021828153117662286
154222,0.0015811275615038728,0.0015437602859164207,0.0015616416001060784,0.0016681669812192018,0.0018242197321252096,0.0014268137470625636,0.0016272091160927094,0.0016112219315696091
154224,0.0021362729805929903,0.0019505607444937484,0.0017067421167861335,0.0018048510340671342,0.001884673220801672,0.002069394703708982,0.0021701539929220304,0.0018033896082139678
154226,0.0024576168249804825,0.0022824022477472283,0.0023074424202820243,0.0020391725188258075,0.0025471135577535,0.001880161199145483,0.0026934660907083074,0.0024598611854123598
154228,0.002261769594467125,0.0025489097595807753,0.0021396556345215784,0.002190234999549859,0.002067102129279741,0.002067244065279819,0.0023742753430658348,0.0024199386456136424
154230,0.0025321739542223526,0.0026117503517919666,0.003024700833803573,0.003144700511023224,0.0024903118031477517,0.002555852291480143,0.003411957889896247,0.003323053028199699
154232,0.0015331495343682278,0.0015968210052635379,0.0016164901006874288,0.0016161417369379288,0.00171289141087895,0.001261496429384723,0.0017069363465510023,0.0017821390066376092
154234,0.0015428587825589007,0.0015645186134536498,0.0016656260852246363,0.0015951000116489755,0.001440667220733452,0.0016716735090405166,0.0018197022046129302,0.0018248158085448912
154236,0.0017538264712230328,0.0017976265850883216,0.0018383818481009784,0.0017507830945108355,0.0019762982986672034,0.0020149031972095527,0.0018794679691592903,0.0015344272899270456
154238,0.0013672963645308678,0.0017769502272058646,0.0015849459940291966,0.0014587114037529908,0.001415818629965107,0.0013768743035050962,0.001676550149969494,0.0016476829335654447
154240,0.002045309218106653,0.002356501209619402,0.0021730381826706863,0.0022399521861421606,0.0023967661023947123,0.0021075653579674114,0.0024408887352154185,0.002220133722208875
154242,0.0014247333149894903,0.001391379068063206,0.001645288244844778,0.0014994005752373557,0.0014972012654247552,0.0015075962596853287,0.0019004812466159038,0.0015519244079571642
154244,0.00252229924845028,0.002443119922080683,0.002141069224768144,0.002144240383093035,0.0019197201099056121,0.0021696486671079485,0.0024637076095904847,0.002348050200524421
154246,0.001991433440952664,0.0018731014745379526,0.0015840245361920108,0.002076288198573417,0.0015690596980956345,0.0017412602737219146,0.0018901192080083562,0.001768796271051587
154248,0.0024902467374348647,0.002475199301508871,0.0021830429722658473,0.0023318322935762664,0.002208802703315818,0.0026507495485442872,0.00253116514899987,0.002317784261720357
154250,0.0017465284262231512,0.001992373821595464,0.001541299628018189,0.0018859157998308285,0.0018394668730561947,0.0017252770201432593,0.002162523115347828,0.0019449205295674066
154252,0.001705228673032702,0.0017169721796289755,0.0023757324500335436,0.002008885449962472,0.0020370265496695433,0.0021141976497057874,0.002079088621544989,0.0023277688946615194
154254,0.0010537737594518148,0.0012296863542430453,0.0011735105491364473,0.0012316479570950722,0.0012061143211446052,0.0011202160347837525,0.001284531303509931,0.0011685268490481265
154256,0.002530708609811916,0.002501273168255269,0.0026043900447654394,0.0025924228660807597,0.0025269094631546474,0.0025181594493739606,0.002641118919247065,0.002405708041324353
154258,0.0016046727630474877,0.0015651555254727612,0.0016547204509969604,0.0019916954483279042,0.0014677867394896627,0.0014771794244379383,0.0016785501697558353,0.001430145595491053
154260,0.0025915697723286613,0.0026357228040923553,0.0029406845058216474,0.002956770704068426,0.002843901411121466,0.0028402459919549816,0.0026911465414889424,0.002941112793924963
154262,0.002433141999816313,0.0024177455477097376,0.0019239989116490858,0.002514739986851977,0.0020788779978109795,0.0020725598375102156,0.0022253116934357053,0.0022030515451219035
154264,0.002274076406543424,0.0023653692392353737,0.0019248862973567094,0.0026034323406207704,0.0024573771176533143,0.0024706102298239913,0.002462824200400393,0.0022541241976450355
154266,0.002061419213185367,0.0025591861307683317,0.002166413686445781,0.0028804469376277897,0.002348721404049639,0.0025612026351812395,0.0027286395959032067,0.0026425086420454186
154268,0.001710067092930423,0.0019415921256654145,0.001802269097589182,0.0016246287452288538,0.0018584083408118013,0.0014809210313210391,0.001791856384958379,0.0018093079504843956
154270,0.004159753636086505,0.0036099290611259077,0.0032029840600711484,0.003203980953575894,0.0033974788452773574,0.003195310564368725,0.0033755736410547854,0.0033398722603617537
154272,0.0014848410600292739,0.0018220100393553929,0.0011733875309636321,0.001319266133851929,0.0013173716781458844,0.0011617337639899805,0.001483175210982568,0.0015349620101069578
154274,0.002012872993890094,0.002145639266156199,0.0019815439916470723,0.0021350303495355633,0.0021881412873858835,0.0020579844210178444,0.002713248215824804,0.0020354914289839737
154276,0.0014438781672189288,0.0014516943456408526,0.0015146437576000343,0.0015207879521251938,0.0016850525040377207,0.0013640939025755389,0.001620596009688724,0.0014112971853231238
154278,0.0031359380262575703,0.002456902908325509,0.0026150876719128885,0.0024645737927926487,0.002713533859179107,0.0031185009079087167,0.003120201188516525,0.002386984581407861
154280,0.002720624256590934,0.0027924866678685906,0.002716828770400595,0.0029078574266350743,0.0032331032231387585,0.0027460911192483395,0.0028853458407374633,0.002782186667885045
154282,0.0026553516317008447,0.0029747770820144487,0.0022102109276913584,0.002533349835159862,0.0024196260180265328,0.0023530224138597206,0.002540215582283803,0.0024941224173762877
154284,0.0018620752357565579,0.0018767938038958404,0.0019698523940983037,0.0020644729606056345,0.002493723179863419,0.0024485545072595732,0.0021836372429867718,0.0021575163508825157
154286,0.0019853867974834044,0.0023037150194558237,0.002303827666644276,0.0024914072655475433,0.0023664096876002128,0.00220288438907007,0.0024557127854108046,0.0019355957912210592
154288,0.002103807298637017,0.0019321515823709362,0.00166812894324192,0.0020663857486680343,0.0022251739201908927,0.0020680307297214068,0.0021315904690367843,0.0021317573059854156
154290,0.0017267627992430118,0.0021589794475532914,0.001925960912516192,0.0019646770299423105,0.0018661544816849784,0.0017969275820759467,0.0020002983772365313,0.001989197769728182
154292,0.0017190326103550119,0.0018629929261737704,0.0020083825686537105,0.0019195689691751117,0.001977610146927225,0.0018623739265649086,0.002051608684189299,0.0016942577284262544
154294,0.0017388805192695145,0.002094633117092362,0.002235638523419292,0.001990861606547281,0.0017356123719560745,0.0020908651473621753,0.002083147588316514,0.001961912864991755
154296,0.002571980939522156,0.002747491784432912,0.002472673414342777,0.002676629595759261,0.0025536507683537324,0.0029069024995890397,0.0026784250043657837,0.0024462419795713425
154298,0.0018068377876069436,0.002130796277094227,0.002153710886173124,0.002036773009782014,0.0019832613629817836,0.0018294174307076916,0.0019220885403834487,0.001744090309872215
154300,0.002105924897283243,0.002484604129454074,0.0017536642242038797,0.0022258431444748816,0.002118453271207202,0.001797509706616976,0.0021667726242071694,0.0020256727807144714
154302,0.0017857028291965449,0.0021251799389078313,0.0017815515146058086,0.0022141462465113393,0.0018647794370903054,0.0018071687555085703,0.0019239799568383648,0.0019029310608085215
154304,0.001824186000866368,0.001864328707839924,0.0023027410043669067,0.0019950834778841853,0.0020589194232636387,0.0017590351503413704,0.0019863978070305266,0.002028821763340752
154306,0.0018855540800624127,0.0021446685571136492,0.0018485830208932047,0.002376814767334326,0.00243997630419103,0.0020586777085501856,0.0023712275036145147,0.0021757599016831858
154308,0.0022367169897846845,0.003032949215232783,0.00220098771721057,0.002852981993050188,0.002705945360904849,0.0022178531290485554,0.0031989634822600227,0.0027425818493412996
154310,0.001650210414344891,0.0016292931719021908,0.0016727541892737202,0.0021072428238068236,0.0020503774346786324,0.001500787148158489,0.0019267290521334801,0.0017564200094577487
154312,0.0014557276056397783,0.0016164643390559896,0.001878788107731788,0.0022039731154362002,0.0017410243079423737,0.0019150192554522882,0.0018085667561346247,0.0017559394875216322
154314,0.0019111165386345719,0.0018496207439855916,0.0020297434046055024,0.0020786364730813883,0.0016886945989918467,0.0019935765552956536,0.0022513425703710177,0.0022427105393929697
154316,0.0019189279113627222,0.0016027748326544883,0.0015446014385749884,0.0018626510970500831,0.001513833124349176,0.0016784970564793916,0.0019928164891658273,0.0016980595750404476
154318,0.001964898300041776,0.002404885880110244,0.0023139241483294826,0.002188401639625026,0.0021228202729987183,0.002270460557072043,0.002316014434583638,0.002200322240227273
154320,0.0024512528534064715,0.0028130505002178646,0.003044253787405929,0.003155777222914935,0.0028486315601134043,0.002925608887189901,0.0028900069785022797,0.0028927188301121204
154322,0.0022235388916059945,0.002751312138863149,0.002483663512507839,0.002617900261289288,0.002658715148043736,0.0027029599615435856,0.0038076730784658702,0.0027041566356453828
154324,0.0017899456584979934,0.0022125976330791275,0.002037341310792709,0.0019853575832996656,0.0021567751271336366,0.001496258992347066,0.0019467965160266942,0.0015379370686977034
154326,0.0015484001616145188,0.0018644448434286393,0.0014990114111817499,0.0017845138633319074,0.001881662127722672,0.0017682225746194075,0.0017218630825655001,0.0014412280580842207
154328,0.002664199727846983,0.0022901353439411937,0.002423888727252299,0.0025925901632662396,0.0023129551436174567,0.002586384816864476,0.002750597012291023,0.002423482680643088
154330,0.002461650757382472,0.0018012896479202706,0.0016394924066357591,0.002436603741717891,0.0022287549485137254,0.002106567052844302,0.002173374049450283,0.0026039554632575346
154332,0.0016634821436912889,0.002157913660470412,0.0020319365838695896,0.0019421404231414474,0.002049654176253926,0.0019478450038214051,0.001865035228451939,0.002041784859213927
154334,0.0018232457879994307,0.0018617379915077947,0.0020148376476543245,0.0020078937722650125,0.0020191588399876143,0.0020532892999059055,0.0024029983644049957,0.0018649538237634072
154336,0.0022837981321011253,0.0020366284251344263,0.0023918050668943064,0.0026964605588500334,0.0019668803787096373,0.0019806091548019295,0.002628112962479015,0.0024496108782479653
154338,0.002793204068796698,0.002985487540298204,0.002439214910054943,0.002156532232771513,0.002727302109090113,0.0021656941664809914,0.002586834603231003,0.0026393655334860378
154340,0.004322437817432467,0.004428419768676639,0.005604582810399883,0.004420495329186203,0.004194117125804253,0.0039713934211624835,0.004157639556130965,0.0038342615102578
154342,0.00212131080214574,0.0019324447055893423,0.00181828751553538,0.002192962578781779,0.0021225415399257624,0.0019474122916785103,0.002191543118899242,0.001899403373668132
154344,0.0017072475681504523,0.0017107249572521216,0.0016462352099734373,0.0017982375738554573,0.0016126042143069785,0.0015827820157596761,0.0018661078126092218,0.0015281501406050474
154346,0.001776403471771118,0.001769971840335352,0.0016713445299965102,0.00178018600142682,0.0015609203319955633,0.0014903935478740582,0.0016089082869295002,0.0014519878876085301
154348,0.0011052234029654273,0.0011339373865058011,0.0011407847162865498,0.0012771435822191007,0.0013336220104887553,0.0012266248872308538,0.0012725259793966576,0.0014197147480084077
154350,0.001325983819697521,0.0015512200598439968,0.001451037248538914,0.0016021195751001471,0.0013743767630970544,0.0012653141673229507,0.0015903903370032696,0.0015446764009899305
154352,0.0019123394568956176,0.0020919377615569723,0.0020660514802051666,0.0021933512748623235,0.0016780685180296656,0.002022413661409997,0.002051943132290193,0.0023478029011931995
154354,0.00106372524942501,0.0012072292839563487,0.0010866205383259914,0.0012425231515900137,0.0010285749647343523,0.0012053376715646241,0.0013278787539712372,0.001130616773068041
154356,0.001985267286272477,0.0021212188371921986,0.002002905378429079,0.0019592472725738497,0.0020146804668404045,0.0018001340690156908,0.002184935729057147,0.001763933926008987
154358,0.0018575527917522039,0.0018830385319384413,0.0016016141311232662,0.0017245402490841943,0.0017828599803593331,0.001683447828505713,0.002037631208464133,0.0018402850068835463
154360,0.0030066299618992792,0.002220825712729635,0.002156238494189014,0.002594103670347639,0.0019815748360675484,0.0025305478188689806,0.0023126914259919418,0.002836676652240522
154362,0.001833004268721794,0.002168326283117153,0.0019184028068175568,0.001946891193828293,0.0018971602744179,0.0018303369204765302,0.002111465081712005,0.0022356723426547043
154364,0.0020408133660160394,0.0022909519166895015,0.0019782370725283244,0.0022175303327599677,0.0017525093671405673,0.0023473534634921855,0.0023352579506824706,0.0022055690943354606
154366,0.002933552845251333,0.004594281311500803,0.003956587062995176,0.0037747896389922625,0.0036789569071000866,0.003339362471697138,0.0036680057863525684,0.00358094923903797
154368,0.003327223879725519,0.004038093411984411,0.0038459263887489215,0.003433892884858958,0.0031534354735998082,0.003332305641924896,0.0034365356948820036,0.0035698521610188494
154370,0.0019345869810116906,0.0020637908828422674,0.0018300063875070216,0.0020641991004599763,0.0018306136094004138,0.002046110234310783,0.002108359656520842,0.0018476567170405828
154372,0.001460666705484448,0.0016209631512179024,0.0017480320481520067,0.0016208299676217508,0.0016997584340355948,0.001516601072391724,0.0017498806949301504,0.0015212150941236319
154374,0.0014076675692532015,0.0016649666146351244,0.0016833558152263978,0.0015905876353877885,0.001543231352510388,0.0017558514457943902,0.00170162379573352,0.0015404000132015483
154376,0.0023611706333344223,0.002256632882207621,0.0022792987274993792,0.0025798909612762544,0.002003887819075914,0.0024528396595866614,0.0023383903172311538,0.0025124550381453586
154378,0.002166393919722731,0.0022074537365038283,0.0021627763951679313,0.0019726390210195177,0.001804386402298741,0.0019337799255919053,0.002172855151412245,0.002165976758866664
154380,0.0025254594965740673,0.002463478699329613,0.00290461846201856,0.0027107448228558817,0.0027977283355578586,0.0023239468054138263,0.0027288797322638225,0.0024739065502685925
154382,0.001335924035922656,0.001452760209343984,0.0018505581167806012,0.0015721405705011599,0.0015967185888144386,0.0014352485973048723,0.001647536559998955,0.0015300564150502183
154384,0.002389635683741398,0.0034045612747646836,0.003017686916526721,0.00284664203369879,0.0027200518504271742,0.0027934182832037996,0.0029706128827893807,0.0027961813611254716
154386,0.0013672335512749378,0.0015068575048738375,0.0012677543815914488,0.0012607979124737434,0.0012858090997276556,0.0012012417698599315,0.0013970203461288883,0.0012682865929983939
154388,0.001705656665187627,0.0018887849025444603,0.0015822769643216716,0.0015373939428881128,0.0015372166224205674,0.0016806075819297966,0.0019492496765869394,0.0017759249335404098
154390,0.0024982990238569536,0.0028038810591671237,0.0024112958784833355,0.0022930471447901862,0.002702958024765556,0.002100301163260321,0.00272771417729413,0.0026133555188572744
154392,0.0018509270420886126,0.002050622710321248,0.0019930027501724457,0.0021654396757428973,0.0019095081858078317,0.001997850256605163,0.0022637177944071496,0.001986848112820516
154394,0.0021084691323092764,0.002315672740366148,0.0020429054266536545,0.002210580831724096,0.0021546656552607346,0.00231764222025177,0.0022972261899235763,0.002201256872505844
154396,0.0024719458305290237,0.0029208635472733335,0.002988356633725431,0.0024567954420112864,0.002682731887326817,0.002375174680736128,0.002555497106496732,0.002811088056192068
154398,0.0028367591916824697,0.0032244357994329342,0.002709266687624959,0.0029180809778344696,0.0028793537936744884,0.002995235276307198,0.0035367830017947327,0.003657742811240594
154400,0.002822526233698719,0.0029818243858459464,0.0029770832493059146,0.0031900999985377126,0.0024894002170417068,0.0024821740406812953,0.002917128799939661,0.002987381247978052
154402,0.001437325391110203,0.001843047231617781,0.0018098264648271911,0.0019698514020606434,0.0015073092981765512,0.0016147259035160927,0.0019106608947677822,0.0017808160281129748
154404,0.001640023404348226,0.0017344343077105862,0.0018758756245032537,0.0019089993461849364,0.0019205376134173863,0.0016844369007368437,0.002059376860705356,0.0017879565598308833
154406,0.002637687346169218,0.002558071343703505,0.0022280262036224047,0.002951694527038251,0.0024880710578263493,0.0027591482691985553,0.002356499039542617,0.0022051023454367075
154408,0.0014203627495160825,0.001438874009461133,0.001728665839406729,0.0012774410147292081,0.0015774087204354498,0.00146726670577918,0.0016076160128282307,0.0013484322842816088
154410,0.0021895150205397673,0.0025845587904671646,0.0022924160500550905,0.0027549005067034754,0.002301123107215433,0.002774871228763534,0.003024390242432118,0.0023220471706732054
154412,0.002038579741694427,0.0018066436549904474,0.001568004499204037,0.002025837431982716,0.002062692686793932,0.0022839341477265546,0.001983045697002264,0.0017536623521666878
154414,0.0025953837992143125,0.0025919270759691693,0.0028786046261084497,0.002142777806453236,0.002210766145664414,0.0023078633239193014,0.0024786967580712332,0.002474325323182161
154416,0.001864364416735556,0.002019600120243284,0.0016897189000897456,0.001843233714034831,0.0018832978358327424,0.0017786654682350744,0.0018123963616806377,0.0018490895112857064
154418,0.0012939922285257754,0.0012704524064171552,0.0011417313574071386,0.001290459015424128,0.0013877429763198418,0.0012184670595275643,0.0014484903109738406,0.0012391296812644392
154420,0.0025319358865625308,0.002119533280676933,0.00240418624025468,0.002255961168115883,0.0027390685841874873,0.002110165685964782,0.0026754791082313073,0.002089017679708649
154422,0.001902529365097827,0.00210992098152675,0.0023220213208888923,0.002155892538008644,0.002015268755862998,0.0019403631699921875,0.0021253214506300605,0.0019210372119998903
154424,0.0024614633429512894,0.002317121080127063,0.002062740398945953,0.002281349119965817,0.0020771312512910672,0.002058108805310044,0.002376554698130931,0.002113347792377651
154426,0.001629593924769246,0.002088243035444984,0.001613318770580463,0.0017579285071636641,0.0017187444092678916,0.0017265476312178785,0.002116260488539426,0.0017375451264739633
154428,0.00160306984667008,0.001836715316337001,0.001569545220578894,0.0013584665683128438,0.0014346355879202854,0.0012766329418267969,0.0015545547992845826,0.0014694450689687333
154430,0.0020897849744823255,0.002509496272140588,0.0022089182581715022,0.0028335469922847883,0.002377393072755876,0.00214116747991612,0.002764434956509812,0.002669050186364111
154432,0.0015661369360295968,0.0014936458748988773,0.001626624304987223,0.001392406433518581,0.001500984292643906,0.0017078670174037885,0.0015788001083443803,0.0013295886660909112
154434,0.0018456178732330214,0.0017878192041118623,0.0017942528539196534,0.0020963633262983117,0.00191733062883849,0.0017580025432818586,0.0019754613947081112,0.0017296358793618266
154436,0.0014528596038907438,0.0016356937580602193,0.001562893763745743,0.0015232089256956294,0.0015155419118718094,0.001376308717978017,0.0015055438712250485,0.00152220559689277
154438,0.0017747590020816967,0.0019258392799318541,0.0017585027184028323,0.0018000427134785696,0.0017256802840259766,0.001687041368072642,0.0019967764083084205,0.001873208854000899
154440,0.0024091355912082696,0.002081774329492095,0.001974164494185096,0.002207421881640373,0.0020178764546643913,0.0018922761433133456,0.0022522321082334984,0.002126194668426465
154442,0.0014818180233006212,0.0015357864555644168,0.0017554346824690814,0.001995502482863412,0.0018649982261005477,0.0019529474594373042,0.0017127030094030715,0.001672168256988904
154444,0.0018025120245903636,0.0022272033434973665,0.001728001127276002,0.0020304154687174197,0.0017999421934555976,0.0018254772395155522,0.0022511308183720408,0.001925362268778097
154446,0.0023986059219561207,0.0028493024463905336,0.0029626906497384198,0.002603073864685182,0.0030561976029459675,0.0029743321279185886,0.003221963825248919,0.0025930363154840763
154448,0.0021968783282923093,0.0024220330013671187,0.001965752123091191,0.002021576428262728,0.002215781325885638,0.0020306179154216952,0.002412363943149254,0.002032925782115891
154450,0.002355096294038239,0.002645431353736294,0.0026754872012496045,0.0032717981997013035,0.0027108530516884027,0.002806164615823517,0.002845763587210462,0.003899441276235871
154452,0.002396499837603941,0.0021299320865118127,0.0023571323826878654,0.0021267931769498732,0.002442565343829861,0.002208750879695645,0.0026950280966343693,0.002403069584850162
154454,0.0015063991282672357,0.001633106364863579,0.0019152491236224117,0.0015327726412606157,0.0016597592930295418,0.0015971258922733989,0.0015500726084339278,0.0016494892464822275
154456,0.0013584478949724144,0.0014066644877098883,0.0015081803917188635,0.0016169517479708434,0.001524696064861622,0.0012645581596760908,0.001454594728139691,0.0014302850703820646
154458,0.0018463819876149423,0.002772822497270566,0.0018041990472836833,0.0027961990901968076,0.0025838990034643544,0.0020945185453709186,0.002249628690352848,0.0020514507504652
154460,0.002051967769807428,0.0024245728845046083,0.0020559961348647904,0.001997946500825132,0.0021674805296629934,0.0019563086457827783,0.001882244888464793,0.0021458097581725927
154462,0.0025008528661807916,0.0024016811591033443,0.00211178040635486,0.002900027401242511,0.0025792601494271233,0.002433688523766478,0.0023058210832378606,0.0024978201374814546
154464,0.0027861820747394767,0.002795374944798548,0.0025623199899769133,0.003057816131438962,0.0028901415595472546,0.002259639124508453,0.002875742376884871,0.0024447074095702015
154466,0.002162493665168519,0.002384444822141951,0.0022724519194534804,0.002340619583807657,0.002107268133124243,0.0019708743255236194,0.0021899041082997783,0.0021682492634651634
154468,0.0024243857863359836,0.002126959826057373,0.0021848814001024786,0.002514317060421656,0.0019648084694841167,0.002153134530781531,0.0020817882672053423,0.0018873206237936119
154470,0.001791570026370204,0.0016510476872389074,0.0018100271079740798,0.0019682142190841218,0.0018402674278775871,0.0020729010771791817,0.002001605165616663,0.0021194633066576873
154472,0.0023139284490985568,0.002485985112790648,0.0015341920659054514,0.002054031771210385,0.0021618908467433418,0.0018594057665144575,0.002065844227018554,0.0019723759538962243
154474,0.002158989833262251,0.0019177113710577842,0.0018674904301798634,0.002073024215288266,0.0020320437213921516,0.001986583103676054,0.002205226200524893,0.002151716616950239
154476,0.002583209385049523,0.0029687504791919977,0.002785166341457368,0.002845035891015313,0.0024352961082013125,0.0032338302351703346,0.0028152306546625067,0.0030066528399469578
154478,0.0021560181168931436,0.002493497343903306,0.0022498718243613297,0.0025712925356580763,0.0025442904086370732,0.0019219569044607449,0.0031110843554463252,0.0024785910417490786
154480,0.0025700516012484714,0.003567457161863033,0.0033779726352801825,0.003140348010755148,0.0030351723259021274,0.0030042674551750276,0.0032908975475798435,0.0032153516020912015
154482,0.0017207839589117452,0.0020581503802458295,0.0017351676026072932,0.002052068683921618,0.001865016244591025,0.0017418759118873611,0.0021077377511391493,0.001815324236603466
154484,0.0013996512549498963,0.0016558941717282338,0.0013567985570270835,0.001616522153236391,0.001446314507338467,0.0015883532933814865,0.0015662363029367854,0.0014829040680400946
154486,0.0022804517152248543,0.00249764773472895,0.0030733174008541614,0.0026384450476757554,0.0029012340191410108,0.0025575603865962138,0.002938955508772781,0.002740706553547634
154488,0.0032218559834823607,0.0035571346291050077,0.004064168742993424,0.002791130079185647,0.003342450647335085,0.003060221852587086,0.004080301767448669,0.003506121727512357
154490,0.0012180522767302193,0.0011392939428074428,0.0012382145282485713,0.0011591677763101438,0.0011065675503161426,0.001273778380285473,0.0013832688390925107,0.0014261296674398238
154492,0.0012382944923231692,0.0012470528920980328,0.0011848709381052785,0.0013460998206854674,0.001273111029953533,0.001350027528329592,0.001267054929630973,0.0015930879065928494
154494,0.002324443208464047,0.003052598336235557,0.002691285299746396,0.0032448330757333665,0.0026194924449901708,0.003413523930191356,0.0029986806229054808,0.0026356233530738238
154496,0.0027792553302070783,0.002887851705628608,0.002583318066740406,0.0029326994192758193,0.0025624640608761795,0.002662973865082352,0.0031131829309583164,0.002944628358522841
154498,0.0021213015369295207,0.002342318012827152,0.0023507836348874017,0.0026518275638657413,0.00230045552399262,0.0023160592546878633,0.002093891184365551,0.0023049718174289607
154500,0.001817762390299793,0.0020059488587454016,0.001984880891308785,0.0020516667297352242,0.0018371614179719803,0.001915110222908481,0.00232596399715157,0.002113956137200168
154502,0.001663467253705031,0.0016436890277017474,0.001679854150482607,0.0018155559781707908,0.0015830013707083257,0.0016519633001563921,0.0016064756575787792,0.0015891343325220714
154504,0.0017967895663728722,0.0018273826265041843,0.0017099053423955818,0.0015177192346587653,0.0015770122235862077,0.0014455716620038889,0.0015840277980419537,0.0015265003362883306
154506,0.0014593463275822671,0.0016598594619893353,0.0015519493565508413,0.0017045611002023536,0.0016601599870042089,0.0016505587982012515,0.0017370749567539173,0.0015220602564725155
154508,0.002183978454285432,0.0030260466407918685,0.002522592619404032,0.003507322688550696,0.0030421691265064693,0.0021643008915590706,0.0024315788465543164,0.003641257093123587
154510,0.0017812383089767098,0.0019016627438112194,0.0016138164801038496,0.0018546051622610055,0.0016858838845626445,0.0014600394657705712,0.0017638966889011037,0.0015759147199288087
154512,0.003930480425697047,0.004295407715289912,0.0035808221727898215,0.004339347935538251,0.0034064143507317457,0.0028463892180114053,0.003979884205185746,0.003121615529079469
154514,0.0030523937511073435,0.0032991047055230954,0.0030717174858607837,0.003405865592918167,0.0034608764697326017,0.002678330920343766,0.0044359294997536325,0.002650844297689192
154516,0.0021982216151683748,0.0024911023264974214,0.001794126933194598,0.0024349192542549997,0.0021236349512641084,0.0022464281803608183,0.0021244295246636846,0.002102194946718497
154518,0.002173553628996419,0.001930224400784622,0.0022256515757746037,0.002046597593077293,0.002037221254803434,0.0022872129217168524,0.002067882329369733,0.0018647659240722675
154520,0.002949893907411641,0.002687926731734583,0.002793438366225587,0.0029429030524780325,0.002856059452751636,0.002820218618672668,0.002752293537578568,0.0027390954897284076
154522,0.0014335546736711363,0.00145326034038952,0.0014997589162322328,0.001438641423345946,0.0014949456664928307,0.001574435026334156,0.0016678626895440113,0.001654297989157394
154524,0.0017472561756842198,0.0026889218733317094,0.002377623034093057,0.0023971797540206646,0.0028576894145787707,0.002441874234490951,0.00256366128828156,0.0021551630074192474
154526,0.0019065117943597443,0.0017403525614554521,0.0020838947578095818,0.0016422611761241074,0.002059555724785389,0.0017655095095401308,0.001980208293776764,0.0019247581612580889
154528,0.0024239173388652113,0.0019447943569164128,0.0018488915200647882,0.002342663830896763,0.00192868819050597,0.0021674725516423465,0.0022177990941196907,0.0023271581988535545
154530,0.0024697596484948847,0.002527333072724694,0.00238469367990235,0.0025686599201577565,0.0023088409276361826,0.002393721718410513,0.002932546098215527,0.003050280380559267
154532,0.001393920375550431,0.0015514932692364258,0.002009848980730769,0.0019310019025056135,0.0015955850819598383,0.0017105058605162426,0.0018788352580468293,0.001871268437100504
154534,0.00156768942474185,0.001679658719575594,0.001601224740184884,0.00180168051034503,0.0015992242680704788,0.001571879432524917,0.0016297373936641352,0.001842169323688303
154536,0.0019481439189244498,0.002026074528149735,0.002174139658728258,0.001850871268223253,0.0020263012412782277,0.0018458006444782016,0.002098075479800565,0.002202988948284426
154538,0.0029200139822513904,0.003989288468708774,0.0035332750231740206,0.0026660078902177725,0.0030350573952915433,0.003202721789839505,0.004055441387706971,0.0032065430570405035
154540,0.0015192992356469759,0.0018274915539802233,0.0019075344100956265,0.001735812893734201,0.0017748672913777686,0.00179514357727234,0.0023417616563082277,0.001941365934472597
154542,0.002777468840698072,0.002691817175112368,0.0024697866782126404,0.0027162295822318883,0.003000971546241127,0.00259647669383635,0.0025942061297535984,0.0024993575032148385
154544,0.0024273372753392253,0.002267510628517058,0.0022564382234726565,0.002389097770769469,0.00214361182793478,0.00213594929013855,0.002318129698908336,0.0021337811967117037
154546,0.0018355098037547979,0.002136979330750313,0.0019302316021874294,0.001855227041450483,0.001960676174273479,0.0018929918292798359,0.0021257315864560283,0.0018247346498628247
154548,0.001523728600241206,0.0017721670093640562,0.0017621219674773259,0.001795359505227856,0.0018239766194625417,0.0017385263525702133,0.001896704350519196,0.00187127681686855
154550,0.0034171265767161257,0.002591921386227783,0.002823810453457476,0.002747082130039269,0.0027521567331552227,0.0025928693832893424,0.003144862205918822,0.002588199737729724
154552,0.0013941482054647403,0.001554775714894388,0.0013581815392363361,0.0013889525345975873,0.0013158669314075055,0.001400702582629934,0.0013292594170638689,0.0013599751389259396
154554,0.002050676693174991,0.0021423874104784663,0.0024566011961494466,0.002282611193838227,0.001948988831590795,0.002234811440924356,0.0018700819224971021,0.002083596146009739
154556,0.0028296378419141593,0.002885710044267853,0.002077470150333563,0.002247656186156244,0.002288673721382098,0.0018586379980556483,0.002498217096027988,0.0028169201038830693
154558,0.00185780872928544,0.0021006265805513374,0.00217439188077867,0.0021031488213131416,0.0019227193447829555,0.0016736794582301734,0.0021981562924522913,0.0016182777400546855
154560,0.0020393373813555465,0.002138386868772449,0.0018331331413998786,0.001897293654685106,0.0017382638575487303,0.0019468445121245126,0.002235628307242235,0.002005089685454209
154562,0.0015372084431399813,0.0014802937571729707,0.0014988882393103392,0.0017155779521269565,0.0012825104036482404,0.0014722827873747818,0.0017597689385917548,0.0015132652884788933
154564,0.001590112832579052,0.00155807780424079,0.001443851271882901,0.0016549432198093156,0.0014848074697583341,0.001587784413881202,0.0016990262113304594,0.0015101320795545825
154566,0.001872001093086842,0.002169562600993269,0.0024370583332023465,0.0024435184029517054,0.002059419462787218,0.0020257338115650114,0.0022183794777215354,0.002097161311685483
154568,0.0026871202458984694,0.0037289382648408864,0.0029932436954385744,0.0030458777856251645,0.0030217553648306805,0.0028775885684711455,0.0029080759932025857,0.003261599376852553
154570,0.00184595493477957,0.0019053161080437864,0.0016810599662644976,0.0017741586057278824,0.0017126404167705639,0.0018143022105852058,0.001787964750934956,0.00180932506407544
154572,0.0028245286987430007,0.0029506093946764095,0.002430104710332018,0.002647683966175998,0.002535308867752717,0.0026447029191085797,0.002707451277997333,0.0029818732076891813
154574,0.003909363100046415,0.004410358047707286,0.0033585281960363395,0.003095055673486835,0.003774114932995745,0.0029240893953181996,0.0038202957921120717,0.0031973720516048076
154576,0.0014224371792936896,0.0015959169363349984,0.0014707714351725049,0.0016364776090089933,0.0012652518868616763,0.001442391938637988,0.001675582000074241,0.0018605673577237192
154578,0.0019645964510906083,0.0020269589823397466,0.0022160755850144653,0.0019775925864884414,0.001978668887204549,0.0018892359875721937,0.0021135872149430496,0.0019915295304887004
154580,0.002292800618646007,0.002180923821774719,0.0023528366515097737,0.0027671973839299563,0.002254114293053,0.0019505686418465201,0.0028825182424727785,0.002099803012908255
154582,0.0021731003525369275,0.0019021169886169892,0.0021582064747447394,0.001883144255934291,0.001986192928148403,0.002251284240362486,0.0021234468026654074,0.0019753110555962294
154584,0.0021378463276336412,0.002239176132194709,0.002144487414619936,0.002271189462021761,0.0020652326875316707,0.0018188870706219995,0.00202979610491405,0.002083271710518267
154586,0.0016787040198504993,0.0017040243680113698,0.001445008847190954,0.0014882051675022684,0.0013878018180048107,0.0015126740871576616,0.0016274372389474406,0.0018477995551231668
154588,0.0028861299074056795,0.002862798549676096,0.0027404023222175056,0.0028427465006510833,0.002698912449028923,0.002621882772601225,0.0027127972714622306,0.002527725252222446
154590,0.002608254204697291,0.0028494690865855793,0.002533612345848049,0.0028996775410314868,0.002983849607265887,0.0023291929645289505,0.0027928244884407732,0.0028738129009300284
154592,0.0018276215067947327,0.0016380693948721131,0.0020067972017862173,0.001622262878295866,0.0019060222202060967,0.0017778803129209347,0.001834429137755278,0.0016812127093604468
154594,0.0021351756315932807,0.002467718776774222,0.0021909683492113974,0.002615150538487543,0.002523594849361835,0.0022805623689948207,0.0026764306998328657,0.0024195897354761936
154596,0.0021952526832404035,0.002056729972248983,0.001744947642922115,0.0019896915967604484,0.00230303669128773,0.0016930523993408664,0.002007837350828781,0.0024064985447727616
154598,0.0036330320144287165,0.003919379624053088,0.0030655587732798667,0.0035853083069975616,0.0038963409662852305,0.004568866136387462,0.0038966297802858207,0.004159136653593409
154600,0.0031296735530404046,0.0037270103514442376,0.0033088759277251217,0.003598196279492649,0.003178727919714422,0.003703279031009102,0.0036705733252784395,0.0033880823495784917
154602,0.001983752793419724,0.0017871662065549604,0.001592586268072807,0.0019461706484804608,0.0016420356395805413,0.001820165625334727,0.0021082590781453803,0.001900553029067345
154604,0.002431118888651662,0.0026281763673814545,0.0023301387500927057,0.002670789145189423,0.0024833074391039794,0.0024307272974449234,0.002671584319418177,0.002407367407756947
154606,0.0023915940962668802,0.002373543871825659,0.0021070287267434124,0.002443741595897997,0.002531455286432449,0.0024070950716060246,0.0029181457766509628,0.002390823167034206
154608,0.0023878091383091604,0.0018154718510972195,0.002059784303420964,0.002095260930269627,0.0022962203443790963,0.0021331476383802533,0.00222589516822419,0.002061953388160856
154610,0.0017009123734119808,0.0017371246414325109,0.0019040382184055127,0.002288507268606077,0.001614905543435699,0.001755212116777996,0.0020148968428692626,0.0020247443533168014
154612,0.00283674054083817,0.002561434910275731,0.0027213020509142677,0.002396629320688959,0.0023643293819295558,0.00251623956999715,0.002634573876718671,0.0024747763775432308
154614,0.0037367792397883376,0.0031028365742882813,0.0026373295805042773,0.003039844864958008,0.0030084715145983765,0.0034768217296567983,0.002825626832363551,0.002619128670711471
154616,0.0031756164177921264,0.003425842779475677,0.0028977673235380252,0.003104783325774685,0.002910889967467689,0.0036513843759997805,0.003221275360598741,0.003245499010243527
154618,0.002847147698754618,0.0029602595332198778,0.0030482417849930915,0.0032913890903974036,0.0028544621989495256,0.003050879128870823,0.0029081033146010626,0.002730646635557124
154620,0.0015906432020509342,0.0017400672405355616,0.0016669858761997475,0.0015807883615659435,0.001552754569997275,0.0017468251752431052,0.001596814753002454,0.0014784577090267703
154622,0.0024392734180045533,0.002991302490861894,0.0023329347942392525,0.002730981862833437,0.0025048206866419426,0.0025723682544221,0.0026758433061724873,0.0027781568205311746
154624,0.0027650841008972638,0.002457434365644176,0.002268677665250074,0.00248358442413478,0.002545762686704825,0.002624303961124022,0.002485338030869935,0.0027248743016344973
154626,0.001975883964344727,0.002091845413237939,0.0019180755095151714,0.0021001977042823944,0.0019213409213192506,0.0018531702322515664,0.002221741861951912,0.0020777465874567552
154628,0.0023090807961284737,0.0026865718428604884,0.0024017308170715262,0.002514598384731462,0.0021802700824707366,0.002024975015300093,0.0022753776935658387,0.0022918424677920712
154630,0.0024582410791954695,0.00257366001866334,0.002792992618880996,0.0028680287571160173,0.0026706501462554627,0.002500041797931854,0.003341837291243391,0.0028404306329389423
154632,0.0029422483123609094,0.0035470506912361893,0.003375313054490514,0.002757946921472257,0.0036486480385816145,0.0034197328649288594,0.0031468659797533882,0.0031707294536503228
154634,0.0021443421611186952,0.0023405424462774604,0.002039685969786889,0.0026118596322200482,0.0020725330415488075,0.001925228559324768,0.002227761746531068,0.0022800023675353387
154636,0.0017727840085583063,0.001658423995723482,0.0015729492313889537,0.0016010545083313676,0.0017129265638561458,0.0018728016022484528,0.0015986894907948912,0.0016657230861505529
154638,0.0028365238780764385,0.0029719445730633925,0.0028267271600351945,0.00315811230478108,0.0031603556837984798,0.0030195027836388416,0.003352821168061626,0.0028896957718373
154640,0.0016839525706528052,0.0015353333334969937,0.0016472740716244744,0.0016920280076329064,0.0018108599117319102,0.001670689714385054,0.001858021649349395,0.0018935306278146241
154642,0.0014880255335469883,0.001912471740540822,0.0017165662303014195,0.00199221253121018,0.0019221937217053786,0.0018356020549009783,0.0016007036386495171,0.001460195195425451
154644,0.004105994309359318,0.004916929245027346,0.0033776331481373406,0.004035405584446039,0.003434323822337784,0.003912871713375454,0.004307452897653941,0.004012055750005017
154646,0.0022964641979562744,0.002460123186573418,0.002123251452813016,0.002407943933889989,0.002713811754913531,0.0026358356450201376,0.0028134745286406138,0.0026486578268664213
154648,0.0026503490890816966,0.0025695874138884633,0.0024236796475146094,0.002170140803725795,0.002786960417671347,0.0021560579016001308,0.0024413672867860114,0.0022833990101531754
154650,0.0027308113265258616,0.0028415735551729077,0.0031316599746811224,0.002759685634126152,0.002896258688718456,0.0024649725397261207,0.002978406223569721,0.002852568129460123
154652,0.0018842210637921714,0.002001426169380205,0.0018680117406692093,0.0019362291358554634,0.001964726897190572,0.00196492009747197,0.0019606741948250406,0.0018821867053015057
154654,0.0021513133123663014,0.002716697898647036,0.0021412391903594813,0.0020611140980558162,0.002280160683720292,0.0022248266943015182,0.0023072613289976673,0.002120711693149327
154656,0.0021169086742590104,0.0021192698550862588,0.002049450782809714,0.002243789298271237,0.0019239283217931252,0.002097844445009947,0.0023675206939177823,0.0020400066570722686
154658,0.0025158736947619165,0.002519108819055982,0.0024740392196216515,0.002779673268625396,0.0024700692031559,0.002459094477980442,0.00274192871952407,0.0027456901582057075
154660,0.0030779861299576883,0.003099003799082789,0.002989005078434026,0.0030523266552645034,0.0034969725938332474,0.003510489322611568,0.0034588881347455414,0.0031118706668631924
154662,0.0028043604224318314,0.003010668467781988,0.002344867713309162,0.002543834190365857,0.0024382314192013116,0.002420162958271091,0.0024647106503496025,0.0026603281478350255
154664,0.0027619190181905756,0.0026522070313644286,0.0026516848389308706,0.002598171344023792,0.003206135515407396,0.002847461376769056,0.0026127636632209406,0.0029459327796178686
154666,0.0020470893921736982,0.002326449115859275,0.0026701765759375024,0.0029756687157522915,0.0023207946986581462,0.0023952482265711256,0.002821784892103621,0.00225252877776895
154668,0.001899153353436947,0.002174113950966172,0.001837161098624307,0.0018917864561283082,0.0017922430684352286,0.002119089102465846,0.002319409798536856,0.0019107703225053202
154670,0.0026415098734695747,0.0024451078619595196,0.0021743675612109215,0.0025677325938469053,0.00242272386448783,0.0020681154355054604,0.002347255278813132,0.0022207635660995845
154672,0.0021089529124760364,0.002686713958838585,0.0023596477863288,0.0024929917614270464,0.0022696618428522802,0.00291684872984721,0.0030835271683277293,0.003229325009541706
154674,0.0020424750762363525,0.0021814569057979766,0.002043843397389944,0.002045392783357594,0.0020720124202250473,0.0022223540209189707,0.00236821425350886,0.002445518663662938
154676,0.0017564231319724954,0.0016518043213731293,0.0013827324169990995,0.0013645834865139705,0.0015739886525806407,0.0013583932487282319,0.0016592105421914388,0.001251159685866421
154678,0.00192900755668525,0.002031746833119963,0.0018980940347468334,0.002075162923723242,0.0020250487762646513,0.0021270866211948875,0.0020441034403129166,0.002045587213954869
154680,0.0014017250154296917,0.0018971622215413625,0.0015054221657422873,0.0019540331715706266,0.0015269585582339401,0.0018930388333195936,0.0018325707921462847,0.0018131310434583853
154682,0.0018868532619376183,0.0021495004639442983,0.0024072347104999725,0.0024463569535396884,0.0020569969161101653,0.002171814416232834,0.002348835507355443,0.0022666127575485806
154684,0.0013597580861404723,0.00178240856831402,0.0015884248558981628,0.0017257007115394907,0.0017117343392727968,0.001591231317294231,0.0016808424720716197,0.0014872177459096664
154686,0.001809931698076639,0.0020104131792667013,0.0016477264839807187,0.0016782095267790093,0.0017358985691089956,0.0015269157607700756,0.0019579530687870023,0.0018185470881972865
154688,0.0023840413654442477,0.0026791518976887474,0.0020563829711262166,0.0029278519768811823,0.0020898544568638405,0.002409837048042998,0.002744510479650422,0.0024040149079425227
154690,0.0022999488258035466,0.002018017694581431,0.0016841155350597603,0.0021116811159256482,0.0020041936720627818,0.0018812087163120467,0.0021177599329350733,0.0021607779321919512
154692,0.0028429081819420082,0.0031788631821760976,0.0034700919655539786,0.0032962954155977414,0.0029138601412018877,0.0028470375776180057,0.0032776640800955548,0.00342357898627145
154694,0.0016962863840164766,0.0020611222161260323,0.0021107393424699694,0.0019471897069680555,0.0019796480183998377,0.0018836140684813096,0.002800648893175675,0.002003188814176174
154696,0.002510305139475491,0.002905120817042764,0.002889437446986831,0.00268923366559376,0.002713764402958674,0.002601039040771594,0.0025611351416335304,0.002983802397173163
154698,0.002287778440695623,0.002535946288548821,0.002183162725060639,0.0022639209204572547,0.002375477887042232,0.002032330890751069,0.0020563779031670393,0.002043711361201739
154700,0.0016268364596625506,0.0015589593256120637,0.0012791623827448362,0.0016507337606965766,0.0015079159415072457,0.0015319064295207796,0.0017166616163617615,0.0014994718360986092
154702,0.0031183049435282856,0.002721765362575082,0.0029490724990536427,0.0029927504891169576,0.0030795182150767375,0.003479429145330004,0.003245153513702373,0.002903797761185045
154704,0.0020428481786789604,0.0018081057648605126,0.0015933808381638631,0.0020277312347566495,0.0016792001123144829,0.0018836903821762285,0.001990601980939033,0.0016100605665526763
154706,0.001199120321635272,0.0012789361573035812,0.0015628731455122336,0.0014146164824660468,0.0016507912763446542,0.0014021694130477713,0.0016471017116015535,0.0013306579198713586
154708,0.002401944790364832,0.0022372994909005683,0.0028287172451870735,0.0026903929031330542,0.0028658434064116195,0.0027466732871385263,0.0025442283996331,0.0029001253016860407
154710,0.002754921232907215,0.0030939880140317677,0.0029948976597894555,0.002442463714800669,0.002663212632412884,0.002739552514173252,0.003345562659504475,0.002617304079527441
154712,0.002625106309703376,0.0024680407882650274,0.0023589768326127136,0.0023725225417631363,0.0028897754743933413,0.0024143499497047416,0.0026785881129587907,0.0022817729755653104
154714,0.001771194520550759,0.002027926501710922,0.0023244848771229037,0.001802411119330008,0.0020965035341958954,0.0021640821822224154,0.0022697686849242893,0.00245428819281579
154716,0.0027457018703819364,0.002879874750450276,0.0036034379103080383,0.0030984472106379557,0.003284156432791799,0.00316592129230632,0.0029419561277804207,0.002822014844028331
154718,0.002286327189406079,0.002158979101363423,0.0017957964518049985,0.002392696055830479,0.0026326288442016926,0.0021558454901121765,0.002838762331688907,0.002241581243570323
154720,0.0027114652253218546,0.0031347315178207463,0.0035079223636264173,0.003020311421381372,0.0037002531916643933,0.0029483956312434945,0.003761113693514284,0.0024392355165483437
154722,0.0026444412282666807,0.0023426714038408264,0.0021909683492113974,0.0022690495904420516,0.0028387146958236548,0.002609203280773409,0.0023885085760889796,0.002611333812520669
154724,0.0026327821418983266,0.0027024641690165524,0.0021328179912464412,0.002509881839620323,0.002705288857941801,0.0024832320691752785,0.00314614588495922,0.0026217893054586577
154726,0.0021403387598185747,0.002588453324017817,0.0022937586129130466,0.002729375217172106,0.0024426481951462936,0.002392894683340821,0.0023335300513921547,0.0024115479628661896
154728,0.0019182712971679283,0.0023375620907162414,0.0021405107646499943,0.0022137031293070764,0.00227949365835306,0.0019614360263626868,0.0023996518290039237,0.002153784535220693
154730,0.002236227930667148,0.0020562414084823732,0.0018323283993393474,0.0019393767419764174,0.001719598889283136,0.0017183641937841415,0.0022727573767568204,0.0019513183050216126
154732,0.002058029712689091,0.0017443065682137965,0.0016128989346299166,0.002015213903227897,0.0017916599051810561,0.0018228026515721418,0.001994568351762427,0.001631678603831302
154734,0.0018100597571211186,0.0023624017219599086,0.0019179169288410791,0.0021484062839177143,0.0018505997833052762,0.002152325619743378,0.0018912504979340938,0.0018043500065598878
154736,0.0020380718116974755,0.0023678647418867715,0.0023965428766638125,0.0021312028133393945,0.001931912187611795,0.0020312374045847875,0.0024009622714809553,0.0023175156061472496
154738,0.0020066893968740396,0.0021663550801085396,0.0021891291047355793,0.001909686605005581,0.0022331528057792926,0.0019580925254780723,0.0022250045211800185,0.002274649538166487
154740,0.0013651337196486507,0.0015923882511399562,0.0013936628027362424,0.0016012909273416392,0.0015581233889891966,0.0015876980219931003,0.0015478320343243063,0.0014207553283958202
154742,0.0025281942594370665,0.0019824617987525134,0.0020521577874095392,0.002121067168004545,0.0020726612567047997,0.0016659897772335897,0.002363792151522992,0.001882670299358083
154744,0.0028327843772082417,0.0023736698293120306,0.0029767320234015543,0.0025746821707201134,0.0026943361792720055,0.002674511888016831,0.002966152941185088,0.002346220493872467
154746,0.002431139828281817,0.002089470615201927,0.0019215195658622286,0.0018477185274614616,0.0024067013994630987,0.0019828114638548305,0.0023758014494846963,0.0015523946492960322
154748,0.0015771927122407853,0.0019815890975474204,0.0018830333589750503,0.0018968880114924591,0.0018574387976481171,0.001897890515785275,0.001701741817102198,0.0020736857635919037
154750,0.0028183521634812664,0.0029776137860473284,0.0024058512944508254,0.0028497371528746346,0.002396797836308251,0.002256824717756567,0.0027626348317408983,0.0028288555430984325
154752,0.0032205873923335654,0.0027236648860934493,0.002682858079265507,0.002676292710489747,0.002662295301402731,0.0026601709760392667,0.00329929343205837,0.002547950277364111
154754,0.0022741996965865013,0.0022422250590410503,0.0021085563728630158,0.0024791244685174463,0.0024474637161376323,0.0021742345008408798,0.0028001363352767733,0.0021378473611079057
154756,0.0022560400840293676,0.0021786252084408236,0.002165792985034956,0.0022106333774210563,0.002376257960569339,0.00207431789524605,0.0019692681271732543,0.0022378440024362206
154758,0.0030521644757206534,0.0032616470336697123,0.002966039730623038,0.0037290115153626596,0.003325113638098287,0.0029256201710242125,0.0025387351488257437,0.00268269831382463
154760,0.0022499015102274283,0.0022116192504464394,0.0021451588878390743,0.0019053271654479453,0.002040705997553849,0.0020884827341893925,0.0020866696730987982,0.0019359911277395808
154762,0.00155620852194506,0.0013924820554783862,0.0016052377939451828,0.0014705811421381748,0.0015386240746834284,0.0015867244203049413,0.0016057847120015817,0.0016883281308206627
154764,0.0021574952405080255,0.0024861522831182287,0.0021023367159644923,0.002465814896918994,0.0024223410173398463,0.002339145900143516,0.002402440690025945,0.0024616496484003575
154766,0.0026092698824090738,0.00314582619429965,0.0024345247837551653,0.0029254972590015,0.002709469514646179,0.0027274635863109437,0.0026020681350486102,0.002733587681047825
154768,0.002180666698137712,0.0028643742085252694,0.002764198353126371,0.002476644780655457,0.002720949152050914,0.0024809006219376345,0.0027575345321193684,0.0030959514724132747
154770,0.0039031204518985008,0.004104816124909982,0.0037296753525817294,0.004385793022451345,0.0038576395259421054,0.004104818034310398,0.004754681635930957,0.00389162472132
154772,0.0013393765697120724,0.0015250158087237176,0.0014556886609867897,0.0015787983320914023,0.001379992636280969,0.0015817945139320333,0.0015856713077489065,0.0016841766869655217
154774,0.0018896780578094852,0.002366381779869156,0.002330004602282054,0.0018853072375618757,0.001945139369963711,0.0018066252873547572,0.0019516642253930017,0.0020917063834509225
154776,0.0018131580100000932,0.0022143450326395225,0.0024688577553360624,0.0021498072159054638,0.0018954377862683836,0.0021138893383043783,0.0021840529672374626,0.0021952317381330883
154778,0.0024842413042682754,0.0022971058482049167,0.002709308958787071,0.0022082491324360576,0.002575337755203813,0.001951179418884355,0.0024199558718707714,0.0021143566101448213
154780,0.00292600383433822,0.003023220546050767,0.0023123825801718567,0.003004346680495887,0.002908634098408927,0.002404075914697046,0.0035634096121130027,0.002619544687186226
154782,0.0015749627749441775,0.0017507478669520626,0.0017028930473878129,0.00185341913178233,0.0016824306254727972,0.0015445873833246915,0.0017372199758992068,0.0017739596468056007
154784,0.004212783174578627,0.0034415454982106852,0.0036413888239259506,0.0028323327258831382,0.0037716866737525084,0.00348908869006076,0.0037651997444152485,0.0032401255235528503
154786,0.002642704358466974,0.0027732768336365954,0.0022633257479066082,0.002304369126798156,0.002327860200389331,0.0019345102985932755,0.0026294171183949416,0.0023055946209105116
154788,0.0019269256079896963,0.0023657943059627318,0.001989234322791536,0.002229172131211224,0.0019543239973798254,0.0020557505380642965,0.002237609977709734,0.0020251574084948626
154790,0.003132557718800291,0.0029729702469963315,0.003281443569711995,0.0029831276592526823,0.0028108846207047927,0.0036001384211971216,0.003421143366852744,0.0029267801040602226
154792,0.001977304010069028,0.0019759008548227014,0.0020846879855185435,0.001994813926850192,0.0016798068185165521,0.0019971030274262974,0.0022119300527112667,0.002334457277838445
154794,0.0035142112257426916,0.003572410057948741,0.004051249101753085,0.0033657717877046966,0.003606889256490567,0.0032486594164821275,0.0031635426757175567,0.0029640582870718024
154796,0.0023105242082019917,0.0023955512527431555,0.002605889876536885,0.0026076849941061853,0.002597961713592112,0.0023895369829191188,0.0026491080103888814,0.0022663790068062767
154798,0.0016374585158513005,0.002059799519904662,0.002107247270027257,0.0021083097091365577,0.0022014561279346673,0.0018342861792036147,0.0020550773334831463,0.0023464114084257304
154800,0.0012987664524431036,0.0015214249096399263,0.0012746012431910092,0.0015995487531341723,0.001410364160596922,0.0014166575485907856,0.001785663159137807,0.0013727028740948694
154802,0.0014131061837885511,0.00158301500678798,0.0013582446933890768,0.0015376606731634102,0.0014711120504380532,0.0014746565581297416,0.0018077430329727223,0.0014291477735990515
154804,0.0020791715151014523,0.0020963326244647362,0.0020942034892940248,0.0016850506689874423,0.0018740034931775812,0.0018907991724579493,0.002213189253027714,0.001842268457641849
154806,0.0021614083061222283,0.0021655762806288004,0.0019089700484631877,0.0023582006864326793,0.0019339670111452462,0.002076456931230944,0.001938922006351762,0.002082761982929393
154808,0.0015768675442375812,0.001642660054429479,0.0015433021839363903,0.0016190634031802015,0.0016270215804257138,0.0015431669617154697,0.0019274718308050082,0.0016668249594440354
154810,0.0027801207018109952,0.002483588508480017,0.0024629550932298017,0.0026179177970747786,0.002596585654260297,0.002364131581301679,0.002837271518632903,0.002858112810802338
154812,0.0019941820508188185,0.0021803031323986005,0.0021962131237285853,0.002133701007323588,0.0020130347841571666,0.00207765217565882,0.0020982010697798703,0.001942553174756459
154814,0.002140962698049656,0.002077427361955722,0.002451989929458165,0.0027622589005880244,0.0020826348157874097,0.0022824364188558377,0.0023723559703948127,0.0025603422533128223
154816,0.0024991552500384234,0.0023306189086191864,0.0022467834446350393,0.002073575837485686,0.0020981020991018284,0.0020839859100927477,0.0019849310143058574,0.002660165596157782
154818,0.001899256931250426,0.001737714701308471,0.0019234535079442616,0.001749201009712667,0.002145745909154506,0.001914146534158237,0.0021241966999510087,0.001661690354297099
154820,0.0012351065841010311,0.0013050016700327932,0.0011419906761838683,0.0011674991520156525,0.0013578940691045954,0.0011307054599951766,0.0013713627314426852,0.0011826691964957892
154822,0.0016909561307621446,0.002465588478473002,0.0018795703627466076,0.0023081639928757003,0.0020673727942667336,0.0018748947601801569,0.0024149628265854872,0.0019270502184751681
154824,0.0023739645901504347,0.0028325936403423985,0.002929391802084569,0.0026236272895661106,0.002256020620335031,0.002411309049474633,0.00300150788085235,0.0026371868636461265
154826,0.0020881650682219033,0.002377628120251496,0.0019045646049865722,0.002438547453933959,0.001920655813227326,0.0022382014071826856,0.0027093496790257104,0.0022805541855051153
154828,0.0025861241329806633,0.002362438297440983,0.0022290025800769803,0.002541008728424568,0.0024517892331097357,0.0022075657554312955,0.002194986338736271,0.0022855502662355726
154830,0.002793183199082172,0.0034434842474907607,0.0022923661084486846,0.002893198113521636,0.003031356151916978,0.0023634125406828965,0.002699429980471804,0.0032508323445399473
154832,0.003532449999635659,0.00357253875616359,0.0030775207095539714,0.003128663283636937,0.0030835304781457046,0.0030150799168083275,0.0031719004880168683,0.003359302857756777
154834,0.002087968964960274,0.002043385667719902,0.002079169816446416,0.0020206131043645215,0.00214266916795941,0.0018572201314253634,0.0023109042038456235,0.0022412507287483813
154836,0.0013335295027894767,0.0015027883471263742,0.0013293922527302104,0.0015259307115079168,0.0014316331144671596,0.0012334096338609962,0.0013640058473324418,0.001462677171332416
154838,0.002282039907354483,0.0022475897797927247,0.002296230341050143,0.0022728724613436807,0.002433257033046546,0.0019542245279070003,0.0022664205064373832,0.0020222715976379174
154840,0.0017434478372041623,0.0019497747088372819,0.0022667262675677424,0.0019324915418618277,0.001736988631314676,0.001712441237974996,0.002268684407897306,0.001878673463886052
154842,0.0021184645877581065,0.002039665443966998,0.0018240424873927769,0.002084606682940804,0.0021650846618757047,0.0021941870531732577,0.0026147287753947174,0.0021367826705876447
154844,0.001955598220960475,0.002654373086354911,0.002157890817638952,0.0024346589663128,0.0021628588615656974,0.002075336023078092,0.002525841420539854,0.0023205330468345636
154846,0.0028604039959165967,0.0038587738213427536,0.002322821653852003,0.002775882335373084,0.0028435191960002465,0.0030264171590808076,0.00324672197804432,0.0031546083319533708
154848,0.0013606986817045336,0.001720901097474803,0.0016388257642222653,0.0022314518479726875,0.001696710183581987,0.0015838952510262155,0.0016351059177553001,0.0015157443741031784
154850,0.002119098362849181,0.002164025686994933,0.0020326829108119476,0.0021268495276700744,0.002225341216828769,0.0019415497753684369,0.0023133650823826124,0.001965680441065723
154852,0.0021218344913288695,0.0024732899438795336,0.0029802557900500265,0.002704417390001504,0.0026806457126589273,0.002644908296098883,0.002913721791650295,0.00267282756980515
154854,0.0028331210573258186,0.0024104295989463426,0.002275357080439022,0.0024621823582329783,0.0023213133799566826,0.0022627288815480484,0.0028851857585455165,0.002489366388958081
154856,0.002426013415235753,0.0021697423700608454,0.0019654244445011515,0.001955508273773235,0.0019054579054236243,0.001864667151832089,0.0021138002747517343,0.0019261698548724837
154858,0.002239170491222575,0.002494141394046148,0.0022684775196533113,0.0024798694330790405,0.0023818922334389314,0.0028913052554927626,0.003056920923886333,0.002526727820060262
154860,0.002533854242735778,0.0025435286897971393,0.0021998546490588217,0.002601265895247673,0.0024831359092026967,0.002308912528866683,0.0024735708163459297,0.002473609354181741
154862,0.0039942791679961065,0.003042449396221128,0.003954159817977976,0.004624148442506026,0.0031378496407486467,0.0032243249548322694,0.004094141888632885,0.0029680855635594444
154864,0.0017959590574923162,0.002214426022138838,0.002122964795749027,0.0018857206997963255,0.001898823481794723,0.0017004179994706825,0.0017334021234849534,0.002157928889091887
154866,0.0022899987872480043,0.002811242514070403,0.00260238397251783,0.0023684927210618767,0.002246470556333549,0.002539588138191995,0.0024210071560931135,0.002400362854793947
154868,0.0033112605392751626,0.0031428035179094232,0.0030027782952202764,0.0033827658135044403,0.002836920702621884,0.0030082034390312984,0.003480360036940633,0.0030003985293411972
154870,0.0014252378807678157,0.0015774661278406127,0.0014693656716704973,0.001677338236355519,0.0014620720061364612,0.0014070691429518695,0.0016054649685737221,0.0014065591415770573
154872,0.0018831794979257688,0.002128995189755456,0.002191977733887518,0.002415395255454547,0.0017979140591151271,0.001929130271008328,0.001969453945738789,0.0022617316807596044
154874,0.0022211578783882246,0.0025482996719677353,0.002336849983667122,0.00291954979348176,0.002818213727030075,0.002190982299039357,0.0027967262602647397,0.0022210377902622813
154876,0.003102602507130625,0.003069684534812503,0.002688210266516569,0.003288804840985371,0.0028941688241079927,0.0023272480548928304,0.003328119570433899,0.00289934174322605
154878,0.002249109600811261,0.002466652217509094,0.002374229237084427,0.0025872476681207957,0.002323935311904571,0.0024938924705262266,0.0028647546324206546,0.0024530496242727295
154880,0.0020246648986701477,0.0020798924869360746,0.0018462619340384873,0.002038292803925368,0.0020972043028101434,0.001907597214079182,0.002455066333141076,0.002036869850741266
154882,0.0015950050893390882,0.0015048137121198707,0.0015939117523192103,0.0015201313746111694,0.0016752044547128225,0.0015834045491678328,0.0016129596772920252,0.0016088888616262592
154884,0.00239722097522993,0.0028523528526741004,0.0025246923659939663,0.0026681233837212576,0.002196903471857539,0.0025271135853499743,0.002374125772535207,0.0025503713329262517
154886,0.0023876762530694734,0.002262106579793477,0.0024147376566858864,0.002163921016804529,0.0022288952948273377,0.0023222263279936706,0.002257589663434159,0.0023881532008357548
154888,0.0018588843734193006,0.0021025878129857928,0.0018742931397756207,0.0019736037505550114,0.002124393466904198,0.0015828069147458823,0.0020787407584093587,0.002206639234346844
154890,0.001918057562813616,0.0019474737759603844,0.0021305933674198863,0.002090021014922394,0.001999520705808777,0.0017789313103868665,0.0020035036180848925,0.0017241201032126008
154892,0.0016946585777246614,0.001704352548944757,0.0018066708899324713,0.001783718292710082,0.0018204533064208328,0.001716311263098902,0.0017743123828852791,0.0014395062978229817
154894,0.002954597153377439,0.0027850951723552703,0.0029501634190126774,0.002704287979878997,0.002906026852448132,0.002417795737829756,0.0027061701559019102,0.0026360360870645444
154896,0.002054439022556531,0.0022315764408458727,0.002211643076679204,0.0025798599297355285,0.002269243727626283,0.0022541418844706507,0.0026993173347742427,0.0024081366121009445
154898,0.003629719449876667,0.0037739570220516327,0.0030148900930027644,0.0031892319141499925,0.0038552627207178447,0.0030720350403932173,0.003759755824276567,0.00322160139949125
154900,0.0014053673565009306,0.001477846709957556,0.0015959484866188284,0.0016740293960221392,0.0015652094670570854,0.0013949266952417716,0.0014801977282994372,0.0015436045528882808
154902,0.0019565940382686997,0.002227028944804102,0.0019188299995340774,0.002459159135438649,0.002021683627312365,0.002084740373793484,0.0025115046828949605,0.0025690269701341695
154904,0.0024410282465599092,0.0023973180106260372,0.002111410304586947,0.0025686961708402123,0.0023769222861341893,0.0022930218137071634,0.0023702121130410175,0.0028727046439552956
154906,0.001456273454126189,0.0014546453088471467,0.0015324211689347195,0.0015926350308882592,0.0013984270158623607,0.0014664939609346228,0.001411744497311851,0.0013140259633517837
154908,0.0018593659286029324,0.0019159769674416266,0.002035143871411807,0.0019236701569602804,0.0017730760776482057,0.0018839565221143856,0.0024474688764561936,0.0019684284159543625
154910,0.0023727573483720565,0.0021386911039345535,0.002536753778222392,0.002496922442322705,0.0028418754076148384,0.002415631807861987,0.0027245981734741603,0.002977004384278184
154912,0.0019373019930929575,0.0022913370757441515,0.0019937302492985115,0.0021746503714462073,0.0021686576219939746,0.0026282149454373016,0.002809343885336324,0.0024622455774514634
154914,0.0018657689160692659,0.0019437148281023497,0.0017201386865462048,0.0016276786037222046,0.0017761126987309167,0.001774488450221448,0.0020419609376443604,0.0019117963599353388
154916,0.00258144353336065,0.0032131039882621892,0.002301161349658243,0.0030383263781189745,0.0029391033423784713,0.002610939387308067,0.0032900141450747378,0.0024227286319322833
154918,0.002143493164853419,0.0021143960085914792,0.002249854507696547,0.0022265620399830738,0.002290661285687945,0.002107177499108881,0.0019064041151829608,0.0018351108203043531
154920,0.0034396916292145363,0.0037599458746626624,0.0028393546376577344,0.003313629712079283,0.004155721973961912,0.0030061405559420745,0.0033283125637260103,0.0033987826749071193
154922,0.002076456252212547,0.0030132302075713824,0.0027606133281585787,0.0031078831990442174,0.0028430754295891703,0.002418725265074251,0.003620837588715467,0.002531778055748349
154924,0.0020225078149138653,0.002273754518035409,0.002475320884935975,0.002209620056206188,0.002059092181913927,0.0021448327995870486,0.002261097470533324,0.0023870737650213414
154926,0.001971147546903973,0.002207829011098339,0.0020934162936692147,0.0020759331015356985,0.0018665597225357017,0.0019290451886627147,0.0023158538028925785,0.0019117764880240973
154928,0.0024673453437815684,0.0023481187968066863,0.00230753475809925,0.002403386254684392,0.0024376729818209736,0.002920206834748487,0.0031789182121377824,0.0028694921069565837
154930,0.0016723193768664046,0.0020561039048040547,0.0016525968687332165,0.0016005772515152034,0.0019285026692215101,0.0016718943696151373,0.0018213174399770438,0.0018465500691792341
154932,0.002163852046771275,0.002688405736531521,0.0022402642675439233,0.002259856943248373,0.0021143381101313002,0.0020105935791617235,0.002270099875829615,0.001973723241191161
154934,0.002921097904012848,0.002668406256997935,0.0028014746042981514,0.0022933868088837045,0.0023251925829279735,0.0023462121934159086,0.0029705097389973734,0.0026381335349957707
154936,0.0021055488132887407,0.0020581047492412297,0.001758952968086716,0.002085447679931518,0.001994347413654174,0.0022730330163139995,0.002226278334834575,0.002274652380908751
154938,0.0019877033693794927,0.002025347186603868,0.0019975951706835554,0.002380695337400651,0.0020711914298657264,0.002152739044174956,0.002266395322855233,0.0020042286948863813
154940,0.0013178446911349534,0.0014229834961734245,0.0013148711788929651,0.0016202990873994683,0.0014053461290913227,0.001231781313949798,0.0012975995146580765,0.0013549864846197496
154942,0.0024655518529365233,0.0025134593612712863,0.002764290407875125,0.0030208953456081766,0.002503884079491439,0.002979906410627786,0.0027003436200324776,0.0026572912121181624
154944,0.0017323159783205894,0.002562780125885178,0.0022375521783063596,0.00212934173158269,0.0025886439957309992,0.0021288133353381117,0.0026744691185707214,0.002626106936123529
154946,0.0014831714808056923,0.0018720333293754804,0.001986287230891906,0.001922557958767071,0.0016771103038377838,0.0018622954736993713,0.0018402479312600861,0.0016117552112962508
154948,0.0018829880958484702,0.0019354843437758978,0.0017962170315200532,0.0016252936955986202,0.0019314108493846543,0.0017010521876526519,0.0018941502436311541,0.0018153997890784646
154950,0.0019184700318534281,0.0024315237374828436,0.0017818483935490154,0.0020434661624533224,0.002042005379289391,0.0020799672414020254,0.0025064874003968285,0.002384233812577685
154952,0.00226722716446659,0.002674382039494161,0.0020007342592110455,0.0026176200779005065,0.0024808505232468137,0.0021720987965869742,0.0027057922731049816,0.0026264463754167716
154954,0.0020991260465286765,0.0028556039589760496,0.002855992559781806,0.003125876719392698,0.0027103992033095242,0.0027511902090715523,0.0030863022465911355,0.0021716769203211778
154956,0.002488803612586077,0.0024013401395733963,0.00228007174136681,0.0022626370902023712,0.002522430215518026,0.001960793953254006,0.0025970298719804052,0.0025273634121730226
154958,0.0030344372180169388,0.0027540480624832636,0.003155045646759058,0.0028096420464782806,0.0033152768398467952,0.00338980036470328,0.002929910409875447,0.0030576340307436056
154960,0.0017928903677333907,0.0017554225081043567,0.0015996733116985795,0.0017095408925646982,0.0018494461144448332,0.0015673625831974652,0.0017794891406941599,0.001684024420779695
154962,0.0019734160814286472,0.0022504666392395567,0.0020942106493962442,0.0023397862774321987,0.0021829684765448665,0.0022256680960532904,0.0025817448666920484,0.0019864881297638193
154964,0.004176432349428438,0.004257990564227543,0.004059198165516031,0.003867800900118193,0.0034161750042796535,0.0035340332617872505,0.00406609834366517,0.003642273235407792
154966,0.0022367874638057478,0.002568184908811555,0.0029339975636816368,0.002355596012656669,0.0024740258784085173,0.0020654206094661426,0.002405871028634113,0.0024032419792198306
154968,0.0018019388949499504,0.00239421093553549,0.001941923393148151,0.002245042353251847,0.0021567221874531223,0.002406373546680385,0.002178872126032752,0.00196967879131095
154970,0.002086969185786783,0.002350522826473647,0.0022226912184954983,0.0022762943612920777,0.0020908392553753985,0.0023219516707973092,0.0024484402189968307,0.002404668852993966
154972,0.0027328791462638002,0.0032933111613793337,0.0024595552271056698,0.003134263077981869,0.0024161009189518357,0.002696066332669181,0.0028216748667858754,0.0028422908781129547
154974,0.002073098506990681,0.002216661706396353,0.0015954481834828393,0.0023590749002606742,0.0022643293271097514,0.001826092305951002,0.0021273141059541395,0.0017662806561877936
154976,0.001152542367340248,0.0014066217340291676,0.0012858598614386013,0.0015313162625357202,0.0012533047656761998,0.0013229832480932263,0.0015408407214568959,0.0016972752296953164
154978,0.0016332858198551126,0.0016690453226331364,0.001500836793866256,0.0016677534556033269,0.0016396173040461731,0.001502290737987133,0.0016535259386154522,0.0016175474032815856
154980,0.001908162170995098,0.0024616411462124455,0.0018434429182306311,0.00205689385345266,0.001995619306232266,0.00181465036538965,0.0021782555537508963,0.002217807515104267
154982,0.0026272620357620374,0.002750689231043657,0.00238816193925441,0.002439998386025724,0.0025930879137950336,0.0023016867686607156,0.002336355138568058,0.002369896185558995
154984,0.0016282578920728957,0.001773251142403398,0.0018537758313797448,0.0019957780716761825,0.0015888622834131644,0.0017718665473731576,0.001817370422474207,0.0018506792715148462
154986,0.002224341045242717,0.0020260969976716586,0.0022442908312521187,0.002240808081651835,0.0021488082798129526,0.002365970431755182,0.0022186167059373846,0.0019891535742000976
154988,0.002003465933686721,0.0020313001981906442,0.0021040161056504886,0.002263240679008016,0.0019653052053410086,0.002153804244334326,0.0019612990903406513,0.002039770093078555
154990,0.0019851849584197195,0.0021665863890196896,0.002401733373010251,0.0024352196320665542,0.0025165636104196865,0.0025650557655778616,0.002986791613903819,0.0029192144571644207
154992,0.00264289165552746,0.002650299225557831,0.002528322757025095,0.0022405703752781947,0.002437989348241257,0.002580513902163739,0.00284237310197355,0.002554904684242354
154994,0.002757243843543089,0.0026131235674454883,0.0021747486992147597,0.002935903131856543,0.00252724392823879,0.0023196674397675393,0.002404939955730559,0.0027486193703796236
154996,0.0030055323264326916,0.0032409237339834363,0.0030288638047295535,0.0030905351322607633,0.0030674087916982146,0.0029716074594846736,0.003213335007230547,0.003531471433185565
154998,0.002557405903713894,0.0026558557546574324,0.0019417835285046176,0.0019369163598296352,0.0020618968888650446,0.0018988095213237077,0.002191463944083441,0.002273867496175086
