iteration,head_0,head_1,head_2,head_3,head_4,head_5,head_6,head_7
155000,0.0009112154728029044,0.0015277461968593031,0.0009171311819394234,0.001142213260634295,0.0012905387754341135,0.001700756894433289,0.0010202677236220148,0.0016147208138639346
155002,0.002636651614176755,0.001704392228068452,0.0028705306851941614,0.002425566460029907,0.004586346003296937,0.002526346952543612,0.0031800777327506413,0.002644286825249212
155004,0.0023703655504017096,0.0025684699858674748,0.0011004910877057128,0.002148535443446953,0.0017137669507172881,0.0023995408776011917,0.001926140425685896,0.0029914479676753647
155006,0.0014600611023008053,0.0019068293192425756,0.0016689786628401593,0.0015651098379726586,0.0012472823320344162,0.0013289008753975123,0.002043707656166141,0.0034462138472479836
155008,0.0023541422029264153,0.0016909775772264712,0.001742950741041041,0.0024016088638615513,0.00214416206740925,0.003021369979177027,0.0021263977121075417,0.007603246348200143
155010,0.0022686805042582137,0.0012783220654478122,0.0014847540706225543,0.0013292599603455107,0.0021367244664256685,0.002810001835488407,0.004039709000482061,0.0040662864828533984
155012,0.0012811558427233138,0.0013978467136475103,0.0017964282872069554,0.0028719886838344255,0.0013681982243719665,0.001598048173952052,0.0015395988869573163,0.0037679647996256144
155014,0.0024290452100333426,0.0021213379115982978,0.002455910319210608,0.0027296807821317604,0.0023343374047373744,0.0031767875142964114,0.0031508227462798133,0.005933633999300414
155016,0.0014566740924069205,0.002153969873606665,0.001818378379745203,0.0031896093459249514,0.0008514013947247268,0.0015707146196558691,0.002006643338692271,0.00386803536579218
155018,0.0032196957222874745,0.0017949118795537178,0.0018852826512514437,0.0018157944017116595,0.0030288256707989986,0.0025188343472051233,0.003718076953219962,0.0030119870245925995
155020,0.0033049093376463917,0.0017078356112091436,0.0021780483104688053,0.0019563422590587742,0.003373664926021258,0.0028819570489100332,0.002490047455740163,0.004337455626670428
155022,0.0008060969980442124,0.0010158194320002978,0.0011000267175074324,0.0011345343341495756,0.00128536243987655,0.0010430134521046686,0.0012627958146971402,0.00189566712501478
155024,0.0019694813894371443,0.0017453046418785534,0.0010398853107168038,0.0019650132333083464,0.002031008065062123,0.0030493377282632267,0.0025408539951202874,0.002708321683620396
155026,0.0023970783440585702,0.0014453447667541752,0.001738366678681269,0.002791873288344751,0.001407913293490784,0.0012591624468055174,0.0017665800179084284,0.0028379569423542805
155028,0.0013032624592183156,0.002305102738689793,0.0028479444508479196,0.0014966763345904965,0.0022785336688955354,0.004310958694309586,0.0029451026232876765,0.0022530242134771172
155030,0.0012279665019834796,0.0016608297395779431,0.0018663556481729598,0.0015318139897314703,0.0012459483501077312,0.0024390677233476765,0.0015538607211349476,0.002486135565832548
155032,0.0025289195830835443,0.0015708330304564644,0.002211131541650424,0.0031998425835072647,0.005585588724100143,0.0028089410967338524,0.0037074651128291697,0.005182530880123937
155034,0.0023044910892836695,0.002162592064198998,0.00209646259709885,0.0022874309963691886,0.001606882411536295,0.0029972222168612866,0.0020682401255757293,0.0035309489962057766
155036,0.002982779739178057,0.001937978255640141,0.0015234180062523445,0.0016147585373587625,0.0015607893440334891,0.0021637567382327832,0.0016682777502792373,0.00362352446079163
155038,0.0015391922635613758,0.0014905879949687062,0.001479456547555158,0.001445494895200794,0.0014008690581255312,0.002540982438453257,0.0014592879805431919,0.0021958660701040245
155040,0.0022820751435170955,0.001558274558668915,0.001029356242488469,0.0020657731131246138,0.0018994942941959053,0.001803655709463628,0.0014147140030296712,0.0032066898796269255
155042,0.0011174943402330606,0.0012544392151605521,0.0020794089939046995,0.002554449398112349,0.0020391213791504242,0.0031981266361592736,0.002934439490607732,0.003497262509126964
155044,0.0031300366063385376,0.0011340003609590227,0.003764049575585071,0.001487638998046506,0.0012125238303076907,0.0016038351005309842,0.002988096379534358,0.002454385269054074
155046,0.0015655068993689625,0.0010136705676233593,0.001159332665455537,0.0011629530302779134,0.001806149344803512,0.0012173370398449596,0.002283591623973305,0.0019252874039889095
155048,0.0012906509253891724,0.0024032558586965097,0.001409109233843131,0.0013203691317473787,0.001996318320895085,0.0023643858979144478,0.0013497244989913448,0.002969590051685858
155050,0.0024987760939450127,0.0020229239929503984,0.0014472800380343487,0.002310924619199073,0.001762884240568266,0.0025808076111923928,0.0026572804581861953,0.004155883356615819
155052,0.0014860080553314448,0.0016105428230730467,0.0013858767882044681,0.0008182373468582117,0.0013979071619794198,0.001666170725755936,0.001728160014682359,0.002663219168867137
155054,0.0011995723820990012,0.0013574419212183386,0.0017907955851994561,0.002169015357615947,0.001514671304386761,0.0015092589752408458,0.0015213165128367123,0.0022175334904359634
155056,0.00205033796252746,0.0011961319534692927,0.0012298987748247114,0.0020470037697146864,0.0014236662586559895,0.002057858012572078,0.0014512447218786306,0.002450321890702656
155058,0.0022379507979062296,0.0024120931541213864,0.0027071178857296513,0.002894646624197042,0.0021198498932489956,0.0033567283377389234,0.002874687676251375,0.0073581180199886465
155060,0.0011688363161544424,0.0009307039935935318,0.0008942476839630814,0.0011324335444875544,0.0016184162139512015,0.0014227527600459006,0.0014133086867463285,0.0024985526362426708
155062,0.0017533098029768462,0.0017832390847962731,0.0018058605798888655,0.002179928813127577,0.002462312864294894,0.003393815389968191,0.0024978610979733973,0.005084004484090521
155064,0.0015186789829044756,0.0013446694551007138,0.0016348176103120893,0.0021340286575845108,0.002076743147370941,0.0018281251175911728,0.0027027256164396385,0.0047516561368233234
155066,0.0021251394097193815,0.0024087713713156905,0.0014052151371766325,0.002078885131666111,0.002105231903126503,0.001322155476429998,0.0013334682862232855,0.00176810164339182
155068,0.00348310201175496,0.001965566148926637,0.0011960476937966785,0.001582083145558466,0.0016424894457443134,0.001689316798088536,0.0018076096708341538,0.0034309058825765654
155070,0.0015346925952286483,0.0009575362656544378,0.0009986573774139473,0.0014794473771076455,0.0017333447372260835,0.0023043097561989967,0.003632871694262532,0.002784693339570335
155072,0.0014326915892222264,0.0023013182542219873,0.002181375825502707,0.0029104208772568058,0.0017792817118883614,0.002127324071576675,0.0022534107689581445,0.004021499814424401
155074,0.0014692163077468928,0.002317650828701723,0.002694084419201506,0.0022688639789260195,0.0021176951311510095,0.00238285120340799,0.0020087308389805797,0.0031418838431407498
155076,0.0021117191199176433,0.00222016672184501,0.001569406492205383,0.0019681243127595144,0.0016430831418007413,0.002707317530959097,0.0024201263051655403,0.003934054578108581
155078,0.002053936549107016,0.001683779830875809,0.0018136948445329204,0.002801650093449626,0.0021103084082508966,0.0066704320749997326,0.003984700646143813,0.0016393551456453381
155080,0.0013005220071893447,0.0030815391162567624,0.0018856841398844915,0.001286107539524517,0.002229310731741499,0.0021382511241650054,0.0020018171715125016,0.0024401603225332608
155082,0.0014052173715291133,0.001559678375098239,0.0019684333743532623,0.0022444376664316895,0.0010928115850000891,0.0014257267816342178,0.0019139910495988843,0.003128881661390928
155084,0.0013504907608469369,0.0010800298061403174,0.0011640506624993746,0.0008264404381057334,0.0011081275365910775,0.001533227135759374,0.0016120573326228183,0.0031473006676790427
155086,0.0020054797106357075,0.0020521506995612726,0.001679608947582914,0.002327588445300899,0.0048104069249212955,0.0021492548708880316,0.0020328585963478307,0.004608180558940411
155088,0.0019366881459798174,0.0023162012476412586,0.001354532079002324,0.00195351975052388,0.0017652647064783644,0.002183152977617342,0.0022053136709030557,0.004660437572691356
155090,0.0015792924649799117,0.0019305645180631714,0.00334328721103562,0.001873053428868024,0.0020285969226896544,0.003329273315144224,0.0019794408360469667,0.002206687183253786
155092,0.0017971493026083807,0.0022929572379172397,0.0015603193044013697,0.002415317627777039,0.0020166158898461545,0.001959043468940047,0.002679207430994701,0.0030817657697952555
155094,0.0018394435461262099,0.0011307781157193914,0.0011388747598109483,0.0012153757020810924,0.0015800277380471073,0.0015340341899197085,0.0010623583323177699,0.002385397027957495
155096,0.0017788731753587556,0.0019082624140234206,0.0025121424653216096,0.0015877900546704127,0.0015019396020277131,0.0014215479526045322,0.0015881225820538192,0.004328808086411451
155098,0.0018664026422267194,0.0010717322616616287,0.0019074973139278223,0.002009522656919671,0.0024671651141822265,0.0020318626975686233,0.0012781566455266763,0.0029779813273345113
155100,0.0013659332554255693,0.0016266270094215246,0.0008546400161875273,0.002055115500187568,0.001316029638325722,0.0014278819820657263,0.001936664210536121,0.004100472434494462
155102,0.0015262002294527122,0.0013534587559125427,0.0014549220975033084,0.0024058286367846377,0.0015958389548960256,0.0019698031231964036,0.0020094167827268278,0.0038974074454225516
155104,0.00347859461324819,0.0021501126078398713,0.0014583318245754567,0.002289085067478394,0.0030881895656078573,0.0019132153509835437,0.0021127361104769093,0.0025485035278924872
155106,0.003434787972680875,0.0017560753008973862,0.0015730062620906843,0.0024026868330174894,0.0013838768729377282,0.00250585891446832,0.0034693335964744443,0.00448333521950417
155108,0.0020248942150580262,0.0015733936845316876,0.001662683952087518,0.0017726375125005078,0.002043183259099246,0.0018691341413523688,0.0023564849340678706,0.0028371536515581774
155110,0.002225101520654471,0.002157022187566915,0.0027388744002890264,0.0016303787196709912,0.002548397085497603,0.0016178105093109935,0.0019596585396891714,0.0027950125483756777
155112,0.0025603347133569404,0.0022389787023977537,0.001388754560727526,0.0019076186913263293,0.0020886097392411873,0.0040255358123869045,0.0027380326264109384,0.002476460874785369
155114,0.0019455070889799059,0.0017018666045629516,0.0013102683326178394,0.0028853482420041487,0.0012843833723291814,0.002182705314922373,0.003257177319028415,0.0029248863641116035
155116,0.0020062331771858594,0.002316061764626523,0.0017259913524417941,0.0026071877466572607,0.0017078506984626873,0.0029007954023590465,0.002613205073008232,0.003644097251590553
155118,0.0015950595428579906,0.001573210458209795,0.002250669876838876,0.0018626359839746393,0.0015231225642012985,0.0012979111299382812,0.0016149651262156173,0.002148669787290239
155120,0.001473970256121726,0.001872344423823391,0.0012138019039875658,0.0013726675406840055,0.002177280274965457,0.0015725057273842241,0.0014250654633507637,0.00307033926645274
155122,0.00149875930368637,0.0020275319513738538,0.00221319626321681,0.0018073214226879686,0.001621705660037956,0.005005922792540085,0.0017933907483360656,0.005311010038475894
155124,0.002419406494428858,0.001452988253880863,0.0017235521523262798,0.0017050419240561276,0.0027086140472241116,0.001593411173733253,0.0011975795185530935,0.003979472469785306
155126,0.0013477872295864501,0.0012393623256091862,0.002682097885287185,0.0024115406452818733,0.0024219090671322996,0.001817176995258088,0.002232631748199987,0.004029448029601923
155128,0.0011804139539673408,0.0013498123657858102,0.001734905050948879,0.0018003781166273658,0.0010359118371647824,0.0011637164131030886,0.0011970401879391468,0.002941037639228164
155130,0.0023986679547436385,0.0015518070055027394,0.0017015294430520328,0.001711665291140252,0.0018159734677659772,0.0038353692927763916,0.0018277103742470047,0.0026074415005253315
155132,0.0015846137993929532,0.002286745094017953,0.0016321938864225644,0.002346674515121286,0.0018580187589501002,0.0022746751229108103,0.0016505200534356335,0.002824569087904516
155134,0.0017570736122975023,0.0014529669538201895,0.001765912125395508,0.0011137090227793106,0.0017728850222138576,0.002758073696311883,0.0014621777015777632,0.003453677439471614
155136,0.001201235055910424,0.0010617554386510714,0.001379725006820945,0.0015495047609431212,0.002089197145268132,0.0025644958162596154,0.001691679564431739,0.002304233576972195
155138,0.0013877479722635006,0.0018591828082090839,0.0015797381094611596,0.001679739638806424,0.001187290623414064,0.0024331133338115762,0.0014639457461555067,0.0026446197743484334
155140,0.0020305793054040816,0.0015624387215033148,0.0014023122601330429,0.0017840631860406436,0.001545332106824296,0.001974143969696432,0.001978524059992895,0.0022807456118485586
155142,0.00256191269102235,0.001871289064255599,0.0020610038291855037,0.0027642735637001398,0.002599809562848013,0.0038734277191632693,0.003163657499399619,0.003001189094762338
155144,0.0018291813009525676,0.0013485564982800846,0.0011595498296665951,0.002090512893815344,0.001161012665884309,0.0018988078980164552,0.0015479012124654107,0.00230749753643128
155146,0.001243120703953507,0.0014587219325151168,0.001470524570907475,0.001059861432158249,0.0013764483067340572,0.0013111374286639693,0.0014890209857572195,0.003086746805445198
155148,0.002657159093891137,0.0017899604737415947,0.001464330331807595,0.0033153514850165072,0.0016356359033791734,0.002774097322858285,0.0030873404283513622,0.00591485074949305
155150,0.0012648814160549776,0.0016822026527876788,0.0015781260921021861,0.0017374631372139154,0.0018981914160998148,0.001149586882827569,0.001429594243171961,0.002623505169758511
155152,0.0013628050025831784,0.0012709251544334443,0.001081228946151605,0.0014617771616907277,0.0010279891413458864,0.0015056563303075254,0.0018577162429228716,0.003232617323023712
155154,0.001580197440748457,0.0009310507692209015,0.0010130052942734086,0.0012699439021146702,0.0011356897822594747,0.001284491249100142,0.0012832821670407668,0.0021787587508659417
155156,0.0024171436732069035,0.001966681465052758,0.0016518606444098638,0.0013345856416857732,0.0009260121234994229,0.0012846885898663007,0.001778895172284703,0.0030434189331032813
155158,0.0014926652852925854,0.002153563246100332,0.0019135334335838028,0.0018295018802712143,0.0012547197407415528,0.002450294230094477,0.0020138317963924873,0.0024561385083297083
155160,0.0011106567880442425,0.001629319637040716,0.0019682585119255164,0.0025455848781579804,0.0016403640725775603,0.002341769227793958,0.002892461171578875,0.0036732627797706474
155162,0.0018243002428997152,0.0015457433484140776,0.0012636625314463856,0.0017282743066316386,0.001662740460304457,0.001897781132909282,0.0018350029426281722,0.0030195863037386778
155164,0.0013161180232097586,0.0014206536682881549,0.0012606772791450838,0.0014402611555176664,0.0013398366078485324,0.0018349177278890322,0.0010480149840442904,0.0020087959551915446
155166,0.00310935498624354,0.002211291302401719,0.0033421693752302417,0.0017856049142151026,0.0026664083767082847,0.009623795479251962,0.00308898622956022,0.0028479070757531227
155168,0.0012074876519864303,0.0008854684372088806,0.0009451712807668523,0.0015092740266245408,0.0007617949409223813,0.0013017875687540426,0.001445227502032742,0.0018601023563786928
155170,0.0019250284941933066,0.001607011436762798,0.0008240726775517043,0.0020925624441146123,0.0009854551298763697,0.0017944264360974516,0.0013513374879632473,0.0025007109104269315
155172,0.0022825339503019237,0.003547588962370618,0.0029519179733130674,0.0034346207352176222,0.0026029202939997914,0.002593851325254415,0.0043748992253542784,0.004250410585776798
155174,0.001373038288100814,0.002433925235094239,0.001287388792574673,0.0022112037135558205,0.0014792525118170752,0.0019578884522403334,0.001435110291853059,0.002721494056162968
155176,0.00158670483260398,0.0017705743494667164,0.001483061012309328,0.0015616312951029082,0.0016802780303262765,0.0019269475208277265,0.0015058225692915622,0.0035673441302885994
155178,0.0015164693461750117,0.001683237821810804,0.002412466407825997,0.005623513036900951,0.0028817978606837102,0.004888864181511521,0.0038820276453677693,0.005588866721135455
155180,0.002547261712922355,0.0021228134074322697,0.0012506155350112819,0.002767855476065728,0.0014734196707753139,0.0019870174888245717,0.0017536383277780843,0.002776580718768573
155182,0.0026297032814037724,0.0014657633507309115,0.0014803542426294336,0.0026030206466080147,0.0016526695612319037,0.002570303919205777,0.003203495981777063,0.00337935457594285
155184,0.0016989998002042844,0.0015785582510924462,0.0013099749226797158,0.003462402401282816,0.0017427678473998093,0.002922392270166496,0.002442609531023765,0.002817581313463935
155186,0.0011906291119690438,0.000996656821346656,0.001414303486585014,0.0009316860668962292,0.0012466240644105064,0.003177607704302199,0.0019730411008920395,0.001494260418949414
155188,0.0025122444134606653,0.0029343749147341947,0.0017362496739787986,0.002339731858171948,0.0019741631700213175,0.004479440858688122,0.0051321988250601636,0.003936155909709749
155190,0.001689459503602997,0.0013045783301862124,0.0015404646386697612,0.0017622924245808275,0.0013351513009386556,0.0015061620144258964,0.0021957288623020293,0.0022070067392733345
155192,0.0016615606708434427,0.0012048178028249007,0.001956754869070265,0.0018478873104049859,0.0014507772892031895,0.0029036749069497603,0.0022170517954101104,0.0033198347380116733
155194,0.0017415677682746655,0.001124485287780655,0.0015258725034140164,0.001600718543121618,0.0020192549264983484,0.0016105341519835475,0.002113302238546791,0.003361720687494199
155196,0.003554900710547537,0.0019784485000735735,0.004411238830304143,0.002668283869168564,0.0020641520484441234,0.004718974542432586,0.0022629922160877364,0.0036098659426265223
155198,0.001984250258671008,0.0018524460810100951,0.0010069442016509417,0.001694318757508917,0.0027457373974693056,0.0016757094846087256,0.001755485877695584,0.0025620797551032665
155200,0.004048030700818883,0.0026727312730429192,0.0033343213631884666,0.0031659426724728323,0.004326407414347921,0.0033299379697300374,0.004908419234921413,0.0038774096133549346
155202,0.0012957204173207892,0.0012702142066118999,0.0025208659426321223,0.0015030442594713561,0.001213246735072851,0.0015087420636570315,0.001617251359667407,0.0028566965679122647
155204,0.002021822990325939,0.0012667616257360792,0.002142916108964832,0.0017466025332705387,0.0011472152842656597,0.0013538611679499019,0.0016537428702501078,0.002785917801104501
155206,0.001746730200358551,0.002209368950989443,0.001149414352508718,0.002145030865051467,0.0017912534186246276,0.002213872798693617,0.0026245299193934507,0.0027921988671606446
155208,0.0015142366742959684,0.0021448983603136185,0.0019030493676277516,0.0017242692212926514,0.0015156245774817917,0.0023922838844958744,0.00271399922613437,0.0018290484249172678
155210,0.0007552370429579659,0.0009208237926747881,0.0014812550774792044,0.0009651944103678013,0.0029144626435308046,0.001277880703104764,0.0036195631079719015,0.002066884322889942
155212,0.0011793864150229233,0.0015847078188064995,0.0013327558287606345,0.00212131457686926,0.00285493710835584,0.002556278696719483,0.0015811856290709608,0.002567978001864424
155214,0.001640731333842918,0.0016523018747523072,0.001355063826175576,0.0022628717111666946,0.0017085500195971465,0.001815354076468767,0.001451036113294682,0.0023671048969122754
155216,0.0012095470404487885,0.00132512500434058,0.0015285494770564956,0.0011831435168006138,0.001283641174814068,0.00145211337591733,0.001072178667201662,0.001942176869609416
155218,0.002714947937550574,0.003231899765754387,0.0025074121825927748,0.002672693910366286,0.0028370468986438496,0.00468173996051835,0.0026070972047879254,0.006101234097943831
155220,0.0015788761921182864,0.0013290239149279515,0.0021550844925194573,0.002949936397161901,0.0016627328650581502,0.002031957070763646,0.004411546630125385,0.003364759540272433
155222,0.0014714164086768733,0.0010621961193706952,0.0017524020739682206,0.002701754257812772,0.00211089543434273,0.001966516922819253,0.0016920114580676882,0.003458304057631492
155224,0.003965582790464772,0.0013214189639763202,0.0023595725073741747,0.0026625152003885294,0.002621711481027425,0.00305183601360165,0.001842648069407829,0.005369247441709746
155226,0.002923222442400078,0.0017314747754731408,0.0018289990357748392,0.001888976275185153,0.0017691826520993686,0.001661450428702152,0.0019397983879326924,0.002335621610927721
155228,0.0018764513564200613,0.0011781204577703819,0.0010929243928826798,0.002121054471961037,0.0015642094881767599,0.0017740227224800759,0.0013135930611059138,0.0018785555942832932
155230,0.002725207229681628,0.0032129815135670814,0.002587736188331538,0.004388290068222611,0.0027014858868719266,0.0022023556861606175,0.00339256892872819,0.006032288713742562
155232,0.0034412478490952886,0.002231126655844129,0.001798866678497879,0.0029136823787163785,0.0020782234337701905,0.002801438718429472,0.0022765119148182716,0.0025231644424322935
155234,0.0012423453582478677,0.0011232823662711416,0.0011638178266690918,0.002247227387881745,0.001928377357424474,0.0017994383712336554,0.002432828887993177,0.002854131815875016
155236,0.0008796762376348834,0.0012704181488829708,0.0008786822223428303,0.0012065956485841772,0.0008741612003376892,0.0012772045570557666,0.0014167413980317733,0.0014074372397266388
155238,0.0015341290312659434,0.0019667885203224073,0.0014326704384546307,0.002755327951548203,0.002196826993960066,0.0017694719171102435,0.0026273338321554235,0.00363990440512435
155240,0.0014841013007567266,0.0023168775667381514,0.0015476277333306143,0.0018534637173550778,0.0011424227716952395,0.003936321385357433,0.001784992298145896,0.0023010605618489777
155242,0.0021899647756354335,0.0016999289195923084,0.001641357311774408,0.001823211111347478,0.0028297753696509553,0.003315559552137748,0.003724289466772182,0.0027094850275415916
155244,0.0014947604411781473,0.0026482291527358953,0.0016617067549069692,0.0021787733573169904,0.001989216710819086,0.0017318502373843275,0.003183169139945541,0.004457116935264516
155246,0.001423787424642775,0.0011911471965326964,0.001474792464300434,0.0015995097178357481,0.0014531112292837656,0.001084926556279689,0.001538953167187343,0.003050167633156242
155248,0.00199888775159196,0.0029035372008798938,0.001555112700181438,0.001999861876370801,0.0015081994885836197,0.0024536223680096114,0.0018446676726351918,0.0027689060770941243
155250,0.0010666588115977454,0.0009283530578436984,0.0014793356145625935,0.001138415180497232,0.0013327588207382585,0.0006740420195445879,0.0014294007175147533,0.0016887325645509876
155252,0.0013037886203193377,0.0020927038881915494,0.0014868298788961593,0.0016951965938330482,0.0024626064231465655,0.0017161260687723612,0.0015173912596024852,0.002074722740830204
155254,0.001329349603336874,0.0019997479274969643,0.0008234164064636063,0.0011291952508824116,0.002436841698152961,0.0027561266152958397,0.0018010493328535354,0.00360453106789671
155256,0.0024269911356583768,0.002114958247285706,0.0014035920703945326,0.0022284092018873825,0.0022343740085695174,0.0032852837424440923,0.0014220957845093724,0.0028653368814235552
155258,0.0016713999667894996,0.002099781845387741,0.0010942297422076447,0.0015449595762119378,0.0016415930653628785,0.0022201733920140243,0.001556813754914954,0.002645505697260797
155260,0.0012969962522327294,0.0020398552276157944,0.002136944544318453,0.0012459678114841305,0.0008728476912125416,0.0019285543656138437,0.0013092094608424532,0.0024636247716930543
155262,0.0015133244149639347,0.0026711923010600686,0.0022147391253449916,0.0015123052244698926,0.0029372540743604625,0.0017908349969320142,0.0023347135934132096,0.003097552709360865
155264,0.0013778539866793893,0.0008506767411292082,0.000904459613955147,0.000984704257550817,0.0009233333864177608,0.0013710366260773071,0.0010197891945482734,0.0020066029547794045
155266,0.0017229688317856873,0.0019069695461260278,0.0043786325182653685,0.0022740529569423296,0.0016798862144513788,0.0023894510310960154,0.0025649421860103466,0.0042540136108790705
155268,0.0028749301603698957,0.0032387316479272205,0.002424640021489788,0.0030724938510251626,0.0023603771133651336,0.0023211109258275547,0.00207584382283256,0.003837445950871876
155270,0.001672534186023325,0.003137982778577811,0.0014427448167926432,0.002882460640617493,0.0015277039707834034,0.0021802398159144337,0.0028394753295608727,0.003013723462408857
155272,0.0013189590005514007,0.0011135794836181767,0.0011316411435455948,0.0013442156902245816,0.0008074068302086346,0.002271778565171148,0.0012976491666112505,0.002511991974230368
155274,0.0018061151477533205,0.0014479141704461101,0.0016850726896567303,0.003128918753026122,0.0033471258898587625,0.0022043512423444156,0.0024204561931075036,0.002322082714361573
155276,0.002460715234933755,0.0016568041521625304,0.0016187417408564664,0.002036727616374856,0.001921898437345304,0.0022510176995155368,0.0024371267462710566,0.004157249471017421
155278,0.001736056887864601,0.0017473206434709537,0.0011382570644237339,0.001919988130020478,0.002243287115566553,0.0026764353252355932,0.0015959761677850626,0.00345801707607013
155280,0.0030089962580517327,0.0020279872309792446,0.0017818348699238928,0.002034593688623687,0.0012799230092799818,0.00217333167392747,0.0011994960006058708,0.002683025182026455
155282,0.0031709732090188375,0.003787661779005705,0.001529460194207355,0.001950696647002259,0.004849586834122788,0.004360862634110119,0.003182964428580806,0.0053582414293385505
155284,0.0022136908600787347,0.002776642749197089,0.001500278904169719,0.002035552607566063,0.002540695135488713,0.002287648725060612,0.0019682006668964025,0.0022004683289700427
155286,0.0017745976728520546,0.0018297332501921032,0.0010647088944972793,0.0019201925038481726,0.0025038687939643034,0.0025118004126876148,0.0017174214038286895,0.00493943975813238
155288,0.0014358702073344887,0.0014249363680676752,0.0014434320201412026,0.0019787381542664267,0.0010950816696642246,0.0024368740640680203,0.002336069203935587,0.0025569466272874625
155290,0.002537750559797894,0.0024186131407649136,0.001607722960547689,0.001499826723089237,0.0014724337365652623,0.0022475318516384513,0.0015144877605234447,0.0024726056156048615
155292,0.0012765275251404168,0.001753552215737253,0.002138283854069556,0.0017693296321239504,0.00196097475252123,0.00232350001616545,0.0016296579887155188,0.00372605112962289
155294,0.0029942200376890243,0.0015919090178732193,0.0016279611705299346,0.002042221534186206,0.0011639072979448134,0.0031068976329260423,0.0020223556961079248,0.003181608539651451
155296,0.00207724568605272,0.0015922830039073604,0.0018084140363655715,0.0018479052460475126,0.00216986835166412,0.002495919195524776,0.003248148569582554,0.0025448297309289686
155298,0.002580742887792878,0.0024512934302869382,0.0014213810955493594,0.002405470879070004,0.002393385273946183,0.002186023495051051,0.0019142586694999159,0.004710518014452214
155300,0.0023092354642108154,0.0018836619260414467,0.002095567198099113,0.00179158894803777,0.0016664386692611388,0.002507154763398481,0.0017154208785309516,0.003261350035253463
155302,0.0012765733116513328,0.002452939659221498,0.0021913457077041287,0.0020871376711193435,0.0021409561479495687,0.0016126006239716162,0.0028736459498102662,0.0029100462753767348
155304,0.0011158212498201814,0.0027099826272182354,0.0020907857684893255,0.0034598982269238437,0.0019788047711011836,0.002490444539837766,0.0014462309206288992,0.0038442996766559073
155306,0.0019993681213637537,0.0013781969442728248,0.001319424720635523,0.0021068290038263188,0.001181736464692787,0.0022805997285908625,0.0022970419291079708,0.0030175281155318118
155308,0.0012648893655027443,0.0008195211685508991,0.0012877633467989341,0.0011429491522607638,0.0010964909366060344,0.001208660752193405,0.0006828619861742914,0.001352584784911015
155310,0.0019074462259363045,0.001381659054074516,0.0023996153315488655,0.004835772425402729,0.0019417723658158442,0.0032560573932208237,0.0019002626595365918,0.0034643071093407585
155312,0.0015244688605280943,0.0014908727850527215,0.0014559774892012461,0.0013761633320670402,0.002351812560423286,0.0024795792991130217,0.002096640335227884,0.004280406394269187
155314,0.002662373341436819,0.0018981897930567954,0.0014799515073021935,0.0021659542201470927,0.0011589270592167328,0.0025578475110785703,0.0016925423103813508,0.00371361836012897
155316,0.0028027958374599177,0.002075212476918678,0.001940380236156669,0.0030572566628551123,0.001648107877135152,0.002820788805835195,0.0029180745382398343,0.0031586784137749846
155318,0.0017845245644621116,0.0023777124059548016,0.002485919360668609,0.0027602226599393043,0.0018467031100950632,0.0032550009958640796,0.0037545349731695765,0.003965496460992313
155320,0.0018878864550520152,0.001306637542539471,0.001594387121920171,0.0021850078204436324,0.0023942360903751597,0.0018088579554709217,0.0027979391764532263,0.003029583063819674
155322,0.0027884784793739265,0.0016674011320621518,0.003215560732223788,0.0021345363586667276,0.0016105526902032846,0.002359733562370528,0.0028582817000777916,0.0037497762560435716
155324,0.0017727689508685446,0.0014502225412216796,0.002562186105730238,0.0020599662286180376,0.0016816835072303166,0.0014780437741540725,0.001919138756648009,0.0026981163139205983
155326,0.0018906673165309251,0.0020281258044822087,0.0014824958223092488,0.0023397704200989744,0.001990063502926853,0.002057561948093145,0.002554050632427085,0.0042364724954847
155328,0.001523844063194224,0.001677495387606212,0.0019626019909360637,0.001490774112277174,0.0014815564681803922,0.0015559334282312515,0.0023350804515587797,0.002604405634102136
155330,0.0030932938855232767,0.00210053438211745,0.0023429382677801064,0.002439347749870771,0.00243437663580183,0.0028245334503940733,0.0017688899637966632,0.0033565401338400136
155332,0.00191527325242892,0.0017224350841296698,0.002762682216545187,0.00576878906287015,0.0025247792192432256,0.0015898308962448149,0.002099637089720066,0.003357992375845109
155334,0.0008456050047920272,0.0012378194649627222,0.001154800461377628,0.0025249802602967386,0.0012630468221409702,0.0009136573344858991,0.001067528664750586,0.003253423733234284
155336,0.001689035385778595,0.0021570242637649617,0.0025223415317319198,0.0021542347553646923,0.0012725089694885089,0.002459226749575563,0.0022488283492663186,0.003167365663856947
155338,0.0010534569468437227,0.001887830450808592,0.0012007524753840926,0.0020526762460722076,0.00148319300112143,0.0013227775680357823,0.0015921254368690546,0.0031776707033040474
155340,0.0014587734386287826,0.0019290029754261,0.002024674956134176,0.0016874242236077919,0.002861882937041038,0.0019954871729317564,0.0025513847105589904,0.0029931890738945643
155342,0.0024913964807993794,0.0010907126479898915,0.0010531759666685403,0.002142394307625209,0.0011527330924521184,0.001755966025354605,0.0018664254957132531,0.0026377776523540813
155344,0.0013592141565391125,0.001514707550540409,0.002154808836994704,0.0017625245097065007,0.002215096784305773,0.001651213592971948,0.002532253437570811,0.003142753813607735
155346,0.0025563928377249218,0.0026732281829544707,0.00373295673154056,0.0016681201184931688,0.001467054380417887,0.0024160163217826908,0.0019256905141165626,0.0023492385019681233
155348,0.0016147968600904172,0.0014262686649929024,0.0019827971979769488,0.002155953078336603,0.00216146268884021,0.0025552191528566276,0.0018478094835359116,0.005122035831001348
155350,0.0011492936142477733,0.0007460458361087247,0.000931469577497044,0.00151105843660361,0.0009644814941212193,0.0012154380414214488,0.0014888070921204172,0.0023641457096435503
155352,0.001278074339119195,0.001484939249153605,0.0013607500762236047,0.001981246172926332,0.0012468326811846536,0.0013861541675739414,0.0019699436626317013,0.004807756359346771
155354,0.0011887130505173205,0.0015138203693369073,0.0010545737417978623,0.0010987789148946825,0.001235140362185319,0.002290938365386422,0.0015915549904923498,0.0027098794578256508
155356,0.0021153053582081416,0.0017074218153795423,0.0039891294126528365,0.0033344086990736432,0.0024286501141302375,0.0022999624037296634,0.0027235875081924044,0.003681740298444605
155358,0.0029034753747270298,0.001403377146516116,0.002598483146957889,0.0023822871442258364,0.0014694747721064605,0.0015623276953614096,0.0022885051300658987,0.002859113871272037
155360,0.0016733929510394235,0.001844659352659761,0.0023694555182170035,0.0015761868415484909,0.0016743113847041968,0.001596022601248137,0.0019964691243935656,0.0028889004085597275
155362,0.002243283233839044,0.0021458404750656634,0.0021049553526909653,0.0019469786413429113,0.0030997690861096633,0.002656398709815433,0.003100785052064181,0.006378652855577371
155364,0.0014344120922143433,0.0016346462044569826,0.001828863617353571,0.0018716113783199262,0.0018532966044091381,0.0018340060221275767,0.0022911173884648944,0.0032729967008494065
155366,0.001498347439119252,0.0024519818129023485,0.002013057515542052,0.002413266439005801,0.0024344968448384297,0.002219236506953784,0.001499376629660043,0.0028524833707171404
155368,0.0016741903553013776,0.0028810291794221232,0.0019937036351942578,0.002169549413594263,0.001652846755895221,0.003156089884585614,0.0024609406903009085,0.005807665378659843
155370,0.001003254398037834,0.0016311342143007224,0.002428390528647087,0.0020918801714066154,0.0022304168761289184,0.003861246616960523,0.0024443600335575383,0.0018087102932478616
155372,0.002584687954956033,0.0017605097573772377,0.0023751238456449913,0.0028273063241958246,0.00292839544580982,0.0017021878150059871,0.0028117181603770774,0.004762240855710198
155374,0.0014793000806891943,0.0023008164643513324,0.0013083660672685987,0.001303633935151538,0.001780479308367014,0.001948860882481862,0.0014214372752824472,0.0034011186405681487
155376,0.0014356454862698431,0.002905677835381093,0.0028882489009878776,0.002943629818462759,0.002145464639655495,0.002300750349395253,0.0026756340338499746,0.003080262898130806
155378,0.0017425961600614631,0.0020078870951306116,0.0012823583199917388,0.0016218388796063327,0.0017347238212045563,0.002293999837786345,0.001221842554433375,0.0018279766710185275
155380,0.001577510515725647,0.0015666414694806008,0.0018599995304797862,0.0028481007132088454,0.0009720810067759822,0.0035940879973912626,0.001629694382410174,0.00377985735293912
155382,0.0013038031477455997,0.0018536215353454205,0.001977927904939003,0.0017532926444074892,0.0021347463408325495,0.0023763066286177636,0.002686006505646779,0.0027421866067723344
155384,0.001110177865305817,0.0016062946954964602,0.0013448224575092343,0.0010622636256494289,0.002198999623939324,0.0016744598574776198,0.0020294191617109686,0.0026464504108398984
155386,0.002042702031604962,0.0014525182688310267,0.0028759629296515876,0.0014866575097938345,0.0015163605457948481,0.0032572564099067614,0.00301022451641432,0.0028422579094594114
155388,0.0032308011340751452,0.0018882059864800405,0.002073213509100391,0.001820889798590089,0.0016951444448631836,0.003738237271163014,0.0015934890958330256,0.0032429998806176585
155390,0.0017289508436780232,0.0018027644582701563,0.002746998172233353,0.001735076048650308,0.0008953166728966101,0.0017261727445761071,0.0013877371477302725,0.0037173778078170155
155392,0.0020369091930385608,0.0028159996015913458,0.0019183594048715613,0.0021631232497343472,0.001785542262629003,0.0019734501723350922,0.002215429573329486,0.004392138686171165
155394,0.001447882985006324,0.00191191298733219,0.0021377660618955435,0.0015328648182668658,0.002214359056689222,0.0031869787283336226,0.002821697821531202,0.003296489195068253
155396,0.0016890614131368498,0.0012622062571507886,0.0013513602207118058,0.003188941176472407,0.0015929754993938006,0.0033653080021579657,0.003610045451295077,0.002118035608746918
155398,0.002283486949281391,0.0010507338416144152,0.001362967010104646,0.0013015106997693593,0.0010614165530438285,0.0012354616698445064,0.0013488421574603948,0.002697799363306219
155400,0.002657680288648559,0.0016856624077581928,0.003376152421610948,0.001748230170849921,0.002805492513602792,0.0031045051810410507,0.002096938515535385,0.004801405209900134
155402,0.0009252970591593392,0.0010192296649642746,0.0010523085983094038,0.0012991582337298357,0.0011218891713427603,0.001606399210307155,0.0013841521117555905,0.002871424923051258
155404,0.001327938213067592,0.0014678024389761651,0.0014968593725078888,0.0021606113487271927,0.0015689897536299569,0.0017067531977432854,0.0025097888976057803,0.002445285810389386
155406,0.0016374624352449296,0.0019762366922538993,0.001252504100662577,0.001529690392786165,0.0015256440473761096,0.0021515583318101883,0.0019874110668262196,0.0036475122129875914
155408,0.0038878952208916268,0.0012514437980786774,0.00183959245756328,0.002886446526023434,0.001443292471790869,0.002022757114489515,0.0019532138376661262,0.002951331444879371
155410,0.0019624257374397658,0.0016733451006328282,0.001926655468909591,0.0019204964729003932,0.0016563201727683025,0.001489236619892767,0.002043996659028116,0.0033782203330923327
155412,0.001592793812545415,0.0016437264839353066,0.0019263372785225386,0.0011965463377921481,0.0019661594471532956,0.0026430372079281478,0.0018856550216241885,0.004533365393691646
155414,0.0022917087135916475,0.0013880924365064495,0.002100096979342825,0.0012887126752953032,0.0018406679304270313,0.0030067831647715426,0.0023707185114552193,0.0022394380926643725
155416,0.0020564322995884204,0.0016733121848267474,0.0015089880631680708,0.00164629567023801,0.0013485986338432898,0.0015559960275481899,0.002274264007704696,0.0021682617530455334
155418,0.001663232365392911,0.0016347197060430224,0.001195412363225526,0.002130108142957679,0.0017600652473979128,0.0022398760204224294,0.0015994188359711448,0.002880446137885573
155420,0.0022568321506633154,0.0038467479605968635,0.0020377640570950484,0.002794686411681027,0.0031286328613867043,0.004291829175864292,0.0030727168676653177,0.00431423982259127
155422,0.0013824708935428753,0.002100736879854459,0.00258017252427184,0.002758641871195358,0.0017375982341860663,0.002034228397589391,0.001762541087800218,0.001731482836160092
155424,0.002443001709883777,0.002242098405296711,0.0010761704363929786,0.0017836487516525446,0.0015550871385529158,0.0014816301716182867,0.001959981779097189,0.0028711059356230223
155426,0.0020701834721843643,0.001291029969411342,0.0023650130533079405,0.001737918761116397,0.0015111088311588056,0.0016618507192890514,0.0024755688799019127,0.00429168567483007
155428,0.0016201473376234454,0.001672569531830384,0.002335565079704338,0.0017661312979533883,0.0015081074775291775,0.004806875066052152,0.0034625865352675422,0.002798505136341181
155430,0.0017194085745587118,0.000990246059960287,0.001394240288527096,0.0024393543735573703,0.0020469235424214333,0.0021472350464284973,0.0015516203447442228,0.003351113844619391
155432,0.002237140555365738,0.0013948771636874135,0.0007806997774236248,0.002399704020846896,0.0012375888002243013,0.001567853448320236,0.0024099262917912784,0.0024590601175056848
155434,0.00224229173891205,0.0012665221812764443,0.0020127436332098014,0.0013071468752028914,0.0012853915558876938,0.0012662512094230444,0.0014061003590697951,0.0023716189894901346
155436,0.0021157984897192256,0.0025424597701176332,0.0018408172110798843,0.003798378053913601,0.002107576303356007,0.004102061322782902,0.002424440447603482,0.004907475525063598
155438,0.0010686835808307316,0.001212004229672381,0.001289192553504806,0.0017392176324816516,0.001148221898261706,0.001554996058596006,0.0023138313243710323,0.002727140247565041
155440,0.004807968171064658,0.002537120417957228,0.002766732180775,0.002672485146402226,0.0030034846508195656,0.0020525911819574555,0.00467505590456363,0.005282444704990619
155442,0.0023668486217438695,0.002215190060899666,0.0018707859874807081,0.004023415479573522,0.0020992011458376703,0.002070966965988852,0.0027949093484747195,0.005714272685643229
155444,0.0015532393252124521,0.0015827707519969203,0.0016286219916148426,0.002172870085362724,0.001744325238627345,0.0019581202195964043,0.001626483377021995,0.003019857342606916
155446,0.0015493487384282134,0.0012557946312663631,0.0019997809123634275,0.001597984138694608,0.002324204698500934,0.0008833170950219328,0.00204443188603666,0.0052749236247331965
155448,0.0008597391719744746,0.0011188175161411934,0.001310651594892187,0.0012664280537164618,0.001389853174436087,0.002061489575532427,0.0021732941615142942,0.002186248535831062
155450,0.0021436732304698364,0.0013987697376682956,0.0020675977408536467,0.002351338171769024,0.0014059676557953843,0.0018752241600178549,0.002452202440426987,0.002924188506858841
155452,0.002274089197285889,0.0019290949288831016,0.0021561174063686878,0.0022502376102997435,0.0015522578551430272,0.0022103671523235335,0.0019626590934852667,0.0046699090341384975
155454,0.0017413507470556144,0.0014122831572260797,0.001658083884277295,0.0022674982110724162,0.0016209292548736848,0.0015045521582237598,0.0024402773618088652,0.003483445439163513
155456,0.0020430121794312583,0.0023011234646199696,0.0013424644556654514,0.0011164868502364644,0.0016492023968375236,0.003657728842476629,0.0021985164527650453,0.005742109946087703
155458,0.0040943936054083085,0.0029694268372935234,0.001665734033140867,0.003262007024089686,0.002850175472395425,0.0017188945302920033,0.0016594618393894894,0.004055644463607289
155460,0.002234879771583431,0.0028206665332271147,0.002613811453357054,0.002342846306192803,0.005118327381531396,0.002803602139894848,0.0029085324381084576,0.006831942251981582
155462,0.0028737014665104615,0.0013532449645862338,0.0026935797743000145,0.002212975798085784,0.004585909053972159,0.0038257676821574216,0.002142152224418728,0.0034914629645579343
155464,0.0015238126521844308,0.0012905775857263851,0.001164967743536638,0.001771131495175382,0.0016045835253187951,0.0021777426793929827,0.002013029435614669,0.0030188977068274087
155466,0.0021679346072960848,0.0015325909206610616,0.0037358943566379588,0.002183793570160797,0.0014139871633602752,0.00202932753254359,0.0018232273361619283,0.0022881804399754874
155468,0.0013007340110018917,0.0010092703073963372,0.0011522226725780293,0.0015521935698439848,0.0012810273059946642,0.0011765390310722879,0.001190346077145757,0.0022990374098408872
155470,0.0015870467443828695,0.0026679024835896265,0.0017972200539189687,0.0023225372667221578,0.0019121941456524127,0.002017642516007903,0.0020503123227011977,0.003899069080894657
155472,0.0011077190869068776,0.002267980387679183,0.002160591608492704,0.0017183280585142402,0.0015415374439529256,0.0027169394507531863,0.001757874777286228,0.0025121652447629567
155474,0.0025215071572649017,0.0018996524361547529,0.0017271052381607893,0.001597377207743167,0.00170978642212051,0.002274124372013145,0.0013539061277774295,0.002977056012296808
155476,0.003042835301893254,0.0018363698403405793,0.0016860830425646928,0.001154727544305248,0.002293961298049943,0.0024174539424284824,0.002410296085749941,0.003168000117497863
155478,0.001913246310730879,0.0018632485949826028,0.001680847664886978,0.002183829084018152,0.0030363352997913595,0.0019932921372159407,0.004190994873072784,0.003527766507744126
155480,0.0016048219955627219,0.0029067032581892166,0.0016957595470077497,0.005034082441719656,0.0025388931963400557,0.00320649074175873,0.0012150510438641154,0.003028555459824389
155482,0.0017919257704390734,0.002182001539964562,0.0012212579499681908,0.0014561170808216062,0.0012717178686161845,0.0023715765376524645,0.0023461728566692847,0.0032328151524037146
155484,0.001281447874401112,0.0017111027857053124,0.0009570379936770824,0.002792286268817057,0.0012240697585948063,0.001053683063953828,0.001662542685746185,0.002380594276720993
155486,0.0020053462503595437,0.0014174557612579713,0.0015584889733775281,0.0022880635429263357,0.0015611393443704658,0.0014661618687555333,0.002428176114892114,0.002339003565944575
155488,0.001564386590533054,0.001639605538145128,0.0016610586887017137,0.002362883744336186,0.0018787806799963752,0.001782641030515078,0.0019307802576408323,0.0033342305867072874
155490,0.0018694797862501972,0.000888628116932702,0.0015438475232632115,0.0014709940307847114,0.0013957763817730312,0.0017850955477545366,0.001756174588481374,0.0021062196338478417
155492,0.0012456706475667684,0.00180825878843828,0.0015893793748512075,0.0013415593843114776,0.002085069346381696,0.0013326440400036749,0.0025802277790285544,0.003133400956534596
155494,0.001926191109424838,0.0013979695616284232,0.0012992264456946345,0.0017402991008531737,0.0017366942714858308,0.002752603900790365,0.001853249134159407,0.002441860612114377
155496,0.0034294702444670616,0.0015884147598437814,0.0016522888520109635,0.0018184098332698628,0.0030504112359972524,0.0021024101645620435,0.003061249043219638,0.0032123890224022983
155498,0.0012223830148094805,0.0018739535007625818,0.0014211735210656884,0.0016838590149126503,0.0011324856957486418,0.0018457385460524112,0.001930303289611468,0.003184277722173681
155500,0.0019922112010073434,0.0015231737410875829,0.0020808249751178565,0.0018582557791585602,0.002057617374069176,0.002037991423280483,0.0016616347750544325,0.004401380076982042
155502,0.001817184617810677,0.0014786204342422948,0.0010029535319256017,0.0019680856404500346,0.001895972066474086,0.002729217964929212,0.002575564620480378,0.0035816332062693773
155504,0.0013830161314270506,0.0019112109962693413,0.0017637274058280306,0.0015287801897214681,0.0018685115457674067,0.0020278989893030147,0.0030152447901780205,0.003374583292497846
155506,0.0018961397947304115,0.0018945299745751903,0.0019702244258318485,0.0022916223996197888,0.0014159330133285547,0.0016882506785622642,0.0017837755628341695,0.003525058760667568
155508,0.0013633697326499578,0.0010003759580837213,0.0006467418087879317,0.0016211290384383764,0.0010819299770901125,0.0011394891016931613,0.0014078853374338701,0.0025204237989489564
155510,0.0013510334900647264,0.0016183997286528667,0.001364571927027436,0.0019350979082242148,0.001787829915147976,0.0020713345234588676,0.0020641798056835747,0.0026907430419811362
155512,0.0013726360722478154,0.0008040749282897976,0.001143892154993456,0.0015319230514822119,0.0008074564763899984,0.001653987995880471,0.0011579956258112034,0.0019995760107787697
155514,0.0020701187244603347,0.001285656820606676,0.0015228033096305188,0.00212968108111479,0.0014997390072759575,0.0023421272648784797,0.002170686106287359,0.0038433642767077836
155516,0.0019029486115878513,0.002258548063779564,0.002272632349890627,0.0025598913834701392,0.0022869709850438374,0.002336050478348506,0.002723890415894395,0.004151606814890352
155518,0.0012783116764421149,0.0014357459874867473,0.0011865105634569773,0.002122888929273828,0.0016388224464316536,0.001391036697167572,0.0012454755379701782,0.002890323409150908
155520,0.0016308140629917034,0.001961626094883609,0.0020516738167476595,0.0024729872271658238,0.0023103318943232948,0.0015231088977918916,0.0019455277926925252,0.0033402817556167502
155522,0.001807333458963889,0.0019090048802242882,0.0014389302512105712,0.0012946695861385665,0.0014427459487888067,0.0021737339107028575,0.0018722870386547186,0.0027849752485773482
155524,0.0013777613401356886,0.0016011335114812925,0.0022825545959117566,0.0019001551569817199,0.0014639448909434805,0.001818781259601679,0.002475299014526089,0.003882761140150459
155526,0.0034597921712721386,0.002612591146492496,0.0023411556166080955,0.0026787732067390935,0.0019043958542375727,0.002991993639116078,0.0021787723139974347,0.004352862244096978
155528,0.001817370740097149,0.0019600988775005934,0.002404478505622143,0.0016464175010435511,0.002339611128959973,0.0012768917103284233,0.001159332411770922,0.0024432046241674166
155530,0.0028264954317605007,0.0028690754512186722,0.002247695041398323,0.00359227654183171,0.0028809591953261743,0.0023532125206655735,0.00495413550249979,0.007226408678404683
155532,0.0017621363543638413,0.004215731637007503,0.0021320084337015377,0.002164743889810153,0.0020632161971152613,0.0016471113877147975,0.0023929180089471563,0.003758738040018139
155534,0.0016111340072118147,0.0016777917063964254,0.001703801087709289,0.0024794895168490094,0.0025160758758475815,0.004726612903312111,0.0029676918452093,0.003619862991979819
155536,0.0023289952009456633,0.002527215087712309,0.0015410635853255888,0.001621103839832841,0.0021436052737835443,0.002103207591436243,0.0021030138581502045,0.002391453818703218
155538,0.0017607248428297972,0.001981131097522973,0.0020446289661357753,0.0013842566154332325,0.0016952748187918504,0.005204310856872285,0.002256023097527829,0.0033069728844075663
155540,0.0016037843763011678,0.0017430832516125566,0.0018333880291693389,0.0020214199897501534,0.0015884028821738227,0.002052169262999351,0.002889694169787141,0.004258267688385331
155542,0.0010908233788893412,0.001490922266507655,0.0011429854240943005,0.002265243766857772,0.002095918512812267,0.003575368030370507,0.0016362021397954424,0.002593194906046259
155544,0.0018555755704108418,0.002293466019883797,0.0013639879614584793,0.001588100610420362,0.001132270078123776,0.0018436646108605098,0.0010164960805082585,0.0022524092589672057
155546,0.002094199397812538,0.0009490522915222045,0.0009848714310750767,0.0015134548451181118,0.0014485209358234968,0.0013939042417813324,0.0014739808398085558,0.0024289736056965078
155548,0.0019533541133548576,0.0026408172035475297,0.001743775436807482,0.0030554410085717465,0.002084998582765396,0.0027680287331044995,0.0023744626759097387,0.003475098489471043
155550,0.0024680874261535785,0.001790170415485584,0.0016784063995523013,0.001872981522741457,0.0017082817910021308,0.0017029656079155103,0.001365836604884374,0.0028584035902492477
155552,0.0012821112699781256,0.0019329622287803105,0.001885681551585583,0.0017306006123445905,0.0013328785025971263,0.0039853572316244645,0.001739260822618327,0.001834340426212444
155554,0.0016016505084984894,0.001290597124921966,0.0011999112252704253,0.001425230286306381,0.0009689730542759012,0.0021429354233864495,0.001320324732255962,0.0020690784928091427
155556,0.0011849553161136783,0.0011099728216237281,0.0010865645421559572,0.0016285005203562353,0.0008368487173819918,0.0015280449994214962,0.001560999516148201,0.002574035741799721
155558,0.0019187709272723424,0.001109142910937777,0.0013704843770254854,0.003208953819858529,0.001242782379742416,0.0030174560834683867,0.0027291965571771826,0.005943624389049218
155560,0.0032286708969865435,0.001879317775410394,0.0028825734447908286,0.002123955303729455,0.002127621676440372,0.0019799268200838688,0.0027141082962214846,0.003412004021577389
155562,0.0029697881886173866,0.0020465123179563977,0.0012624587943604326,0.0015352168522222431,0.0017311914232474024,0.0010822525129052796,0.0014688139482622042,0.0011981120075288537
155564,0.0021412950425943184,0.0016131419121410279,0.00222018076431775,0.0019953680237316945,0.002137793965264534,0.0027720245561388968,0.002541238583680397,0.0038332170838917407
155566,0.0016029341189533058,0.0015142305858584226,0.0014296824185938833,0.0017813272993421614,0.0019544376328223395,0.0016856929976110657,0.0021705680846476755,0.002841512392289372
155568,0.0027343255273398898,0.0024102712124671744,0.0015950128258479662,0.0020373608160213635,0.0015542346170222127,0.002212160277711206,0.002385570970681719,0.0032453347485381645
155570,0.0025240039571011175,0.002042408406283794,0.0020183463810102276,0.0031375808695371377,0.0014398045419184435,0.002141270219288907,0.0020190905429519207,0.0035018318032836865
155572,0.0013995609444927837,0.002161480008320782,0.0015684028127861543,0.0025847894706609864,0.002484012927385662,0.0016516208239463759,0.002111464739352767,0.0035142894028739186
155574,0.0025473989671137703,0.0011859688562960852,0.0014907303866103089,0.0011380398926791463,0.0018791136507323447,0.002328135566301237,0.002335831178501682,0.0027393711816527944
155576,0.0022373928813757132,0.0030543143219957103,0.0016240807289947257,0.004230002893948814,0.004786271946827236,0.001672925448355525,0.0037582849236719174,0.005294912229838966
155578,0.0010844132216223518,0.0014124102780304626,0.0012363844504760385,0.0015246736636820857,0.0017504754109026188,0.0010406259261872552,0.0014977268649796205,0.0018275581223692883
155580,0.0015022211428131899,0.0012697697329240448,0.001321957445742497,0.0017275957342245546,0.001344837211773045,0.0015489953706138287,0.001990116350322771,0.0031149291656651507
155582,0.0014355167595125895,0.0016012724425025354,0.0010658367443033279,0.0018669588907619522,0.0012034351359786616,0.0024398456553803016,0.0025200800609011115,0.0027731238146416204
155584,0.0027046006617297835,0.002132741604836244,0.0032569132645022952,0.004728811650750231,0.0020212280509801506,0.00337032056684472,0.0026532319978598423,0.005126993900362642
155586,0.0018864095806601089,0.001646508801525004,0.002271367001643654,0.002082826588044817,0.002899030836669647,0.0015844204306919019,0.001820773437951631,0.002685810350625331
155588,0.0015876045076499562,0.0018677135640593617,0.0010319806744658738,0.00119549685812749,0.002641531700366073,0.0013492351250659618,0.0016999725406938726,0.003956514890915364
155590,0.0018475904241113117,0.0013429080957259032,0.0008172215996824495,0.001836675722245218,0.0010569280341252707,0.0016450138481636234,0.001370635806879017,0.002237113772993307
155592,0.0024088050129628252,0.0019520671246789356,0.00203641458376215,0.002368189960891956,0.0020652011987465496,0.0026599822991603267,0.0029888861373275066,0.0039042581549942335
155594,0.0029048730473855144,0.0024822698108222796,0.002920257967898243,0.0026490827009306855,0.0022694062839782175,0.002183124083538282,0.0027132462753643033,0.005942828294808189
155596,0.0017157726839940463,0.0017319308538372852,0.001380805924096562,0.0034389933894063973,0.002230013298662792,0.0024762543595990977,0.0017681010168159178,0.0039060548903570164
155598,0.0017646305514098515,0.001873053428868024,0.0010857395027458333,0.0018033921394056684,0.0020888732955564593,0.0015731744052543406,0.0021027641023019378,0.004974133709041206
155600,0.0009539021957915041,0.0012805364190432572,0.003462843892635195,0.0012513926660426833,0.0023512001636443736,0.0010650157233516588,0.0014308531838263527,0.0022644484526551795
155602,0.0026196175220662005,0.0021029868660372847,0.0024496204659039122,0.00291621902364482,0.0029982122625221153,0.003928619706419723,0.004537631421824229,0.007103123278000334
155604,0.0018964337426032873,0.001538847070467142,0.002627336505444333,0.0029888462192673715,0.0024043349280406107,0.0021958500099362177,0.002357989394159002,0.0027431277444960878
155606,0.000989757982356787,0.001928096647601088,0.0020572780706515914,0.0025425409174744673,0.0014257099021863784,0.0019888435547116418,0.0019319357661908843,0.003805685387151106
155608,0.003510803636563989,0.0025590696659932993,0.0025309376239127795,0.0019141230643861112,0.0020144811570083215,0.0024609902179454496,0.00484892584073382,0.0029108473578843275
155610,0.001649711360281414,0.001912255397252205,0.001491692211653961,0.0014054028289774007,0.0013318450637348628,0.0032289719075448975,0.004191285243708487,0.003864936915011788
155612,0.001471471853848938,0.002150077023726618,0.0009883787942315814,0.0019851019683604504,0.0016531639126210612,0.001589706127342938,0.0021304599337815255,0.0035168030180049575
155614,0.001217595707237118,0.0021372858768948927,0.001225880007480265,0.00146785381970084,0.0016402023337370175,0.0013898987279607061,0.0013274414039978755,0.0022325046616217398
155616,0.0038059138257375835,0.0017748280557439294,0.0011766509691196192,0.0014457135868118365,0.0016744199185689812,0.0021431468530143244,0.003010426048291104,0.0032785006026192637
155618,0.001332752836786369,0.001285944555576235,0.0008701126458904446,0.0025179635402917816,0.0012888062900057312,0.0014000512761092182,0.0015163611260531895,0.0030390603139763273
155620,0.00443228494795278,0.0013816465916627885,0.00149491484282184,0.0022985501568722477,0.0018947660690189633,0.0020055127427396346,0.0016656458500744625,0.003176900478369049
155622,0.002011801464685617,0.0014191401494167977,0.0013961674970542348,0.0012759853368731755,0.00160089084385652,0.0009971437735352279,0.0011025091088832234,0.003235153555951664
155624,0.0020789561311771454,0.002765170685359322,0.0020358763315195816,0.0030185088193718373,0.0032279889123181804,0.0019080707178018713,0.0029211981729121567,0.0045977665326458195
155626,0.0015172165475379473,0.0017367188005188439,0.0007847702400900491,0.0010688202251019213,0.0011016552858046508,0.0014149124173106764,0.001769783773156855,0.0026943968973628524
155628,0.002430267052795934,0.002213941159064939,0.0030839003614953203,0.002698918642081216,0.002078417720176154,0.0021612247262037393,0.0033007576369005337,0.0039366598266093455
155630,0.0019055008359460945,0.0016988784959242609,0.0015977110352814045,0.0013853875586605918,0.0013621540439907737,0.0021656379969394735,0.00248129140908665,0.003462805748775999
155632,0.0013131356611324613,0.0024462051295122272,0.001228745444637594,0.0016160884223249822,0.001232809711539995,0.0012047138425331921,0.002301509835155993,0.0023385592948972495
155634,0.0017347806096437157,0.0015560556891020122,0.002600074354763615,0.0015873619769344316,0.0020044938776231924,0.0015475406823413224,0.0018998177291390667,0.0021645279311655607
155636,0.002467990079314808,0.00308451026234792,0.0016467409942860223,0.0015334366109733821,0.002288794198473512,0.001990506578599241,0.0024682898989214497,0.004739800746662803
155638,0.0018998739109066798,0.0014756564016977919,0.0009065417537379994,0.0018143317246921559,0.002916019060881292,0.0025641905866136266,0.0022105692717545727,0.004086965497581474
155640,0.0030443693030979824,0.001359392707289686,0.0015746141848545087,0.0016107859220820947,0.0015976910820756363,0.0026103238237065174,0.0020574375803272815,0.0025465909127642683
155642,0.0018227612991614794,0.003219640763260978,0.0013669938823710481,0.0023190732358674554,0.00234548000657199,0.0037003125632811967,0.0019148115708273045,0.003564100353520283
155644,0.0014715481641186662,0.001740805144565552,0.0006796580425183496,0.0014661804124305317,0.0015390016864653827,0.0019991629077980577,0.0018863396837718316,0.0034030194582074375
155646,0.0016426645839843351,0.001488631733799775,0.0013474808963432339,0.0023485415886427413,0.002296146084075412,0.0017062712093580817,0.0019706679335507737,0.004813498623870649
155648,0.004197527266356582,0.002145406317367815,0.0032145286671284717,0.0018254555931018907,0.002582580060768669,0.002182463749302921,0.0019664197866598038,0.005443834749885357
155650,0.0014245406810538125,0.0013024750300151405,0.0018255326294525226,0.0015138180502495407,0.0016875319573763647,0.0013469052481641791,0.0013210983106582003,0.0034125141020835553
155652,0.0010045872462627892,0.0011890267204879429,0.0012008998987424052,0.001206522149365799,0.001308538281842575,0.003300249130236757,0.002167401443846098,0.002941779530857294
155654,0.0028585501805642455,0.0015900911442812693,0.0012964280043101795,0.0023652340810920713,0.0015099302820216348,0.0019548852897897095,0.0020436308616390703,0.0025006125497479964
155656,0.001822304227225638,0.0013916539401179762,0.0016747156607133662,0.0015734770264855258,0.0018786844437085476,0.004721317927342206,0.0023200883802490524,0.0024965099513330063
155658,0.0018141054560070202,0.001220557390154156,0.0014239831003237668,0.002277114507037936,0.0020062144889702177,0.0017317590810401878,0.0018587192647868123,0.0022654987366321905
155660,0.001164989867777702,0.000978829022912478,0.0014171430123633422,0.0014351966614150613,0.0012406114245178679,0.00196242672760584,0.0021245298011845493,0.003338692572112445
155662,0.001592675171570912,0.0017044875828899908,0.0021801264051696384,0.0019346672697878042,0.002133396439044033,0.001694818992065153,0.0023075723379724217,0.003984744855788591
155664,0.0018122317448621694,0.002127281116473659,0.0012892420443542107,0.00247100835367281,0.0016007790559910973,0.0014430951908062234,0.0013005596238419154,0.004047733011210364
155666,0.008185660992177157,0.0020839719650247446,0.002544397516878308,0.002795627848392948,0.0028743041967099203,0.0027486240577454524,0.00346473249551954,0.0032228570781978605
155668,0.0011118261010263503,0.0017638463099101664,0.0014308793941625458,0.0021078335281699,0.002684218207636438,0.002031210877096401,0.0018650416636809553,0.004463764849981011
155670,0.0016756530614294718,0.0021319389420862422,0.0010520251130792385,0.0016444663319958863,0.0018673722679973942,0.0022077523432668805,0.001858384251713377,0.003920194076217298
155672,0.0023057845909263547,0.0012681438453794464,0.0015445317485864862,0.0012990408811148907,0.0015611761423118958,0.0013854959915458043,0.00300745035771878,0.0022130781430130947
155674,0.0027601431987450825,0.0017186742932579074,0.0011357292028746496,0.0017934781485790113,0.0013450415939747634,0.0014125824882438437,0.0026368295145135084,0.0043070802949820575
155676,0.0017551852725009726,0.0020822835962314296,0.0014245614905157439,0.002659446278144628,0.002107162108620622,0.00272946902574156,0.0018575672419588601,0.003077563282071774
155678,0.0012100777771051896,0.001242423354647082,0.0012973810573493338,0.0011386331422741508,0.001378741062127778,0.001238351910743063,0.0019481745022909142,0.0025307284747817654
155680,0.0015564551276825989,0.0026101140842273024,0.0016052425701188616,0.00133273542900271,0.002233907742965835,0.0018752109318467824,0.0017719951344599694,0.004274513169262806
155682,0.0020973349848865674,0.001768675006868517,0.001007010401650868,0.002222498029254505,0.0010917443855288506,0.0013692591787448638,0.0018486246651767818,0.0011257795963715567
155684,0.0016365550700649933,0.001352497101930139,0.00527493552950653,0.0013659338061507015,0.0017343343954783763,0.0020451508531610513,0.0020230771384782825,0.0020930041744749023
155686,0.0013060098343589122,0.0037975318201378117,0.003501887797505765,0.003493063436309521,0.002675371202490298,0.0034992239386497787,0.0027227461430872624,0.0037458335595370734
155688,0.002062115447321544,0.0016746680962969607,0.002783137395732785,0.003889343872501852,0.002848556403500846,0.004403921110194775,0.001805410380653974,0.003666577758883585
155690,0.0024647528180382766,0.0013020676933592767,0.0011060595276505408,0.002240139432374555,0.0014562717481902965,0.001937978255640141,0.0012481821401556653,0.003285137266657634
155692,0.0029203860040480922,0.0030208068934305943,0.0017758194377216624,0.003192060039723721,0.003519418307795799,0.0034152374975300465,0.003102498756782035,0.005476186496653546
155694,0.0028347615189183856,0.0013440048153370299,0.001484005722494297,0.0016343805280800844,0.0020654287360129114,0.0028880671166575667,0.0016232350136286128,0.002603540686561115
155696,0.001721603703435673,0.001462951018385908,0.0013331176104005582,0.0025265559205470134,0.001409004355544377,0.0014922597274314442,0.0011919048569880714,0.00309494541751576
155698,0.0015915710412595652,0.0014063367260952475,0.0025147074815271703,0.002084623351540929,0.0023906133325803935,0.00436005970633252,0.001336036506828009,0.0038409443132981225
155700,0.0013258346056536224,0.0015366777127767822,0.0018204793736755764,0.0027553549368276725,0.0019260632568865454,0.0016493545934899295,0.0015906432020509342,0.0022727754917300502
155702,0.0017343787660834137,0.002008376558500835,0.0016023554762456677,0.001363012120873655,0.002527026691958159,0.0013753820834419006,0.002654427594533937,0.0036853216540766592
155704,0.0011421737276490346,0.0015421289919188702,0.0022532792019798326,0.0017521881212268081,0.001781771970016388,0.0010544176887550827,0.0016338236416713614,0.004494611861297015
155706,0.002093428565830502,0.002229638254174715,0.0034888219977793344,0.0019211397520320223,0.0028573464985762187,0.002757038062508821,0.0032367874232187704,0.0035916366569530567
155708,0.0016445430754590817,0.001440480581980666,0.0013958250942123218,0.0010490796614762155,0.0017507285387075577,0.0023430147234933113,0.0014341062247980596,0.0026496736699757606
155710,0.0017020015399949046,0.0009649086799571466,0.0011065903521169235,0.002184729909469732,0.001052545469470978,0.0013490022383295802,0.00235041121067342,0.002932435144684789
155712,0.002138159826281516,0.004999692793784816,0.0013307201590552348,0.0025181411293085376,0.004153833645560712,0.001770670597414592,0.0035592741259132255,0.004511463802736593
155714,0.0017050366940013634,0.001625276874941975,0.0014572229624507799,0.001766740355955268,0.0014488013951050593,0.0019888983795506854,0.001825510982710457,0.0022461410936722714
155716,0.0012908591785637663,0.0016843375217772683,0.0019476381772030038,0.002575278771868597,0.0017551131685405452,0.0017010899845768673,0.0016178878269952485,0.0024662270643687756
155718,0.0018841457095644665,0.002705754292498544,0.002301086652098508,0.0029611915595091493,0.002190901739395193,0.001995014590887703,0.0021665940186094274,0.002899527893968426
155720,0.0015524604065703246,0.0012001633886718488,0.0014876930237818359,0.0019099610873075101,0.0017237498108924193,0.0018255533213112352,0.0020817977856704695,0.0021337681185112367
155722,0.0017499143554005614,0.0018486640675077215,0.0017342527922810241,0.0025489221727254124,0.0016916464687905114,0.0023312577579872595,0.0018324090888489075,0.0031342205321971406
155724,0.0012069929454325834,0.001211450509363679,0.001647432832255158,0.0013633298428584184,0.0013397070692634655,0.001743117779842207,0.0021150069027765644,0.002180968706886388
155726,0.002732024664099164,0.0029992828542902417,0.001700782090148914,0.0022685843338465933,0.0024578539583687414,0.0023412994583138502,0.002310983000444314,0.003583609676716684
155728,0.002340931751465547,0.0015237858949129213,0.0019058455985856426,0.002439165602013349,0.0013815480021200366,0.002824384567226501,0.0024265804250467315,0.0037149506165041896
155730,0.0019509460881375063,0.0011071478300730409,0.0018505267069413162,0.002403757372989368,0.0014211131335008093,0.0020982181339258,0.00169349419111621,0.004676704561589418
155732,0.0009253695844029276,0.000654373762129859,0.0008210803117632594,0.0008872947910351682,0.0009275059330128427,0.0012838373824344274,0.001544923262736933,0.0021207878638247607
155734,0.0025871536834864983,0.0020612957436999674,0.0019022203222616302,0.003488895931252012,0.0025378702918397167,0.004141928631273828,0.0022472828397213235,0.0031770411613418897
155736,0.0012888587157287162,0.0019662380757967807,0.0008521027591838794,0.001288346005845542,0.0011709277567970716,0.0021847974701605516,0.002062463270109449,0.002245256289983344
155738,0.0012268597473621967,0.0022593547363297106,0.0015779274964101142,0.0015622991295916183,0.0013790514814683436,0.002007441087693851,0.0027204886301346876,0.0021878889661267747
155740,0.001399501854042251,0.0019584591587182842,0.0024430842003364678,0.002120328115673545,0.0022956252246404546,0.003304558123333759,0.0016975247884227912,0.004032089400936911
155742,0.0015303335836467508,0.0017434397487143954,0.0010722279482636154,0.0015681110062515935,0.001213034719498518,0.0017952512239427648,0.0016398022454220396,0.003594721399980197
155744,0.0014959849269964437,0.0013031234047278795,0.0016271457013805751,0.0012292346622416184,0.0013037202886963112,0.0017485526115059713,0.0011242434528607875,0.00214666956908105
155746,0.002207461437714109,0.001370174923453052,0.0028730708443270303,0.0014998855864547522,0.0016312545800625244,0.003634216786815081,0.0016755316785666552,0.0037171456824580673
155748,0.0020899699227877044,0.0021155956100332857,0.0011623323946297198,0.0014429964138585327,0.0013031989827472362,0.0024447582471545104,0.0012823644565260889,0.004331285917259786
155750,0.0017732119246372108,0.0009490545868010326,0.0017085928272569384,0.001993859995600547,0.001240469718151227,0.00158700519063798,0.001808331659084464,0.004230312058052521
155752,0.001226050879334084,0.0008921440010045724,0.0013676804383602192,0.0015045119878712848,0.0014134184869468158,0.0013999353059042235,0.0014165969766253422,0.0031646964550886697
155754,0.0016195548018176908,0.0013432657912249568,0.0015290222819545202,0.0016704397000416732,0.0014862128436549243,0.0014375731253136181,0.0035895561971630574,0.004314251567612226
155756,0.004542065157869202,0.0024557770291767783,0.00219219261564213,0.0025960993363802892,0.0028405620692097955,0.005235971974216158,0.003321776260343301,0.008788045525168542
155758,0.0032177289039658913,0.0011952614133031864,0.0017895535496572634,0.001247110513216701,0.0012013729538688095,0.0017320263557555476,0.0013026694448151077,0.0030478830956022357
155760,0.0019527397036141064,0.0023377616586352096,0.0015358553640028166,0.002745327873892048,0.0016375700696569379,0.004055282916120506,0.0018492622016037658,0.0031789077101999214
155762,0.0027991752185503455,0.0035661284865656923,0.001337225774531936,0.0017467787773539772,0.004788096823227228,0.002065024459698153,0.0022130735865105167,0.005425197584534802
155764,0.002285120717537961,0.00277594749840461,0.0022351513434455544,0.0018756671693722637,0.002358442743495781,0.0015312661152471763,0.003608502091137847,0.004997561509586745
155766,0.0018727396961202292,0.0012420735717464382,0.0018761809063230217,0.002034943215804219,0.0015230402758970585,0.0015972089671190265,0.0022470108850203424,0.004348280134141513
155768,0.0016331256347257295,0.002118544490326127,0.0021379272838743107,0.0033584901993205657,0.001363368907338014,0.0017981772285660114,0.0014930795350434622,0.0030265577488364365
155770,0.0016724028613395725,0.002094481037452481,0.0017026864428276861,0.002402757318421822,0.0016217707689181737,0.0020618914757994933,0.0026467731467780947,0.004746360493916635
155772,0.002240894844092234,0.0013065282011393148,0.0018812681769908718,0.0010104756945966825,0.0010934178110488801,0.002362911269261636,0.001458750104254683,0.0030848214425943793
155774,0.002095041304315759,0.0018633203140379223,0.0017743920985649475,0.0014923201690406618,0.0017931004812234974,0.0019442903642930554,0.0022950373206578334,0.0033659671663919255
155776,0.003097377722360309,0.0026322874765894455,0.0015400897713461342,0.0021782593788034627,0.004321921541194984,0.00785996045711107,0.003252149366684068,0.005631701258722366
155778,0.0011062228256299989,0.0041333720066144,0.0023329157213538565,0.001832956102126429,0.0014891825661365182,0.0028039757449596636,0.0019872728949194146,0.0036537844103071843
155780,0.0024346626425992973,0.001226049574923685,0.0018109014459778555,0.0012863325277772675,0.0017888570635187784,0.0023264642092526433,0.0031116520523435387,0.003221998927075989
155782,0.0023094517217876614,0.0014183855163752007,0.001184801693959861,0.0017512454500980823,0.0011772117617603328,0.0020196409695638767,0.0017872969225179447,0.0029446045047821223
155784,0.003708073039579776,0.0011088082052807119,0.0016424858222931077,0.0017786821220655696,0.0012779384993888976,0.0030988067892607912,0.0016348308652692212,0.0034782650467907322
155786,0.0014657085836973366,0.0013155369537477674,0.0013221056287315847,0.0021014571406022947,0.001429128902288801,0.0016955852823048595,0.0017012626880609366,0.0019674005094572206
155788,0.0018659835791554752,0.001998357479735313,0.0015227553371089386,0.0023023745505492688,0.0032620534072787116,0.0018315404145763936,0.002816551568586567,0.0021783414443765775
155790,0.0017514658932983457,0.00218565147161133,0.0011211096990804692,0.0017879304114318956,0.005108226063482713,0.0021879827136253027,0.0027817893675786826,0.0032920576475362756
155792,0.002033465660061254,0.0016712851344528185,0.0026663110414899688,0.005547774964647145,0.0023752175278782955,0.0031214531841294857,0.002553171876314375,0.00508058598009975
155794,0.0017316756781876053,0.0015197581183132858,0.0011683646180565277,0.0016381848897420448,0.0018725381858620965,0.0012966890394764535,0.0017017817731803664,0.0029294381764956162
155796,0.002980131735640157,0.004534146997471622,0.003077569481977571,0.0017934841436195725,0.0025475433700353906,0.0024591609828070876,0.003934473304054942,0.005147037245332664
155798,0.0010930229198137381,0.0011965651517187453,0.0017867035419519284,0.001745850015042516,0.0014055754494649714,0.0019915202206744476,0.0027574296790223857,0.002538557210480852
155800,0.0014229129524485767,0.005379069065404585,0.002790351547746553,0.0032737315945735035,0.0033590532635689035,0.007543027746075348,0.003036938015606394,0.0057542593631234595
155802,0.0017194159892209293,0.001302910668405502,0.0014056662331007885,0.0019780279758335184,0.0015950482354934459,0.001764475942524213,0.0026611509737597405,0.003752433865072416
155804,0.002053375728952936,0.002491343673059143,0.001298824987633465,0.0016044465397877516,0.0022978418746133628,0.0022926964466032373,0.002576067918953706,0.0032373664749009295
155806,0.0016432921386751037,0.0021004326247135024,0.0015917107457994462,0.0016019999908874066,0.0017384980829233815,0.0014331386119579292,0.0013588938933475347,0.0019869945728252653
155808,0.0023523469824058285,0.0021811454682510445,0.0022984805024922755,0.0024142503737101806,0.002736242678840775,0.002366550678523441,0.002069752630725008,0.003448170536049844
155810,0.003651655860023917,0.003510446502839104,0.0019621663225347086,0.001965099435464135,0.0031450473036281346,0.003000289564370276,0.004400372765271721,0.0023813410130869017
155812,0.002339931879094481,0.0018869623294373028,0.00158802163256061,0.0016834053370110708,0.001810799355020723,0.001873524560998041,0.0025211109712698493,0.0035709072659797503
155814,0.001680292995361335,0.0021462491342006396,0.0017089636441026124,0.0018024734335302939,0.002080034861371552,0.0021391810955153634,0.0034605258291715707,0.003752605017419919
155816,0.0019210329667709303,0.0015150880163335018,0.0011968105194815198,0.0012729911381276354,0.0015619304484554425,0.0012947044371883903,0.0011495424228247786,0.0027347420220289465
155818,0.0019274286534896184,0.0024118392117361,0.0033452722069693963,0.00392307379151241,0.0022706739262936537,0.0029012484663694244,0.002642823094074709,0.0033129122242559483
155820,0.0017230297572563696,0.000984134571314757,0.00205532457895391,0.001958256385193438,0.0019136002473259112,0.0020237420650471988,0.001541397326317251,0.002475127020094059
155822,0.0009340861887470499,0.0012136671879403732,0.0015990052816050593,0.0014037461558216169,0.001497195787911798,0.0016741690155580718,0.0012078703359874737,0.002482520009753131
155824,0.0016877064199199432,0.0011062498366244539,0.0013790603352953484,0.0017942430704468576,0.002279107361886412,0.0031419456517584182,0.0015600132427631141,0.0029960174127820066
155826,0.0018618752645561815,0.0018758956316420328,0.0030348751526415724,0.00157522121183723,0.003097439920964909,0.0015515836595945132,0.0018695100679406856,0.0038186326127851444
155828,0.0019148999250762078,0.0015342539344960354,0.001149484070375864,0.002279856152300877,0.0018643898313830953,0.0018520119147003578,0.0016947647018495382,0.004722452461521698
155830,0.002385935252037008,0.0025163969157395716,0.0036548378825545513,0.0031676814150634197,0.0023073321899582666,0.0018159296529155627,0.002594968567169398,0.0036820011540648068
155832,0.0013150851595761376,0.0019418695479472975,0.0020221174774907175,0.0031297831754107386,0.002674664473691926,0.002969217344796507,0.0022120670649284357,0.002843237120233613
155834,0.0022189515140825927,0.0013014752196591761,0.0009618695287367945,0.002466796533693097,0.0020984014072276264,0.0017947199668812974,0.002200740248681901,0.0016299181674473417
155836,0.0019880438625197727,0.0023226327786396994,0.0020358763315195816,0.003461451997055498,0.0017880939208261282,0.002058443106720334,0.0022399394917656107,0.004535147428200936
155838,0.0011671941892210796,0.001245031207922423,0.0016182330819878438,0.002092714794921291,0.0014116045297465352,0.0013280815719790007,0.0014881795869650105,0.001957169829879271
155840,0.00188919583137305,0.0023702501998657532,0.004654765004091177,0.003809745445055912,0.0031418846783882876,0.0019956099868636556,0.003924993877918448,0.00604877122831976
155842,0.0017931689442840654,0.0011030168105109622,0.0025936733629379344,0.0023052948348101787,0.0016920246364186126,0.0014228792269828233,0.004253353719459396,0.0033181864782430015
155844,0.0013787518515187003,0.0010846237428448063,0.0013198983727114172,0.0018916730366336787,0.0013445762918264936,0.0015243190487512909,0.001687456971861137,0.0014852031126198068
155846,0.002506333348780823,0.0014688573513180203,0.001448874562860747,0.0011425053726821788,0.0010804735279552752,0.0020134496521331258,0.0020139381211904533,0.002578512130013755
155848,0.0023237772790344474,0.0021333885240000378,0.002031437205790576,0.0022804421087541105,0.00324441462030145,0.003078483003005561,0.0027011350497292558,0.003453860027710101
155850,0.0015682844936187323,0.002548117261678154,0.0015439016819165374,0.0019844334637214717,0.0021287634900204466,0.0035094842304484453,0.0028420469940439036,0.004734235910071938
155852,0.0012691865124230817,0.0016946288267599835,0.0013448489605965563,0.00253564951586821,0.0011471607761496389,0.0015482283639363242,0.0016613954608466486,0.003339285834536021
155854,0.002123278917978713,0.001780871365122616,0.0018419844939559504,0.0023141209126059797,0.002929832978736613,0.001819623066643461,0.0028686943414766436,0.0021207566405446188
155856,0.003273682144379342,0.0019488730522677772,0.0011117843647445863,0.001450251765705915,0.0015509547968384357,0.002649517196740059,0.0024208531880681172,0.0044357935339576215
155858,0.0014573284824772603,0.001938506360332895,0.0017666006860762723,0.002273776544999606,0.0018594420707893633,0.0017328493937179973,0.0032910479985266555,0.0047615642490663745
155860,0.002102578930386359,0.0015265183843905655,0.0009412231319780862,0.003544557781695268,0.0023081732996082516,0.0021839913372750375,0.00288626119595127,0.0024123006357044258
155862,0.0029824318393934512,0.0018805401715218384,0.0027371227672036286,0.001669528722050409,0.002939589280670285,0.0022808445304678543,0.004166625221417641,0.0036885735127040326
155864,0.0012243997906907916,0.0008648081393545226,0.0008425276971191255,0.0011353761993158212,0.0010343700094006536,0.0019853668786984496,0.0012956458610260402,0.001571018185466247
155866,0.0012364080287203955,0.0012315446758646292,0.0013594693503626992,0.001961278302880523,0.0023130167754473185,0.002724579117258097,0.0017986657069438139,0.0036541433575019155
155868,0.00122406949792353,0.0013660392720598602,0.0025716061220402153,0.002618427122902736,0.002479851994880447,0.001434687795864989,0.002530593544444862,0.0034219221651988208
155870,0.001557865770402067,0.0022413844132387895,0.0008663694105191834,0.00142404636042405,0.0017271095730482383,0.0016265416705785324,0.0015610519142009865,0.0024648330856003597
155872,0.0025762271242742024,0.0035172360336444136,0.0023259162067124223,0.0030514499491476332,0.0024355737119535897,0.0032383309694861695,0.0032924385502779985,0.003544104901826009
155874,0.0010783478217829684,0.0014406264985198508,0.0008758113659270185,0.0021144902237566626,0.0015692273350592784,0.001664180224565881,0.0015720761702070624,0.0024415646109368083
155876,0.0024749450238727017,0.0015977982947943392,0.0015732140044244503,0.0021593827776014707,0.0017462958399452888,0.0027274075551192573,0.0024361304378803933,0.0028603753056084674
155878,0.002181132245696382,0.0018475247728655525,0.0015340534497712555,0.001953631386692481,0.002425188892029917,0.0019299769425597108,0.002588101945439958,0.003664816682398944
155880,0.002535614624645924,0.0018293297964290384,0.002159674999038741,0.0019206479766632617,0.002234779037059431,0.0013167808692596955,0.001392030022404414,0.0023204838766019975
155882,0.0015620190810819445,0.0017896244664828004,0.0020074871550299633,0.0010493683007344878,0.0015173744264407873,0.0015675124305059157,0.0029819289464488308,0.0025504924911382704
155884,0.0014522777681276328,0.0018115007335274408,0.0011875632813133224,0.002292131390185581,0.001635124596857232,0.0025773617464204396,0.0015758872132898838,0.002410725170079467
155886,0.0028626295270062357,0.002233427089561882,0.0021285850829417946,0.001649380313299753,0.0021135985184895234,0.001934920272255669,0.003981241766815524,0.006856744567103112
155888,0.001712202300368837,0.001750746931711969,0.002134463383676677,0.0023083383182510714,0.001422857867727903,0.0023743301625711727,0.003496957613734253,0.0034124958220893703
155890,0.0014563746747776052,0.0010490058186798379,0.0013939913096084333,0.0010796180002303896,0.0012794056840193108,0.0016270432186049621,0.001097629814261758,0.0014033006710798546
155892,0.0016076647064605099,0.001434945180806349,0.001919645354891364,0.0017412518794080456,0.0018264683370239343,0.002301296809091316,0.0028392661054255086,0.003466764622950605
155894,0.0016464005714311725,0.002305352429433763,0.0017021410916032848,0.002089856500480783,0.0017669151076593753,0.0018569584552891177,0.0022713520880484617,0.002096145007033423
155896,0.002648936982159747,0.00233780885012852,0.0018058589968115157,0.001836271184491381,0.0008887156268061608,0.0014047886876756288,0.0019335971081722025,0.0038368048957713313
155898,0.004165163320897003,0.0019310176178386484,0.0023073053485572897,0.002173938864305003,0.0024281434396545287,0.001645060687387026,0.0016848326109604322,0.0036349561323417157
155900,0.0019582464940705174,0.0021374632703797247,0.0032677401848760917,0.002506470987892806,0.0026386302801498923,0.0034305729099593507,0.0037503137253234314,0.004459114769695738
155902,0.0015050891630608576,0.0005634259063440651,0.0013154294024046026,0.001328783544992121,0.001786054526684025,0.002105509155479593,0.00125944429321323,0.001598997535419644
155904,0.0014533412896220455,0.0016073429836677283,0.0014070713787778383,0.002393733018689184,0.0012375565612968153,0.0022616370750434683,0.00176878029026252,0.003781918013467056
155906,0.0015427677687709918,0.0014552978219711243,0.0015804480132292215,0.0013060133346727426,0.0021723595817483426,0.0012721289340020953,0.0016166833194665303,0.003053847400963372
155908,0.0011812009698894954,0.0016869180433656816,0.00163491250493987,0.0021706385501230607,0.0027552853228977187,0.00196756740206272,0.001823561074339397,0.004253566550716847
155910,0.0018673777413674153,0.002761158665793087,0.001622727750157385,0.00203011869941995,0.0012306576815355186,0.0018986442722055547,0.0024956229133277774,0.0042904381955042314
155912,0.000957996962718935,0.0024819728551622178,0.0012069031273296421,0.0023643416994584415,0.0014555121373769353,0.0015374456511116907,0.0017324930507225944,0.0027273367387420505
155914,0.0019269105634267675,0.0019640793327144884,0.0013102750749602876,0.0011922462172214154,0.0008942353184964204,0.0013236304722498288,0.0017915504740853572,0.0030090019798057477
155916,0.0019108556522606929,0.0021901457366452354,0.0020702580519694896,0.002228069109045175,0.0018200899737525061,0.0010542362462482302,0.0026337704648432686,0.0045276584183560065
155918,0.0026142971416143745,0.0020604166802160595,0.0011591469757432638,0.0017283783806370523,0.002779789149972345,0.002706697298027416,0.0023031217897112044,0.0028927677184074213
155920,0.0028360310606345834,0.0019433183752799593,0.0018662851582016415,0.002151456037087718,0.0014641338988739122,0.0036761786339314373,0.003036997140815123,0.0036654711724450895
155922,0.0023434810582215193,0.0012237757390374387,0.002055639061551276,0.0015615235362494012,0.0012683303740823604,0.002653016320171689,0.0025912413174623006,0.002062995211483065
155924,0.0008394921574417548,0.0014085927109930424,0.0016060134182389746,0.0016482470164729812,0.0012823540511069376,0.001240171898745493,0.0024526404043993116,0.0035998035934534656
155926,0.0012559253283588867,0.00125146145732348,0.002072105347184286,0.002276843952820476,0.0023292307203492957,0.0020364868716491458,0.0018002014017432094,0.003623738395133247
155928,0.001707083796175915,0.0015445768419289352,0.0018205896847341002,0.0015722330374501325,0.0014274340910071098,0.0033728522629559166,0.0018013181073450873,0.00159023078385645
155930,0.0020321364194587077,0.0015469917606219519,0.0022617688857967805,0.00174820805282222,0.0010752885177472415,0.0015926436536589095,0.00182750875335215,0.002652733112607289
155932,0.002122463621514692,0.002320100940867223,0.0029163175993609514,0.0020941492774886883,0.0032714487492327415,0.0030217434875412646,0.0033586387331589057,0.004522170477749887
155934,0.0030326587156290774,0.0022327479246909143,0.002288375750244001,0.0016038664306030626,0.002492523799201299,0.002859685187668895,0.0032027260063177826,0.004447569734058243
155936,0.0021731125087599695,0.0010082246116749488,0.0012466430049356547,0.0020682855299587605,0.0019500375804866327,0.002096624300960817,0.0025435779143561654,0.002412740511532188
155938,0.0023549231043699242,0.001886732870613042,0.0012020747033290036,0.0023527661793851795,0.0016331689923312354,0.0017431109363821307,0.0016872947639978847,0.003926551201010264
155940,0.0021318845880478055,0.001707851622174253,0.002156952981537119,0.0012105816699886085,0.0017288758728861708,0.0017078781020120198,0.0019019126042341683,0.0031769962264418528
155942,0.001223555768778431,0.0014099660259287022,0.0012756385777741436,0.0015293972568520275,0.0010228028708390013,0.001489007760705055,0.0013350617347749338,0.002337522466330802
155944,0.0013072694422966574,0.0014176201435685126,0.0015458561272119753,0.0018314868466942635,0.0012771481086853442,0.001952354512075441,0.0014557770689427318,0.004159553736435895
155946,0.004569007148271853,0.0017763943651269987,0.0016184989414433915,0.0027299964856770803,0.0018258767662216457,0.006650723656154156,0.0024532153145247065,0.0030717092271842633
155948,0.0015635259258722223,0.0013238204956564914,0.002482192229441918,0.0016382967698558432,0.0013455835005560801,0.0016983911727597306,0.0015501347964002599,0.004831183048897236
155950,0.0022695219935747885,0.0014311589860188795,0.0013269693857738268,0.0026481068451014167,0.0023427081868861027,0.0017943450092303692,0.0012400619638777144,0.0034233422729956775
155952,0.0014643756643557687,0.0023697050433344607,0.003072344351808934,0.001970236662138858,0.004277990918780894,0.004949230302386809,0.0020891603661194053,0.003595209667285104
155954,0.0013328469495854783,0.0015287044487957147,0.0017252485489564068,0.005863448192290621,0.0018496764990063586,0.0011236509673218237,0.0012523907201745232,0.002639961542757599
155956,0.0011559046260717493,0.0013907299330641193,0.0010991659519182934,0.001441594938123028,0.0013091652493815165,0.002554342455062933,0.0013457682601703547,0.0027896349067706994
155958,0.0018174437941110982,0.0019830092008428363,0.0015238882718305313,0.0012600517186139998,0.0011611502666180606,0.0019290795486148898,0.0015691851298394455,0.002839502723803955
155960,0.002713791960193626,0.0017709813048956274,0.004195198993134364,0.0019838613078724393,0.001852717059922529,0.002557707338058046,0.0026074407396257104,0.003919922582761082
155962,0.0017596548601010037,0.0017426275732357888,0.0014077542272303845,0.0012514071621323591,0.0020599134762468996,0.0019260867997462072,0.0015769663633605213,0.004519174815649285
155964,0.001125258184623057,0.0019022398194904616,0.0008014402259276,0.0012807873169160544,0.0010709323794167447,0.001290809656684877,0.001053364814102578,0.0016639686878617277
155966,0.0019339522667713993,0.0014050123770842499,0.0012566386054239237,0.0013679882322825826,0.001767352337950348,0.0023858555517414365,0.0027532008323740698,0.003707513654402972
155968,0.0019829650741167715,0.0012989490436352696,0.0011591819816825777,0.0015417863951674438,0.0011790962770852481,0.0012064706494868127,0.0011121495837712742,0.004563922024583056
155970,0.0008785408812173601,0.0011250672471627698,0.0009732085488918553,0.0010689978026334757,0.0008891893432138066,0.0011369442957981507,0.0008408532486209458,0.0015495170788446533
155972,0.0024400193638612344,0.0022198616600870857,0.0015710763624190438,0.002013735839000219,0.0016508478848292901,0.002096730401186575,0.0023908370106032195,0.005584663306778204
155974,0.0017649570049683844,0.0014829362022052012,0.001344450622141835,0.0020371661042182243,0.0019514226374326427,0.0028058686125599502,0.0018403393425237002,0.003261393009832206
155976,0.0017078131344039904,0.001789042044579428,0.0022474580296456687,0.002035872633592853,0.001789844790384132,0.002647963070145934,0.0010727288739971336,0.0018896955473657884
155978,0.002379543082057012,0.0011945253470380252,0.0012058175504217616,0.0011500168756219953,0.0012668353463054505,0.001450261412687684,0.0018491933167439356,0.0035897860895968275
155980,0.002826916907011645,0.001324159101831604,0.0016522385786537641,0.0018641974564594932,0.0018354105326196107,0.0023520033410186075,0.0013434255408591028,0.002095422587782503
155982,0.0014269108428175414,0.0016074084010151424,0.0016144373029687437,0.0018397848370547282,0.0014123593170209947,0.0019713225376144644,0.0020716671843008655,0.0018372664848632092
155984,0.001795900013410956,0.0016359893752905391,0.0011513482912031137,0.0027416408052756275,0.001179958864089281,0.002260398879316894,0.002058606042019809,0.0028089383325981127
155986,0.001941407297915268,0.0018814795285311409,0.001982967396563798,0.0014900015281733708,0.0013750228995981217,0.0017034901804198338,0.002258735731542283,0.002398349406651859
155988,0.0015545636121067213,0.0012183240230004971,0.0010978645730186504,0.0014047247397947077,0.0012405075057242976,0.0016644747571088608,0.0009776114507440425,0.0028900193950746195
155990,0.0024936387227141865,0.0024137217767151165,0.002061872191811212,0.001345981733445481,0.001274060793907461,0.002001211851082943,0.002460953256969503,0.0018557309106218695
155992,0.002333551286272384,0.0027609441259686257,0.002067237628935681,0.0022715694052766744,0.002085583099020738,0.0026795178882027676,0.0022016214818299518,0.002559894776155147
155994,0.001401094945217063,0.00197393575148036,0.0019779477863721695,0.001837217942947389,0.0020007519220963804,0.0030498372211996833,0.00235626286882451,0.003690091809052609
155996,0.0018160995177832207,0.0033327383296841845,0.0016396740223152545,0.0011159601283603493,0.003134560906560502,0.002014094938672051,0.002222291501679463,0.0044762869091399815
155998,0.002174874131149418,0.0015312258813884316,0.0015192896521274563,0.0024063658714647135,0.0023484061900181374,0.0015576419888949783,0.0018254046608701252,0.003840044872365722
156000,0.001586390852325259,0.001457979890118699,0.0009325303201315749,0.0013786093796303162,0.0010636052112048683,0.0011968703187987956,0.0013262369601774737,0.002936029895675374
156002,0.0018625822848195583,0.001298853181659121,0.0007586881073138457,0.0026365605621327948,0.0017468588063130341,0.002659598433458976,0.005666975687865838,0.0024538482363676284
156004,0.0013093682508419496,0.0011877566255136807,0.001635463852014532,0.0026980443308284446,0.00177742796120485,0.0024772250929312595,0.0031015381109600476,0.0027174051096312685
156006,0.002585382316733567,0.0030594379731505583,0.002036544030421583,0.0032753244315775754,0.002250832827003002,0.0031800949591071076,0.0025725519085560006,0.00428807648573426
156008,0.002082091169034586,0.001605248838857598,0.0011858849553552653,0.0018893707082610206,0.0010723399327089572,0.001942801437897504,0.0015463767205906725,0.002507533062252057
156010,0.001776563940950382,0.0023226187748898314,0.002218536341704047,0.0016265242424985532,0.00304932703116835,0.0031303509082869496,0.0019269933092496694,0.002485324659227142
156012,0.0019019918871743813,0.0016346344564058257,0.0008981946218082106,0.0020422026790980485,0.001385833519525495,0.0018453381323213641,0.0019877435626614592,0.0024652503500193768
156014,0.0016027545495740508,0.0015973480255484507,0.0010986248106373275,0.001405938880964186,0.0016165685850624834,0.0014548595762029493,0.0014007070441557495,0.002388751091181987
156016,0.0015474504098273029,0.001978832279872514,0.0012055922153553361,0.0015393767136731018,0.0014038466508738967,0.0013615983633790685,0.0019238698246992758,0.002620042730186789
156018,0.001892723755325898,0.0012531211914110774,0.0027920504449591294,0.0020117416466041704,0.0012316981611812938,0.0012154983043034667,0.002776512014988755,0.0036569858328006632
156020,0.0015866689221328972,0.0015724433877304378,0.0012986593203506147,0.001342422689022682,0.001428696304629773,0.0020363527197986425,0.002586309793121258,0.003218512515845276
156022,0.00147377088944535,0.0020309137139079697,0.002097344880039889,0.002159052840432066,0.0018201672146705428,0.001265320792994143,0.0027020780246234666,0.0035008367680405272
156024,0.002151845184711343,0.002284585797082697,0.0026592215112126866,0.005071122578556242,0.0021629513782612936,0.0023031064146695895,0.0015004050191516072,0.0021857549243900487
156026,0.0024801213662360017,0.0017378656485062122,0.0021818863432998686,0.002038274639728721,0.001215123503818527,0.001952171806298475,0.003191815896130601,0.0025136898348632336
156028,0.0020118836742261254,0.0010918256260348397,0.001716904260808963,0.0026634702516815795,0.0022162709501972883,0.0021153252331407857,0.0022670863259645208,0.004543442104660622
156030,0.0012317399987014088,0.002705306684006814,0.0014330534325326938,0.0013578229613211423,0.002112943990194585,0.001416410782025826,0.002390819888300047,0.003710547906424236
156032,0.0015191165731592987,0.0025832018114977373,0.0018742208873040594,0.0015376150965815683,0.0010838997631435476,0.002343074590630115,0.002967714980513847,0.006147015772151043
156034,0.0010789598125171551,0.0013723396241610702,0.0026249849189339397,0.0023261357593243326,0.0013531772675199338,0.0011135745110558148,0.0013610810032140819,0.002195939389007473
156036,0.001626221068944611,0.0028929833127029486,0.0020023338995700662,0.0021684862246920122,0.0015443633864043044,0.0021291378598107397,0.002019826805703895,0.0062697771615563
156038,0.002659737528741213,0.00097300715830273,0.001235578209842783,0.0018260257642635502,0.0015164490364744238,0.0018049485257078945,0.0014839046941637068,0.0024288289314364914
156040,0.0018631006586904975,0.002571224153697385,0.0025954642684986595,0.0017906823971148983,0.0017723448522081325,0.0024858550953105324,0.0025876088427001648,0.0015076298174518943
156042,0.002320989601165571,0.0019753365532365758,0.0016248380667827078,0.0025849197773233357,0.0024466366611091694,0.0026371114892767,0.002393507747200388,0.003847946744178765
156044,0.0017628923740381636,0.0022000894868427073,0.001770044562323117,0.0021578700515334504,0.0014968521660790324,0.0024716080072356844,0.0016931609257762048,0.003574863738919909
156046,0.0011059936171614743,0.001673396303641328,0.0014650391964590725,0.0016145941739255237,0.001996517063122552,0.002300701389202145,0.0016196516512224785,0.002848287995120949
156048,0.0012021429004329676,0.002756599531972617,0.0010303219567533994,0.0010188828908078845,0.003304735869708253,0.0016129887025147088,0.0011751908261387195,0.003597640775854241
156050,0.0022992013870783007,0.0029865737734958153,0.003971437556924917,0.0036713732413930084,0.0022757729150182926,0.00312609208386605,0.002209844206806491,0.006653020618424543
156052,0.0022063603010363253,0.0016636672105102002,0.001975032247981956,0.0022758926966416487,0.0018309540802269458,0.0014492129168548612,0.0018302884701898586,0.0038004263022251156
156054,0.0012690593738075157,0.001244592214089471,0.0013224459121410348,0.001260486552698406,0.0018534682080180304,0.002664933919347537,0.002062796571406636,0.0027275729266131865
156056,0.0021349294812511577,0.0021966831213406923,0.0025281699089502313,0.0017631654818229259,0.0017727811852366049,0.002792240205611432,0.006075907589959906,0.0025714198569798535
156058,0.0015944939262175911,0.0018067240936672224,0.0019390499568727737,0.0014484596864479254,0.0023040029010781837,0.0017568097207396605,0.002493152842847346,0.0034745350039955825
156060,0.0017544259142285856,0.0011998854167956235,0.001297686473298365,0.0018777306106006059,0.0019279226046862302,0.0036537308174457994,0.0014853283052268657,0.002929185339596574
156062,0.0017602843694242282,0.00221428367794424,0.0013731489975188499,0.0022951908038098545,0.0016278388221037249,0.0018837375939648737,0.002723128707039779,0.003994438326684391
156064,0.0013584728843246824,0.0008602686931772664,0.0010157159001922822,0.0011029492586713818,0.0012336867514788907,0.0014164424678932974,0.0009680141693107526,0.00200608534243063
156066,0.002257925983206191,0.0025464679673823515,0.0020538362643846148,0.0045225993694520406,0.0018618029303519301,0.0019498013570960065,0.0020372343699914947,0.006391624427065645
156068,0.002137683386315828,0.0025814030288391493,0.001298570986685968,0.0015017152545705598,0.001339392112094162,0.0016443500116567616,0.0019317481239829043,0.0026489906675564306
156070,0.0015144518069461071,0.002410004930070153,0.0013284511369730106,0.0014678535342498855,0.001476777980183877,0.0014688310809707894,0.0016157478884962218,0.0037382942134906033
156072,0.0018597598286390765,0.002655772818727309,0.0015912880840423527,0.0017775755974519664,0.0026136724214965157,0.003719389561595579,0.0017325783340047668,0.0030775397224866996
156074,0.0017230613028471758,0.000818014648762553,0.0013369560591094398,0.0015563557776099302,0.0016550950748995263,0.0028042972940626326,0.0011158901902375146,0.00314792474811644
156076,0.0016766532649512694,0.00209381720287638,0.0016373861586577304,0.0010140330615302506,0.002276931410112884,0.0018016817753408049,0.0018667074741864909,0.0023360980126776454
156078,0.002256828965130353,0.0014823888213055941,0.00159387457057715,0.0032187433064612275,0.0019689781751461854,0.0036481966572394914,0.0034571093288429666,0.003859853199665919
156080,0.0021098535619581416,0.0022435990762843666,0.001468309149300906,0.0015131551539884769,0.0017563716108340982,0.0031435796242857,0.002349714845728601,0.0032012786524051595
156082,0.0013511123619097815,0.001239817710766547,0.0015573455987145796,0.0014752995211036457,0.0013603625799843422,0.0011062837866906983,0.001451544179454936,0.0032471821894086705
156084,0.0019201278604710215,0.0019568072723369495,0.001246935812190389,0.0018766533998793022,0.0015400558542444515,0.0017416523418095076,0.0022829771395045523,0.0028038258265264404
156086,0.00113616061456491,0.001202676144473891,0.0011029062047321347,0.0013553616940612662,0.0008560682609085914,0.0017054665081973064,0.0010224214214527155,0.002287053291960328
156088,0.0025956058519186614,0.0021184152066668904,0.0015633320806538453,0.0018044227984046618,0.00303756091216191,0.00196976774111679,0.003482276272254517,0.002251074612084958
156090,0.0015456504920765557,0.0026158642223361867,0.0019979235218906682,0.0020150844673470086,0.002617296837327532,0.002879720017769982,0.002563413823273075,0.004438870642148096
156092,0.0014225774018605947,0.0013330664683621762,0.001263551560277812,0.0012413132527209214,0.0011184240442734805,0.0018902079625071622,0.00112114512376138,0.0019893948279445794
156094,0.0010484402594101994,0.0010190284431450675,0.0009926776891672345,0.001967692328288584,0.0015739910173079436,0.0011406593994626318,0.0014143855851083686,0.0023435546373123395
156096,0.0015437307194554606,0.0023421781062000907,0.0016017444355989618,0.001771956557844026,0.002212421003592091,0.001401636590659061,0.002253439063433796,0.002878504691166184
156098,0.0015143103163670762,0.0014396459457145655,0.001421669590265573,0.0018674482519690644,0.0020518482961043305,0.0025134608553934457,0.0020222139694171665,0.002951375968803363
156100,0.0017831550805864765,0.0011319474421879333,0.0010385153148884663,0.0014606872076484145,0.001467401129373061,0.0011304617045679866,0.000925339554074478,0.002181420715265406
156102,0.001315305102309386,0.001958322326651288,0.0012517935797580343,0.0035871104190319247,0.001989508481471669,0.002106949725622309,0.002309992051936993,0.004327743435087683
156104,0.0018372498783461588,0.0015048570657905241,0.001970530344906296,0.001737356305626117,0.0012635401721042272,0.0018668269029967904,0.002151440140153227,0.002931960287290425
156106,0.0015864962014128375,0.001578616271461289,0.0016974578692763448,0.003322526057950803,0.0015229911365917254,0.00219221738353427,0.002120214901761966,0.005418842384801226
156108,0.0011539099167790084,0.0023930073033345267,0.002418899319395554,0.0026764114273645223,0.0025532531944386094,0.0017309449814685435,0.0024387972793502716,0.0030861457893599648
156110,0.001139454897381556,0.0020511079067233595,0.0020330967749038337,0.001461662935263952,0.0018927620041365167,0.002066820981661499,0.002056709360848466,0.0026727740285912294
156112,0.0014552691151377278,0.0014885337101242513,0.00246002599692674,0.0012964274677798593,0.001605167047704692,0.002650120104306597,0.0018953790751847915,0.0020975110538606345
156114,0.0016686429490504612,0.0024626034652874967,0.0031469550047397293,0.0020004869870027253,0.0037458704955866673,0.003747655042871792,0.001994101867284437,0.0043016417403465845
156116,0.002293964509682278,0.0016158071873215718,0.0014571967963507154,0.0018863756028443396,0.002497153273448585,0.00198654259005121,0.0026286970040261814,0.0020433412110572174
156118,0.0017517867611624993,0.001213340162748447,0.0016491769809834356,0.001479604424945491,0.001602424669255878,0.0017690688956319978,0.0026763150660636392,0.002516790862285012
156120,0.0015591340711615942,0.0015171347091333942,0.0024558290893966217,0.002406119540091081,0.0011862190372688985,0.002048517933248617,0.0025889097348215234,0.0029258607636696438
156122,0.0021778546373208,0.0023983702046790345,0.0015526893936612801,0.0020552718860492036,0.0010282101195555754,0.001337223867357698,0.0010181550473200573,0.0016770858943122718
156124,0.0016407041726046595,0.001691166311976966,0.001262108849129584,0.001496375715496337,0.0023725348806156316,0.0018831988973278535,0.001681086237582896,0.002492426715561047
156126,0.0022023993926591073,0.0015532645780114707,0.0024289534097923227,0.0017334638535482227,0.002312639830823804,0.002485863267737712,0.0028121207529319125,0.001953951164580303
156128,0.002988175391345785,0.0015192797782298678,0.0021437177306094513,0.0018526602970183603,0.00158736702328445,0.002136973131167466,0.0020526657817407923,0.0027033202143245255
156130,0.002147226760508547,0.0023546031360358044,0.0023221907832061822,0.00230161670932838,0.0013093795740959507,0.0019433528621135565,0.001614989378817669,0.0032446119615395924
156132,0.002359462486446695,0.002085387797515159,0.0013943855133122934,0.00302830002107958,0.0022077085836858523,0.001855823026586434,0.0018189623794391402,0.002899446853471113
156134,0.0026385078116700905,0.0013736548389638031,0.0015362302997102978,0.0017034031560628216,0.003136868931872039,0.0024366692061628115,0.0018809162739330532,0.0033328243544548247
156136,0.0015378038347684808,0.0017321054258945257,0.0042847126604181884,0.0025267667697821544,0.0011169965146610311,0.0019468030907996425,0.0024451977564232813,0.008415494385216826
156138,0.0014049160292755603,0.0006242539726031282,0.0011772833401701988,0.0013794194926110143,0.0015676882447471924,0.0012795890413393046,0.0014812940758810456,0.0025875879977315663
156140,0.0012482318904014633,0.0010417965013172076,0.0014483822758953324,0.0013841945225868124,0.001188765968183958,0.0018281044111624484,0.0011599915780341613,0.0032014401091179506
156142,0.002291914161650213,0.0031212533807556397,0.0020378901832202173,0.0022447557081319847,0.0017702630507293038,0.0025114568898152445,0.003135072337099365,0.002448085573692263
156144,0.001729283584906094,0.0024776634313528195,0.005170042162881083,0.002690782463013408,0.002199205765179235,0.0015681989289220155,0.002454769901766643,0.005003939859872519
156146,0.002182435903981317,0.0017773393823995592,0.0016195476056926617,0.0016711483764189072,0.0019327935348121411,0.0016673777059961342,0.00167338624584569,0.003957899397414089
156148,0.0012130749413474945,0.0014951865053674518,0.0018330368054556012,0.0016511285198304027,0.0011356955572112831,0.0014731271158439085,0.0024307699080919343,0.0023677240743644745
156150,0.0015985798650517413,0.001840470070967895,0.0021499809826384247,0.0024147098315409204,0.002389999182574043,0.0032660836200851945,0.004105719320879331,0.003647292178475939
156152,0.0022977815167247173,0.0012657098828228325,0.0022944155879316974,0.0016853406193245157,0.0034520978367763022,0.0022758244527191357,0.0018274179798028478,0.003693589830764968
156154,0.0022356575467077366,0.00808942948557606,0.00260536351723252,0.0019057467200731537,0.0037895186285121785,0.0019922185171284412,0.003653713253484306,0.0037063845780162114
156156,0.003518546731156161,0.0021457572983692025,0.0023268041829407893,0.0018791191412827063,0.0021085977699924485,0.0031691152828377533,0.004138780812197818,0.0038056187413704756
156158,0.0020875883602597956,0.0019234322685013489,0.0014811825303474718,0.0014407676147600856,0.0026306207126442077,0.0018685318356595482,0.0019642966066014816,0.002718874196648416
156160,0.0014695861615466321,0.0012293114623140866,0.0014662899651494282,0.002108142081829245,0.0016249023375119465,0.0017880970713695654,0.0017025087483368978,0.0021461552496054304
156162,0.0014798577824560177,0.0014130823773400025,0.0009000543870797545,0.0015409661900775973,0.0014796992881699472,0.0035423233820580102,0.0023154619279672772,0.001979812446031348
156164,0.0014084280140891914,0.001619434268832265,0.001276400285544002,0.001269517792839514,0.0014377412125550354,0.0015035405488795922,0.0017481821967137018,0.0034735636148913174
156166,0.002104203391458795,0.0018222380726402726,0.0021258920104794132,0.0020354803362626073,0.0021200090660301735,0.0014962785899899078,0.001379954994995325,0.0028798035808975803
156168,0.0009698673280990194,0.0011691771594348754,0.0016289344100395425,0.0020866485718790267,0.000985911264881137,0.001344106426559799,0.0012491286176686267,0.0020458669136896313
156170,0.0011553534907672441,0.001565457669274753,0.002091951392477809,0.0019912502455268766,0.0012628193786810016,0.0015452714796793665,0.0015015157524409517,0.0033037585379270262
156172,0.0017317482292542596,0.00113894491163892,0.0011822382650517604,0.0011490170515494058,0.0017019754131269438,0.0023221649326225086,0.0017707693561713894,0.005704722379627436
156174,0.0016416664210850002,0.0020695275669436186,0.0014407481012810447,0.0012803865852773072,0.0020205059337010667,0.0021344768082274396,0.002076512611117312,0.0019990269929227034
156176,0.0012525600017687655,0.0015036150860287117,0.0010229715794507488,0.0014496128664749502,0.0017815842203956628,0.0014886127612235983,0.001833919554276156,0.0020106386804000925
156178,0.000939372323884427,0.001581269473408753,0.0010171042825658644,0.001080164970021072,0.000828991137746829,0.0007041591456592201,0.0015791559711750836,0.0010883416501192844
156180,0.00305326976940036,0.0017463895575864502,0.0026935639203218426,0.0011689575671130492,0.0015435667917396145,0.0019897042257116665,0.001750650915058341,0.004596645056440585
156182,0.001193936502792925,0.0016799579777760365,0.0012302512819230144,0.001351166861508768,0.0012911694480602365,0.001751578146934732,0.0010245225390264623,0.004366014543855601
156184,0.001549681908809275,0.0012135426017190337,0.0016484693491258945,0.0018707347489907988,0.0012690593738075157,0.0015800689041828436,0.001882035433285592,0.001943930315693676
156186,0.002488057307195257,0.0017750157629416036,0.002115236482008856,0.002454484931067716,0.0017386179975110855,0.003162243301843684,0.002332914281893972,0.0025502460387960557
156188,0.0018283984534406272,0.0010156489397685764,0.0021934653780069646,0.0020845032710741784,0.002703474006962525,0.0026056875413810326,0.002335723152804961,0.0031519779686215443
156190,0.0015313894440639603,0.002765814822278792,0.002273027332855407,0.002316482736437489,0.0007246292436925185,0.0014274853232576629,0.0024291583103153713,0.002781755965779509
156192,0.0013665567473456625,0.001910210189741815,0.001361840033395692,0.0012615279201200341,0.0011232891084303476,0.0017007439893829274,0.0015965843210619252,0.0032996191157126514
156194,0.0014313100671782403,0.0018021210719754155,0.0015338550207313895,0.0017307450510282152,0.0031262433016528007,0.0017193696478443599,0.002617672682617922,0.0028544363248861476
156196,0.0029962739333689314,0.0016211404378718847,0.002576208216021461,0.002474454297553677,0.0012303380445655293,0.002540157378044805,0.001830209421098808,0.002607113563076524
156198,0.0015336099202248321,0.0013917573368351643,0.0016161177752053307,0.0015769024560290945,0.0013814325238986763,0.0020806608230120732,0.0018922233149754053,0.002685889506809369
156200,0.0007454973920067477,0.0012721571025170603,0.001486018682148385,0.0013199755183839756,0.001149725067983734,0.0019532161426250028,0.0011287879428047987,0.0021108136223124824
156202,0.0029164684837856975,0.002093254713567083,0.0023251512671920715,0.0025929149097186355,0.0016675030525764717,0.003772109023052972,0.0029895338247337144,0.0041819405546663635
156204,0.0024561953726403574,0.0021186271379152743,0.0010474448693171962,0.0017214809766166184,0.000998960895298287,0.002471287244643419,0.0011475206546018996,0.0019097732129495087
156206,0.001779703810809219,0.0009680191532184801,0.0010388680553175128,0.0012845176849405338,0.0018115717667716164,0.0012979602510055366,0.0012621771402288595,0.0030843178515649883
156208,0.0012653939415570165,0.0020509445935987802,0.0020190794950105673,0.0017102115965445114,0.0032119004588901934,0.004716111877503204,0.0023783329690996724,0.004063257781022289
156210,0.002641741549515908,0.0015138911023549056,0.0010009470251571978,0.0020492268255845048,0.001595907709424138,0.001429326634740713,0.001965579031400433,0.002204887881434081
156212,0.001649530399953969,0.0018108088664790106,0.0021324508672738163,0.0017834045820244726,0.0016946763670860343,0.0019370524420150859,0.002412498977411151,0.003709563578319086
156214,0.002275469387571727,0.0021694473861249564,0.0010478970414971034,0.0022235290544392466,0.003373227425912742,0.003457603054953365,0.0033529825192391005,0.0027404530262665205
156216,0.0018468856148746854,0.0012438342776655148,0.001542920532991765,0.0017295677105284707,0.0027967022252717855,0.0021788025703659702,0.002713675522126105,0.0029650266125775954
156218,0.002397370906687804,0.0017809285895254434,0.0021055970185424044,0.0017098344826663864,0.002046418955533369,0.0016133675505020234,0.002296308887079823,0.0025183348019430785
156220,0.0015207002065698166,0.0012883794345237704,0.0017880340610281764,0.0019081289742089447,0.0019002909159998027,0.0019636867512586864,0.002296320669100141,0.0032917477260988037
156222,0.0013547127900331996,0.0017826904188888992,0.0017366467663828544,0.0015592199766045756,0.0026833690518851677,0.001984339536887314,0.002122967198781703,0.003333808987021014
156224,0.0015478291030812802,0.001112609795436162,0.0012809667732958246,0.002074903966991448,0.0013968669087552343,0.0013718613448037709,0.0015314652514748645,0.0016453550342837714
156226,0.0016804289053631294,0.0018123383167468199,0.002116033252846705,0.0015058494575024284,0.0017164720816109785,0.0019516520468954163,0.0011702519816419454,0.0021930599240285176
156228,0.0017658241470942665,0.00168759470163872,0.00163137404747217,0.002180053698605855,0.001365941791677594,0.0020542613938712706,0.0020062358469380565,0.003541531443662649
156230,0.0015467883941688854,0.0024272293563962766,0.0020766653951277553,0.0023176167536809317,0.002091589506592051,0.0020919701350664704,0.003609800138821076,0.0036000691297988774
156232,0.001968334538113639,0.0014744322551166894,0.0017345866638901614,0.0014494792601449924,0.0019126535565625602,0.0014783047325717669,0.0016513991871814349,0.002654772698035282
156234,0.0027497655503010976,0.002223854746489451,0.0014276559163892838,0.00117203577693209,0.0022306825464384894,0.0015953990800254975,0.001312167391725405,0.004116678238746951
156236,0.0018544360727901221,0.001122950027877323,0.0011210864987124675,0.0015763436179292573,0.0009662027319339052,0.001679864838438197,0.0009548651183775153,0.002381730787627545
156238,0.0016205639167765767,0.002013196915223725,0.002760294684867104,0.0016965613413533753,0.005150842703987246,0.0015965417495387157,0.0014521704436613186,0.0027410743839734325
156240,0.0015280546105152087,0.001158703866545721,0.0019704460080877256,0.0017048853335388664,0.0015232871474785276,0.0019341301859685661,0.0017517711692361382,0.003092003635063803
156242,0.0018225567706742357,0.0013889861332466863,0.0010812196365389687,0.001766908844008111,0.0016823985372305256,0.001380124384823489,0.0019132847663447944,0.0019275598224371415
156244,0.002401335393219739,0.0020356779929176505,0.0023116252428128647,0.003846605634780842,0.001973717614127138,0.0021016743700630475,0.002420269986927806,0.00576619191759381
156246,0.0019165454470054244,0.0013346008840595808,0.00231050988286996,0.001531893306983348,0.0012795823784159666,0.001931546410586918,0.001561332464801224,0.002159125542155041
156248,0.002101083846387297,0.001728444357745454,0.001377829096257166,0.0016244915072821109,0.003343902423528236,0.0019985186855961956,0.0021336693449758443,0.0033738916929274
156250,0.0018688313659309674,0.0012727247911271805,0.0013802680421866192,0.0011438084959680822,0.001644359377557747,0.0024189700422037053,0.0017904005459541544,0.0030269188704332706
156252,0.003110603973056014,0.0013901959552562598,0.002403669704663436,0.0013356688834088026,0.0019162476614793672,0.0023569743102104385,0.0019574648446587517,0.0032127589534584194
156254,0.0031682748015371964,0.0014711957815374266,0.0019710102722937523,0.0029189097324609087,0.002952336957873239,0.002657890010022826,0.0023867567157418584,0.004370052363678545
156256,0.0014054550609190475,0.0012108650261999504,0.001629362041858498,0.0010768272839146165,0.0008821351325956212,0.0020816699680974993,0.00146708434475952,0.0015429594568853316
156258,0.0020926619657136852,0.001724169911646603,0.0013866091298251476,0.0020953646086324107,0.0016891857348145245,0.0019468343211227618,0.002126196042631992,0.002278307128069701
156260,0.002349083222172435,0.0020348380184083276,0.0013053655872613673,0.002320625287289213,0.0023584792883170197,0.0017105064768024314,0.0018284370024479607,0.0036136961303014914
156262,0.0015946703545210994,0.002738466168638168,0.0018157483666527696,0.0043937465611501025,0.0014042243769431112,0.0017678673117482863,0.0017709778559243383,0.002911331356781288
156264,0.0015600147141414805,0.0011225595743733496,0.0014058980938438936,0.002646159505403034,0.001767430957443139,0.0018503834429939858,0.0033917401066774766,0.0022461485089647765
156266,0.002299157087640294,0.0014902623895418632,0.0017632574610273455,0.0025179915802465147,0.001789880724323789,0.0010653782857217436,0.002062789126819689,0.0026870862587313887
156268,0.0030914783308051558,0.0019936264552964517,0.0018521786490666714,0.0016654932076633072,0.0020072538193999373,0.0024311324810328966,0.003211142140039591,0.0036130606102870028
156270,0.0024171923918494542,0.0022056236798912027,0.0019320975453221423,0.0022037401690290365,0.0022410877730994067,0.0032148100077872416,0.003157802055028816,0.0024382229575516945
156272,0.0018280948543887426,0.0023906508543847377,0.0013884771989138844,0.0018483229149063446,0.001591790409856353,0.002502365820762409,0.0016318700194090235,0.0026714680202050284
156274,0.0016781762579470283,0.0015718877035309081,0.001487422042872888,0.0015677209897637656,0.0011498185434560965,0.0021118050581334785,0.0022049319629060538,0.0022505489935435025
156276,0.001942961044007832,0.0020428512094339824,0.001867823686990136,0.0014644814430302966,0.002185762587656237,0.002688675002318952,0.002563361012165366,0.0019718614519340094
156278,0.0014693910899965662,0.0023167022019882216,0.002093060075775491,0.002834519544782102,0.0013137172802803049,0.001117041336832006,0.0015701849262337447,0.0018431582243041422
156280,0.0017921421356086875,0.0021474397827782182,0.0013636046816068031,0.0015162114230818369,0.002149148486127808,0.0012574210398609426,0.0012264401463935592,0.002673450073924069
156282,0.0018550636998251324,0.0012490722665461362,0.002632073416366565,0.0017674225002822924,0.0027189577235687268,0.0021915511410969396,0.0027058880009180886,0.00269564892537133
156284,0.001704187685594452,0.000997502123961047,0.003049209364363051,0.002504351242614611,0.0024942887447627765,0.0017424173280771726,0.0016379831533164385,0.0026110471279174874
156286,0.0025423031143002733,0.002912133420265875,0.0034349783576206883,0.0038024332942435124,0.0044339815172877994,0.006560540181944907,0.009345751876995934,0.007804370141133499
156288,0.001465881730887908,0.002068646410873287,0.002637910818531833,0.0031934497313092086,0.002738648640916455,0.0028681604313475356,0.002151309856620612,0.005715679671599361
156290,0.0015267163383204801,0.0013151908054487849,0.0015384089852802513,0.0009537780536137408,0.0012906487840556174,0.00215765547429414,0.0017684246580496055,0.002254336444132088
156292,0.0018776721744020453,0.0013766467837259544,0.001972193637163555,0.0015266319152219682,0.0016161863661384168,0.002345085993724641,0.002508442364671737,0.0030817368172365717
156294,0.002270877364188309,0.0017563744210585264,0.0017420214422621122,0.0016805501600486578,0.003557545679005028,0.0024308488857097826,0.002299751235782743,0.0041012739973239065
156296,0.001230188041201688,0.001469651854733911,0.0013396473472671588,0.004327286635900984,0.0013973367154769406,0.0022148383552798023,0.0011460297727339808,0.002002488930990476
156298,0.0014219145668903366,0.00232716035537818,0.0020843049587827706,0.0016287966896589984,0.0022404561114198196,0.003970272267238784,0.0021212933011987567,0.0021978702113491094
156300,0.0013382078774171746,0.001580459268724091,0.002811903452094866,0.0030108749204060814,0.0028076969782581257,0.001987623648369699,0.003145108307678335,0.0031022667772785534
156302,0.001432476704688393,0.0013080696368023143,0.0029280079972951456,0.0017185411694389807,0.0016492181305596265,0.0017854918902915906,0.002246540830702637,0.003976994047193649
156304,0.002206034842800131,0.0016662120867978608,0.0018324569293179938,0.003044985560847216,0.0021532451629072136,0.002371164375460977,0.002257002402973607,0.0022141399359867364
156306,0.0020670591090678064,0.0014783502809134902,0.0009310149634374071,0.0016869636393202075,0.0026106942190824572,0.0013637177614465035,0.0018839419696270454,0.0028622843216792454
156308,0.002613028352276406,0.0014753475987321907,0.002731183554197436,0.005619407196953752,0.004182878216464625,0.003191231673164374,0.0019942841956641644,0.0030597598378879903
156310,0.003090115564930565,0.0023699266529635943,0.0015432740853249527,0.002032035660790632,0.0018460605729369584,0.0026452592946372283,0.0014160776812578574,0.0020455858660506365
156312,0.0018049111747032165,0.0017298196320441606,0.0011771989801304117,0.0017010073235559364,0.0013534721869570276,0.00109879398015357,0.0011110980643549428,0.0033331848103153178
156314,0.0015497132920201523,0.001483741104444436,0.001109825380608831,0.001854393400574486,0.002482809944462386,0.0016977372194065948,0.002476443819345031,0.001988698687864346
156316,0.0012382821698220803,0.0014876007783049539,0.0014815920291433443,0.001735914400659691,0.0024576304912358182,0.001384642786581361,0.00199751991345766,0.0035173014301598388
156318,0.0021776891353143674,0.002039921519375057,0.001296161094187634,0.001264125537719929,0.002132086183088744,0.001147872511795059,0.0014981207647051797,0.0022739950440515827
156320,0.0017447347681612962,0.001959777277598676,0.0014860181077248763,0.0020336396994664746,0.001722572687868143,0.0023961230799616207,0.001768446590279249,0.002944228517904657
156322,0.0022668883789917077,0.003167592936046626,0.002609470453611762,0.002030150591007862,0.002058455613973331,0.0026797060995899097,0.0025537851824448815,0.0044823774329074695
156324,0.001567418922585384,0.0014348715189421157,0.002270095615986137,0.001788966412325635,0.0016301579112049241,0.0017816791946793226,0.001170670526286166,0.002656066939955848
156326,0.002100905237005249,0.0018085109904922986,0.0023487708725475898,0.0016027885536346181,0.001442552666879815,0.004098529923922067,0.0015218358644914082,0.0020490693208298355
156328,0.001430537833118764,0.0015894563071877782,0.0020489961354555053,0.003238528973617885,0.0017706633865656324,0.001875717507321406,0.0026271421226967823,0.0042878979200745015
156330,0.0018181388335436616,0.0012704237256593864,0.0021264066448778984,0.0016397714714191935,0.001130499531282761,0.0011907257782533542,0.001734021955610579,0.003934808861688011
156332,0.0014761925191658087,0.0017491199923137662,0.0022010384010409667,0.0018545512581391727,0.0010254855065473661,0.0026280659822313646,0.0015732237565353607,0.004479562531850556
156334,0.0017575933336123756,0.0011765758320345654,0.0017413846362977076,0.001640279581143711,0.001285028564241078,0.0021858820666801476,0.0014881537192295569,0.0024584671600365177
156336,0.0017995730119235859,0.0018017488207523608,0.002339779069546799,0.0013711753954481765,0.0018186179417262333,0.0019489658070196564,0.0024114769827667804,0.004135899636783569
156338,0.0019042264607162102,0.0013564437289875914,0.0014275720260838037,0.0016524075728538978,0.0016870444282963831,0.0035157263385548476,0.0032178463974015387,0.0026514538782218683
156340,0.001435585921197649,0.0018863552163017605,0.0013917720684004792,0.003070989939055871,0.002528309644876714,0.0029314620712959233,0.00338526273034169,0.003945021697010276
156342,0.0012827332091454174,0.0014883253127419144,0.0013653608366915315,0.0018613258812854583,0.001107447076888049,0.001628981621204284,0.0012690163763848933,0.002658920299997161
156344,0.0022900326586329373,0.0015619634277436317,0.0027217568111637253,0.002321276047325696,0.001844082760076804,0.006227165651982114,0.0028148432558877806,0.006395344246076462
156346,0.0019516708083804901,0.001223410349061163,0.0025209935056735994,0.0015827494102405582,0.0015845782091755134,0.001547532768736426,0.0021161182505915477,0.002822159706677374
156348,0.0023267495554724626,0.002167538110595238,0.0026236322507433713,0.004318358410869083,0.002811389865310654,0.0023121450480563382,0.003630964290485608,0.005730616327872307
156350,0.00132453191690729,0.001399485966728245,0.0012912382531628103,0.0013162264136173385,0.0018452213131594508,0.0010162697142504507,0.0017328472226749714,0.0025378732945604554
156352,0.002837494163120624,0.0015162198364249285,0.001219487803769695,0.0022571234594579437,0.0014910658249102232,0.0027629222796904523,0.0015819583847148794,0.0044962433790374234
156354,0.002345836162045478,0.0019213226327670224,0.001336019894604537,0.0018616007235200543,0.0007931284983102617,0.0031511744769330413,0.0012935395940633226,0.0016099741686420033
156356,0.0009105951757477776,0.0011597835068633128,0.001864825446066476,0.0023830901577002184,0.0013533474726790257,0.0013833860567347284,0.001564163814486444,0.002809407070482328
156358,0.003053299411315283,0.0011807580171452892,0.0012760265891731543,0.001422276732691033,0.0016337453418358572,0.0013139209044127492,0.002232907760318037,0.00267360494078607
156360,0.0017636616973968344,0.0016216399524009995,0.001331083023448143,0.0014550343550274875,0.0011867412948697448,0.0014150211587221073,0.0007257078645864536,0.00269403491937327
156362,0.001325614326813232,0.0014358713366304787,0.0015726945265748804,0.0015997090710340722,0.001512645978991159,0.0016899850548421913,0.0020884394920637206,0.0034464181078202594
156364,0.003522332596934699,0.0035619407304745554,0.0017980164180534525,0.0016421334607576998,0.002776653349402927,0.0025282309727004404,0.0026562439581012814,0.004949326747202498
156366,0.0025865269102692268,0.0016308934960997945,0.0018404278793733436,0.0019571549973209645,0.0028051436678513952,0.001953448291877949,0.0024522101883967112,0.005477380790957831
156368,0.002012189802571132,0.002253169565765281,0.001783116382683636,0.003589030373797597,0.0014661675744891967,0.003608152105824672,0.0015154493870735003,0.002960395740174926
156370,0.0015916188968051609,0.0012959714571617043,0.0014258269350799768,0.001342298211902071,0.0015896045334251596,0.002577793724894986,0.00157693588886966,0.0026902452796742082
156372,0.002206566437002247,0.001919252343738409,0.0025397841357426842,0.0019412218224280076,0.0025734691436719026,0.0024403782092219523,0.0032553614695403216,0.005657929028291042
156374,0.0018098483353410494,0.0015210407432065948,0.002640582122296564,0.0028059033428010777,0.00168415467215155,0.002547608803956672,0.003995236051430817,0.004833916728873788
156376,0.0013743251118816802,0.0026100623167958498,0.001741518952867574,0.0023046130549966293,0.0012061536518270938,0.001590404301998527,0.002098384001039344,0.002304779734767559
156378,0.0011620349648855943,0.0014373358424069616,0.001286884393438839,0.0014920858926737446,0.0010422450474734668,0.0022367994444997402,0.0011794749474614147,0.0026785487813543174
156380,0.0016634116447537123,0.0013307473381947293,0.0011635593451742587,0.0018661438603957553,0.0021818633739357912,0.0019476684277874856,0.0013049257706150424,0.0030345069899271326
156382,0.001554730472919666,0.0013727826519840391,0.0013780993076448894,0.00229556239706398,0.0015936500020755084,0.0015935116995467041,0.0018408367107127788,0.002979823441108531
156384,0.0017654897869257141,0.0012535561470751327,0.0011886226308224779,0.0027565752788484416,0.0012017324554160075,0.0017893490018856678,0.0023540456838242463,0.0029318860564747085
156386,0.0015542002507942243,0.0020514065436100376,0.001684335075562926,0.0017184052710908504,0.0012121196580351518,0.0015423475598579928,0.0019030812200920288,0.002382791557629785
156388,0.001650952022758459,0.0020336780025748263,0.001379350867260501,0.0019936427560987013,0.0014705477135521505,0.0012566021576294745,0.0022273183237900285,0.003327131480873824
156390,0.001392914418976654,0.002261366378981791,0.0017929689222369177,0.0017770077026518921,0.001484969969809527,0.002331630460547851,0.002028593231379938,0.0030358393768704084
156392,0.003043603487293836,0.0016840653913254844,0.001825024601526462,0.003125787576501185,0.0011168862061481377,0.002822311697715796,0.0023187575063116223,0.0068744476019123035
156394,0.0021545439199437966,0.0022224200534302074,0.0014650819733452725,0.005219774136442867,0.0019841460479776,0.003090412945350521,0.001795834024115664,0.0042392458636300034
156396,0.00183129840876263,0.0027795416774823445,0.0017012762097001893,0.0018987419923279791,0.002450222313243877,0.0026875651886371227,0.003425591597568403,0.0039055999638881733
156398,0.0014432899243177616,0.0018772537848710247,0.0030985554552948186,0.0017429529184040948,0.0023951421172441756,0.0035839562395501567,0.0029337417052219955,0.004427096057270319
156400,0.0020847060151752417,0.002324112386935584,0.0012910216705353528,0.0018730118327789924,0.001370558022193491,0.0020187882420046876,0.0013314902515271232,0.0015652822749317452
156402,0.003067827640052201,0.0022478536449151015,0.0013231756642023834,0.0020521652127875184,0.0021819510757945665,0.0029830116836400272,0.0014870700631722938,0.004017549900546591
156404,0.002208632177883807,0.0020877231679747865,0.0016178425749480696,0.0024613746285487986,0.002687637804316259,0.002737371072816741,0.0023887387102333874,0.0026745292270788923
156406,0.0018526679936323731,0.0010319500384246144,0.0008290316822679444,0.0013726501501878374,0.0010010311788169468,0.002128702988901665,0.0014488756972591,0.0015913276133183857
156408,0.001839409354865984,0.0012438715909070114,0.0012222066683377358,0.0020851537199551573,0.0017167631791901172,0.0017915280836966613,0.0019560417270781394,0.0025457074263011137
156410,0.0014759629470697533,0.0020397852354552826,0.001534169595075241,0.0025621600835643576,0.001554958158367592,0.0016947337230766163,0.002841168462618407,0.0030466233252504082
156412,0.0016246873058545774,0.0017713958329918095,0.0023790989748265212,0.0024105342173498384,0.0021278399103241835,0.0021948142531741516,0.0034993380895370074,0.006335507467467638
156414,0.0018303149265169183,0.0019216675172639835,0.0016805907828736921,0.0029956479445593237,0.0016065634547363233,0.0016544886055047808,0.0023215632291373606,0.0027100105531058377
156416,0.003957398809900647,0.0018411985914943418,0.001484915132225817,0.0026223455548751856,0.002108896457192047,0.004501031738777306,0.004378586175059818,0.004040602163740914
156418,0.0011769024657951044,0.0013706915263438924,0.0010202044209428607,0.0015875136677823282,0.0008902604183797097,0.0016666658754666136,0.0015560659756924111,0.0026677647142703403
156420,0.0022415219819160725,0.0014179677341342178,0.0023977733006610435,0.0023044789286563866,0.001918333625000726,0.0018592290693520003,0.0013770686639636431,0.002696404847022882
156422,0.001651245987947192,0.0015273647272842084,0.0021649449524849956,0.0016881603708601839,0.0018366750836343315,0.0026077873408952984,0.0018124607514105051,0.00476366312028681
156424,0.0016795585656420031,0.0016662041795001553,0.003782203471595094,0.0020831873750305624,0.001941912886708877,0.002093456178324918,0.002448735899268653,0.004582004680717455
156426,0.0013586274938886533,0.0013479341177846799,0.0016556661851412913,0.0012345397572695177,0.0016987197320556119,0.0011808532577766706,0.001811111026804646,0.002006668036492132
156428,0.0019779169701933524,0.0027259213822617007,0.0013754729920215786,0.0032504445111226077,0.003496840417596625,0.0031949572212737337,0.002510765434582396,0.002602154408844426
156430,0.0018042984201849799,0.0020525786925334466,0.0011054371730591234,0.0015219460237725912,0.0021651643987841696,0.002022864009739292,0.0021884298715214717,0.0018701979149327586
156432,0.001457582770149346,0.001168995523012209,0.0010083149853325063,0.00135506355191084,0.0009935957498374975,0.0010896597550492798,0.0013674046381352417,0.0022078132573256776
156434,0.0020646378270790106,0.0013753337290384332,0.001347129203076669,0.001635135744114058,0.0019093825159747363,0.0017422748910798092,0.0016433474103019208,0.0027798245040844827
156436,0.0018233495017888762,0.0015002763068917013,0.0013326595432738841,0.0012203244354252463,0.00124326413789623,0.002337811011582369,0.0020231622590678594,0.003250586813139514
156438,0.0016355105550803217,0.0011132605162306325,0.0010222310807570523,0.0012615488259513086,0.0011515849331011907,0.0015527369546364383,0.0013069647861310707,0.0018029817931525388
156440,0.0015972441033669377,0.0011537909672476726,0.0011232356711312619,0.0013211110385533686,0.0018102445631832526,0.001356388025474331,0.0018004688483900383,0.002347935755273381
156442,0.001055253735523634,0.0013827224431933183,0.0011032100746333762,0.0011468483888728148,0.0012279155907655298,0.001477756488728943,0.0012968417022279355,0.002139871382799821
156444,0.0009096386662398349,0.0010145489204416713,0.0010658396631884615,0.0016963449947050707,0.0009384278600879647,0.0015034368355328898,0.0008422991226398092,0.0025617203666584154
156446,0.001967822546618203,0.001904691091663635,0.002356994928059075,0.0017265042896408844,0.0017408113617761872,0.001552690567997575,0.0013615010415799489,0.006052083876893433
156448,0.0015613692650186112,0.0026018233836942045,0.0018231824794980866,0.0027830450276989382,0.0017197292733064362,0.002199575446040436,0.002606554366972935,0.005471602410219101
156450,0.0017854465557954335,0.00162957257040032,0.0014643075232436686,0.0019285465129526558,0.0014060492326456592,0.002126712775385467,0.002066933438414298,0.0028654692915081187
156452,0.001198934052100642,0.0018283439757843661,0.0014910615094266277,0.0013498293372719156,0.0024817323340991515,0.0033104039863760537,0.0018203118471343954,0.002467858312507565
156454,0.0017649851759139606,0.0021458525548029433,0.001394507374427159,0.0014369872980355414,0.0013833339593917332,0.0018925542334702478,0.0013980587063999877,0.002454355001731981
156456,0.0007944552658614157,0.001516843649290181,0.0013536160951871518,0.0018565738408898996,0.0023275560945613116,0.0014243598701002558,0.00345976850618325,0.003225265925280496
156458,0.0012327273088409557,0.0012741360563037901,0.002523589983687069,0.0025181104713889457,0.0017588186057981986,0.001970452622674937,0.0017965246037130456,0.00170955906792504
156460,0.0013290211987620482,0.0017734663772250858,0.0016848365866466986,0.0014685846651294604,0.0013160385577665329,0.0021226812474420265,0.002435104920115949,0.0018106887068916055
156462,0.0012398266304354394,0.0029349197959618323,0.0017327237856084587,0.0017417987956914877,0.0021573592368009376,0.001484986048036499,0.00214806440978621,0.0027749995694353324
156464,0.0018621504688593055,0.0019935559301444,0.0017835647377939662,0.001268588034435983,0.0018492346475058735,0.0030667667506260182,0.003194795506994433,0.004072758078002059
156466,0.0018764900859529754,0.0012286279215463353,0.0032910056838502677,0.002221128733895586,0.0013758314055679066,0.002520351234231777,0.002335565079704338,0.002565881085323532
156468,0.0017297784185361792,0.0024793125540881894,0.0012848183783887301,0.0013804302538989038,0.0011949283783346254,0.0014435987510511006,0.0014904174216123917,0.0019330093988961239
156470,0.0013900323374207435,0.0018635856543803286,0.0008370300981537376,0.0013915561059008041,0.0011438032043856183,0.0015281055789415632,0.0014366438791244551,0.0018797189514612733
156472,0.0029327034540946872,0.0016096534105214527,0.0013189882240310369,0.002240718499431138,0.0022609926041151085,0.005048800676157372,0.0023403914189995684,0.0038303871453955335
156474,0.0018337016388075278,0.0023168079938345465,0.002140822390202468,0.002537176335659655,0.0029635301761792854,0.0021826819931628633,0.002399075931530048,0.004016711230655723
156476,0.001635353876461354,0.001298500375613243,0.0026460598576785177,0.001213204693792394,0.0015180501480621111,0.0016790502083413733,0.0024125798533992104,0.0041113708462919285
156478,0.0021105391014793057,0.00227468329584557,0.0036762784691200118,0.0021059245553734507,0.003570051149898848,0.0026641708853009233,0.003197144977422753,0.003127971109863348
156480,0.001781604347184787,0.0022220108783983644,0.001302676167578079,0.0019811951015855644,0.0015002627433652466,0.0025256605647095004,0.004112116140458311,0.002660246294951263
156482,0.0016029737926146481,0.002122345888479052,0.0018149423714700769,0.0019183293827600978,0.0013305250209844216,0.001668055911541233,0.0015132450002453002,0.0012530668602273587
156484,0.0014315770155076124,0.0017309146036964679,0.001346757048923189,0.0021317483619833766,0.00209106002377496,0.0016128531539705282,0.0018897279356467345,0.0024419887375906058
156486,0.0015631464954291574,0.0014595253606554254,0.0017981051946771576,0.0022864458234063273,0.0011602105804107143,0.002099418600049266,0.0013995793408310697,0.003014894593066933
156488,0.0027677837445351378,0.0016444373270587676,0.0019567528916022425,0.0019843830151101832,0.0026906580172083583,0.0015649002735332318,0.002413838546278649,0.01037245940541004
156490,0.0012597296088917714,0.001791223777499129,0.0016560118092439624,0.0020972319401943995,0.0017646014443612051,0.002303494739579484,0.0014642288350616983,0.001950396878031349
156492,0.001322539118420174,0.0014772344053590875,0.0015219300373499195,0.0010511487980535694,0.0014609614379235275,0.0018063447174925806,0.0008986457305377483,0.0023008579207002416
156494,0.001319404423160364,0.0008974566780329957,0.001032603306904356,0.0010093522064293925,0.001282815932279871,0.0014981899764481832,0.0013541816600979306,0.0022744558805323223
156496,0.001954276238542177,0.0025675226849097843,0.0027162458910803267,0.001421576886726561,0.0024383388466381467,0.0030850540104204877,0.0020571648630869493,0.005300272196673339
156498,0.002103975095272062,0.0017551109835951678,0.0015506288243672395,0.0030694892847305533,0.0018790810305691213,0.0016382976745623612,0.0024669774899504504,0.003800471774090264
156500,0.001134698465821496,0.0016112353895911813,0.001076326868682323,0.001513053717872026,0.0013308951975754685,0.0008488458349100725,0.0012754469889693226,0.0028099982809288854
156502,0.0015135589034272062,0.0021925613577392783,0.0019225514250629377,0.0011761219937236334,0.0024467055770233254,0.002151920875592697,0.003008406537868838,0.0037901580146729175
156504,0.0012376941694040161,0.0019329848310556536,0.0010678242131639953,0.0011974781914420168,0.0011462048235424405,0.0013981960506260216,0.0010964415944923062,0.0016230323988880024
156506,0.0016098136361193532,0.0024633562977219997,0.001842027023159512,0.0033234241227867584,0.0014239965956939216,0.0026906015924189064,0.0017873073170045078,0.0032551825054680794
156508,0.001696480324822558,0.002018974708463697,0.0018685682289166922,0.003008095149696924,0.0016749269646513382,0.002842463668761619,0.0012297733582409265,0.004224285880106982
156510,0.0018349978360712171,0.0014672903935664255,0.0013926099502303974,0.0015900162762255143,0.0018888095116809667,0.0028116762829242387,0.0032076438863990475,0.003420402130787592
156512,0.0016718437988716556,0.0013415296389563403,0.0010214801345176522,0.0024396877774005704,0.0020607978440140423,0.0021413136601678012,0.001779992677266598,0.0020030280869732936
156514,0.0016270137666741236,0.002060021686967284,0.0015625144100204214,0.0037814176858843584,0.001899770641014209,0.0026994640456129565,0.0017731814919494937,0.006221856481662735
156516,0.00145983535007993,0.0013261965320488095,0.002170743035519465,0.0017708007087336025,0.0015591478982477508,0.003291121943008124,0.0022611849791692867,0.004909570809105368
156518,0.0014541568723725057,0.0018464156033157902,0.0016722029895822055,0.0021611956312343056,0.001787446228044054,0.0018734365215406085,0.0012723787411465098,0.0023131676335652746
156520,0.001920535980848792,0.0017565421018517352,0.0024056696706754033,0.0017240415249100138,0.001959880516537782,0.0020788056408291983,0.0029097046530518617,0.005127276650858159
156522,0.0013175891075350443,0.0018805220781958898,0.002633350261553924,0.0035281484191094226,0.0019246666380846045,0.0018224257257938442,0.0024544055704112666,0.004857497343470352
156524,0.001754032410939979,0.001230758573123103,0.0017709543403005151,0.0019994360840219216,0.0010924919121957505,0.0017012076801279363,0.0014759389031449022,0.00239630944911097
156526,0.002798393201015173,0.0014310589273272,0.001679631238016066,0.0029622461950049583,0.001693607637581765,0.001974338625590835,0.0033434005127258026,0.002860668591095919
156528,0.0020709717128331584,0.001303174776025609,0.0012048009930210046,0.0022165014009881134,0.001001412625465159,0.0018037392458900708,0.0014830506829979218,0.0020645670724884213
156530,0.0020800127743259567,0.0014538310095366658,0.0011082103764925716,0.00244830307660239,0.0012105536731877309,0.0012157884702115873,0.0012715281685340418,0.00290063087945569
156532,0.002320021988974977,0.0018247677496563974,0.0016183604640077065,0.0023015924032785406,0.0012383686908066238,0.003135854163911711,0.0021726762952957307,0.0025462532900546453
156534,0.00138803220075491,0.0008763495624925094,0.0021437687856021292,0.0011344532765564797,0.0020122188792908724,0.0023941376591469915,0.0020314365341734253,0.0019104146938151573
156536,0.0016732390397500851,0.0036162983590579817,0.0019620646735330483,0.002203697498498816,0.0035816479207540497,0.002434142475649992,0.0028764136507347104,0.0031959406501167464
156538,0.002273217022124699,0.0016411749992256836,0.002602670561247189,0.002040015069984649,0.0023399419704666635,0.0026000002724531207,0.0020812488097685794,0.002717040812632701
156540,0.0016506344728830502,0.0009912793432820255,0.0007022657787345045,0.0010481881714267255,0.001789505011839998,0.0025350620247179823,0.0013243098483718546,0.0011718544286892923
156542,0.002332773936687682,0.0010380315648229749,0.0011179551580655644,0.0016413002625539352,0.0013620894241415105,0.001929061550506539,0.0012048964225414155,0.0014174330402207946
156544,0.0025794493470430307,0.002932877760919661,0.0018519727973398403,0.0024286328569561727,0.002372883647922208,0.0032133987817539733,0.0027746251526572507,0.0061892189934733555
156546,0.00196826512284011,0.0021446847740528435,0.0021563772304138973,0.001183343677233717,0.0015907516638419411,0.003304905054432608,0.002606939711332648,0.004175124708185374
156548,0.0014269955580442778,0.001846800444855315,0.0011719105405705449,0.002167998785587169,0.0013223922658301412,0.0013163296724707507,0.0011138418020219115,0.0027603048623783266
156550,0.0016094821333931808,0.001673933677695652,0.0018354172357307186,0.0018843064455105335,0.00184039783413871,0.002138337256030534,0.0017616975807466378,0.003556991544874377
156552,0.001813193542690661,0.003392979037813007,0.002108233420780606,0.0034431904492596838,0.003119693469326501,0.0030534377421540665,0.003676295183741074,0.0029327050680230116
156554,0.0016746022389893533,0.0010603131222899354,0.0023011331145529473,0.0023035780584890753,0.0013852300473483764,0.002306083693289343,0.0018350278371950801,0.002404450008967274
156556,0.0019101922798745452,0.002544993981892729,0.0020916320998213417,0.0021190129623033377,0.002143934028563957,0.002382227869156109,0.003927107729488677,0.003640805270078984
156558,0.0015306813185498314,0.0010228419489968221,0.0014477633494347636,0.0012802559544500408,0.0011259625940299167,0.0009150701530214224,0.0010462908861735287,0.0018736322750891876
156560,0.0026550291409700583,0.0021486335243994237,0.0020886172302763684,0.0025153213819329445,0.002571398699509189,0.003910202601054069,0.004297075931497751,0.006055914604989943
156562,0.0027052264671767606,0.002656694017777586,0.0022804826695460023,0.0032816697766604452,0.002115574363061326,0.0013706846303091075,0.0025228646763367224,0.0037418077103379965
156564,0.0012760806173874872,0.0015960919550501856,0.0020501719812294206,0.001453350946873988,0.002334528195206076,0.0013433881285545568,0.0018390639450966,0.003595818149250418
156566,0.0013617022871061923,0.0016558826507528934,0.0020967331304882486,0.001687589804483594,0.0032441120420591135,0.002657627283457323,0.002378162923837801,0.004644570600512488
156568,0.0036863679011824857,0.002333872340640808,0.001569235303940708,0.002926467729773022,0.002123837872689563,0.0027464487684026317,0.0028962707177453972,0.0043265152293537334
156570,0.0019855747029386,0.0030528869075980986,0.0012083349202222232,0.0007199744851798008,0.0015398596686830857,0.001606705010307588,0.0028361877893969822,0.004311623039122914
156572,0.0015248953553259614,0.0010060502419920875,0.0024075534825220846,0.002312030764704043,0.0021321821676946323,0.0031211663850350263,0.0032300304245689304,0.003082329544579432
156574,0.0004662580027103985,0.0005753284912969649,0.0007952058876632175,0.0007514480283438291,0.0005338791196422311,0.0007063334411621137,0.0008864103821104898,0.000934936426482711
156576,0.0014396937215482297,0.001839568490723309,0.0017235540082225498,0.0026268946674424948,0.002125467775957249,0.001769404534740629,0.0017640206055050817,0.005167333921690664
156578,0.0018468103705835404,0.0019132805296904198,0.0018984150780637782,0.0015247655968436136,0.0017478544948965752,0.0023054046587206584,0.0020998832456078365,0.005482163683567798
156580,0.001665087310185387,0.0023391603139747558,0.0024677798463046963,0.002460783979246331,0.0028719467592087794,0.002376326967651332,0.0019005127527738225,0.004026873714933155
156582,0.0011393973045168426,0.0015206052001639492,0.0011848306736708114,0.0012704436428179339,0.0008552556636265557,0.0012959878185081625,0.001548617414304232,0.002252270295826586
156584,0.001314257702029531,0.002102445693646385,0.001058924882181067,0.001364147287450504,0.0017374022676508588,0.0024778392226283558,0.00161996770626395,0.0023268149647537317
156586,0.0010305494042062296,0.0012783092789852568,0.000864398463691407,0.001797971240755425,0.0015788906985712003,0.0020379789783534635,0.0018600355192211065,0.0030166105895508416
156588,0.0017233399681073625,0.0012540785101129576,0.001840549660974189,0.0012884139333744216,0.0016869645573658887,0.0016878389562652446,0.0020512523295315166,0.0032638826146045435
156590,0.0013777281540717917,0.0015556427840506815,0.0010778981767739643,0.00309620021329117,0.0017140420872646112,0.0019531588483361895,0.001196858719676508,0.0015479170415794302
156592,0.0014692228761728487,0.002318467628101964,0.0021234282629261636,0.0019450552496760865,0.001695277579705723,0.002099706394287415,0.0022842941457979493,0.003964457765910867
156594,0.001840499797154449,0.0020322616995530757,0.0017345910081563304,0.001609116892192175,0.0027594562789658994,0.004508547731003398,0.0024214338930642065,0.0037586681523486126
156596,0.0018069945580979074,0.0010357315144426948,0.0018309464288494143,0.0015526494664914875,0.001087304151727031,0.001689959326655277,0.00205211154785806,0.00200034602868783
156598,0.0016867420916003711,0.0021249913784249785,0.0016405900978590099,0.0020480711445304417,0.003589578516494163,0.002418221825304878,0.0016621438306039238,0.003430603893623277
156600,0.002057787374249234,0.0019335820375877,0.0031764666904850053,0.0014720343670129865,0.0013578435521866133,0.0019091263055771024,0.002096662851536202,0.0050429853005865
156602,0.0018137767092627488,0.002519367225158345,0.002478629989605477,0.0017366883721239845,0.0020026503034023535,0.003938871271804922,0.0026259129806618375,0.006425267170520554
156604,0.0020778280957701872,0.0013927673244408384,0.0018988082226778502,0.0019927755794320184,0.001489007760705055,0.0025125472825868744,0.0018919539991452267,0.002622219649635618
156606,0.0028859625988915255,0.0027231823614501938,0.001172403872830144,0.0027451580613482296,0.0015034440577949143,0.0017888639961969321,0.0021298213672395067,0.0019101851159511463
156608,0.0017393500010720736,0.0020680408943239,0.0016563920374190744,0.0017405981177918278,0.002252478565341734,0.0021317050182392827,0.0019959025588520835,0.0024777472466683964
156610,0.0013923997610913036,0.0009601146412938771,0.0012738722487599802,0.0015573838220546282,0.001201332151775772,0.00155791840991161,0.0010343740829916875,0.0019072923152947535
156612,0.0034933166394384707,0.002179713141895037,0.0030432553463164425,0.004707618042374628,0.00222192132150667,0.002199353913324986,0.0026626832062573436,0.003454172672015879
156614,0.0022988034219485615,0.0016264124646192674,0.001714010007426714,0.0016575818209675491,0.0022903763782222836,0.0018487005871162254,0.0028547090036017964,0.004148579129762631
156616,0.0016713451391870415,0.0015603343139654197,0.0020271568957443004,0.0024590420136961916,0.002194817743686475,0.00421678822686844,0.0034785787937015172,0.004606871713719096
156618,0.0012843542677387632,0.0014023451829539013,0.0012752809569771678,0.0015008835539465637,0.001148915022209318,0.0013143881653088357,0.0012350921827326694,0.002260181034460365
156620,0.001736309902430913,0.0016278150744162279,0.0020018968432969353,0.0021369076916747526,0.0019894051297386778,0.002160821570501917,0.0025288352813460785,0.004356576289162639
156622,0.0023789405308876632,0.0012307857570559855,0.0015550747985315777,0.0026513713946920703,0.0013360397748185537,0.003432724206764007,0.0019876635086747557,0.0026726507702810043
156624,0.0036202252002882768,0.001406404901836078,0.0018920214073260416,0.003263515284976981,0.0024006965038130823,0.0023121228360237916,0.002955683018704358,0.004872525308257991
156626,0.0019673506082904524,0.0014843759977605786,0.0024129959653177574,0.0015060258269872784,0.0016575338938232959,0.0017645667040044888,0.002394035949003559,0.003362821049051945
156628,0.0021906764592483224,0.0029065960080854603,0.0014161323542017379,0.0012675485311665208,0.001455043733700201,0.0021212342789294625,0.001935135927313647,0.003876411280720818
156630,0.0025672048175673923,0.00253135819724927,0.0026088219552034553,0.001992985121525695,0.0017727959292747203,0.001386191338518264,0.0021446795984272904,0.0020752538848371055
156632,0.0022798394321226767,0.0032314690155025444,0.001518543101744152,0.0027355314619397775,0.0011375535936224979,0.004893981225937483,0.00301551440671588,0.003409773085156831
156634,0.001538058036079315,0.0013683903178629553,0.0009356352637653088,0.002030340938641642,0.0018063678335989014,0.0019159821854592002,0.001459189789379034,0.00327620415400999
156636,0.0011870695932359454,0.0009065100115645021,0.0015549328918052496,0.001680843693909806,0.0010284385284770187,0.002168084473759324,0.0020196623988808643,0.0021058342921592144
156638,0.0014445118371734372,0.0017727742837930216,0.0018425514837666773,0.0041494333742078116,0.0022493527067679597,0.0014500591165239052,0.0021057734339626766,0.0038275135401791283
156640,0.001356849054502618,0.0018623674959399872,0.0017092276138278711,0.0016087660366546075,0.0013160609916452182,0.0021415053569274894,0.0017597101798936254,0.0035576989955888316
156642,0.0009291875103154025,0.0020758248131664964,0.0010884566851387945,0.0021607419136013967,0.0018333357103346298,0.0014214131178611616,0.001256972206533702,0.0026929425584670263
156644,0.0017805311818835379,0.0009439439288412045,0.0022218275521072167,0.002010711845707114,0.0011427788838460629,0.0014379966109678982,0.0023238325899277573,0.002804495756267622
156646,0.0016086405269286619,0.001567686769754495,0.0015928476335922426,0.0015882805447576254,0.0024062353946710524,0.002231711948342832,0.0014565441419445713,0.004397182552591028
156648,0.000877237324841254,0.0012751191926108213,0.0014557665508137113,0.002071712287164351,0.0009165692120702978,0.0017841727029405258,0.0028619770028124325,0.0037971094272682415
156650,0.002356384026902872,0.0018949259600111734,0.0027821375441539203,0.0023708440311746154,0.002500595038769371,0.002793824683106197,0.002861091012375541,0.00661836052246656
156652,0.001820756270303328,0.0010988250988841625,0.001443139061308385,0.0010408626807557747,0.0014198273234464764,0.0012211077201036563,0.001379247932435504,0.0018861539455561904
156654,0.00129560509734028,0.001463678932122639,0.001004288541473622,0.0008039545087475432,0.0011909623186872609,0.0021700661813967154,0.0009921890126003557,0.0029428816308154637
156656,0.0011952454430498444,0.0017460542406149693,0.0019979538274697006,0.0021612139887517423,0.001424341030427781,0.0012893822289969936,0.0019448834002112753,0.0039008418203590467
156658,0.0031231272048099085,0.001918230833567236,0.0026022585474017035,0.0030453140652753063,0.0028509018364708677,0.003123700163492185,0.004296882526839463,0.004072678197354629
156660,0.002831804589325651,0.002069716701047497,0.002129927960276126,0.0017532708063497382,0.001609436102350481,0.0011985796123712422,0.006290918750453456,0.001902789357481005
156662,0.0013017655256784,0.001155033153123819,0.001448027291359788,0.0023517930492076428,0.0016840372622404232,0.001557208586596151,0.0028126387529675695,0.0025779541184118987
156664,0.0014061959093050191,0.001352078454883776,0.0015410641702913314,0.0014663050860284077,0.001830749092594175,0.0016191176662374573,0.0023197122952046123,0.001629707015027293
156666,0.0011475145972745932,0.0024685919578273374,0.0016199958948335397,0.0015431359375392972,0.0015823270509170012,0.0016199347199513797,0.002942308933385776,0.0035944685682770677
156668,0.0022308359738501538,0.0020366190104981335,0.001711243326345105,0.002408074091381218,0.0018268510942598959,0.005936641715161228,0.0021132155848704315,0.0036237078967698566
156670,0.0013524968279252786,0.0017120537050013263,0.002518228617568674,0.0014717413779927885,0.002080149036277082,0.0021629350924073365,0.0017279608645708877,0.0025924892532067645
156672,0.0016201845246582303,0.0013191167570669876,0.0009407755131506136,0.0010582165609465677,0.0010390373631787853,0.0033051684772438805,0.0011734896202784117,0.0017920301665797084
156674,0.0020578228622503136,0.0027321675877722967,0.0022259819929976304,0.0025804230677037854,0.002747130943306933,0.003948991051348827,0.002765772504412581,0.0045225743168073596
156676,0.0013195911658208659,0.0021113610057819088,0.0013612324624576871,0.001747443665011339,0.001477354106944731,0.002439915211635682,0.00244285993267207,0.0034601475955833294
156678,0.0013163204817279728,0.0030291196773113427,0.0017347564046215624,0.002231245256721484,0.0018985514241865037,0.0016165446201657496,0.002085497696017749,0.0030737891124930222
156680,0.0020368456402856255,0.0012754352812310993,0.0007240098409601638,0.002325866260838305,0.0012205381282496403,0.0020044458432227352,0.001174101483539594,0.001779290511652723
156682,0.001838588540480926,0.0016316921470172496,0.002245459998291302,0.0029028503252042648,0.0015078517131176389,0.0019337507659618197,0.0019907203229065917,0.00590880818668893
156684,0.0020668223365439276,0.0014939683939725473,0.001749795298522594,0.0016841938096980869,0.0023291552090146106,0.0025467582285255835,0.0022449315055551033,0.002640562979332961
156686,0.0018039132863249124,0.0024582325828959584,0.0025248982705207285,0.004733770441634144,0.0027999175267690024,0.0013845984282199325,0.0028288400884362574,0.004716641973012692
156688,0.0009770410255789536,0.0014607034386302647,0.0013784943009166467,0.000992982644862972,0.0011104124724051895,0.0012284936909362637,0.001983737196785143,0.002706124808573143
156690,0.0029657135015173086,0.0017753472567473422,0.0019686006413346946,0.002468137395808867,0.001779269769385819,0.0019669375434650527,0.0021682815282880186,0.005022533262185824
156692,0.00199712799940599,0.00230963289900922,0.0016626569135491792,0.0034634393148193082,0.003040344812296772,0.001666912869525708,0.0032339874262557466,0.005324765938619136
156694,0.002585541430763852,0.005564261276378213,0.0031640003065840916,0.004589720194999813,0.001645043462562834,0.002564929733918364,0.0027848812773229176,0.007389826243422215
156696,0.0016404334778832297,0.0019198422020105937,0.002074014541463956,0.0018786095232043026,0.001957084131429268,0.0017376532061814803,0.0016184255057018065,0.003836964577634841
156698,0.004044043138051734,0.0025467070932378016,0.0026306084842703387,0.003214237623457239,0.0031825550255996232,0.002746090338380469,0.006392223671350339,0.005161130568563321
156700,0.0030899010291674106,0.0020029480592355237,0.00237782285155147,0.0013458199186035108,0.0014463751446326528,0.0012445869571473672,0.001547163782740238,0.0023888417644011284
156702,0.0012712037982405416,0.0014482257597792647,0.0023934315655518845,0.0012397736375794471,0.0017257830418346831,0.0012440014033045094,0.0008833494249891639,0.004310394188210331
156704,0.0013419600236073276,0.0015778493638257118,0.0019087968709668446,0.0017271628306808756,0.0011108422773125626,0.0012531673474681787,0.0021737293948848185,0.00268033094707866
156706,0.002299322855468647,0.0027544895182751716,0.0024210485816594934,0.002629771672465489,0.0033840737519108544,0.002884745555416013,0.004874155364085253,0.0024065968642667107
156708,0.0025026703302194614,0.0018519439405353944,0.0022099927128399616,0.0018506581172278574,0.002260864004361221,0.004190738274836792,0.0027994495812329184,0.0039570060489802494
156710,0.0021920363369579143,0.0036986009483099824,0.0024681658972462023,0.0018253626423138242,0.001364337995560183,0.001954797335478334,0.0031880593672765217,0.003941175014156306
156712,0.001176153933308291,0.002157237079364896,0.001407533394421956,0.0019240296317130229,0.0017346273140220192,0.0022022532398278255,0.001410512181420201,0.002760387848939283
156714,0.001382773420800787,0.0015451619437953923,0.0010799203589775264,0.001149559600451211,0.001169135634015564,0.0017657036109872681,0.0012721156470749811,0.0024364581048713085
156716,0.0016807627480898285,0.002527073509332789,0.0013705133383723478,0.0022257700310440165,0.0028443297450714417,0.002588574246218167,0.0019026626089751475,0.002482080870728001
156718,0.0016333969303200663,0.0011833641811789253,0.0016892393231555808,0.0010575927946234742,0.0009301745778560223,0.0017081681620460115,0.0013927147726997546,0.002702665966580753
156720,0.0013923027346845473,0.0014396402918222112,0.0015551259217958663,0.0021648631396492674,0.0016758266038616881,0.002470903912499267,0.0018080192761372876,0.003080893116690478
156722,0.0010927064178298806,0.0015739987026839458,0.0012751189265594598,0.0011222278421124804,0.001383063512355856,0.001990054196539859,0.001437175405063995,0.002087761636631061
156724,0.0018762486783834853,0.002108411315054362,0.0014288633088561792,0.0027907238753211022,0.001761824547394722,0.001657697698318264,0.0024400767773458676,0.0020995940736673463
156726,0.0027546506252138503,0.0014424516447387875,0.0023439485214976075,0.002578133053860121,0.005193670740954781,0.002978225283190028,0.004238588088784079,0.0031042756172362657
156728,0.0019580249394638566,0.0014087848229427657,0.002603611017588714,0.0031550104930611056,0.0028372199266827464,0.0025316217293638865,0.0028616549535345204,0.0051552850746997
156730,0.0014014633754540068,0.0010470029201181674,0.0011172126654175468,0.0009907673246213472,0.0018773448193654674,0.002283171871576839,0.001788321082122138,0.002466574880573502
156732,0.003751203052369201,0.0019351087239616455,0.0012241599525225771,0.0018079052282361646,0.0029596543419972005,0.003991367782957278,0.0032648910683557575,0.003721671843394128
156734,0.0020103690827456,0.00349602714813102,0.0016419317832481184,0.0012169089342073947,0.0010688116998027741,0.003638182103451959,0.002217941200375828,0.002086256517010457
156736,0.0009444491990053018,0.0008713142395128416,0.0008720403680433954,0.0012774854861286183,0.0012103307472522418,0.001119665996147115,0.0011526744061216565,0.0018983235341286792
156738,0.0022687078298023883,0.0016940789410085366,0.002804445646857348,0.001538182222518572,0.001927280480471305,0.005507997070751058,0.0023399841382215764,0.004767582387817326
156740,0.001764040319911564,0.0014970628892209265,0.0021877997510416775,0.002129003784201791,0.0015961136842337909,0.0016072990741400894,0.002624941402171746,0.0026914511186229007
156742,0.003212528377491433,0.0016160428959358791,0.003126992779316551,0.0032413254211510895,0.0024188824633347844,0.0024337679163449893,0.005119285819841279,0.0037347668858971894
156744,0.0013995679127885158,0.0011592629032321083,0.0017419654683216296,0.0016741293849670408,0.0013110292480009722,0.0018240138490161067,0.002002664307100055,0.0035920738087026477
156746,0.0010764996906931779,0.0023387430515271618,0.0013927670463866892,0.0017475990832242078,0.0025844675060740507,0.0017865473392469355,0.0018443908835241857,0.002890913057783051
156748,0.0015712671431314384,0.0014945720589283479,0.001443017074659672,0.0011564723618864847,0.000985455597653076,0.0017933699240436085,0.0013567134818837645,0.0023035151221778016
156750,0.0018401069833763467,0.0018463778256923163,0.0017664666582895144,0.001972341872269523,0.0025671984000208564,0.002259810899387704,0.0027299668998593957,0.003203076405361438
156752,0.001866913499321221,0.0019589016700765627,0.0016219718045837883,0.0015754625175939396,0.0016596685364911323,0.0032294943698674694,0.0023084743467301078,0.003443224550197091
156754,0.0025254007128026196,0.0033271783247824788,0.0024520389980135088,0.0018237806137202384,0.0018469003437238257,0.003218410226680249,0.001677859457519304,0.0032317693093535937
156756,0.0018932566803506745,0.003980265878482714,0.0021748101986310275,0.0029694853016348915,0.0024424305753569797,0.0038250842881448893,0.0017422465909723434,0.004035944214355658
156758,0.0018276476253199642,0.0011826896945967835,0.0018059612650337536,0.004368667476666366,0.001611669665252613,0.001593376971886551,0.0026772560120270766,0.004118329551965838
156760,0.0013863952327857754,0.0008517212185016471,0.0009488224334060075,0.001649511336149559,0.0007072312228653121,0.0010903398952755716,0.0010188976358328633,0.0021377057774608077
156762,0.0012252915689969918,0.002045196340336952,0.0012930184523490262,0.0015529994338601277,0.001139992417121205,0.001506353728196963,0.0013523384577602965,0.0024339638304238798
156764,0.0023246070115504752,0.0015731767693699106,0.0021440544288032215,0.002762378334275617,0.0028868228084031333,0.0024304198506565206,0.0022060358926268148,0.004972077227711813
156766,0.0021682131826572665,0.003086044384013553,0.0014269023995772678,0.0031051627851002572,0.0021927532414842826,0.0018091292133706194,0.0037915241150052736,0.0039021788533466634
156768,0.0014648963261854192,0.0012706205140346066,0.0013315046606039577,0.003568883560579883,0.0020371203701528007,0.002584528488415186,0.0019360271886349617,0.002553778405179133
156770,0.0014089761089897679,0.00439212584805887,0.001540686597998553,0.004136447807115362,0.002068853804571502,0.0018037224751644154,0.002270356893781092,0.0026824521145610986
156772,0.0026193879621608934,0.0027610376924949165,0.004319208414047593,0.0028538285171647026,0.002929013158671903,0.004949513349622459,0.003598782219177546,0.0059695938285395655
156774,0.0029778760228110907,0.0022812651364602227,0.002765688261475996,0.0025841444253012075,0.001818279572967596,0.0027518768809843414,0.0014571393455204001,0.006660320054418856
156776,0.0033286921191953006,0.0034704373844954978,0.0017758659057318799,0.001960358485588745,0.0021744606711495695,0.002003102447512506,0.0022966159435400813,0.0042028947927486016
156778,0.0012943586283068603,0.0011950339760460338,0.0010636112858508628,0.0016333508596686475,0.0013826847646961071,0.001851858012715868,0.0013676068705455041,0.0024688373942966108
156780,0.0020327873806458285,0.0017489074863600435,0.001734450442875124,0.0014511280695163192,0.001428282919628876,0.002999311824939413,0.001796976536287534,0.0020677983059608357
156782,0.001537067061871733,0.0021467496565839017,0.0011454381293498628,0.0016101849357813697,0.0009436741786430503,0.0045792373160316036,0.0016887539969099308,0.002815809035291217
156784,0.0018170359809188824,0.001749496115870608,0.0027544457230286312,0.0018846576951982025,0.004538019889583689,0.003008193631615086,0.0021526090669979348,0.006782310449636952
156786,0.002338692607811846,0.001413644823264948,0.001736846726890784,0.0021123518852684264,0.0019482211999372195,0.002735432093788362,0.0029191911091344114,0.0030072771174084606
156788,0.0018745608731277758,0.0012734736639787858,0.0017275876825906394,0.001279702047161116,0.0011156000077758993,0.0016044784727112932,0.0020068489358218145,0.002838013303980924
156790,0.00143132754349852,0.002033871539585244,0.0021328303783607755,0.0017755340495604344,0.0019144399184500976,0.002762887816477058,0.0017936270809749827,0.003290579132912086
156792,0.0015272995036674786,0.0016279223912927382,0.0014431113237520776,0.0021058295055276233,0.0025719514669969024,0.002348120963021394,0.0014826306548096913,0.0035260997044673226
156794,0.0019503297539980174,0.001835816252487854,0.0016071162735734057,0.0029659723733926335,0.0021954006981800417,0.003548047390349321,0.002706898865936447,0.004900137729420495
156796,0.002143254813763429,0.0016935128941908406,0.0014915468966262418,0.0019954279307060757,0.0014660911185804815,0.001424570489249058,0.0022173524539761402,0.002893711503750007
156798,0.0029838231532886145,0.0016359333234883394,0.0013990261098839746,0.0017896878200352462,0.0014597001348509858,0.001249579209034471,0.002086274213137798,0.003465109225289656
156800,0.0013090258803327842,0.001382576718911288,0.001667149234423404,0.001494537494666895,0.0014818472776112618,0.0016171410993354313,0.0022458109490060135,0.0022242957160168025
156802,0.0011725135730135255,0.0014060229713465239,0.0018904444353942673,0.002006402709975333,0.001852510216240555,0.0026930005543626123,0.0016118949014993916,0.0034559051705213145
156804,0.0017464225617398604,0.0018853467053954326,0.001684717012287798,0.002774216227345916,0.0012114401364200639,0.0017403423044157762,0.0013877293762965537,0.00309173559174708
156806,0.0017300058736420404,0.0012374003526032795,0.0013946150506649602,0.0028400629452047937,0.001270333436498794,0.0018357827334117977,0.0022769882938061953,0.003300487541362307
156808,0.0013264898534606773,0.0014883853871803243,0.0010845167621410662,0.0014290249714844633,0.0014141336931040721,0.0014410063120671168,0.0015187611533077489,0.0032989540705297277
156810,0.0022673701359844506,0.003041339077877195,0.0015092844468572175,0.00193549778285651,0.0015895020516219077,0.002679796350837385,0.0018901007447430646,0.00422158131046424
156812,0.0017008122023465383,0.0020273085240751915,0.001348647884037213,0.0013096650980384816,0.0012729440867806918,0.0022145925636419955,0.0013196666785615513,0.0037885303005214116
156814,0.0017630359641538362,0.0018520795694711017,0.0029662389664259076,0.0017555523701712344,0.0018856637570786733,0.0016097616217115723,0.0015137725385194756,0.003159307808989556
156816,0.0017459729848025157,0.0017247939701983128,0.0019473136558206955,0.002333831667733502,0.002047564730510723,0.0010750112365104508,0.0030709325482814465,0.0038627143748227177
156818,0.002436539013693173,0.0020095684141374776,0.0016696696759910257,0.0022764504157903875,0.001501107261939319,0.0035726817074172162,0.0017048610303507794,0.0029242739214039443
156820,0.0023128763134039887,0.002401840723664783,0.0016625186862544994,0.0023240822154595997,0.0021399234259456557,0.002757124520905277,0.0027072950462741496,0.0029775064552604036
156822,0.0011911518250912329,0.0013943045537347931,0.0028298284792391826,0.001352713300415212,0.0011476869849605387,0.002049980031561663,0.0011974910826939716,0.003099776967605772
156824,0.0014656352773423365,0.0014184144182954328,0.002566225668235944,0.0022840737281810825,0.002732690634610402,0.0034079934717928945,0.0026730544518349664,0.002348111937133371
156826,0.001978855148755676,0.002001162522835123,0.002337688891006509,0.002512628324647395,0.0021321776952456517,0.002734584615256219,0.002179988298522062,0.004933369548636657
156828,0.0009605431681913995,0.0015475805437699247,0.0006139351191465497,0.0018081425152738917,0.0011972701362333305,0.0015427829863235432,0.0016692005629270895,0.0022408652177042243
156830,0.0018818120919148473,0.0033626646458944642,0.0014992436342109589,0.0023421975774906706,0.0019868637216796797,0.0024320586892590534,0.0037025042076956893,0.0038206987485667337
156832,0.0015794174167577252,0.0023476982090499116,0.002060097097993499,0.0019608513594174953,0.0015786497224646312,0.002307642845798208,0.0021465049111069195,0.003592374338051707
156834,0.0017296293722788292,0.0009154142294644091,0.0009374890041311014,0.0012629705640771066,0.0012634853506844484,0.0010303528077754281,0.001224572905878088,0.0017747869372650715
156836,0.0026802692305045867,0.0013702157406403487,0.0011500737255748655,0.0014673703055845394,0.0013593751263876186,0.0022598271917770862,0.0018429698265927247,0.003418833642048702
156838,0.0014914576968481225,0.0018902031036303196,0.0016353794868763233,0.0015465328863948358,0.002459366414506184,0.002560817669948534,0.0016090233468991771,0.0034990917198721855
156840,0.0014024325140034183,0.0013517423238340737,0.0013921606763309807,0.0015518419322688715,0.0013146591066331426,0.002591214768902006,0.0023050455048943125,0.0022770242020034304
156842,0.0020327443830900904,0.0023717180452555997,0.002279766504402772,0.0028376056870833694,0.0017697583848532705,0.0028191915567053055,0.002191255375864634,0.003914608429971489
156844,0.002222777278224078,0.0018578051967779174,0.003589452636374668,0.0019710215187085517,0.0013922226695939899,0.002031910723511443,0.0019440226242457698,0.0034350905824077765
156846,0.0021593211504864485,0.002409562012131175,0.0016940973406503468,0.0016917328858680053,0.0018179374236183682,0.002315885713655652,0.00233864865016066,0.002100895674957984
156848,0.0017515622441175438,0.0022255717872066705,0.00208721629993526,0.0029920335781885715,0.00168030185225021,0.003410714192883871,0.0012338989938551898,0.003072325767906392
156850,0.0015365413208210388,0.0021763823771597246,0.0009716830086797835,0.001482041740074061,0.0015214045667819726,0.002258489994579671,0.0015711558037541234,0.0024077874570684887
156852,0.0015738724875389298,0.0011430504125687357,0.0013917706786268358,0.0018037139316171708,0.0014365134132901525,0.0034326045998313154,0.0016570361598324812,0.001988536881821157
156854,0.003469391963372828,0.0014183010571114374,0.0013816997650111795,0.0016272535972916558,0.0019842120920166573,0.0014993422983827914,0.0033327000490182,0.0018076289937846296
156856,0.0010791884053600875,0.0009124706542235107,0.0012066844199909443,0.001962939667210631,0.0009889682173925274,0.0010962610118238209,0.0017294245603510922,0.002190217216560486
156858,0.0021151155230395013,0.00190989922124718,0.0018567510539281434,0.0014593064806975864,0.0019417723658158442,0.0019618471931166642,0.0018888140449604407,0.002643237923601896
156860,0.001672726459535312,0.003326885663199386,0.001005956425252974,0.002592098150443492,0.0018255218060654471,0.0021618097844689488,0.0015397526636440895,0.0027192312346491776
156862,0.0015548529803082745,0.0018165062732361653,0.001688175677080364,0.003701653763560353,0.0015969138974414876,0.002485718023420569,0.0017352762290789997,0.004426378262075481
156864,0.0013781546254230254,0.00248100453194601,0.0016624719029332269,0.0020234032203667596,0.0019643659518610163,0.001963058834589193,0.0026143192367413803,0.0022429734122391687
156866,0.002054936491278206,0.0028768036648508244,0.0018017330080428856,0.0013759057469914376,0.0010084810752323398,0.0038071917374173925,0.0010307378865176547,0.003983066002131663
156868,0.0012281787739727573,0.002712514771197272,0.0015298564961896965,0.0023505481119745625,0.0015590431669515598,0.0018610915581421944,0.0013466126855472688,0.003324096354972994
156870,0.0020019878510825345,0.0011317063099983843,0.0015146617354745567,0.0020192301513604627,0.0012920321877993857,0.0017545576119420425,0.001848037844390818,0.00205405979799457
156872,0.0016477821325711212,0.002841713358521361,0.001973406152093793,0.001619991696520398,0.002896144013249169,0.002102140973177638,0.001164107349856336,0.003924129454194514
156874,0.002074831339826666,0.0020416215810295513,0.001308790829809961,0.00199536036901643,0.0016370207792526653,0.0021290113473289157,0.0020941724623258495,0.0026595192814138913
156876,0.001145382150547436,0.0010264279206104732,0.00144492359894334,0.0013374968795632075,0.001173486047077399,0.001972826984123266,0.0014213367143452033,0.002302249426656078
156878,0.0011102754290571865,0.002181728692370266,0.0017049979303161017,0.002226102566240451,0.0027578487121024953,0.0015917740607268721,0.0016828493286774049,0.0036488847661795276
156880,0.001678086220101585,0.0016530657634492713,0.0018438923955260839,0.0023341797384981433,0.0016208932591439545,0.0019278539056980654,0.002269134058616784,0.005733084723998028
156882,0.0015835160252122282,0.0014781915809232299,0.0013307595688980545,0.0011134685981142312,0.001278673185384216,0.0021723411769559164,0.0025533522085326027,0.0020712931546609803
156884,0.0016301576103861515,0.0018601833337744816,0.0019900116533335677,0.0022962149890285583,0.0016243719918671573,0.0019476940752061744,0.0011253781536177954,0.002953922891333116
156886,0.0011897808794181786,0.0017086812159922277,0.0016121868645953136,0.0015613186280316743,0.0016477712447294929,0.003241059040819408,0.0012988510335321113,0.002489464899951402
156888,0.0023164669582690506,0.0042237299830594766,0.0016082810583095825,0.0019365924050924882,0.0019311243528342126,0.0017230257367606416,0.002202316175859212,0.0051835586079143625
156890,0.0017189516768490037,0.001153796028804957,0.0016782180729542212,0.0009644061794506255,0.0014493300595044278,0.001093905180005239,0.00121641048227894,0.0024627339825090133
156892,0.0022369203103542734,0.0009953205490922934,0.0010484525630444358,0.0010016995834642023,0.0011502139614663065,0.002273505478653251,0.0011208946683096688,0.0026129586558722995
156894,0.00420384156365472,0.0028553738369476722,0.003227291338974203,0.001669787192895511,0.002286721222905186,0.005699695972911423,0.0016256857016206383,0.006298106695235062
156896,0.003418453773338437,0.001495288493225111,0.0011532868917629863,0.0012408620546651289,0.0013721351102070067,0.0022508391896019497,0.0021388151471302685,0.0021803250498573234
156898,0.0013596786876135664,0.001941047516374042,0.0017949522835289944,0.001212499443164497,0.0013789753950641526,0.0011846421836653326,0.0009916056687825497,0.004352958590621514
156900,0.0034313850772954707,0.001891323401932557,0.0014987766101592914,0.0022437480063569742,0.0027502418282344815,0.0024371171830961935,0.0015349818595922354,0.0027125151592369973
156902,0.0015943543970853846,0.002576659007658147,0.0012129000460329303,0.002302312703171397,0.0020280912445456156,0.002179199748152519,0.0018846353772552504,0.002540612890963981
156904,0.001788781120060437,0.0017026867502656362,0.0017030009663599466,0.0013235065984287808,0.0021836003380561048,0.0023911361143419546,0.0018612680223478173,0.002961128717109185
156906,0.0019514960338282844,0.0011069569480942065,0.000872962267391867,0.0014212266070079554,0.0015243306843537724,0.0017401847227874884,0.0012920667355198617,0.0019894460048620055
156908,0.0012391071261532716,0.0013603359244702823,0.002208614320365135,0.0017024893808126884,0.001407805664194406,0.0019081605436949284,0.0024096205290957823,0.002509104016553146
156910,0.002358108787602467,0.0013883664285131575,0.0014152857429051147,0.0017220931085317748,0.001610821805408405,0.0016093694481761484,0.0020829051356137246,0.002831555605087646
156912,0.0014012444311318206,0.001778678351380139,0.00137044438328765,0.0021859660174519124,0.00198481317647671,0.0011851897437333836,0.0020608391078708183,0.002345801880454093
156914,0.0014881341748674282,0.0013165026806740698,0.003996242032766384,0.0016320328518740213,0.001292057897686938,0.002044953074062994,0.0015799101657779785,0.0038579042262321256
156916,0.0015439157340466636,0.001428158746853439,0.0016482028542208482,0.0018200534199799279,0.001809909510088803,0.001446767901061033,0.002321777550138515,0.0034817917784625424
156918,0.00183978707408472,0.0017224140575256564,0.0011397179819878783,0.0014702214476485786,0.0017337514246602709,0.002399974843578803,0.0015962375136374107,0.003197518664080301
156920,0.0014740740923131629,0.0014514581709414998,0.0012753464106066842,0.0016858676709881198,0.0011965303589569487,0.0025052237948151035,0.0013891885667650095,0.001521371146667727
156922,0.0022739655549488536,0.0011799171476418874,0.0011802823835351806,0.002820733011209567,0.0013690576512326441,0.002621719110822554,0.0025647938948783477,0.001981689261014774
156924,0.0011953737232592992,0.0015216873447008172,0.002391078186578577,0.0014375680404745683,0.0014654344786615425,0.0011777473744176842,0.002316594260932947,0.002361702134592872
156926,0.00278308629833314,0.002008953574184069,0.0012955115041988347,0.002693152119918274,0.0015993982761697417,0.002489538505663927,0.002682712206282814,0.0036880219348667254
156928,0.0022957673038076637,0.0018605940319889186,0.0012999750150680806,0.0019960743175856527,0.0028171205940458327,0.002335326719904496,0.001737393261530551,0.002893418132328185
156930,0.002342149981145472,0.0018290321742226029,0.0019252883847409308,0.0018419992032490118,0.0013346248365371377,0.0014579161652195638,0.0014118595558466757,0.002239565729023188
156932,0.0018821815335082898,0.002225779170157205,0.0018647475850546713,0.0036471814887768655,0.0026937479840151296,0.0024490677313055015,0.00240570438696365,0.004117063547417976
156934,0.001503333992403988,0.00238680003122127,0.0020290446027860926,0.0018698377057404514,0.002632356283509607,0.0016040571030680045,0.001830111568338566,0.0026447239928729105
156936,0.001427718976496642,0.0018918736294221278,0.0016072653209653481,0.0017274978771764232,0.0022276580076765473,0.001969950276375698,0.0019772032948981583,0.004374890354888417
156938,0.0024777168356378138,0.0017265662063459808,0.0012446907838095655,0.0024352552962684376,0.0018748886305847284,0.0016752712387193558,0.0026322236398621662,0.003171850973766724
156940,0.001960771188973587,0.0029223753537630515,0.0033028108954180763,0.002283191096034365,0.0026563149974103695,0.002432834400351039,0.002480331011091297,0.004392082396125707
156942,0.0019165888284267268,0.0014359241317136867,0.002744257947397133,0.0016962483336402934,0.0016739358115138714,0.0020701190634510175,0.0025877471796192375,0.0023512930115965475
156944,0.0013258337917818608,0.0012711575768498268,0.0015889017825481688,0.0013992546353552987,0.0013420056042102169,0.0017226227831780433,0.0015794532450750243,0.0021003076508718937
156946,0.002118260208646916,0.0011685362725444293,0.0015532742680934991,0.0014286118205433795,0.0025316603419068967,0.0026895450895383366,0.0025575200698818717,0.0018732420680916406
156948,0.0016110377118583458,0.0018951345095152977,0.0014597362865199082,0.0020947701980905814,0.001984889189774519,0.001692814818298874,0.002237527155625474,0.003901225734333616
156950,0.0017140661473400431,0.002544270866323972,0.00213436631510433,0.001514603742713963,0.001899177055947554,0.0027960572591998606,0.002423266649833389,0.004449827843242327
156952,0.0012308735841216056,0.0013990403225092596,0.0011240121351178273,0.0016358667255522708,0.0008358605753215655,0.002305864731283816,0.0016906056535331282,0.00203336789215669
156954,0.0025622913271396985,0.0013948139983181035,0.0012189128672118882,0.0017365654192840752,0.0007753650259801105,0.0017041418574601508,0.002154834084508797,0.0018680729245577204
156956,0.00227756712578199,0.0014087906955667778,0.002195154242104827,0.0014870985073316967,0.0014227356171825911,0.0017675283728657704,0.0021729423247314333,0.003152226440193362
156958,0.0025247414079467845,0.0015419794851547763,0.0014345049311196428,0.0025241510643288084,0.0015249849675456062,0.0015821353035688213,0.002132478047815592,0.0035976170908116334
156960,0.0019323294187212903,0.000999272702564405,0.0017294623613374333,0.0021467106482601223,0.0025313626955486696,0.0014926390907499254,0.00129740172144234,0.0046963303670333745
156962,0.002897896871101327,0.0028605813211526887,0.0021033306013285152,0.002302790701325108,0.0026514887902418516,0.002942432602212955,0.00266911177363717,0.0036580577914191587
156964,0.0020845076932396595,0.0024124243238561466,0.0036247453616934516,0.0037639983797854715,0.002839370121015039,0.002152582795492075,0.0024840329795695754,0.0032661594125950183
156966,0.0018576327502673046,0.0009923931999906849,0.0009572218193868581,0.0013744731628811402,0.0012060178084374318,0.002683824105466359,0.0017865004167842008,0.0027402818044758442
156968,0.0021931803001706968,0.0018669408628896461,0.002442255308260366,0.0027226166839334903,0.0023553757972678696,0.0022147622671098294,0.00218283758994553,0.0036962097916464765
156970,0.0012411526073619061,0.0010782653716901458,0.0013276517899346724,0.00186377799773485,0.0015166181914170185,0.0012118623511029464,0.0014631946811727303,0.0021683713853502123
156972,0.002093504585853348,0.001983327392295564,0.002293941314610373,0.0017302692940164427,0.00219402965644723,0.002177271931276384,0.0018202301529266496,0.0041786639007202475
156974,0.0015331979620736846,0.002083106101720189,0.0023184945343510677,0.0018560384007067082,0.0029012243876753857,0.00258443568948602,0.003491757934533324,0.005118384949263977
156976,0.0025054736561248014,0.0015401108235281319,0.001355909516306042,0.003138130527312058,0.0017283492643793696,0.0024408158522462586,0.002786145893679884,0.0032049122023260074
156978,0.0015603608016074993,0.0010269581441192527,0.0014584018182206698,0.0011330674642842098,0.003453844264506359,0.0021331331856755537,0.0013480402542754982,0.0019591945068620498
156980,0.002109347778434467,0.001707151212635205,0.002031641382551408,0.0016206257034138277,0.0018650213927471487,0.002633316616152348,0.002737468916897204,0.003301404455760215
156982,0.0015756656900790672,0.001559684554228738,0.0015132096410775397,0.0015459800421668973,0.0020967505298281758,0.0014557790588633074,0.002114796865826385,0.003732721844278919
156984,0.0022229585359998666,0.0023075222315428606,0.0016922137360820266,0.001435307590841331,0.0013129823122657452,0.0015322187624988853,0.0017974992825054437,0.0013633760600498257
156986,0.0019893689074193532,0.0018938794937439912,0.0013252581757342008,0.001752485662552386,0.0022754349132520085,0.0015726002732931038,0.0025633342295972167,0.0025874526969765915
156988,0.002162487082214684,0.001259365764355938,0.0018133721631859029,0.002044524192456057,0.0017190968642660925,0.0012745118696531055,0.0019493049398102702,0.0039997319230045125
156990,0.001676673400199405,0.0018423496855144439,0.001049394125746797,0.002673062541185281,0.003136199633914316,0.0018380972258348477,0.0027229129283354997,0.0028809795906035163
156992,0.0021191391773724005,0.001991096314688093,0.0020043597830279314,0.0026300761954181073,0.002923666779999279,0.002148353792384372,0.0019371714768580267,0.0024279749270322976
156994,0.0017666445280446613,0.0024387542304646903,0.0020975018407659723,0.0016549820164552115,0.00227206053789121,0.0029144626435308046,0.002081908949356351,0.00490406472901489
156996,0.0015038592225718461,0.0026185983071516095,0.001112267112579668,0.0009553832052009575,0.0021571349957751895,0.0014999057849345854,0.00166464559184544,0.003590723144806296
156998,0.0017871161262839053,0.001569306434482401,0.001678823991185574,0.001780148278815119,0.0018397816412999562,0.0021700432743344683,0.0025803632692236733,0.004209968201116576
157000,0.0012520050012735512,0.0009603091520254438,0.00122027316234187,0.001291206126038516,0.0009762201525474225,0.0015162790206014881,0.0017012018413492674,0.0016238960758559046
157002,0.001664466245998933,0.003973972487977484,0.0027573142646720172,0.0028438656518609134,0.0024617102731223778,0.0026585415050096733,0.0026955924482746085,0.0056207264884103325
157004,0.0014484545823917477,0.0014930536247570458,0.001559255280897398,0.001304505403174408,0.003379586298453266,0.0018712578012680808,0.0014274098826810994,0.003428496886948018
157006,0.0016664703007900905,0.0024490610944444408,0.001337944058545093,0.002206447093953623,0.002380417607448282,0.0014963408421773128,0.002216668371298136,0.005107846925664683
157008,0.001462197074741392,0.001225423016403951,0.00306189215557634,0.0027003223258257325,0.0014502710597015384,0.0019013050398406506,0.0012815630960533314,0.0035157780260047927
157010,0.0014716387672702447,0.001421160881701758,0.0012641443458311225,0.0024529344931387698,0.0019593089434000316,0.0017623240147843777,0.0020872792721329247,0.0020606280577374486
157012,0.004170595767383267,0.0024052158239307175,0.0023154203402599993,0.0030691891978743696,0.0017768732806595772,0.004645865491919088,0.00727669987374302,0.00478601731658973
157014,0.0014031100497750165,0.0012164208764799955,0.0016305917207520976,0.0018976107355994781,0.0022758557310566113,0.0017150505959596801,0.003264209099885562,0.003707647485621371
157016,0.003905387177285516,0.0018732939858524672,0.0012398562754478704,0.002743565592444819,0.001315814229496129,0.0021179135411243527,0.0027469681039358207,0.004081369807473756
157018,0.0014683945136179238,0.002542176140224797,0.0021038978601445463,0.0019471696519541976,0.0015279002541808279,0.001870484689448837,0.002147629336598733,0.0029215493289686117
157020,0.002158494462767502,0.002453938660437874,0.0016568547982026005,0.0016105281719354242,0.0015355271868172787,0.0017765231164013628,0.002046962644603259,0.0024916508583184283
157022,0.00163975065387513,0.0015353908459312393,0.0015144874705735334,0.0017869554961871814,0.00218912736174226,0.0017279453790399746,0.002974916873549907,0.0024181635703736243
157024,0.0022637961368826703,0.002556267772466439,0.001062374117172929,0.0015639837782410737,0.0024508644389914652,0.002069417412173938,0.00256317127388829,0.00456604635566743
157026,0.001725451875518369,0.001417519437233672,0.00157671251688285,0.0025007228330649195,0.0015015180620858715,0.0017928805879759008,0.0024125425258516575,0.003756203314750961
157028,0.0010698561801271295,0.001494025702343471,0.0012035977158491584,0.002476787164083172,0.001224212610629341,0.0014406406381121256,0.001617334956282912,0.0026010648796431918
157030,0.0015297480908409988,0.001070844361837478,0.000818348600703598,0.0011177324591007953,0.0014942442905927639,0.001749557196917273,0.001749102231057842,0.0024507364497199924
157032,0.0020740440614952504,0.0011926488638791671,0.001319155453502141,0.0019904387678732066,0.0012072808000243018,0.0027029227755266533,0.0015995830211551626,0.0022174380594430776
157034,0.0018979187546064313,0.0010941020802597429,0.0016650736291097396,0.001069035561074641,0.0009328429602641908,0.001430012044090781,0.0012410859373406802,0.0028497494826363323
157036,0.002973437444270255,0.0022418863829405528,0.0021343353362373585,0.0021324790799914783,0.002481068363458641,0.002379711359371331,0.002394440979642823,0.0024489032872861
157038,0.0015088485645131655,0.0010622276867879865,0.0009895962540751868,0.0018966634660708692,0.0026320153158079784,0.0016350342150968228,0.00157000867682755,0.0020302402244962853
157040,0.001599338981250753,0.0014473823629230914,0.0015577993106155597,0.002300304008953216,0.0021502328359540024,0.0014620876750307682,0.0021977172232349323,0.0020933559560660925
157042,0.0018439211895332625,0.0026798858322070324,0.0017835864490509667,0.001575094060601856,0.00138529854148417,0.0015067782600211022,0.0016178299883984337,0.003400623315798615
157044,0.0012173747333826257,0.0012632840841732135,0.0008038422309306625,0.0011119833644102073,0.0010724865704206388,0.0010444846513133488,0.0012470734145356155,0.0029459396542697025
157046,0.0011730284670824626,0.0017878248746563963,0.0018370582701168758,0.002509530236721194,0.0018826735321476745,0.0014157636827373393,0.002414631116538557,0.003205784949074142
157048,0.0011512405968528427,0.001353816483007364,0.0027485135150989853,0.0025789196112045026,0.0037205724251321848,0.0014151060808227506,0.0018857828201052224,0.0041288475820234205
157050,0.001287826980981413,0.0013339294856005157,0.0017805535034474268,0.0016500064255775687,0.001087563848502629,0.0015070492629015858,0.0018794896104736836,0.0019000590243420934
157052,0.0008508954740187903,0.001351580984816414,0.0011631385163824448,0.0009963049724466405,0.001480879170681973,0.0013292966321130084,0.0011002726064968105,0.0016515887280841302
157054,0.001917963262434208,0.0018312314534563306,0.0017760938589661684,0.0019348324405089046,0.001802963760502374,0.0017740217810438552,0.0019822189754773595,0.0030935661403788117
157056,0.0013516943867877274,0.002902333315180583,0.0016932565790774845,0.0022198897431474074,0.001612327770178723,0.00222187917771155,0.0021585231933958365,0.004134248636916915
157058,0.002116927871118668,0.0013522011928528976,0.0012385674383313394,0.0011396460457042817,0.001245764789467932,0.001403540431337405,0.0014566843294511328,0.002146169746357396
157060,0.003657732897921484,0.0033841686717922675,0.0015952205283687043,0.002219781624339723,0.0021865822863623846,0.002606768528189987,0.0017704260637745883,0.005617840111229511
157062,0.0014585733951142377,0.0024176634861539648,0.0016072432173084433,0.001979712330007155,0.001834718582057207,0.0023367437352146553,0.002963903337216911,0.00416014095532824
157064,0.0036124990344661573,0.001768231346993679,0.0013404331115590834,0.004295333493055331,0.0025504514776324982,0.001965408259472237,0.0025197677621078274,0.0042033275890753785
157066,0.0023203665161817405,0.0020604183711932095,0.0014265728512825732,0.0012722623385959114,0.001846615703104959,0.0023719488205564687,0.002387732319267602,0.0032317582969207947
157068,0.0019520286104497547,0.002164486681863323,0.0017724464806967571,0.0020042863998250837,0.001590648550764906,0.0019708696948159687,0.0023419239051101215,0.00522539862372029
157070,0.001255445610952713,0.0015229446149030018,0.0029277911018263936,0.006287131362406662,0.005443586278682189,0.0030734801414101925,0.0021032021244134086,0.0028203859889421867
157072,0.0009337938309842177,0.001214814719960336,0.0012197568477863158,0.001036185468503828,0.00080668771403156,0.0009228100322791789,0.0007827196677302611,0.0008855338415681008
157074,0.002141944981715105,0.0018705391468687577,0.0025157806418719814,0.0013206840105339929,0.0017585045930217924,0.0024989407141773473,0.0033094511050363457,0.0020819677619257626
157076,0.0016521637757367508,0.0009345606844019111,0.001356417386296896,0.0022919612447939303,0.0019395614730460947,0.0023181357971999716,0.001380181957589599,0.0014930403818085858
157078,0.0009412973073393872,0.0013286906620947475,0.0013016770864343746,0.0010989352528518875,0.0007907371188765056,0.0024098706971310696,0.0023815555305759517,0.002147835127630282
157080,0.00103106131256471,0.000895126853720285,0.0008870884043028805,0.0008481406048150043,0.0010253013222172452,0.0012826915817382295,0.0009494341493274661,0.0023999445486327375
157082,0.0013835758877994153,0.0007800079513683479,0.001946164403460529,0.001487736704880796,0.001176291406230781,0.0014957529564905148,0.001011628955276414,0.0016647212847714088
157084,0.001401453055401236,0.0010773062953351037,0.0009013722088058208,0.0010756276556472266,0.0013357217091434226,0.001438482326054924,0.0013267815789811538,0.0017863653213225916
157086,0.0009961666959007603,0.0008785752216483901,0.0011775819478652139,0.0015714074304565978,0.0010336074307388948,0.0008984172588436014,0.00119372180515942,0.002646901556691006
157088,0.001630667838919353,0.0017433224677212422,0.0022031816374834534,0.0018137322863118754,0.0018633884966618025,0.004583752867604096,0.0038308399760048767,0.002233473920183693
157090,0.0015884622709677054,0.0010959218427820105,0.001438491933812236,0.0016612506051633252,0.0011298412864790969,0.0014574641566962449,0.0012958421793349828,0.0033955678536530393
157092,0.0017298366753676492,0.0010230726206474916,0.0037701791299618037,0.004258855999382194,0.0015048827892636396,0.002605901666985544,0.002604853942550625,0.004577256098051097
157094,0.0010973185692780968,0.0013189757769538346,0.0021194437552999462,0.0025255834314803632,0.001437688101574866,0.0021363907549067918,0.002525478966509065,0.004806681874214791
157096,0.0016270774793497034,0.0014496500277163538,0.0014835072155107293,0.0014108269963287179,0.0015585177984274307,0.0026096078512373305,0.002040539060351121,0.0028069856132313525
157098,0.0016526371522954109,0.0020581236775965572,0.0019839568826924975,0.0027367150558865877,0.0018545384239399137,0.0015341716378711873,0.0021567228794708987,0.0035689894948518486
157100,0.002748541248204228,0.0035795173106013684,0.002184442614074966,0.0030169154611634497,0.0023082602826696302,0.003998321273704308,0.00431716678459626,0.004688701219000502
157102,0.0014164388225984675,0.0008311761610200197,0.0016301928063709031,0.0022000566367558344,0.0017304980211466786,0.0017678137434598562,0.0023965388645317276,0.0019012066040522552
157104,0.0018657402738026102,0.0024301469482340132,0.0013672798345867876,0.0023865958331166365,0.002490866569341957,0.0030288629846424997,0.001815780749874707,0.004788758813507821
157106,0.0017872688890533533,0.0026113170602649755,0.0017979826140077648,0.0028431505138620944,0.002291845321257535,0.003621767029678369,0.003945469085719688,0.005085394310299307
157108,0.0020538565237271517,0.0013767385634402274,0.0010898186404234705,0.0021710898339777907,0.001468570674583669,0.0027601615960626824,0.0019623801900703897,0.0033811600560353927
157110,0.0011315596881181222,0.0011272077227181404,0.0016370946356630278,0.0014432585056676217,0.0018479939647022547,0.002259934156313703,0.0015803168008119428,0.002218031378805621
157112,0.0023890365901908656,0.0022241481356905096,0.0017458254216101837,0.003532777694715064,0.002230248333234819,0.002257519924469875,0.0025891246864029327,0.0032394351211429417
157114,0.0013266019265407852,0.0009828321827644176,0.0011233582791582292,0.0014693730972261676,0.0011430773656950916,0.00110703751315612,0.0013926627780375261,0.002182710536228885
157116,0.002161257977837186,0.0016042570378550641,0.0029925369148566805,0.0027900087607060087,0.0026003042065976395,0.003717981095088266,0.003272847941800508,0.007783328468457862
157118,0.0018081418816429107,0.001382661769983154,0.001774185280879484,0.0011604164056562422,0.0018529713812359128,0.001881302431938972,0.0016844601405472531,0.003005907305517974
157120,0.001303351759243801,0.0009674054177538083,0.001111678785386483,0.001233247930880324,0.0013487677299322542,0.0018609109240320804,0.0016213009341505824,0.002154432216982652
157122,0.002364046812136991,0.002269619958606542,0.0015213917799122983,0.0017411113553805202,0.0018026992919937257,0.00300133317908019,0.002180976361757736,0.002186090379026742
157124,0.0017033616434600912,0.0028021864539123365,0.001957801749059629,0.0032958864868876253,0.0018386492406047422,0.0023359035571159925,0.0018399008448319876,0.005316347723024251
157126,0.0011594574816522485,0.001367109031015501,0.0010382677840265059,0.0020179310088331986,0.0016679886629307333,0.0018110317588027613,0.0014038324138561237,0.002506928693092339
157128,0.0020124779053182357,0.0017656234645804236,0.0016698008933219294,0.0016824880794710229,0.003653778105244268,0.0026685675207189924,0.002490945773577169,0.005417835462691534
157130,0.0021033114662201285,0.0018134663945939544,0.002080427010903288,0.001869981720816774,0.00168164042694402,0.0013153723857622368,0.002439450786013722,0.004514494954296566
157132,0.0011996897975822401,0.0016603609593124485,0.002610779493681395,0.0015655655637854121,0.002022189176132963,0.0017216726425852702,0.0022695812692652972,0.0029689120511346007
157134,0.0017952723748409505,0.0016762289274687703,0.002018866242186737,0.0032368238773606978,0.002372683312267476,0.0019222900860014352,0.002101115949069643,0.005087947069931653
157136,0.0019694873411078007,0.0014709740279228445,0.0014965077190121218,0.0013797626449697648,0.0018969441499245981,0.0024380551991818322,0.001595088109010101,0.0028299814693460434
157138,0.0010607425839719853,0.0013746720499079879,0.0010992059685672878,0.0014863909319273866,0.001793098272759433,0.0019101323638379686,0.0015868541176784628,0.0032279224533565826
157140,0.0016171536832050443,0.002089174328535892,0.0016671261143375582,0.002783094945552414,0.0018941816972678632,0.0023127627285951663,0.0023039206473507434,0.0037589020273621904
157142,0.001487651642279611,0.0015097484731235872,0.0016085502824850217,0.0018563748073441438,0.002284550185427406,0.002215243012020418,0.003856860286203037,0.003916126391525276
157144,0.0016362377023510094,0.001407599083384073,0.0023017260881408874,0.0020482791902712294,0.001701941602183732,0.0020794392318071453,0.0023234903194473966,0.0030667518970006885
157146,0.0015464282866634177,0.0010839507846319152,0.0028107001525592423,0.0015236340809290372,0.0027050288365832037,0.002832242717147937,0.001436711091108711,0.0020447374484656167
157148,0.0016856740318695884,0.0013287677926932112,0.0024568789036184674,0.0008889215363199754,0.00238909704242464,0.0018717548170023163,0.002043864281055241,0.002390240316288761
157150,0.001019921724678463,0.0023620848670200534,0.0021728718218719245,0.0016474978507213939,0.0017683272179308679,0.0026332091817067443,0.0018867063332570627,0.003264089911710677
157152,0.001926279071819137,0.0015018287255144092,0.0010776775474175132,0.001754348832789035,0.0016004547442207695,0.0018261270099915183,0.0024337635056122103,0.005706645985253056
157154,0.002495013282427516,0.0016762109301574762,0.0015426027216763338,0.0014925417987466383,0.0021547483127344474,0.0014887993301402336,0.001912085002945943,0.003997049358431204
157156,0.0016714791638028914,0.0028835503732452944,0.0016666290712683551,0.0015953883666443153,0.0020092661589501404,0.0018281474169532519,0.0017115789829330041,0.003836026378905899
157158,0.0017105557800572435,0.0015026401821054969,0.0016837584301043762,0.0018552722905989527,0.001268212830214513,0.002072298329898692,0.0012035850502502138,0.0016668976600031776
157160,0.0013110880588800833,0.0028832039087512,0.0008954924658519658,0.0014837525841305266,0.0023734509485601324,0.002381411911866041,0.002099547985528416,0.0030756556610557345
157162,0.003459646676080577,0.0022844365861019456,0.001663621322703715,0.004342278491312135,0.0030469161379622633,0.003495893227668745,0.002426829269686126,0.0022648739266112466
157164,0.001972854782243738,0.003765739232292953,0.0029276689504798142,0.0031274348424405046,0.002064258339372016,0.0024213297716407234,0.0027223072384881114,0.004773974969005446
157166,0.0022835667012100075,0.0023381961265578483,0.003014589823582492,0.002117154126379861,0.00287136064506012,0.0022554268410713285,0.002804362395204818,0.0025376270773591614
157168,0.0017799112642170045,0.0009529910490746613,0.0014251990648441737,0.001817912645250011,0.0021340190204530846,0.0023090543025784532,0.0017167119343480253,0.0019549330560687667
157170,0.0027820581611211065,0.002036658014133011,0.0021336232284983186,0.00236396530475802,0.0011662037169014733,0.0015536131463354114,0.0030134056642433654,0.003155999056239145
157172,0.002906714505505739,0.0031762235638590486,0.0017480781511737403,0.0018940124343841541,0.0019441980493845185,0.0022237201804316126,0.003325981115169921,0.005120540774046001
157174,0.0012864586580652593,0.0017356725893536429,0.0028099599708189538,0.003197511501898523,0.0014462924062108723,0.002433338991287892,0.0018806881523474872,0.003445252985265823
157176,0.001767125572795361,0.002186707710683314,0.0022180005003820252,0.0017238834456396873,0.0013677724697980786,0.0011151008627891118,0.00235872570187845,0.0033840039714772147
157178,0.0012740855265345324,0.0019186279826888392,0.0016722886039183399,0.002023486672061439,0.0011784710923393865,0.0017820682382808095,0.002713072412919862,0.002450440648687824
157180,0.0017773079720058288,0.001152162734746956,0.0017663169790610583,0.0023067155929125255,0.0020595871705020447,0.0016857581549229034,0.001926771240482253,0.003610396871459365
157182,0.003402908627787804,0.0028085438648874916,0.00120539716618219,0.0038354971063853244,0.0066659833982074534,0.006632273646818787,0.0033757134615802903,0.006871475335815058
157184,0.002192039127599854,0.0016431411280405511,0.004214941216336199,0.0021986485072933576,0.003256822272346707,0.0031894439800908003,0.002801937592049178,0.003245319893033352
157186,0.0015532569434226762,0.0014015141395099656,0.002116516528891721,0.0023945350420646744,0.0009913250866109419,0.0015397833614306938,0.0022227516357633537,0.0033643580547474544
157188,0.0031669425902994958,0.0014716153302254398,0.0023011216775975646,0.0026214970883235017,0.0026586920977570566,0.002157354738023823,0.004930596376894414,0.004256258985588568
157190,0.001621180936183464,0.0007684337500313831,0.0009470938245896877,0.0014680513584165583,0.0009938205162823288,0.0020303926395398714,0.0016504685962468457,0.0014385416685983032
157192,0.001575110619541853,0.0022815199386450186,0.002579101985545465,0.002611205506841685,0.0019200135945368069,0.0035605174983212168,0.0027477058009706262,0.0036740878274519467
157194,0.0014180524640396985,0.0014926151992246256,0.001649181822083401,0.001682368894078634,0.0020721097561793855,0.001900372113902371,0.0021207854620258204,0.003678918494804728
157196,0.001582068328098707,0.0016825079441135232,0.0017015472684396432,0.001433150176247247,0.001391127287964769,0.0023765009425841394,0.0018132227305183712,0.002377703323371852
157198,0.00160070840807304,0.0015301184916395455,0.0022380590058163202,0.0012548107929442054,0.0016204217519969616,0.002682293904696445,0.001968909740324501,0.0021789535075722594
157200,0.0014342605652573198,0.0025356648980962154,0.002134714670729787,0.002407248967054701,0.002076378165837403,0.0022927588781940372,0.0016492105662607864,0.004026425516458154
157202,0.0018323350968199592,0.001493881137609121,0.001915108918700295,0.0022533828283377577,0.0016395814030956135,0.0017802793666095301,0.002358831001466624,0.0036173970503762393
157204,0.0025139838254273905,0.0018127633667398002,0.0014018112113448056,0.001725665427728451,0.0025577955109615247,0.0030943237100802268,0.002223836124834025,0.0032819335523442406
157206,0.0029008692385446566,0.0011344989495190583,0.0036254554805617567,0.0017826334807602567,0.002850877967615642,0.001435224322804629,0.0028071683804364866,0.006094993507841873
157208,0.00403302998344679,0.0015285223869388048,0.0013268806372659925,0.002073625371728449,0.0023735271745423253,0.0017730519206454881,0.003135915495964939,0.003622260269172062
157210,0.0019742902917691124,0.0020676089207471993,0.0017382296880570497,0.0015636455384913095,0.0015066122574861063,0.0017268897391854582,0.0013834423118821437,0.004511029434432823
157212,0.0015358988705502785,0.001331711561794402,0.001611101110959981,0.0017636810969015593,0.002512006911109879,0.002302697028369105,0.001864771715359717,0.0026941582830720123
157214,0.001429814827689238,0.0014890066107032945,0.0018714685897650712,0.0014017559787058431,0.0014274459137525591,0.0022404487055295436,0.0024902616095228702,0.0016840124966100017
157216,0.0023123818636162086,0.0012905318164089241,0.001217706461677237,0.0012640020964065912,0.0050447653344881105,0.0019155836798191578,0.0014284518708485572,0.0021851729037503237
157218,0.0018015546454858283,0.002062982013634543,0.002135128121750887,0.002057487259391602,0.0021656379969394735,0.002584241006534427,0.0023008136053065537,0.0030637093129222276
157220,0.0015709854060332873,0.0027523853938849485,0.0019779613720756345,0.0023813679181403646,0.0013696184362480684,0.0019691385222604524,0.0037298974031649834,0.004251919433973017
157222,0.0022305424957471676,0.0016329221025481733,0.0028121563120500626,0.0028794913248835763,0.002437623689366744,0.0017205326962346223,0.00286108901974913,0.002688685046927708
157224,0.003152959781239098,0.0020979208864275872,0.002088415998498086,0.0026151615878423767,0.002239215971762701,0.002404242134632431,0.002574818271360871,0.005848503402026195
157226,0.0018816731162752398,0.002164323768292911,0.0018863759264411417,0.0027506325710337093,0.004381457944875544,0.0021431810000498985,0.0017289105699100915,0.0029454362083378843
157228,0.0016136788017201559,0.0013730661720973286,0.0018224203187033883,0.0010136179070153184,0.0015622667357356873,0.001063521625837574,0.0012141492411111288,0.0029051902908206473
157230,0.0010827930397017266,0.0014548479246545704,0.001365184647281803,0.0016656133141532692,0.0015159741183987663,0.0015056372495503845,0.001577417301888373,0.0029370093797220775
157232,0.0016452516774456832,0.0016873119025735545,0.001560817012942875,0.0015047189142691902,0.0012202434921155941,0.0013082410234128844,0.0021296064700335737,0.0022149758081901894
157234,0.0022500817500471643,0.0016715211999029922,0.001631947371341591,0.0026939931542469125,0.0029520762528746497,0.0016966356082059875,0.002260802008541285,0.0034451042976125223
157236,0.0022433894532304516,0.0029092822748220115,0.0052643412710153825,0.0036783414306929135,0.002541151447784787,0.002919584012556209,0.0029507437605578307,0.0051917325614248555
157238,0.0013992585371717242,0.0020231441624146834,0.0021598470865513836,0.0022234254141833554,0.0019430530011219777,0.0010497742970381196,0.00163834864009961,0.0034500853301375756
157240,0.0016832506602720981,0.0020313166522906295,0.0015807750313071717,0.002701813897609817,0.0017071672203918808,0.0024149891886260377,0.0032843601028310077,0.004418710212885424
157242,0.0019293030593919291,0.0016819970016747204,0.0012982069440809069,0.0018878391913005471,0.002291227944058463,0.002050268128113833,0.00234336095365785,0.004288358490441235
157244,0.0021741698829132045,0.002636095379587866,0.002020919896100759,0.0018727600089557678,0.0032545087774916853,0.0028717998257935667,0.0025384521021521445,0.006034605932026038
157246,0.00250647807510386,0.0013141696497288025,0.0012923482229185712,0.0012725461788102438,0.0014132767558558967,0.0020950740428583026,0.0011812788152534281,0.0024741689277353457
157248,0.0018603751801151702,0.0016007593817307098,0.0028810871668884103,0.0014904789764703802,0.00252755032217368,0.001975500139415179,0.0016314206921066443,0.0026143809512114147
157250,0.0026309753478498538,0.0017929275941510614,0.0016347157899332387,0.0022724124956461367,0.001959742645336826,0.003813607978792391,0.0021140027257727234,0.003634932324783083
157252,0.0022870233620011504,0.001839648380797032,0.0015653388716963534,0.0021010776990931235,0.0019180089439894132,0.0014869439352784841,0.0020140956074163885,0.0033417567493643774
157254,0.0013753395315219685,0.0015876974282425516,0.0012813353249181564,0.0016905299870813156,0.002149669036637436,0.0018467392901505009,0.0022707072994246347,0.0022258325991943995
157256,0.002130880539035332,0.001984386002181149,0.0008792746536423479,0.0014509140771296197,0.0014256910535877104,0.0014093715865195477,0.002302335583029405,0.004946567957930803
157258,0.0022780002312264985,0.0022291228833293403,0.002338413735946246,0.0025063329757802344,0.0011651778051471329,0.0017102750691447982,0.0022129351411687287,0.002463024238586034
157260,0.0020709974815114607,0.0018818424733196282,0.0014890091982078801,0.0017301118591933756,0.001431305557177423,0.002087206428703914,0.0013778357336811098,0.0024780272594393526
157262,0.0012612048279712074,0.001128558660934198,0.0015319536711209114,0.0018532087207772663,0.002010664405036666,0.002054880425940167,0.0017852907228545073,0.0022014652169938392
157264,0.001395009342545897,0.0020725951134703685,0.0014627025317410919,0.0013782207316239692,0.001102162048773947,0.0018725117485207804,0.0024800760989525245,0.0027315110265009462
157266,0.0012274284629437832,0.0014100846490731206,0.0023122217162141606,0.0012481279161492692,0.001512367519410418,0.0015746245326051511,0.0012592108290776644,0.0023461035670552383
157268,0.0017981747010367144,0.0016339242295979606,0.002901770998639877,0.0024604557892438234,0.002260940526088176,0.003004026926967107,0.003385036448579362,0.004378954955441827
157270,0.0024553760732100166,0.00224291377932985,0.0016048494551013648,0.002273377234020879,0.0019292578980447672,0.003247457737466944,0.003260506344192074,0.004381939295108106
157272,0.0011056363471113745,0.0019435975631971886,0.0011597071342015486,0.0015443718774946213,0.0015852257170467926,0.0018217343194211338,0.0020938352719673953,0.002908357249032323
157274,0.0013830374665986384,0.0015762211542030974,0.0012926932274004432,0.0011040786110800976,0.0012482853269549926,0.0027057841343811617,0.0022718030684034662,0.0031028336691453356
157276,0.002277667042185405,0.0021853655088230894,0.003071228591336808,0.002114385730700441,0.0027052733570634424,0.0020586364663378737,0.002109581156802598,0.00409025746916486
157278,0.0026648989189235195,0.0017634098264164427,0.0014414141795163204,0.0014647922434465332,0.0013224426608184903,0.002657699877657349,0.0018965414643048462,0.0029448535587688895
157280,0.0015609630146535963,0.001619265170413664,0.0010359250262777092,0.0013878676000445012,0.001281111040807803,0.002241434149119495,0.0024063194549450717,0.0025835149871259594
157282,0.00309220871468896,0.001749799661792173,0.001487137582580067,0.0024417394850856505,0.0018612863442474398,0.003012914889189436,0.004339726839489799,0.0017452732045845215
157284,0.0020860169460571593,0.0016880624126941607,0.0011302893630438238,0.0020595878467566525,0.0017730145874195191,0.0018323319075419509,0.0013063442701404804,0.0029564502515742053
157286,0.0028222364933050414,0.0019163272426404726,0.001726234964892548,0.004913811812541857,0.0022308662376782085,0.0019067317165666342,0.002085430667793986,0.005526156561243889
157288,0.0021949465455320394,0.0023664520931688943,0.0016495361493769206,0.0022864597176797674,0.0015267760181259526,0.005657999642283196,0.0035803794648421455,0.004891640184674861
157290,0.003035603745571658,0.0035221866769619276,0.001958089887953207,0.0041822691579889715,0.0025203602112535695,0.0026528674232532273,0.004171427252631921,0.0038112847961045
157292,0.0013583649649229756,0.0019433019530857992,0.0009996912696055293,0.0018416410806330052,0.0017913533803985,0.0018338493604714984,0.0025199614972840068,0.0019716192787445075
157294,0.002035290083989061,0.0013549527512282111,0.0011210388513976377,0.002963825458191016,0.001977833469495996,0.002031091001872279,0.0025703024082829456,0.005193696514199653
157296,0.001961228809371232,0.0018435360083175617,0.0020386143908806553,0.0019446386181943276,0.0025500552815711647,0.001848381212932862,0.002431131378946516,0.0022272082661402154
157298,0.0022409787865884656,0.0019139327037732828,0.0010828278537622499,0.0028006824082105197,0.0017403534939151033,0.0016249945411983685,0.0012767809584594142,0.002669748473710723
157300,0.002585752832691815,0.002267284991113297,0.0019771178215351043,0.002120639297964466,0.002401484723055583,0.0021082867882746964,0.0019599454957947154,0.0030521126121057507
157302,0.0015405128893375974,0.0010792777442608786,0.001089098338082073,0.0010163274316889043,0.0012384969047325584,0.0015410872765269645,0.0014747535515780563,0.0022884769727134074
157304,0.0016128492641405284,0.001539138479872984,0.0012152785597958765,0.0034099131771094804,0.0017691199759073545,0.0019227360064780208,0.00175515624345568,0.0016533826382314626
157306,0.0016863158673686152,0.0014943139887586693,0.001148728148532785,0.004912330751784266,0.001771893205288269,0.0012263543040442887,0.0013161172123257736,0.006289424929864451
157308,0.0011290808367064309,0.001173074910062591,0.0011870488005150254,0.0022584609602596672,0.0018398388457301906,0.0023305714300667635,0.002706767845941871,0.0023538587966559638
157310,0.0010629140298049067,0.0014222447006526778,0.0018862707589417799,0.0026835265215324894,0.0018205623450824465,0.0016376005214910894,0.0013494858223231376,0.00283949915063432
157312,0.0016990179194431576,0.0019078214294798862,0.0013652377782034236,0.0022188241155532418,0.002272880275834846,0.0020204704340454627,0.0017776214601725876,0.0039253383670301845
157314,0.0010947131013319122,0.0014034904679647298,0.0011618246788649977,0.0019037310035325966,0.0019381179831740175,0.002607373020004078,0.0021487029422010556,0.0024020733249797838
157316,0.001067718307670662,0.0018142171605228796,0.0014135568636817197,0.0029937968685562893,0.0020758669061155116,0.0012908117981518807,0.002914225737654874,0.002543269799002934
157318,0.0011422890550860793,0.0016486708226827324,0.0018605876044376496,0.0029639893298299413,0.0013935429254501863,0.002813970520417222,0.0031383204354545335,0.0032884754189311943
157320,0.0006727553285665877,0.00118779796675407,0.0010277450179005942,0.0016792019441763117,0.0009991905069540175,0.00131507327130366,0.001547920852304152,0.002163974391353532
157322,0.0015320825685743444,0.0014530586871931567,0.001296950100919736,0.0014873372766070064,0.0015382207943859388,0.0026175674737116683,0.001967956074455657,0.002519512701283644
157324,0.001473796345845324,0.001111830324384222,0.0010131831534591212,0.0012126110033777865,0.0010059382295657532,0.001832476703560959,0.0013043261889939123,0.002798157119410727
157326,0.0010202432114493482,0.001389861229578182,0.0016803146795099644,0.0018500398885193392,0.0025365916696118568,0.0019486362416366726,0.0027453942388422498,0.0022406814679338943
157328,0.0009652021646784498,0.0025813345125682563,0.0032446353033732667,0.002281156956595601,0.0016999753054304373,0.0019960949557602664,0.0017492284314111345,0.003155370409230196
157330,0.0015301511333559864,0.0024755918636218954,0.00134710650594351,0.0021534799198624915,0.002183460380681415,0.0025354169122540626,0.0026372293339429476,0.0022628816349801323
157332,0.0021835616926610957,0.0020206774081268364,0.0025793267461965558,0.002294736080276971,0.0025952042661093883,0.0019086201208336068,0.0024696070999841724,0.002040596275961981
157334,0.002134407276395814,0.001249443575382314,0.0013410583964612727,0.0012575874904742351,0.0020361990726067702,0.0020631268538724573,0.003358790292873559,0.0016588248319460153
157336,0.002512385949288154,0.003632662430124292,0.0028009702514722457,0.006919980109402424,0.002916257649033041,0.0022730674724338318,0.0038597971904741485,0.0049311383921788465
157338,0.0017882961913456286,0.0019695247045790204,0.0009169044331053394,0.002105183360202878,0.0006762457778293519,0.0020321881432119326,0.002291674116473852,0.0038188978131268314
157340,0.001193764279778034,0.0011060481294555974,0.00162291593865721,0.0011239284569156127,0.0015070434781672276,0.001884873118658273,0.001840635326036344,0.00212185302410918
157342,0.0026100756392475333,0.0018992101747717371,0.0016363238979451161,0.0018834876369059478,0.001634035361775546,0.0015392141865300246,0.0027921508362021563,0.002944661915643687
157344,0.0020200926834426647,0.0013636321945181967,0.0018661280894463061,0.0018542281706865893,0.001353049552159702,0.0015143642443738031,0.002246011151485483,0.002146683031961985
157346,0.0012628823935605937,0.0016145217249411564,0.0017158455184035498,0.001163939325430477,0.0011063933225727851,0.0016722843383835256,0.0017904427906879766,0.0027442068178607087
157348,0.0022506737649519715,0.0019044820169806936,0.0014729984351902758,0.003333839960784568,0.0025907160605088825,0.001503319837304909,0.0036424719842338554,0.007181401400496112
157350,0.0029047606108321133,0.002224750434754244,0.001553856022022737,0.0030952824090425685,0.002127311356820996,0.0019958982316926055,0.0034502520683949017,0.0030019973177958376
157352,0.001751615565612888,0.00644801753824803,0.0026091366799877586,0.0017026074321946916,0.001440931363508438,0.0018932868298110611,0.0031933015280399962,0.0034563957444450205
157354,0.0016998524304202706,0.000920590710230762,0.0014581562787979174,0.002655502518017494,0.0015731197355772913,0.0014409432420179474,0.00149700091028665,0.002631120953923427
157356,0.0018917521058652853,0.0018651645786862958,0.0011804689904672122,0.002070283816207455,0.002180369580906394,0.0015951910683056902,0.0012975689187924022,0.0024720602956307958
157358,0.0015637722267958787,0.0014688068096631174,0.001951205089409394,0.0017488887914394319,0.0030781779297763823,0.0018453045264301693,0.0020086917697605955,0.00271882913149403
157360,0.0010147620412015446,0.0010443040654962155,0.0009904929577021632,0.0021152138661879732,0.000981074135949625,0.0013580080101683323,0.0009057859250491962,0.002151604641707161
157362,0.002269649774470653,0.002439841239143592,0.0027965064030303216,0.004343524645343599,0.0022557102742249008,0.0028698369483760033,0.00295097324189314,0.0065604424192164945
157364,0.0019167878021375678,0.0013496048843073677,0.0015359782934878385,0.0018148017612618639,0.002763410270529079,0.0024883743246473383,0.0024137415431511045,0.00308351972124378
157366,0.002628501043023382,0.001796904842281899,0.002680166628272765,0.003020367518242764,0.003023377038726141,0.0018302157959622228,0.0023667282823217756,0.0018391901548966416
157368,0.00221870093202349,0.00191156604756465,0.0017494035614186304,0.0020369105380810826,0.0012681361510333833,0.0019912412688351117,0.0021155390659082784,0.002479229454258061
157370,0.0014009981740729233,0.001245960973685914,0.002025532614439385,0.002120922023610916,0.0018391466998943784,0.0019067811682769165,0.002518997009235427,0.00449168126828875
157372,0.0009383469509746702,0.0006398921779262635,0.0008648525084524496,0.0014395696191045332,0.002004413153473772,0.003957759717189424,0.0007404386845655808,0.0030320826812948454
157374,0.0024306314248546818,0.0023224159047879334,0.002511993467916321,0.0021156548965031163,0.00294549281858493,0.0027582802985898353,0.002135445896911392,0.0036485184267243675
157376,0.0022684778745135775,0.001688688475554534,0.0017357486385906201,0.0024923675735805256,0.0015784066927106016,0.001797832553155479,0.001876142502698755,0.002475464713089251
157378,0.0022343025160477398,0.003432952076832821,0.0035275899415748158,0.0033030827988158595,0.002511525219123581,0.005333631549020501,0.002964163752640303,0.006195696461725797
157380,0.0021543786144226917,0.00188568446342198,0.0015543844229665288,0.001729905469272222,0.002037585805494624,0.001340552864699307,0.0018692897259210556,0.0031747969046396762
157382,0.001707627167608694,0.0013647084421839484,0.0009367806952501057,0.0013365733278597608,0.001551611246786655,0.0018894218774735544,0.002199949700937634,0.002662142684543234
157384,0.001369681580002613,0.0016525032794953987,0.0008065133541438098,0.0019467008543362502,0.001512205555233695,0.001428360917533636,0.001762517941049424,0.0023892543674856187
157386,0.001726237131789446,0.0020801789397463383,0.0015617961792337015,0.0013940889512048665,0.0020043834660755794,0.0012921821657494448,0.0019971010296746666,0.002505343502932647
157388,0.0018299675032376062,0.0019521889243145907,0.0015512353190253597,0.002701925433542307,0.0027957858204610275,0.003451180362103179,0.002962387719399731,0.002615534612516124
157390,0.001100190805199977,0.002506875720996296,0.0014952271272329481,0.0026413861894261093,0.0019923768146746235,0.0016905477547599773,0.0017858391590273165,0.002167075750360292
157392,0.002319704759460875,0.0029820546657097907,0.002785446308295969,0.0022159103906547323,0.0024073005103355527,0.0018431729382828999,0.0021264698619428146,0.0032051231017211773
157394,0.0019186374468916356,0.0013232301394730528,0.0013866116267751694,0.0017280119673152156,0.0018175012854761974,0.0013521368095181924,0.0020053622653582043,0.0026947322127713336
157396,0.001770348631642285,0.0013296940778601135,0.0013354943480743536,0.00166796584131218,0.001266382714647088,0.0020773309199263595,0.0015390355919570192,0.0026013616558850927
157398,0.001432092659881104,0.0014824140651621548,0.0010347539206879142,0.001204051912076079,0.0016947625547967388,0.0009815395266267318,0.0018987416676722463,0.0026573342280636347
157400,0.0019148744944930685,0.001887573424647293,0.001282196374153069,0.0014625429642907278,0.002603825818229391,0.0037584388522705764,0.0027698451224387327,0.003058053859284607
157402,0.0015958523485191112,0.002138322785755889,0.0013546480727095883,0.002268036804627338,0.002135420074645192,0.0018921740524044939,0.0027446517778812046,0.004068051212229529
157404,0.0024767445227835833,0.0015185814265841202,0.0026730513701809233,0.001991697110866275,0.001851926947189067,0.0015333202016716424,0.0014330204332370228,0.003279101292474454
157406,0.0013716212706107456,0.0018681025508006238,0.0017085919033449498,0.0015589560896757254,0.0030395971659358395,0.001727682445317305,0.0011943824353349286,0.0036174248334780584
157408,0.002036511416200218,0.0016541413222579543,0.0014794422187434098,0.001990664475697068,0.0022678668462629142,0.0021301727905102125,0.0017677535975769154,0.0028773651557774255
157410,0.0014013013271197416,0.0012548907632557033,0.001262728036373742,0.0013458827847008387,0.001886351333163283,0.0016098067606034605,0.0017281175820480499,0.002707121374612209
157412,0.0010506295115578212,0.001504317790565049,0.001579452948971563,0.001282973113583774,0.0005691848582234406,0.0012111652695957625,0.0008661752298914221,0.002439196143502756
157414,0.0017855838203422736,0.0017062588989242983,0.0018263132712560554,0.001978140972833456,0.001247005270169091,0.001807807656776031,0.0019523334428650646,0.0028384904156624757
157416,0.004004250124339193,0.0022059655547913004,0.00146887334207918,0.0023262690770137345,0.0027822173213130075,0.002919943526246818,0.0025153258659607602,0.005677136556088647
157418,0.0012722857249822944,0.0012749518517863323,0.0020408991955014333,0.001599135479913985,0.0011484708433043972,0.0016902941146780398,0.001478508416452154,0.002194917922573092
157420,0.0021557759570287605,0.002508534535422116,0.001506121244292169,0.0033557269464579154,0.0018304462547296674,0.0028175089404519765,0.001577024946218586,0.0031266036562991317
157422,0.0010553517598066997,0.002178044833316628,0.0012031539426682475,0.0009992029891642412,0.0017540508212912642,0.00182649158153593,0.0008097567976650399,0.0013750853389594142
157424,0.0015830241963530473,0.0025119916008089493,0.0007736386408713249,0.0018737025811659813,0.0019763572562414705,0.0013478441238792827,0.0014208718769168627,0.0033374313112164433
157426,0.0013735971263622582,0.0016098671460709202,0.0020107018229836293,0.001799935555439669,0.0029729105296428943,0.0031653189043476804,0.0012895518519023264,0.0028991210981460652
157428,0.0024073761812582056,0.0014267234087617653,0.0017849948163935064,0.0019603766291092506,0.0017970333871765304,0.002416273780110112,0.0016183167039720558,0.0027871708524401934
157430,0.002187410850279084,0.0018916117915203229,0.0026706921150814744,0.001214991051773362,0.0023942236952202572,0.003912162408587827,0.001876503318634995,0.0030958130109871723
157432,0.001769323990986893,0.001473357325255789,0.0012250962365692453,0.002180502828870848,0.002013964201286536,0.0016256878044623863,0.0014484483441130763,0.00318633144225601
157434,0.004230063950541096,0.0026706797939240468,0.002727491602122614,0.0021839801952277527,0.0025347360452652318,0.0026918631755235567,0.0018775740294627585,0.00688816590008795
157436,0.0014317633585007178,0.001245930729803446,0.001713421519060676,0.0015771873861981783,0.001309729540702756,0.0013382182344736648,0.001514328292262626,0.003198082816419215
157438,0.001730871517313659,0.001954768676635743,0.001374597189352303,0.0013002995426815295,0.002045197014224842,0.0016643200406867842,0.0013977255423559681,0.001996844659840971
157440,0.0014271163026969291,0.0021578167523200187,0.0017406621517851578,0.0012369566793396652,0.001840907677461756,0.0023217933463826057,0.0018153674092538097,0.002682653163583959
157442,0.0020501851380383546,0.0013842596646713862,0.0016295641489975227,0.00234133623058691,0.0019885295724633156,0.0014724683301778896,0.0026556553283763606,0.004920046620870977
157444,0.0017301041116015714,0.0020778002469166307,0.0022062668605699193,0.0022567365856524108,0.0013413667275852387,0.002293697951849097,0.001571138084323201,0.0025097142466314892
157446,0.002391832395376492,0.00130633942293934,0.0016286788200709085,0.0015810244645732136,0.0017416604261519808,0.0014356141509356407,0.0017182594952003805,0.0016902647083633232
157448,0.00249703711193551,0.00206446652857685,0.0011714703534300291,0.0014767384686488333,0.0015586695755359786,0.002857230206532224,0.0026398612461869947,0.0027740718156268884
157450,0.001435806967467812,0.0014043218178532713,0.0025549751084659317,0.0016732926793166514,0.0017048514937040432,0.0017116729973360029,0.0013562875973996413,0.0021745676805560166
157452,0.0012300234138899052,0.0020363217881692736,0.0022300340572056904,0.001237904396939174,0.0013266477883187022,0.00103411338933658,0.0011347556888281624,0.0027339632144485343
157454,0.003445728807317805,0.001601324617726052,0.0017538798271710676,0.0019453907558814182,0.0018098125184815572,0.0018374817376634045,0.0017647347753914217,0.00299407857030648
157456,0.001196657419417893,0.0010224514392499634,0.002214940392619172,0.0014303997548316266,0.0019685133707186275,0.002632619287136484,0.0016925113519268425,0.002324063897159015
157458,0.002813518790671987,0.0021102293456687904,0.0014980815454271323,0.0015220404907113766,0.001650613586497554,0.0011235340872711858,0.0020805867357766156,0.0022857230231548287
157460,0.0032375831027136592,0.001443610640549986,0.002524939826816175,0.0016670823082987618,0.0019344876874010652,0.002780808617084532,0.001955997242397825,0.00392332019343794
157462,0.0028526524915251233,0.0019998835336876436,0.0010877144720977672,0.0015798755168506262,0.002043189994665795,0.0018188209780923281,0.0025949139138715105,0.004573879437466621
157464,0.002042422211588679,0.0013832015035439987,0.0014766182194032723,0.0014232648453130908,0.002039954833914559,0.0018584022382254345,0.0016758186737830943,0.003439531263739873
157466,0.002179310700079151,0.002579702125885666,0.0015568084633932333,0.005587682610591005,0.002190439683467993,0.0033231689930324354,0.0020040148936551483,0.004052634906157815
157468,0.0016417923069461104,0.0012809294410668498,0.0016401033631555095,0.001181357431431343,0.001995290478816969,0.0017690269038106998,0.0012582716388900295,0.0017459792112346634
157470,0.002362320967197462,0.0016252153000664293,0.0020511011581183514,0.001986592401943321,0.0026005580052172045,0.0014075663784751669,0.0016703760574776627,0.003398515113186784
157472,0.0015589555013240247,0.0024199005281562297,0.00140898813471603,0.002350622885608722,0.001854099200239434,0.001405598354598095,0.0010263109604236598,0.0023232137919306783
157474,0.001776574618217508,0.0016762548559684648,0.003066229154820077,0.0026605398951745074,0.001184797847122221,0.00319308259768504,0.0014530711836042848,0.004566668646699468
157476,0.0013424871136585304,0.0013000967081767123,0.0015401944488942082,0.0017513202807464268,0.0014800876572431676,0.001476110363509156,0.001329307226273349,0.002481837375043497
157478,0.001430123900008129,0.0018544594945908571,0.0013658520246844774,0.0018774342419220075,0.0014418608634009372,0.002435978931525487,0.002811021691961957,0.0018573944853912533
157480,0.0032012487222347202,0.0031754186669770285,0.0012150188401334333,0.002095271502616805,0.0023312354543386093,0.0018969834148708231,0.004322150775794287,0.005124129490692353
157482,0.002484220879891988,0.0017534233636251756,0.0017315987881177386,0.002226021011969559,0.0027709153184787283,0.002658916458127561,0.0026435474390425068,0.002529213338782421
157484,0.003249860043570918,0.002139300328397875,0.0015330249678206093,0.0027246926777344527,0.0025719008351041683,0.0017164603517910854,0.0012216813510828595,0.006176442855805542
157486,0.0008267960290504785,0.0015216829851295716,0.001429277622857994,0.0011578551698515072,0.0008199405500515372,0.0009510382853432676,0.0010976470932302917,0.001336058021172551
157488,0.0011101905260085948,0.0018321775498044701,0.0019086429058424864,0.001858845504773901,0.0015988015035885983,0.002957439213333038,0.0017532467846432948,0.00362452466930209
157490,0.001941046203363786,0.0013657126989363721,0.002737789358755585,0.0028561653682226407,0.0019561765022714367,0.004554335466025405,0.0025308536633667084,0.0037787246412072234
157492,0.001514402806386761,0.0014603594750124543,0.0016570358565438786,0.002257420450958461,0.0013421892991558743,0.00226472500618026,0.0018869251102032886,0.003963311324629848
157494,0.0024257326873292073,0.0015596018725916871,0.002382251870015742,0.0022791905942698976,0.0012738552298563605,0.00179107053048555,0.0013991069277347196,0.00298435673233044
157496,0.0014048113071435525,0.002062360747309158,0.000741816522632513,0.0009010459897452194,0.0012535516626110965,0.0017403612644219107,0.002129016847793444,0.002117587473236038
157498,0.0023791480353727718,0.0023411700366299387,0.002918669828297374,0.003611194233368878,0.002848016020862834,0.0036499501354014946,0.002382180231444375,0.005508568837343297
157500,0.0015375996123837693,0.0016785590220502744,0.0024357950709181925,0.0021565021314313843,0.0011909458629402736,0.0017543616275666474,0.0032114144658496185,0.004477128385511675
157502,0.0023526284907411515,0.0020806662606592946,0.0016110867563371573,0.0017170385561373624,0.0015904253981714606,0.0015649129472146278,0.002600437183371676,0.0024487451165216556
157504,0.0020459943013515502,0.0021872679832336678,0.0016417352501664345,0.0014878628663921867,0.0016682104971970646,0.00204558384419512,0.0018362683110597633,0.00447805769064008
157506,0.0008842321951760823,0.0013406336124326956,0.0010968792977916891,0.0016406266134174619,0.001288427037710052,0.0012199801196050158,0.0026287821901316427,0.002615342571976653
157508,0.0021438170814250257,0.0018157039195634272,0.0023786113041632806,0.002189345241284793,0.0016170119676930939,0.0015841025249785923,0.002119479771028887,0.0033164892843695754
157510,0.0017677896223318307,0.0012806369352189595,0.0015727311649765263,0.0013872195622797318,0.001052558038889595,0.0013958415174548794,0.0013676371791433578,0.0027743751630661256
157512,0.0015654615015297524,0.0008522767587874937,0.0009320259741575493,0.0016012790016267792,0.0009587246654363946,0.0011898201998816887,0.0012500902057810542,0.003490549957374578
157514,0.0020187869029589245,0.0009319973144779198,0.0021850663302692835,0.0019389804037581726,0.0013795705850845469,0.003975404203121258,0.0028714472807820357,0.002433148615072156
157516,0.002069276757268368,0.0011599141835285653,0.0010445564084121117,0.001713866268762354,0.0010468488746429166,0.0023604676084487825,0.0025561679484767397,0.0031314227382078924
157518,0.0014165969766253422,0.0013457409280671073,0.001512084739662356,0.0012408439454605347,0.0012733051018579133,0.0014389867766893133,0.0017000533333672158,0.0030921018238539433
157520,0.0014993982672215772,0.001276310316602594,0.0024714157694183947,0.0019495411331287849,0.0009877928250858758,0.0013282580661135857,0.001206938329415555,0.0028622978743826494
157522,0.0018941622413792963,0.001452040978154337,0.0010904346151753425,0.0022607796902541916,0.0017379777760795911,0.001205024443686975,0.0016146106398304827,0.0029504891964654
157524,0.003026146645705774,0.0023118803019018253,0.0017058459096092188,0.0013587650845751226,0.0012633979566774173,0.002827112998782591,0.0033910983815710477,0.002638515848576939
157526,0.0016283480863499428,0.002312958726840897,0.0016226269072220495,0.0026412173251756516,0.002291907384570857,0.0017684600630020336,0.0014985089478900537,0.002082206760277275
157528,0.0014036093766694457,0.001095289771757893,0.001873950920527001,0.00155659445827383,0.0017459166360964673,0.0014273062958837374,0.0017586273827398108,0.0030792345893502215
157530,0.0014656327102269412,0.0013301106038889898,0.0012295512820626464,0.001264141431889243,0.0012369404329215655,0.0028989417800567296,0.0015452744084996084,0.002704452261522175
157532,0.003160441129693173,0.0015252593486026061,0.0022614567273058217,0.0018810998152227754,0.0014821533179552038,0.0024027518402445353,0.00243835282709505,0.005674089809408811
157534,0.001638374273953469,0.0014721524283918402,0.0020057516496905237,0.0012538497650274594,0.0022260624919723804,0.0033860478393049065,0.0028561566082219714,0.0038750846992900018
157536,0.0015022543519274678,0.001660267454066791,0.0020963605972373345,0.0019850641254692963,0.0025370945233910286,0.0016706653516287973,0.0028798131767410334,0.0030266643205062588
157538,0.0020434685200635544,0.002673997136134601,0.002041485240331445,0.0021321745989375668,0.001889652795259933,0.002560289473854796,0.003886483068598748,0.0033787127244160886
157540,0.0026678005031648966,0.0013346806357559249,0.0012020669537805007,0.0018831516922903635,0.0034234482044444153,0.002285483658610643,0.002238529934545444,0.0031191400192432384
157542,0.0018041680333716337,0.0008490895161203695,0.001157107651435632,0.0028483472426978906,0.0020936719711275864,0.0012417592818264739,0.0017258774455298914,0.0033288025941056176
157544,0.0017672032476190452,0.0022400209479735977,0.00128659575159841,0.002515478698965082,0.002396628591196992,0.0024391519871941464,0.0025121783149808508,0.006197817266857308
157546,0.0014637975131352038,0.0017944712532234064,0.0011473891637150957,0.001760895232346807,0.002307692237708603,0.0012348698886249232,0.0014255017305453421,0.004451364718790707
157548,0.002128377810118265,0.003665403059454189,0.0032002556257915288,0.0026071641599684364,0.002030117356621744,0.0028174061170061077,0.0022315208311676216,0.0053224838302059485
157550,0.0013520299639624561,0.0014865618492537203,0.0013107125552119236,0.0014363640343612177,0.0020820986483708476,0.002016269278478214,0.001619114368456645,0.0034871243839429966
157552,0.0027623732436067444,0.001699514854192119,0.0016071497264947276,0.0016099272337245646,0.0012539273302272225,0.0027186539248305053,0.0024465769593371434,0.002735458591785603
157554,0.0015422246683476915,0.0012189526661444128,0.001520375976743829,0.0008433466677343661,0.0015335658625676013,0.0019996166570876994,0.0012554981457049141,0.002562663579359206
157556,0.002997181019493367,0.002784201114260379,0.0025681603664934466,0.0018539397579021705,0.002288918599744394,0.0017973435561955547,0.0027988389849211703,0.006526595236080235
157558,0.0013299054573473607,0.0014348746234269655,0.0014652468127863139,0.0018687202470616532,0.0017675866354625175,0.0017018715223890979,0.0020000111476434768,0.002190698080060241
157560,0.0016209682506985873,0.0012522161769903395,0.0023859203308758264,0.001917420346180032,0.0034356312084291712,0.001700913909800983,0.0016029215905306732,0.004840546444160376
157562,0.0015005429725012953,0.0022979340201379067,0.002889161913207039,0.001581298804638323,0.0011729269081646315,0.003105233365431559,0.0024437596432978076,0.004161395301417736
157564,0.002440946158927204,0.0016143708446708788,0.0014778040335410858,0.0012273804341381839,0.0016530809097362736,0.0017171848977160509,0.002351544468952152,0.0016494698803202201
157566,0.0013793992922297438,0.001231200349229633,0.0012425788295209461,0.0021967023273644776,0.0025016480419195464,0.0014697518254447872,0.002564695036505249,0.002298772700758525
157568,0.0010083963724062533,0.0011393190912102474,0.0013125614588421208,0.0013702601438115303,0.0013943574136737191,0.0015597901898290467,0.0021901889731375107,0.003392001760502708
157570,0.0015378196121693666,0.0016172109104677923,0.0011788596389730177,0.001387407713542968,0.0016605337080713434,0.0013376878956875005,0.0013755498107316383,0.002357723483261742
157572,0.0017228472933285138,0.0015388365486777023,0.0011119031164598253,0.003125590133687753,0.0015563213879389443,0.002627396845755803,0.002865103177113318,0.0023440289616233484
157574,0.0017756122229146826,0.001782120449465907,0.0013604565633649202,0.002116453802714427,0.0013213894427457351,0.001881089151487339,0.0014532421626262254,0.00435909255204181
157576,0.0019131583205257569,0.0017416352403776397,0.0017342701677059008,0.001323939233324689,0.0013398494256911114,0.0014536864142740274,0.000885398712170863,0.0033355540666205052
157578,0.0011735273944504243,0.001841607508422785,0.0012769074183141549,0.001367823997733622,0.0012884457583051262,0.0018707321709721114,0.0013884513798541193,0.002208448003805652
157580,0.0012525120111206989,0.0018075250945449733,0.001225181513297549,0.0017892336534442027,0.000907639499793389,0.001350663261340826,0.0014747332370519534,0.0026899411572006843
157582,0.002210509720875345,0.001376146472220674,0.0018540902173903029,0.0012805652137248963,0.0010222591900324596,0.0028894270341341954,0.0020669690051927786,0.002468148130097117
157584,0.0018740873529195096,0.001556846092187536,0.002409074154597138,0.001129453893345067,0.0020325394791110285,0.0019455504683136976,0.0017238593167604593,0.003043680763316195
157586,0.002375419423003025,0.0015282966452936364,0.001746692522513138,0.0018893937019353602,0.0017484295509356956,0.0016815066065953843,0.0017934576393054957,0.003004967042701312
157588,0.0029350231272928795,0.0016457603332065696,0.0016997396965048872,0.002145887413664005,0.003314452795864453,0.0020145219545271292,0.002037196033406588,0.00382779057273909
157590,0.0020151730987030825,0.002028227808342234,0.0032299643680320234,0.0013382283190145478,0.0017415954410067297,0.00207200699389766,0.001831513949393862,0.0033535986230823767
157592,0.0016821944020552065,0.0014574761031563993,0.0012596523933039588,0.0014083964179911895,0.0012701395911998148,0.0023869128717107224,0.0015953868786775516,0.0031698380013373134
157594,0.004064621887232056,0.0011600989196056677,0.0014716098997172994,0.0014635766028503472,0.002167032742613151,0.008202691927324202,0.0024854022895440253,0.003185788933421488
157596,0.0025621276503252077,0.0027685944041264815,0.001266385896309688,0.0020441411681213495,0.0014355737824956472,0.002310861582608903,0.0010378352160633902,0.0025636952402053326
157598,0.001683560937975559,0.002367608788119091,0.0018527407915639588,0.0015618223848346546,0.0029429365997666324,0.002731661335462779,0.0021876049478619652,0.004243685722656265
157600,0.00203451269670564,0.0018402789341265408,0.00335808002118744,0.0015339533582249404,0.0020061804499439534,0.003231178899998355,0.003287043842394921,0.005110335008101652
157602,0.002065231333170381,0.002550067697504821,0.001661789974063535,0.0013888692339145692,0.0013616849662096003,0.0013473512622239614,0.0015449250198307368,0.003354216509543484
157604,0.0021522523412942918,0.0020353082348823492,0.0011807424000964822,0.002470867247504352,0.0014133064459703193,0.001979426582299715,0.0024311045615882515,0.004177109360486375
157606,0.001953913949124267,0.0018428246165920342,0.001088286346985337,0.0020601231370989126,0.0022600938994571523,0.0016828392425134592,0.002095529680792352,0.003369779481713145
157608,0.0016398607771655471,0.0014960382395302063,0.0011902730745301376,0.001521395557845473,0.0015425316136814665,0.0011285624153624246,0.001324042252053792,0.0018764607160205587
157610,0.0016980242679311974,0.0030630948744687775,0.002079361429109819,0.0023348579571147443,0.0017164872069642123,0.002789771065409008,0.002215196022252508,0.006284681098787326
157612,0.001186712805127721,0.0012303526795296588,0.001543438582913892,0.0016830345526983592,0.0008231406325274193,0.001274185789212956,0.0017660642923280623,0.0027037014111459673
157614,0.0016133280476866713,0.0025545032470444817,0.0018418712983179208,0.0017152443721868554,0.0015266243463685353,0.001197090455018604,0.001521589982430696,0.0018413418191534081
157616,0.0015600723927201715,0.0012676755940808082,0.0010575988520755836,0.0018300682207206265,0.0015960803463688777,0.0017660674234037388,0.0018423976555715371,0.003570225214070355
157618,0.0012449257897664268,0.0012745956572530887,0.0016487428237264151,0.0015597760656418935,0.0014375719953486077,0.0014930409575877324,0.0014352215002016444,0.0031738104384295696
157620,0.0019137087814030118,0.0014762048283984003,0.002383377136907075,0.001899293947204228,0.0015146556461825278,0.002952471767923237,0.0020651951041707056,0.0031640212611707685
157622,0.0025165695906004815,0.0028291686081645256,0.0021096441232657526,0.002238424182763113,0.0024485519265274314,0.0022146483126178063,0.002635775590395184,0.0065027572259721556
157624,0.0015102835089399053,0.002084928160550961,0.0027807469330301537,0.0021862366912907133,0.002367361185954278,0.0020353700829783272,0.001953448621177467,0.004550232467423143
157626,0.0021283052842003963,0.0018767541029172108,0.00125475748081888,0.0019177723846787315,0.0017095165562165532,0.0014131011424062395,0.00146785638876068,0.002774547839131794
157628,0.0025757400698123295,0.0025269431708387913,0.00226862691827924,0.0019266299603866305,0.00220896308026243,0.0027538122950085953,0.0033843372770556712,0.004749955294404418
157630,0.00197157825634392,0.0021789601155417504,0.0019362983117568455,0.00256704060640002,0.001752272328472984,0.0021797729721998588,0.0031863915836760626,0.004273899423648475
157632,0.0030784821762284142,0.0013108951749191272,0.002521069072399254,0.003056743792964181,0.0013551746313995722,0.0028632542181918907,0.002195170997886922,0.0024481467684495245
157634,0.0017021672197428672,0.0015720389486202496,0.001156740697858552,0.001328450593856681,0.0013806002265666223,0.0014908089206677744,0.0012092127983089895,0.003538755481111766
157636,0.0012297872060079845,0.0018765617366425236,0.0013293324894414482,0.0011704247942943002,0.0015780201333820548,0.0014237483473459461,0.00130988836223761,0.0017681931246649324
157638,0.002601304655293346,0.001315045982517804,0.0011821342588815842,0.0018939592575682035,0.0013192650513810383,0.001450879453849932,0.0014245105919654666,0.002540037967564468
157640,0.002327135914824266,0.001982845967585592,0.0031338209496057368,0.004184270929741274,0.005388116473442617,0.00185205488014617,0.003735553274234041,0.012522295722051935
157642,0.0014434365492067697,0.0016838611550475946,0.0022304911214701684,0.0024438126809400856,0.0012366435615223659,0.0022829294367532477,0.0016884600792730353,0.0021922620358623274
157644,0.001645034396902112,0.0011524682569320627,0.001235386772881819,0.001340935346766381,0.0008882778984684592,0.001581570205483343,0.0011789087554172628,0.0028492650623859195
157646,0.0025313278338328637,0.003009257420795289,0.0016683057474370516,0.001645272529879671,0.0019611519306919067,0.002221855647599816,0.0017067045649210716,0.0030085107461710336
157648,0.00364870069405622,0.0018206821960081165,0.006851112981643759,0.0032285019815959104,0.0024305899173848733,0.0017685051813311065,0.002132786679534482,0.005192047155448742
157650,0.0012351762355402585,0.0025130742660934985,0.002726897464283562,0.0009699436678476392,0.003458024086164857,0.0020544180849358384,0.0029996178614688646,0.004987862168293056
157652,0.0034058882033019544,0.003557419473049897,0.002538196097399359,0.0023859348881056924,0.0019652695333866183,0.0025574157000508024,0.0026833250538389614,0.004254606487761103
157654,0.001468247768466116,0.0017516105764327078,0.0012865262685829576,0.0015701651456568322,0.002511807880837047,0.00262683586034608,0.0020783643924087714,0.0020626903181199113
157656,0.0021789639412128775,0.0013843644496231017,0.0015283723761163603,0.0035894035347988074,0.0015729864637506474,0.0026250643188681227,0.003374366023920994,0.003035932975115563
157658,0.0012710515895922314,0.002360844086615202,0.0017444070784523036,0.0011337723063991612,0.0017120583292412755,0.0010144117565582533,0.0006972599850946365,0.0011277065673349768
157660,0.0014696704204659877,0.0013695144865999986,0.0016199377186931901,0.002411419175004037,0.0019078132937124792,0.0017100482986659588,0.0019643365625301445,0.0026832324275523206
157662,0.001883189520937703,0.0013159899066384068,0.0019591658158044783,0.0016405780266893905,0.0022002820491989206,0.0022262642730916937,0.0024012390067449374,0.0030334970171663894
157664,0.002533165710778329,0.0019249886131712662,0.0015375385528165197,0.0020878140635120085,0.0016719495108757365,0.0017412089754531568,0.0024707535507145217,0.003810320768141709
157666,0.0012442486962669363,0.0021727589502171935,0.0015161786402779903,0.0016644838761793596,0.0014293697320905269,0.0020901807670257316,0.0030198892785011783,0.002805783761170355
157668,0.001259883518252694,0.0012457455926462857,0.001275146329995494,0.0011107643053718252,0.001918180907293246,0.0020600189816646353,0.0015423718461406027,0.002661285881694689
157670,0.0015870333877626847,0.001897476045996882,0.0019857602932021323,0.0014125144429538161,0.0021236287710682533,0.0017126160583705308,0.002078504676474316,0.0029533701753432645
157672,0.0027726114279256198,0.0018062364220874372,0.001972159226239223,0.001733082943859765,0.0014711840647555624,0.002095132017988277,0.0020760105005961926,0.004060515062855041
157674,0.002132421966634601,0.0020824872523662052,0.0018826932522242878,0.003508759082049631,0.0015288477755162067,0.0024150400824169,0.0016772814806259029,0.0025146648886609363
157676,0.0018621048144019797,0.0013453591276074844,0.002912209008886238,0.002041105530236745,0.002142470176972125,0.0015984785837384052,0.0019498247155960158,0.0028340741013723747
157678,0.0016521113844186197,0.0013062136681418896,0.002626508614697265,0.002158866244945712,0.0016790004453653418,0.0016348317690182551,0.001907011842949849,0.004038162536645018
157680,0.001802022391610203,0.0012728167600951773,0.001245558102699898,0.0011070590803008984,0.0021677004513171033,0.0019161824322517923,0.002313274419719638,0.003231100126357911
157682,0.0021157748427685363,0.0013981729272921767,0.0014406149041059635,0.003081164825285976,0.0030623225838813384,0.0021993954935362187,0.003276381136196882,0.0034903373503725327
157684,0.0021491194725592605,0.002976275541995088,0.002153660750217945,0.004378749856414288,0.002278955128809379,0.0027569742954198923,0.0030582219635810898,0.00458176865564397
157686,0.0028447370498457247,0.0015463102133459472,0.002245583922423633,0.0015044917584004086,0.0022295175852161814,0.0038092506375653756,0.002407715801155952,0.0038839864166469035
157688,0.0025760191373104396,0.002255547501447977,0.0020966307828911845,0.002312925761289941,0.0025243842736291655,0.00246296359768651,0.001809905072507556,0.003976262980126544
157690,0.0011456078392135943,0.0010463904213792313,0.0010586601430218057,0.0012386859602764866,0.002505405409186992,0.0014904841540397534,0.00196259340912186,0.0019807225570934867
157692,0.00183419332295022,0.0013809518319020248,0.0010664585570765994,0.0019531914467078165,0.0024610500953155118,0.0013140197515239121,0.002931510882490329,0.0020515398405365204
157694,0.0026036448528539285,0.0014933547737410735,0.0010447707311991294,0.0017339909303476647,0.0033702111352525016,0.001349810997122225,0.001828905038926687,0.0023612365246564876
157696,0.0012964183467814028,0.0019773835238579146,0.0015617643794738761,0.0016480349825657298,0.001912102595888046,0.0015137139830324053,0.00254133173060013,0.0020957356890539125
157698,0.0019387609259297195,0.0019106341896646534,0.002168611475900209,0.0021030179582331443,0.002501424455836565,0.0028245025647335442,0.0028793929737425117,0.0030059983987397315
157700,0.002153954313174347,0.0016281791244476956,0.001306356118892238,0.0021344045226832226,0.0013188369689638574,0.001675373704440597,0.0019194498235493157,0.0029255105575548
157702,0.0019471666930264697,0.0018081688110575117,0.001133146465927562,0.0012219717331291152,0.0014885193374226113,0.0018544193888578864,0.0020896340927001322,0.003010694222871424
157704,0.0014808576671590523,0.0012980488323286465,0.001093501577559275,0.0018114969282143761,0.001705984695523688,0.0017660364258768185,0.001548683384736474,0.00507037556440082
157706,0.0015972000342362597,0.0010993287402394358,0.0012713475149441766,0.0015209890210230587,0.001302305365884715,0.001337326584248899,0.001283556823493806,0.0027056961594335155
157708,0.00217325282876725,0.001181863249519799,0.0016279689865561497,0.002227236044012537,0.002751616193509554,0.0036763439725820413,0.0030679184286876993,0.003264626275633953
157710,0.0014889767108133972,0.0014471000570487474,0.0021969879832285516,0.0019226177426754365,0.0030463297041607995,0.003801809871036968,0.0020458217560526126,0.002587547824028924
157712,0.0014607097032438704,0.0014347524221500763,0.0015692482903093552,0.0013852721973853926,0.001622254775890744,0.0015956758548402311,0.001175833279559113,0.0038452675312017903
157714,0.0011191507380026722,0.0017553485263341884,0.0015072040086663296,0.0020479811182876895,0.002333359815929248,0.0022883162296258863,0.002217871023877882,0.004895760833566243
157716,0.0022581614219510104,0.001675275203108631,0.0012877577320936084,0.0014294105765838006,0.0017620972597005707,0.0030185337892874586,0.0035288839775673986,0.002109309111417837
157718,0.0017413361343649042,0.0017655871488386765,0.001883091231907899,0.0013858393441160133,0.0012882984041562295,0.0022626353181869896,0.001709063746908171,0.0023335725212492303
157720,0.001872208377268203,0.001524285305755227,0.0015585895680770984,0.002204043421500046,0.0017543301088083357,0.0020181371833944,0.002354465393650265,0.002984570828559241
157722,0.0016469260346130832,0.0010148320579165399,0.0016634186338058132,0.0018269905781631568,0.001560095346736859,0.0015193956533432473,0.0023579886705715897,0.004224637450605195
157724,0.00210374373587513,0.0011836187011854543,0.0014594260229836564,0.001742655254386452,0.0013374805307425769,0.002956115638301837,0.0013464275945854198,0.0036683388071390155
157726,0.0035023185711750143,0.0015121102351125515,0.0024457051016484876,0.0025797933260831574,0.002567776388879617,0.0023764319329761113,0.0020463586249920424,0.003808348938162412
157728,0.002985032423359124,0.002082055132420893,0.0016639477172830791,0.0030502573371249952,0.0016357829526981171,0.0019681510861194185,0.0018501062253779704,0.0038030416060879646
157730,0.0010932315652480984,0.0010857284552373003,0.0011216735667685662,0.0015356203225081466,0.001041923960378846,0.0013767377340917625,0.0016076184026825452,0.0028477384932671518
157732,0.0024395376324527623,0.0024377965830022635,0.0036291161852384235,0.005491504940922598,0.002386483728067726,0.004971830310413816,0.0033803516888766816,0.0057946111860509575
157734,0.002948010502651366,0.0019296902250916098,0.002070414334876036,0.0014171679749092198,0.001825696575856961,0.0016522797664078603,0.0018970437733492052,0.0031872975587648456
157736,0.0017822034856971314,0.0011699802990536856,0.001022792624860172,0.0011858046492836533,0.001706180728706111,0.0011700460504831534,0.0014576675376363202,0.0021131960623506224
157738,0.001266766133766875,0.0013464494658235737,0.0016224279316932044,0.003610258987368775,0.0008487291625259054,0.0015505636926607114,0.0012565567306836029,0.00420636551876985
157740,0.0015386784338962262,0.001276584758407362,0.002365982028745217,0.002269989831155131,0.003922163851459937,0.0015547478058062225,0.0015187849628152256,0.0020472808693489247
157742,0.0012701151624308071,0.001948573423453448,0.001600174872884788,0.0022965959485410914,0.0018269746550739208,0.0016973387687374691,0.0019296080759528267,0.0031209491091527403
157744,0.0013964809855773197,0.003776632799980098,0.005098413484682318,0.002174849113965094,0.00221780049761601,0.002539342213266918,0.0019935216660160737,0.006005514481831009
157746,0.0014378754069019895,0.001694232274410068,0.002473863192619996,0.0023762634084604356,0.0018505956166317006,0.001944319931808991,0.002000654610564548,0.002762829072858755
157748,0.0007888078656039799,0.0008341927684380052,0.000883594576250455,0.000890481291799531,0.0006466257595761117,0.0006482054900876257,0.0018664731344166796,0.0010980072672617386
157750,0.0012739233061529603,0.001341427852300306,0.0014582524435715616,0.0013784162935587402,0.002249297936110853,0.0014864699261090686,0.0020525375114586186,0.001628982824045444
157752,0.0030374833032409954,0.0028461054100033106,0.0014728583226484293,0.0017843108626749982,0.0025803659185087563,0.0035964146187648233,0.0026931919452488767,0.003803968869849683
157754,0.0015499904752958593,0.001844461918748555,0.001191488448260003,0.00103180404478799,0.0013094051863987155,0.0020688056828852552,0.0017374761808304356,0.002453133391250875
157756,0.0018417200564674469,0.0015458230254759148,0.0014045893091321204,0.003274287082327701,0.0024836029893674644,0.002074972183383275,0.0036873419083867237,0.003534589591382087
157758,0.002801435563638821,0.0019053245637029037,0.001819219775773387,0.001905541490295773,0.0015222407703172625,0.002393504466625951,0.002759933786791402,0.005070891252950682
157760,0.0022086157209522256,0.0022834431575200487,0.004623646874971021,0.004590201746774769,0.002522518526660092,0.0023605305940508498,0.003272599449267999,0.004688105357342709
157762,0.0023406087700585942,0.0017189210956003453,0.0015541608916494476,0.0023643163398751194,0.0032652039803493654,0.0020262190730724466,0.0023984596007349396,0.012019255544418128
157764,0.0013730843934757347,0.001117761104816109,0.0028500191531277697,0.0019667650604306974,0.0023501558408013518,0.002302249426656078,0.0018434681898774757,0.0028181421369419812
157766,0.0029811079712658284,0.0014945219408796367,0.0025940402983204436,0.0026630838274508406,0.002013793680638934,0.0029648671748386257,0.001973085448012127,0.00329915391940544
157768,0.002779408911067982,0.001496912124095362,0.0017873214913530777,0.0017658867648774473,0.0015931295398952106,0.0016496039328029038,0.0021120180281004736,0.0039407194501708265
157770,0.002088523933796438,0.0018938016769976113,0.0023295428468514956,0.0030935624107793075,0.0030509770740490133,0.0028534253379269986,0.004720088319954352,0.0049604325647045755
157772,0.0028104276089906954,0.002771091808913495,0.002198999623939324,0.0022980933148206845,0.0019239155765404803,0.006922706201544282,0.0032176853727699517,0.004002314517409511
157774,0.002123530919165631,0.003150997563579949,0.0021872376681436045,0.001842614807841661,0.0014244720671480332,0.0019071592347779665,0.003653883940949676,0.0023794533123597944
157776,0.0010865832073856524,0.0011368417990503948,0.0012872326775653087,0.0010261159620331833,0.0011559284372676532,0.0035801133182522538,0.0013936013336925956,0.0012538890749819315
157778,0.0030491266698198793,0.001348835863876699,0.001980480171931198,0.0032717112614993327,0.0015438759198440621,0.003052235686005003,0.001687396678594022,0.004040985790144058
157780,0.0014632830317565237,0.001331710474229697,0.0014609970356410096,0.0010683767111011044,0.0017570230185343233,0.0009888773091986658,0.001789089630691798,0.0029182190283533332
157782,0.0017532071647857195,0.0014736905173107773,0.002424216670478041,0.0022231998732289426,0.001596631358789527,0.002205532354437878,0.0026995693392263403,0.016126832357523435
157784,0.0023606536717905163,0.0016919719233228353,0.0011385464075799323,0.0020930515541875416,0.0020408598146899465,0.0033148152596468444,0.0023644369802511833,0.0030333295937985533
157786,0.001292487237042908,0.0023437122591540988,0.0020578316498026106,0.002265103344569974,0.0017109859811004768,0.0019179723987017283,0.0024995962693386137,0.0032064426458278256
157788,0.0013889158819893055,0.0013983933032216123,0.001102785955077401,0.0013809343890072712,0.0018328878406183163,0.0011641185349687277,0.0012839396298987144,0.0022111318919966344
157790,0.0014990823743232795,0.0015854571078649654,0.001968387426762655,0.00167125010680641,0.0012778423505316466,0.0023970637528736433,0.0013798478862046132,0.003234553515290506
157792,0.0020944315957094894,0.001824656357315213,0.002172666918576205,0.003185421819927259,0.0018808241835258782,0.0017694612612082494,0.002195324246444308,0.0033146544004927225
157794,0.0013207771547039254,0.0013302157646072482,0.0014373022289122656,0.001575678111529269,0.0014875576739223906,0.0020347294629241564,0.0018905937772617648,0.003563194352877566
157796,0.0018935633731569923,0.0020440084486229027,0.0019010886793836002,0.001318636481429325,0.0020882198834538818,0.003196658838291025,0.0018852997969510121,0.003084940208342657
157798,0.0018149557027431623,0.00195605424878309,0.001358617332776882,0.0014138025410895955,0.0011332287308830763,0.0014547015738133329,0.0018714566641051533,0.0029074620991509925
157800,0.000950515405778455,0.0015517248264269728,0.0013504828206132302,0.0011497404785432708,0.0011130435053057774,0.001736105316219927,0.001039790169633792,0.002091263427198689
157802,0.002073596533227487,0.002089746146595753,0.0015762427477030716,0.0017250365697885073,0.0011749170385216973,0.0013726487699944473,0.0009903224941487654,0.003642145085759607
157804,0.0017505327683089988,0.0018913762177069082,0.0011206272806243422,0.001853653612994291,0.0011675607603545274,0.0015708277151627592,0.0022931784405329086,0.002444788086852348
157806,0.0019417221341134216,0.0015322062219059185,0.0016864241776828326,0.001445085601086707,0.002218646535826707,0.0033031153423346282,0.0028191567443232174,0.0033176156920294297
157808,0.000946809639970958,0.0012755768420325136,0.0009786691223784422,0.0014935557485609152,0.0011480598207609521,0.0015574790884204243,0.0012910433547514005,0.002560102488152763
157810,0.0010439188679334799,0.0008159792731805698,0.0013571520590893726,0.001723416055989857,0.0012573734845662404,0.0012748978474730471,0.0013226298893196514,0.0023508450461751235
157812,0.002071239918373227,0.0013133840620978138,0.0011169088650143794,0.0017731457260317662,0.001365313759970635,0.002120948787451893,0.002092714794921291,0.003945059134423445
157814,0.0010384860225975956,0.0010897601023590747,0.0013232236349041693,0.0013023704338644415,0.0008723167326709115,0.0014990898745908532,0.001162833615544534,0.002209648074409501
157816,0.0012220318973119593,0.004489002220392502,0.0022695908528328618,0.0018808713593826548,0.001464540749187615,0.0034319629485808495,0.00150145714579554,0.0033859949467194284
157818,0.002137066125854417,0.0027513547367669228,0.0014019601775230317,0.00225050410495925,0.004131955223691586,0.003269026547917178,0.0023301319167328693,0.002903324826783127
157820,0.0019364983059100283,0.0016727843570523704,0.00418169676054353,0.0012212563877383453,0.0014801048555759255,0.0019818026942231004,0.0017614896280173653,0.0036474447170329327
157822,0.0031250823927300164,0.001980451988572565,0.004391680475933413,0.0016234448457774775,0.0025898530102053258,0.002704607636252243,0.002180761334574177,0.004616850532102534
157824,0.001690133608322611,0.0022448803188480776,0.0027596785889452136,0.0032490157166909506,0.0035822686319991193,0.004415439096106477,0.0023206005221622222,0.005710525698678026
157826,0.002041198098148067,0.0020175314082632317,0.0015818934873138013,0.0009365883542472898,0.002029964280537269,0.002681108636791288,0.0028696325954041257,0.003633660755099355
157828,0.0022257985029584676,0.0014177233782875082,0.0016341368597761474,0.0023789339897375417,0.0019741118590169138,0.002285536730917706,0.003333658422164598,0.004591330514283565
157830,0.0012231409023938516,0.0029155829485772444,0.0015400789529196879,0.002430743092727408,0.0011468680695295858,0.0018450385705999356,0.0016989399152716467,0.002108115741001129
157832,0.001389725961839075,0.0017473913413965647,0.002306957855981173,0.0019940143659308435,0.00262516089829129,0.0016273269324875717,0.0018589454076494705,0.004955346972280117
157834,0.0014529374179944043,0.0009716329598297296,0.0013928685379949318,0.001235642112759186,0.0013433807553881044,0.0012298026215384894,0.0014578834498525511,0.003331471313433601
157836,0.0019194175079759734,0.0017651517020955826,0.002735403257878369,0.0032387812574585784,0.0020819976784647864,0.0033327882239159307,0.003095704399700208,0.004312641670108308
157838,0.00257672027600854,0.001799281612833173,0.0018713038900935453,0.0034867640571811936,0.001914561842534926,0.002753749347190873,0.0024198807365179015,0.002291334222595101
157840,0.0015746579412893175,0.0031848373415224174,0.0009411011890077293,0.0019174451411609894,0.0013395347244763572,0.0013496270550499845,0.001141654071001988,0.002951875469294221
157842,0.0018439474242688686,0.00218241293172472,0.0015562699511060263,0.0018834801998866002,0.0022980390254297017,0.0016947806514271968,0.0012930481907733743,0.004434061889151464
157844,0.002266791537115731,0.001981287627420683,0.0010885424737577948,0.002271237041959806,0.0022513118144541627,0.0018606011023081376,0.002533309334721859,0.005856518490165996
157846,0.002006201474014313,0.001226427622094628,0.0012046515202302488,0.002408278840621003,0.002279286277819273,0.0016233058567289987,0.0014643035317632447,0.0034238802299162985
157848,0.002392378997806477,0.0033610887198488038,0.002164945299152843,0.0030788149630007894,0.0027363101031028236,0.001953320525759486,0.0023595782980203595,0.0031985736989304514
157850,0.002017545463893225,0.0012043797517702487,0.0014420093961713953,0.0021440357993187664,0.0024754988172848297,0.002153824645090785,0.0023405143310451515,0.003687942301112912
157852,0.0016553151407459055,0.0014368607705039782,0.0009077524087259953,0.0015496739897315065,0.0010690414076025695,0.0013557259821529583,0.0016639000021110295,0.002864146125808445
157854,0.002539410545410195,0.0016952505841998922,0.0052224228571056686,0.003797863782323843,0.001957938892616584,0.0018999879007448733,0.003653819088250465,0.005079052382459759
157856,0.0006575397778113869,0.0007092309693325395,0.0009786632953461827,0.000829761009332311,0.0010832157496666467,0.0008334281562803053,0.000713550268830257,0.001977119477978073
157858,0.002452618634415593,0.0017272863791648607,0.0018032178077294209,0.0029555841849618347,0.0013815042472140604,0.0018074237323108117,0.0021904379399530077,0.0035346600215788865
157860,0.00125620918890125,0.0014708305828126655,0.0009839744717066723,0.001859489941569717,0.0013338649945204978,0.0016641519581073322,0.002148321676170309,0.0030155900978956623
157862,0.0015091680896341941,0.0021139386666178123,0.0019057711142046602,0.0037691878382595384,0.0014480797424055863,0.002010603601615424,0.0012036871523832815,0.0030256868007155213
157864,0.001750994155537422,0.0015892926425578602,0.0011503514262045655,0.00243920092712685,0.0018218023729211913,0.0022311220807992443,0.001820253039835018,0.002022885456148385
157866,0.003390788604973674,0.002741531963582844,0.0013890730473398727,0.003354081449890703,0.0021577388812760306,0.0016214203365355062,0.0025410845945328525,0.003877831345447058
157868,0.0013070094991365355,0.0012411379083057117,0.00111489213088789,0.0016469127307133236,0.0010333578509411773,0.0011767248307013173,0.0006408919332581697,0.0018136380479958497
157870,0.0018297985845677212,0.001986727893449336,0.0016065344873817389,0.0016799140034718385,0.0026953236099325345,0.0024728286510191655,0.00220855339525651,0.004236728550211455
157872,0.0019916392549390594,0.002131464915638759,0.0012689731142812577,0.0014889077122132305,0.001520412000572971,0.002192245291186015,0.0023998861492762757,0.002506325142774282
157874,0.0015675967965120968,0.001834873685091623,0.0013959016440485833,0.0021613075093904754,0.0016023757568007918,0.0035917572170874323,0.0019016390257944327,0.003130127477163569
157876,0.001570813541090177,0.000842292959991886,0.0009498187245716855,0.0012572437688623261,0.0014740002910077626,0.0017118323653528833,0.0017265857103380272,0.002663427570613275
157878,0.0031529217106660568,0.0015667246324136408,0.0013169149726027923,0.0020320349890745604,0.002778342573984141,0.0019967494409511982,0.0025170940053326346,0.0036872527811537825
157880,0.0027238865273704477,0.0022323508248139334,0.0014921008581816886,0.0022143972724500416,0.001480987550813842,0.001989949168823779,0.0016255856680058717,0.004799546828851087
157882,0.002977962217881172,0.0018999690645813555,0.0016107799415665675,0.002110658902639964,0.002567814521065706,0.002609529066006866,0.003850207102375214,0.004323991730431409
157884,0.001156670506878621,0.0010713454520470123,0.001097537497505796,0.0020316326510983473,0.002161040461371569,0.002168951164279953,0.0024799889049396118,0.003477440320232894
157886,0.001577396292165703,0.0021896481990180683,0.0019511412425183977,0.0018209489341099033,0.003608254145825454,0.0023201160136539084,0.0021386525134517442,0.0049897334958795
157888,0.0015637742892060796,0.0012855296610925354,0.0011792971183282597,0.0014104833601216726,0.0015119923204571922,0.0018039620191512423,0.0010585883879257185,0.0023253344962947953
157890,0.002227445614303214,0.0016416637041771764,0.0023841708753258445,0.0016265320550745838,0.002692544336851066,0.0032814917980866914,0.002560206158817524,0.006306657177115371
157892,0.0026191931110643996,0.001928367214872273,0.0015632625585491056,0.0014900754413696427,0.0014964235588926927,0.0019603640935770272,0.0015362008054458642,0.00479182601342476
157894,0.0027574418074503004,0.0017890905761176606,0.001542109388857904,0.001888625270854552,0.002555273386526183,0.0018923124429668509,0.0026630615272065783,0.0038811642529635315
157896,0.0009564536719750549,0.0006493158465682748,0.0008862504545883478,0.0007624419211809674,0.0006667531083488637,0.0009300902761391928,0.0009529321690768949,0.0017493144372232733
157898,0.0018377011551996697,0.001078849195981002,0.002832132091630815,0.002276894080575298,0.0019833745093623123,0.0016092107390841548,0.0030367372405474408,0.002948521450761979
157900,0.0015186964040057038,0.000930389666792486,0.0012336558718653023,0.001085775346160514,0.0017994807224569614,0.0015411615686355962,0.0019064220072826377,0.002325612946496927
157902,0.0018883879404685278,0.002022234407238699,0.0018222889606762799,0.002392483588188901,0.0025326235014700438,0.003073725912599079,0.001565901947311099,0.008408379428374246
157904,0.002758405515857501,0.0026128939114116734,0.0012117448601465242,0.0034665781845424903,0.004121474368791456,0.0022761493313833286,0.006004919790374652,0.0042884755885457815
157906,0.002067392781495203,0.0017314905868383162,0.0015153255416857636,0.0019815682028385823,0.0015295709204755092,0.0018226687350808707,0.0012196600509700867,0.0028256058418732466
157908,0.001423579112294196,0.0019078949776044768,0.0018502126232095156,0.0020609520782480933,0.0013196969925275553,0.0011746123851379964,0.0012707158596319545,0.0039472888526328465
157910,0.0030389921326525737,0.002273596779667708,0.002061307583079375,0.0017714551000489465,0.002119154611538221,0.0022577854338968195,0.002822281615831257,0.003826727670425481
157912,0.00280505369757883,0.0021998473105800387,0.001508215692078832,0.0021319767839145243,0.002181196271070718,0.003413947493083269,0.002540303077652517,0.003982869453605042
157914,0.0013264003069446417,0.0013934500310528453,0.0014345083173979006,0.002047307164449022,0.0014980524196778339,0.0024046794483665312,0.001643255895489984,0.002281889711813534
157916,0.0012443940350526234,0.0012998189446058461,0.0014738206583426866,0.0017548500484704382,0.0014543517825042068,0.001978225142784132,0.0022245929998233743,0.0020134011762318466
157918,0.0015881409908367061,0.0018816983254288377,0.0013800031537907764,0.0018876268354445364,0.0017308619081935067,0.0020926030022888065,0.0016472317367483141,0.003250409254686462
157920,0.003112397700734404,0.002301626002851942,0.002176666013599393,0.00122362743938087,0.002202137509806301,0.0023728059805595003,0.0028836643990226563,0.005239552370333522
157922,0.0026054224637884205,0.002090559564001518,0.0018730595554627971,0.0019124847736598505,0.003076532944498389,0.004567082523920796,0.00271523289389132,0.0033088266413836553
157924,0.0016381170397820194,0.0017794206249938244,0.0016727547987211017,0.003914846174784492,0.0024064060751112365,0.0026419920008340925,0.0019400484439908855,0.005426172260738549
157926,0.0018671462570164638,0.0020358615398328173,0.001297988435644118,0.001652805258173587,0.0019335109445354354,0.002386400014975712,0.0013279395705967506,0.0016920111515950215
157928,0.0012034110988692337,0.000803349378676075,0.0011512883761190112,0.0015544919352113024,0.0016059811714647237,0.0017979772433007885,0.0020950989379629054,0.0031807869930331467
157930,0.0023183818878962925,0.0012889614304401192,0.0016966583182292383,0.0019289254220788976,0.0012461947844336074,0.0020322496080083102,0.002348821424835501,0.001901121490012328
157932,0.0015093353907347784,0.002344620581630777,0.0026624052497604828,0.0020164676730383135,0.001872137776857144,0.0036022957288306956,0.002779141816645847,0.003294336124693098
157934,0.002350550640532134,0.0018387818259384958,0.001725301468415097,0.0021821511957620388,0.001913605136182106,0.002259633103651737,0.0015130496604980892,0.0029716545730040927
157936,0.0022850964987473216,0.0014046228171418207,0.0015281096564523922,0.001392777890519073,0.001505980143408303,0.0015508887780448788,0.0019472462560878867,0.002697540863037029
157938,0.002210465233389025,0.0017929622970918602,0.0013916478253786502,0.003261062836179565,0.0015090210575687824,0.001469413652515128,0.0014172372541377265,0.002720812740230949
157940,0.0011951619873325076,0.0016171626717133153,0.0012259504417636707,0.0012120506597462916,0.001677954982822763,0.002053141429426711,0.0027894070649212704,0.002658211906176114
157942,0.0015887595285649786,0.0018099142646461758,0.0016937584966053715,0.0019097396765577757,0.0017376252542107423,0.0021703556537817775,0.0020769533233827714,0.006070828175205101
157944,0.002643168591562939,0.0017956862630093134,0.0022003813042306697,0.0035357338367536656,0.002810673687604473,0.003300559023575192,0.0016234634581536178,0.003983488268715973
157946,0.0014460311723441116,0.002206028543845273,0.0019258039679655031,0.0016944754754144725,0.005667436736184195,0.0019046319122841826,0.0015828753879677665,0.004239139141528847
157948,0.002102972515870563,0.0020194748962119174,0.0015780917587194937,0.002032926453979178,0.0017071115014090227,0.0022995897399360476,0.002731644201589903,0.001954282496563542
157950,0.0012810081060410372,0.001981270713934613,0.001594668271836644,0.001694906717076075,0.0015252270500809573,0.0023479935190893336,0.0023720428030232915,0.001565943223852173
157952,0.001817923128385246,0.0013893032578688042,0.0016290171052051883,0.0019233211717878534,0.002468827398907969,0.0020706191049214007,0.002458368525450061,0.0024276125896314227
157954,0.001961543268753696,0.0011966141201663755,0.0020186238774556747,0.0017390193997410958,0.0015788279364381541,0.0017203395485926448,0.0016627599042140506,0.0032561415722940357
157956,0.0018623800356688675,0.001618885930360206,0.002894730002750437,0.0022370683138071,0.0014670509559411848,0.0025908461372348146,0.0018504087621695892,0.0020858794712108747
157958,0.0020579661692912143,0.0018569552446534715,0.002141341241906916,0.003124460997256051,0.003139852014613989,0.002926733347622168,0.0032199240186492895,0.006373253310752114
157960,0.002933877704307586,0.003793798589463507,0.0022016896527911195,0.0028741967471347524,0.0020273816565803543,0.0023439131715650152,0.002456152170474138,0.003245771091101801
157962,0.0014424632465415699,0.0015985602043105396,0.001132221943038525,0.002097502864442158,0.0008263610832176665,0.0019995087120607824,0.0012591323074993,0.001899514102170985
157964,0.0027105248805951027,0.0017014710501948166,0.0020572375183300906,0.002104355823652218,0.0022040094925630666,0.0035216220393646247,0.0015325334606908214,0.0047336997006369175
157966,0.0016019308070467503,0.0012199304151361279,0.0012459930589016205,0.0013227241859704725,0.0015025261029050357,0.0012498992282774513,0.0015566382575749188,0.0039054137170924097
157968,0.0019414562123962753,0.0025556888204581463,0.0014363705289357487,0.0033981155276310293,0.0014579921231827747,0.0025231337539488724,0.0026806183242334414,0.0032718156727146314
157970,0.0015798156965198817,0.0025136315617738797,0.0028275103530606693,0.002226128579554898,0.002002908045966159,0.0022039766132238153,0.0032131918336189558,0.0034352233331608334
157972,0.0015916795346788831,0.00161211596538835,0.0013958504250166787,0.0019419910290313785,0.001728147315810169,0.0013742461177825849,0.001674817194708203,0.002675363880393855
157974,0.0014287205238618927,0.0010728706574616442,0.0022549622756832394,0.0012691498831083337,0.0024499372378562617,0.0017157859545551823,0.0033912068501107534,0.003513649877646255
157976,0.0020355946263555524,0.0015065315731455226,0.0008809919979276028,0.0014765005516670926,0.001902545289120608,0.0018651893552380644,0.002067898930971035,0.0028206617848297727
157978,0.0016591595566762957,0.0008300982088380593,0.001236550550894902,0.0012231789462555792,0.0008988689819134366,0.0019783255525871457,0.001983563646882125,0.0023848352144504453
157980,0.0012892685290367828,0.0015054204312578978,0.0018226216587181737,0.0038739294596759066,0.0022166276804749807,0.0027308533760797005,0.0016572053992015001,0.002276080728158769
157982,0.0025624938561487204,0.002215943358888653,0.0029437858544502232,0.002432459574242554,0.002195697790392581,0.0031724321611401596,0.002706531010152405,0.005044424542689774
157984,0.001385731729848294,0.0016066700687957791,0.0012493082124365174,0.0017311877032410994,0.0015079471882454426,0.0019333451750297576,0.0014189669786120046,0.0029065321409861428
157986,0.0015284047079237167,0.0013429711668167116,0.001692199944015163,0.0011449915977849306,0.00133547256599377,0.0012839954272294563,0.0011413215427327206,0.0018791346440564377
157988,0.0015339942115229072,0.0020911176026348205,0.0019950232432953824,0.0018985722011684164,0.0017392027180266473,0.001129028263208376,0.001656481491377551,0.004075178642841459
157990,0.0012686750770080218,0.0014489780785390677,0.0012442471194007987,0.0023476281749191946,0.0017412363344357917,0.0012311305485601803,0.0018143710772081795,0.0020384455209274677
157992,0.0013534927448072415,0.0017526478550440455,0.0014270844976658342,0.002164022914242017,0.0016522025397900514,0.0016971269765553437,0.0011504231941474874,0.003734049327554223
157994,0.0022399401970078087,0.0022513386816802733,0.0016166797245931314,0.002033152542279662,0.0016238042035711248,0.001719142893046366,0.002231399407379722,0.003729744060150267
157996,0.0018238786152748876,0.002310227682883692,0.0016224090251509976,0.0022694094783753394,0.0026447784018890363,0.0025647067333889467,0.0021795406125908606,0.003707392074237481
157998,0.0015535646909425882,0.002150887585390407,0.0019994364171750517,0.002018362447835431,0.0010628610768412816,0.0023574930392794707,0.0016841714890103582,0.006305789798389583
158000,0.0017704044327655627,0.0012371940988460534,0.001188352419732086,0.0012069750850825095,0.0012746560392309925,0.001271912365742589,0.0017092833673340024,0.002538112767259071
158002,0.0020315194797313613,0.002128426619725454,0.0024640282497579435,0.0026886827289394066,0.0018265087762016213,0.0018121540381717122,0.002411177341180362,0.003570266170962677
158004,0.001786911717863729,0.0022612122595356277,0.00203371361806938,0.0021732952035214,0.0016698846193712868,0.002020869990618804,0.001800553575584521,0.003111844066967573
158006,0.0013813023743747405,0.0011042880614221678,0.0010007898063695841,0.0013778083544103842,0.0011366079328403722,0.001323330149232152,0.0011160036852382454,0.001986476507238169
158008,0.0029008407472964765,0.0019314593103309102,0.002054349531859803,0.0017661579126899835,0.0017042009112779866,0.00208985002903056,0.0020373164249468806,0.002670038362923899
158010,0.0019433949036198328,0.003306975026683992,0.0022274392848547486,0.004322630816656903,0.0032289604765079055,0.002836942528777142,0.003141370186934847,0.005391965154903033
158012,0.0016286280051611701,0.001483048961449518,0.001218180214739073,0.0011849114596918092,0.0009954014100471142,0.0024936483961477407,0.0018239737556664665,0.0022632031074201198
158014,0.0037879978951105286,0.0015752345186584998,0.001667929327047235,0.0024434532148560756,0.0019340718616468605,0.002518240208007741,0.0035763125587993105,0.004791839422977395
158016,0.002456652157248454,0.0016483795067792073,0.002045890166697109,0.00333190308688959,0.0020504104971147546,0.0028467517496601064,0.0027184103542149535,0.004508285590923755
158018,0.001981537026811156,0.002140093001380683,0.0015362711833173531,0.0022298954341916227,0.001876209305894605,0.002262561957359202,0.0023774268578478086,0.0031123960380968207
158020,0.002634514218889328,0.0027452591674945875,0.0020926094780000654,0.002790329507992309,0.0020412640751041877,0.002315681703691022,0.002605975833322574,0.003542107873816258
158022,0.0013767123008601306,0.0011667867009643729,0.0014960852129822927,0.001984588132539558,0.0017683043465235304,0.001995081148352798,0.002110611666347753,0.0051862313916481995
158024,0.0019508868526509904,0.0017806248705130034,0.0014689995579273418,0.0016975914019106697,0.002420516308442991,0.0017969999082108196,0.0016637583802153189,0.0029886319697445263
158026,0.0015034096799829144,0.001453277950206125,0.0018941914252496167,0.0017813911347897143,0.0018652794531771738,0.002391695390156434,0.002379384986761615,0.004324242577369297
158028,0.0015077267320641324,0.001097389650682859,0.0015148568892675573,0.001551670237243799,0.0015727163913761277,0.0016599062085383004,0.003476685541679514,0.004638796059986738
158030,0.0015634343045221183,0.0016859049929179998,0.0016857272585757976,0.0019764307888304883,0.0013219780337414694,0.0013118484026444222,0.0011524346171576383,0.0027995355194360277
158032,0.0012470218456544502,0.001885307561067029,0.0026541615845650096,0.003247218277472111,0.004760786930560812,0.0023561315876170635,0.003945861273673634,0.002692306577790085
158034,0.0018620909895710747,0.0012141375585618258,0.0015150537956559879,0.001482793035703145,0.0022682660278725564,0.001927469541086746,0.0024518976966603767,0.0020895186360536805
158036,0.002379750976278183,0.001581520427165209,0.0027310488328851634,0.0022802631474617835,0.003190953891376802,0.0016722234027658628,0.0021898124115655865,0.002795935129834906
158038,0.0010975288584358506,0.0009906983775649497,0.0018826938987859254,0.0015149375062418202,0.0014492231276480722,0.0015306944358951663,0.0020255212135680822,0.0023722521837845623
158040,0.0016972479113423061,0.0026194241877233737,0.0019587809802033007,0.004032686478326275,0.0027779640048051363,0.005090110296325501,0.0035659024673096035,0.0035517305333159777
158042,0.0012260574013964881,0.0009780107775064217,0.001362714238571039,0.002324854163972115,0.0023242097271991696,0.0013013846400561496,0.0012752519557027164,0.0029009502989174596
158044,0.0018507398503691541,0.0012062302449964563,0.0016924218498687443,0.0014566803483741092,0.002019115317233325,0.001591299675282945,0.002017360736663046,0.0027085384344345403
158046,0.0027556107169081218,0.0017218021777250098,0.0009479543190159569,0.001203895505865804,0.002724100400309251,0.0022713492473692143,0.0025061621444280036,0.0027279282004461086
158048,0.0021295012603151364,0.001779749386657939,0.0013536624215593762,0.0015222396075529332,0.001508000424174663,0.0023343179661461377,0.0026326380190006132,0.0020428508726833133
158050,0.0016142493073582204,0.00207735536980648,0.0010004942590511323,0.0012556840061128671,0.0015095623329979824,0.002594912016197895,0.005359486064637764,0.0032806783651402466
158052,0.0015942818086505661,0.0015047521509805595,0.0012679140863458699,0.001535337420639507,0.002170889874728632,0.0019981436588528134,0.002013329967862687,0.0030731674685716137
158054,0.0016860347051329688,0.0012096527638561505,0.001347471870981068,0.001001593236798437,0.0010396505892052016,0.00135632710964112,0.0010771065109063116,0.0014258801078612798
158056,0.0017135387151845927,0.0015918611579662234,0.0008579600749064747,0.002105364202527063,0.0020437376333686808,0.003374653408551309,0.0016061280760582136,0.0015224448423350467
158058,0.0022933272231320245,0.0017878119584291557,0.0011127999214504691,0.002644204453274901,0.0015883506209535825,0.002197788477310572,0.001945148570730526,0.0017175177399677555
158060,0.0026965317470222794,0.0010610384050400296,0.0022885012094115004,0.0015274678067323522,0.0017265213166241106,0.0022271280980623726,0.001995801038269518,0.002694191928207315
158062,0.002040890444177157,0.0014339225507237346,0.0012633773003537657,0.001430829792008606,0.0021285850829417946,0.0028929861178861316,0.002940899050020429,0.002696950383436425
158064,0.0026276126253234194,0.0026430023515935375,0.0018156489964116368,0.003188830943654533,0.0016774383240678592,0.0026408776984612192,0.0030735920796743366,0.0034448357933323237
158066,0.0018064799329793463,0.0015373001691756927,0.0016874413628409357,0.0024969552048005467,0.0025660980981517256,0.0023000313659204963,0.0016726124957711641,0.0038185313234182505
158068,0.0016328652001105365,0.0006854504815390627,0.0010719817982196705,0.0018404112585749394,0.0011842675562201421,0.002020200512903081,0.0016628139831854072,0.00290823228940619
158070,0.0017583324446813903,0.002026810721339825,0.001404398600321502,0.002046585796017922,0.0011415256856879413,0.0023778573663264663,0.0033784589456908876,0.002517266704108581
158072,0.002049445723399948,0.001447005961209294,0.002430721787474735,0.00432294726633331,0.0023358527839407867,0.002448886695707364,0.002576453272354687,0.004058545967413674
158074,0.0013509255927279945,0.001814778908650061,0.0015563181547415539,0.001090326856234905,0.001775658374256972,0.0015056745438703084,0.002384310575321416,0.0028719735110774303
158076,0.001932365117980464,0.0028293421884123676,0.0018500267494758887,0.0019858874557599077,0.00312982319013827,0.0022663889383073427,0.003282500834020499,0.0038015980933545634
158078,0.0016129162895595212,0.0021377419480196475,0.0016925714299781541,0.002128178796457006,0.0021786422487828916,0.003079224253382376,0.0020161531904039354,0.005281713689904655
158080,0.0011887176743441419,0.0012654755736089124,0.0011268615484064798,0.001387222059779314,0.0019469681212372358,0.0015366420808894526,0.0015106744229410746,0.0021552916781006903
158082,0.0034547752309244256,0.003178262924447006,0.00238722301479527,0.0024092372558926073,0.00737950271247545,0.0030423446017815436,0.0021172343470574617,0.002790372013310574
158084,0.0014172709126736849,0.002511699967156625,0.0018863817511883263,0.002274875897079698,0.0016218679846096706,0.0018306652518147587,0.003005365676569449,0.003480696735669364
158086,0.002407359365394837,0.0012516095890289375,0.0014739482307331159,0.0011734868127628723,0.0016413180714634074,0.003134306875414841,0.00118654546688024,0.0028230333151736536
158088,0.002304810138380034,0.0017982325187138187,0.0022850231308413488,0.0027380061159494457,0.002048703069795335,0.0037884436273236677,0.0027619158857311726,0.0043258967815242855
158090,0.0031488929685272865,0.004310141786696642,0.004086055794216892,0.003391770480567269,0.004704476732243779,0.007653076493346289,0.004086188195007168,0.0042380458024804946
158092,0.0015302513922334088,0.0014778951154978959,0.0013750740113594034,0.0024099358014684352,0.0017551450064703378,0.0025549152289841004,0.0016053807837224654,0.003378216868724651
158094,0.0012149889741517317,0.004161845181938573,0.0016801402940514049,0.0016412948293465512,0.0010720742536440842,0.004188513145209072,0.00507978941503584,0.002705688795956507
158096,0.0010845947888308421,0.0014383774905529917,0.001967928971904398,0.002684964031564721,0.00210551872802002,0.001993946828176052,0.0018082667090895677,0.00547520954386066
158098,0.0013895179345704278,0.00208005898735536,0.0017983228804422519,0.0017225634110388383,0.0014582183018687633,0.0020400547791652596,0.0016763811458809924,0.0031361124301496762
158100,0.002478702322150639,0.0018684036569214246,0.003615434578672763,0.0018342986240347386,0.0022799173415608692,0.002329821189273107,0.0030178936096470488,0.005788346944265221
158102,0.0017273334464162904,0.003949503280860578,0.001991570094933337,0.0038160303626871978,0.0027120355633203502,0.0034574869582435497,0.0033895279515355897,0.005637015329830464
158104,0.0012318979417438314,0.0014595637873091594,0.001469318833982547,0.0016697266072391997,0.0014005110225676631,0.002547793452484237,0.001573588448077326,0.0015340327308449725
158106,0.001697342145241587,0.0019344565562656874,0.0014076312296049664,0.0017547882508873874,0.0012904303773642184,0.002241640506007947,0.0009760104201774235,0.003031573158067735
158108,0.0022594517733729447,0.0025575860085985114,0.001837506649038867,0.0014232044133324906,0.0020395466654308386,0.0027354987287023236,0.0032275550365401667,0.003701532279515085
158110,0.002919094497588981,0.001859000339313313,0.0024308646813873125,0.00255530803611638,0.0016455986307840759,0.0011969247065440336,0.002160799058620322,0.0027761453474757364
158112,0.001473038182614475,0.0014444096138049312,0.0007790767394146858,0.0014544645863168726,0.0014675840809288965,0.00118013367170057,0.0013925371051082408,0.0024017837617942295
158114,0.0013449598938786167,0.00191284515699075,0.001833675477059593,0.001959184283587559,0.002084376390939627,0.003304342692569906,0.0018365783353675585,0.0028791431054307065
158116,0.001576571697113005,0.0015796001158128181,0.001542994283943111,0.0012364027890911095,0.001283416688978356,0.001936185532723178,0.0011332553171473775,0.002778546006665508
158118,0.002747527713634415,0.006238513416064961,0.0028630345519396055,0.002821066600056321,0.00312344074327614,0.004488302384659859,0.0017091961951255646,0.003814572882643086
158120,0.0017368013932200221,0.0018197568712031847,0.0022173271936622996,0.003920897577227633,0.0026155891014928573,0.003651795883092293,0.0026342817127700813,0.004229709246970581
158122,0.0027038664498130333,0.002537755439104894,0.00142286376961126,0.002323598061895693,0.0017797217267628979,0.0014397923853940592,0.0021258531921199003,0.005755827272189207
158124,0.001606280362301829,0.0011278309204110215,0.0012914047851620009,0.0011962783198332105,0.0013098444089646583,0.0024119895996325275,0.0013098589700899638,0.0019212883419661986
158126,0.0017919503710684404,0.001505859287660949,0.0019214068914630428,0.003631398890221585,0.0022750091591633576,0.0025079666114130733,0.002104390002031789,0.0029016971509787798
158128,0.003004679111528033,0.0019032811166419666,0.0015710943768208058,0.0016937808807320764,0.0017684240314164712,0.0022347205698105554,0.002283448497956267,0.0022785692336272506
158130,0.0015244034078754215,0.002114895201566616,0.0018454853617372452,0.0022363047390061702,0.0013249706857801358,0.0018470681286720941,0.003896832561084418,0.004433025048806494
158132,0.0012735941103088205,0.0014822887085819136,0.0014618244487496629,0.0020718136856199415,0.001769235300958641,0.0014389158373911415,0.0017125762836339847,0.0032781298918094226
158134,0.001560439971566796,0.0019337448685352726,0.0011416233585640617,0.0016579033754222788,0.0008983087282163661,0.0020707123396708355,0.002112384758785668,0.0034839608319053306
158136,0.002742258005839285,0.002277677709546566,0.0018788998484798314,0.0036086797755994215,0.0025529862800760666,0.005195283839761977,0.002434711905106149,0.004539780750371314
158138,0.0010108537248461197,0.0009245933719648353,0.00070461928868518,0.0011112205048835616,0.0008372235710822663,0.0009848910719729848,0.001167151171799219,0.002699484949328715
158140,0.0016414569239012883,0.002628938431912309,0.0021164743685717774,0.001583789395312396,0.0023382307128037155,0.0019647566196925315,0.0027043154889572762,0.0033005140795785426
158142,0.0022712125417802126,0.001639804357374,0.0022580838851291724,0.002610903981868695,0.0014050389082203574,0.0023202186534555663,0.003555802546269471,0.0015173787798357236
158144,0.0008393195758045341,0.0013781811783508818,0.0009664730191300298,0.001429754538532349,0.0014804597368090477,0.0011304697207725756,0.002233195408445479,0.0017277772106428918
158146,0.001554492816474573,0.0014281055316021085,0.001031677445553436,0.0026528282809425013,0.0016760730556559938,0.001525589627887014,0.002266100578936836,0.0021785521791582024
158148,0.002248131656115371,0.0018512280431416533,0.0026808493943531048,0.0032635642326907105,0.001802225132082072,0.0039675517328350285,0.003057611783519043,0.004268981309021813
158150,0.0019335197901435563,0.001795087387623795,0.0018621459676907565,0.0015110407697458417,0.0015326442981467014,0.001606546432650957,0.0016815945974579805,0.0021862638641073767
158152,0.0018337641725221787,0.0021633374055997218,0.001807628043473175,0.0024857310246571146,0.002156132282689127,0.0018101583403130755,0.0021257676555697658,0.0025363593980154975
158154,0.0020884153175271397,0.001762752230718992,0.0020190319557290004,0.00125207934574946,0.001913726055879375,0.0020603074445624397,0.0012732694765917874,0.004083898630363514
158156,0.001550220746916589,0.001149925918620065,0.0015835355932206086,0.001582246142195487,0.0018828219201774132,0.0018225548622198412,0.0021873700804269647,0.0026554441594426326
158158,0.0007606874542376435,0.0015192588689055958,0.0012359095277227894,0.0010634200643173802,0.0017961292488044567,0.0013805451365591637,0.0014194781014789104,0.0016917714984671234
158160,0.0015327773083841922,0.0020666197865504277,0.002070421115179022,0.0021422991279807096,0.0018436329396687157,0.00236336219382495,0.00203555126297196,0.0027565940554513807
158162,0.002421631143306513,0.0020842495146666806,0.0017612576110393463,0.0017760131631044396,0.0013797670730210237,0.0015971890170485836,0.00274544264672362,0.0031981257934691337
158164,0.0012861083411104396,0.0011598761216041198,0.0009060919191930007,0.0015192138562652446,0.0015615379627655912,0.0022605813103217104,0.0020641953768996135,0.002538026811025121
158166,0.0017658019180482598,0.001893778656516576,0.0018289079065914177,0.002899875739064195,0.0019387005635033289,0.002406402420220402,0.0024154432241241253,0.002325620132529252
158168,0.0028841561360043594,0.0016934681296270626,0.0012282761693518385,0.002330591572423879,0.0020291003145595093,0.0015165575498811285,0.001798954212071227,0.0032003462457765863
158170,0.001447953577982164,0.0022739417506319054,0.0020646219156539303,0.0021413233137562854,0.001895758280476889,0.0018633441134913303,0.0021257065100144246,0.004067025778986599
158172,0.0032312737684527804,0.0017825995070614026,0.0019702181423376097,0.0018621167102277902,0.0018182891040510185,0.0022286888219576056,0.0014693074102694603,0.0028673002143364684
158174,0.0015223727469542703,0.0012748076654800489,0.00209817547369108,0.001556140627967162,0.0021776985228649792,0.0029432732957943714,0.003831298828615992,0.004709999512429397
158176,0.0015295108946853375,0.0007994037859159232,0.0012440731446405895,0.0010075866699681968,0.0007455953463592208,0.0009488983994088707,0.00168915541950089,0.002284337233521408
158178,0.0026773034299037435,0.0029749347540995036,0.0020272498177433818,0.002555466598651357,0.002191185622822403,0.0020243112270707103,0.0038190796832672375,0.005837041491354222
158180,0.0014320165337656926,0.0011865970530267195,0.0009380857604529697,0.0009742281396576402,0.0009788525662224878,0.0008956950337282756,0.002147698738177009,0.001844891359007575
158182,0.0016303248699061634,0.001280674263185233,0.001030012993701368,0.0014668917221885014,0.0017560637487507164,0.0012887338051756903,0.0016013168659247956,0.0035097967338076352
158184,0.0022890041498580538,0.0022135748299147995,0.0019508605260567524,0.001714374316314507,0.0015990240512859938,0.0018975659467192069,0.002751819817902748,0.004045672237551534
158186,0.002234667386411107,0.001977561441751041,0.0021280450947496754,0.0013796217812975797,0.003773974414979231,0.004955231587824793,0.0015340587024790242,0.005408610798922686
158188,0.0011797794630064168,0.002340089379062174,0.0012441191337645569,0.0019061263104447473,0.001752131672316859,0.0019894011419442498,0.003010755953772329,0.0031694449631223254
158190,0.0030300231087688895,0.0032204055814039206,0.0023071417983280273,0.003104265239326276,0.003925865866102107,0.00381872377436393,0.0037981075978175127,0.003523277612467235
158192,0.0018377656734739484,0.0017448791730151486,0.002717560855991563,0.0019282340554511862,0.0018875669506626114,0.0018225548622198412,0.002356575354509838,0.004465342964128427
158194,0.0016227676680182768,0.0011837181585334783,0.0013545592260205824,0.0020355112615005333,0.002481784297539369,0.0018127757383441662,0.003077965048876599,0.00327084918685229
158196,0.0021988431028072686,0.0020939419834720696,0.0021020022848517034,0.001445292648512897,0.0012840792589910444,0.0038454569585164577,0.001216318495535218,0.0026643797088610754
158198,0.0019397534320566567,0.0015778014197884715,0.0015708607882474745,0.0014893953365905516,0.0018468955408317833,0.002655205356692447,0.001783857378891987,0.0032239162847136904
158200,0.0015561503270161842,0.0015739251011997468,0.002466533807382945,0.0011654265466476965,0.003395333847322546,0.0013607643679200976,0.0041901759084348456,0.00247365937970484
158202,0.003481173240552027,0.001946291935328151,0.0014644728893566938,0.0033968904231613944,0.0018421034490523902,0.0010542783395189326,0.0017946539992698268,0.004012740071397625
158204,0.0014807318030030242,0.0025319385108694276,0.0015981449738697862,0.0022324669939957076,0.0016564438900973505,0.0019497516796245784,0.0013804535068707852,0.004299075678193598
158206,0.001310916485876279,0.001163470395547428,0.0012300205395426311,0.0013514355414257079,0.001196317747514955,0.0015869900533375253,0.001116008912120714,0.0021727513097803547
158208,0.0023336196704415446,0.001725245144808485,0.0023260685629074157,0.0030867294198605594,0.002930357272062034,0.0017517059957351672,0.0023588979457258574,0.0036559838580264015
158210,0.001985714143829101,0.0014778859498909558,0.0011933318462557102,0.0016237393541113226,0.0020520676713930985,0.002064179128675514,0.002618011195182568,0.002510660903198847
158212,0.0017057560556643786,0.001985541835441751,0.0011040481607340613,0.0018016697578988744,0.0014278732544160816,0.002287182990713177,0.001803481365048043,0.0028675938546192242
158214,0.002156818378988859,0.0012231682626456242,0.0018758298021035458,0.0018171477756212667,0.0015168648321651212,0.001465330662011377,0.0027896868512927164,0.003928813977793821
158216,0.0018013990598271384,0.0024716854230347196,0.0011290750785969556,0.0024057171772382535,0.0029120039569291573,0.0017989279833763305,0.0031665430234826264,0.003465956613178514
158218,0.0017976019455269304,0.0013988694971078935,0.001971436004551075,0.0016065840605392623,0.001439612587910158,0.0015032314416631026,0.0019543902019750897,0.0025736951706711864
158220,0.004494330147243597,0.001727770707057097,0.0018243129720385692,0.0032573401792497375,0.003988753902355813,0.0053372691251634685,0.0025552165165123597,0.0034988343411496287
158222,0.0018817565010431636,0.0014302870428030273,0.0015841170554209555,0.0027943591124640066,0.0010828950317707392,0.00105003285284401,0.001558847246500697,0.002844709630364997
158224,0.003197920180393457,0.0030859694692970813,0.004295064931117365,0.0018086044618004227,0.001918773538181831,0.002579948105211463,0.005169830020279598,0.002255376596353109
158226,0.0014118192428337478,0.0022102921918334406,0.0019681943866301094,0.0024957360642519633,0.0015003709646981833,0.0020624321408049817,0.0023617607916660704,0.00334851099196265
158228,0.0022529418138973606,0.0029737506901272998,0.0017045641762750835,0.0027007338996371116,0.0018888257019897825,0.0015169707487584644,0.002530656886293947,0.004665000098327321
158230,0.0020883414328389804,0.0019063722349225293,0.0016981811571118582,0.001859353077754769,0.001137145534470252,0.0025231345024462476,0.0011794644564497858,0.003711377130585447
158232,0.001861380848109176,0.001653265094138226,0.0008805491012165191,0.002526183304424681,0.001679935990551995,0.001802985273148039,0.0026710752402514665,0.0022478112558994706
158234,0.0016705907417927796,0.0010699719400353858,0.001844176186274249,0.001624167804848753,0.0017528328260257298,0.002310461893331228,0.0016082879305665543,0.002315673815964217
158236,0.0008061983268512797,0.0010653228395923892,0.0011681137806890535,0.0012232407036469883,0.0010239934215651308,0.0015083678934430106,0.001475164163892831,0.0016185097321417263
158238,0.001329184988528423,0.001012594380698284,0.0013133314099312288,0.0024239019325911215,0.002295509208480928,0.0012108912117503312,0.0011642949618038134,0.0031517395455127883
158240,0.001445209657818261,0.0030865704682140477,0.001530811911515606,0.0023845415986168406,0.0022122710142460367,0.0010571668780912646,0.002976709665972521,0.004349683406958127
158242,0.002424780535237661,0.0016675313474805997,0.0016207744760715764,0.002950582683751271,0.001481538401080451,0.0022272613607052794,0.0027646711782663425,0.00442731914083444
158244,0.002055117526748154,0.001584103118056568,0.0026011404970783247,0.0021382518132130462,0.002240854636898826,0.0013222530072534155,0.0023763825372403874,0.003908204159099649
158246,0.0012837306009174654,0.001126276374622051,0.0013843716571994152,0.0014270656399829051,0.003122399006870502,0.0011626451051904851,0.0012011116258743432,0.004429521525050939
158248,0.001956780905825753,0.0020868401884826526,0.0011002016789131291,0.0011268668006541582,0.0011738329281708731,0.00266717788760773,0.0014663513050475196,0.002486424225525155
158250,0.001732297372288874,0.0011873802222270857,0.0017648139626361137,0.0021829455014855115,0.0015125717978676928,0.0024472392475455435,0.0029817719028102374,0.0034785585798886715
158252,0.0022929658004006287,0.0019107967028750839,0.0012608577021835377,0.0017452688469621475,0.0020883601592491946,0.0027866312113622588,0.0021640929267969927,0.0026072440507973887
158254,0.0016955285254880437,0.0025842800182893783,0.0010688835569600125,0.0015486162415092597,0.0025759522051096995,0.0014177646171198988,0.0017230282109113038,0.0030531870198160505
158256,0.0017461133935450235,0.00174500459845911,0.0019098191224680705,0.0025536918075750453,0.0013376620082525964,0.0023306545178508747,0.0016545619457210142,0.005487336099828044
158258,0.0012839892867939767,0.0016797442191985312,0.0021319299977031747,0.0026295775817159056,0.0012938016782583356,0.001569123151174745,0.0019495243556939684,0.0036411770667006543
158260,0.0024323585231261213,0.0021678537786919,0.002164191015598116,0.002741027574913471,0.0030580971209782093,0.0041521262592918995,0.0054709730475224205,0.008871538832831372
158262,0.0023491630281241016,0.0013201425397213612,0.0012597655731240304,0.001965826118810965,0.0017283520520955525,0.0025356397613087722,0.0023275510622442486,0.0019856918993588213
158264,0.0009024746552324138,0.0008358551901896417,0.0009470814429272424,0.000783104089055589,0.0013253083540640948,0.0025615582164315587,0.0011980586243618419,0.0017765523216079077
158266,0.0015622988351005063,0.0016551672160858288,0.0019064825157327214,0.0038068055832154446,0.0018982939938263499,0.004788449466559763,0.001974814381144663,0.0018004641062552285
158268,0.0024652429514065433,0.001367994019250196,0.001538674050053146,0.001981910160257172,0.0021800564816099044,0.0023780611902629034,0.0020725571239872537,0.002601476798985272
158270,0.002903296724932558,0.0021560122357067307,0.0011988762650472773,0.002291153764527057,0.0013539039345977916,0.0013417209428251559,0.001529219524091019,0.002674849431860707
158272,0.0024527629084820785,0.0012455162941030218,0.001954462336616558,0.0018276998629303126,0.0018931386783196391,0.0038391843149701566,0.0012839986309407525,0.003423839249538929
158274,0.0017080976462474085,0.0016792080503896245,0.0015438577694220634,0.001577076724903051,0.0007354507422613656,0.000902670736144421,0.0015234540661022283,0.0010641332842107332
158276,0.002046920845733005,0.0016573591779495273,0.0012789830528066176,0.0018194752834767153,0.0012522939553055862,0.0012653995072950952,0.0015967537196681647,0.0030871268168825156
158278,0.0022894365588502913,0.0010738719494734483,0.0012955345669513202,0.0013954972063037752,0.0011802908304438114,0.0016519427081874843,0.001138897640635697,0.0025859968270215555
158280,0.00180251170826852,0.0011881130568607845,0.001388452490346373,0.0020094882558508026,0.001177312739076078,0.002017564874129421,0.0015678183418326719,0.002620324187364853
158282,0.001719328250076091,0.0013609006924895084,0.001761235723434007,0.0017312081633252263,0.0017525976369512364,0.003471623000069146,0.0021397507554250655,0.003614927021420522
158284,0.0013696711018989505,0.002121608672470479,0.0021498476341808154,0.0014906892505486269,0.0016109877709915565,0.001399689721399755,0.0024750528864059818,0.0029389821670170596
158286,0.0016026268884256206,0.0014491681032433729,0.002024491914198734,0.002383387321530997,0.0019205699384184372,0.002029947160544554,0.001103149693242822,0.0033460569749266394
158288,0.0009286728302227432,0.0013397092509141034,0.0011671330996276957,0.002142391203907801,0.0009810048269214833,0.0011435076511446957,0.0016691899089507078,0.0047298446032897346
158290,0.0019111259842930078,0.001842335934213249,0.003226391546846452,0.001338831280065303,0.002321740931779337,0.0015454050367048056,0.0016014757816007613,0.0054187403720931115
158292,0.0012806737299247417,0.001587957204708515,0.0018644750843139907,0.001564018841770945,0.0014483437131685428,0.0012608669617786422,0.001019245126091306,0.0026600226470139265
158294,0.002079161662911902,0.00206677796437528,0.0017600255505728774,0.0026947418819218832,0.001501621131798761,0.002113434791283453,0.0038972046496665858,0.0023583779766368634
158296,0.0017855636710875644,0.0016169739182854276,0.0012909997187984246,0.0039396793288501986,0.0010342535560142196,0.0013216416025925298,0.002665421641477886,0.003945124650323928
158298,0.0012304671488590074,0.0011980431512024214,0.002122034237781248,0.0014955558677351988,0.0012884158054182887,0.0015193994287972107,0.001754088890459693,0.001428304601143196
158300,0.0014193941710902852,0.0021130039244670606,0.002775014483834326,0.0013467184965825774,0.0023151769162578356,0.002279230076829411,0.002135393563947652,0.002799957345338569
158302,0.0014107752243526367,0.0012520809275708006,0.0013117906541140756,0.003500807672992323,0.0015144193331140393,0.0013700704011304077,0.002098140321983577,0.003000038993254975
158304,0.0014319367444906583,0.001905684271807928,0.0010900483806237787,0.0016355156773926322,0.0013890055706672483,0.001184032963453055,0.0015905365268005373,0.0020935475394810027
158306,0.0016332087373085447,0.001308788943021888,0.002428459187107157,0.0015885709553353777,0.0027481651054723916,0.0010500528916446705,0.0024696770791772377,0.002424255188755567
158308,0.001409149787831701,0.001902091318115362,0.0016882139429343912,0.0018342242747735327,0.0014158912404372281,0.003314955960986979,0.001587741662962397,0.00427668306449136
158310,0.0013691999044075503,0.00196785725019967,0.0015944555476599676,0.0018146303701805366,0.0013274647492279024,0.0030880603865404144,0.002488013825719962,0.0042888669029759185
158312,0.002232829954154983,0.001395179653801995,0.003103507698751909,0.001784259878277794,0.0025486220087907047,0.0014959912668155578,0.002882821861763196,0.004220202729676936
158314,0.0012774340911079207,0.0022185012486089506,0.0019538862847671284,0.002099079280819552,0.0018782972628825778,0.0036028189453283233,0.005590686017755753,0.0029438739802290087
158316,0.0014842534286631098,0.0019792247149711534,0.0015333248696287743,0.0015753782359095997,0.0017049797792181298,0.0019398623771218482,0.0023796037775081352,0.0031103758459664205
158318,0.0023199975859346106,0.001234736364680522,0.0023251645600409626,0.0015996992371769686,0.0014318902252678095,0.0022894394108176203,0.0010998468281970958,0.0023895814162473578
158320,0.0018160798321018579,0.0017287346100260947,0.0015154116818528879,0.0015718741154611277,0.0016976156532284709,0.0029350534004882883,0.0017690676421375784,0.0035950399091098095
158322,0.0015198911491536848,0.001046484417808205,0.0015197424338380672,0.0013536618733136496,0.001295508822496752,0.0019621485007661477,0.0020584038950383216,0.002537566650877579
158324,0.001328803099699974,0.0011961216463163837,0.0007653104057716575,0.0012244589717652077,0.0012533319336994891,0.0014168765719200227,0.0009577412368023119,0.0018934797272009973
158326,0.0022098386029029277,0.0014502685060771014,0.001267363120929732,0.0011267144904410081,0.0013304016402291424,0.0016834851236407489,0.0018826079070626833,0.0018088528854234287
158328,0.0034373939970627904,0.001831626826322999,0.002061787613980362,0.002095720340407184,0.001477655959746929,0.0028692199203759206,0.002701874312620811,0.0049892366862833715
158330,0.001847984996654839,0.0017995591051401943,0.001595192258605993,0.002765483732801499,0.0024928518889416745,0.001819336086756898,0.002095839379161968,0.003100614952246339
158332,0.0017453009067396885,0.0012940570884981129,0.001493465624942139,0.0015561365132282234,0.0010307182720726976,0.0019409992635388562,0.0016436911421551792,0.0021077702466735376
158334,0.002466859442068828,0.0022630755081289866,0.0021718515686528495,0.001667830131978576,0.001798606302407857,0.0018625462714486063,0.0015356892272194167,0.004193814112153638
158336,0.002086988586781635,0.002439438642355185,0.0020378535221574623,0.0017468930605133437,0.0018326607367130793,0.005138786405254558,0.0017955397708198234,0.0031631336856641767
158338,0.0022058724726135015,0.0014226383825679534,0.0012652060388207986,0.0018486310720312732,0.0013950449623410105,0.0020550746314290103,0.0014914240318187333,0.0025353501344780316
158340,0.001889824454369915,0.0018184927575024684,0.001383850265197717,0.0015216986796152826,0.0017612025796048258,0.003060079246648195,0.0017599611613992178,0.007413233888266257
158342,0.0019571747740778633,0.0012449234238241097,0.001993285817044624,0.001946168018997163,0.001932893767622193,0.0025724680163481534,0.0029950876686769684,0.00566776767050442
158344,0.0031130864865487468,0.0014318933265258238,0.0025417944857636515,0.0033902949006538036,0.0021631488924346437,0.002572000587966139,0.0028409579847504945,0.005694407530151047
158346,0.0010270753799526133,0.00206067912817276,0.0019125228957879298,0.0016194252740132087,0.00201266341162043,0.0024358072055044033,0.0032108022767391026,0.0027869631709721704
158348,0.0018564011305234468,0.0024563637539399275,0.002263678091950716,0.002199861987549845,0.002241148087162026,0.0027621504335418323,0.0036677192561763855,0.004281319929658134
158350,0.001568103335263027,0.001595589843751688,0.002086798324779107,0.0018598057756504804,0.0023443619190652853,0.0032137569444765646,0.0023002010959231184,0.003910692739868493
158352,0.002365949412283186,0.002327778959772042,0.001134444493399847,0.0022405756653422065,0.0018891770487812348,0.00169950103240403,0.0023965625726336676,0.004320218146322219
158354,0.0020941659841966637,0.0023281632475874586,0.002468259916141316,0.0025081460863619065,0.003496906505402686,0.002623050298487195,0.0015062571468838493,0.005483219598570399
158356,0.0016656923739530871,0.0014251805008936302,0.0009569761077393851,0.002072969599862931,0.0013702543520527494,0.00425303691201645,0.002096446222371942,0.002120882907531707
158358,0.0021061054295297282,0.0013362263292380355,0.0028373592260246827,0.002129479943629997,0.0017633960600738213,0.002505297260205555,0.003388071507644544,0.0040719203211416755
158360,0.0017033407335999146,0.0015372887763026727,0.0018108542047735043,0.0015921614090343983,0.002092265938311369,0.0025221301188678297,0.002720799138100208,0.003889877311873971
158362,0.001941916826620274,0.0012894721223963845,0.0011976493929258952,0.001750187702875397,0.0010226570491822518,0.0009883476412193698,0.0015135389030845325,0.0025922821281847974
158364,0.0017398692701578455,0.0025892001300786976,0.003070848321065578,0.002118564380469992,0.0022012477838767724,0.002180490999905152,0.0027831865282901824,0.0031023945931771962
158366,0.0015353882184361428,0.0017997240936240694,0.001839906916965131,0.001493997767975111,0.0028201976482797875,0.0018554863490145707,0.0019824054040430555,0.002918936299635702
158368,0.0021458111387023943,0.0018916403076402327,0.0017430042423556419,0.0020123666056406364,0.0019230999681809635,0.0021303333820266723,0.002030309045558676,0.005326413405129848
158370,0.0011908525301514011,0.0014451527270132325,0.0020058030365644464,0.0017568184647578367,0.0013696802013024728,0.0016543446573274445,0.0020575612721712155,0.0029871621644351892
158372,0.00225525240230319,0.0015839821324483694,0.0017582512160858738,0.0019086526708879253,0.0017291943550665767,0.002360359738507581,0.0018484379102470805,0.002588722465056162
158374,0.0017795595435217276,0.0017119565974049872,0.0024861864608549805,0.002715394401671803,0.004806210791679144,0.0027986568832272796,0.002572148709420796,0.010230927321515149
158376,0.0029396983496466356,0.002581449211589995,0.002045057858731228,0.002033644739328544,0.002229390939092593,0.002863521337328978,0.00309381105566732,0.0038571684559307734
158378,0.001105689116377706,0.001122153215349364,0.001062146826572588,0.0016154897416440495,0.0008578692917041858,0.0012481444990941615,0.0016379246550919518,0.0021603457289187805
158380,0.0014709960310783782,0.0014786118393766423,0.0012990336306695216,0.0018496351633069535,0.001376313416890318,0.001999002675307296,0.0013576587890722913,0.0030792221861908886
158382,0.0020610390066642115,0.0013467909535652828,0.001721251300647056,0.0015858867089248024,0.001992592654864858,0.0022165473522739593,0.0018648698468753389,0.0028030127861050774
158384,0.0016701391594509674,0.0014660520355464085,0.0014816849485125433,0.0026290117792884815,0.002419090236705168,0.002014627628709756,0.002008403270360226,0.00371905650334009
158386,0.0017232938831741734,0.0010469860444742296,0.0013442145975659514,0.0013480968803497029,0.000943787819233103,0.0014700591852668254,0.0011317476666050652,0.002775989894040612
158388,0.0023032826943882867,0.0019246806932876753,0.0016824009820382152,0.002773755143304482,0.0018099640293881003,0.0019324194862930938,0.0023280809232062993,0.004426745083840666
158390,0.0034740492924676403,0.0014638297246725163,0.0013400163359617162,0.002611189516443846,0.002328323227075657,0.0019973740649940203,0.004271759452368684,0.003759698718728846
158392,0.0018327510024512272,0.0017265792089951049,0.0014635270072199114,0.00177925814119817,0.002906459437783726,0.001321275152650847,0.0012495289052095182,0.002368756700210639
158394,0.001673275002546326,0.0013847692118096472,0.0016266267089287134,0.0021185894147492945,0.0024594432688579554,0.0024106582260202125,0.0014918582535279473,0.0032057085948095226
158396,0.0022868298909184542,0.0013322037303888923,0.0012809019755600226,0.0014326162932010167,0.0016850473047311937,0.0016359887725778816,0.001263984613789404,0.0032809911792047175
158398,0.002079958066917978,0.0019454791555739703,0.0014027793539261868,0.0012649145389188043,0.001641932990861017,0.0012990940516658528,0.0028195721333547225,0.0033905525942063003
158400,0.002004170657231033,0.0014093313090421944,0.002541288912852449,0.0012822139822660367,0.0012398213835674993,0.002278907823771839,0.0014905667087217744,0.0029017770188710656
158402,0.0013216183086228878,0.0016070801328621626,0.0013243120174494388,0.0014719551856413743,0.0015406254771678368,0.001488706187956268,0.002523613563539265,0.0026256655833032383
158404,0.0020369697203916903,0.001262823085395104,0.0026605356678312125,0.0018041829073574128,0.0010552866518122178,0.0018776947739290173,0.002043566193682747,0.00546182327404493
158406,0.0017797229840261913,0.001272490099254675,0.0016045981493919559,0.003302289814200776,0.0013888167557668668,0.002053129951119073,0.0014209724214092057,0.002738887267683801
158408,0.0015691871958160158,0.0014416481212166238,0.002947297352998271,0.003210989304876455,0.002559369313737625,0.0017691384652685493,0.00195006883674248,0.005014311112527869
158410,0.001017782547261939,0.0013351235323841998,0.0010246653931681587,0.0015817862169029695,0.001623858846250839,0.0010905972477672776,0.0014582754894468947,0.0018971437239088118
158412,0.0013408518617180065,0.0015052981526268022,0.001617758066196906,0.0018315413711528367,0.0016976896361669547,0.0019465226865942459,0.0019040938123166123,0.006688691308185446
158414,0.002456375939652658,0.0013436008667742222,0.0023251031258411103,0.002156465456519277,0.002309970208339354,0.0030819394880034073,0.0023650304452838,0.005110969906960472
158416,0.0025248559658144765,0.0026322301381762614,0.001669511978457161,0.0020594509074636225,0.0024229794794720233,0.0021537292118747886,0.0027735020538877664,0.005844763918492701
158418,0.0018233285042804775,0.0016319618185983154,0.001466850060303282,0.0017803717911209077,0.0014317706884276055,0.0021311240482124877,0.0013690582025872727,0.002448641146913566
158420,0.0017707988275720427,0.0013793979086473979,0.001378019098838626,0.002530062853353124,0.0024386364918635994,0.0035948920440704996,0.0018615341809070096,0.004069664226481751
158422,0.0016738324753077377,0.0011367262445327736,0.0012464470300710545,0.0016502046637469903,0.0012181167649680802,0.0032191389667677456,0.0021014205952397114,0.0028222602419580856
158424,0.0017343725603702481,0.0017803614168215298,0.001742080837815685,0.001692311508123004,0.0019186971698132022,0.006109612653127705,0.002537556892631257,0.0037490016015423594
158426,0.0014586431100023362,0.002091800432507132,0.0019475546605046135,0.0019637224088455696,0.001681075545742497,0.0016496747437620002,0.0018310165670751971,0.006757773091374875
158428,0.0013183475464507155,0.001161109137869154,0.0011999876199825371,0.001502807120993488,0.0010842402561897502,0.0014452614913174622,0.000956645622310695,0.0019173965300992718
158430,0.0015917571171721878,0.001356537576902031,0.0013828897862513956,0.0014366212872138906,0.002072455707340437,0.0016166695391402058,0.0013205456541820482,0.002293826054684589
158432,0.002770961205451075,0.0016310800511567525,0.0013121134145360203,0.0021055659072871796,0.0016461677980875167,0.002348757151306169,0.0031537120359599463,0.004217383342620951
158434,0.0024502525550729737,0.0012277751334933834,0.0023287086384335964,0.002264008483711999,0.001699403052895454,0.0025793653424450863,0.003312665645961013,0.0032144619244546396
158436,0.0018336764341934236,0.001673214048881988,0.002585169414666258,0.0014483023155185126,0.0017924575601285242,0.0008768721494845644,0.0037835067270776263,0.0023464471380990753
158438,0.0017365129483113556,0.0019242734400657519,0.0008839156274537269,0.0013631900956406207,0.0018451486631072683,0.001457564565372993,0.0023619990482537517,0.0024254141817415253
158440,0.001961439326084849,0.0012772482255188344,0.0017402894655993983,0.0013763347002994225,0.0028422916725407005,0.0019705148003374,0.0022498018513089774,0.0028009670969453837
158442,0.0024391873122090596,0.002806234080184447,0.0016728349420189748,0.0020326127059044907,0.0016342395657093084,0.0019137270336822554,0.00208720710947774,0.003224559338408428
158444,0.002148221185051258,0.001819572215844334,0.0026279957036204338,0.0025211992593155014,0.002190695987718941,0.002838936205988865,0.004397374248932273,0.003050621927379815
158446,0.001628264205590979,0.002175215699599789,0.0010486233738948997,0.0011800036525070473,0.001501832767815403,0.001398782555721137,0.0009761527610550047,0.003649749832317861
158448,0.002185479404062121,0.0021724040313798737,0.0023695378455462213,0.0024856351877690225,0.0023786719877297996,0.002496700184369871,0.0017431373770976505,0.004183423708372713
158450,0.0030134097542034027,0.001170163286297543,0.001975854488977649,0.002021689992345324,0.0011453213823149483,0.0022902637038139245,0.002157838556464134,0.0020616191401108402
158452,0.0016594263288483568,0.0015538692382939395,0.001596302704604327,0.00225130191604285,0.0017636144506623236,0.002377322233826362,0.0020945052470704995,0.0021072178566561295
158454,0.002038167674434599,0.0015258233184401032,0.0019210457024718824,0.0023068075583401737,0.002196603504537542,0.0028448391786395494,0.002745408292699328,0.0035369934738272435
158456,0.003213985874973846,0.001461527065750437,0.003477686365870092,0.0015458780975864533,0.0021951908954612187,0.0031880198233469464,0.0024248465744367703,0.003931788423740257
158458,0.0018062104570049642,0.001900175942737059,0.002415014452383249,0.0027551132472939527,0.002135678304332825,0.0019701381113401695,0.000984341668372593,0.004222288114025474
158460,0.0016195673950749612,0.0017086568857638817,0.0025285524124507575,0.0017879124542083957,0.002424868954591597,0.0016759934448649094,0.0025132613940128667,0.004934876806635069
158462,0.0011160743736377127,0.0010819944313922442,0.0012370693590463416,0.0014492807058497648,0.0008564030232423164,0.0016000041008021881,0.0011108258880787591,0.00272313181742595
158464,0.002340089018644298,0.0025634489052382,0.0011919233771634646,0.002642920765686965,0.0022944459231078046,0.0030059167007191606,0.0028437174519888586,0.0035210822050236873
158466,0.001969528011097968,0.001292465272849666,0.002633794171578288,0.00230553809650319,0.0019596041193494784,0.0038454458699597183,0.003081613977178821,0.0032200652282279307
158468,0.0023500680718990807,0.001761336720232723,0.001314879283904627,0.0012036460525228915,0.0015152309933444408,0.0016876721388486282,0.0023261806772565535,0.003121734584725866
158470,0.0013922791041232202,0.0012917649272453091,0.0012701053378834232,0.001841850194431116,0.0010872333977163806,0.003949549167757915,0.0016024643366121527,0.0024552224928553606
158472,0.0013556417636131357,0.0021357020622483347,0.0012238213514592644,0.0018626697473128062,0.001786611898004789,0.0025426893152957902,0.002264711532668509,0.0028560522856102555
158474,0.0014016126020855446,0.00180727074407111,0.0012523377231483807,0.001396186427867152,0.001172940942426648,0.002080358025247586,0.0016817345321130106,0.0025600214380041564
158476,0.001998667906732976,0.00185253875677506,0.001201548049197379,0.0012347266779301341,0.0022534868107642603,0.0022988830836650487,0.0025496914705108176,0.0032310014489051048
158478,0.002901518555900262,0.002923194647244609,0.0014548132544695141,0.002494080371286525,0.0021980022464679477,0.0034662658566087523,0.002488516673167851,0.004360026252612725
158480,0.001451647222712238,0.0018100809950738622,0.0021795513954723233,0.0022525386788769947,0.001895280144200484,0.0025373793708871606,0.003148186437224379,0.003948433910714366
158482,0.0018951688904731562,0.0016005259826852442,0.0013591581214905113,0.0021169539241388535,0.0055666813552135985,0.0026160833386206783,0.0017024561795989102,0.0036212917579408477
158484,0.0011922881510501165,0.0008006222611359505,0.0009061941903908445,0.0014934264666453118,0.0014482209396707996,0.0011355564602806428,0.0016058709974287044,0.0022328806512295213
158486,0.002659831285624359,0.0016569839946010134,0.002762599195502924,0.0016106860489282365,0.0021347721590249252,0.0028648140510121323,0.0023058840510426087,0.001381304866542088
158488,0.0017348516740818415,0.0014745278106920306,0.0014545731321504718,0.001792906141591999,0.0015172789435491524,0.0013052054251296852,0.0013608196115295762,0.002204213419899903
158490,0.001398512831690693,0.0017311743732513346,0.001240557365208339,0.001183478237616345,0.0014017185996584858,0.0018212802379517085,0.001566093887843692,0.0024808705626624405
158492,0.001294260791541435,0.0015771397481059157,0.0009568177718242143,0.0017598201969806215,0.0018438792783306845,0.001656549417352618,0.001750385012550204,0.0034361640155914502
158494,0.0012061508055061787,0.0023608983888279284,0.002362049018485038,0.0015674478300989336,0.00237411016229018,0.0021381177954583053,0.0009642594920367155,0.0027850664690520777
158496,0.0012913568592579083,0.0019220251716594583,0.0014517250043424301,0.0013348755338862262,0.0012870140255396567,0.001688471713026607,0.001728300944322747,0.0023646579811151813
158498,0.0009953720270528127,0.0014345653203484826,0.0009385635532993576,0.0019259252724632692,0.0021913171082330596,0.0018725169070117481,0.0011409487961081682,0.003869977626408394
158500,0.0014625059230917309,0.0012141824717809002,0.000959251759238864,0.0022835125836779963,0.0016870783969663017,0.0013767700788669957,0.0018698331952907155,0.002458483045192361
158502,0.002386732692200036,0.00196433458123485,0.0025186974908067428,0.0023958510158999524,0.0024250909272927196,0.0024011210819846612,0.0024973293824337994,0.005389429115437716
158504,0.0014940487411942982,0.0014627125049957446,0.0015103501055281493,0.0016184243067647458,0.0013498487724918906,0.001915926092142653,0.001447656758871499,0.002470017732794774
158506,0.003579306468616539,0.001497938514763375,0.0016116729554430803,0.0018869943706371212,0.0015924744732161017,0.0015558173436289735,0.001509159985318087,0.002523887547040818
158508,0.0014509370649451458,0.0013995149541760205,0.0009050065406966991,0.0010205956914968173,0.0010306347931688387,0.0013453599474502198,0.0011912338549260881,0.0021446036899699927
158510,0.0030663463244101075,0.0014304730200316446,0.0011560814427176297,0.0017573094138265688,0.0012021819079795076,0.002612240037323091,0.0016227604647589544,0.002758931459418204
158512,0.0017190897592072596,0.0019448472569306846,0.0022203285640367554,0.0015406202132295516,0.002621540195049177,0.0019988264602945893,0.0017914192873207946,0.0047942740834106545
158514,0.002126959482444249,0.001333258256064354,0.0013333624528968357,0.0011509903407045385,0.0018991585484951085,0.0014177996846260893,0.0018995670321848707,0.004011312973389858
158516,0.0021386445886635436,0.001612444149071815,0.0018899682653616967,0.0014069590307209806,0.0014706822873533781,0.0024690310126685433,0.001644990579894104,0.003008006067856686
158518,0.0016652697298980557,0.0015020201633114821,0.0019147916832515932,0.004070434251725319,0.0027476491716962315,0.0026029161126830958,0.0032826459703906435,0.0032213354080268264
158520,0.0010599919320961604,0.0018851962769317887,0.0017246005835114403,0.0019600395032250972,0.0017021401694373162,0.0015356217823376955,0.0019097986096362624,0.003967975992218209
158522,0.0018239333445615458,0.0014141034339498898,0.001592082330264033,0.001728211430105167,0.0019835530283964786,0.0015105041519580947,0.00274371662297003,0.003009709475739211
158524,0.0025407604814025597,0.0018593501863200523,0.0020295608050069497,0.0014764782210932026,0.001341106963083108,0.002899696397637777,0.0028169976100823058,0.003941083337973217
158526,0.0024919840976390106,0.001978897241103464,0.0015885032498828,0.0020528403032710335,0.0017814304429003003,0.0013461924899940692,0.0019940466380697353,0.0030824184792793835
158528,0.0020351552993320837,0.0011127432547431426,0.0006424615324765771,0.001344506353190278,0.0008766403963516613,0.0011240348661525346,0.0015934394277095643,0.0015419780223063922
158530,0.0025395990267464003,0.00301610605064756,0.002737004270535595,0.0027709643430357117,0.0021457086355722854,0.002502882044162061,0.002356453468160949,0.004559922375380554
158532,0.001421498793363618,0.002289692173476965,0.0010730202601556688,0.0026826967702203858,0.0017298915244512991,0.0016844460743270645,0.0022031085474849693,0.002137741259053763
158534,0.0017211972069213766,0.001952065807946879,0.0012926726008384432,0.0016178746409029193,0.0017544621150031858,0.002318875902376241,0.0018988195858441609,0.0037593930972091294
158536,0.0027800181700430443,0.0021371742777759467,0.0035135165033378796,0.002901464376457455,0.002849725618605581,0.0013457185159495566,0.003178836717554978,0.002767461944025662
158538,0.0011673413198866195,0.0013887870463555885,0.001436316313807362,0.0011802350302131531,0.0011093183476408447,0.0013441575067703188,0.0015875311824565252,0.0017804698768997401
158540,0.0014222005869446996,0.001977639966718861,0.0016624251202702056,0.0019712524080795074,0.0013659299510771078,0.0013816850868492297,0.001743246252745037,0.0036992398686624406
158542,0.0018855443742853972,0.0011319842910531008,0.0028051188075002426,0.002546767628450519,0.0021505956135661197,0.0016959552986724052,0.0014515844879520318,0.0018285963001757471
158544,0.0016584828588718376,0.0015079882724124,0.0020310178024946085,0.004148576250435687,0.0022031445677633266,0.0018918370099128001,0.0019005017093485371,0.0030878852538501894
158546,0.0021800533507304737,0.001982400096346995,0.001784924306131877,0.00170964286066623,0.0034702701592017604,0.0024714087319522987,0.0029662178657796773,0.00441811393361391
158548,0.0014846725383106524,0.0015963175885733843,0.001691178567844398,0.0014037095876813371,0.002098567281584876,0.002482418666530442,0.0023744946248843157,0.0022188820235222867
158550,0.002060941931081653,0.001772865572155849,0.0017616753776895089,0.001873706128755273,0.001787770059769267,0.001817645811984528,0.002945066233334126,0.0026707752836375165
158552,0.0015160710107325337,0.0010631431030018318,0.001399107485107312,0.0012995570573970522,0.001368670903316771,0.001502262148903158,0.0011330381215181179,0.002851876566734038
158554,0.0011765390310722879,0.0009463169174773502,0.0018143475925908176,0.0013613256511884608,0.0012357542087515633,0.0015720398348433862,0.0014944312120670489,0.0020818450383730674
158556,0.002237276231689178,0.0017106667149784927,0.002253084687947174,0.0014129008947710298,0.002941048548721348,0.0019377296449244602,0.0030599671425781683,0.004268574352352117
158558,0.00243663353160907,0.001688926379256897,0.0013299242051823534,0.0023689655732574977,0.0019595163887565215,0.0021067725769775003,0.0021418967069842254,0.0034609220543102698
158560,0.0015711005785239984,0.0027175837716681,0.002189586838797164,0.0028016181500713083,0.0013510137724631749,0.0018418067080153144,0.0028614624500578195,0.002752061362940053
158562,0.002431925680642877,0.0026328119609214107,0.0016475571244876225,0.0021683103239778095,0.0014732031830511638,0.0019289466918290948,0.002577323543411447,0.0036976313448358056
158564,0.001542576970443632,0.0049931644727090885,0.001625573051372134,0.001917303877164725,0.0013850902912876523,0.001988732245999325,0.0035832961343063574,0.0042690679601955495
158566,0.002412466041876851,0.0012826745040229875,0.001482844678133477,0.0018119133165917511,0.0013612453822387516,0.0016913412686923174,0.0028255298015045782,0.0020848723679500886
158568,0.0021175933017792,0.0030303270168055008,0.0018088180290392608,0.002611533320787132,0.0028133856104334415,0.002362013170222055,0.001739449436189991,0.00392733744905005
158570,0.002664231262542671,0.0012432102835227,0.003408444965010707,0.0021102344795577294,0.0035574359152482082,0.002452363674510308,0.003532511552011508,0.005862424733998006
158572,0.0011889935789538009,0.00274804754173652,0.0014597166450064508,0.002021482631425764,0.0015815633905482684,0.0016761252154753326,0.0014498704518933897,0.00273073151113358
158574,0.004772131168931326,0.002797452086894872,0.0033098180102667657,0.003033155199370141,0.0032387477603829234,0.007402050418604811,0.0026136453773724228,0.006602042680024456
158576,0.0016446001810089955,0.002211120330586347,0.0016462515341354594,0.0019008986431924418,0.0018468798514279655,0.005009210624323579,0.0026489580727864226,0.002920178651314012
158578,0.0022026822716034733,0.0012987191956370797,0.0014954250586845519,0.001744405211362654,0.0017879338768713726,0.0027595913077271966,0.001603025398938876,0.003322544524824292
158580,0.0018032779211486633,0.001515742923752575,0.0017211023131247366,0.002480912497257029,0.0013022768655460149,0.002103969285500773,0.0014104805619530314,0.003209998919857293
158582,0.00249621512306121,0.0016548992710332389,0.0020055794750926115,0.0011623702428176785,0.003920999282197579,0.002195135391926409,0.0018842239745007205,0.0032494200285518304
158584,0.0023968135209637836,0.0012727718384211162,0.001991831446259751,0.0020368382426751014,0.002899976044293595,0.0025192441907881946,0.001916116877996643,0.0031314994534129698
158586,0.0020817556326329645,0.0021851826557019033,0.0014346829983385434,0.000987210307038744,0.0019154666144350352,0.0022112849959468606,0.0031216767217330382,0.0015587645870605016
158588,0.0029956503912938054,0.002408532595506385,0.0019840225917167192,0.0020948104366480674,0.0017465685932931962,0.0018010531271773905,0.0027255238413392974,0.0025431495639277046
158590,0.002417409617034863,0.002363469045708888,0.0019918869773125764,0.0019697720398571678,0.0018364410402211956,0.0020459151048519836,0.0023543493461062326,0.0028027646764350322
158592,0.001882852633027246,0.00202979610491405,0.001684753404034789,0.0021611388273346105,0.0017417767183852129,0.0020524112704101705,0.002799254845415336,0.002893795269631197
158594,0.0024152583093548646,0.0021100092788345487,0.003719073314927393,0.0020661781400479473,0.0013369628697701558,0.003996589634404357,0.0015980198791452072,0.001868778865879564
158596,0.0021781634057722737,0.0017423585487853638,0.001654553156931693,0.0022232265721842115,0.0022787491954251587,0.0017046020121966876,0.002767556404841956,0.00233218597215612
158598,0.001472225325795995,0.0007958755181727284,0.0014098792999006765,0.002015659435245176,0.0009704637398012667,0.001960676174273479,0.0011026441876710452,0.0017408542608321614
158600,0.0010870189386874701,0.001679947594902309,0.0011112500605046094,0.0010717183587194562,0.0012224114085618437,0.0008924472371774628,0.0011723304020886532,0.0025961547614111874
158602,0.001513844719861504,0.0011730726134100977,0.0015936797453389162,0.0016295196362299397,0.0013574369801273023,0.0020441910232593674,0.0018918049276250987,0.0037688241990868065
158604,0.0013670531089389343,0.0014560664745322804,0.001496763672547155,0.002203196325572032,0.0013531517787799402,0.0025247732293160047,0.0020394285632901465,0.0024704857995539037
158606,0.003754576517406641,0.0024780532216897577,0.002682618818783525,0.0033289423023564885,0.0019884192692396496,0.0027125741415979926,0.002170188007349916,0.0037800845569662678
158608,0.0026775786931887424,0.0018875999681005617,0.0017382536066659626,0.0023433176734884015,0.0020290395686273777,0.0018158251979044082,0.0031778336636190674,0.0038560269939896252
158610,0.00221075668710885,0.0019028663836352516,0.0011157192119561898,0.0023584268230681382,0.0013214227557179076,0.0011584700445543966,0.0030827204531830438,0.003464857046518388
158612,0.003409998016802876,0.002281359795945917,0.001385117188235585,0.0019166573264073478,0.0023157387108432292,0.0035150946337560995,0.0018205330982404982,0.0032733534805967773
158614,0.00099612789553305,0.0016282942701307257,0.0015740179162060386,0.002192623457377821,0.0015337811967321008,0.0026435899605248836,0.002386378177019269,0.002666273723715362
158616,0.0017925503002169663,0.0013199351858037695,0.00175001814388899,0.0020003180375567503,0.0015960059327477794,0.00160753416139027,0.003999877054013723,0.0025968392713476285
158618,0.0021462705346531052,0.0014495966972285501,0.0021563301772289933,0.002513612137560864,0.0016313126581308929,0.0025983399659428863,0.004160956018477657,0.0021920890106241903
158620,0.0023146255849099268,0.0012648909553952953,0.0011254858812266427,0.001543263255720087,0.0019701738274522373,0.001297113244123571,0.0022033830783954045,0.002462440785774303
158622,0.0012604333846519822,0.0016008264535694178,0.0018127538501497842,0.0025169123415855893,0.0017395948651678511,0.0016196306619416095,0.0019379871114610925,0.0028619538848100867
158624,0.0022641244101399144,0.004029001579567648,0.0017406926149721308,0.0015709517410256724,0.0015729542547771175,0.003953383069478511,0.0017199721344507979,0.002682477582926515
158626,0.0013182328469612536,0.0025357305544720377,0.0021915842764169136,0.003088538611023553,0.002045147146820858,0.001657913083211518,0.002071954426718925,0.007990405990732308
158628,0.002169388738767611,0.0016820697267831003,0.003069197865927187,0.0032213417510976866,0.0021421836048035048,0.003520760357883859,0.004027086476104336,0.002513444420074118
158630,0.0022362888839657646,0.0021211004524070987,0.0013626413545070465,0.0015665518211314122,0.001111252544188146,0.001949036854705391,0.0020004906526516347,0.004762366310856692
158632,0.0024924040257874452,0.0021556074909740014,0.0017085986787053337,0.0043254253795104725,0.0020498380148323836,0.0021513043274332816,0.0028424160018512,0.002532226818008576
158634,0.002861068694999372,0.0015003103602708734,0.0012014264108240469,0.0017897716627788274,0.0015706086147704301,0.0015061599903636869,0.0022434748540332144,0.0030166936604230643
158636,0.002092812615924214,0.002041760956226435,0.001115800592997887,0.0019923834659696937,0.0016941418068639053,0.0020660738316600202,0.0022921139116467565,0.003518521540130104
158638,0.002052473040277683,0.002346050517886056,0.0019180233011619752,0.003591043262671803,0.002056992523222903,0.0027564571441884983,0.003449945728238882,0.003582057708999012
158640,0.0007837472258737238,0.0008881465565850934,0.0007475388769231373,0.0009183241617248851,0.0008258841774342329,0.001353576896568287,0.0006553061807619588,0.002620934825975932
158642,0.0020589633729178325,0.0011671274998282938,0.0012363524892148453,0.0012693603761615574,0.0010692916052562063,0.0018710170527838077,0.002552351238103656,0.0033139814081210167
158644,0.002235679388360945,0.0019530531524567657,0.0017073740966147,0.002743772040897721,0.0016907900784559615,0.002445942396635259,0.00196613731248263,0.0031786531485328423
158646,0.0017264482559797983,0.002222945538587817,0.0013019733294017538,0.0030016764647190636,0.003680713241014391,0.0023646974725211184,0.00255425471824694,0.002648293183250827
158648,0.0024267184258077723,0.0022686567276199027,0.003192539935376937,0.002492822873332426,0.005407357184918082,0.004310899991780082,0.0043769938926341845,0.004194695198126652
158650,0.0011088774249171096,0.0019329091630879702,0.0022648678987844395,0.001019267961201109,0.0027047796773196353,0.001753778420362076,0.002943737345410105,0.002421869467512716
158652,0.0010870781400398877,0.001981771184672923,0.0019494842217310376,0.002764848645030585,0.0012056367115415162,0.0014722802144442881,0.002365456568668378,0.0030864872685933964
158654,0.0026386896018415484,0.0021550073625347665,0.00220169559595057,0.002009963217025193,0.002149507372531334,0.004047650532268188,0.0035733123302584963,0.005149188402366056
158656,0.002293965223378658,0.0023375584884855055,0.0018723540955676299,0.0034992882860252067,0.0027231512573797634,0.004110609378304986,0.003091785305240402,0.003604960056773923
158658,0.0013182636854844887,0.0017029988140963154,0.0016926943480891077,0.0017291311519898045,0.0023027510152218295,0.0029953196834098805,0.0017284390919206083,0.002710035376237832
158660,0.001607762992173259,0.001477965577050322,0.0016831910535444194,0.0029344641103466046,0.0012756521491935069,0.002362206898920763,0.001661042291290285,0.0041980650232421035
158662,0.0018334575760931143,0.0015276634925412425,0.0014422425373173398,0.0018701328298453834,0.0023808963745545336,0.002134688508648175,0.0015526832284030179,0.002964565350247972
158664,0.0025814423977155304,0.0024323949012862306,0.0022143366182310192,0.0028173507513124113,0.0018985530473841217,0.0021018612100418554,0.0024975907649329443,0.0025126309389291723
158666,0.002659049004232694,0.0027406437556977276,0.0015306078624546249,0.0018487681813783713,0.002447409901711106,0.0025294887502441826,0.002798813758358998,0.004029858558452171
158668,0.0022721688570009335,0.0012122197868642687,0.0019248519747692289,0.0021198385729986335,0.0015460351170743097,0.0019650819306588213,0.0015290435496970733,0.0027742170122024845
158670,0.002733346169045761,0.0013325298081613562,0.0021713717366159124,0.0018006990075060264,0.002388322146429714,0.0013979305616845933,0.0029167332450892453,0.0024833679586431234
158672,0.0011793206575299586,0.0017013026385138824,0.0015689614221381376,0.0018929681653979125,0.0014599455195381111,0.0014563624485009058,0.001496126711614823,0.002889096636053426
158674,0.0014561497763637826,0.001061834584484625,0.0019309753830261261,0.0011944970215166523,0.0013604870674406438,0.0021907974674229558,0.0010309768628522509,0.0037242449076518996
158676,0.0017204325671436038,0.002581666503191485,0.0019407130413648943,0.0017087012346644337,0.0018370758337885734,0.0014293683236701327,0.0015464461591960799,0.003206762448353398
158678,0.0014836044995885644,0.0014868080449238624,0.002428922198105546,0.0013953652826472762,0.0014260446965633222,0.002051124103420676,0.002769163661577992,0.003207981050542111
158680,0.0017816096933822578,0.0026321139342408983,0.001722243066526477,0.0031003013170105564,0.002160076316381057,0.004352519141154199,0.003235182372864076,0.003176174435774573
158682,0.0009726629948226956,0.0021836320205719795,0.0024354678162054194,0.0023521283643175434,0.002757177726746121,0.0025934752969203473,0.002178500016134302,0.002500641983233187
158684,0.0009725552964776098,0.0010432853725222402,0.0010546743960872101,0.0011827035309153744,0.0007613373561888986,0.0013535091911998226,0.0009966490593038557,0.0013095486199233286
158686,0.0020282798178766215,0.0014715104374458804,0.0011132187530343979,0.0022349269696589347,0.001995848968976921,0.0017594120258746515,0.001997653446058012,0.0040365150687629026
158688,0.0020185117384772244,0.0017994017093831,0.0018248387242642133,0.0025515296027523032,0.0018445975934287123,0.0022472351581619976,0.0020234012095037834,0.002568136957006986
158690,0.001918386163908048,0.0031749388004733703,0.0016774712804314973,0.001702697203172454,0.0019157835796770883,0.003944239295727847,0.0029193404576275533,0.0050505076071561406
158692,0.0014090988856774317,0.002064805408577064,0.0022275198101752297,0.002294267840646791,0.0016858379972894966,0.0019348976586676253,0.001835076031003205,0.0023676715063887382
158694,0.0010924091693818166,0.0012868635459990646,0.0012000580807747796,0.0014320131504297479,0.0018531734396134425,0.0022442678886892,0.002020019347658844,0.0018257557893775478
158696,0.0012676649831553366,0.0013512298523643551,0.0014026211360275292,0.002058607394206949,0.0010763936002897712,0.0015376419749968395,0.0013695577754966465,0.0017555348884593786
158698,0.002588822543602279,0.0009730302828796535,0.0012872495182837534,0.0017199214597174994,0.001183784038510327,0.0010940239587642342,0.0012466545797718553,0.0015226367173908906
158700,0.0017553884825396437,0.0019430966815134898,0.00248052656392507,0.0017612444784598225,0.0022091420229850556,0.0020195214362408453,0.0036111664742040223,0.00377698582625019
158702,0.0014984221358438493,0.002298044382906872,0.001329196668781174,0.0021328410450713875,0.0013231171248630075,0.002061996016884407,0.0022350009377947178,0.001982032887378138
158704,0.0011851443440141912,0.0010503527721985595,0.0008680330623041105,0.004457967552074005,0.0021275639408440683,0.001347175144847057,0.0013241016251944876,0.0020615095343014117
158706,0.0012956914527500474,0.0016893912124438387,0.0018127011921365566,0.00197072647632969,0.001987908658338325,0.0019942865247302294,0.0019867797002461884,0.002770603532446528
158708,0.001674163223365499,0.0025554451302767373,0.0017225816554935491,0.002114262740542397,0.0014877686039831972,0.0023379958195813982,0.0019123593317325188,0.003134571752125892
158710,0.0013871332611752885,0.002336510357263691,0.002836256433990783,0.0015541212392836817,0.0012596399649886791,0.0018848110133347223,0.0017982893894669255,0.004413577784286249
158712,0.0015815147975237753,0.0017862680179660112,0.001293126959063265,0.0018611645213804096,0.0013898092882098784,0.001628360112442287,0.001215372065668921,0.0025217959923567457
158714,0.001163002576488173,0.001074565462793553,0.001525721167565719,0.0016924439186495471,0.0011724860199267134,0.0022902551463771653,0.001784918640189162,0.003130505980843745
158716,0.0021226242654428518,0.0017860372086291876,0.0021343618403652093,0.002127076656128546,0.0019200442827680408,0.0031092407368311786,0.003018264856450084,0.004047379400518025
158718,0.00226883452311194,0.0017105141803891583,0.001166608558557991,0.002030202960895622,0.0015988289115718146,0.002463576696766237,0.001659264563413379,0.003121206344641317
158720,0.0009240868738717017,0.0013833588994867224,0.0015066669158475682,0.0027270196327249807,0.0019389784352919492,0.0011441930503887227,0.0018187825305866628,0.00395628806866416
158722,0.0024794679990272073,0.0018615345023660496,0.001712062645204196,0.0020044985476650456,0.0013688431827037079,0.002835036429935711,0.002375526183965096,0.003263920923635491
158724,0.0026969097564827488,0.0016118835346185106,0.0018901590500986082,0.0015210311541960508,0.001481674337202643,0.0017508800500645183,0.0029371632212010917,0.0031096836208005657
158726,0.0020676736292096903,0.002565960341118792,0.002261762507768675,0.0026296417684151946,0.0014879985175380583,0.0018518560889815294,0.0022005165602896476,0.004378219382170423
158728,0.0024843712795390993,0.002224588782892903,0.003010578121434515,0.003022267748744603,0.003236241059571876,0.0020042487080658283,0.005738058102340349,0.003737644641163898
158730,0.002335764562360121,0.0015868882494471936,0.0015988488718813448,0.0023173768008908358,0.0038150141931253684,0.0024865345670544436,0.0019054071699751152,0.00423155367407535
158732,0.001329032878295125,0.001184598076604551,0.001428033734818382,0.0012915073335193483,0.0012594598935134066,0.0013400632472555657,0.0032011193074744093,0.003504220111893011
158734,0.0016971595118865507,0.0012918918591717787,0.001741299758358572,0.0017229740892711481,0.0024162247044917096,0.0017077281549431889,0.002023925743456237,0.0033538428367668183
158736,0.003277111291560608,0.0018395180010913337,0.00202972091487319,0.0020864443720386566,0.0018738202984219937,0.002144743776625546,0.0021279351119179446,0.003149222013412223
158738,0.0026825103832722186,0.0011949435738154573,0.004040198665249628,0.0018103685121567126,0.0017467868735855513,0.0033751282259321252,0.002687929049396978,0.004949051043323716
158740,0.00221833034920306,0.0016860542847686594,0.001774915944166025,0.0023174560664325355,0.0014778341074617313,0.0017499358608705912,0.0012330671396148518,0.0023278522919483735
158742,0.001262474942777106,0.0030122233731866843,0.0011909517767112604,0.002256488833936046,0.0017331238865416765,0.002278640719577618,0.0018883416417360271,0.005778519689635608
158744,0.0018634405993189912,0.001818663695411074,0.0036441314337666425,0.002459477262511958,0.0024156801450732207,0.0019983534829783878,0.0024434974100802226,0.004035816416660731
158746,0.002052987150150898,0.002794438670799204,0.001945426246966489,0.0021133423121915684,0.001412422878421818,0.0029038792639580896,0.002518815276828304,0.002753601559489796
158748,0.0019006511231160067,0.0012360090627174802,0.0012409413167966538,0.001888102386702395,0.0023874705612919045,0.0015610722260422372,0.0018268794364484503,0.0030540400942067336
158750,0.001471922027288089,0.0020902907917472735,0.0014874206061363943,0.0017806094651663523,0.0014141757202441735,0.0026999421415757063,0.0018021090530684902,0.003779668632204969
158752,0.001681215458799748,0.0015540178517904485,0.001360756122701423,0.0009964717166215942,0.000939146495158083,0.0026161107764366975,0.00168426933421785,0.002313648190670259
158754,0.002052548988110081,0.002114958247285706,0.0015077811213304454,0.0015575499520204539,0.0019776684613964784,0.002025525572720968,0.002413780710217042,0.005211059638700333
158756,0.0017496245119588139,0.0012842204976698662,0.0018034791502004183,0.0018433757412774643,0.0015175535012405122,0.0018311737453411414,0.0024348975630617553,0.003297161264688167
158758,0.0011811712664135943,0.0011420621828506783,0.0013112847341987394,0.0013756111567096024,0.0018678095189457317,0.0012178055209716293,0.003329532978250685,0.0038606345934125152
158760,0.0024496835236470643,0.0020442307730617615,0.0015905775324624033,0.0016984123592698186,0.0012254626606564983,0.0020560346479356895,0.001405603103246611,0.0024626437662700895
158762,0.0022281735608587483,0.0016860264450082596,0.0021470617359329314,0.0017757519346007222,0.0012522478153356165,0.002564558449063503,0.0019461542142389932,0.00422268317521457
158764,0.001679151568340101,0.0020379090183898635,0.0011599113922995535,0.0024619934448200237,0.0021410423342784757,0.0018887104285028045,0.0016886988854045715,0.0029178644503622397
158766,0.0023629340860976816,0.0014268376688983953,0.0018968925544560755,0.002744755997415249,0.0023361538301208823,0.0027648650991912854,0.0028973626564578053,0.003860346190659572
158768,0.0025832014328204395,0.0017493446644057387,0.0030399262011662764,0.0026706166484383176,0.002529768673583066,0.0014946939011375449,0.0032234285374122124,0.002629079779332466
158770,0.002044154305564941,0.0025248993936593522,0.0018537870589925426,0.0013063558496018285,0.0019154636796942098,0.0012142003853774647,0.0027823532988114352,0.004567492391621075
158772,0.0022095654212206522,0.0019686386575488296,0.0014315426237241358,0.0020395846876453683,0.001646421733460246,0.0023754452051925057,0.002009513305143651,0.006259805053230816
158774,0.001924319523540996,0.00205097057479732,0.002113411157545278,0.0011436356439385037,0.003130448453479373,0.002719983461050346,0.0028571322363044604,0.0024708639143364852
158776,0.0021677552600274513,0.002488937052484,0.0021589860251660653,0.0038616082058591378,0.002256656241820032,0.0029041225746063853,0.003894889617095443,0.00471254934455434
158778,0.0020982184752094263,0.001945417045542977,0.0009154695717392448,0.0012281834739291814,0.0023640826758288824,0.001632089438810047,0.002161500099005176,0.00215512426861153
158780,0.0017156418328368034,0.001347204132319535,0.002893929938852305,0.0017583914927996602,0.0017130770473442608,0.0017327349505893985,0.0022865950999895746,0.0021753133451541395
158782,0.0015150909164086818,0.0012434304370550486,0.0009527948661492425,0.0012077589940634598,0.0015852716972111214,0.0018362823589690436,0.0018151655180373982,0.00258705970055928
158784,0.0022472330389933237,0.0027517865965181465,0.001703373020937926,0.0017706589973604109,0.0017134542102079653,0.002076752314761912,0.001692312734122639,0.002804300450464217
158786,0.0015473920858044554,0.0019024250481478738,0.0013051454005093138,0.001609682107057267,0.0015218986460733414,0.0030037717080742127,0.0016039860844561243,0.004168945553184367
158788,0.0010426025104601777,0.0011748176962381174,0.0012985296400454122,0.0014750911937655986,0.0014858558375294706,0.0015143952679095296,0.0014088052373551069,0.001984167288151664
158790,0.001301261005329804,0.001559766355300321,0.001159589662225527,0.0018015818420428348,0.0012686262478803917,0.002998505595450243,0.0020368291638078184,0.002437286012672138
158792,0.0014126642567685727,0.001600823770668891,0.0020092554718900146,0.0019465519423613742,0.0015135200623028894,0.0017863583934878968,0.0032847512353311736,0.0038748017864718293
158794,0.0013079014948126494,0.0016402916512153198,0.0021686312527374185,0.0016369336609756147,0.0011805253082137895,0.0017460293344178646,0.0017255710298320764,0.002897581229319768
158796,0.001999720273727648,0.0016871099177496879,0.002881998246579212,0.0016508569664947098,0.0017629993621964962,0.0019729722645585174,0.0015276270917023022,0.002272089304353797
158798,0.002358041854542192,0.0020251647848630455,0.0015531996846047808,0.0019280622964035765,0.0023359417273841054,0.0022119058745251885,0.0022073592227445094,0.004708055639623732
158800,0.0019196874656155632,0.0012498028231067715,0.0013582117432131557,0.0021623103856189957,0.0013158912557225677,0.002141154723857286,0.0016644762769522092,0.004166132763119501
158802,0.0015794926270826931,0.0018974416441178144,0.0025040324633747307,0.0018405272860997357,0.0015477684269740166,0.002188481804744846,0.0021301033288174814,0.0020988679882339434
158804,0.002974213885441071,0.0015847600200635942,0.0021232394368588814,0.0026493542086992866,0.0019004581855730646,0.0012851359339145635,0.0021202564131785895,0.00396981971895749
158806,0.0019358462318913722,0.0019429439664976483,0.0013510616974393153,0.002163684305147351,0.001994521767408275,0.0013422690042909219,0.0022751662357507613,0.002254746815673281
158808,0.0017706452027508451,0.0019084625824933449,0.0017105074012319227,0.0030711105027170366,0.0022084038872007827,0.0013459587726392247,0.0018891851447145336,0.002926111844934687
158810,0.0031068527815494296,0.0035664728682578556,0.0020075615982917544,0.002951257374004479,0.002967921984620203,0.0027909801109446963,0.0025756704943622616,0.005714512615754508
158812,0.001857647200784962,0.0026268098937857337,0.0026489335309742845,0.002386521217450144,0.0016910603005771407,0.0027032210455730926,0.0022101286142428705,0.0035504096735600316
158814,0.0010918635393053627,0.0019755534554024567,0.0011227493003327371,0.0015610613341689034,0.0014880327186970327,0.0037110503316775123,0.0017768940089529922,0.001854472970214474
158816,0.0014136602304799656,0.0013188851315324573,0.0015585480944304564,0.0016379753132875902,0.001267520944235337,0.001772938980997854,0.0010057276914401947,0.003515605294218682
158818,0.002031638360123225,0.0016267171585180457,0.0027385086669804437,0.0017582237237554615,0.0028519227213589377,0.0026952988542701256,0.0032680021223863154,0.004148356464761527
158820,0.002192830695119788,0.001991375921336136,0.003115792485347893,0.003742378336573593,0.0014753350068966165,0.0022404487055295436,0.001370065437108714,0.0026635286983839462
158822,0.0028119686414643935,0.001412600689936705,0.0019155523750763598,0.0010111088641578392,0.0017174078181803054,0.002431976017730056,0.0019077387708902466,0.003267315144394725
158824,0.0031064105144779225,0.0016913421879283796,0.0065742474437266996,0.002447138258466,0.002826916114735456,0.0034510157898509086,0.0034820656759839697,0.004354042070866593
158826,0.0015354866050643068,0.0015751786303868642,0.0018537687740405318,0.001946441494774298,0.0012990771336452434,0.0046063660273374385,0.0018127779588930082,0.0025256717978022897
158828,0.0014813353688660769,0.0009594863388979885,0.0017856823644286784,0.0010358183167725188,0.00122133085513898,0.0010502960282299384,0.0012369469838837688,0.0012714269478093648
158830,0.0022125412090043955,0.0015600921096217135,0.001982252478897273,0.002234228559470211,0.002716457522243823,0.004067743283570957,0.0022034614190147295,0.00232496912306325
158832,0.0016789668634056287,0.001773924186844203,0.00139122066070764,0.0018006266069675037,0.0017655561555268845,0.004540611103677483,0.0030111443415054145,0.0023072226780232463
158834,0.0014562964843585352,0.0017385372255725035,0.0013634093479170245,0.0014292993119208314,0.0010697818533823011,0.0008465540144536737,0.0012532828732114837,0.0025754821916075393
158836,0.0026140000093222704,0.0027146055438531796,0.0011365998949020573,0.0015351707280265026,0.001882108482688119,0.0012162709444297898,0.0013602202370697203,0.002063570204888912
158838,0.002235628307242235,0.002677167345579559,0.0030450760108619163,0.002820454046358556,0.002020596023849644,0.0026853643948998585,0.0024958019460702557,0.005729437596790954
158840,0.0014166847503114255,0.0023341869377537794,0.0014743221125615436,0.0020223821657092828,0.0018792153887035173,0.0013681455870460102,0.0027818125524748383,0.002555872254889416
158842,0.0008619773374075358,0.0010022094656143704,0.0014407582822101445,0.0010027973353160663,0.001019602191814642,0.00079476294957527,0.0012693938230707996,0.0017788021576404939
158844,0.001600083972125299,0.0012511472995185985,0.0009974458848028972,0.001690048457281615,0.0017757663770210375,0.002870746247652045,0.002565653514772004,0.0017562523344922948
158846,0.002522597484117206,0.002177751023984001,0.0016436210638515747,0.0023045014616087656,0.0017444294836060359,0.0016675346942055663,0.002442290655739976,0.0030034234028253892
158848,0.0016740498203505205,0.001278005619294531,0.0018736348551053883,0.0020262167254339047,0.0014960889593629845,0.002072812881332445,0.0010900395250924705,0.003641993557330206
158850,0.0020678918159908882,0.0023782741065903057,0.0026283417584673785,0.002035558322095954,0.001769275414901031,0.003661256576887928,0.0036603739204166263,0.003472496209636425
158852,0.0032772507639000775,0.0022032236035807173,0.0023844219016855434,0.0019832822666154826,0.002056672868786094,0.0023735460497365107,0.0027431199400367867,0.004779790778561888
158854,0.0016672307644265971,0.0014169755726548688,0.0011411138944622673,0.001780578969064417,0.00104214258284685,0.0016401069839778182,0.0022898804176385568,0.002102132091522116
158856,0.00232476435415975,0.0015521642162688587,0.0025351149186423477,0.0024192881244013975,0.0025428839296348787,0.0024479760885951496,0.0012593575678823132,0.0030547858084578744
158858,0.0009534213192588827,0.0012001290598546849,0.0019505028310619205,0.0036341655834087327,0.0011123960783959858,0.0013862038214098593,0.0017340303324791528,0.002090600784088237
158860,0.0033878819934409776,0.002370297355406059,0.0023493367281166716,0.00395172020351553,0.0014640030459303066,0.004254532618880313,0.002951276802340752,0.005040673418804653
158862,0.002203747164237338,0.0018450443311729542,0.0016085735904101117,0.0018676952105531885,0.0028377680159135665,0.004095055352323129,0.0020547098704276068,0.002997626455558733
158864,0.0014367805639716735,0.00152072170690222,0.0014771419120008233,0.0014208715960713075,0.0023670932971706637,0.0015683629791516385,0.0030260999218927886,0.002607196116153135
158866,0.0025636665696771588,0.0016958730693242968,0.0017811779351534357,0.0016743708339978097,0.0015941262250723925,0.001602068281574498,0.0017525929582835748,0.0038702992980970685
158868,0.0021375752215131577,0.0018926265143273113,0.001369995665977522,0.0013103460054540023,0.0022812466318278407,0.001387927277083159,0.00272946435473731,0.0021782666811858697
158870,0.001749929627387417,0.0009623490638577814,0.0015880732945474652,0.0015262031401435672,0.00238425782354007,0.0017907795053371395,0.00268002198560513,0.001965642783751123
158872,0.002816885305528205,0.0013564316552226036,0.002670703281154943,0.0026287164859285644,0.001382698339977853,0.0017507428790077828,0.0044446098157582825,0.003033991517567225
158874,0.0022123232295863243,0.001664322472323454,0.0014554558567372866,0.001810965809147247,0.001820546767930864,0.0017936498000196283,0.0032213096129363322,0.0024554362514375705
158876,0.0015910779629746546,0.0018762757875503966,0.0023949120394578666,0.0015232031100299026,0.002035260168804523,0.002708637312910156,0.0015677487200452256,0.0027433981758680087
158878,0.0019974013695524123,0.0012153136240767304,0.001180589563283485,0.0013597674272960436,0.0013752179582349755,0.0018826282733459682,0.0019991888920503076,0.0026315203403435433
158880,0.0024663217863519216,0.0013830557540195493,0.0016126954700058788,0.0020286670582123634,0.00178338098404153,0.0016733277283614983,0.0018794931635372075,0.0026553493281261803
158882,0.0024127895517545156,0.001617066196362718,0.0017030775263365966,0.002522982559755374,0.00215456397836733,0.0016057865033709678,0.0013824891772176162,0.00313936190202814
158884,0.0010540867493551986,0.0014033938932401235,0.001899318624707158,0.0015852574581212142,0.00247335330553633,0.0016689123087518798,0.0013423740985827326,0.0012130863592842017
158886,0.0013217206952770427,0.0013122073355603114,0.0010658121771785073,0.0016537437792114723,0.0012383912391960572,0.0009966791667901376,0.002022158352261841,0.003193596253830991
158888,0.0014397067257585494,0.0017621207164464914,0.0014976804424354923,0.0016715297290312847,0.0019065098424442817,0.0020838294559070297,0.0024193804747627556,0.004630254547365098
158890,0.001487855681652231,0.0019703864773024243,0.0020814911660558266,0.003479190069564597,0.0020825164926288053,0.0020642779730275507,0.0019353548720966174,0.003941239562312626
158892,0.0024968941476284506,0.0012978212112670917,0.0015148363003841953,0.0025095488986765085,0.001642439925590447,0.0021330616110977335,0.0017636713971358603,0.0019628987352060673
158894,0.0015507925398319244,0.0013892255006714566,0.0013589540428183972,0.0016590390761611062,0.0026260408835576815,0.0022218904160178354,0.0021609988989613887,0.002991132976124536
158896,0.0009642201613462055,0.0017201192190020032,0.0017521731512615407,0.001093581897873508,0.001364855148542135,0.0017048967161042428,0.001222576828262767,0.0014648224698335377
158898,0.0021188757762741345,0.004492043794962264,0.00155390183866988,0.0021333654672164304,0.004334887732833581,0.008289744139333699,0.003845724936832662,0.0051430151892795095
158900,0.0021494749022687998,0.0012815193538902175,0.002232752853457365,0.0035680793125793114,0.002451737584643121,0.0045149505158353365,0.0020091208841594016,0.004681995880038647
158902,0.0026556395864025945,0.001148120661596863,0.0012493943277032266,0.001999484058358425,0.001109364008124461,0.0016930223559141755,0.0024085720859413073,0.002661726758534988
158904,0.00208910417637842,0.002506227417729004,0.0023703713542764238,0.008788704875769326,0.00378891415088628,0.00201333698835017,0.002827084475920519,0.004187635601621276
158906,0.0013354488781827656,0.0016507631238232984,0.0013875828333347884,0.0011244992790263725,0.00098913833003067,0.001329932356456176,0.002038577723304305,0.0023264609749499426
158908,0.0022477515587135954,0.002690259191659772,0.00139456023821051,0.0016798904896703354,0.0020906055533806978,0.001781493336779294,0.002744018306204632,0.004366207528863575
158910,0.003114460128825783,0.0021566477961896258,0.0017632436952794706,0.004464466752749419,0.003501678372591202,0.00363946480192201,0.002077459283402208,0.005232098544817099
158912,0.002514979486583205,0.0017785708885255241,0.0015278769557887234,0.0015141986942426855,0.0032287161958501898,0.0017050243880217947,0.002128034783738464,0.004599110463559042
158914,0.0012299536465910088,0.0010070959920188832,0.0010583297503803518,0.00237505013572914,0.0017074621459523542,0.0015961172561685388,0.004260983982352917,0.0022057576972935866
158916,0.0022972761844426565,0.0016072002052225504,0.002398808443727765,0.004068096832281265,0.001802218489857843,0.0015345320667284335,0.001740888456110437,0.0045604758206812535
158918,0.0020862306535747305,0.0037024566056298586,0.002643758900603435,0.0024823496206844015,0.003007182736225966,0.002406284368739131,0.003003378079711752,0.0037736540253754947
158920,0.002906748649278479,0.001781869779851633,0.0018504844002321802,0.0022419322438317485,0.002074377618514603,0.003075074317922477,0.002189341406511114,0.006146702673252236
158922,0.0013543231383303933,0.0011967437625257649,0.0011831827274342288,0.001352359006998649,0.0011048523887799977,0.001882541313318109,0.0015201836631996285,0.0029046983701043333
158924,0.0027612158256196256,0.0020855191316668797,0.0014901686263773528,0.001206449428750922,0.0017718919507936498,0.0019147424537953178,0.0012922078771291368,0.004116504234289664
158926,0.0016809890958247586,0.0017745160694197099,0.0013692299549577513,0.0016503802128300382,0.0025428358389123634,0.00287361799196284,0.001919847751743975,0.005419285547926533
158928,0.002516541932323868,0.0027379718084839105,0.0015913823012465717,0.0018574927437177285,0.0014004756118801837,0.002575664444367534,0.0019885907056880203,0.004079296680981281
158930,0.0015002206102485843,0.0013464371632302546,0.001210537860322894,0.00332950718344939,0.0018812003143353767,0.0024555536564827563,0.0021407003571403127,0.00274364910751862
158932,0.0011644258923755452,0.0012340405861582249,0.0006358097471235169,0.00124458012313923,0.0011030598666089825,0.0012664015395422723,0.0021098385039275414,0.0019170673613393974
158934,0.0008820814710948401,0.001317809530015937,0.001115979044385762,0.001195057671783184,0.0013296644643379651,0.0016117438449079202,0.001646797835633207,0.0021362175382533405
158936,0.00212447451144028,0.0020731046132172054,0.0012936821559972472,0.0014863691011782892,0.00180657081836344,0.001678164964932241,0.002505974908018127,0.002337787595885557
158938,0.0017156331918982831,0.0011380836269893196,0.0017009301955670658,0.0015726253875278928,0.0028396710623435073,0.0018006364078285847,0.0022116718084835285,0.0030788331531067664
158940,0.0025765962272645965,0.00315639753869551,0.0014226881235597372,0.0013811979822731524,0.0022233263433832917,0.0016569042319103527,0.0034628789676336563,0.0032842098048329604
158942,0.0018239183893842409,0.0015843181161373648,0.0010613879104646312,0.0017076059237020186,0.0017324942911916552,0.0019280737467687464,0.00247837813220958,0.003154204522711146
158944,0.0013599748641646286,0.00245946839457957,0.0012987997475272378,0.002023457849193236,0.0008395735435561304,0.001742598959243724,0.0012816260434029975,0.0026815314757544645
158946,0.003179114811616479,0.002021716792594011,0.002484054145851511,0.0020694672356604826,0.0035331643058845175,0.0026078714265631575,0.002524351331694208,0.005066674199806498
158948,0.0018138750763042055,0.0020067668292114704,0.0022038244620282144,0.001439242285703482,0.0056494495882236095,0.0018753203076388308,0.0020322156846997452,0.006558704536738569
158950,0.002699620825453941,0.0019135272411496956,0.002160906424032716,0.0019341160963046722,0.0017690870713509832,0.0019214003597151225,0.0019094144213955971,0.003418492107755411
158952,0.0011836971388488188,0.0018087983828616316,0.0023813391951833657,0.0015453883417610031,0.0015761936448899783,0.0018859148291589106,0.001475524748659876,0.0034412176915330495
158954,0.0019072474123030952,0.002959217410508211,0.002389707434327107,0.002159449599006394,0.002270222348038864,0.004112355031087811,0.002788319927040428,0.007463611189778341
158956,0.001058699900270632,0.0014470705809145473,0.002069526211174788,0.0015593111801784354,0.0012101837828931844,0.0017013834627876978,0.0014250215871737387,0.0025640506171653588
158958,0.001740610551484792,0.0018570396852943816,0.001174637665013814,0.0014040613315203926,0.0018225418211415545,0.0014966322342142707,0.0010612063546301537,0.0022264681727099944
158960,0.002422434892768166,0.00154426295907234,0.001560999221779602,0.0016341049342492031,0.0018407663846533584,0.002519404248246815,0.003197415866475206,0.0027948006361359218
158962,0.001475677008791823,0.0014999735951115728,0.0013140783593537098,0.0031207231003121394,0.0018068726249061001,0.0016053485433001335,0.0012431002140657205,0.004523994410201626
158964,0.001759416713635456,0.001436590788416403,0.0018805899286170047,0.0012394504581437898,0.0017925297962493453,0.0015165337578393473,0.001986489790127402,0.0024839501719997603
158966,0.0019797395135779383,0.002966638675534705,0.0009201140117601897,0.0011696502955639426,0.0013054113496752257,0.0023165913921019965,0.001635117968776592,0.00246737828172984
158968,0.0033849350143823204,0.0021027945095397627,0.0027846941259075525,0.002001826505363416,0.0023675076430643843,0.004192677426023084,0.004193925087220274,0.004756783100758943
158970,0.0012851394061430543,0.00527942783438462,0.0020596453288041078,0.002067144472445173,0.00186726087056234,0.002117242917732534,0.0030192031033772354,0.0023026802246434303
158972,0.0033628854259938473,0.0014677162355582057,0.0011926421739864163,0.001643958178347893,0.001793284419504118,0.002254540917697112,0.0030995625115215614,0.0047934084701550805
158974,0.0019422569873717294,0.001514326552655168,0.001225631938396532,0.001175556096213462,0.0022709984371385716,0.0018070765881962464,0.0014136383802726554,0.002842075989484494
158976,0.0025662124581688067,0.0022649494524152325,0.002319565888660391,0.003597007562953003,0.001764650895188527,0.003173785254064976,0.0022934888557414462,0.008518253967573719
158978,0.0021779356521501314,0.001389052776397684,0.0012784906929051015,0.0011891950043963484,0.0021125046123169344,0.0013751613179703442,0.0016348808730912712,0.0027150601324721912
158980,0.002228736306353396,0.0015257473597716231,0.00199967529511369,0.0016763854166375186,0.0010783950423951527,0.001475052849402525,0.0017794925979433551,0.002110410062318435
158982,0.0016577826371686616,0.0012769138080309106,0.001628038730389969,0.002004708705178937,0.0011689410093635028,0.002369839241054064,0.0026197120945207347,0.004015334415236049
158984,0.0012117905071704627,0.001404282171000526,0.001616011746670712,0.0024707135537687663,0.0016728699862696012,0.0014195269450545944,0.0014044857160634555,0.0027401425688312053
158986,0.0024187545790477216,0.0029091512674429,0.0025098978900219837,0.0037868882642178026,0.0028288206711000324,0.002311346914891113,0.0024962378301754407,0.00490654756259179
158988,0.002033010773703006,0.0019042290617114072,0.0016285080370105481,0.0022779394232976813,0.001933295707641003,0.002222438669155849,0.0018552581702380722,0.0036759599950864086
158990,0.0027231322062243463,0.001954763735477219,0.0027061085301375437,0.0015308655495260837,0.0016364354130961184,0.0021122645662303846,0.002320829155964488,0.003482895787554563
158992,0.000850355918573107,0.0006496293321713344,0.0008064533693892401,0.0010857174077849724,0.0009887828909366375,0.0008368806165567934,0.0009212912898738136,0.002828878923308631
158994,0.0016946772872279553,0.0011886090167913116,0.0013123911390137272,0.0018078127253584736,0.0018066819739792767,0.0017933408964437292,0.002097241152696286,0.0038563235635200727
158996,0.0013659517047779346,0.0011591543320199765,0.001446706121985289,0.0017052575938875242,0.002250325968849387,0.0019582366029725767,0.002062214918937322,0.003044183492452446
158998,0.0015422103313237484,0.001633609526186644,0.001332866534169433,0.0024026948675709564,0.002160990932878415,0.0020691198394851146,0.0014228491554462708,0.005343056753307707
159000,0.001485771977467687,0.0008987197723180906,0.0018000844395954646,0.001570193783248866,0.002704415452701392,0.002317521344955345,0.0020962579176088264,0.0038048401780352847
159002,0.0010968921291948514,0.0010800927346485967,0.002783226620778345,0.0027797930781959246,0.0015375920163907125,0.003281128173415318,0.002453538961734447,0.002768812377338961
159004,0.0010719278880577665,0.0008955832116441936,0.0014708951608213283,0.0009242817776644631,0.0014330892527110312,0.0015473252636519774,0.0015531691470001135,0.0024741333503143365
159006,0.001971308643928263,0.0015556142794605071,0.0016281869409971034,0.0031596688077901863,0.00624944035939734,0.001694412296678452,0.0017029047307581952,0.0030717980085386842
159008,0.0017006186285845187,0.0017773585428760286,0.001550070261742642,0.002611693237495341,0.0027402619134528905,0.0029368817872212905,0.00276448000631474,0.0034988325783143065
159010,0.0014863823145072758,0.003380183182923338,0.002393892319004165,0.0019038941981883856,0.0028709526363297627,0.0020163475645418455,0.0027549497804475603,0.0022383476905308286
159012,0.0028959992687828257,0.0015060564758526684,0.001233158187683936,0.002124689149565262,0.0016020250405773956,0.0024215119856009354,0.003387274889806946,0.0020170394920587947
159014,0.002477756518361185,0.001154314391046976,0.0018839387357486026,0.004231796978498237,0.001816966110976273,0.0026341975847943844,0.0016083028703062774,0.005053857715254573
159016,0.0013129914913473512,0.0017392950022432907,0.0009540161053595321,0.002123278917978713,0.001472953827208967,0.0028484120578670252,0.001973309838842044,0.002666193702975994
159018,0.0016109231779646294,0.0023930882164222567,0.001487409112269425,0.0016605683196238008,0.0019451932604788724,0.0015961101123030397,0.0019281983943720271,0.0022919163017826177
159020,0.00169293897147349,0.002571011079827837,0.0017976553314567045,0.0014609577357858061,0.0028109122716979545,0.0027326711606365794,0.0026636336733477095,0.003331370684995019
159022,0.0033182843322379085,0.0018277307599170456,0.0017430882286335742,0.00210900799987547,0.0021897081655191664,0.0027413579774072105,0.0023762517863003124,0.0024311207254577166
159024,0.002277781895420619,0.00181470876472635,0.0014904571157210583,0.0026496345512336816,0.0019401984197253697,0.001796012419021109,0.0031177670092708554,0.004131981085706615
159026,0.0023521590786421687,0.002358366398297687,0.0016208758613511925,0.002152715883060888,0.0018780644569266342,0.0014018346437021934,0.0023848763293866093,0.003606801554398645
159028,0.001781660639901761,0.002063078122009912,0.0023252651558049037,0.0022952546971464344,0.00222056800299969,0.0024293220900659662,0.0017500034948767507,0.0025031478174730726
159030,0.0008186920007762256,0.0019145869450343245,0.0017058665271152962,0.0020730235368313643,0.001387701343805739,0.0013653729501311163,0.001605771276763035,0.001974503163651775
159032,0.0019633899474276323,0.0013034023280848045,0.001382494994775843,0.0016623437078547298,0.0007213584719589911,0.0018213501907924506,0.00208153909512733,0.002662755100548267
159034,0.0022740113874920725,0.0010719134959813609,0.0011844796070527158,0.0017056394336967262,0.0016461953068069995,0.0018830718330603707,0.0021650915954616323,0.0019297164084515345
159036,0.003142861576372946,0.0025768568087181642,0.0015506960112095097,0.0026463292941171362,0.0018794896104736836,0.0016893997870427585,0.003949436792155758,0.004631086035190357
159038,0.001942177526305669,0.0016507967252474831,0.0013628899934438193,0.0013148193074098563,0.001091443821938043,0.0012436703162517354,0.0012683083507759735,0.00306724951303107
159040,0.0017994260452249833,0.001990048213873996,0.0018592666569544058,0.0009556766197788141,0.002430620772461367,0.0023643467713914262,0.002856875371121795,0.002960114006037032
159042,0.0023620663995589514,0.002548386178098605,0.001929631967753101,0.0019620412418314276,0.0031770949156584433,0.0022989116621957018,0.002620504968646964,0.004948017484216971
159044,0.0011317787472189256,0.0018543029242677062,0.001112504922416449,0.0012960747231286623,0.0014676605757558137,0.0014037196368937993,0.0011114447897151436,0.0028835755787493533
159046,0.0026147866848437312,0.0017141367862294615,0.0035530392036477038,0.004128751833514299,0.003558638520652302,0.0032588903190531315,0.0024146241603907465,0.0035070063243443222
159048,0.0017622711560884158,0.0017055034310554107,0.0014077433249510968,0.0018576077028365084,0.0023337301669797,0.0023746296842879766,0.002532207322079927,0.0028535658305189338
159050,0.003421303738895945,0.0019529151923563526,0.0038077549140674988,0.0027936191166703234,0.00319671570707758,0.0032319573707174087,0.002216681350346153,0.0031616023030996004
159052,0.0019987541777438805,0.002066465679073995,0.001698899992569558,0.0015635957484462365,0.002277059043891194,0.0018442977718558518,0.0027212697915877104,0.0026702208510576697
159054,0.0017710236334531615,0.0010572664447511398,0.0015879245459278352,0.0016713710298872503,0.0021160185155081473,0.002612361513856465,0.0017606879522402696,0.0035903267006181516
159056,0.001384737882212994,0.00237522587948491,0.0018041689827731494,0.0021215932293705553,0.0018239517999712462,0.002252120376024236,0.000759068942620126,0.004310985110578258
159058,0.001539443363975046,0.0016836966743550286,0.0011172973384644541,0.0019077055777873136,0.002137514939769325,0.002427704731634686,0.0015596898506360507,0.0029523385771949157
159060,0.001631123381599986,0.0025331297116812923,0.0009699223202597196,0.0017424254141948925,0.001903273965690025,0.002325992024855561,0.0020227996711941337,0.0038863785609430934
159062,0.0014122509579304193,0.0010288590965951278,0.001187592038020116,0.001270011608301369,0.0013040676148554642,0.0023258066139502653,0.0013258850661907046,0.0017151271177479194
159064,0.0013736733403893475,0.002620348977678058,0.0021077384352530815,0.0025462750957450653,0.0016025063905109743,0.002815905899098539,0.0019852546714101,0.003992734834170841
159066,0.002151763965383205,0.0014559911353374672,0.0010655655486652288,0.001623689516980567,0.001943625154621334,0.002238663537868446,0.0018144145558874336,0.004477203165081711
159068,0.0017859074833249111,0.0015988015035885983,0.001594421632109766,0.0018007850047966484,0.0011897351348599816,0.0015483772937968793,0.0014788665444932653,0.002728901917193341
159070,0.0026363490061011158,0.0019783113028559868,0.0018339980453031673,0.003922443821773536,0.0023105252826036843,0.001610884901226406,0.0021891758172150194,0.006318600640092209
159072,0.00187553197014724,0.000983452894433301,0.0013851842930998615,0.0012004096413456011,0.00215824420285117,0.0022249728913737443,0.002448760232854133,0.0022448965573264174
159074,0.001395340234556175,0.0018394221366083152,0.0022443480116885045,0.002229483460767734,0.0019155086793005843,0.001639786556678624,0.004537635436909826,0.0033910155127756525
159076,0.001551231797669153,0.0008947499501127526,0.001405792497062075,0.00274437308817356,0.0017086587336232473,0.0012701993364616776,0.0019434054140674561,0.002244632512835368
159078,0.0018528017248529288,0.00212998607179693,0.002496079254781458,0.0019908353440323823,0.0015745887590973423,0.0017592626458340366,0.0034005633578793187,0.007405176322899332
159080,0.001908587245560478,0.00258128265279102,0.0031801823520733047,0.003210303702384787,0.002892046056930886,0.0018758730429447312,0.0026336293737403427,0.004465801017929982
159082,0.0015256076706047228,0.0011645456430909307,0.0014756163327601796,0.0010916215457772993,0.0011862785713967483,0.0017859676223826032,0.0011717490950129972,0.0019563649976151037
159084,0.0010420713897341116,0.001685112449562931,0.0013775154961997438,0.0011817103401795676,0.001618542703942849,0.0014607939920786711,0.0024796223358158898,0.0018122704402436796
159086,0.0015624478511493956,0.001504135164059353,0.0022226041066710778,0.005393422717525631,0.0017800511449296424,0.002472420377890805,0.0022181738434069592,0.002490319982897518
159088,0.003004693814062223,0.0019944355877872383,0.003662859875768698,0.002530795941299138,0.001490145042241986,0.002759286030019084,0.002273093403500362,0.002700834571570679
159090,0.003004757933867952,0.002296861603488465,0.002305505899365734,0.0020396691453367227,0.0015132826785016484,0.0012233295640635827,0.0017217610598377342,0.003195398166155883
159092,0.002205564545569638,0.0011917855081981094,0.0018958030480187293,0.0013698781897471118,0.0014228328551200153,0.0013705249229967742,0.0014959978948226316,0.001400968613525247
159094,0.0018177122008120605,0.003899487336644483,0.0029617129744287235,0.0015015547279369074,0.0019100115577304205,0.0035741692826785215,0.002143945067986666,0.0061797047649086445
159096,0.0035770745098840373,0.0018398577010165923,0.0013979447687439972,0.0019158364097668912,0.002143352429177639,0.0019192980406424476,0.0023554003856677413,0.0029872208031091058
159098,0.0017492733037449831,0.0013223933495832285,0.0021868376680101442,0.002501059659330687,0.0014958754231498977,0.0024334044118612397,0.0017942957752767885,0.001944077813323744
159100,0.0020925835752151484,0.0023080576826851745,0.0012957735198746434,0.002311062156561905,0.0021358897199930255,0.002035877340045636,0.0017106682557666147,0.002439020992496946
159102,0.002873260143527512,0.0016583815178117384,0.0025413103216812005,0.0015115236044716124,0.0022213397724337725,0.001965064425931473,0.00250953359586803,0.0055000717064503934
159104,0.0029068326036430087,0.002433274674165778,0.0016089746326955479,0.0017343390497110006,0.0021659979106947724,0.0030904079750866537,0.0032856817631128493,0.003558628742553138
159106,0.0011235385825453387,0.0007156423334542389,0.001085073806608286,0.0007977288980272647,0.0007322053063113822,0.0008483239646563424,0.0012941645666586649,0.0014471014741781474
159108,0.0028023319899801585,0.0016542676855033633,0.0016194387662511606,0.0019941404616474756,0.0017883481786074157,0.0018172579856968185,0.0020149740989492543,0.0022701289848670175
159110,0.0016489806198555362,0.0012031477402450058,0.0021469267519264174,0.002492399934199918,0.002720521662054734,0.0028313062353504392,0.002827305531865068,0.0024154538432069744
159112,0.002155003557952409,0.0019229532685214462,0.0010902274668645046,0.0016343272146737697,0.001705755132519693,0.0019430319821611836,0.0012824714480280108,0.0030705576634662557
159114,0.0016691494241505428,0.001198844534355828,0.0012129957957634496,0.00156580878226098,0.0012859143646015841,0.0015258070206354418,0.001383711133056631,0.0028977228047653153
159116,0.0033094558198110136,0.0022468007494771403,0.0019424595876103012,0.001601548235454553,0.0020710951326946003,0.0020046186363240626,0.003619864785045626,0.003415343738927837
159118,0.001604252263147768,0.0012406783442266006,0.0017249013431676202,0.0008481496095988916,0.0013723727452635975,0.0029714803360759157,0.0012524484644794859,0.0011704462055996956
159120,0.002540126961901326,0.001876931953663355,0.001620910057101424,0.00183555353497801,0.0011638124890028245,0.0029443012876848584,0.0012442042815863502,0.0020022272147668524
159122,0.0011067194841383188,0.0013269552726628137,0.001187032115129938,0.001295676702398621,0.0014400719984388743,0.00291717749165811,0.00175504980567677,0.003841602800381594
159124,0.0009956094540514299,0.0011701974387046121,0.0012206719235358238,0.001519920195963087,0.0012653006510075088,0.0016280874317114447,0.0015084272135448273,0.0026862899391362355
159126,0.001504135164059353,0.0017058569876566981,0.0017688404536088248,0.002751996871722895,0.0016453722607390753,0.0019999138541282324,0.0024652166864206487,0.0031588861114518196
159128,0.002438213760123112,0.0013114223347546888,0.0014553401721729836,0.0021718199717146863,0.001813520650151626,0.001315614512344132,0.0015844097542361824,0.0023717681181879002
159130,0.0021198433755253987,0.0017698452073362653,0.002192570428418153,0.0024068699032824825,0.0019391726621070249,0.0022116476317089045,0.0038869898345341714,0.0034836006686307514
159132,0.0011841906379983502,0.0014589880097920643,0.0017758360782230143,0.002222541232664979,0.0015066729890600428,0.002194542699823346,0.0016056575273291213,0.003920651251390572
159134,0.0015712281591340749,0.0009331499628713186,0.0010418775451386808,0.0020713467307240663,0.0012998697134870701,0.001181713413636723,0.002597068980146347,0.002560384854272124
159136,0.00199384735346754,0.004458224245367293,0.0030058693163759337,0.0028406990679552685,0.0029430821082918612,0.003360141959483587,0.0030806524350651815,0.0034717266029039018
159138,0.0022095426568427,0.0014651030768391693,0.0010266544604137368,0.002441215617672521,0.0023070097455894084,0.001711312057750547,0.0016109207856551677,0.0025940418162042622
159140,0.002120001861960541,0.0021860262818629433,0.001630036382680236,0.001680710516161421,0.0012274637020672774,0.0014763233431703965,0.002389999546815194,0.002434936901398746
159142,0.0012944417254499158,0.001221950897393756,0.0013851368758578536,0.0023158566712667833,0.0010010382507141813,0.0010818187182875527,0.0013673448529432641,0.0031043690192067985
159144,0.0020407544644723274,0.00242109843944828,0.0021279536713214586,0.0012507388479321563,0.0012502303530365216,0.001810329520078438,0.003077979929632227,0.0031518395148061457
159146,0.0013068777865111875,0.0013009970917177288,0.0012732965942863772,0.0013168352127351235,0.0009279371069788184,0.002140366335278268,0.0012549918514870861,0.002586018044463803
159148,0.001973425348830382,0.0014921506478156182,0.0012224343321988324,0.0008236415491946897,0.0012043854402345039,0.0015349599667848768,0.0019304270272011426,0.0028308947398292816
159150,0.0023925080050881675,0.002001513833203586,0.002231299103264084,0.0015290534552714896,0.0027290883520061926,0.0027062124029004903,0.003481100268132309,0.002308094908870642
159152,0.0008570130889741547,0.0008355225303804392,0.0014388723137470638,0.0018167365023993298,0.002112959401783465,0.0015447783059397424,0.0010396462650042043,0.0025713216266021327
159154,0.0021514238976938632,0.0018532670958040232,0.00278590325068806,0.00186914412691698,0.0017045441818519524,0.002532539512965004,0.0026503245408267123,0.003214301829346289
159156,0.002329960007082299,0.0014783439785853864,0.0011218098144718525,0.0013556338082511138,0.001940290311441828,0.002422566908166779,0.0021479642699900325,0.003132776232423598
159158,0.0016614783685131723,0.0022234450880800893,0.0013516949346348839,0.001515884481242527,0.0016791115735173556,0.0019706742177622166,0.0018280773337018275,0.0029510930452181783
159160,0.0015702495830185459,0.00214432353038424,0.001437538379092676,0.0027730818332451085,0.001932201362623967,0.0020483378631033222,0.0025469244217563164,0.0026711668863244192
159162,0.0010555584728457745,0.0015566941099265513,0.001904449502509023,0.0013352686398813152,0.001138117056655119,0.0017204356575040713,0.0016750779041965758,0.002345186658694376
159164,0.0016384529862168012,0.0014814907962335533,0.0012366598059907474,0.0011043794236443305,0.001951059954431733,0.001301078789201618,0.0014733138557657816,0.002864912950436782
159166,0.002230943657707485,0.0019622138476465545,0.001950832225166066,0.0019580450503022817,0.0022253204801393617,0.0029569189850562477,0.0024906661473483305,0.004036278391224224
159168,0.002129753974308826,0.003231239886702042,0.003179726913446826,0.002126398399243057,0.0035025099366564755,0.002453097227357995,0.002379054275658113,0.004842137961525772
159170,0.0013066555870034358,0.0015173932911972804,0.0014372765247403496,0.003475977407194686,0.002611408817597083,0.0021328599699461798,0.0024413971057824085,0.0028324596128729423
159172,0.0016799457626338055,0.0019467587112976942,0.0016757402890155704,0.0021067510323800193,0.0014577045175135361,0.0024194200540286204,0.001960552130768678,0.00484325891998566
159174,0.001910008301553981,0.0013890227867818933,0.0015693318175555998,0.0012117254085509815,0.0015606342260726103,0.0012485972823716995,0.0019643448179379602,0.002587234783029635
159176,0.0011093774086621405,0.0011549004729118906,0.0015204956704679834,0.0025131717510264995,0.0018126149107802747,0.0019276847805480557,0.002193184487226399,0.002309146672641385
159178,0.0013078958363759718,0.0018831381128686098,0.0017314484233582755,0.0019437217261481093,0.001075583672210334,0.0025755113062422286,0.0014573899190770678,0.0027183353817241684
159180,0.0010491269608419729,0.0016113071666554735,0.001071446415792876,0.001107392778067151,0.0009603865000457935,0.0010235733724637402,0.0007929000128899279,0.001866929917438212
159182,0.001734334705760357,0.001672675266775947,0.0022156084270721355,0.0012999543304923478,0.0030611233144029054,0.0016766871288469987,0.001646479778580956,0.0030386532910342684
159184,0.0013769843380402463,0.0021523944058377126,0.002649012908808715,0.0016133534850502063,0.0015071198375547074,0.0024349038130566797,0.00259951629399692,0.0028496424930120196
159186,0.001420482370810286,0.001615105254874294,0.001058409253216,0.0020254608565487,0.0013271254492162043,0.0018525910282116698,0.0012321202297332357,0.0034715523227511064
159188,0.0034979384373424183,0.001793766552935297,0.0012433447902857608,0.002402383721041415,0.0016175860587491209,0.003907890231200695,0.0013726181298798767,0.004891830907507222
159190,0.0016639097274409043,0.0016468341178570989,0.003741379769212752,0.0017144721094561888,0.002169641379185308,0.0019030035395498773,0.005327948007412486,0.003925507349600288
159192,0.0026262272073796084,0.0025913642011415328,0.0018468779302810573,0.0025304350058954483,0.0020174885723595187,0.0022712047301565313,0.0019030392919037326,0.002789994593152878
159194,0.001662412665256588,0.0014431237773158134,0.0014806013571879717,0.002759464106629972,0.0013161534320540458,0.0023118029229385884,0.001728292581304594,0.0034939507884118037
159196,0.0014344578058287372,0.0015554124039099393,0.0017127452523679892,0.0017088342848193272,0.001867737069558617,0.002096738589096925,0.0024376961568037814,0.0025504864707864977
159198,0.002410081375022202,0.0014768607270676526,0.002066687527918498,0.002322450374127316,0.0030594334399653006,0.0022294486329916957,0.0017320744177817815,0.0026158024903616545
159200,0.0017945160709090247,0.002319314711725584,0.0019299831615535723,0.0025986950772921708,0.0018935928766287274,0.001251953066903122,0.0025467958283294095,0.0033247162433537453
159202,0.001474832522050884,0.0032845300461872284,0.0021123224362931126,0.0015634092637842323,0.001620486235248686,0.0013155037150491822,0.0044002106571794375,0.0028832443152007614
159204,0.0017603928414369197,0.0020304265476292493,0.0020044435082318263,0.0023374216057742286,0.0019293190950698952,0.0016234823708386609,0.002052909843897402,0.003661555928882232
159206,0.001429065247743333,0.00151925073754057,0.001429676220871548,0.001155844845852197,0.0024054182591375928,0.0012629877748973062,0.0015730952084092586,0.0031603556837984798
159208,0.0013715335245967908,0.00226722716446659,0.0027030916640774644,0.002398579284593541,0.0015993288505705139,0.0022382479353436763,0.00282391260184639,0.0029237175405685267
159210,0.002431054968233204,0.001786943213006334,0.002030361417490134,0.0029980507111538324,0.001303452897906801,0.0015345428656550336,0.0017028801342355987,0.004004105856930673
159212,0.0015066087871474232,0.0015960005750340067,0.0013131748097250928,0.0014687454184270643,0.0010936055510435971,0.001238242843101034,0.0012156479289521377,0.0032264410617777323
159214,0.0017175779514266992,0.0020875321916631467,0.0019675545130746347,0.0016947837186622738,0.00277944622675165,0.002559139770686017,0.0022701712288020204,0.0028652850349347864
159216,0.0027826834314193527,0.006334111538387255,0.0023184012600216963,0.0023080483761857146,0.0030430979290119314,0.002182896418809213,0.004102969942554324,0.003315584863841217
159218,0.002279889592841214,0.0014249223057538618,0.0030851198096704113,0.0012753549250234114,0.0027884462177397845,0.00261404381622711,0.002569618005906507,0.005152559309380911
159220,0.003031411530820316,0.0014982467889486234,0.0025251584709762853,0.0020029490595723787,0.002594299483418397,0.00218114825195187,0.0023192748834895,0.0033911756109934604
159222,0.0019378224620992257,0.001852557356342835,0.002104777946092762,0.0017437847705804033,0.0015769672509714644,0.002025151708583195,0.0016885932575329138,0.0030262200110171694
159224,0.0016459574093291018,0.0015734581118059254,0.002133923682861083,0.001085352627932093,0.0012299319590323293,0.0014083214835297758,0.0015851877468331527,0.0017985889236067504
159226,0.0017381691156926338,0.0013738821113778443,0.001584962308055507,0.0019666831171181176,0.002074316877243243,0.0018396646785851095,0.003308164525692839,0.002932669561702461
159228,0.0010397277056331533,0.0012905221808665601,0.0014477429381720835,0.001077584116958144,0.0013004024435849804,0.001628733244019076,0.0013387235984888002,0.001841068476552979
159230,0.0010512473562072078,0.002194234517595428,0.0011718215273473498,0.0020502870203982365,0.0012974932358323366,0.0015758552703975526,0.0016301910014393656,0.0019733551819014483
159232,0.0022394275152287785,0.0015693253241917532,0.001817022006822891,0.0014461252364844773,0.0032471494980419596,0.0015657583681522175,0.0031548209175659286,0.003552846906812457
159234,0.0016556416290117865,0.0026076271633513337,0.0018211905730931705,0.002250269419177775,0.0015486309014783317,0.0013750629600872838,0.002739081452038397,0.0022292618341082093
159236,0.0013792581704046847,0.001455766835086969,0.001505145528112442,0.0018534486415978102,0.00193776342618307,0.0012096851555305627,0.0025518118720852107,0.0029473309253236213
159238,0.0018674308656696642,0.0017182316996520175,0.0020018795087151653,0.0015147449570256932,0.0014417510955267027,0.0029989205289751575,0.0020179407148668838,0.003990696582479247
159240,0.0017720540979038746,0.0008462099125710089,0.0020628158597171264,0.003030013265848411,0.00161885175596789,0.0016455820076208827,0.0021651044226248667,0.003010017268558818
159242,0.00230495357459759,0.0014984080038882852,0.0010325317221508007,0.0014203411283642553,0.0013672930585340581,0.002004937889500416,0.0013184552170211195,0.0025497366162846036
159244,0.0016976095136379682,0.0017746290592871722,0.0020280680929081335,0.001919711948807079,0.0016023653182637432,0.002187191673235722,0.0021155620261588265,0.002519877718996588
159246,0.0017521051634740298,0.0015693716634915256,0.0010299823868811786,0.0018312703511519507,0.0011226801483566057,0.0036501022793940102,0.0024354056770639065,0.002890766441160375
159248,0.0017870729759213028,0.0016997682636012007,0.0012794349989875414,0.0012769854272000197,0.0016723836658200236,0.0014406225394464484,0.0015242314922670475,0.0032370943226378707
159250,0.0020752155315870713,0.0018014698947410729,0.0009620687235149111,0.0017399985556592612,0.0024107595570067725,0.0015110902951327582,0.001818286880129319,0.00176963614742226
159252,0.002697050984829197,0.0015378540889937065,0.0017224220970943893,0.0023411772466575137,0.001647536559998955,0.0019161563408716248,0.00183854030057079,0.0030362306107029197
159254,0.0025437838359959053,0.0016331238281713234,0.002111844775190566,0.0013429031811576508,0.0018480557807638714,0.002070906274673226,0.0028080392709033952,0.003780691536692818
159256,0.0024420811520177305,0.0026674830294165647,0.0023583917259515502,0.002145269314875478,0.0028063027560227966,0.004544817251002586,0.003157723343615318,0.004902905453667339
159258,0.002427179068456589,0.001152803922771506,0.003007774379522543,0.0014929649557002822,0.0020240350159529547,0.004270726185208462,0.0033262135787168745,0.0032141679270009244
159260,0.002138849948784119,0.001634235951369481,0.001731432302163341,0.002495345629967685,0.002809463937721246,0.0035185149109277086,0.0024455779840693165,0.003921447172988701
159262,0.0016893682448753666,0.0013899809484069353,0.0012866593569266366,0.005281015211640261,0.001869546792873114,0.0013458103521521991,0.0019686624591914864,0.0027269787799161366
159264,0.0019824538370978445,0.0018603266552317393,0.0013483053402032485,0.001902239494535829,0.0020330880403238855,0.0014308751666727293,0.0013517056176766268,0.0033240598422138584
159266,0.0018337938445046748,0.0019131915610321043,0.0020635783277945935,0.0023122561098194577,0.002502863034269609,0.001045086957655053,0.002026132211352172,0.0032032939913086977
159268,0.002345315108889745,0.0012899125383119547,0.0015861329843903788,0.0027506419492019513,0.002278190127877902,0.002225972853468053,0.002159803111826619,0.002607484491534265
159270,0.002245533434401384,0.0020227849270883086,0.001778390848387268,0.001493555460621701,0.0022548377392496294,0.0018105400188846016,0.001616847489610565,0.0027489767934905235
159272,0.0012932885219397172,0.0015477590471988378,0.002285980211528482,0.0033019562924198192,0.000999528260653193,0.0015614817291707134,0.0016715754211605316,0.0035566956096035884
159274,0.002942878801545104,0.0036788272099191333,0.0016648708517568722,0.0018567045025827955,0.005680632228621585,0.0024767756694358406,0.004112067407622044,0.008972624789350903
159276,0.0021840017829701797,0.0034701757950006545,0.0028122787951778694,0.002889197155167056,0.0031087555118079063,0.0020585367430234758,0.0035681238175706703,0.006417773027927398
159278,0.0013216648967674521,0.0013617328051444139,0.0017472751733142028,0.001148699361236405,0.001441493666646823,0.0019646776904315294,0.0011867690149469784,0.0026491379217226246
159280,0.001385549793580465,0.0016657610966879788,0.0014509302537215607,0.0018719701465108735,0.0016000139355962922,0.0017428288108806284,0.0019819874447308955,0.0020912651307867236
159282,0.008274100388626415,0.002041363715793665,0.002945998291331922,0.0021186477143291804,0.001868009164527465,0.002690858214042857,0.002316503176417406,0.0027876759282983304
159284,0.0028404524725920144,0.0021573429720135456,0.0027376529152823986,0.0013286564428982711,0.0030443614923593293,0.002018051833881318,0.0042044560557039645,0.0031998316256055676
159286,0.0018436556533241305,0.0025661418792433666,0.0012949317847767011,0.0017623246403358217,0.001878460978346222,0.0020476051873852402,0.0023976609333973276,0.0030028195310384392
159288,0.0014720680983524304,0.002033828866571108,0.0010125846601516525,0.0018920677511469197,0.00181648245725885,0.0015316334923159425,0.0013940675309607187,0.003999697054258233
159290,0.002075408659075198,0.002786680768058006,0.0012972348032136566,0.0014350419883535914,0.002245184976606973,0.0026108933222135366,0.0015769290839264816,0.0025116185666754914
159292,0.0022887917033536653,0.0018116253597391663,0.001762285543583944,0.0015295228414720224,0.0016079733157664672,0.002402865057177586,0.0020410085886379964,0.0026494009953415137
159294,0.0019323742884855971,0.0025468823089315334,0.0019858675344636284,0.0025327266142623067,0.003472459329786917,0.002455266056025654,0.002720788645051153,0.004435760783383869
159296,0.0014937345641733574,0.002160598881200182,0.0018799983787543134,0.0011677733470618623,0.00238831377183063,0.002078710525585739,0.002396519898134608,0.0032005869218258015
159298,0.0014503456832750672,0.0017689469953781206,0.001692317331625226,0.0017231605805614336,0.0019392202360363348,0.0015931363797040549,0.001827996102523169,0.0018069461010381677
159300,0.0009634693303960419,0.0011945796814780696,0.0007456521079005629,0.0018823373368960367,0.0009563987173522338,0.0009863291303619098,0.001106079846317623,0.0019952741712798844
159302,0.0014391269646674282,0.0015653011404062611,0.001420802508907984,0.0020665940451216613,0.001432132697390745,0.0017794008248306903,0.0012528471738110364,0.0017176752183206134
159304,0.0018304931132663432,0.0014179896177746176,0.0013792025537863323,0.0014384679144791163,0.0011985442744558844,0.001531461752629984,0.0013890522210314865,0.004652549999919708
159306,0.001309741674436149,0.0015896811741500927,0.001930839187087155,0.0015694950415232611,0.0014162425444186472,0.0016374422353433588,0.0024019637782164566,0.0025001975187928377
159308,0.0012131631722550745,0.0017978726740752737,0.0013562231168526978,0.0033477763736498023,0.0016642610740413843,0.0022172622893490562,0.003026354038211887,0.0030637950917822426
159310,0.001537696609021491,0.001408427454863137,0.0016078911564756382,0.0012709668560911963,0.0010073163684876235,0.001283999698845406,0.0015160570858952505,0.0025129573613683065
159312,0.0017227430767424168,0.0012456322555221139,0.0014644734596008235,0.0023058711711944208,0.0016058103883915958,0.002124040117055026,0.0023842407248120395,0.0017024401939447764
159314,0.002422507500792259,0.0021390156912384217,0.0016633745726358923,0.0011827004561709153,0.001436477267959868,0.0014674896068606197,0.002146412746821591,0.004444587960342139
159316,0.0019755266317412895,0.0021107215428861625,0.0018688925632406872,0.0025766446361752543,0.0020599550694062746,0.0021010722348391853,0.002793686062763437,0.005398928653083113
159318,0.0022783017936490874,0.0017916081851688942,0.0023277994495285587,0.001730456489623125,0.002663282995842009,0.0018221404332108282,0.002695828031310313,0.004326046733911293
159320,0.0017063669244956614,0.0022849853788826785,0.0028157311500912746,0.0011667856829691292,0.0017296200764672087,0.001808304094797819,0.003797198035999108,0.0033369178353653967
159322,0.0018784241659634132,0.0014818983299430682,0.002758347993822241,0.0030064616475100753,0.0024134962986544495,0.0034454174200538312,0.00277230739234037,0.004466403494023163
159324,0.002987446811715311,0.0020615700877680276,0.00148023785939011,0.00228072995586083,0.0026785175476388284,0.0011755660589196637,0.0023428621739456923,0.0032443479924644386
159326,0.0017260130199429208,0.0011595493222498754,0.0011812419408139263,0.0019029866385540523,0.0019641093805147225,0.0025203474938107484,0.0019828124591505514,0.005589991909467962
159328,0.00202176268843246,0.001521012847987127,0.0014323461462351639,0.0021986219563289305,0.001382960716165782,0.0020526225744612603,0.002026263343082438,0.005152856669467243
159330,0.0012377292934606793,0.0010192848498322832,0.0014159997390909146,0.0010855831243584135,0.0011218492430065674,0.001765000513523296,0.001102335943054325,0.002420985526955924
159332,0.0025278642266614165,0.001725403905462733,0.0019096976750844347,0.002263226501013682,0.0024554008089566204,0.002420082688331604,0.002099339058976357,0.004730564047587871
159334,0.001549383050976641,0.0009295158310065887,0.0017656159509480407,0.0015770844178086968,0.001071992287684731,0.0014143998755384996,0.0019411266260613846,0.0034752601211723994
159336,0.0013819279789162864,0.001424362400812021,0.0021755360964176435,0.0013214162555928027,0.0015304242299279402,0.0011483175848978622,0.0021875331621151184,0.0026031662373535713
159338,0.0033881786267129232,0.0012519804838984627,0.0012487673605581784,0.001644138228565295,0.0011300216084564468,0.0028595939485152044,0.0016422053189107388,0.0038301944007727157
159340,0.0028942381668086714,0.0033091365085700236,0.0019122866750432288,0.0019488704209594948,0.001370337092625476,0.0020398034063815462,0.0015861246759907438,0.002959653126002104
159342,0.0023075505058183787,0.0015466644468216245,0.0013851177428145789,0.00245459160857614,0.0016843375217772683,0.0012074527007863711,0.0012354485758061529,0.0024133414716048934
159344,0.0018317157910994197,0.0014433049261362019,0.0013380040150959283,0.004237703374796675,0.0016089770235594991,0.0037243062901828328,0.0017996141004611582,0.003197504339724766
159346,0.0010816996237947851,0.0013116689545977916,0.0020724692746410533,0.0030580917647519273,0.0017663971412064244,0.002141086462350339,0.002024361510248332,0.003153281089296592
159348,0.0016065132846382474,0.003251034129016228,0.0022014480876287323,0.0016904083728910835,0.0009558424626982115,0.0010983652780577474,0.0017347927122181167,0.0026324266204019175
159350,0.0024247302726721487,0.0020748934461552043,0.0019872635950597545,0.0019131426780344546,0.002521351148299447,0.0026333273214840802,0.002040637337071216,0.0029284232656801024
159352,0.0018466515621327062,0.0017062564368428706,0.0016437733048274006,0.0019047141783741367,0.0013394297413926726,0.0019916309423748807,0.0016179336790527743,0.003338407153310477
159354,0.0012781145597186155,0.001463680357346675,0.0011919305794927532,0.0012115306418497007,0.0025268368051334367,0.001687421469096298,0.0021784116881712473,0.00424375464369775
159356,0.0014571208591079299,0.001750573916592446,0.0010189054840348266,0.0014784035647698174,0.0014248382145654187,0.0033268448377167387,0.002144819687561972,0.002965761379790044
159358,0.0024213807321985664,0.0014566834763627412,0.0025842682768564273,0.004256198712383252,0.0014251526551945087,0.002272581558708575,0.002916558613944145,0.005723744172514422
159360,0.0019773944571289115,0.0018282656058428298,0.0018283286839565621,0.002682555918202212,0.0030674352009960743,0.0021561526944681303,0.002596872682905149,0.0038345457074229344
159362,0.0018532696617603595,0.0024070336610187426,0.001744428550055091,0.0018895876963912622,0.0023951023724312487,0.0020687277404963234,0.0017363505727497341,0.0036112922867568287
159364,0.0011926334256934373,0.0015617481852761572,0.001099112103503233,0.0017089393118635693,0.0014627412851497962,0.001397368744300076,0.0019434543537134724,0.002027009969275975
159366,0.0015239237555420004,0.001062784321676169,0.0014275604843219103,0.001295204467345601,0.0012995288557329232,0.00201731723329214,0.001603304624439597,0.0018737158040158658
159368,0.001851765995209212,0.0015746526195282856,0.002532041234807894,0.0029504106844777667,0.002062124582369887,0.0032366721277491545,0.0036826223621889143,0.0028909423014339547
159370,0.0012060677461657315,0.0017480731670339728,0.0026128120298602037,0.002273920788724626,0.003116318187519909,0.00257804377450932,0.0021712286999853725,0.004372857284275833
159372,0.001392077835470476,0.0020697899165691425,0.0018140162852682412,0.0014126219720647648,0.0017318694611373614,0.0017831185849920411,0.0018289722703246497,0.001797505916027467
159374,0.0034314287214643052,0.003018169484364286,0.0015462879469227975,0.003198475519414559,0.0025009624095952976,0.0041491530955506395,0.0023110342189538446,0.005561142741016489
159376,0.001505479982460367,0.001498473761309127,0.0011637199713990243,0.001537478955173699,0.0015606445277854958,0.002067980923530277,0.001588284404846832,0.0037898121706982923
159378,0.0033956716178531465,0.0016306864926542985,0.002922886089612442,0.0028178269140564233,0.0023703115021596194,0.005201141213806437,0.003052179705596028,0.0029568715833525605
159380,0.0017252247199914805,0.0008174119176868368,0.00090731540263006,0.0013653779056446158,0.0010937341696328762,0.0011199592002967412,0.0009730783921764498,0.0019138812037276104
159382,0.0034903439529770375,0.00224796668424411,0.0019151966276900745,0.0038565058599671215,0.0019142123806759198,0.0019918467421611297,0.0022377594137734796,0.00453019552246392
159384,0.0013996030332630444,0.0016011206919697707,0.0020532548638392406,0.0013795692014162975,0.001752901763744777,0.0022174952476223947,0.0034049690647321995,0.002866854994982085
159386,0.0019728627245998442,0.001272404520513748,0.002615654260385014,0.0017292773883150758,0.0022573131919410017,0.003048899985553813,0.002746252761287593,0.0033245366716814356
159388,0.0017292742900237301,0.0030586653196208596,0.0022418839135212587,0.0013823232434487936,0.005602996600622356,0.0018908979864243336,0.0024278893880041452,0.003948063129656509
159390,0.0020485540156715137,0.0017601443298087688,0.001185403159713383,0.001451609752013694,0.002182108734758492,0.001801493928331857,0.0019049411509489828,0.0029471897610511416
159392,0.0019642275927727604,0.0016900453943344967,0.0018068229026815263,0.0018717683553191172,0.0015613115624708712,0.0018925078836918297,0.002242957533576409,0.004311288414277081
159394,0.0024225790097582994,0.0018350836910045049,0.0015588310674342076,0.0016105583712919813,0.001796484497837772,0.0025580231095828077,0.0017880929756636382,0.003602952662306605
159396,0.002294395602513488,0.0014060659953052529,0.001306545436918341,0.0020093376293953136,0.0013538375917533513,0.004120910929842125,0.002102243455175526,0.0025689318065111877
159398,0.002040300446246382,0.001979445808296454,0.002196603155344215,0.002075392366778353,0.0022162772637579625,0.0025707545717579827,0.002078709166812312,0.0035421318188527118
159400,0.0016585125942614326,0.0015483453377704848,0.0011326649748672063,0.0016604453591651108,0.0009959806961613027,0.0013851607230243174,0.0026234673895186994,0.0017645595055949675
159402,0.0019794501175843943,0.001504685966934996,0.0014652810366700408,0.0018113926007714554,0.0017280023661359056,0.0018681972275430697,0.0016945331347063691,0.002562146129703749
159404,0.0022037684996912277,0.0023483617801193374,0.0023105550078162396,0.003535308100912682,0.0029732517797410735,0.0018764907314485768,0.0016255778577030228,0.004691359590456523
159406,0.0014247229096120556,0.002860594471332925,0.0014381299695949284,0.002146713064694661,0.002862231705605414,0.0018965907836951956,0.0022986262420933296,0.0035362521969884014
159408,0.0017109323571027346,0.0013342380847492508,0.0012595336657331146,0.0012542085901526279,0.0015860783867339828,0.0013939404038074837,0.0019604465649192826,0.001975439538887125
159410,0.0016116792367251165,0.0015125868657611813,0.0013262936691278565,0.0013012687995195282,0.0015597451692054426,0.0028781377449382806,0.003551708331962722,0.002988601014174641
159412,0.002025745883710295,0.0022391285367152763,0.001234508605201745,0.0026102202851971956,0.0022402977690994114,0.0017964968137675896,0.0024858023463310147,0.0031144896504931574
159414,0.0021300527806738523,0.0027555356242773416,0.001502910234938995,0.0017098045987860022,0.0024966502986845662,0.0027427055391946453,0.0019040128600489314,0.005561795049414953
159416,0.004431523085614231,0.004256975491701509,0.002254099082471886,0.0033342288658380625,0.002869034745096366,0.005937701485143387,0.0034230741822075667,0.003598811271585456
159418,0.0019302361849053012,0.00265109939995746,0.00300977037904554,0.002539926820708749,0.003845724936832662,0.002282271972742278,0.0022845555271580054,0.006099971293151152
159420,0.0012052655039775928,0.0014364078024300397,0.0020392727813661887,0.0017734585331611458,0.0013682401144857886,0.0015165157688584868,0.0020234420972473632,0.0028893813780018207
159422,0.0011685090209158228,0.0019460766455559608,0.0014685812388671865,0.0020226850706950433,0.0014014569602815996,0.001878657317146551,0.0016647966754202437,0.0030223099373651863
159424,0.001975267345738496,0.0017661431962814333,0.0015138386322119946,0.001281260116881358,0.0020623360474774644,0.0018185693290667104,0.0018986260919951065,0.0030999976535648344
159426,0.0015896137420967765,0.003649631453528937,0.0023729221191426952,0.002583975507169392,0.002197451427781383,0.002329826943297031,0.0012536511140793932,0.003831349096551931
159428,0.0010569067187340409,0.001841201149082261,0.0011935477958238128,0.001619010639974397,0.0012383503376179328,0.0020217342128509147,0.0016421947514366902,0.003197721315018401
159430,0.0015878295404754411,0.0017461348756465794,0.002009331283837082,0.001695043216799752,0.0017218185631853178,0.0013640028204839894,0.0017487118178079047,0.0023071779435033385
159432,0.0015848789590933166,0.0018934806998177761,0.001107504104480142,0.0011343549071443082,0.0026644439343270904,0.002236568293242938,0.002246586032887743,0.003290959095278781
159434,0.0018264193011413021,0.0021858151858912406,0.001470128602760204,0.0020766531722000853,0.00262879708829189,0.0014847118687590921,0.003214034449836381,0.0038371538003295763
159436,0.0017209456049924743,0.001457792986661613,0.0014786043905132829,0.002434938739646564,0.001915674334579745,0.0035533976090962316,0.0017293653809480336,0.0024621941886682763
159438,0.0008030767749780433,0.0005328035409731292,0.0005015533719545662,0.0006154837586758201,0.00044381436852969705,0.0008093548663448136,0.0004866582841212032,0.0015999692322302833
159440,0.0016266687781923417,0.001845930606420021,0.0021339426125384225,0.0016758802848870907,0.0020137371763697676,0.0014926986764714073,0.0033143768740086094,0.0027971880673969413
159442,0.002004953235643439,0.0022434847352227477,0.0009097233843062859,0.001315027069664021,0.0022230140388897063,0.0017255747437988772,0.0017831865426055776,0.0018093016121378813
159444,0.00185986553974532,0.0014571919613362017,0.0013575086268275,0.0016374856502110596,0.0015854713478514887,0.002951878707684888,0.00204595790447204,0.0032212542172713743
159446,0.0014553376140896135,0.0019272811346442986,0.0019200077180949737,0.0012515025748538605,0.0018337226959597164,0.0026522484713198957,0.0020685996470639623,0.0033610139934945465
159448,0.002832820066732078,0.0018391316824761944,0.0023046828022360716,0.008643257189678621,0.002245193096389722,0.0023468228574972105,0.0027340968388820386,0.0031268261283790566
159450,0.0014748803059361354,0.002072793885549498,0.001641347954426886,0.0016058924945048236,0.0019161397077094855,0.0029882205996046296,0.002057567355472578,0.0035190868130891145
159452,0.0017446706593010758,0.0013850212477406476,0.0015562429103690434,0.001475253447444716,0.002310868029493429,0.0029928695070877698,0.0024331500851302312,0.004164308420330498
159454,0.0019344300130744174,0.0015177502925407677,0.0011605867138336223,0.0010836054318508759,0.0022433068771404857,0.00172304985980537,0.0020440859239487796,0.0015185480374918653
159456,0.00190931154364761,0.0009712552545186083,0.001299623936852401,0.0019271974014035131,0.001603498246995072,0.0013928398975227574,0.0018535089449947528,0.0015946453623973955
159458,0.002054727769980627,0.0016649100686026014,0.002671550045545923,0.002281353034488953,0.0020492834883043543,0.0032237064600165177,0.002537799353078976,0.005015480317963006
159460,0.0013876630424443231,0.0016066852996644704,0.0018706864114360067,0.001866589658672313,0.0012024678965377178,0.0016111456705090177,0.0026745481074548355,0.003542179709168425
159462,0.0014116036899620849,0.0015696284605459798,0.0015528678978744687,0.0014733344464969017,0.0020625796687206432,0.0011961087624376976,0.0018187993711796246,0.004009780447129296
159464,0.001361456230734595,0.0022403915747874065,0.0015059940218906664,0.0016124175221678971,0.0017947319611227308,0.0017223822086493007,0.002117916969942138,0.0035079333956569148
159466,0.0024378650064321855,0.002356480955608267,0.0022377897245271644,0.0017743324685570716,0.0023729881742298176,0.003279678569724498,0.0034581423825850166,0.0038097546425253648
159468,0.002237016864432617,0.0022348804760286556,0.0013822960966348857,0.0018520907919459262,0.0018636892226455704,0.003134813279385709,0.0033688319304774894,0.0019721221686564427
159470,0.0019796868041410814,0.001994783645094103,0.001957176092531876,0.0015323809199042776,0.0015716767996755282,0.003340309745167913,0.002106274685538312,0.0030905831793006655
159472,0.001431578988819196,0.0009543900987201183,0.0013052304582267388,0.002204934761744548,0.0011457866407660888,0.0026234513616203575,0.0014789247085805202,0.0029578650728723233
159474,0.000799166921128372,0.0007875312995647837,0.002071768242526986,0.0007614517651838328,0.0015688835118545796,0.0009019262566291181,0.0013094146225734044,0.0011526354513651804
159476,0.001227366860950388,0.0017894845252964947,0.0011705644811010885,0.0013203515342986721,0.0013310930810683935,0.0015644098709560184,0.001332656823395395,0.002605509173482512
159478,0.0019032492625048608,0.0015994292649064296,0.0018369832262835756,0.0018793161604564596,0.001243282527461656,0.0022834894415080798,0.001575759739420049,0.0025886910013674935
159480,0.0021756650263063393,0.0010531587995594865,0.0012670509515029377,0.0009880227890640136,0.0013683553156053213,0.0013425119557742976,0.0024242434498195214,0.0021844067470067202
159482,0.0012334151288087014,0.0010053541645593939,0.0010432848912158565,0.0009399890955990621,0.0007092892065991979,0.0005902121981955638,0.0008425695445280074,0.0014482220738132462
159484,0.0022397035944801136,0.0018074037769558182,0.0014039870708183605,0.002520739879102188,0.0013980665067027248,0.0015259365323783691,0.0021011367817925924,0.0027238818611453747
159486,0.001824755655466248,0.002167337968115801,0.0012663774118849697,0.0016844005124083683,0.0011285809372997418,0.0019521770733723631,0.0016848647224066426,0.0029389518735670195
159488,0.003453376201321634,0.002160239070018291,0.001777977073398454,0.002753451430012946,0.00167120411454115,0.002338339877320017,0.0037001525782562883,0.004711105070910548
159490,0.0019070512119535032,0.0018077218087402813,0.0016255036607617512,0.0015247973086086747,0.0029047200538950962,0.0015575525984101862,0.0017640240476951008,0.003034359649011345
159492,0.0016305423802805002,0.002397091476162974,0.0019057402149977865,0.0025027102122670564,0.0016621064688643467,0.0021982198685590593,0.0014296379079771354,0.0022862808766677123
159494,0.0015026687747863449,0.0013667366060344244,0.0012115747288135026,0.001331819776702936,0.001185467290865161,0.002278068507762923,0.002562395796411168,0.0035255347532981013
159496,0.0012430781482215686,0.001538947321542819,0.0031523837269232247,0.002008197259742786,0.0021501889592124984,0.0026999525943489783,0.0021232840677170572,0.004643506385698437
159498,0.0016333364062648403,0.001118130044613308,0.002395275939359745,0.0015240991442157098,0.0010767370685700467,0.002631505816669946,0.001813370894092739,0.0027226656681162004
159500,0.0010688803903225463,0.001146992212948797,0.0010434653888951595,0.001336055570162531,0.0016759968000708142,0.0013686281797066352,0.0016412957348804907,0.002547335416083263
159502,0.002649818641949686,0.0018890637075365119,0.002842509747154942,0.0013815385864488494,0.001818000958667812,0.001645617369723254,0.001645768796355862,0.003143281785267016
159504,0.0018383796119254697,0.0012231617482722085,0.0010677005355392982,0.0006812241175691569,0.0008739398274428822,0.0013040767627226502,0.0011211032129319065,0.0019957740774995264
159506,0.0014558856637392759,0.0019522442291872721,0.0010911602814509536,0.003066320744942397,0.0012677697679903815,0.002098311305386305,0.0019227745573433541,0.002872933466533889
159508,0.0016194957340977117,0.001952238303627729,0.0018590543080541228,0.002782658277769523,0.001736911312868239,0.0017952344927235075,0.002686062496090935,0.003141059507952973
159510,0.0021236493717560756,0.0018893117673686316,0.003184758714347549,0.0028875037817339827,0.0021559126027088787,0.002581086953068523,0.0020237866431651597,0.0029905421570170093
159512,0.0015262840584604476,0.0014475960947180205,0.0020658049449067684,0.0018342274656980018,0.0012389222344344614,0.0025923625493718405,0.0028446381019068406,0.004500908774688561
159514,0.0006917594675255462,0.000722244123995134,0.002009116208736131,0.0011186717316036265,0.0010629825305494833,0.0019173763028591667,0.0015066831111080342,0.0016394393115931744
159516,0.0012976234011548154,0.0014220957845093724,0.004245498240967871,0.0024656872577911854,0.0018188912014449748,0.0016367552113969452,0.003585859734648103,0.0030348222047893447
159518,0.002155197250048105,0.0014584265724728596,0.00343517049456038,0.002660414613516515,0.002602144527191763,0.0021012207967725655,0.0022258853258466105,0.0033784372926573547
159520,0.002073488305818272,0.001725428045149316,0.0015101917238746765,0.0022700001255438473,0.0015050489855401722,0.0020019575149241575,0.0020929765649616017,0.002602442885358061
159522,0.0022607683540235707,0.0014334548133527886,0.0020964373527549013,0.002579996545599164,0.0013820179956509776,0.003332816182053888,0.0018407452870974894,0.00439371001526917
159524,0.002132202809827635,0.0015746662196021305,0.0019334962019001978,0.0017430341039115366,0.002600846773198953,0.0025219568791792213,0.002237983224757878,0.002377830481111745
159526,0.001634334744763169,0.0040261049847468144,0.0029529308738829863,0.005615523950031565,0.0025610359767492957,0.0023955249970095682,0.0054627770047926405,0.006546357723236307
159528,0.0012313585191166126,0.0007896461542655914,0.0017104821335823944,0.0011034214225134065,0.0007588438780317119,0.001151170067367216,0.0017872036884747922,0.001919634908891743
159530,0.0016204748381155043,0.0012266533302057875,0.002649367247558057,0.0013308873151585687,0.0016288393883682334,0.002813501797172338,0.002071605126276188,0.0028142507454545496
159532,0.002682711820380712,0.0035196291465516283,0.0031452583133040474,0.0039893703508733225,0.005023057073075599,0.004012853344015577,0.007029350094694076,0.011103274973089994
159534,0.0015240171203956404,0.0015995210410030408,0.0012306184760758065,0.0017121144371835678,0.0022777868736448964,0.0017617516817392542,0.0019282140982928575,0.0028442566319845236
159536,0.0012573187970890687,0.001889142722216755,0.0023228040586884685,0.0038958191748928034,0.003676894676485923,0.0022410034758571507,0.0027467720782894944,0.005230569188342804
159538,0.0011569900577652753,0.0012707405597711802,0.0010493354768784102,0.0009511451303590192,0.0010968528949482081,0.0021346007291509622,0.002001604165615456,0.0017949342910775906
159540,0.0011468710973379231,0.0014066994176698544,0.0012723851195223373,0.0013021929795665188,0.0010544914798400612,0.0019171583774266893,0.002138069908384513,0.0018893937019353602
159542,0.002232443055856459,0.0012073998865993474,0.0011723650963185867,0.0015291024009336796,0.0013345870026084672,0.002667091312089101,0.0010966076351227039,0.0015389645662260976
159544,0.0031206440199618157,0.0015960663564757033,0.0011669289701672497,0.0019710542658049612,0.0021929500182621547,0.0029269860786777097,0.001567701814712566,0.0022940704948105767
159546,0.0019909859402981317,0.0016115557070918302,0.0032998292565358245,0.00237851174118614,0.0029412093650794113,0.0026983729066252238,0.0029760422337613,0.0046805175570079904
159548,0.002007548578967011,0.002007256823635173,0.001558162210074876,0.0015044166215564397,0.0017804837097269571,0.0026408206494417247,0.0026817594985573123,0.003014356245587116
159550,0.0014618241638855722,0.0013128424702259084,0.001556459242842756,0.00197810949240651,0.0012784656511577591,0.0024017545508405735,0.0025906041895518706,0.003517133521411267
159552,0.0014166269820204413,0.0010073184967041016,0.0007858538640031498,0.0013609982676944382,0.0008610203752454672,0.0009529284891374307,0.0011334431855814509,0.0019115566008187784
159554,0.002007148672583059,0.002297152270452907,0.0024540113699803023,0.0028297079925323487,0.0024450352844382905,0.0023535844438280495,0.002309821602998474,0.004193340313386251
159556,0.00147682465028659,0.0010850087698144883,0.0008765207262177027,0.0013407751996326184,0.0013373554655707331,0.0014900305755532472,0.0016458362000716514,0.0028538213528230827
159558,0.0017898879741974488,0.0020648081170207555,0.0021771412155681263,0.0016721877559442433,0.0022857921277505966,0.002082249937829239,0.0026097208929931615,0.0035465821224124477
159560,0.001015561087241379,0.0010818510660720038,0.0009340722984410611,0.0016532596411631545,0.001278363621892764,0.0012225598950233035,0.0016349679367268083,0.0019199277340864601
159562,0.0034738617800126464,0.002593457463761162,0.0011589899628517003,0.0018378691605958203,0.0022567426026489645,0.0017521294892281075,0.0017506565263487733,0.0032440229263326487
159564,0.0017801891449958362,0.001779755673027697,0.0016572017595542499,0.0024153831718189966,0.001430643509778895,0.002243158667457626,0.0029134085064050907,0.005528045392644343
159566,0.0010088826339524903,0.0017076982894753817,0.0015479243699003664,0.0032864419983359566,0.0014281728251280962,0.0019721129043151486,0.0020233489274171235,0.002658306788594411
159568,0.001977017773666448,0.0013326345204964785,0.001964876832993845,0.0014938030985979373,0.0017962719757500523,0.0023625726513907402,0.0018851577811496295,0.0035891553537906185
159570,0.0025088080723547623,0.0028717890455007833,0.0016519775329157937,0.0027148279808388853,0.001726958784088739,0.003175049632560878,0.00358270476732514,0.005513708326715383
159572,0.001886004779150921,0.0015269032418974288,0.00083611412696619,0.0016863247401166653,0.0016105649494072005,0.002950767234429344,0.002437941891969553,0.003102399988061999
159574,0.0034121715779483197,0.002234114457437389,0.0018803111035166215,0.0018169283182489782,0.004055634025002475,0.0022546820735437484,0.0018474187725845415,0.002868276147561369
159576,0.0020301448840737285,0.0037638763340604037,0.003364619514613365,0.0017481912307539815,0.0016496895718903226,0.0036965454492511457,0.0026224340718833533,0.0026924844128462105
159578,0.0019502636182125443,0.0015731764738553672,0.0014548956678806096,0.0013060483380690352,0.0011560155782032316,0.0013188637559019,0.002389600355168567,0.0031128133740634945
159580,0.002430070185710856,0.0010597396718035057,0.003456528906231951,0.0028884286889148264,0.0035208027984229423,0.0019600319165769126,0.003308001256861426,0.0038677754151470456
159582,0.0020460694551919373,0.0019006670392764935,0.001599226353727945,0.003881711057003523,0.002400415419402613,0.002114832156787219,0.0026378752306897013,0.004576426432853831
159584,0.0011285661697968963,0.0010465974601304162,0.0010153170196237071,0.0012454061226080532,0.001277352873105389,0.0014516492098082395,0.0028134417275384044,0.0022186991772970566
159586,0.0016409063783268257,0.0014015752249498803,0.0014724528916559287,0.0010191882772936506,0.0011980715187376867,0.001998089372817327,0.001196665924720064,0.0019753812572889107
159588,0.0024169645539978135,0.0021575931796746772,0.0017889475045119868,0.0026259374156012427,0.001546919672424707,0.002759195232728287,0.0023516459950565505,0.004710148821723215
159590,0.002017937702647035,0.0039679750535662195,0.0019778752196243504,0.0023023413030116707,0.0023469390803470547,0.002483552120795318,0.00158998003121269,0.003410765102551727
159592,0.0022401468377536565,0.0017774314164512028,0.0017016496125581981,0.0021077268053313336,0.0027324701932798234,0.0024756578497334147,0.003057700772902905,0.004415984693235453
159594,0.0020856844960915333,0.0017480183419654877,0.0013980929721777446,0.003171262287339438,0.0022347350104454794,0.00186315983250257,0.0016326866713845534,0.0029260131038261333
159596,0.0010926103679276822,0.0009246280345545088,0.0009249396872096395,0.0015195068859920197,0.0011807736342973746,0.0023448547250427,0.0009110193654957334,0.0024092635866641704
159598,0.0015653960590498173,0.0022152160103764557,0.0013749983110351721,0.0016552536057094086,0.0019407547260794772,0.0011529536854679723,0.0015884702885399365,0.003645980658508796
159600,0.002134559766003241,0.0027791300333639968,0.0027583550373045385,0.0018718099375982789,0.0034731881821670335,0.0026486125805531696,0.0029144015056087463,0.004443066160793097
159602,0.0011841473085000415,0.0016061442001422815,0.000966604007370378,0.003604998081002897,0.0039531778856913835,0.0023897416710268043,0.0016961802122585912,0.005220041131488495
159604,0.0014558037908468102,0.0012453214595198464,0.0010902377992118156,0.0016315206041481733,0.0021081174514395173,0.001528328685028113,0.0016018941282889276,0.0023135654065814665
159606,0.0026995457254064825,0.0010275014010971972,0.0016598124125560276,0.0011466609264667582,0.002686168686467219,0.0010377468891820257,0.0018693406224856851,0.0043822559353939305
159608,0.0016752633099548775,0.0018000714791588934,0.0032980413473820414,0.0021553321478993276,0.0025849849318861917,0.002939308942289609,0.0016213156342068796,0.003059503086545734
159610,0.001730066613502404,0.0012215842175268415,0.0018278677290855527,0.0011846198735959157,0.0018835519839038306,0.002329810040871974,0.0021437663708252647,0.0026948354801959035
159612,0.0016984068323414037,0.0022338341450624105,0.001990403865743895,0.00165626377375451,0.0015440325448534825,0.002068936493846485,0.00221312335779289,0.003735756828882053
159614,0.0012402157166260808,0.0012095804672031113,0.0010664410387418166,0.002324564982576549,0.001404716362450889,0.0014171587191081358,0.0015721216638560215,0.0030038619522356758
159616,0.001924942848573044,0.0017719066911334735,0.0022487990237986116,0.001655710144099501,0.0013474248301888064,0.0020315624643303526,0.0021518185722520095,0.003109993990744686
159618,0.0036378958417672275,0.0018203414100815274,0.0015300196942802935,0.0024920834042905377,0.00205346317269145,0.0022885692867058993,0.0015120166562748866,0.0034643860450087605
159620,0.001811719862879535,0.0018071332819005193,0.0018579471419966631,0.0020342085713234703,0.002067710218736099,0.0024529592165839637,0.002256096706163016,0.0026917549398875473
159622,0.002994917638981187,0.0029469988508512707,0.0020485155727273524,0.004870185245364533,0.002904184006134125,0.002822323176371891,0.0020701621154933236,0.00521236344452497
159624,0.0018422719753472677,0.0022489633195466596,0.0030784507587791055,0.002271006248407481,0.002472688604351403,0.004038143598322996,0.0033219703579071003,0.005079193625194878
159626,0.0018850555589634693,0.0034105397104946533,0.0027041438500938902,0.0026722806272522354,0.0018429333636317408,0.0021262503241055303,0.0025078005748193632,0.005661281997779932
159628,0.0015762480721504546,0.0017728291820112846,0.0017859081130480181,0.0021218471897066493,0.0019957630935343307,0.0015961354135653055,0.0019104612623555561,0.006709003868758723
159630,0.0032950417615711936,0.0016533323482368495,0.0023845365050692013,0.0025079162401802635,0.0036028404114318846,0.0026564102299744263,0.002061934780522856,0.0028998167603992014
159632,0.001416536405954863,0.0021535594427929544,0.000969787975070871,0.0026088523993351154,0.0010847690094937384,0.0018344233937774845,0.0010022481483701468,0.001611743545792979
159634,0.003043855049010294,0.002293601966274983,0.0021078184773495323,0.0014264749228315582,0.0019210140265757958,0.0022247272408654345,0.002252687551731969,0.003534959468488044
159636,0.0014894174770919144,0.0019693157382123655,0.0028195487916358175,0.004169905813037111,0.003417299920882147,0.0030190471281423825,0.0048473477326021475,0.003905323388995685
159638,0.0013890272296675082,0.0019481077453600282,0.0021114469367106287,0.001330067671250712,0.0015181909423334222,0.0014782150702763591,0.0013555213383893566,0.003477807634421959
159640,0.001813683738994834,0.001447047340328092,0.0016692842739245983,0.0010537718245737793,0.0010397353934089026,0.0018416055900200151,0.0015296522194187118,0.0019373000254788858
159642,0.0015852800033764325,0.0018884089855345648,0.0013598199032075625,0.0017670654386203882,0.0019247378952249594,0.0036482083576994256,0.0018435251316912954,0.0028956267989619366
159644,0.0017150755887753721,0.0015075820845340676,0.001966406901431128,0.0023266978037255748,0.0021442548733763417,0.0023200711543137076,0.0018599805722649965,0.005424476512204457
159646,0.0011733757909771492,0.0018830721563736774,0.0009249016199479633,0.0008871091528512981,0.0013873855121400297,0.0012971682536022794,0.0012731857325931767,0.002413345863793173
159648,0.0012948459908891513,0.0029002902114969725,0.0008382099297338276,0.0018852528890901527,0.0017063355320968143,0.0016782238721569365,0.002182704618748643,0.003981720353070983
159650,0.0019427928994837501,0.002066809803898409,0.0030909915942190502,0.001609541018219099,0.0014716299069020972,0.003018625482978321,0.002902493470971837,0.006684229236111838
159652,0.0016283727398870435,0.0012956163609261773,0.001267392297607195,0.0010842113072948578,0.0026467850293556694,0.0020767638589126586,0.0020053112177729204,0.0033440618365576796
159654,0.0015827325147854815,0.0013325099540786867,0.0015482304160707727,0.0019505834494260577,0.004976447101790404,0.0024217598369214027,0.0020862381403422697,0.003982234700817211
159656,0.003244171453223435,0.0016141235839182283,0.003306141305118096,0.0034219021166761454,0.002707202782510132,0.003377948818661436,0.003328686531018976,0.0027267290008260586
159658,0.0009736869495923263,0.001052095920389684,0.001381310127791649,0.0021565066293194324,0.0014766193646110898,0.0016814928582310623,0.0017333233339457271,0.0038237946231589603
159660,0.0012763113813052535,0.001048506120881601,0.0009952507386424975,0.0014489100130191807,0.0011400973199365977,0.0014736270220139236,0.0014190270398985044,0.0020654002931691645
159662,0.0023214052769427035,0.002524118872558892,0.0016662519276986476,0.0022820434665504763,0.0014668526284845745,0.0015844898285308773,0.0031537865132217485,0.004078698066152742
159664,0.0017617476163178797,0.0021427250388408314,0.0018555880872531128,0.0025728349603773015,0.002370441001327217,0.002923091927164459,0.0026900381499217474,0.0025576278330250585
159666,0.0014348071721941857,0.0022240880508173078,0.0022226824369842163,0.0014808605342864212,0.0014689284537622443,0.002672836044003271,0.001476203110827981,0.0024341755588186964
159668,0.0012043802689028077,0.0013161055896827728,0.0013630564071718254,0.0013059575994636696,0.0015840755400481493,0.0013779245107632537,0.001065530040401233,0.0014107195355577695
159670,0.002271124484254719,0.0031090803757423263,0.0015111612539728814,0.0020238892082181104,0.0022034488284641274,0.00222551660387961,0.002219555566250142,0.002143245500748195
159672,0.0018527581093441686,0.0018999966693356019,0.0018591288376030995,0.0025301126969703436,0.0027217521467631928,0.0022424667341880977,0.0016699491659766807,0.005220473936349779
159674,0.0009157483373854053,0.0012255030880217732,0.0011269195739173204,0.0014103636009866194,0.0015003395079617038,0.003476917502154342,0.0024318654237929227,0.0025399335795697198
159676,0.0014760293551177028,0.0017059914657127084,0.0018064026663672378,0.0014126687373040708,0.0017711474865823723,0.0015531673852243882,0.00171659679059534,0.00637154991837563
159678,0.0017080813262044942,0.0019242002305730616,0.0011555905438903752,0.001866445774276207,0.0020015094999656924,0.0032293516834983743,0.0025950820505080824,0.004071856613305835
159680,0.0016724366822849085,0.002650003122602898,0.0017077804971146193,0.0023333713327203243,0.001477933496785655,0.0014304933091879996,0.0015073607872429506,0.002079794288792694
159682,0.0023861834596586307,0.001420443058092205,0.0013522469470479553,0.0015324348770585083,0.0020756578034134693,0.004539742598114183,0.0026437972097620582,0.0033025539891051864
159684,0.0014528820391302016,0.0011067432789604315,0.001161708369409098,0.0011210712813971568,0.0013078529943240241,0.0016011150275507952,0.0012814966829408636,0.0022727762021226283
159686,0.00265546182052262,0.00227916782970633,0.0021186147921148923,0.002121234622079818,0.002955774967973182,0.0017056132789215056,0.0046018231748239935,0.004444879039155802
159688,0.0015637975650726332,0.0013097837384803968,0.001476333076479,0.0020246474657916735,0.00258607942398327,0.0015333931393136796,0.00253014305309808,0.0035865820976346274
159690,0.0016886195876497784,0.0020341238907329307,0.0014677353599390486,0.0035519538827899627,0.00204039770757497,0.0021451647542038987,0.002301792932027938,0.0025782378455786598
159692,0.0018076008013176992,0.0009840686601179233,0.0023475603077891677,0.0022876334017531974,0.0015519214728416802,0.0018266829563589604,0.002446298360698984,0.0039375003831452204
159694,0.002285978074169359,0.001541015326034234,0.001019734233950409,0.0016544676947491954,0.0014115157939043194,0.001954463983541724,0.0028392871465933306,0.0030088086692723476
159696,0.0021356655646354583,0.002375633310471026,0.002597831078615054,0.0027346812406590093,0.002895580692953828,0.0026627724014583465,0.0025372378833733583,0.00486301359632485
159698,0.003670025351791409,0.0018145703852141676,0.0017607517294351283,0.002396036280365943,0.003148061443785599,0.002634235824616804,0.0028389425576622745,0.005644748750656403
159700,0.0013731520344984482,0.001124911560152278,0.0013007125142641685,0.0010549100814090245,0.0020338728836244574,0.002030405397005622,0.0025547506581736906,0.0021671121685443856
159702,0.0019642120730835183,0.0013080219415822492,0.0014123607170364455,0.0016299635880602376,0.00114757769521813,0.0016724528311451992,0.0023849531024727894,0.0027534201535537456
159704,0.004135365876456243,0.00231294511060659,0.002090897512571091,0.0023334587892799435,0.002330467482500334,0.003212012356500607,0.004213878086814171,0.005522369900569368
159706,0.0026982877613888068,0.0021449497744264884,0.0009472833429114424,0.001997096035299961,0.0014130042375829627,0.0018094068301275357,0.0010286423499019648,0.004764594957538171
159708,0.004341129713379355,0.001769534912951079,0.0017324201739447181,0.0016800398203745126,0.0025555554862146668,0.002367014637172718,0.0017870191174405026,0.0038829654168549
159710,0.0005858093113920854,0.0009673131888396913,0.0007952636667260017,0.001171289558916877,0.001061774375115801,0.0011971788760833935,0.0011106955234794352,0.002427641957410742
159712,0.0035857914731005636,0.002138997428241543,0.003279942692073226,0.002186097346166385,0.0028673788095146535,0.0016487319327113253,0.0018092895693100908,0.0033177276995872834
159714,0.0016435183655883479,0.001117996013527467,0.0019217511302880436,0.0016180580522840021,0.0015364446526722336,0.0021306573345116764,0.0014543847423598294,0.0031741038436398222
159716,0.0020396422263607855,0.0024955775047965645,0.0019529820316055574,0.0025688596797013435,0.0022918570918213504,0.002520467936762083,0.002336656217117261,0.00436557542039534
159718,0.0030429068142581173,0.0024077234785241514,0.0016691031564086828,0.0016478970619821093,0.0016072590482905103,0.003387426660615367,0.0017010236097692172,0.004679547088410951
159720,0.0016992915624075705,0.0009380275709249819,0.0012387735442951353,0.0014281449502115962,0.0013906282415615673,0.0020205263628895326,0.0018179113745690062,0.0019739489923754072
159722,0.003016162108441925,0.002359317002185224,0.0029685755155393068,0.0017322654321674236,0.0018465868880671032,0.004596826908154272,0.002357843955320696,0.006224729453935263
159724,0.0019962683872170595,0.0018225141487641233,0.001523483437746942,0.0019373285559807218,0.0019640060302540535,0.0016177185096675206,0.002214948106877848,0.0036005756429455943
159726,0.0018626604221697735,0.0027047959517579323,0.00224229703100777,0.002007001137883435,0.0014397680724992507,0.0018424983947241819,0.0012987938403037497,0.0038594486465379774
159728,0.0018110682218681756,0.0009444236689737928,0.0013377265910572422,0.0009942875104811955,0.00095062405916033,0.0008526981289017944,0.001080621455478284,0.0022968830279440078
159730,0.0017549037321025335,0.0014461530029902386,0.001125963594057977,0.002818187622251736,0.002253862440738885,0.0016574350083609218,0.001509650046122038,0.0022347202176005304
159732,0.002410536777968597,0.0010676253099364263,0.0015474164117708217,0.001775823205375518,0.0021061786019999224,0.0021851373789678746,0.0011780987206561205,0.002644075725688977
159734,0.0017389168699980667,0.0012448582298536653,0.0018164472098989443,0.0023105861657744114,0.001573527860250279,0.0018992760885849919,0.0028358168055359206,0.0030172461312796273
159736,0.0012421557610498152,0.0013046846296660558,0.0010028270636428666,0.0016515735886347138,0.0009646008929890121,0.0013240246301449293,0.0017077300023002895,0.002434020437460882
159738,0.0014712532230211212,0.0015844064919929984,0.0010337245663887829,0.002113225517415121,0.0012634440367771532,0.002762482106625011,0.0023156013929187674,0.003090920347482984
159740,0.001066765637919076,0.001323894502756065,0.0012063710171628245,0.0013934600434737376,0.001447004260710219,0.0013770235976571371,0.003215567069606698,0.0020916048401046355
159742,0.002862298671601496,0.00206169728677269,0.002042242746264425,0.0024648279070085266,0.0015517239459486576,0.002066714624776589,0.002038250757297036,0.00339138300671539
159744,0.0020021802076775064,0.000996704570335405,0.0015108722157389232,0.0022069745376185473,0.0009761322763646163,0.0015051709649941541,0.0015653208903217003,0.0022811135430290813
159746,0.0028349380475494734,0.0018607209784013978,0.0015398684397527895,0.0014100289739099048,0.001772351125487251,0.0021208036471087738,0.003078057227469344,0.0036812959157837
159748,0.0025445365730459996,0.0016039759390684832,0.0015114045540729482,0.0022213868273182613,0.0017563229006345576,0.0020177924493802873,0.0028007257809062325,0.0027431117453664694
159750,0.0019041162451772231,0.0016845998885770541,0.002532759985761024,0.002456038443511291,0.0017291407563044953,0.0028810679709728865,0.0022253570330127564,0.0032381622255606146
159752,0.0015045171897572068,0.0010312393142201254,0.002397884211191581,0.002078205432167801,0.0010254623633070836,0.0020170411651415088,0.0023819536860976293,0.003964714846693751
159754,0.0021187746044228906,0.0018045750330522026,0.002258733252860648,0.003320768933552154,0.002076559124765398,0.0036753321221563717,0.0023874232352341096,0.002615930908929587
159756,0.0013193898090749223,0.0012740456353192015,0.001877608896450056,0.002652200124736659,0.0018747089411080275,0.002516677982608906,0.002866695825483545,0.0026760772537968297
159758,0.001779480654733101,0.0019386362654305739,0.002162797184867893,0.0016080979031320997,0.0017060951743780445,0.0023217125706995884,0.0019280887958718212,0.0032732192063669174
159760,0.0022085635493829248,0.0012218615661919174,0.0022407699913549184,0.002236318480086652,0.0012376055751168874,0.002024826491615672,0.0023379702414306203,0.0033625371929724285
159762,0.0019729113718798402,0.0012459783312103317,0.0013048808241281074,0.0017365834272562441,0.0020404249680864434,0.0011741183330943455,0.0013639340293792324,0.0034303896291754676
159764,0.0022366778771820695,0.0020511575093108553,0.0017330661947201897,0.001962502971143698,0.0014874708923265367,0.0017740616353957434,0.0014222500393006876,0.0023036942783689757
159766,0.001453654030466059,0.0012851714577044593,0.002699619276988807,0.0021502245442520107,0.0013898748400437283,0.0014776691342906073,0.0019719504510096325,0.002433345606811521
159768,0.0019061949465007388,0.002563929137344767,0.0013729253746136566,0.0016546161942821436,0.0019481922604848295,0.002488013825719962,0.001863747762503254,0.004240523722566503
159770,0.0024198422530083974,0.003754764610674602,0.0028144906671152686,0.0026012199155679566,0.0016339459136285317,0.0026499306335969752,0.004451151965989775,0.007618597883620959
159772,0.0015536266552462902,0.0018312509022525014,0.0025225986067439893,0.001417374134676186,0.0010269213749919542,0.00526860841396215,0.002583997095053414,0.002454793527023061
159774,0.0018984647464415638,0.0021156120593751743,0.001047356616690323,0.0010725746554629684,0.001412992474795885,0.002028225795083341,0.0015538392814932328,0.0023097259967881506
159776,0.0017988625704763589,0.0019135177895590605,0.0015994581681333386,0.002469987369236107,0.002409943848132992,0.002473688283570974,0.0019608813825158222,0.002778190986133647
159778,0.0012847251756792494,0.0017261693395165256,0.001321521342908652,0.0016148684170331912,0.001654828954205323,0.0020120731635887013,0.0017776346536675508,0.0046179451044006115
159780,0.0013503935630403974,0.0012778181141329115,0.001259718502394383,0.0012702755469016225,0.0011045373975948625,0.0023333770911265206,0.002350324159413067,0.0019127229617316305
159782,0.001990005005998663,0.002753816986800217,0.002540018441589409,0.0021625532586802,0.0017734704561451903,0.002985058068561211,0.0014992716175790122,0.003137108878390596
159784,0.0020804066209352406,0.00441950267284974,0.0027207023696371735,0.002396468105663241,0.0029899208412622613,0.0034491580588591614,0.004152266447637276,0.00542945694931124
159786,0.0015081595589133828,0.0014227583806793037,0.0013115469909020933,0.0030633559001893573,0.0013530827137232665,0.0019270891396362538,0.0020330561256720614,0.003830108174485203
159788,0.002179647399076723,0.001781663155798141,0.0015666078510490622,0.001470280298542015,0.0015768565973994925,0.00132619571806597,0.0013489781571816156,0.0020257110087220642
159790,0.001049330167185225,0.0016041892973600036,0.001840715239272095,0.002127723402968462,0.0014348272098425735,0.0015462627509004734,0.0020701526236659995,0.0029362911023639443
159792,0.0011576199125285513,0.002633791495006088,0.0023373625313159035,0.002126789397355111,0.001726612644603387,0.0022694002501231214,0.001496009998177783,0.0020873582440152916
159794,0.0017257378527829048,0.0023513847775217395,0.0021959551003603167,0.0022102074249601977,0.0016818555283420467,0.0016764906619993192,0.0016270432186049621,0.0028547340827361906
159796,0.0026279116760799526,0.0019705346444787303,0.0018226633276299253,0.0015134649899212343,0.0014415482622800457,0.0029665826740577494,0.0013316925294761806,0.0030085610119973266
159798,0.0027048428379134043,0.0028466396485926776,0.0014293945204030406,0.0034805165163085405,0.0019338303821003766,0.004222299733208423,0.002680321689547252,0.003528220997882414
159800,0.002142753319441193,0.0023078429220925317,0.0018449195207709407,0.002322396874949742,0.0016969145837547744,0.0018213139423345487,0.003066764687620349,0.0032598580143412687
159802,0.0013329913892745626,0.001160910105327595,0.0011075750190992079,0.0014423664719567242,0.0011001013462359627,0.0011847452743003611,0.0014450649254824643,0.0019820113269331113
159804,0.002330876092515935,0.00154171062527865,0.0016794333774241554,0.0014481424013865762,0.0015908012900587298,0.0028733128608706693,0.0021909031343547852,0.0029190977179480715
159806,0.0018907619154032163,0.0013908685840263169,0.0023504664764180255,0.002351057824429015,0.0022922387598146715,0.0030239977236448112,0.00218755581283038,0.003028198750594735
159808,0.0030762688785264253,0.0012388328094892764,0.0013772992601632783,0.0012777089200222136,0.0015300176542504401,0.00198342627241882,0.001981471358959999,0.002488966045469679
159810,0.00235634894498965,0.0014723651223376294,0.00134176024231282,0.0018598334083921864,0.0011934201284022894,0.0011362884466815104,0.0021838036672085087,0.0028814403031596214
159812,0.00203763490798764,0.0037132106484347865,0.002120114727124381,0.0021262094411591548,0.0017616184634496879,0.002403649614230577,0.0013869368043644692,0.002852427263509552
159814,0.003044112376161659,0.001928138523760517,0.0021661158080222287,0.0031416980033240893,0.0019252377128801262,0.0028709179050273037,0.002767189545305207,0.004500253994211223
159816,0.0013932962336632576,0.0025947514755225165,0.0013059530222288146,0.001493382990020109,0.000913787959185567,0.0015685541852106244,0.0014464468342883507,0.002978485920401855
159818,0.0018588477533621472,0.0022349054839060495,0.0012125152688358676,0.0014126032101803437,0.0014233098187824839,0.0022051828158609205,0.0015007689641802907,0.0035178944452318867
159820,0.002468796302272702,0.0040402517061546295,0.00359384501431316,0.003664500509314772,0.0017952108166030684,0.0016557968510656634,0.0026672205987145065,0.006150851880806718
159822,0.0012871808195369372,0.0012167137513469234,0.0012696526533373942,0.0014608834092440098,0.0011554314927431225,0.001802227346159535,0.0016631554909319335,0.0031188803723659064
159824,0.002069245915506404,0.001734706443507275,0.0010573572943342047,0.001779825452477582,0.0016031032574508886,0.0019486914961636265,0.0020941141595238882,0.004565831886545135
159826,0.0018078431370023434,0.001447331058302359,0.001975897211772326,0.0018642711239448412,0.0029179175753180076,0.0026603788741978024,0.0030056017652393408,0.0024542756431760737
159828,0.0018201252564376547,0.0018423186652100215,0.0010004341650561438,0.0016063786056896845,0.0012536218322028447,0.0024726145071896632,0.0018789734829277038,0.0020719350957305732
159830,0.0026047098256185564,0.002674619776427259,0.002238914892128255,0.0026696545422022627,0.0018863568342773057,0.0016406942135402947,0.002684399635598536,0.0029698608675504112
159832,0.002034272418965921,0.002021019039020411,0.0024133908839534812,0.004695405229628025,0.0027019482832014857,0.0030228055733055315,0.0016817806690505727,0.0032420296002144827
159834,0.0011570726768317524,0.0011293226905628728,0.001427345984946149,0.0011352044876939,0.002429089274765206,0.0016946637918381496,0.001425365020682412,0.002636763709818593
159836,0.001762064420518572,0.0015285905496282975,0.0017272783282518689,0.0015559551762080043,0.0017356592421084033,0.0021308619668725243,0.0017551437579186313,0.002931931240337582
159838,0.0013216527079293883,0.0010576851120759484,0.0022298229578843337,0.0018062221729337052,0.001529531583052815,0.002332129482526271,0.001826553036917089,0.004027296405968495
159840,0.002643334070641379,0.0038208037509958187,0.0019958186793657268,0.0027221459139804005,0.0023863756292641924,0.002446267406273961,0.0028128189380750707,0.004550359118962399
159842,0.002091415049251033,0.0018101909906436675,0.0013447902169922005,0.0011412704469211526,0.0011241590166284482,0.001844992166311954,0.0017168162770622164,0.0031565566038432302
159844,0.0019086888017732506,0.0032446208738661775,0.0014212707056080465,0.0009581498611535566,0.0028453494526795714,0.002543463684048286,0.0018639758193970263,0.003574204471590292
159846,0.002215139214392592,0.003257139049593294,0.0017259641134904774,0.0019307442456441143,0.0019118973499328146,0.0020747383517610296,0.0024974354976110696,0.002996169121563877
159848,0.0018003502968932938,0.0019003214462076645,0.0017923534669685992,0.0016492759223753067,0.0018419988834811468,0.002055496848933025,0.0018909067340146107,0.003987792149580172
159850,0.0017691566413449156,0.0009372775440226778,0.0017597120551560708,0.003150964941801837,0.002637127941458331,0.0020223597167957075,0.0013381885261821852,0.003119621476425097
159852,0.0016101215547088682,0.0017987772510898031,0.0015982888388558353,0.002482793980907394,0.0034755276123266676,0.002527908054972272,0.0014967786614955708,0.0048432941788779105
159854,0.0015078057125441635,0.0019450417774552614,0.0014061685290812087,0.0019610879212673127,0.001097339054307922,0.0019520901675618152,0.0015480542306245543,0.0027856692694801094
159856,0.002777792793191028,0.0013917056379964543,0.001842551803582504,0.0018352100833341073,0.0030914580320882123,0.0025450744179364992,0.0027657697615990906,0.002713994956531407
159858,0.0020809160602388577,0.0023106656732403558,0.0013936041150680034,0.0013108468887077507,0.0016048315466799523,0.0015947747880140778,0.0019139952870398519,0.003562570404685994
159860,0.001430620683289821,0.0015589328498679667,0.0021803407052524287,0.0021212600152831357,0.0020973370321577534,0.0026375966588867428,0.001652656234154129,0.00229684553521238
159862,0.0009614355080794813,0.001534202571804602,0.0013565161727059488,0.0021419491195744933,0.0011662095689202179,0.0011478641816973223,0.0012131426712580495,0.0028718573210301385
159864,0.0028717598988845655,0.0014977248465931764,0.0019036477834528803,0.002600553825798324,0.002755467963564462,0.004039335852286163,0.0022190624204632275,0.002704628172398374
159866,0.001293766303381641,0.0019020809199867816,0.0017480753475942468,0.0023027038213819934,0.0022364555408666137,0.001904531764659545,0.0022489530729696977,0.0027298396048147655
159868,0.0016529164247744976,0.0012357290652829228,0.0011232893581403364,0.0018266979228659525,0.0021888666177583005,0.0020396314588201486,0.0025604349956782763,0.003527832887146101
159870,0.0016050094414326588,0.0019916129872954574,0.0011906077739296667,0.0015700898625110732,0.0019639614551023588,0.001981562232942005,0.002269351269713893,0.003693125716761836
159872,0.0021387558815991192,0.0019281051536591681,0.002822499317297833,0.0023342002564059744,0.0017848383736334683,0.0032755947748077663,0.002890922672117713,0.003439465720344162
159874,0.0025400064256420607,0.0014087873397801293,0.0010816292974097502,0.001610163409994217,0.0019492717159928091,0.0012986037422840907,0.000962474802717106,0.002607778209501657
159876,0.001835513953410542,0.0013464459117352862,0.0012765206039950933,0.0017340405709015544,0.0015662610714400338,0.0010349741865933876,0.0023050637480894753,0.002118699155801096
159878,0.0017402515464726154,0.0012906487840556174,0.0018138779321613813,0.0019328878715026004,0.0023365398890146244,0.0013876733115980588,0.001579007048655226,0.0036961164806337266
159880,0.0034235711392913842,0.0017501534163884142,0.002894759265700486,0.0037591989494824146,0.0031566683704365023,0.0027356086196315132,0.0022320892792049435,0.005230771796367828
159882,0.0016919841821090437,0.002328412027051266,0.0017365498952450764,0.0011905023719619573,0.0018030871435952833,0.0015680449183502199,0.00311096259411682,0.0015531988037081335
159884,0.003100650216459347,0.003419269732951938,0.002874764774705732,0.004952942008729089,0.0024801176557873866,0.0025627295843478337,0.0032361779064682544,0.0047080474600493805
159886,0.0015623091423059426,0.0015428906819173194,0.001525513966039116,0.0022138938325416135,0.0018094369382477687,0.0016939345072911755,0.002601802481549953,0.001939952948239787
159888,0.0017190369350997964,0.0013489921132752714,0.001436351609998679,0.0012558506057541857,0.001671986373772541,0.002966361919761129,0.001499315179836605,0.0021438015577083386
159890,0.002228077197818701,0.0016260008426460942,0.001164076845277473,0.0019184311978298063,0.004508966970863393,0.0016026066062813232,0.0020284784668805345,0.0051346864241357815
159892,0.0013554239597169393,0.0015212365980955683,0.00169665893201576,0.001867691668658869,0.0011359029630387957,0.001297856373122866,0.0016215493440532303,0.0026420077023060623
159894,0.001769377895553037,0.001625497652986363,0.0012620474416566996,0.0014967048704742775,0.002107455563610597,0.0022214711059689862,0.002419640677719992,0.003847080218447388
159896,0.002485272287305884,0.0019843149768803414,0.002562570796641031,0.002347648029850158,0.002965235145759429,0.003318168881844344,0.0038536238598058242,0.0037420542775186277
159898,0.001474479460328304,0.0017705549120878988,0.0014101064717987472,0.0015183837104391223,0.0021000901506207925,0.0014940136070178966,0.0014255762767510088,0.002725832302568121
159900,0.0019391546169761492,0.002572871240508201,0.002869628604207586,0.0024333151019718807,0.0024389492412746905,0.002250851561347869,0.003549160965565845,0.004476674736173303
159902,0.001503840442134155,0.002031642725853544,0.0019223289590621917,0.003494397809942776,0.002016698866870739,0.0019728498182792903,0.00199100987665303,0.004548785146440082
159904,0.0021798522834044626,0.003141835816594052,0.001304479300643424,0.003101529397359082,0.003034482364455471,0.00135722644310389,0.0019578749356485847,0.0038518609585265345
159906,0.0018123541759260675,0.0009495638630198228,0.0013406581645905025,0.0009262373879884191,0.0014789436193183292,0.001617937575009179,0.0013062605225409168,0.002033871539585244
159908,0.002260292258002297,0.002559460530747515,0.0019460884779670118,0.0032052462701773893,0.002685638141688443,0.0039963352902586124,0.001997744357339473,0.0030548776393125032
159910,0.0016273503760544927,0.0018882956673325207,0.001809893027671594,0.0030827088703495736,0.0018672966075277686,0.0022830832265141737,0.001779017729076085,0.0022434999099490427
159912,0.0012042605556775166,0.0021358353156148008,0.0015016800303657846,0.002007774920932681,0.0012577259435031657,0.002310056867154256,0.0012743384513704825,0.005101686843861586
159914,0.0010247968086931625,0.001756003803086284,0.0014536020466864863,0.001593787418273429,0.0016146732110350476,0.0017745587540579782,0.0015227471963923933,0.0026098107191643294
159916,0.0026566855692072983,0.0013096799277998589,0.0014159534794666584,0.0020279590471173337,0.0021761394238765247,0.002055988702559297,0.0026573495909856804,0.002575864854223467
159918,0.001574151231719681,0.0018784290096773848,0.0017633422467046161,0.002568487355312024,0.0014775313772919518,0.0025015545071924855,0.002027802697345038,0.0030211508813953736
159920,0.0010856891756621523,0.0007195647146477115,0.000964340122459939,0.0006993709031109276,0.0014028951628056868,0.0011278531895930893,0.0010224316655720878,0.002460298724070109
159922,0.0014806873647723595,0.0017502996038377128,0.0011722661170783383,0.0017880873046939444,0.001235784066952808,0.0015635327018343054,0.0015177955737605414,0.0014464448507561928
159924,0.0010347249211562076,0.003715144526493186,0.0011535029829263937,0.0014019769157904705,0.0016937891598301086,0.001748509929248035,0.001669912630009096,0.0029335722152249583
159926,0.0012932944166301752,0.001368005317650814,0.0028509448006620725,0.0021044658790264764,0.004440650888828446,0.0020241258551509933,0.00307670403554422,0.0024975345404772004
159928,0.0014973286925013124,0.0023969028880035936,0.002969026128445462,0.0017291952845322062,0.0020112103406690895,0.0025412971758984743,0.0016619020498700454,0.0028605510360040776
159930,0.0014822769477102066,0.0018681585836849562,0.0020892972679242977,0.0016404594298094488,0.0018745034540030986,0.004872049969997738,0.002618505661083917,0.003728721247332048
159932,0.0030603298396416623,0.001857255451088946,0.0015453640317409367,0.0014616449898719047,0.001766228677553286,0.0017219144042318058,0.002094691427118045,0.003686430327882795
159934,0.002592414140978827,0.0025459773433503252,0.001413984922046474,0.0018873539627577984,0.0015176939822225816,0.0023189774383785555,0.0018236393433854747,0.003802489345112514
159936,0.0011317266122381486,0.002785679886901926,0.0017843769546443955,0.0023802024142277056,0.003870052249341241,0.0019413787373958602,0.0033220163066117886,0.004815030886819172
159938,0.0020079348368856748,0.00175562011262681,0.0015218210412513145,0.0022117236663588558,0.0016326005716429393,0.0014524620461040527,0.00162780996417701,0.002883010681822784
159940,0.002629475954377472,0.0021803556649047096,0.0008378927609347664,0.0018872772512129737,0.001448333221927292,0.0016036960583799692,0.001703915186421559,0.0022922462508128683
159942,0.0014520000955090678,0.0013144143667895847,0.0018236247075825163,0.002347749471807728,0.0016195652961953494,0.0015954044367295778,0.0015012293702376667,0.004035392332142118
159944,0.0012686246556420505,0.0014747538376991415,0.0015478376036937025,0.0011777466073434883,0.0013971654371314757,0.001961851483205601,0.0019391414932973389,0.002509431329516476
159946,0.0027765371408439293,0.0028812823289928874,0.0035183363667590367,0.0021078054789570033,0.0030992812824848365,0.0020482154603884833,0.002712579186171793,0.004239824126735847
159948,0.0022744437994118294,0.0012159446078269381,0.002048209053735539,0.0024547049328976916,0.003482792018197678,0.001768088798608014,0.002291727973955951,0.0028776465213020824
159950,0.00164431405892973,0.0020377933180083657,0.0013792933118311895,0.0018176483531613524,0.0015929225682767,0.0019444559452779786,0.002881897452802887,0.002908007288488293
159952,0.001870698334641499,0.0020733329246960253,0.0016567595721570516,0.0021715633853114924,0.0023888377587205772,0.002128114522875535,0.002784132709393941,0.002658937204256376
159954,0.0018577801481845513,0.0016872338615492866,0.001252787310623893,0.0016602137201007228,0.001739775416865541,0.0022994736236392616,0.00183095439903469,0.002498048403411071
159956,0.0013944678663591198,0.0009868989832156339,0.0010644473225573936,0.0017654487767627125,0.0015736933712196532,0.0012238031063885324,0.0015137974684270028,0.002863644535278445
159958,0.0031269523660563264,0.002842485913456594,0.0019031657279216518,0.003588436302230949,0.0026279372661432016,0.002925532721877469,0.002015320598978701,0.004214170216415347
159960,0.0023663748935712214,0.003414010180882221,0.002284189811093143,0.003512987889009944,0.004950032290575168,0.0024035528160490927,0.0030661057991144963,0.0040408361263191694
159962,0.001726109287199462,0.0017408222419215136,0.0027886858238424517,0.003756704711478598,0.0021525226481744486,0.0022641602167619013,0.0025077625177676865,0.0038840583884989233
159964,0.0009766896296686256,0.0012690917550634145,0.0010810853865817066,0.0010779806128269898,0.0011887492707347708,0.001582997220608784,0.001387588384063554,0.0021190136482446414
159966,0.002053434137112342,0.0020417114673872,0.002043572256260187,0.0030267782722903785,0.002816827572368119,0.002244818895569947,0.0025302116361312077,0.004137331472821304
159968,0.0022673169202526294,0.0014392762045345592,0.001663569357806205,0.0022329947217515494,0.0016897651464189978,0.001723797139273009,0.002514186304147792,0.0024234467359696282
159970,0.0018899928822060375,0.0021451392183214346,0.0028130738150231593,0.002381205035817624,0.002207322817984414,0.005057560754628876,0.0031248299954281245,0.00430600951875354
159972,0.001596731688409625,0.00129187016783118,0.0016704205157918595,0.0036013710254195197,0.002556722467144168,0.0020983041382774403,0.002075265085410616,0.0032441977640557257
159974,0.0026989329635418585,0.0018253979760674555,0.002357204005372149,0.0021507545543499873,0.002268705700533294,0.0037203642856822317,0.003966198384376618,0.003961581656704072
159976,0.0016016269526100135,0.000936890955339529,0.0009631290546616711,0.00105702298711563,0.0008295184011483971,0.0014761083597412128,0.0011659637967747494,0.003155986499427721
159978,0.0013640030956518917,0.001374690834426373,0.001249834694350152,0.0016221842558117316,0.001502288427748022,0.0025184660399496656,0.0015419516911541337,0.002981613235976399
159980,0.0013911809213298931,0.0017919393323036076,0.0013960168903061204,0.0018437071594554766,0.0020802638939566714,0.0011405343411416968,0.001295429177210261,0.0025985427752284185
159982,0.001563455810257075,0.0015964801260315437,0.0018744050693451086,0.001842365675464086,0.0017327144814851536,0.0022065181394266414,0.0018398637730785428,0.0021274405679989755
159984,0.0012127199741218814,0.0008948934806272263,0.0011792395506182857,0.0026995139824015357,0.0011308051743097597,0.002402066386944013,0.001980194700358942,0.0023929296717929566
159986,0.0007521427050030983,0.0007072238917267409,0.0010944739965328965,0.002015080119443846,0.0012509675726052466,0.001382715239911514,0.0015198176619653087,0.0028964651904806044
159988,0.0017526260210022487,0.0038579838232001423,0.0014678546760538702,0.0012668600087013676,0.0022376075106467774,0.0016224927549599588,0.002711741463175557,0.004680464545621155
159990,0.004810381087423876,0.002185865694725786,0.0039368935652489,0.0020309889260387154,0.003900365793266594,0.0024042775712738162,0.003241997359020435,0.00861583246732156
159992,0.002138317617812524,0.0015238292301770345,0.0011307029546670094,0.0027839444037863204,0.0013092924941402462,0.001917483312695048,0.0019324764755863783,0.0031586587330992982
159994,0.001724098756961126,0.0011526959074055348,0.001183033832988914,0.0010895643310113862,0.0016104163470804927,0.001944838714022526,0.0010600472393262894,0.0022035250717933885
159996,0.0016507534369897409,0.0015428482470634247,0.0016519735961889742,0.001590449168674804,0.0012795730503524366,0.002493470928833022,0.0015116339692478054,0.0026336725800994026
159998,0.0016316551291088027,0.0021140804887248704,0.0017591698333964262,0.0027084616594511696,0.0019258696877178516,0.002591598598460587,0.002161830223104247,0.0036100611193457532
